variant,case,sample,iterations,elapsed_ns,ns_per_iteration
unconditional_hints,binary_expressions/elt_all_scalar/elt_all_scalar/width=0/values=3/fixed_literal=false/nulls=false/index=Some(1),1,972.0,996704.0,1025.4156378600824
unconditional_hints,binary_expressions/elt_all_scalar/elt_all_scalar/width=0/values=3/fixed_literal=false/nulls=false/index=Some(1),2,1944.0,1969756.0,1013.2489711934156
unconditional_hints,binary_expressions/elt_all_scalar/elt_all_scalar/width=0/values=3/fixed_literal=false/nulls=false/index=Some(1),3,2916.0,3154935.0,1081.9393004115227
unconditional_hints,binary_expressions/elt_all_scalar/elt_all_scalar/width=0/values=3/fixed_literal=false/nulls=false/index=Some(1),4,3888.0,3938069.0,1012.877829218107
unconditional_hints,binary_expressions/elt_all_scalar/elt_all_scalar/width=0/values=3/fixed_literal=false/nulls=false/index=Some(1),5,4860.0,4941244.0,1016.7168724279835
unconditional_hints,binary_expressions/elt_all_scalar/elt_all_scalar/width=0/values=3/fixed_literal=false/nulls=false/index=Some(1),6,5832.0,5910314.0,1013.4283264746227
unconditional_hints,binary_expressions/elt_all_scalar/elt_all_scalar/width=0/values=3/fixed_literal=false/nulls=false/index=Some(1),7,6804.0,6797085.0,998.9836860670194
unconditional_hints,binary_expressions/elt_all_scalar/elt_all_scalar/width=0/values=3/fixed_literal=false/nulls=false/index=Some(1),8,7776.0,7874481.0,1012.664737654321
unconditional_hints,binary_expressions/elt_all_scalar/elt_all_scalar/width=0/values=3/fixed_literal=false/nulls=false/index=Some(1),9,8748.0,8690330.0,993.4076360310928
unconditional_hints,binary_expressions/elt_all_scalar/elt_all_scalar/width=0/values=3/fixed_literal=false/nulls=false/index=Some(1),10,9720.0,10811069.0,1112.2498971193415
unconditional_hints,binary_expressions/elt_all_scalar/elt_all_scalar/width=0/values=3/fixed_literal=false/nulls=false/index=Some(1),11,10692.0,10914780.0,1020.8361391694725
unconditional_hints,binary_expressions/elt_all_scalar/elt_all_scalar/width=0/values=3/fixed_literal=false/nulls=false/index=Some(1),12,11664.0,11942111.0,1023.8435356652949
unconditional_hints,binary_expressions/elt_all_scalar/elt_all_scalar/width=0/values=3/fixed_literal=false/nulls=false/index=Some(1),13,12636.0,12529074.0,991.5379867046533
unconditional_hints,binary_expressions/elt_all_scalar/elt_all_scalar/width=0/values=3/fixed_literal=false/nulls=false/index=Some(1),14,13608.0,13621127.0,1000.9646531452087
unconditional_hints,binary_expressions/elt_all_scalar/elt_all_scalar/width=0/values=3/fixed_literal=false/nulls=false/index=Some(1),15,14580.0,14466098.0,992.1877914951989
unconditional_hints,binary_expressions/elt_all_scalar/elt_all_scalar/width=0/values=3/fixed_literal=false/nulls=false/index=Some(1),16,15552.0,15466955.0,994.5315715020577
unconditional_hints,binary_expressions/elt_all_scalar/elt_all_scalar/width=0/values=3/fixed_literal=false/nulls=false/index=Some(1),17,16524.0,16403386.0,992.700677801985
unconditional_hints,binary_expressions/elt_all_scalar/elt_all_scalar/width=0/values=3/fixed_literal=false/nulls=false/index=Some(1),18,17496.0,19484196.0,1113.6371742112483
unconditional_hints,binary_expressions/elt_all_scalar/elt_all_scalar/width=0/values=3/fixed_literal=false/nulls=false/index=Some(1),19,18468.0,18700439.0,1012.5860407190817
unconditional_hints,binary_expressions/elt_all_scalar/elt_all_scalar/width=0/values=3/fixed_literal=false/nulls=false/index=Some(1),20,19440.0,19474275.0,1001.7631172839506
unconditional_hints,binary_expressions/elt_all_scalar/elt_all_scalar/width=0/values=3/fixed_literal=false/nulls=false/index=Some(1),21,20412.0,20847699.0,1021.3452380952381
unconditional_hints,binary_expressions/elt_all_scalar/elt_all_scalar/width=0/values=3/fixed_literal=false/nulls=false/index=Some(1),22,21384.0,21542888.0,1007.430228208006
unconditional_hints,binary_expressions/elt_all_scalar/elt_all_scalar/width=0/values=3/fixed_literal=false/nulls=false/index=Some(1),23,22356.0,23596413.0,1055.4845679012346
unconditional_hints,binary_expressions/elt_all_scalar/elt_all_scalar/width=0/values=3/fixed_literal=false/nulls=false/index=Some(1),24,23328.0,23339743.0,1000.5033864883402
unconditional_hints,binary_expressions/elt_all_scalar/elt_all_scalar/width=0/values=3/fixed_literal=false/nulls=false/index=Some(1),25,24300.0,25088504.0,1032.4487242798355
unconditional_hints,binary_expressions/elt_all_scalar/elt_all_scalar/width=0/values=3/fixed_literal=false/nulls=false/index=Some(1),26,25272.0,25627681.0,1014.0741136435581
unconditional_hints,binary_expressions/elt_all_scalar/elt_all_scalar/width=0/values=3/fixed_literal=false/nulls=false/index=Some(1),27,26244.0,28562906.0,1088.3594726413658
unconditional_hints,binary_expressions/elt_all_scalar/elt_all_scalar/width=0/values=3/fixed_literal=false/nulls=false/index=Some(1),28,27216.0,27404905.0,1006.9409538506761
unconditional_hints,binary_expressions/elt_all_scalar/elt_all_scalar/width=0/values=3/fixed_literal=false/nulls=false/index=Some(1),29,28188.0,28636427.0,1015.9084362139918
unconditional_hints,binary_expressions/elt_all_scalar/elt_all_scalar/width=0/values=3/fixed_literal=false/nulls=false/index=Some(1),30,29160.0,29668014.0,1017.4216049382716
unconditional_hints,binary_expressions/elt_all_scalar/elt_all_scalar/width=0/values=3/fixed_literal=false/nulls=false/index=Some(1),31,30132.0,30988365.0,1028.4204500199123
unconditional_hints,binary_expressions/elt_all_scalar/elt_all_scalar/width=0/values=3/fixed_literal=false/nulls=false/index=Some(1),32,31104.0,31079372.0,999.2082047325102
unconditional_hints,binary_expressions/elt_all_scalar/elt_all_scalar/width=0/values=3/fixed_literal=false/nulls=false/index=Some(1),33,32076.0,32447738.0,1011.5892879411398
unconditional_hints,binary_expressions/elt_all_scalar/elt_all_scalar/width=0/values=3/fixed_literal=false/nulls=false/index=Some(1),34,33048.0,33897030.0,1025.690813362382
unconditional_hints,binary_expressions/elt_all_scalar/elt_all_scalar/width=0/values=3/fixed_literal=false/nulls=false/index=Some(1),35,34020.0,34410013.0,1011.464226925338
unconditional_hints,binary_expressions/elt_all_scalar/elt_all_scalar/width=0/values=3/fixed_literal=false/nulls=false/index=Some(1),36,34992.0,34875603.0,996.6736111111111
unconditional_hints,binary_expressions/elt_all_scalar/elt_all_scalar/width=0/values=3/fixed_literal=false/nulls=false/index=Some(1),37,35964.0,36311129.0,1009.6521243465688
unconditional_hints,binary_expressions/elt_all_scalar/elt_all_scalar/width=0/values=3/fixed_literal=false/nulls=false/index=Some(1),38,36936.0,37494501.0,1015.1207764782326
unconditional_hints,binary_expressions/elt_all_scalar/elt_all_scalar/width=0/values=3/fixed_literal=false/nulls=false/index=Some(1),39,37908.0,38843519.0,1024.6786694101509
unconditional_hints,binary_expressions/elt_all_scalar/elt_all_scalar/width=0/values=3/fixed_literal=false/nulls=false/index=Some(1),40,38880.0,39392213.0,1013.1742026748972
unconditional_hints,binary_expressions/elt_all_scalar/elt_all_scalar/width=0/values=3/fixed_literal=false/nulls=false/index=Some(1),41,39852.0,40173114.0,1008.0576633544114
unconditional_hints,binary_expressions/elt_all_scalar/elt_all_scalar/width=0/values=3/fixed_literal=false/nulls=false/index=Some(1),42,40824.0,41398067.0,1014.0619978444053
unconditional_hints,binary_expressions/elt_all_scalar/elt_all_scalar/width=0/values=3/fixed_literal=false/nulls=false/index=Some(1),43,41796.0,43161855.0,1032.6790841228826
unconditional_hints,binary_expressions/elt_all_scalar/elt_all_scalar/width=0/values=3/fixed_literal=false/nulls=false/index=Some(1),44,42768.0,43061424.0,1006.8608305274972
unconditional_hints,binary_expressions/elt_all_scalar/elt_all_scalar/width=0/values=3/fixed_literal=false/nulls=false/index=Some(1),45,43740.0,44086568.0,1007.9233653406493
unconditional_hints,binary_expressions/elt_all_scalar/elt_all_scalar/width=0/values=3/fixed_literal=false/nulls=false/index=Some(1),46,44712.0,46518670.0,1040.4068259080336
unconditional_hints,binary_expressions/elt_all_scalar/elt_all_scalar/width=0/values=3/fixed_literal=false/nulls=false/index=Some(1),47,45684.0,46462615.0,1017.0434944400665
unconditional_hints,binary_expressions/elt_all_scalar/elt_all_scalar/width=0/values=3/fixed_literal=false/nulls=false/index=Some(1),48,46656.0,48511687.0,1039.7738125857338
unconditional_hints,binary_expressions/elt_all_scalar/elt_all_scalar/width=0/values=3/fixed_literal=false/nulls=false/index=Some(1),49,47628.0,47569671.0,998.7753212396069
unconditional_hints,binary_expressions/elt_all_scalar/elt_all_scalar/width=0/values=3/fixed_literal=false/nulls=false/index=Some(1),50,48600.0,49500872.0,1018.5364609053498
unconditional_hints,binary_expressions/elt_all_scalar/elt_all_scalar/width=0/values=3/fixed_literal=false/nulls=false/index=Some(1),51,49572.0,49717678.0,1002.938715403857
unconditional_hints,binary_expressions/elt_all_scalar/elt_all_scalar/width=0/values=3/fixed_literal=false/nulls=false/index=Some(1),52,50544.0,50971120.0,1008.4504590060145
unconditional_hints,binary_expressions/elt_all_scalar/elt_all_scalar/width=0/values=3/fixed_literal=false/nulls=false/index=Some(1),53,51516.0,51574537.0,1001.1362877552605
unconditional_hints,binary_expressions/elt_all_scalar/elt_all_scalar/width=0/values=3/fixed_literal=false/nulls=false/index=Some(1),54,52488.0,53791538.0,1024.8349718030788
unconditional_hints,binary_expressions/elt_all_scalar/elt_all_scalar/width=0/values=3/fixed_literal=false/nulls=false/index=Some(1),55,53460.0,55987931.0,1047.286401047512
unconditional_hints,binary_expressions/elt_all_scalar/elt_all_scalar/width=0/values=3/fixed_literal=false/nulls=false/index=Some(1),56,54432.0,54969091.0,1009.8671920928865
unconditional_hints,binary_expressions/elt_all_scalar/elt_all_scalar/width=0/values=3/fixed_literal=false/nulls=false/index=Some(1),57,55404.0,55751433.0,1006.270901017977
unconditional_hints,binary_expressions/elt_all_scalar/elt_all_scalar/width=0/values=3/fixed_literal=false/nulls=false/index=Some(1),58,56376.0,57174825.0,1014.1695934440187
unconditional_hints,binary_expressions/elt_all_scalar/elt_all_scalar/width=0/values=3/fixed_literal=false/nulls=false/index=Some(1),59,57348.0,57262347.0,998.5064344005021
unconditional_hints,binary_expressions/elt_all_scalar/elt_all_scalar/width=0/values=3/fixed_literal=false/nulls=false/index=Some(1),60,58320.0,59569673.0,1021.4278635116598
unconditional_hints,binary_expressions/elt_all_scalar/elt_all_scalar/width=0/values=3/fixed_literal=false/nulls=false/index=Some(1),61,59292.0,59395175.0,1001.7401167105174
unconditional_hints,binary_expressions/elt_all_scalar/elt_all_scalar/width=0/values=3/fixed_literal=false/nulls=false/index=Some(1),62,60264.0,61618577.0,1022.4773828487986
unconditional_hints,binary_expressions/elt_all_scalar/elt_all_scalar/width=0/values=3/fixed_literal=false/nulls=false/index=Some(1),63,61236.0,61777073.0,1008.8358645241361
unconditional_hints,binary_expressions/elt_all_scalar/elt_all_scalar/width=0/values=3/fixed_literal=false/nulls=false/index=Some(1),64,62208.0,63562134.0,1021.7678433641976
unconditional_hints,binary_expressions/elt_all_scalar/elt_all_scalar/width=0/values=3/fixed_literal=false/nulls=false/index=Some(1),65,63180.0,63827682.0,1010.2513770180437
unconditional_hints,binary_expressions/elt_all_scalar/elt_all_scalar/width=0/values=3/fixed_literal=false/nulls=false/index=Some(1),66,64152.0,64729225.0,1008.9977709190672
unconditional_hints,binary_expressions/elt_all_scalar/elt_all_scalar/width=0/values=3/fixed_literal=false/nulls=false/index=Some(1),67,65124.0,67336123.0,1033.9678613107303
unconditional_hints,binary_expressions/elt_all_scalar/elt_all_scalar/width=0/values=3/fixed_literal=false/nulls=false/index=Some(1),68,66096.0,67219616.0,1016.9997579278624
unconditional_hints,binary_expressions/elt_all_scalar/elt_all_scalar/width=0/values=3/fixed_literal=false/nulls=false/index=Some(1),69,67068.0,68441954.0,1020.4859843740682
unconditional_hints,binary_expressions/elt_all_scalar/elt_all_scalar/width=0/values=3/fixed_literal=false/nulls=false/index=Some(1),70,68040.0,69848020.0,1026.5728982951205
unconditional_hints,binary_expressions/elt_all_scalar/elt_all_scalar/width=0/values=3/fixed_literal=false/nulls=false/index=Some(1),71,69012.0,69593899.0,1008.4318524314612
unconditional_hints,binary_expressions/elt_all_scalar/elt_all_scalar/width=0/values=3/fixed_literal=false/nulls=false/index=Some(1),72,69984.0,71171273.0,1016.9649205532693
unconditional_hints,binary_expressions/elt_all_scalar/elt_all_scalar/width=0/values=3/fixed_literal=false/nulls=false/index=Some(1),73,70956.0,71735444.0,1010.9848920457748
unconditional_hints,binary_expressions/elt_all_scalar/elt_all_scalar/width=0/values=3/fixed_literal=false/nulls=false/index=Some(1),74,71928.0,73441419.0,1021.0407490824158
unconditional_hints,binary_expressions/elt_all_scalar/elt_all_scalar/width=0/values=3/fixed_literal=false/nulls=false/index=Some(1),75,72900.0,74059082.0,1015.8996159122086
unconditional_hints,binary_expressions/elt_all_scalar/elt_all_scalar/width=0/values=3/fixed_literal=false/nulls=false/index=Some(1),76,73872.0,73956481.0,1001.1436132770197
unconditional_hints,binary_expressions/elt_all_scalar/elt_all_scalar/width=0/values=3/fixed_literal=false/nulls=false/index=Some(1),77,74844.0,77057768.0,1029.578429800652
unconditional_hints,binary_expressions/elt_all_scalar/elt_all_scalar/width=0/values=3/fixed_literal=false/nulls=false/index=Some(1),78,75816.0,76494042.0,1008.943257359924
unconditional_hints,binary_expressions/elt_all_scalar/elt_all_scalar/width=0/values=3/fixed_literal=false/nulls=false/index=Some(1),79,76788.0,79136428.0,1030.5832682189925
unconditional_hints,binary_expressions/elt_all_scalar/elt_all_scalar/width=0/values=3/fixed_literal=false/nulls=false/index=Some(1),80,77760.0,79326700.0,1020.147890946502
unconditional_hints,binary_expressions/elt_all_scalar/elt_all_scalar/width=0/values=3/fixed_literal=false/nulls=false/index=Some(1),81,78732.0,79793321.0,1013.4801732459483
unconditional_hints,binary_expressions/elt_all_scalar/elt_all_scalar/width=0/values=3/fixed_literal=false/nulls=false/index=Some(1),82,79704.0,80511959.0,1010.1369943792031
unconditional_hints,binary_expressions/elt_all_scalar/elt_all_scalar/width=0/values=3/fixed_literal=false/nulls=false/index=Some(1),83,80676.0,82324894.0,1020.4384699290991
unconditional_hints,binary_expressions/elt_all_scalar/elt_all_scalar/width=0/values=3/fixed_literal=false/nulls=false/index=Some(1),84,81648.0,82311491.0,1008.1262370174408
unconditional_hints,binary_expressions/elt_all_scalar/elt_all_scalar/width=0/values=3/fixed_literal=false/nulls=false/index=Some(1),85,82620.0,83598511.0,1011.8435124667151
unconditional_hints,binary_expressions/elt_all_scalar/elt_all_scalar/width=0/values=3/fixed_literal=false/nulls=false/index=Some(1),86,83592.0,84742803.0,1013.7669035314384
unconditional_hints,binary_expressions/elt_all_scalar/elt_all_scalar/width=0/values=3/fixed_literal=false/nulls=false/index=Some(1),87,84564.0,84935378.0,1004.391679674566
unconditional_hints,binary_expressions/elt_all_scalar/elt_all_scalar/width=0/values=3/fixed_literal=false/nulls=false/index=Some(1),88,85536.0,85941206.0,1004.7372568275346
unconditional_hints,binary_expressions/elt_all_scalar/elt_all_scalar/width=0/values=3/fixed_literal=false/nulls=false/index=Some(1),89,86508.0,88076251.0,1018.1283927498035
unconditional_hints,binary_expressions/elt_all_scalar/elt_all_scalar/width=0/values=3/fixed_literal=false/nulls=false/index=Some(1),90,87480.0,88238280.0,1008.6680384087791
unconditional_hints,binary_expressions/elt_all_scalar/elt_all_scalar/width=0/values=3/fixed_literal=false/nulls=false/index=Some(1),91,88452.0,90149384.0,1019.1898883009994
unconditional_hints,binary_expressions/elt_all_scalar/elt_all_scalar/width=0/values=3/fixed_literal=false/nulls=false/index=Some(1),92,89424.0,89730667.0,1003.4293590087672
unconditional_hints,binary_expressions/elt_all_scalar/elt_all_scalar/width=0/values=3/fixed_literal=false/nulls=false/index=Some(1),93,90396.0,92995840.0,1028.7605646267534
unconditional_hints,binary_expressions/elt_all_scalar/elt_all_scalar/width=0/values=3/fixed_literal=false/nulls=false/index=Some(1),94,91368.0,91931370.0,1006.1659443131074
unconditional_hints,binary_expressions/elt_all_scalar/elt_all_scalar/width=0/values=3/fixed_literal=false/nulls=false/index=Some(1),95,92340.0,94039200.0,1018.401559454191
unconditional_hints,binary_expressions/elt_all_scalar/elt_all_scalar/width=0/values=3/fixed_literal=false/nulls=false/index=Some(1),96,93312.0,95814851.0,1026.8223915466392
unconditional_hints,binary_expressions/elt_all_scalar/elt_all_scalar/width=0/values=3/fixed_literal=false/nulls=false/index=Some(1),97,94284.0,95966884.0,1017.8490942259556
unconditional_hints,binary_expressions/elt_all_scalar/elt_all_scalar/width=0/values=3/fixed_literal=false/nulls=false/index=Some(1),98,95256.0,96333567.0,1011.3123267825649
unconditional_hints,binary_expressions/elt_all_scalar/elt_all_scalar/width=0/values=3/fixed_literal=false/nulls=false/index=Some(1),99,96228.0,97857232.0,1016.930955647005
unconditional_hints,binary_expressions/elt_all_scalar/elt_all_scalar/width=0/values=3/fixed_literal=false/nulls=false/index=Some(1),100,97200.0,98870490.0,1017.1861111111111
unconditional_hints,binary_expressions/elt_all_scalar/elt_all_scalar/width=16/values=3/fixed_literal=false/nulls=false/index=Some(1),1,852.0,890017.0,1044.6208920187794
unconditional_hints,binary_expressions/elt_all_scalar/elt_all_scalar/width=16/values=3/fixed_literal=false/nulls=false/index=Some(1),2,1704.0,2185073.0,1282.319835680751
unconditional_hints,binary_expressions/elt_all_scalar/elt_all_scalar/width=16/values=3/fixed_literal=false/nulls=false/index=Some(1),3,2556.0,2932476.0,1147.2910798122066
unconditional_hints,binary_expressions/elt_all_scalar/elt_all_scalar/width=16/values=3/fixed_literal=false/nulls=false/index=Some(1),4,3408.0,3886080.0,1140.281690140845
unconditional_hints,binary_expressions/elt_all_scalar/elt_all_scalar/width=16/values=3/fixed_literal=false/nulls=false/index=Some(1),5,4260.0,4951772.0,1162.38779342723
unconditional_hints,binary_expressions/elt_all_scalar/elt_all_scalar/width=16/values=3/fixed_literal=false/nulls=false/index=Some(1),6,5112.0,5922800.0,1158.6071987480439
unconditional_hints,binary_expressions/elt_all_scalar/elt_all_scalar/width=16/values=3/fixed_literal=false/nulls=false/index=Some(1),7,5964.0,7034648.0,1179.5184439973173
unconditional_hints,binary_expressions/elt_all_scalar/elt_all_scalar/width=16/values=3/fixed_literal=false/nulls=false/index=Some(1),8,6816.0,8095971.0,1187.7891725352113
unconditional_hints,binary_expressions/elt_all_scalar/elt_all_scalar/width=16/values=3/fixed_literal=false/nulls=false/index=Some(1),9,7668.0,8991023.0,1172.5382107459573
unconditional_hints,binary_expressions/elt_all_scalar/elt_all_scalar/width=16/values=3/fixed_literal=false/nulls=false/index=Some(1),10,8520.0,9679652.0,1136.1093896713614
unconditional_hints,binary_expressions/elt_all_scalar/elt_all_scalar/width=16/values=3/fixed_literal=false/nulls=false/index=Some(1),11,9372.0,12567055.0,1340.9149594536918
unconditional_hints,binary_expressions/elt_all_scalar/elt_all_scalar/width=16/values=3/fixed_literal=false/nulls=false/index=Some(1),12,10224.0,11838013.0,1157.8651212832551
unconditional_hints,binary_expressions/elt_all_scalar/elt_all_scalar/width=16/values=3/fixed_literal=false/nulls=false/index=Some(1),13,11076.0,12876809.0,1162.5865836041892
unconditional_hints,binary_expressions/elt_all_scalar/elt_all_scalar/width=16/values=3/fixed_literal=false/nulls=false/index=Some(1),14,11928.0,14453965.0,1211.7676894701542
unconditional_hints,binary_expressions/elt_all_scalar/elt_all_scalar/width=16/values=3/fixed_literal=false/nulls=false/index=Some(1),15,12780.0,14677569.0,1148.4795774647887
unconditional_hints,binary_expressions/elt_all_scalar/elt_all_scalar/width=16/values=3/fixed_literal=false/nulls=false/index=Some(1),16,13632.0,16024788.0,1175.5272887323943
unconditional_hints,binary_expressions/elt_all_scalar/elt_all_scalar/width=16/values=3/fixed_literal=false/nulls=false/index=Some(1),17,14484.0,16794787.0,1159.5406655619995
unconditional_hints,binary_expressions/elt_all_scalar/elt_all_scalar/width=16/values=3/fixed_literal=false/nulls=false/index=Some(1),18,15336.0,18219378.0,1188.0136932707355
unconditional_hints,binary_expressions/elt_all_scalar/elt_all_scalar/width=16/values=3/fixed_literal=false/nulls=false/index=Some(1),19,16188.0,19139098.0,1182.3015814183345
unconditional_hints,binary_expressions/elt_all_scalar/elt_all_scalar/width=16/values=3/fixed_literal=false/nulls=false/index=Some(1),20,17040.0,19667099.0,1154.1724765258216
unconditional_hints,binary_expressions/elt_all_scalar/elt_all_scalar/width=16/values=3/fixed_literal=false/nulls=false/index=Some(1),21,17892.0,21291588.0,1190.0060362173037
unconditional_hints,binary_expressions/elt_all_scalar/elt_all_scalar/width=16/values=3/fixed_literal=false/nulls=false/index=Some(1),22,18744.0,21816578.0,1163.9232821169442
unconditional_hints,binary_expressions/elt_all_scalar/elt_all_scalar/width=16/values=3/fixed_literal=false/nulls=false/index=Some(1),23,19596.0,23086402.0,1178.1180853235355
unconditional_hints,binary_expressions/elt_all_scalar/elt_all_scalar/width=16/values=3/fixed_literal=false/nulls=false/index=Some(1),24,20448.0,24174967.0,1182.2656005477309
unconditional_hints,binary_expressions/elt_all_scalar/elt_all_scalar/width=16/values=3/fixed_literal=false/nulls=false/index=Some(1),25,21300.0,24684786.0,1158.9101408450704
unconditional_hints,binary_expressions/elt_all_scalar/elt_all_scalar/width=16/values=3/fixed_literal=false/nulls=false/index=Some(1),26,22152.0,25878017.0,1168.2022842181293
unconditional_hints,binary_expressions/elt_all_scalar/elt_all_scalar/width=16/values=3/fixed_literal=false/nulls=false/index=Some(1),27,23004.0,27744210.0,1206.0602503912362
unconditional_hints,binary_expressions/elt_all_scalar/elt_all_scalar/width=16/values=3/fixed_literal=false/nulls=false/index=Some(1),28,23856.0,27824213.0,1166.3402498323273
unconditional_hints,binary_expressions/elt_all_scalar/elt_all_scalar/width=16/values=3/fixed_literal=false/nulls=false/index=Some(1),29,24708.0,28989419.0,1173.2806783228104
unconditional_hints,binary_expressions/elt_all_scalar/elt_all_scalar/width=16/values=3/fixed_literal=false/nulls=false/index=Some(1),30,25560.0,29682354.0,1161.281455399061
unconditional_hints,binary_expressions/elt_all_scalar/elt_all_scalar/width=16/values=3/fixed_literal=false/nulls=false/index=Some(1),31,26412.0,31485938.0,1192.107299712252
unconditional_hints,binary_expressions/elt_all_scalar/elt_all_scalar/width=16/values=3/fixed_literal=false/nulls=false/index=Some(1),32,27264.0,31885941.0,1169.5254181338028
unconditional_hints,binary_expressions/elt_all_scalar/elt_all_scalar/width=16/values=3/fixed_literal=false/nulls=false/index=Some(1),33,28116.0,32533046.0,1157.1007966993882
unconditional_hints,binary_expressions/elt_all_scalar/elt_all_scalar/width=16/values=3/fixed_literal=false/nulls=false/index=Some(1),34,28968.0,34271748.0,1183.0898922949461
unconditional_hints,binary_expressions/elt_all_scalar/elt_all_scalar/width=16/values=3/fixed_literal=false/nulls=false/index=Some(1),35,29820.0,35519036.0,1191.1145539906104
unconditional_hints,binary_expressions/elt_all_scalar/elt_all_scalar/width=16/values=3/fixed_literal=false/nulls=false/index=Some(1),36,30672.0,37341031.0,1217.430588158581
unconditional_hints,binary_expressions/elt_all_scalar/elt_all_scalar/width=16/values=3/fixed_literal=false/nulls=false/index=Some(1),37,31524.0,36714678.0,1164.6579748762847
unconditional_hints,binary_expressions/elt_all_scalar/elt_all_scalar/width=16/values=3/fixed_literal=false/nulls=false/index=Some(1),38,32376.0,37856015.0,1169.2616444279713
unconditional_hints,binary_expressions/elt_all_scalar/elt_all_scalar/width=16/values=3/fixed_literal=false/nulls=false/index=Some(1),39,33228.0,39389549.0,1185.4324364993379
unconditional_hints,binary_expressions/elt_all_scalar/elt_all_scalar/width=16/values=3/fixed_literal=false/nulls=false/index=Some(1),40,34080.0,39994161.0,1173.537588028169
unconditional_hints,binary_expressions/elt_all_scalar/elt_all_scalar/width=16/values=3/fixed_literal=false/nulls=false/index=Some(1),41,34932.0,41491033.0,1187.7657448757586
unconditional_hints,binary_expressions/elt_all_scalar/elt_all_scalar/width=16/values=3/fixed_literal=false/nulls=false/index=Some(1),42,35784.0,41923429.0,1171.5691090990388
unconditional_hints,binary_expressions/elt_all_scalar/elt_all_scalar/width=16/values=3/fixed_literal=false/nulls=false/index=Some(1),43,36636.0,42591560.0,1162.5603231793864
unconditional_hints,binary_expressions/elt_all_scalar/elt_all_scalar/width=16/values=3/fixed_literal=false/nulls=false/index=Some(1),44,37488.0,43705724.0,1165.8590482287666
unconditional_hints,binary_expressions/elt_all_scalar/elt_all_scalar/width=16/values=3/fixed_literal=false/nulls=false/index=Some(1),45,38340.0,46586925.0,1215.099765258216
unconditional_hints,binary_expressions/elt_all_scalar/elt_all_scalar/width=16/values=3/fixed_literal=false/nulls=false/index=Some(1),46,39192.0,46064317.0,1175.3499948969177
unconditional_hints,binary_expressions/elt_all_scalar/elt_all_scalar/width=16/values=3/fixed_literal=false/nulls=false/index=Some(1),47,40044.0,46573157.0,1163.0495704724804
unconditional_hints,binary_expressions/elt_all_scalar/elt_all_scalar/width=16/values=3/fixed_literal=false/nulls=false/index=Some(1),48,40896.0,47874587.0,1170.6422877543037
unconditional_hints,binary_expressions/elt_all_scalar/elt_all_scalar/width=16/values=3/fixed_literal=false/nulls=false/index=Some(1),49,41748.0,48644075.0,1165.1833620772252
unconditional_hints,binary_expressions/elt_all_scalar/elt_all_scalar/width=16/values=3/fixed_literal=false/nulls=false/index=Some(1),50,42600.0,51551156.0,1210.1210328638497
unconditional_hints,binary_expressions/elt_all_scalar/elt_all_scalar/width=16/values=3/fixed_literal=false/nulls=false/index=Some(1),51,43452.0,50728434.0,1167.459127312897
unconditional_hints,binary_expressions/elt_all_scalar/elt_all_scalar/width=16/values=3/fixed_literal=false/nulls=false/index=Some(1),52,44304.0,52315625.0,1180.8329947634525
unconditional_hints,binary_expressions/elt_all_scalar/elt_all_scalar/width=16/values=3/fixed_literal=false/nulls=false/index=Some(1),53,45156.0,52532294.0,1163.3513597307112
unconditional_hints,binary_expressions/elt_all_scalar/elt_all_scalar/width=16/values=3/fixed_literal=false/nulls=false/index=Some(1),54,46008.0,54559642.0,1185.8729351417144
unconditional_hints,binary_expressions/elt_all_scalar/elt_all_scalar/width=16/values=3/fixed_literal=false/nulls=false/index=Some(1),55,46860.0,55279603.0,1179.675693555271
unconditional_hints,binary_expressions/elt_all_scalar/elt_all_scalar/width=16/values=3/fixed_literal=false/nulls=false/index=Some(1),56,47712.0,56310510.0,1180.2169265593561
unconditional_hints,binary_expressions/elt_all_scalar/elt_all_scalar/width=16/values=3/fixed_literal=false/nulls=false/index=Some(1),57,48564.0,56743107.0,1168.4191376328145
unconditional_hints,binary_expressions/elt_all_scalar/elt_all_scalar/width=16/values=3/fixed_literal=false/nulls=false/index=Some(1),58,49416.0,57405351.0,1161.6753885381254
unconditional_hints,binary_expressions/elt_all_scalar/elt_all_scalar/width=16/values=3/fixed_literal=false/nulls=false/index=Some(1),59,50268.0,59604428.0,1185.7330309540862
unconditional_hints,binary_expressions/elt_all_scalar/elt_all_scalar/width=16/values=3/fixed_literal=false/nulls=false/index=Some(1),60,51120.0,64343674.0,1258.67906885759
unconditional_hints,binary_expressions/elt_all_scalar/elt_all_scalar/width=16/values=3/fixed_literal=false/nulls=false/index=Some(1),61,51972.0,61695983.0,1187.1004194566306
unconditional_hints,binary_expressions/elt_all_scalar/elt_all_scalar/width=16/values=3/fixed_literal=false/nulls=false/index=Some(1),62,52824.0,62420199.0,1181.663618809632
unconditional_hints,binary_expressions/elt_all_scalar/elt_all_scalar/width=16/values=3/fixed_literal=false/nulls=false/index=Some(1),63,53676.0,64427207.0,1200.2982152172292
unconditional_hints,binary_expressions/elt_all_scalar/elt_all_scalar/width=16/values=3/fixed_literal=false/nulls=false/index=Some(1),64,54528.0,63313862.0,1161.1256968896714
unconditional_hints,binary_expressions/elt_all_scalar/elt_all_scalar/width=16/values=3/fixed_literal=false/nulls=false/index=Some(1),65,55380.0,64801685.0,1170.1279342723005
unconditional_hints,binary_expressions/elt_all_scalar/elt_all_scalar/width=16/values=3/fixed_literal=false/nulls=false/index=Some(1),66,56232.0,65687231.0,1168.1468025323659
unconditional_hints,binary_expressions/elt_all_scalar/elt_all_scalar/width=16/values=3/fixed_literal=false/nulls=false/index=Some(1),67,57084.0,66354783.0,1162.4059806600799
unconditional_hints,binary_expressions/elt_all_scalar/elt_all_scalar/width=16/values=3/fixed_literal=false/nulls=false/index=Some(1),68,57936.0,67207759.0,1160.0345035901685
unconditional_hints,binary_expressions/elt_all_scalar/elt_all_scalar/width=16/values=3/fixed_literal=false/nulls=false/index=Some(1),69,58788.0,69589442.0,1183.7354902361026
unconditional_hints,binary_expressions/elt_all_scalar/elt_all_scalar/width=16/values=3/fixed_literal=false/nulls=false/index=Some(1),70,59640.0,70418887.0,1180.7325117370892
unconditional_hints,binary_expressions/elt_all_scalar/elt_all_scalar/width=16/values=3/fixed_literal=false/nulls=false/index=Some(1),71,60492.0,71236644.0,1177.6209085498908
unconditional_hints,binary_expressions/elt_all_scalar/elt_all_scalar/width=16/values=3/fixed_literal=false/nulls=false/index=Some(1),72,61344.0,72093747.0,1175.2371381064163
unconditional_hints,binary_expressions/elt_all_scalar/elt_all_scalar/width=16/values=3/fixed_literal=false/nulls=false/index=Some(1),73,62196.0,72762796.0,1169.8951057945849
unconditional_hints,binary_expressions/elt_all_scalar/elt_all_scalar/width=16/values=3/fixed_literal=false/nulls=false/index=Some(1),74,63048.0,74190881.0,1176.736470625555
unconditional_hints,binary_expressions/elt_all_scalar/elt_all_scalar/width=16/values=3/fixed_literal=false/nulls=false/index=Some(1),75,63900.0,75579261.0,1182.7740375586854
unconditional_hints,binary_expressions/elt_all_scalar/elt_all_scalar/width=16/values=3/fixed_literal=false/nulls=false/index=Some(1),76,64752.0,76187595.0,1176.6060507783543
unconditional_hints,binary_expressions/elt_all_scalar/elt_all_scalar/width=16/values=3/fixed_literal=false/nulls=false/index=Some(1),77,65604.0,75899653.0,1156.936360587769
unconditional_hints,binary_expressions/elt_all_scalar/elt_all_scalar/width=16/values=3/fixed_literal=false/nulls=false/index=Some(1),78,66456.0,79011689.0,1188.9323612615867
unconditional_hints,binary_expressions/elt_all_scalar/elt_all_scalar/width=16/values=3/fixed_literal=false/nulls=false/index=Some(1),79,67308.0,78041450.0,1159.4676710049325
unconditional_hints,binary_expressions/elt_all_scalar/elt_all_scalar/width=16/values=3/fixed_literal=false/nulls=false/index=Some(1),80,68160.0,80062195.0,1174.6214055164319
unconditional_hints,binary_expressions/elt_all_scalar/elt_all_scalar/width=16/values=3/fixed_literal=false/nulls=false/index=Some(1),81,69012.0,80294215.0,1163.4819306787226
unconditional_hints,binary_expressions/elt_all_scalar/elt_all_scalar/width=16/values=3/fixed_literal=false/nulls=false/index=Some(1),82,69864.0,82429708.0,1179.859555708233
unconditional_hints,binary_expressions/elt_all_scalar/elt_all_scalar/width=16/values=3/fixed_literal=false/nulls=false/index=Some(1),83,70716.0,82034378.0,1160.0539906103286
unconditional_hints,binary_expressions/elt_all_scalar/elt_all_scalar/width=16/values=3/fixed_literal=false/nulls=false/index=Some(1),84,71568.0,84902344.0,1186.3171249720544
unconditional_hints,binary_expressions/elt_all_scalar/elt_all_scalar/width=16/values=3/fixed_literal=false/nulls=false/index=Some(1),85,72420.0,85198275.0,1176.4467688483844
unconditional_hints,binary_expressions/elt_all_scalar/elt_all_scalar/width=16/values=3/fixed_literal=false/nulls=false/index=Some(1),86,73272.0,86177332.0,1176.1291079812206
unconditional_hints,binary_expressions/elt_all_scalar/elt_all_scalar/width=16/values=3/fixed_literal=false/nulls=false/index=Some(1),87,74124.0,87322044.0,1178.0535858831147
unconditional_hints,binary_expressions/elt_all_scalar/elt_all_scalar/width=16/values=3/fixed_literal=false/nulls=false/index=Some(1),88,74976.0,86699137.0,1156.3585280623133
unconditional_hints,binary_expressions/elt_all_scalar/elt_all_scalar/width=16/values=3/fixed_literal=false/nulls=false/index=Some(1),89,75828.0,88035759.0,1160.9927599303687
unconditional_hints,binary_expressions/elt_all_scalar/elt_all_scalar/width=16/values=3/fixed_literal=false/nulls=false/index=Some(1),90,76680.0,89882072.0,1172.1709963484611
unconditional_hints,binary_expressions/elt_all_scalar/elt_all_scalar/width=16/values=3/fixed_literal=false/nulls=false/index=Some(1),91,77532.0,91492857.0,1180.0657405974307
unconditional_hints,binary_expressions/elt_all_scalar/elt_all_scalar/width=16/values=3/fixed_literal=false/nulls=false/index=Some(1),92,78384.0,91864166.0,1171.9759899979588
unconditional_hints,binary_expressions/elt_all_scalar/elt_all_scalar/width=16/values=3/fixed_literal=false/nulls=false/index=Some(1),93,79236.0,92272356.0,1164.5256701499318
unconditional_hints,binary_expressions/elt_all_scalar/elt_all_scalar/width=16/values=3/fixed_literal=false/nulls=false/index=Some(1),94,80088.0,93184403.0,1163.5251598241935
unconditional_hints,binary_expressions/elt_all_scalar/elt_all_scalar/width=16/values=3/fixed_literal=false/nulls=false/index=Some(1),95,80940.0,94381940.0,1166.072893501359
unconditional_hints,binary_expressions/elt_all_scalar/elt_all_scalar/width=16/values=3/fixed_literal=false/nulls=false/index=Some(1),96,81792.0,96099717.0,1174.9280736502346
unconditional_hints,binary_expressions/elt_all_scalar/elt_all_scalar/width=16/values=3/fixed_literal=false/nulls=false/index=Some(1),97,82644.0,96027873.0,1161.946094090315
unconditional_hints,binary_expressions/elt_all_scalar/elt_all_scalar/width=16/values=3/fixed_literal=false/nulls=false/index=Some(1),98,83496.0,97861971.0,1172.0557990801954
unconditional_hints,binary_expressions/elt_all_scalar/elt_all_scalar/width=16/values=3/fixed_literal=false/nulls=false/index=Some(1),99,84348.0,98068438.0,1162.6646512069046
unconditional_hints,binary_expressions/elt_all_scalar/elt_all_scalar/width=16/values=3/fixed_literal=false/nulls=false/index=Some(1),100,85200.0,101030560.0,1185.8046948356807
unconditional_hints,binary_expressions/elt_arguments/elt_arguments/expanded_control/1024/width=16/nulls=false/fixed_literal=false/literal_null=false/index=dynamic,1,189.0,1106689.0,5855.4973544973545
unconditional_hints,binary_expressions/elt_arguments/elt_arguments/expanded_control/1024/width=16/nulls=false/fixed_literal=false/literal_null=false/index=dynamic,2,378.0,2190381.0,5794.658730158731
unconditional_hints,binary_expressions/elt_arguments/elt_arguments/expanded_control/1024/width=16/nulls=false/fixed_literal=false/literal_null=false/index=dynamic,3,567.0,3183615.0,5614.841269841269
unconditional_hints,binary_expressions/elt_arguments/elt_arguments/expanded_control/1024/width=16/nulls=false/fixed_literal=false/literal_null=false/index=dynamic,4,756.0,4049387.0,5356.33201058201
unconditional_hints,binary_expressions/elt_arguments/elt_arguments/expanded_control/1024/width=16/nulls=false/fixed_literal=false/literal_null=false/index=dynamic,5,945.0,5016481.0,5308.4455026455025
unconditional_hints,binary_expressions/elt_arguments/elt_arguments/expanded_control/1024/width=16/nulls=false/fixed_literal=false/literal_null=false/index=dynamic,6,1134.0,5806356.0,5120.243386243386
unconditional_hints,binary_expressions/elt_arguments/elt_arguments/expanded_control/1024/width=16/nulls=false/fixed_literal=false/literal_null=false/index=dynamic,7,1323.0,6901131.0,5216.274376417234
unconditional_hints,binary_expressions/elt_arguments/elt_arguments/expanded_control/1024/width=16/nulls=false/fixed_literal=false/literal_null=false/index=dynamic,8,1512.0,7819505.0,5171.630291005291
unconditional_hints,binary_expressions/elt_arguments/elt_arguments/expanded_control/1024/width=16/nulls=false/fixed_literal=false/literal_null=false/index=dynamic,9,1701.0,8808250.0,5178.27748383304
unconditional_hints,binary_expressions/elt_arguments/elt_arguments/expanded_control/1024/width=16/nulls=false/fixed_literal=false/literal_null=false/index=dynamic,10,1890.0,9869737.0,5222.0830687830685
unconditional_hints,binary_expressions/elt_arguments/elt_arguments/expanded_control/1024/width=16/nulls=false/fixed_literal=false/literal_null=false/index=dynamic,11,2079.0,10739208.0,5165.564213564214
unconditional_hints,binary_expressions/elt_arguments/elt_arguments/expanded_control/1024/width=16/nulls=false/fixed_literal=false/literal_null=false/index=dynamic,12,2268.0,11737386.0,5175.214285714285
unconditional_hints,binary_expressions/elt_arguments/elt_arguments/expanded_control/1024/width=16/nulls=false/fixed_literal=false/literal_null=false/index=dynamic,13,2457.0,12854456.0,5231.7688237688235
unconditional_hints,binary_expressions/elt_arguments/elt_arguments/expanded_control/1024/width=16/nulls=false/fixed_literal=false/literal_null=false/index=dynamic,14,2646.0,13970673.0,5279.921768707483
unconditional_hints,binary_expressions/elt_arguments/elt_arguments/expanded_control/1024/width=16/nulls=false/fixed_literal=false/literal_null=false/index=dynamic,15,2835.0,15794745.0,5571.338624338624
unconditional_hints,binary_expressions/elt_arguments/elt_arguments/expanded_control/1024/width=16/nulls=false/fixed_literal=false/literal_null=false/index=dynamic,16,3024.0,15656026.0,5177.257275132275
unconditional_hints,binary_expressions/elt_arguments/elt_arguments/expanded_control/1024/width=16/nulls=false/fixed_literal=false/literal_null=false/index=dynamic,17,3213.0,17046846.0,5305.5854341736695
unconditional_hints,binary_expressions/elt_arguments/elt_arguments/expanded_control/1024/width=16/nulls=false/fixed_literal=false/literal_null=false/index=dynamic,18,3402.0,17969953.0,5282.173133450911
unconditional_hints,binary_expressions/elt_arguments/elt_arguments/expanded_control/1024/width=16/nulls=false/fixed_literal=false/literal_null=false/index=dynamic,19,3591.0,18553726.0,5166.729601782234
unconditional_hints,binary_expressions/elt_arguments/elt_arguments/expanded_control/1024/width=16/nulls=false/fixed_literal=false/literal_null=false/index=dynamic,20,3780.0,20147925.0,5330.138888888889
unconditional_hints,binary_expressions/elt_arguments/elt_arguments/expanded_control/1024/width=16/nulls=false/fixed_literal=false/literal_null=false/index=dynamic,21,3969.0,21323347.0,5372.473418997229
unconditional_hints,binary_expressions/elt_arguments/elt_arguments/expanded_control/1024/width=16/nulls=false/fixed_literal=false/literal_null=false/index=dynamic,22,4158.0,21688950.0,5216.197691197691
unconditional_hints,binary_expressions/elt_arguments/elt_arguments/expanded_control/1024/width=16/nulls=false/fixed_literal=false/literal_null=false/index=dynamic,23,4347.0,22887299.0,5265.079135035657
unconditional_hints,binary_expressions/elt_arguments/elt_arguments/expanded_control/1024/width=16/nulls=false/fixed_literal=false/literal_null=false/index=dynamic,24,4536.0,23689240.0,5222.495590828924
unconditional_hints,binary_expressions/elt_arguments/elt_arguments/expanded_control/1024/width=16/nulls=false/fixed_literal=false/literal_null=false/index=dynamic,25,4725.0,24672458.0,5221.684232804233
unconditional_hints,binary_expressions/elt_arguments/elt_arguments/expanded_control/1024/width=16/nulls=false/fixed_literal=false/literal_null=false/index=dynamic,26,4914.0,25867044.0,5263.948717948718
unconditional_hints,binary_expressions/elt_arguments/elt_arguments/expanded_control/1024/width=16/nulls=false/fixed_literal=false/literal_null=false/index=dynamic,27,5103.0,26951607.0,5281.5220458553795
unconditional_hints,binary_expressions/elt_arguments/elt_arguments/expanded_control/1024/width=16/nulls=false/fixed_literal=false/literal_null=false/index=dynamic,28,5292.0,27617827.0,5218.788170823885
unconditional_hints,binary_expressions/elt_arguments/elt_arguments/expanded_control/1024/width=16/nulls=false/fixed_literal=false/literal_null=false/index=dynamic,29,5481.0,29350888.0,5355.024265644955
unconditional_hints,binary_expressions/elt_arguments/elt_arguments/expanded_control/1024/width=16/nulls=false/fixed_literal=false/literal_null=false/index=dynamic,30,5670.0,29832293.0,5261.42733686067
unconditional_hints,binary_expressions/elt_arguments/elt_arguments/expanded_control/1024/width=16/nulls=false/fixed_literal=false/literal_null=false/index=dynamic,31,5859.0,30168609.0,5149.10547875064
unconditional_hints,binary_expressions/elt_arguments/elt_arguments/expanded_control/1024/width=16/nulls=false/fixed_literal=false/literal_null=false/index=dynamic,32,6048.0,31789955.0,5256.275628306878
unconditional_hints,binary_expressions/elt_arguments/elt_arguments/expanded_control/1024/width=16/nulls=false/fixed_literal=false/literal_null=false/index=dynamic,33,6237.0,32376538.0,5191.043450376784
unconditional_hints,binary_expressions/elt_arguments/elt_arguments/expanded_control/1024/width=16/nulls=false/fixed_literal=false/literal_null=false/index=dynamic,34,6426.0,33271994.0,5177.714596949891
unconditional_hints,binary_expressions/elt_arguments/elt_arguments/expanded_control/1024/width=16/nulls=false/fixed_literal=false/literal_null=false/index=dynamic,35,6615.0,37204197.0,5624.217233560091
unconditional_hints,binary_expressions/elt_arguments/elt_arguments/expanded_control/1024/width=16/nulls=false/fixed_literal=false/literal_null=false/index=dynamic,36,6804.0,35496703.0,5217.03453850676
unconditional_hints,binary_expressions/elt_arguments/elt_arguments/expanded_control/1024/width=16/nulls=false/fixed_literal=false/literal_null=false/index=dynamic,37,6993.0,36186195.0,5174.6310596310595
unconditional_hints,binary_expressions/elt_arguments/elt_arguments/expanded_control/1024/width=16/nulls=false/fixed_literal=false/literal_null=false/index=dynamic,38,7182.0,37532840.0,5225.959342801448
unconditional_hints,binary_expressions/elt_arguments/elt_arguments/expanded_control/1024/width=16/nulls=false/fixed_literal=false/literal_null=false/index=dynamic,39,7371.0,38393895.0,5208.776963776963
unconditional_hints,binary_expressions/elt_arguments/elt_arguments/expanded_control/1024/width=16/nulls=false/fixed_literal=false/literal_null=false/index=dynamic,40,7560.0,39230808.0,5189.260317460317
unconditional_hints,binary_expressions/elt_arguments/elt_arguments/expanded_control/1024/width=16/nulls=false/fixed_literal=false/literal_null=false/index=dynamic,41,7749.0,41916854.0,5409.324299909666
unconditional_hints,binary_expressions/elt_arguments/elt_arguments/expanded_control/1024/width=16/nulls=false/fixed_literal=false/literal_null=false/index=dynamic,42,7938.0,42105324.0,5304.273620559335
unconditional_hints,binary_expressions/elt_arguments/elt_arguments/expanded_control/1024/width=16/nulls=false/fixed_literal=false/literal_null=false/index=dynamic,43,8127.0,42538231.0,5234.186169558263
unconditional_hints,binary_expressions/elt_arguments/elt_arguments/expanded_control/1024/width=16/nulls=false/fixed_literal=false/literal_null=false/index=dynamic,44,8316.0,42760560.0,5141.962481962482
unconditional_hints,binary_expressions/elt_arguments/elt_arguments/expanded_control/1024/width=16/nulls=false/fixed_literal=false/literal_null=false/index=dynamic,45,8505.0,45624877.0,5364.477013521458
unconditional_hints,binary_expressions/elt_arguments/elt_arguments/expanded_control/1024/width=16/nulls=false/fixed_literal=false/literal_null=false/index=dynamic,46,8694.0,45791431.0,5267.015297906602
unconditional_hints,binary_expressions/elt_arguments/elt_arguments/expanded_control/1024/width=16/nulls=false/fixed_literal=false/literal_null=false/index=dynamic,47,8883.0,46975659.0,5288.265113137453
unconditional_hints,binary_expressions/elt_arguments/elt_arguments/expanded_control/1024/width=16/nulls=false/fixed_literal=false/literal_null=false/index=dynamic,48,9072.0,47750837.0,5263.540233686067
unconditional_hints,binary_expressions/elt_arguments/elt_arguments/expanded_control/1024/width=16/nulls=false/fixed_literal=false/literal_null=false/index=dynamic,49,9261.0,49700931.0,5366.691609977324
unconditional_hints,binary_expressions/elt_arguments/elt_arguments/expanded_control/1024/width=16/nulls=false/fixed_literal=false/literal_null=false/index=dynamic,50,9450.0,49618548.0,5250.64
unconditional_hints,binary_expressions/elt_arguments/elt_arguments/expanded_control/1024/width=16/nulls=false/fixed_literal=false/literal_null=false/index=dynamic,51,9639.0,50914953.0,5282.182072829131
unconditional_hints,binary_expressions/elt_arguments/elt_arguments/expanded_control/1024/width=16/nulls=false/fixed_literal=false/literal_null=false/index=dynamic,52,9828.0,51480686.0,5238.165038665039
unconditional_hints,binary_expressions/elt_arguments/elt_arguments/expanded_control/1024/width=16/nulls=false/fixed_literal=false/literal_null=false/index=dynamic,53,10017.0,53508252.0,5341.744234800839
unconditional_hints,binary_expressions/elt_arguments/elt_arguments/expanded_control/1024/width=16/nulls=false/fixed_literal=false/literal_null=false/index=dynamic,54,10206.0,53847134.0,5276.027238879091
unconditional_hints,binary_expressions/elt_arguments/elt_arguments/expanded_control/1024/width=16/nulls=false/fixed_literal=false/literal_null=false/index=dynamic,55,10395.0,54860609.0,5277.5958633958635
unconditional_hints,binary_expressions/elt_arguments/elt_arguments/expanded_control/1024/width=16/nulls=false/fixed_literal=false/literal_null=false/index=dynamic,56,10584.0,54906721.0,5187.709845049131
unconditional_hints,binary_expressions/elt_arguments/elt_arguments/expanded_control/1024/width=16/nulls=false/fixed_literal=false/literal_null=false/index=dynamic,57,10773.0,60372924.0,5604.095795043164
unconditional_hints,binary_expressions/elt_arguments/elt_arguments/expanded_control/1024/width=16/nulls=false/fixed_literal=false/literal_null=false/index=dynamic,58,10962.0,57793998.0,5272.212917350848
unconditional_hints,binary_expressions/elt_arguments/elt_arguments/expanded_control/1024/width=16/nulls=false/fixed_literal=false/literal_null=false/index=dynamic,59,11151.0,58749668.0,5268.556003945834
unconditional_hints,binary_expressions/elt_arguments/elt_arguments/expanded_control/1024/width=16/nulls=false/fixed_literal=false/literal_null=false/index=dynamic,60,11340.0,59081718.0,5210.028042328042
unconditional_hints,binary_expressions/elt_arguments/elt_arguments/expanded_control/1024/width=16/nulls=false/fixed_literal=false/literal_null=false/index=dynamic,61,11529.0,60117518.0,5214.460751149276
unconditional_hints,binary_expressions/elt_arguments/elt_arguments/expanded_control/1024/width=16/nulls=false/fixed_literal=false/literal_null=false/index=dynamic,62,11718.0,61201065.0,5222.825140809012
unconditional_hints,binary_expressions/elt_arguments/elt_arguments/expanded_control/1024/width=16/nulls=false/fixed_literal=false/literal_null=false/index=dynamic,63,11907.0,61802560.0,5190.439237423365
unconditional_hints,binary_expressions/elt_arguments/elt_arguments/expanded_control/1024/width=16/nulls=false/fixed_literal=false/literal_null=false/index=dynamic,64,12096.0,64256619.0,5312.220486111111
unconditional_hints,binary_expressions/elt_arguments/elt_arguments/expanded_control/1024/width=16/nulls=false/fixed_literal=false/literal_null=false/index=dynamic,65,12285.0,65539613.0,5334.929833129833
unconditional_hints,binary_expressions/elt_arguments/elt_arguments/expanded_control/1024/width=16/nulls=false/fixed_literal=false/literal_null=false/index=dynamic,66,12474.0,65713242.0,5268.016835016835
unconditional_hints,binary_expressions/elt_arguments/elt_arguments/expanded_control/1024/width=16/nulls=false/fixed_literal=false/literal_null=false/index=dynamic,67,12663.0,66239607.0,5230.95688225539
unconditional_hints,binary_expressions/elt_arguments/elt_arguments/expanded_control/1024/width=16/nulls=false/fixed_literal=false/literal_null=false/index=dynamic,68,12852.0,66638391.0,5185.059990662932
unconditional_hints,binary_expressions/elt_arguments/elt_arguments/expanded_control/1024/width=16/nulls=false/fixed_literal=false/literal_null=false/index=dynamic,69,13041.0,68745595.0,5271.497201134883
unconditional_hints,binary_expressions/elt_arguments/elt_arguments/expanded_control/1024/width=16/nulls=false/fixed_literal=false/literal_null=false/index=dynamic,70,13230.0,69876408.0,5281.663492063492
unconditional_hints,binary_expressions/elt_arguments/elt_arguments/expanded_control/1024/width=16/nulls=false/fixed_literal=false/literal_null=false/index=dynamic,71,13419.0,70335359.0,5241.475445264177
unconditional_hints,binary_expressions/elt_arguments/elt_arguments/expanded_control/1024/width=16/nulls=false/fixed_literal=false/literal_null=false/index=dynamic,72,13608.0,71356003.0,5243.680408583186
unconditional_hints,binary_expressions/elt_arguments/elt_arguments/expanded_control/1024/width=16/nulls=false/fixed_literal=false/literal_null=false/index=dynamic,73,13797.0,72079192.0,5224.2655649778935
unconditional_hints,binary_expressions/elt_arguments/elt_arguments/expanded_control/1024/width=16/nulls=false/fixed_literal=false/literal_null=false/index=dynamic,74,13986.0,73262071.0,5238.243314743315
unconditional_hints,binary_expressions/elt_arguments/elt_arguments/expanded_control/1024/width=16/nulls=false/fixed_literal=false/literal_null=false/index=dynamic,75,14175.0,76038460.0,5364.2652557319225
unconditional_hints,binary_expressions/elt_arguments/elt_arguments/expanded_control/1024/width=16/nulls=false/fixed_literal=false/literal_null=false/index=dynamic,76,14364.0,75607219.0,5263.660470620997
unconditional_hints,binary_expressions/elt_arguments/elt_arguments/expanded_control/1024/width=16/nulls=false/fixed_literal=false/literal_null=false/index=dynamic,77,14553.0,75782056.0,5207.315055315055
unconditional_hints,binary_expressions/elt_arguments/elt_arguments/expanded_control/1024/width=16/nulls=false/fixed_literal=false/literal_null=false/index=dynamic,78,14742.0,77020900.0,5224.5896079229415
unconditional_hints,binary_expressions/elt_arguments/elt_arguments/expanded_control/1024/width=16/nulls=false/fixed_literal=false/literal_null=false/index=dynamic,79,14931.0,78295581.0,5243.827004219409
unconditional_hints,binary_expressions/elt_arguments/elt_arguments/expanded_control/1024/width=16/nulls=false/fixed_literal=false/literal_null=false/index=dynamic,80,15120.0,79351100.0,5248.088624338624
unconditional_hints,binary_expressions/elt_arguments/elt_arguments/expanded_control/1024/width=16/nulls=false/fixed_literal=false/literal_null=false/index=dynamic,81,15309.0,79652696.0,5202.997975047358
unconditional_hints,binary_expressions/elt_arguments/elt_arguments/expanded_control/1024/width=16/nulls=false/fixed_literal=false/literal_null=false/index=dynamic,82,15498.0,81436389.0,5254.6385985288425
unconditional_hints,binary_expressions/elt_arguments/elt_arguments/expanded_control/1024/width=16/nulls=false/fixed_literal=false/literal_null=false/index=dynamic,83,15687.0,81845854.0,5217.43188627526
unconditional_hints,binary_expressions/elt_arguments/elt_arguments/expanded_control/1024/width=16/nulls=false/fixed_literal=false/literal_null=false/index=dynamic,84,15876.0,82703146.0,5209.318846056941
unconditional_hints,binary_expressions/elt_arguments/elt_arguments/expanded_control/1024/width=16/nulls=false/fixed_literal=false/literal_null=false/index=dynamic,85,16065.0,82873445.0,5158.633364456894
unconditional_hints,binary_expressions/elt_arguments/elt_arguments/expanded_control/1024/width=16/nulls=false/fixed_literal=false/literal_null=false/index=dynamic,86,16254.0,87758616.0,5399.201181247693
unconditional_hints,binary_expressions/elt_arguments/elt_arguments/expanded_control/1024/width=16/nulls=false/fixed_literal=false/literal_null=false/index=dynamic,87,16443.0,84812685.0,5157.981207808794
unconditional_hints,binary_expressions/elt_arguments/elt_arguments/expanded_control/1024/width=16/nulls=false/fixed_literal=false/literal_null=false/index=dynamic,88,16632.0,87944145.0,5287.647005772006
unconditional_hints,binary_expressions/elt_arguments/elt_arguments/expanded_control/1024/width=16/nulls=false/fixed_literal=false/literal_null=false/index=dynamic,89,16821.0,89666570.0,5330.632542655015
unconditional_hints,binary_expressions/elt_arguments/elt_arguments/expanded_control/1024/width=16/nulls=false/fixed_literal=false/literal_null=false/index=dynamic,90,17010.0,89372976.0,5254.143209876544
unconditional_hints,binary_expressions/elt_arguments/elt_arguments/expanded_control/1024/width=16/nulls=false/fixed_literal=false/literal_null=false/index=dynamic,91,17199.0,91709882.0,5332.279899994186
unconditional_hints,binary_expressions/elt_arguments/elt_arguments/expanded_control/1024/width=16/nulls=false/fixed_literal=false/literal_null=false/index=dynamic,92,17388.0,91769984.0,5277.776857602945
unconditional_hints,binary_expressions/elt_arguments/elt_arguments/expanded_control/1024/width=16/nulls=false/fixed_literal=false/literal_null=false/index=dynamic,93,17577.0,91398310.0,5199.881094612278
unconditional_hints,binary_expressions/elt_arguments/elt_arguments/expanded_control/1024/width=16/nulls=false/fixed_literal=false/literal_null=false/index=dynamic,94,17766.0,93016976.0,5235.673533716087
unconditional_hints,binary_expressions/elt_arguments/elt_arguments/expanded_control/1024/width=16/nulls=false/fixed_literal=false/literal_null=false/index=dynamic,95,17955.0,99197195.0,5524.7671957671955
unconditional_hints,binary_expressions/elt_arguments/elt_arguments/expanded_control/1024/width=16/nulls=false/fixed_literal=false/literal_null=false/index=dynamic,96,18144.0,95803840.0,5280.1940035273365
unconditional_hints,binary_expressions/elt_arguments/elt_arguments/expanded_control/1024/width=16/nulls=false/fixed_literal=false/literal_null=false/index=dynamic,97,18333.0,95850216.0,5228.288659793814
unconditional_hints,binary_expressions/elt_arguments/elt_arguments/expanded_control/1024/width=16/nulls=false/fixed_literal=false/literal_null=false/index=dynamic,98,18522.0,97571644.0,5267.878414858007
unconditional_hints,binary_expressions/elt_arguments/elt_arguments/expanded_control/1024/width=16/nulls=false/fixed_literal=false/literal_null=false/index=dynamic,99,18711.0,98268595.0,5251.915718026829
unconditional_hints,binary_expressions/elt_arguments/elt_arguments/expanded_control/1024/width=16/nulls=false/fixed_literal=false/literal_null=false/index=dynamic,100,18900.0,97323292.0,5149.380529100529
unconditional_hints,binary_expressions/elt_arguments/elt_arguments/scalar/1024/width=16/nulls=false/fixed_literal=false/literal_null=false/index=dynamic,1,193.0,1054870.0,5465.647668393783
unconditional_hints,binary_expressions/elt_arguments/elt_arguments/scalar/1024/width=16/nulls=false/fixed_literal=false/literal_null=false/index=dynamic,2,386.0,3121880.0,8087.772020725389
unconditional_hints,binary_expressions/elt_arguments/elt_arguments/scalar/1024/width=16/nulls=false/fixed_literal=false/literal_null=false/index=dynamic,3,579.0,3074881.0,5310.67530224525
unconditional_hints,binary_expressions/elt_arguments/elt_arguments/scalar/1024/width=16/nulls=false/fixed_literal=false/literal_null=false/index=dynamic,4,772.0,4000763.0,5182.33549222798
unconditional_hints,binary_expressions/elt_arguments/elt_arguments/scalar/1024/width=16/nulls=false/fixed_literal=false/literal_null=false/index=dynamic,5,965.0,4905044.0,5082.947150259068
unconditional_hints,binary_expressions/elt_arguments/elt_arguments/scalar/1024/width=16/nulls=false/fixed_literal=false/literal_null=false/index=dynamic,6,1158.0,5885879.0,5082.797063903282
unconditional_hints,binary_expressions/elt_arguments/elt_arguments/scalar/1024/width=16/nulls=false/fixed_literal=false/literal_null=false/index=dynamic,7,1351.0,6827320.0,5053.530717986677
unconditional_hints,binary_expressions/elt_arguments/elt_arguments/scalar/1024/width=16/nulls=false/fixed_literal=false/literal_null=false/index=dynamic,8,1544.0,8029775.0,5200.631476683938
unconditional_hints,binary_expressions/elt_arguments/elt_arguments/scalar/1024/width=16/nulls=false/fixed_literal=false/literal_null=false/index=dynamic,9,1737.0,9291325.0,5349.064478986758
unconditional_hints,binary_expressions/elt_arguments/elt_arguments/scalar/1024/width=16/nulls=false/fixed_literal=false/literal_null=false/index=dynamic,10,1930.0,9776510.0,5065.5492227979275
unconditional_hints,binary_expressions/elt_arguments/elt_arguments/scalar/1024/width=16/nulls=false/fixed_literal=false/literal_null=false/index=dynamic,11,2123.0,10800698.0,5087.469618464437
unconditional_hints,binary_expressions/elt_arguments/elt_arguments/scalar/1024/width=16/nulls=false/fixed_literal=false/literal_null=false/index=dynamic,12,2316.0,12213559.0,5273.557426597582
unconditional_hints,binary_expressions/elt_arguments/elt_arguments/scalar/1024/width=16/nulls=false/fixed_literal=false/literal_null=false/index=dynamic,13,2509.0,12942359.0,5158.373455559984
unconditional_hints,binary_expressions/elt_arguments/elt_arguments/scalar/1024/width=16/nulls=false/fixed_literal=false/literal_null=false/index=dynamic,14,2702.0,13728869.0,5081.0025906735755
unconditional_hints,binary_expressions/elt_arguments/elt_arguments/scalar/1024/width=16/nulls=false/fixed_literal=false/literal_null=false/index=dynamic,15,2895.0,15256536.0,5269.960621761658
unconditional_hints,binary_expressions/elt_arguments/elt_arguments/scalar/1024/width=16/nulls=false/fixed_literal=false/literal_null=false/index=dynamic,16,3088.0,15716318.0,5089.481217616581
unconditional_hints,binary_expressions/elt_arguments/elt_arguments/scalar/1024/width=16/nulls=false/fixed_literal=false/literal_null=false/index=dynamic,17,3281.0,16713615.0,5094.061261810423
unconditional_hints,binary_expressions/elt_arguments/elt_arguments/scalar/1024/width=16/nulls=false/fixed_literal=false/literal_null=false/index=dynamic,18,3474.0,17545834.0,5050.614277489925
unconditional_hints,binary_expressions/elt_arguments/elt_arguments/scalar/1024/width=16/nulls=false/fixed_literal=false/literal_null=false/index=dynamic,19,3667.0,18995587.0,5180.143714207799
unconditional_hints,binary_expressions/elt_arguments/elt_arguments/scalar/1024/width=16/nulls=false/fixed_literal=false/literal_null=false/index=dynamic,20,3860.0,19718477.0,5108.413730569948
unconditional_hints,binary_expressions/elt_arguments/elt_arguments/scalar/1024/width=16/nulls=false/fixed_literal=false/literal_null=false/index=dynamic,21,4053.0,20616256.0,5086.6656797434
unconditional_hints,binary_expressions/elt_arguments/elt_arguments/scalar/1024/width=16/nulls=false/fixed_literal=false/literal_null=false/index=dynamic,22,4246.0,21601084.0,5087.3961375412155
unconditional_hints,binary_expressions/elt_arguments/elt_arguments/scalar/1024/width=16/nulls=false/fixed_literal=false/literal_null=false/index=dynamic,23,4439.0,23088769.0,5201.344672223474
unconditional_hints,binary_expressions/elt_arguments/elt_arguments/scalar/1024/width=16/nulls=false/fixed_literal=false/literal_null=false/index=dynamic,24,4632.0,23467728.0,5066.4352331606215
unconditional_hints,binary_expressions/elt_arguments/elt_arguments/scalar/1024/width=16/nulls=false/fixed_literal=false/literal_null=false/index=dynamic,25,4825.0,24556624.0,5089.455751295337
unconditional_hints,binary_expressions/elt_arguments/elt_arguments/scalar/1024/width=16/nulls=false/fixed_literal=false/literal_null=false/index=dynamic,26,5018.0,25502068.0,5082.117975288959
unconditional_hints,binary_expressions/elt_arguments/elt_arguments/scalar/1024/width=16/nulls=false/fixed_literal=false/literal_null=false/index=dynamic,27,5211.0,26607024.0,5105.934369602764
unconditional_hints,binary_expressions/elt_arguments/elt_arguments/scalar/1024/width=16/nulls=false/fixed_literal=false/literal_null=false/index=dynamic,28,5404.0,27423261.0,5074.622686898593
unconditional_hints,binary_expressions/elt_arguments/elt_arguments/scalar/1024/width=16/nulls=false/fixed_literal=false/literal_null=false/index=dynamic,29,5597.0,29788531.0,5322.231731284617
unconditional_hints,binary_expressions/elt_arguments/elt_arguments/scalar/1024/width=16/nulls=false/fixed_literal=false/literal_null=false/index=dynamic,30,5790.0,29374664.0,5073.3443868739205
unconditional_hints,binary_expressions/elt_arguments/elt_arguments/scalar/1024/width=16/nulls=false/fixed_literal=false/literal_null=false/index=dynamic,31,5983.0,31092736.0,5196.847066688952
unconditional_hints,binary_expressions/elt_arguments/elt_arguments/scalar/1024/width=16/nulls=false/fixed_literal=false/literal_null=false/index=dynamic,32,6176.0,32769120.0,5305.880829015544
unconditional_hints,binary_expressions/elt_arguments/elt_arguments/scalar/1024/width=16/nulls=false/fixed_literal=false/literal_null=false/index=dynamic,33,6369.0,32513143.0,5104.905479667138
unconditional_hints,binary_expressions/elt_arguments/elt_arguments/scalar/1024/width=16/nulls=false/fixed_literal=false/literal_null=false/index=dynamic,34,6562.0,33540141.0,5111.2680585187445
unconditional_hints,binary_expressions/elt_arguments/elt_arguments/scalar/1024/width=16/nulls=false/fixed_literal=false/literal_null=false/index=dynamic,35,6755.0,34863315.0,5161.112509252405
unconditional_hints,binary_expressions/elt_arguments/elt_arguments/scalar/1024/width=16/nulls=false/fixed_literal=false/literal_null=false/index=dynamic,36,6948.0,36916062.0,5313.192573402418
unconditional_hints,binary_expressions/elt_arguments/elt_arguments/scalar/1024/width=16/nulls=false/fixed_literal=false/literal_null=false/index=dynamic,37,7141.0,37932845.0,5311.979414647809
unconditional_hints,binary_expressions/elt_arguments/elt_arguments/scalar/1024/width=16/nulls=false/fixed_literal=false/literal_null=false/index=dynamic,38,7334.0,37430392.0,5103.680392691574
unconditional_hints,binary_expressions/elt_arguments/elt_arguments/scalar/1024/width=16/nulls=false/fixed_literal=false/literal_null=false/index=dynamic,39,7527.0,38603093.0,5128.61604889066
unconditional_hints,binary_expressions/elt_arguments/elt_arguments/scalar/1024/width=16/nulls=false/fixed_literal=false/literal_null=false/index=dynamic,40,7720.0,39912413.0,5170.001683937824
unconditional_hints,binary_expressions/elt_arguments/elt_arguments/scalar/1024/width=16/nulls=false/fixed_literal=false/literal_null=false/index=dynamic,41,7913.0,40538999.0,5123.088462024517
unconditional_hints,binary_expressions/elt_arguments/elt_arguments/scalar/1024/width=16/nulls=false/fixed_literal=false/literal_null=false/index=dynamic,42,8106.0,42593019.0,5254.50518134715
unconditional_hints,binary_expressions/elt_arguments/elt_arguments/scalar/1024/width=16/nulls=false/fixed_literal=false/literal_null=false/index=dynamic,43,8299.0,42633442.0,5137.17821424268
unconditional_hints,binary_expressions/elt_arguments/elt_arguments/scalar/1024/width=16/nulls=false/fixed_literal=false/literal_null=false/index=dynamic,44,8492.0,43131267.0,5079.046985398022
unconditional_hints,binary_expressions/elt_arguments/elt_arguments/scalar/1024/width=16/nulls=false/fixed_literal=false/literal_null=false/index=dynamic,45,8685.0,45052858.0,5187.433275762809
unconditional_hints,binary_expressions/elt_arguments/elt_arguments/scalar/1024/width=16/nulls=false/fixed_literal=false/literal_null=false/index=dynamic,46,8878.0,45437318.0,5117.967785537283
unconditional_hints,binary_expressions/elt_arguments/elt_arguments/scalar/1024/width=16/nulls=false/fixed_literal=false/literal_null=false/index=dynamic,47,9071.0,47733473.0,5262.206261713151
unconditional_hints,binary_expressions/elt_arguments/elt_arguments/scalar/1024/width=16/nulls=false/fixed_literal=false/literal_null=false/index=dynamic,48,9264.0,47293079.0,5105.038752158895
unconditional_hints,binary_expressions/elt_arguments/elt_arguments/scalar/1024/width=16/nulls=false/fixed_literal=false/literal_null=false/index=dynamic,49,9457.0,48825028.0,5162.845299777942
unconditional_hints,binary_expressions/elt_arguments/elt_arguments/scalar/1024/width=16/nulls=false/fixed_literal=false/literal_null=false/index=dynamic,50,9650.0,50224510.0,5204.612435233161
unconditional_hints,binary_expressions/elt_arguments/elt_arguments/scalar/1024/width=16/nulls=false/fixed_literal=false/literal_null=false/index=dynamic,51,9843.0,50787673.0,5159.775779741949
unconditional_hints,binary_expressions/elt_arguments/elt_arguments/scalar/1024/width=16/nulls=false/fixed_literal=false/literal_null=false/index=dynamic,52,10036.0,50993230.0,5081.031287365484
unconditional_hints,binary_expressions/elt_arguments/elt_arguments/scalar/1024/width=16/nulls=false/fixed_literal=false/literal_null=false/index=dynamic,53,10229.0,52124946.0,5095.800762537882
unconditional_hints,binary_expressions/elt_arguments/elt_arguments/scalar/1024/width=16/nulls=false/fixed_literal=false/literal_null=false/index=dynamic,54,10422.0,53236596.0,5108.097869890616
unconditional_hints,binary_expressions/elt_arguments/elt_arguments/scalar/1024/width=16/nulls=false/fixed_literal=false/literal_null=false/index=dynamic,55,10615.0,56624735.0,5334.407442298634
unconditional_hints,binary_expressions/elt_arguments/elt_arguments/scalar/1024/width=16/nulls=false/fixed_literal=false/literal_null=false/index=dynamic,56,10808.0,55772377.0,5160.286547002221
unconditional_hints,binary_expressions/elt_arguments/elt_arguments/scalar/1024/width=16/nulls=false/fixed_literal=false/literal_null=false/index=dynamic,57,11001.0,56380760.0,5125.057722025271
unconditional_hints,binary_expressions/elt_arguments/elt_arguments/scalar/1024/width=16/nulls=false/fixed_literal=false/literal_null=false/index=dynamic,58,11194.0,57117277.0,5102.490351974272
unconditional_hints,binary_expressions/elt_arguments/elt_arguments/scalar/1024/width=16/nulls=false/fixed_literal=false/literal_null=false/index=dynamic,59,11387.0,58452337.0,5133.251690524282
unconditional_hints,binary_expressions/elt_arguments/elt_arguments/scalar/1024/width=16/nulls=false/fixed_literal=false/literal_null=false/index=dynamic,60,11580.0,59925493.0,5174.913039723661
unconditional_hints,binary_expressions/elt_arguments/elt_arguments/scalar/1024/width=16/nulls=false/fixed_literal=false/literal_null=false/index=dynamic,61,11773.0,59954593.0,5092.550157139217
unconditional_hints,binary_expressions/elt_arguments/elt_arguments/scalar/1024/width=16/nulls=false/fixed_literal=false/literal_null=false/index=dynamic,62,11966.0,61939473.0,5176.288901888684
unconditional_hints,binary_expressions/elt_arguments/elt_arguments/scalar/1024/width=16/nulls=false/fixed_literal=false/literal_null=false/index=dynamic,63,12159.0,62021085.0,5100.837651122625
unconditional_hints,binary_expressions/elt_arguments/elt_arguments/scalar/1024/width=16/nulls=false/fixed_literal=false/literal_null=false/index=dynamic,64,12352.0,63875843.0,5171.295579663212
unconditional_hints,binary_expressions/elt_arguments/elt_arguments/scalar/1024/width=16/nulls=false/fixed_literal=false/literal_null=false/index=dynamic,65,12545.0,64203140.0,5117.827022718215
unconditional_hints,binary_expressions/elt_arguments/elt_arguments/scalar/1024/width=16/nulls=false/fixed_literal=false/literal_null=false/index=dynamic,66,12738.0,65141685.0,5113.964908148846
unconditional_hints,binary_expressions/elt_arguments/elt_arguments/scalar/1024/width=16/nulls=false/fixed_literal=false/literal_null=false/index=dynamic,67,12931.0,66095597.0,5111.406465083907
unconditional_hints,binary_expressions/elt_arguments/elt_arguments/scalar/1024/width=16/nulls=false/fixed_literal=false/literal_null=false/index=dynamic,68,13124.0,67482084.0,5141.883876866809
unconditional_hints,binary_expressions/elt_arguments/elt_arguments/scalar/1024/width=16/nulls=false/fixed_literal=false/literal_null=false/index=dynamic,69,13317.0,67940413.0,5101.780656303972
unconditional_hints,binary_expressions/elt_arguments/elt_arguments/scalar/1024/width=16/nulls=false/fixed_literal=false/literal_null=false/index=dynamic,70,13510.0,71516786.0,5293.618504811251
unconditional_hints,binary_expressions/elt_arguments/elt_arguments/scalar/1024/width=16/nulls=false/fixed_literal=false/literal_null=false/index=dynamic,71,13703.0,71648903.0,5228.70196307378
unconditional_hints,binary_expressions/elt_arguments/elt_arguments/scalar/1024/width=16/nulls=false/fixed_literal=false/literal_null=false/index=dynamic,72,13896.0,72894769.0,5245.737550374209
unconditional_hints,binary_expressions/elt_arguments/elt_arguments/scalar/1024/width=16/nulls=false/fixed_literal=false/literal_null=false/index=dynamic,73,14089.0,72894481.0,5173.857690396763
unconditional_hints,binary_expressions/elt_arguments/elt_arguments/scalar/1024/width=16/nulls=false/fixed_literal=false/literal_null=false/index=dynamic,74,14282.0,73879927.0,5172.939854362134
unconditional_hints,binary_expressions/elt_arguments/elt_arguments/scalar/1024/width=16/nulls=false/fixed_literal=false/literal_null=false/index=dynamic,75,14475.0,74139293.0,5121.885526770294
unconditional_hints,binary_expressions/elt_arguments/elt_arguments/scalar/1024/width=16/nulls=false/fixed_literal=false/literal_null=false/index=dynamic,76,14668.0,74991124.0,5112.5664030542675
unconditional_hints,binary_expressions/elt_arguments/elt_arguments/scalar/1024/width=16/nulls=false/fixed_literal=false/literal_null=false/index=dynamic,77,14861.0,75861524.0,5104.738846645582
unconditional_hints,binary_expressions/elt_arguments/elt_arguments/scalar/1024/width=16/nulls=false/fixed_literal=false/literal_null=false/index=dynamic,78,15054.0,77698151.0,5161.296067490368
unconditional_hints,binary_expressions/elt_arguments/elt_arguments/scalar/1024/width=16/nulls=false/fixed_literal=false/literal_null=false/index=dynamic,79,15247.0,77911781.0,5109.974486784286
unconditional_hints,binary_expressions/elt_arguments/elt_arguments/scalar/1024/width=16/nulls=false/fixed_literal=false/literal_null=false/index=dynamic,80,15440.0,78751364.0,5100.476943005181
unconditional_hints,binary_expressions/elt_arguments/elt_arguments/scalar/1024/width=16/nulls=false/fixed_literal=false/literal_null=false/index=dynamic,81,15633.0,80074785.0,5122.163692189599
unconditional_hints,binary_expressions/elt_arguments/elt_arguments/scalar/1024/width=16/nulls=false/fixed_literal=false/literal_null=false/index=dynamic,82,15826.0,80290064.0,5073.3011500063185
unconditional_hints,binary_expressions/elt_arguments/elt_arguments/scalar/1024/width=16/nulls=false/fixed_literal=false/literal_null=false/index=dynamic,83,16019.0,81723803.0,5101.679443161246
unconditional_hints,binary_expressions/elt_arguments/elt_arguments/scalar/1024/width=16/nulls=false/fixed_literal=false/literal_null=false/index=dynamic,84,16212.0,82833222.0,5109.377128053294
unconditional_hints,binary_expressions/elt_arguments/elt_arguments/scalar/1024/width=16/nulls=false/fixed_literal=false/literal_null=false/index=dynamic,85,16405.0,83588484.0,5095.305333739713
unconditional_hints,binary_expressions/elt_arguments/elt_arguments/scalar/1024/width=16/nulls=false/fixed_literal=false/literal_null=false/index=dynamic,86,16598.0,85116071.0,5128.091999036028
unconditional_hints,binary_expressions/elt_arguments/elt_arguments/scalar/1024/width=16/nulls=false/fixed_literal=false/literal_null=false/index=dynamic,87,16791.0,86621163.0,5158.785242093979
unconditional_hints,binary_expressions/elt_arguments/elt_arguments/scalar/1024/width=16/nulls=false/fixed_literal=false/literal_null=false/index=dynamic,88,16984.0,86507254.0,5093.455840791333
unconditional_hints,binary_expressions/elt_arguments/elt_arguments/scalar/1024/width=16/nulls=false/fixed_literal=false/literal_null=false/index=dynamic,89,17177.0,87128010.0,5072.364790126332
unconditional_hints,binary_expressions/elt_arguments/elt_arguments/scalar/1024/width=16/nulls=false/fixed_literal=false/literal_null=false/index=dynamic,90,17370.0,88703514.0,5106.707772020725
unconditional_hints,binary_expressions/elt_arguments/elt_arguments/scalar/1024/width=16/nulls=false/fixed_literal=false/literal_null=false/index=dynamic,91,17563.0,89556073.0,5099.133006889484
unconditional_hints,binary_expressions/elt_arguments/elt_arguments/scalar/1024/width=16/nulls=false/fixed_literal=false/literal_null=false/index=dynamic,92,17756.0,91849179.0,5172.853063753098
unconditional_hints,binary_expressions/elt_arguments/elt_arguments/scalar/1024/width=16/nulls=false/fixed_literal=false/literal_null=false/index=dynamic,93,17949.0,91942803.0,5122.447100116998
unconditional_hints,binary_expressions/elt_arguments/elt_arguments/scalar/1024/width=16/nulls=false/fixed_literal=false/literal_null=false/index=dynamic,94,18142.0,91535977.0,5045.5284422886125
unconditional_hints,binary_expressions/elt_arguments/elt_arguments/scalar/1024/width=16/nulls=false/fixed_literal=false/literal_null=false/index=dynamic,95,18335.0,98216998.0,5356.803817834742
unconditional_hints,binary_expressions/elt_arguments/elt_arguments/scalar/1024/width=16/nulls=false/fixed_literal=false/literal_null=false/index=dynamic,96,18528.0,94572864.0,5104.321243523316
unconditional_hints,binary_expressions/elt_arguments/elt_arguments/scalar/1024/width=16/nulls=false/fixed_literal=false/literal_null=false/index=dynamic,97,18721.0,97814329.0,5224.845307408792
unconditional_hints,binary_expressions/elt_arguments/elt_arguments/scalar/1024/width=16/nulls=false/fixed_literal=false/literal_null=false/index=dynamic,98,18914.0,96054255.0,5078.473881780692
unconditional_hints,binary_expressions/elt_arguments/elt_arguments/scalar/1024/width=16/nulls=false/fixed_literal=false/literal_null=false/index=dynamic,99,19107.0,97303670.0,5092.566598628775
unconditional_hints,binary_expressions/elt_arguments/elt_arguments/scalar/1024/width=16/nulls=false/fixed_literal=false/literal_null=false/index=dynamic,100,19300.0,98737143.0,5115.914145077721
published_control_f0aa2c43,binary_expressions/elt_all_scalar/elt_all_scalar/width=0/values=3/fixed_literal=false/nulls=false/index=Some(1),1,896.0,1034025.0,1154.0457589285713
published_control_f0aa2c43,binary_expressions/elt_all_scalar/elt_all_scalar/width=0/values=3/fixed_literal=false/nulls=false/index=Some(1),2,1792.0,2169020.0,1210.390625
published_control_f0aa2c43,binary_expressions/elt_all_scalar/elt_all_scalar/width=0/values=3/fixed_literal=false/nulls=false/index=Some(1),3,2688.0,3109235.0,1156.709449404762
published_control_f0aa2c43,binary_expressions/elt_all_scalar/elt_all_scalar/width=0/values=3/fixed_literal=false/nulls=false/index=Some(1),4,3584.0,3964542.0,1106.178013392857
published_control_f0aa2c43,binary_expressions/elt_all_scalar/elt_all_scalar/width=0/values=3/fixed_literal=false/nulls=false/index=Some(1),5,4480.0,4979636.0,1111.525892857143
published_control_f0aa2c43,binary_expressions/elt_all_scalar/elt_all_scalar/width=0/values=3/fixed_literal=false/nulls=false/index=Some(1),6,5376.0,6203699.0,1153.9618675595239
published_control_f0aa2c43,binary_expressions/elt_all_scalar/elt_all_scalar/width=0/values=3/fixed_literal=false/nulls=false/index=Some(1),7,6272.0,6806775.0,1085.2638711734694
published_control_f0aa2c43,binary_expressions/elt_all_scalar/elt_all_scalar/width=0/values=3/fixed_literal=false/nulls=false/index=Some(1),8,7168.0,7930743.0,1106.409458705357
published_control_f0aa2c43,binary_expressions/elt_all_scalar/elt_all_scalar/width=0/values=3/fixed_literal=false/nulls=false/index=Some(1),9,8064.0,8694348.0,1078.1681547619048
published_control_f0aa2c43,binary_expressions/elt_all_scalar/elt_all_scalar/width=0/values=3/fixed_literal=false/nulls=false/index=Some(1),10,8960.0,9824424.0,1096.4758928571428
published_control_f0aa2c43,binary_expressions/elt_all_scalar/elt_all_scalar/width=0/values=3/fixed_literal=false/nulls=false/index=Some(1),11,9856.0,10605743.0,1076.0697037337663
published_control_f0aa2c43,binary_expressions/elt_all_scalar/elt_all_scalar/width=0/values=3/fixed_literal=false/nulls=false/index=Some(1),12,10752.0,11667831.0,1085.177734375
published_control_f0aa2c43,binary_expressions/elt_all_scalar/elt_all_scalar/width=0/values=3/fixed_literal=false/nulls=false/index=Some(1),13,11648.0,12764520.0,1095.8550824175825
published_control_f0aa2c43,binary_expressions/elt_all_scalar/elt_all_scalar/width=0/values=3/fixed_literal=false/nulls=false/index=Some(1),14,12544.0,13577153.0,1082.362324617347
published_control_f0aa2c43,binary_expressions/elt_all_scalar/elt_all_scalar/width=0/values=3/fixed_literal=false/nulls=false/index=Some(1),15,13440.0,14468517.0,1076.5265625
published_control_f0aa2c43,binary_expressions/elt_all_scalar/elt_all_scalar/width=0/values=3/fixed_literal=false/nulls=false/index=Some(1),16,14336.0,15750189.0,1098.64599609375
published_control_f0aa2c43,binary_expressions/elt_all_scalar/elt_all_scalar/width=0/values=3/fixed_literal=false/nulls=false/index=Some(1),17,15232.0,16703537.0,1096.6082589285713
published_control_f0aa2c43,binary_expressions/elt_all_scalar/elt_all_scalar/width=0/values=3/fixed_literal=false/nulls=false/index=Some(1),18,16128.0,17610808.0,1091.9399801587301
published_control_f0aa2c43,binary_expressions/elt_all_scalar/elt_all_scalar/width=0/values=3/fixed_literal=false/nulls=false/index=Some(1),19,17024.0,18835795.0,1106.4259281015038
published_control_f0aa2c43,binary_expressions/elt_all_scalar/elt_all_scalar/width=0/values=3/fixed_literal=false/nulls=false/index=Some(1),20,17920.0,19551165.0,1091.0248325892858
published_control_f0aa2c43,binary_expressions/elt_all_scalar/elt_all_scalar/width=0/values=3/fixed_literal=false/nulls=false/index=Some(1),21,18816.0,20500245.0,1089.5113201530612
published_control_f0aa2c43,binary_expressions/elt_all_scalar/elt_all_scalar/width=0/values=3/fixed_literal=false/nulls=false/index=Some(1),22,19712.0,21392819.0,1085.2688210227273
published_control_f0aa2c43,binary_expressions/elt_all_scalar/elt_all_scalar/width=0/values=3/fixed_literal=false/nulls=false/index=Some(1),23,20608.0,22780069.0,1105.3993109472049
published_control_f0aa2c43,binary_expressions/elt_all_scalar/elt_all_scalar/width=0/values=3/fixed_literal=false/nulls=false/index=Some(1),24,21504.0,24273360.0,1128.783482142857
published_control_f0aa2c43,binary_expressions/elt_all_scalar/elt_all_scalar/width=0/values=3/fixed_literal=false/nulls=false/index=Some(1),25,22400.0,24550213.0,1095.9916517857143
published_control_f0aa2c43,binary_expressions/elt_all_scalar/elt_all_scalar/width=0/values=3/fixed_literal=false/nulls=false/index=Some(1),26,23296.0,25313875.0,1086.6189474587911
published_control_f0aa2c43,binary_expressions/elt_all_scalar/elt_all_scalar/width=0/values=3/fixed_literal=false/nulls=false/index=Some(1),27,24192.0,26437575.0,1092.8230406746031
published_control_f0aa2c43,binary_expressions/elt_all_scalar/elt_all_scalar/width=0/values=3/fixed_literal=false/nulls=false/index=Some(1),28,25088.0,27933466.0,1113.4194036989795
published_control_f0aa2c43,binary_expressions/elt_all_scalar/elt_all_scalar/width=0/values=3/fixed_literal=false/nulls=false/index=Some(1),29,25984.0,28575153.0,1099.7210975985222
published_control_f0aa2c43,binary_expressions/elt_all_scalar/elt_all_scalar/width=0/values=3/fixed_literal=false/nulls=false/index=Some(1),30,26880.0,29799519.0,1108.6130580357142
published_control_f0aa2c43,binary_expressions/elt_all_scalar/elt_all_scalar/width=0/values=3/fixed_literal=false/nulls=false/index=Some(1),31,27776.0,30587725.0,1101.2285786290322
published_control_f0aa2c43,binary_expressions/elt_all_scalar/elt_all_scalar/width=0/values=3/fixed_literal=false/nulls=false/index=Some(1),32,28672.0,31503389.0,1098.751011439732
published_control_f0aa2c43,binary_expressions/elt_all_scalar/elt_all_scalar/width=0/values=3/fixed_literal=false/nulls=false/index=Some(1),33,29568.0,32262030.0,1091.1130275974026
published_control_f0aa2c43,binary_expressions/elt_all_scalar/elt_all_scalar/width=0/values=3/fixed_literal=false/nulls=false/index=Some(1),34,30464.0,33219683.0,1090.45703125
published_control_f0aa2c43,binary_expressions/elt_all_scalar/elt_all_scalar/width=0/values=3/fixed_literal=false/nulls=false/index=Some(1),35,31360.0,35061850.0,1118.0436862244899
published_control_f0aa2c43,binary_expressions/elt_all_scalar/elt_all_scalar/width=0/values=3/fixed_literal=false/nulls=false/index=Some(1),36,32256.0,35186446.0,1090.849640376984
published_control_f0aa2c43,binary_expressions/elt_all_scalar/elt_all_scalar/width=0/values=3/fixed_literal=false/nulls=false/index=Some(1),37,33152.0,35832759.0,1080.8626628861005
published_control_f0aa2c43,binary_expressions/elt_all_scalar/elt_all_scalar/width=0/values=3/fixed_literal=false/nulls=false/index=Some(1),38,34048.0,38327027.0,1125.6763099154136
published_control_f0aa2c43,binary_expressions/elt_all_scalar/elt_all_scalar/width=0/values=3/fixed_literal=false/nulls=false/index=Some(1),39,34944.0,38419004.0,1099.4449404761904
published_control_f0aa2c43,binary_expressions/elt_all_scalar/elt_all_scalar/width=0/values=3/fixed_literal=false/nulls=false/index=Some(1),40,35840.0,40262466.0,1123.3946986607143
published_control_f0aa2c43,binary_expressions/elt_all_scalar/elt_all_scalar/width=0/values=3/fixed_literal=false/nulls=false/index=Some(1),41,36736.0,40177695.0,1093.6872550087107
published_control_f0aa2c43,binary_expressions/elt_all_scalar/elt_all_scalar/width=0/values=3/fixed_literal=false/nulls=false/index=Some(1),42,37632.0,41316588.0,1097.9110331632653
published_control_f0aa2c43,binary_expressions/elt_all_scalar/elt_all_scalar/width=0/values=3/fixed_literal=false/nulls=false/index=Some(1),43,38528.0,42459760.0,1102.0494186046512
published_control_f0aa2c43,binary_expressions/elt_all_scalar/elt_all_scalar/width=0/values=3/fixed_literal=false/nulls=false/index=Some(1),44,39424.0,42848780.0,1086.8704342532467
published_control_f0aa2c43,binary_expressions/elt_all_scalar/elt_all_scalar/width=0/values=3/fixed_literal=false/nulls=false/index=Some(1),45,40320.0,44203019.0,1096.3050347222222
published_control_f0aa2c43,binary_expressions/elt_all_scalar/elt_all_scalar/width=0/values=3/fixed_literal=false/nulls=false/index=Some(1),46,41216.0,46253597.0,1122.2243060947205
published_control_f0aa2c43,binary_expressions/elt_all_scalar/elt_all_scalar/width=0/values=3/fixed_literal=false/nulls=false/index=Some(1),47,42112.0,46529412.0,1104.896751519757
published_control_f0aa2c43,binary_expressions/elt_all_scalar/elt_all_scalar/width=0/values=3/fixed_literal=false/nulls=false/index=Some(1),48,43008.0,46674588.0,1085.253627232143
published_control_f0aa2c43,binary_expressions/elt_all_scalar/elt_all_scalar/width=0/values=3/fixed_literal=false/nulls=false/index=Some(1),49,43904.0,48080874.0,1095.1365251457726
published_control_f0aa2c43,binary_expressions/elt_all_scalar/elt_all_scalar/width=0/values=3/fixed_literal=false/nulls=false/index=Some(1),50,44800.0,49002423.0,1093.8040848214287
published_control_f0aa2c43,binary_expressions/elt_all_scalar/elt_all_scalar/width=0/values=3/fixed_literal=false/nulls=false/index=Some(1),51,45696.0,50825474.0,1112.252144607843
published_control_f0aa2c43,binary_expressions/elt_all_scalar/elt_all_scalar/width=0/values=3/fixed_literal=false/nulls=false/index=Some(1),52,46592.0,50630366.0,1086.6750944368132
published_control_f0aa2c43,binary_expressions/elt_all_scalar/elt_all_scalar/width=0/values=3/fixed_literal=false/nulls=false/index=Some(1),53,47488.0,52421984.0,1103.8995956873316
published_control_f0aa2c43,binary_expressions/elt_all_scalar/elt_all_scalar/width=0/values=3/fixed_literal=false/nulls=false/index=Some(1),54,48384.0,52683267.0,1088.857204861111
published_control_f0aa2c43,binary_expressions/elt_all_scalar/elt_all_scalar/width=0/values=3/fixed_literal=false/nulls=false/index=Some(1),55,49280.0,53614243.0,1087.9513595779222
published_control_f0aa2c43,binary_expressions/elt_all_scalar/elt_all_scalar/width=0/values=3/fixed_literal=false/nulls=false/index=Some(1),56,50176.0,55346632.0,1103.0499043367347
published_control_f0aa2c43,binary_expressions/elt_all_scalar/elt_all_scalar/width=0/values=3/fixed_literal=false/nulls=false/index=Some(1),57,51072.0,56036394.0,1097.203829887218
published_control_f0aa2c43,binary_expressions/elt_all_scalar/elt_all_scalar/width=0/values=3/fixed_literal=false/nulls=false/index=Some(1),58,51968.0,57018345.0,1097.181823429803
published_control_f0aa2c43,binary_expressions/elt_all_scalar/elt_all_scalar/width=0/values=3/fixed_literal=false/nulls=false/index=Some(1),59,52864.0,57914048.0,1095.5290556900727
published_control_f0aa2c43,binary_expressions/elt_all_scalar/elt_all_scalar/width=0/values=3/fixed_literal=false/nulls=false/index=Some(1),60,53760.0,59705205.0,1110.587890625
published_control_f0aa2c43,binary_expressions/elt_all_scalar/elt_all_scalar/width=0/values=3/fixed_literal=false/nulls=false/index=Some(1),61,54656.0,59709498.0,1092.4600775761123
published_control_f0aa2c43,binary_expressions/elt_all_scalar/elt_all_scalar/width=0/values=3/fixed_literal=false/nulls=false/index=Some(1),62,55552.0,60954863.0,1097.2577584965438
published_control_f0aa2c43,binary_expressions/elt_all_scalar/elt_all_scalar/width=0/values=3/fixed_literal=false/nulls=false/index=Some(1),63,56448.0,63473595.0,1124.461362670068
published_control_f0aa2c43,binary_expressions/elt_all_scalar/elt_all_scalar/width=0/values=3/fixed_literal=false/nulls=false/index=Some(1),64,57344.0,62728066.0,1093.890659877232
published_control_f0aa2c43,binary_expressions/elt_all_scalar/elt_all_scalar/width=0/values=3/fixed_literal=false/nulls=false/index=Some(1),65,58240.0,65014609.0,1116.3222699175824
published_control_f0aa2c43,binary_expressions/elt_all_scalar/elt_all_scalar/width=0/values=3/fixed_literal=false/nulls=false/index=Some(1),66,59136.0,65523862.0,1108.01985254329
published_control_f0aa2c43,binary_expressions/elt_all_scalar/elt_all_scalar/width=0/values=3/fixed_literal=false/nulls=false/index=Some(1),67,60032.0,65669373.0,1093.9061333955224
published_control_f0aa2c43,binary_expressions/elt_all_scalar/elt_all_scalar/width=0/values=3/fixed_literal=false/nulls=false/index=Some(1),68,60928.0,67076319.0,1100.9112230829833
published_control_f0aa2c43,binary_expressions/elt_all_scalar/elt_all_scalar/width=0/values=3/fixed_literal=false/nulls=false/index=Some(1),69,61824.0,68521290.0,1108.3283190993789
published_control_f0aa2c43,binary_expressions/elt_all_scalar/elt_all_scalar/width=0/values=3/fixed_literal=false/nulls=false/index=Some(1),70,62720.0,69576593.0,1109.3206792091837
published_control_f0aa2c43,binary_expressions/elt_all_scalar/elt_all_scalar/width=0/values=3/fixed_literal=false/nulls=false/index=Some(1),71,63616.0,69500615.0,1092.5021221076458
published_control_f0aa2c43,binary_expressions/elt_all_scalar/elt_all_scalar/width=0/values=3/fixed_literal=false/nulls=false/index=Some(1),72,64512.0,71019364.0,1100.870597718254
published_control_f0aa2c43,binary_expressions/elt_all_scalar/elt_all_scalar/width=0/values=3/fixed_literal=false/nulls=false/index=Some(1),73,65408.0,73220679.0,1119.4453125
published_control_f0aa2c43,binary_expressions/elt_all_scalar/elt_all_scalar/width=0/values=3/fixed_literal=false/nulls=false/index=Some(1),74,66304.0,72972926.0,1100.5810509169885
published_control_f0aa2c43,binary_expressions/elt_all_scalar/elt_all_scalar/width=0/values=3/fixed_literal=false/nulls=false/index=Some(1),75,67200.0,73958869.0,1100.5784077380952
published_control_f0aa2c43,binary_expressions/elt_all_scalar/elt_all_scalar/width=0/values=3/fixed_literal=false/nulls=false/index=Some(1),76,68096.0,74907626.0,1100.0297521146617
published_control_f0aa2c43,binary_expressions/elt_all_scalar/elt_all_scalar/width=0/values=3/fixed_literal=false/nulls=false/index=Some(1),77,68992.0,75904147.0,1100.1876594387754
published_control_f0aa2c43,binary_expressions/elt_all_scalar/elt_all_scalar/width=0/values=3/fixed_literal=false/nulls=false/index=Some(1),78,69888.0,76904093.0,1100.3905248397436
published_control_f0aa2c43,binary_expressions/elt_all_scalar/elt_all_scalar/width=0/values=3/fixed_literal=false/nulls=false/index=Some(1),79,70784.0,77401964.0,1093.4951966546112
published_control_f0aa2c43,binary_expressions/elt_all_scalar/elt_all_scalar/width=0/values=3/fixed_literal=false/nulls=false/index=Some(1),80,71680.0,78679569.0,1097.6502371651786
published_control_f0aa2c43,binary_expressions/elt_all_scalar/elt_all_scalar/width=0/values=3/fixed_literal=false/nulls=false/index=Some(1),81,72576.0,79490485.0,1095.272335207231
published_control_f0aa2c43,binary_expressions/elt_all_scalar/elt_all_scalar/width=0/values=3/fixed_literal=false/nulls=false/index=Some(1),82,73472.0,81950792.0,1115.4016768292684
published_control_f0aa2c43,binary_expressions/elt_all_scalar/elt_all_scalar/width=0/values=3/fixed_literal=false/nulls=false/index=Some(1),83,74368.0,81178736.0,1091.5815404475043
published_control_f0aa2c43,binary_expressions/elt_all_scalar/elt_all_scalar/width=0/values=3/fixed_literal=false/nulls=false/index=Some(1),84,75264.0,82010950.0,1089.643787202381
published_control_f0aa2c43,binary_expressions/elt_all_scalar/elt_all_scalar/width=0/values=3/fixed_literal=false/nulls=false/index=Some(1),85,76160.0,83749784.0,1099.6557773109243
published_control_f0aa2c43,binary_expressions/elt_all_scalar/elt_all_scalar/width=0/values=3/fixed_literal=false/nulls=false/index=Some(1),86,77056.0,84649637.0,1098.5469917981727
published_control_f0aa2c43,binary_expressions/elt_all_scalar/elt_all_scalar/width=0/values=3/fixed_literal=false/nulls=false/index=Some(1),87,77952.0,85307824.0,1094.3635057471265
published_control_f0aa2c43,binary_expressions/elt_all_scalar/elt_all_scalar/width=0/values=3/fixed_literal=false/nulls=false/index=Some(1),88,78848.0,87793755.0,1113.4556995738637
published_control_f0aa2c43,binary_expressions/elt_all_scalar/elt_all_scalar/width=0/values=3/fixed_literal=false/nulls=false/index=Some(1),89,79744.0,88726049.0,1112.63604785313
published_control_f0aa2c43,binary_expressions/elt_all_scalar/elt_all_scalar/width=0/values=3/fixed_literal=false/nulls=false/index=Some(1),90,80640.0,88857029.0,1101.8976810515874
published_control_f0aa2c43,binary_expressions/elt_all_scalar/elt_all_scalar/width=0/values=3/fixed_literal=false/nulls=false/index=Some(1),91,81536.0,90021378.0,1104.0690983124018
published_control_f0aa2c43,binary_expressions/elt_all_scalar/elt_all_scalar/width=0/values=3/fixed_literal=false/nulls=false/index=Some(1),92,82432.0,90640217.0,1099.5756138392858
published_control_f0aa2c43,binary_expressions/elt_all_scalar/elt_all_scalar/width=0/values=3/fixed_literal=false/nulls=false/index=Some(1),93,83328.0,90786752.0,1089.510752688172
published_control_f0aa2c43,binary_expressions/elt_all_scalar/elt_all_scalar/width=0/values=3/fixed_literal=false/nulls=false/index=Some(1),94,84224.0,92306265.0,1095.9615430281156
published_control_f0aa2c43,binary_expressions/elt_all_scalar/elt_all_scalar/width=0/values=3/fixed_literal=false/nulls=false/index=Some(1),95,85120.0,95550339.0,1122.536877349624
published_control_f0aa2c43,binary_expressions/elt_all_scalar/elt_all_scalar/width=0/values=3/fixed_literal=false/nulls=false/index=Some(1),96,86016.0,97114638.0,1129.0299246651787
published_control_f0aa2c43,binary_expressions/elt_all_scalar/elt_all_scalar/width=0/values=3/fixed_literal=false/nulls=false/index=Some(1),97,86912.0,94745022.0,1090.1258974594994
published_control_f0aa2c43,binary_expressions/elt_all_scalar/elt_all_scalar/width=0/values=3/fixed_literal=false/nulls=false/index=Some(1),98,87808.0,96485046.0,1098.818399234694
published_control_f0aa2c43,binary_expressions/elt_all_scalar/elt_all_scalar/width=0/values=3/fixed_literal=false/nulls=false/index=Some(1),99,88704.0,97315546.0,1097.0818226911977
published_control_f0aa2c43,binary_expressions/elt_all_scalar/elt_all_scalar/width=0/values=3/fixed_literal=false/nulls=false/index=Some(1),100,89600.0,98352227.0,1097.6811049107143
published_control_f0aa2c43,binary_expressions/elt_all_scalar/elt_all_scalar/width=16/values=3/fixed_literal=false/nulls=false/index=Some(1),1,869.0,1240842.0,1427.896432681243
published_control_f0aa2c43,binary_expressions/elt_all_scalar/elt_all_scalar/width=16/values=3/fixed_literal=false/nulls=false/index=Some(1),2,1738.0,2228931.0,1282.468929804373
published_control_f0aa2c43,binary_expressions/elt_all_scalar/elt_all_scalar/width=16/values=3/fixed_literal=false/nulls=false/index=Some(1),3,2607.0,3209289.0,1231.0276179516686
published_control_f0aa2c43,binary_expressions/elt_all_scalar/elt_all_scalar/width=16/values=3/fixed_literal=false/nulls=false/index=Some(1),4,3476.0,3968030.0,1141.5506329113923
published_control_f0aa2c43,binary_expressions/elt_all_scalar/elt_all_scalar/width=16/values=3/fixed_literal=false/nulls=false/index=Some(1),5,4345.0,4910477.0,1130.1443037974684
published_control_f0aa2c43,binary_expressions/elt_all_scalar/elt_all_scalar/width=16/values=3/fixed_literal=false/nulls=false/index=Some(1),6,5214.0,5867758.0,1125.385116992712
published_control_f0aa2c43,binary_expressions/elt_all_scalar/elt_all_scalar/width=16/values=3/fixed_literal=false/nulls=false/index=Some(1),7,6083.0,6713954.0,1103.7241492684532
published_control_f0aa2c43,binary_expressions/elt_all_scalar/elt_all_scalar/width=16/values=3/fixed_literal=false/nulls=false/index=Some(1),8,6952.0,7913854.0,1138.3564441887227
published_control_f0aa2c43,binary_expressions/elt_all_scalar/elt_all_scalar/width=16/values=3/fixed_literal=false/nulls=false/index=Some(1),9,7821.0,9408630.0,1202.9957805907172
published_control_f0aa2c43,binary_expressions/elt_all_scalar/elt_all_scalar/width=16/values=3/fixed_literal=false/nulls=false/index=Some(1),10,8690.0,10049266.0,1156.4172612197929
published_control_f0aa2c43,binary_expressions/elt_all_scalar/elt_all_scalar/width=16/values=3/fixed_literal=false/nulls=false/index=Some(1),11,9559.0,10948229.0,1145.3320431007428
published_control_f0aa2c43,binary_expressions/elt_all_scalar/elt_all_scalar/width=16/values=3/fixed_literal=false/nulls=false/index=Some(1),12,10428.0,11916481.0,1142.7388761028
published_control_f0aa2c43,binary_expressions/elt_all_scalar/elt_all_scalar/width=16/values=3/fixed_literal=false/nulls=false/index=Some(1),13,11297.0,12551546.0,1111.0512525449235
published_control_f0aa2c43,binary_expressions/elt_all_scalar/elt_all_scalar/width=16/values=3/fixed_literal=false/nulls=false/index=Some(1),14,12166.0,13835069.0,1137.1912707545619
published_control_f0aa2c43,binary_expressions/elt_all_scalar/elt_all_scalar/width=16/values=3/fixed_literal=false/nulls=false/index=Some(1),15,13035.0,15185790.0,1165.0011507479862
published_control_f0aa2c43,binary_expressions/elt_all_scalar/elt_all_scalar/width=16/values=3/fixed_literal=false/nulls=false/index=Some(1),16,13904.0,15912273.0,1144.438506904488
published_control_f0aa2c43,binary_expressions/elt_all_scalar/elt_all_scalar/width=16/values=3/fixed_literal=false/nulls=false/index=Some(1),17,14773.0,17080826.0,1156.2191836458403
published_control_f0aa2c43,binary_expressions/elt_all_scalar/elt_all_scalar/width=16/values=3/fixed_literal=false/nulls=false/index=Some(1),18,15642.0,17779846.0,1136.6734432936964
published_control_f0aa2c43,binary_expressions/elt_all_scalar/elt_all_scalar/width=16/values=3/fixed_literal=false/nulls=false/index=Some(1),19,16511.0,19695531.0,1192.873296590152
published_control_f0aa2c43,binary_expressions/elt_all_scalar/elt_all_scalar/width=16/values=3/fixed_literal=false/nulls=false/index=Some(1),20,17380.0,19574077.0,1126.2414844649022
published_control_f0aa2c43,binary_expressions/elt_all_scalar/elt_all_scalar/width=16/values=3/fixed_literal=false/nulls=false/index=Some(1),21,18249.0,20420040.0,1118.9676146638171
published_control_f0aa2c43,binary_expressions/elt_all_scalar/elt_all_scalar/width=16/values=3/fixed_literal=false/nulls=false/index=Some(1),22,19118.0,21761610.0,1138.2785856261114
published_control_f0aa2c43,binary_expressions/elt_all_scalar/elt_all_scalar/width=16/values=3/fixed_literal=false/nulls=false/index=Some(1),23,19987.0,23551438.0,1178.3378195827288
published_control_f0aa2c43,binary_expressions/elt_all_scalar/elt_all_scalar/width=16/values=3/fixed_literal=false/nulls=false/index=Some(1),24,20856.0,24437425.0,1171.7215669351745
published_control_f0aa2c43,binary_expressions/elt_all_scalar/elt_all_scalar/width=16/values=3/fixed_literal=false/nulls=false/index=Some(1),25,21725.0,25410938.0,1169.663429228999
published_control_f0aa2c43,binary_expressions/elt_all_scalar/elt_all_scalar/width=16/values=3/fixed_literal=false/nulls=false/index=Some(1),26,22594.0,25683457.0,1136.737939275914
published_control_f0aa2c43,binary_expressions/elt_all_scalar/elt_all_scalar/width=16/values=3/fixed_literal=false/nulls=false/index=Some(1),27,23463.0,27022100.0,1151.6898947278694
published_control_f0aa2c43,binary_expressions/elt_all_scalar/elt_all_scalar/width=16/values=3/fixed_literal=false/nulls=false/index=Some(1),28,24332.0,27817344.0,1143.2411638993917
published_control_f0aa2c43,binary_expressions/elt_all_scalar/elt_all_scalar/width=16/values=3/fixed_literal=false/nulls=false/index=Some(1),29,25201.0,29181172.0,1157.9370659894448
published_control_f0aa2c43,binary_expressions/elt_all_scalar/elt_all_scalar/width=16/values=3/fixed_literal=false/nulls=false/index=Some(1),30,26070.0,30011189.0,1151.1771768316073
published_control_f0aa2c43,binary_expressions/elt_all_scalar/elt_all_scalar/width=16/values=3/fixed_literal=false/nulls=false/index=Some(1),31,26939.0,30362029.0,1127.065926723338
published_control_f0aa2c43,binary_expressions/elt_all_scalar/elt_all_scalar/width=16/values=3/fixed_literal=false/nulls=false/index=Some(1),32,27808.0,31555220.0,1134.7533084004604
published_control_f0aa2c43,binary_expressions/elt_all_scalar/elt_all_scalar/width=16/values=3/fixed_literal=false/nulls=false/index=Some(1),33,28677.0,34076726.0,1188.2946612267672
published_control_f0aa2c43,binary_expressions/elt_all_scalar/elt_all_scalar/width=16/values=3/fixed_literal=false/nulls=false/index=Some(1),34,29546.0,33914094.0,1147.8404521762675
published_control_f0aa2c43,binary_expressions/elt_all_scalar/elt_all_scalar/width=16/values=3/fixed_literal=false/nulls=false/index=Some(1),35,30415.0,34896477.0,1147.3443037974685
published_control_f0aa2c43,binary_expressions/elt_all_scalar/elt_all_scalar/width=16/values=3/fixed_literal=false/nulls=false/index=Some(1),36,31284.0,35668301.0,1140.1451540723692
published_control_f0aa2c43,binary_expressions/elt_all_scalar/elt_all_scalar/width=16/values=3/fixed_literal=false/nulls=false/index=Some(1),37,32153.0,36494310.0,1135.0203713494852
published_control_f0aa2c43,binary_expressions/elt_all_scalar/elt_all_scalar/width=16/values=3/fixed_literal=false/nulls=false/index=Some(1),38,33022.0,37752652.0,1143.2575858518564
published_control_f0aa2c43,binary_expressions/elt_all_scalar/elt_all_scalar/width=16/values=3/fixed_literal=false/nulls=false/index=Some(1),39,33891.0,39118219.0,1154.2361984007553
published_control_f0aa2c43,binary_expressions/elt_all_scalar/elt_all_scalar/width=16/values=3/fixed_literal=false/nulls=false/index=Some(1),40,34760.0,40230593.0,1157.381846950518
published_control_f0aa2c43,binary_expressions/elt_all_scalar/elt_all_scalar/width=16/values=3/fixed_literal=false/nulls=false/index=Some(1),41,35629.0,41431052.0,1162.8463330433074
published_control_f0aa2c43,binary_expressions/elt_all_scalar/elt_all_scalar/width=16/values=3/fixed_literal=false/nulls=false/index=Some(1),42,36498.0,41334259.0,1132.507507260672
published_control_f0aa2c43,binary_expressions/elt_all_scalar/elt_all_scalar/width=16/values=3/fixed_literal=false/nulls=false/index=Some(1),43,37367.0,42895307.0,1147.9462359836218
published_control_f0aa2c43,binary_expressions/elt_all_scalar/elt_all_scalar/width=16/values=3/fixed_literal=false/nulls=false/index=Some(1),44,38236.0,43962605.0,1149.7699811695784
published_control_f0aa2c43,binary_expressions/elt_all_scalar/elt_all_scalar/width=16/values=3/fixed_literal=false/nulls=false/index=Some(1),45,39105.0,45036931.0,1151.6923922772023
published_control_f0aa2c43,binary_expressions/elt_all_scalar/elt_all_scalar/width=16/values=3/fixed_literal=false/nulls=false/index=Some(1),46,39974.0,45416505.0,1136.1511232300995
published_control_f0aa2c43,binary_expressions/elt_all_scalar/elt_all_scalar/width=16/values=3/fixed_literal=false/nulls=false/index=Some(1),47,40843.0,47192364.0,1155.457826310506
published_control_f0aa2c43,binary_expressions/elt_all_scalar/elt_all_scalar/width=16/values=3/fixed_literal=false/nulls=false/index=Some(1),48,41712.0,48913871.0,1172.6570531261987
published_control_f0aa2c43,binary_expressions/elt_all_scalar/elt_all_scalar/width=16/values=3/fixed_literal=false/nulls=false/index=Some(1),49,42581.0,48730213.0,1144.412132171626
published_control_f0aa2c43,binary_expressions/elt_all_scalar/elt_all_scalar/width=16/values=3/fixed_literal=false/nulls=false/index=Some(1),50,43450.0,49736720.0,1144.6886075949367
published_control_f0aa2c43,binary_expressions/elt_all_scalar/elt_all_scalar/width=16/values=3/fixed_literal=false/nulls=false/index=Some(1),51,44319.0,48865123.0,1102.577291906406
published_control_f0aa2c43,binary_expressions/elt_all_scalar/elt_all_scalar/width=16/values=3/fixed_literal=false/nulls=false/index=Some(1),52,45188.0,49409403.0,1093.4186730990527
published_control_f0aa2c43,binary_expressions/elt_all_scalar/elt_all_scalar/width=16/values=3/fixed_literal=false/nulls=false/index=Some(1),53,46057.0,51305100.0,1113.9479340816813
published_control_f0aa2c43,binary_expressions/elt_all_scalar/elt_all_scalar/width=16/values=3/fixed_literal=false/nulls=false/index=Some(1),54,46926.0,52295471.0,1114.4242211140945
published_control_f0aa2c43,binary_expressions/elt_all_scalar/elt_all_scalar/width=16/values=3/fixed_literal=false/nulls=false/index=Some(1),55,47795.0,53993888.0,1129.6974160477037
published_control_f0aa2c43,binary_expressions/elt_all_scalar/elt_all_scalar/width=16/values=3/fixed_literal=false/nulls=false/index=Some(1),56,48664.0,55224773.0,1134.8177913858294
published_control_f0aa2c43,binary_expressions/elt_all_scalar/elt_all_scalar/width=16/values=3/fixed_literal=false/nulls=false/index=Some(1),57,49533.0,55644858.0,1123.389619041851
published_control_f0aa2c43,binary_expressions/elt_all_scalar/elt_all_scalar/width=16/values=3/fixed_literal=false/nulls=false/index=Some(1),58,50402.0,60940630.0,1209.0915043053847
published_control_f0aa2c43,binary_expressions/elt_all_scalar/elt_all_scalar/width=16/values=3/fixed_literal=false/nulls=false/index=Some(1),59,51271.0,56595770.0,1103.8553958378031
published_control_f0aa2c43,binary_expressions/elt_all_scalar/elt_all_scalar/width=16/values=3/fixed_literal=false/nulls=false/index=Some(1),60,52140.0,57073475.0,1094.6197736862293
published_control_f0aa2c43,binary_expressions/elt_all_scalar/elt_all_scalar/width=16/values=3/fixed_literal=false/nulls=false/index=Some(1),61,53009.0,58763491.0,1108.556867701711
published_control_f0aa2c43,binary_expressions/elt_all_scalar/elt_all_scalar/width=16/values=3/fixed_literal=false/nulls=false/index=Some(1),62,53878.0,60793734.0,1128.3591447344
published_control_f0aa2c43,binary_expressions/elt_all_scalar/elt_all_scalar/width=16/values=3/fixed_literal=false/nulls=false/index=Some(1),63,54747.0,61782303.0,1128.5057263411693
published_control_f0aa2c43,binary_expressions/elt_all_scalar/elt_all_scalar/width=16/values=3/fixed_literal=false/nulls=false/index=Some(1),64,55616.0,62421391.0,1122.3639060701955
published_control_f0aa2c43,binary_expressions/elt_all_scalar/elt_all_scalar/width=16/values=3/fixed_literal=false/nulls=false/index=Some(1),65,56485.0,65298506.0,1156.0326812428077
published_control_f0aa2c43,binary_expressions/elt_all_scalar/elt_all_scalar/width=16/values=3/fixed_literal=false/nulls=false/index=Some(1),66,57354.0,66683239.0,1162.6606513931024
published_control_f0aa2c43,binary_expressions/elt_all_scalar/elt_all_scalar/width=16/values=3/fixed_literal=false/nulls=false/index=Some(1),67,58223.0,64660236.0,1110.561736770692
published_control_f0aa2c43,binary_expressions/elt_all_scalar/elt_all_scalar/width=16/values=3/fixed_literal=false/nulls=false/index=Some(1),68,59092.0,64934841.0,1098.877022270358
published_control_f0aa2c43,binary_expressions/elt_all_scalar/elt_all_scalar/width=16/values=3/fixed_literal=false/nulls=false/index=Some(1),69,59961.0,68937755.0,1149.7098947649306
published_control_f0aa2c43,binary_expressions/elt_all_scalar/elt_all_scalar/width=16/values=3/fixed_literal=false/nulls=false/index=Some(1),70,60830.0,69318054.0,1139.5373006740094
published_control_f0aa2c43,binary_expressions/elt_all_scalar/elt_all_scalar/width=16/values=3/fixed_literal=false/nulls=false/index=Some(1),71,61699.0,69778411.0,1130.9488160261917
published_control_f0aa2c43,binary_expressions/elt_all_scalar/elt_all_scalar/width=16/values=3/fixed_literal=false/nulls=false/index=Some(1),72,62568.0,70431681.0,1125.6821538166475
published_control_f0aa2c43,binary_expressions/elt_all_scalar/elt_all_scalar/width=16/values=3/fixed_literal=false/nulls=false/index=Some(1),73,63437.0,70554461.0,1112.197313870454
published_control_f0aa2c43,binary_expressions/elt_all_scalar/elt_all_scalar/width=16/values=3/fixed_literal=false/nulls=false/index=Some(1),74,64306.0,73458772.0,1142.3315398252107
published_control_f0aa2c43,binary_expressions/elt_all_scalar/elt_all_scalar/width=16/values=3/fixed_literal=false/nulls=false/index=Some(1),75,65175.0,73967633.0,1134.9080629075565
published_control_f0aa2c43,binary_expressions/elt_all_scalar/elt_all_scalar/width=16/values=3/fixed_literal=false/nulls=false/index=Some(1),76,66044.0,76800251.0,1162.8649233844103
published_control_f0aa2c43,binary_expressions/elt_all_scalar/elt_all_scalar/width=16/values=3/fixed_literal=false/nulls=false/index=Some(1),77,66913.0,75879814.0,1134.0070539357075
published_control_f0aa2c43,binary_expressions/elt_all_scalar/elt_all_scalar/width=16/values=3/fixed_literal=false/nulls=false/index=Some(1),78,67782.0,79326958.0,1170.3248355020507
published_control_f0aa2c43,binary_expressions/elt_all_scalar/elt_all_scalar/width=16/values=3/fixed_literal=false/nulls=false/index=Some(1),79,68651.0,78767742.0,1147.3648162444829
published_control_f0aa2c43,binary_expressions/elt_all_scalar/elt_all_scalar/width=16/values=3/fixed_literal=false/nulls=false/index=Some(1),80,69520.0,79874663.0,1148.9450949367088
published_control_f0aa2c43,binary_expressions/elt_all_scalar/elt_all_scalar/width=16/values=3/fixed_literal=false/nulls=false/index=Some(1),81,70389.0,82899965.0,1177.7403429513133
published_control_f0aa2c43,binary_expressions/elt_all_scalar/elt_all_scalar/width=16/values=3/fixed_literal=false/nulls=false/index=Some(1),82,71258.0,81220157.0,1139.8040500715708
published_control_f0aa2c43,binary_expressions/elt_all_scalar/elt_all_scalar/width=16/values=3/fixed_literal=false/nulls=false/index=Some(1),83,72127.0,83365780.0,1155.8193187017343
published_control_f0aa2c43,binary_expressions/elt_all_scalar/elt_all_scalar/width=16/values=3/fixed_literal=false/nulls=false/index=Some(1),84,72996.0,82861424.0,1135.1502000109595
published_control_f0aa2c43,binary_expressions/elt_all_scalar/elt_all_scalar/width=16/values=3/fixed_literal=false/nulls=false/index=Some(1),85,73865.0,83959341.0,1136.659324443241
published_control_f0aa2c43,binary_expressions/elt_all_scalar/elt_all_scalar/width=16/values=3/fixed_literal=false/nulls=false/index=Some(1),86,74734.0,85151365.0,1139.3925790135681
published_control_f0aa2c43,binary_expressions/elt_all_scalar/elt_all_scalar/width=16/values=3/fixed_literal=false/nulls=false/index=Some(1),87,75603.0,90632555.0,1198.7957488459454
published_control_f0aa2c43,binary_expressions/elt_all_scalar/elt_all_scalar/width=16/values=3/fixed_literal=false/nulls=false/index=Some(1),88,76472.0,87118787.0,1139.2246443142587
published_control_f0aa2c43,binary_expressions/elt_all_scalar/elt_all_scalar/width=16/values=3/fixed_literal=false/nulls=false/index=Some(1),89,77341.0,90017182.0,1163.8998978549541
published_control_f0aa2c43,binary_expressions/elt_all_scalar/elt_all_scalar/width=16/values=3/fixed_literal=false/nulls=false/index=Some(1),90,78210.0,89066119.0,1138.807300856668
published_control_f0aa2c43,binary_expressions/elt_all_scalar/elt_all_scalar/width=16/values=3/fixed_literal=false/nulls=false/index=Some(1),91,79079.0,90583145.0,1145.4766119955993
published_control_f0aa2c43,binary_expressions/elt_all_scalar/elt_all_scalar/width=16/values=3/fixed_literal=false/nulls=false/index=Some(1),92,79948.0,92573644.0,1157.923200080052
published_control_f0aa2c43,binary_expressions/elt_all_scalar/elt_all_scalar/width=16/values=3/fixed_literal=false/nulls=false/index=Some(1),93,80817.0,92640330.0,1146.2975611566874
published_control_f0aa2c43,binary_expressions/elt_all_scalar/elt_all_scalar/width=16/values=3/fixed_literal=false/nulls=false/index=Some(1),94,81686.0,94296249.0,1154.374666405504
published_control_f0aa2c43,binary_expressions/elt_all_scalar/elt_all_scalar/width=16/values=3/fixed_literal=false/nulls=false/index=Some(1),95,82555.0,93588710.0,1133.6528375022713
published_control_f0aa2c43,binary_expressions/elt_all_scalar/elt_all_scalar/width=16/values=3/fixed_literal=false/nulls=false/index=Some(1),96,83424.0,95603450.0,1145.994557920982
published_control_f0aa2c43,binary_expressions/elt_all_scalar/elt_all_scalar/width=16/values=3/fixed_literal=false/nulls=false/index=Some(1),97,84293.0,96348183.0,1143.0152325815905
published_control_f0aa2c43,binary_expressions/elt_all_scalar/elt_all_scalar/width=16/values=3/fixed_literal=false/nulls=false/index=Some(1),98,85162.0,98906160.0,1161.3884126723187
published_control_f0aa2c43,binary_expressions/elt_all_scalar/elt_all_scalar/width=16/values=3/fixed_literal=false/nulls=false/index=Some(1),99,86031.0,97873089.0,1137.6490916065138
published_control_f0aa2c43,binary_expressions/elt_all_scalar/elt_all_scalar/width=16/values=3/fixed_literal=false/nulls=false/index=Some(1),100,86900.0,101075148.0,1163.1202301495973
published_control_f0aa2c43,binary_expressions/elt_arguments/elt_arguments/expanded_control/1024/width=16/nulls=false/fixed_literal=false/literal_null=false/index=dynamic,1,180.0,967338.0,5374.1
published_control_f0aa2c43,binary_expressions/elt_arguments/elt_arguments/expanded_control/1024/width=16/nulls=false/fixed_literal=false/literal_null=false/index=dynamic,2,360.0,1956002.0,5433.3388888888885
published_control_f0aa2c43,binary_expressions/elt_arguments/elt_arguments/expanded_control/1024/width=16/nulls=false/fixed_literal=false/literal_null=false/index=dynamic,3,540.0,2890271.0,5352.353703703704
published_control_f0aa2c43,binary_expressions/elt_arguments/elt_arguments/expanded_control/1024/width=16/nulls=false/fixed_literal=false/literal_null=false/index=dynamic,4,720.0,4373974.0,6074.9638888888885
published_control_f0aa2c43,binary_expressions/elt_arguments/elt_arguments/expanded_control/1024/width=16/nulls=false/fixed_literal=false/literal_null=false/index=dynamic,5,900.0,5074305.0,5638.116666666667
published_control_f0aa2c43,binary_expressions/elt_arguments/elt_arguments/expanded_control/1024/width=16/nulls=false/fixed_literal=false/literal_null=false/index=dynamic,6,1080.0,5833803.0,5401.669444444445
published_control_f0aa2c43,binary_expressions/elt_arguments/elt_arguments/expanded_control/1024/width=16/nulls=false/fixed_literal=false/literal_null=false/index=dynamic,7,1260.0,7266753.0,5767.2642857142855
published_control_f0aa2c43,binary_expressions/elt_arguments/elt_arguments/expanded_control/1024/width=16/nulls=false/fixed_literal=false/literal_null=false/index=dynamic,8,1440.0,8933238.0,6203.6375
published_control_f0aa2c43,binary_expressions/elt_arguments/elt_arguments/expanded_control/1024/width=16/nulls=false/fixed_literal=false/literal_null=false/index=dynamic,9,1620.0,9239525.0,5703.41049382716
published_control_f0aa2c43,binary_expressions/elt_arguments/elt_arguments/expanded_control/1024/width=16/nulls=false/fixed_literal=false/literal_null=false/index=dynamic,10,1800.0,9825989.0,5458.882777777778
published_control_f0aa2c43,binary_expressions/elt_arguments/elt_arguments/expanded_control/1024/width=16/nulls=false/fixed_literal=false/literal_null=false/index=dynamic,11,1980.0,10730915.0,5419.654040404041
published_control_f0aa2c43,binary_expressions/elt_arguments/elt_arguments/expanded_control/1024/width=16/nulls=false/fixed_literal=false/literal_null=false/index=dynamic,12,2160.0,11920150.0,5518.587962962963
published_control_f0aa2c43,binary_expressions/elt_arguments/elt_arguments/expanded_control/1024/width=16/nulls=false/fixed_literal=false/literal_null=false/index=dynamic,13,2340.0,12666332.0,5412.962393162393
published_control_f0aa2c43,binary_expressions/elt_arguments/elt_arguments/expanded_control/1024/width=16/nulls=false/fixed_literal=false/literal_null=false/index=dynamic,14,2520.0,13457750.0,5340.376984126984
published_control_f0aa2c43,binary_expressions/elt_arguments/elt_arguments/expanded_control/1024/width=16/nulls=false/fixed_literal=false/literal_null=false/index=dynamic,15,2700.0,14886282.0,5513.437777777778
published_control_f0aa2c43,binary_expressions/elt_arguments/elt_arguments/expanded_control/1024/width=16/nulls=false/fixed_literal=false/literal_null=false/index=dynamic,16,2880.0,15614125.0,5421.571180555556
published_control_f0aa2c43,binary_expressions/elt_arguments/elt_arguments/expanded_control/1024/width=16/nulls=false/fixed_literal=false/literal_null=false/index=dynamic,17,3060.0,18084148.0,5909.8522875817
published_control_f0aa2c43,binary_expressions/elt_arguments/elt_arguments/expanded_control/1024/width=16/nulls=false/fixed_literal=false/literal_null=false/index=dynamic,18,3240.0,18062294.0,5574.782098765432
published_control_f0aa2c43,binary_expressions/elt_arguments/elt_arguments/expanded_control/1024/width=16/nulls=false/fixed_literal=false/literal_null=false/index=dynamic,19,3420.0,19065236.0,5574.630409356725
published_control_f0aa2c43,binary_expressions/elt_arguments/elt_arguments/expanded_control/1024/width=16/nulls=false/fixed_literal=false/literal_null=false/index=dynamic,20,3600.0,19722040.0,5478.344444444445
published_control_f0aa2c43,binary_expressions/elt_arguments/elt_arguments/expanded_control/1024/width=16/nulls=false/fixed_literal=false/literal_null=false/index=dynamic,21,3780.0,20669967.0,5468.245238095238
published_control_f0aa2c43,binary_expressions/elt_arguments/elt_arguments/expanded_control/1024/width=16/nulls=false/fixed_literal=false/literal_null=false/index=dynamic,22,3960.0,21356634.0,5393.089393939394
published_control_f0aa2c43,binary_expressions/elt_arguments/elt_arguments/expanded_control/1024/width=16/nulls=false/fixed_literal=false/literal_null=false/index=dynamic,23,4140.0,22419338.0,5415.299033816425
published_control_f0aa2c43,binary_expressions/elt_arguments/elt_arguments/expanded_control/1024/width=16/nulls=false/fixed_literal=false/literal_null=false/index=dynamic,24,4320.0,23556294.0,5452.845833333334
published_control_f0aa2c43,binary_expressions/elt_arguments/elt_arguments/expanded_control/1024/width=16/nulls=false/fixed_literal=false/literal_null=false/index=dynamic,25,4500.0,25638170.0,5697.3711111111115
published_control_f0aa2c43,binary_expressions/elt_arguments/elt_arguments/expanded_control/1024/width=16/nulls=false/fixed_literal=false/literal_null=false/index=dynamic,26,4680.0,25608290.0,5471.856837606838
published_control_f0aa2c43,binary_expressions/elt_arguments/elt_arguments/expanded_control/1024/width=16/nulls=false/fixed_literal=false/literal_null=false/index=dynamic,27,4860.0,26249957.0,5401.225720164609
published_control_f0aa2c43,binary_expressions/elt_arguments/elt_arguments/expanded_control/1024/width=16/nulls=false/fixed_literal=false/literal_null=false/index=dynamic,28,5040.0,27642406.0,5484.604365079365
published_control_f0aa2c43,binary_expressions/elt_arguments/elt_arguments/expanded_control/1024/width=16/nulls=false/fixed_literal=false/literal_null=false/index=dynamic,29,5220.0,28841582.0,5525.207279693486
published_control_f0aa2c43,binary_expressions/elt_arguments/elt_arguments/expanded_control/1024/width=16/nulls=false/fixed_literal=false/literal_null=false/index=dynamic,30,5400.0,29444784.0,5452.737777777777
published_control_f0aa2c43,binary_expressions/elt_arguments/elt_arguments/expanded_control/1024/width=16/nulls=false/fixed_literal=false/literal_null=false/index=dynamic,31,5580.0,30400954.0,5448.199641577061
published_control_f0aa2c43,binary_expressions/elt_arguments/elt_arguments/expanded_control/1024/width=16/nulls=false/fixed_literal=false/literal_null=false/index=dynamic,32,5760.0,32439904.0,5631.927777777778
published_control_f0aa2c43,binary_expressions/elt_arguments/elt_arguments/expanded_control/1024/width=16/nulls=false/fixed_literal=false/literal_null=false/index=dynamic,33,5940.0,33834948.0,5696.1191919191915
published_control_f0aa2c43,binary_expressions/elt_arguments/elt_arguments/expanded_control/1024/width=16/nulls=false/fixed_literal=false/literal_null=false/index=dynamic,34,6120.0,33605151.0,5491.0377450980395
published_control_f0aa2c43,binary_expressions/elt_arguments/elt_arguments/expanded_control/1024/width=16/nulls=false/fixed_literal=false/literal_null=false/index=dynamic,35,6300.0,35556941.0,5643.958888888889
published_control_f0aa2c43,binary_expressions/elt_arguments/elt_arguments/expanded_control/1024/width=16/nulls=false/fixed_literal=false/literal_null=false/index=dynamic,36,6480.0,35465930.0,5473.1373456790125
published_control_f0aa2c43,binary_expressions/elt_arguments/elt_arguments/expanded_control/1024/width=16/nulls=false/fixed_literal=false/literal_null=false/index=dynamic,37,6660.0,37416573.0,5618.104054054054
published_control_f0aa2c43,binary_expressions/elt_arguments/elt_arguments/expanded_control/1024/width=16/nulls=false/fixed_literal=false/literal_null=false/index=dynamic,38,6840.0,37930158.0,5545.344736842106
published_control_f0aa2c43,binary_expressions/elt_arguments/elt_arguments/expanded_control/1024/width=16/nulls=false/fixed_literal=false/literal_null=false/index=dynamic,39,7020.0,38266483.0,5451.065954415954
published_control_f0aa2c43,binary_expressions/elt_arguments/elt_arguments/expanded_control/1024/width=16/nulls=false/fixed_literal=false/literal_null=false/index=dynamic,40,7200.0,38998176.0,5416.413333333333
published_control_f0aa2c43,binary_expressions/elt_arguments/elt_arguments/expanded_control/1024/width=16/nulls=false/fixed_literal=false/literal_null=false/index=dynamic,41,7380.0,41072389.0,5565.364363143632
published_control_f0aa2c43,binary_expressions/elt_arguments/elt_arguments/expanded_control/1024/width=16/nulls=false/fixed_literal=false/literal_null=false/index=dynamic,42,7560.0,40756589.0,5391.083201058201
published_control_f0aa2c43,binary_expressions/elt_arguments/elt_arguments/expanded_control/1024/width=16/nulls=false/fixed_literal=false/literal_null=false/index=dynamic,43,7740.0,42293610.0,5464.290697674419
published_control_f0aa2c43,binary_expressions/elt_arguments/elt_arguments/expanded_control/1024/width=16/nulls=false/fixed_literal=false/literal_null=false/index=dynamic,44,7920.0,49714197.0,6277.045075757575
published_control_f0aa2c43,binary_expressions/elt_arguments/elt_arguments/expanded_control/1024/width=16/nulls=false/fixed_literal=false/literal_null=false/index=dynamic,45,8100.0,44902491.0,5543.5174074074075
published_control_f0aa2c43,binary_expressions/elt_arguments/elt_arguments/expanded_control/1024/width=16/nulls=false/fixed_literal=false/literal_null=false/index=dynamic,46,8280.0,46792434.0,5651.260144927536
published_control_f0aa2c43,binary_expressions/elt_arguments/elt_arguments/expanded_control/1024/width=16/nulls=false/fixed_literal=false/literal_null=false/index=dynamic,47,8460.0,48497106.0,5732.518439716312
published_control_f0aa2c43,binary_expressions/elt_arguments/elt_arguments/expanded_control/1024/width=16/nulls=false/fixed_literal=false/literal_null=false/index=dynamic,48,8640.0,47438363.0,5490.5512731481485
published_control_f0aa2c43,binary_expressions/elt_arguments/elt_arguments/expanded_control/1024/width=16/nulls=false/fixed_literal=false/literal_null=false/index=dynamic,49,8820.0,48139417.0,5457.983786848073
published_control_f0aa2c43,binary_expressions/elt_arguments/elt_arguments/expanded_control/1024/width=16/nulls=false/fixed_literal=false/literal_null=false/index=dynamic,50,9000.0,49361640.0,5484.626666666667
published_control_f0aa2c43,binary_expressions/elt_arguments/elt_arguments/expanded_control/1024/width=16/nulls=false/fixed_literal=false/literal_null=false/index=dynamic,51,9180.0,50179759.0,5466.204684095861
published_control_f0aa2c43,binary_expressions/elt_arguments/elt_arguments/expanded_control/1024/width=16/nulls=false/fixed_literal=false/literal_null=false/index=dynamic,52,9360.0,50729941.0,5419.865491452992
published_control_f0aa2c43,binary_expressions/elt_arguments/elt_arguments/expanded_control/1024/width=16/nulls=false/fixed_literal=false/literal_null=false/index=dynamic,53,9540.0,51994037.0,5450.108700209644
published_control_f0aa2c43,binary_expressions/elt_arguments/elt_arguments/expanded_control/1024/width=16/nulls=false/fixed_literal=false/literal_null=false/index=dynamic,54,9720.0,53096829.0,5462.636728395062
published_control_f0aa2c43,binary_expressions/elt_arguments/elt_arguments/expanded_control/1024/width=16/nulls=false/fixed_literal=false/literal_null=false/index=dynamic,55,9900.0,55453829.0,5601.396868686868
published_control_f0aa2c43,binary_expressions/elt_arguments/elt_arguments/expanded_control/1024/width=16/nulls=false/fixed_literal=false/literal_null=false/index=dynamic,56,10080.0,55315538.0,5487.652579365079
published_control_f0aa2c43,binary_expressions/elt_arguments/elt_arguments/expanded_control/1024/width=16/nulls=false/fixed_literal=false/literal_null=false/index=dynamic,57,10260.0,56437624.0,5500.743079922027
published_control_f0aa2c43,binary_expressions/elt_arguments/elt_arguments/expanded_control/1024/width=16/nulls=false/fixed_literal=false/literal_null=false/index=dynamic,58,10440.0,57495886.0,5507.26877394636
published_control_f0aa2c43,binary_expressions/elt_arguments/elt_arguments/expanded_control/1024/width=16/nulls=false/fixed_literal=false/literal_null=false/index=dynamic,59,10620.0,61491923.0,5790.199905838042
published_control_f0aa2c43,binary_expressions/elt_arguments/elt_arguments/expanded_control/1024/width=16/nulls=false/fixed_literal=false/literal_null=false/index=dynamic,60,10800.0,58918940.0,5455.457407407407
published_control_f0aa2c43,binary_expressions/elt_arguments/elt_arguments/expanded_control/1024/width=16/nulls=false/fixed_literal=false/literal_null=false/index=dynamic,61,10980.0,60245843.0,5486.870947176685
published_control_f0aa2c43,binary_expressions/elt_arguments/elt_arguments/expanded_control/1024/width=16/nulls=false/fixed_literal=false/literal_null=false/index=dynamic,62,11160.0,61423402.0,5503.889068100359
published_control_f0aa2c43,binary_expressions/elt_arguments/elt_arguments/expanded_control/1024/width=16/nulls=false/fixed_literal=false/literal_null=false/index=dynamic,63,11340.0,62089564.0,5475.270194003528
published_control_f0aa2c43,binary_expressions/elt_arguments/elt_arguments/expanded_control/1024/width=16/nulls=false/fixed_literal=false/literal_null=false/index=dynamic,64,11520.0,61922103.0,5375.182552083334
published_control_f0aa2c43,binary_expressions/elt_arguments/elt_arguments/expanded_control/1024/width=16/nulls=false/fixed_literal=false/literal_null=false/index=dynamic,65,11700.0,64109860.0,5479.475213675214
published_control_f0aa2c43,binary_expressions/elt_arguments/elt_arguments/expanded_control/1024/width=16/nulls=false/fixed_literal=false/literal_null=false/index=dynamic,66,11880.0,65899784.0,5547.119865319865
published_control_f0aa2c43,binary_expressions/elt_arguments/elt_arguments/expanded_control/1024/width=16/nulls=false/fixed_literal=false/literal_null=false/index=dynamic,67,12060.0,66609961.0,5523.214013266998
published_control_f0aa2c43,binary_expressions/elt_arguments/elt_arguments/expanded_control/1024/width=16/nulls=false/fixed_literal=false/literal_null=false/index=dynamic,68,12240.0,66829350.0,5459.9142156862745
published_control_f0aa2c43,binary_expressions/elt_arguments/elt_arguments/expanded_control/1024/width=16/nulls=false/fixed_literal=false/literal_null=false/index=dynamic,69,12420.0,68975819.0,5553.608615136876
published_control_f0aa2c43,binary_expressions/elt_arguments/elt_arguments/expanded_control/1024/width=16/nulls=false/fixed_literal=false/literal_null=false/index=dynamic,70,12600.0,67735835.0,5375.859920634921
published_control_f0aa2c43,binary_expressions/elt_arguments/elt_arguments/expanded_control/1024/width=16/nulls=false/fixed_literal=false/literal_null=false/index=dynamic,71,12780.0,70551494.0,5520.461189358372
published_control_f0aa2c43,binary_expressions/elt_arguments/elt_arguments/expanded_control/1024/width=16/nulls=false/fixed_literal=false/literal_null=false/index=dynamic,72,12960.0,72436867.0,5589.264429012345
published_control_f0aa2c43,binary_expressions/elt_arguments/elt_arguments/expanded_control/1024/width=16/nulls=false/fixed_literal=false/literal_null=false/index=dynamic,73,13140.0,71907645.0,5472.423515981735
published_control_f0aa2c43,binary_expressions/elt_arguments/elt_arguments/expanded_control/1024/width=16/nulls=false/fixed_literal=false/literal_null=false/index=dynamic,74,13320.0,72661691.0,5455.081906906907
published_control_f0aa2c43,binary_expressions/elt_arguments/elt_arguments/expanded_control/1024/width=16/nulls=false/fixed_literal=false/literal_null=false/index=dynamic,75,13500.0,73836787.0,5469.391629629629
published_control_f0aa2c43,binary_expressions/elt_arguments/elt_arguments/expanded_control/1024/width=16/nulls=false/fixed_literal=false/literal_null=false/index=dynamic,76,13680.0,75050425.0,5486.142178362573
published_control_f0aa2c43,binary_expressions/elt_arguments/elt_arguments/expanded_control/1024/width=16/nulls=false/fixed_literal=false/literal_null=false/index=dynamic,77,13860.0,76206015.0,5498.269480519481
published_control_f0aa2c43,binary_expressions/elt_arguments/elt_arguments/expanded_control/1024/width=16/nulls=false/fixed_literal=false/literal_null=false/index=dynamic,78,14040.0,78953897.0,5623.496937321937
published_control_f0aa2c43,binary_expressions/elt_arguments/elt_arguments/expanded_control/1024/width=16/nulls=false/fixed_literal=false/literal_null=false/index=dynamic,79,14220.0,78195311.0,5498.967018284107
published_control_f0aa2c43,binary_expressions/elt_arguments/elt_arguments/expanded_control/1024/width=16/nulls=false/fixed_literal=false/literal_null=false/index=dynamic,80,14400.0,78753174.0,5468.970416666667
published_control_f0aa2c43,binary_expressions/elt_arguments/elt_arguments/expanded_control/1024/width=16/nulls=false/fixed_literal=false/literal_null=false/index=dynamic,81,14580.0,79597135.0,5459.337105624143
published_control_f0aa2c43,binary_expressions/elt_arguments/elt_arguments/expanded_control/1024/width=16/nulls=false/fixed_literal=false/literal_null=false/index=dynamic,82,14760.0,81378620.0,5513.456639566396
published_control_f0aa2c43,binary_expressions/elt_arguments/elt_arguments/expanded_control/1024/width=16/nulls=false/fixed_literal=false/literal_null=false/index=dynamic,83,14940.0,81200010.0,5435.074297188755
published_control_f0aa2c43,binary_expressions/elt_arguments/elt_arguments/expanded_control/1024/width=16/nulls=false/fixed_literal=false/literal_null=false/index=dynamic,84,15120.0,83382934.0,5514.744312169312
published_control_f0aa2c43,binary_expressions/elt_arguments/elt_arguments/expanded_control/1024/width=16/nulls=false/fixed_literal=false/literal_null=false/index=dynamic,85,15300.0,83951664.0,5487.036862745098
published_control_f0aa2c43,binary_expressions/elt_arguments/elt_arguments/expanded_control/1024/width=16/nulls=false/fixed_literal=false/literal_null=false/index=dynamic,86,15480.0,84413348.0,5453.05865633075
published_control_f0aa2c43,binary_expressions/elt_arguments/elt_arguments/expanded_control/1024/width=16/nulls=false/fixed_literal=false/literal_null=false/index=dynamic,87,15660.0,89547917.0,5718.25779054917
published_control_f0aa2c43,binary_expressions/elt_arguments/elt_arguments/expanded_control/1024/width=16/nulls=false/fixed_literal=false/literal_null=false/index=dynamic,88,15840.0,87795970.0,5542.674873737374
published_control_f0aa2c43,binary_expressions/elt_arguments/elt_arguments/expanded_control/1024/width=16/nulls=false/fixed_literal=false/literal_null=false/index=dynamic,89,16020.0,89750912.0,5602.428963795256
published_control_f0aa2c43,binary_expressions/elt_arguments/elt_arguments/expanded_control/1024/width=16/nulls=false/fixed_literal=false/literal_null=false/index=dynamic,90,16200.0,90018994.0,5556.728024691358
published_control_f0aa2c43,binary_expressions/elt_arguments/elt_arguments/expanded_control/1024/width=16/nulls=false/fixed_literal=false/literal_null=false/index=dynamic,91,16380.0,89727411.0,5477.86391941392
published_control_f0aa2c43,binary_expressions/elt_arguments/elt_arguments/expanded_control/1024/width=16/nulls=false/fixed_literal=false/literal_null=false/index=dynamic,92,16560.0,90969444.0,5493.323913043479
published_control_f0aa2c43,binary_expressions/elt_arguments/elt_arguments/expanded_control/1024/width=16/nulls=false/fixed_literal=false/literal_null=false/index=dynamic,93,16740.0,95323912.0,5694.37945041816
published_control_f0aa2c43,binary_expressions/elt_arguments/elt_arguments/expanded_control/1024/width=16/nulls=false/fixed_literal=false/literal_null=false/index=dynamic,94,16920.0,93156053.0,5505.676891252955
published_control_f0aa2c43,binary_expressions/elt_arguments/elt_arguments/expanded_control/1024/width=16/nulls=false/fixed_literal=false/literal_null=false/index=dynamic,95,17100.0,93849191.0,5488.256783625731
published_control_f0aa2c43,binary_expressions/elt_arguments/elt_arguments/expanded_control/1024/width=16/nulls=false/fixed_literal=false/literal_null=false/index=dynamic,96,17280.0,95569520.0,5530.643518518518
published_control_f0aa2c43,binary_expressions/elt_arguments/elt_arguments/expanded_control/1024/width=16/nulls=false/fixed_literal=false/literal_null=false/index=dynamic,97,17460.0,96248232.0,5512.498969072165
published_control_f0aa2c43,binary_expressions/elt_arguments/elt_arguments/expanded_control/1024/width=16/nulls=false/fixed_literal=false/literal_null=false/index=dynamic,98,17640.0,97277119.0,5514.575907029479
published_control_f0aa2c43,binary_expressions/elt_arguments/elt_arguments/expanded_control/1024/width=16/nulls=false/fixed_literal=false/literal_null=false/index=dynamic,99,17820.0,97364035.0,5463.750561167228
published_control_f0aa2c43,binary_expressions/elt_arguments/elt_arguments/expanded_control/1024/width=16/nulls=false/fixed_literal=false/literal_null=false/index=dynamic,100,18000.0,103670856.0,5759.492
published_control_f0aa2c43,binary_expressions/elt_arguments/elt_arguments/scalar/1024/width=16/nulls=false/fixed_literal=false/literal_null=false/index=dynamic,1,172.0,975959.0,5674.180232558139
published_control_f0aa2c43,binary_expressions/elt_arguments/elt_arguments/scalar/1024/width=16/nulls=false/fixed_literal=false/literal_null=false/index=dynamic,2,344.0,1904803.0,5537.218023255814
published_control_f0aa2c43,binary_expressions/elt_arguments/elt_arguments/scalar/1024/width=16/nulls=false/fixed_literal=false/literal_null=false/index=dynamic,3,516.0,2929020.0,5676.395348837209
published_control_f0aa2c43,binary_expressions/elt_arguments/elt_arguments/scalar/1024/width=16/nulls=false/fixed_literal=false/literal_null=false/index=dynamic,4,688.0,3852065.0,5598.9316860465115
published_control_f0aa2c43,binary_expressions/elt_arguments/elt_arguments/scalar/1024/width=16/nulls=false/fixed_literal=false/literal_null=false/index=dynamic,5,860.0,4806074.0,5588.458139534884
published_control_f0aa2c43,binary_expressions/elt_arguments/elt_arguments/scalar/1024/width=16/nulls=false/fixed_literal=false/literal_null=false/index=dynamic,6,1032.0,5887626.0,5705.063953488372
published_control_f0aa2c43,binary_expressions/elt_arguments/elt_arguments/scalar/1024/width=16/nulls=false/fixed_literal=false/literal_null=false/index=dynamic,7,1204.0,6859435.0,5697.205149501661
published_control_f0aa2c43,binary_expressions/elt_arguments/elt_arguments/scalar/1024/width=16/nulls=false/fixed_literal=false/literal_null=false/index=dynamic,8,1376.0,7721422.0,5611.498546511628
published_control_f0aa2c43,binary_expressions/elt_arguments/elt_arguments/scalar/1024/width=16/nulls=false/fixed_literal=false/literal_null=false/index=dynamic,9,1548.0,9132734.0,5899.6989664082685
published_control_f0aa2c43,binary_expressions/elt_arguments/elt_arguments/scalar/1024/width=16/nulls=false/fixed_literal=false/literal_null=false/index=dynamic,10,1720.0,9676083.0,5625.629651162791
published_control_f0aa2c43,binary_expressions/elt_arguments/elt_arguments/scalar/1024/width=16/nulls=false/fixed_literal=false/literal_null=false/index=dynamic,11,1892.0,11437473.0,6045.1760042283295
published_control_f0aa2c43,binary_expressions/elt_arguments/elt_arguments/scalar/1024/width=16/nulls=false/fixed_literal=false/literal_null=false/index=dynamic,12,2064.0,11831281.0,5732.209786821705
published_control_f0aa2c43,binary_expressions/elt_arguments/elt_arguments/scalar/1024/width=16/nulls=false/fixed_literal=false/literal_null=false/index=dynamic,13,2236.0,12530749.0,5604.091681574239
published_control_f0aa2c43,binary_expressions/elt_arguments/elt_arguments/scalar/1024/width=16/nulls=false/fixed_literal=false/literal_null=false/index=dynamic,14,2408.0,13724153.0,5699.399086378738
published_control_f0aa2c43,binary_expressions/elt_arguments/elt_arguments/scalar/1024/width=16/nulls=false/fixed_literal=false/literal_null=false/index=dynamic,15,2580.0,14530886.0,5632.126356589148
published_control_f0aa2c43,binary_expressions/elt_arguments/elt_arguments/scalar/1024/width=16/nulls=false/fixed_literal=false/literal_null=false/index=dynamic,16,2752.0,15893772.0,5775.353197674419
published_control_f0aa2c43,binary_expressions/elt_arguments/elt_arguments/scalar/1024/width=16/nulls=false/fixed_literal=false/literal_null=false/index=dynamic,17,2924.0,16480792.0,5636.385772913816
published_control_f0aa2c43,binary_expressions/elt_arguments/elt_arguments/scalar/1024/width=16/nulls=false/fixed_literal=false/literal_null=false/index=dynamic,18,3096.0,18103192.0,5847.284237726099
published_control_f0aa2c43,binary_expressions/elt_arguments/elt_arguments/scalar/1024/width=16/nulls=false/fixed_literal=false/literal_null=false/index=dynamic,19,3268.0,18516733.0,5666.074969400245
published_control_f0aa2c43,binary_expressions/elt_arguments/elt_arguments/scalar/1024/width=16/nulls=false/fixed_literal=false/literal_null=false/index=dynamic,20,3440.0,19553657.0,5684.20261627907
published_control_f0aa2c43,binary_expressions/elt_arguments/elt_arguments/scalar/1024/width=16/nulls=false/fixed_literal=false/literal_null=false/index=dynamic,21,3612.0,20459318.0,5664.263012181616
published_control_f0aa2c43,binary_expressions/elt_arguments/elt_arguments/scalar/1024/width=16/nulls=false/fixed_literal=false/literal_null=false/index=dynamic,22,3784.0,21296681.0,5628.086945031712
published_control_f0aa2c43,binary_expressions/elt_arguments/elt_arguments/scalar/1024/width=16/nulls=false/fixed_literal=false/literal_null=false/index=dynamic,23,3956.0,22232700.0,5619.994944388271
published_control_f0aa2c43,binary_expressions/elt_arguments/elt_arguments/scalar/1024/width=16/nulls=false/fixed_literal=false/literal_null=false/index=dynamic,24,4128.0,23266686.0,5636.309593023256
published_control_f0aa2c43,binary_expressions/elt_arguments/elt_arguments/scalar/1024/width=16/nulls=false/fixed_literal=false/literal_null=false/index=dynamic,25,4300.0,24155356.0,5617.524651162791
published_control_f0aa2c43,binary_expressions/elt_arguments/elt_arguments/scalar/1024/width=16/nulls=false/fixed_literal=false/literal_null=false/index=dynamic,26,4472.0,25474780.0,5696.507155635062
published_control_f0aa2c43,binary_expressions/elt_arguments/elt_arguments/scalar/1024/width=16/nulls=false/fixed_literal=false/literal_null=false/index=dynamic,27,4644.0,27632832.0,5950.222222222223
published_control_f0aa2c43,binary_expressions/elt_arguments/elt_arguments/scalar/1024/width=16/nulls=false/fixed_literal=false/literal_null=false/index=dynamic,28,4816.0,27309072.0,5670.488372093023
published_control_f0aa2c43,binary_expressions/elt_arguments/elt_arguments/scalar/1024/width=16/nulls=false/fixed_literal=false/literal_null=false/index=dynamic,29,4988.0,27971167.0,5607.691860465116
published_control_f0aa2c43,binary_expressions/elt_arguments/elt_arguments/scalar/1024/width=16/nulls=false/fixed_literal=false/literal_null=false/index=dynamic,30,5160.0,29659098.0,5747.887209302326
published_control_f0aa2c43,binary_expressions/elt_arguments/elt_arguments/scalar/1024/width=16/nulls=false/fixed_literal=false/literal_null=false/index=dynamic,31,5332.0,30494353.0,5719.120967741936
published_control_f0aa2c43,binary_expressions/elt_arguments/elt_arguments/scalar/1024/width=16/nulls=false/fixed_literal=false/literal_null=false/index=dynamic,32,5504.0,31132900.0,5656.413517441861
published_control_f0aa2c43,binary_expressions/elt_arguments/elt_arguments/scalar/1024/width=16/nulls=false/fixed_literal=false/literal_null=false/index=dynamic,33,5676.0,32399650.0,5708.183579985905
published_control_f0aa2c43,binary_expressions/elt_arguments/elt_arguments/scalar/1024/width=16/nulls=false/fixed_literal=false/literal_null=false/index=dynamic,34,5848.0,33747196.0,5770.724350205199
published_control_f0aa2c43,binary_expressions/elt_arguments/elt_arguments/scalar/1024/width=16/nulls=false/fixed_literal=false/literal_null=false/index=dynamic,35,6020.0,34436799.0,5720.398504983389
published_control_f0aa2c43,binary_expressions/elt_arguments/elt_arguments/scalar/1024/width=16/nulls=false/fixed_literal=false/literal_null=false/index=dynamic,36,6192.0,34783150.0,5617.433785529715
published_control_f0aa2c43,binary_expressions/elt_arguments/elt_arguments/scalar/1024/width=16/nulls=false/fixed_literal=false/literal_null=false/index=dynamic,37,6364.0,36405837.0,5720.590351979887
published_control_f0aa2c43,binary_expressions/elt_arguments/elt_arguments/scalar/1024/width=16/nulls=false/fixed_literal=false/literal_null=false/index=dynamic,38,6536.0,37822989.0,5786.8710220318235
published_control_f0aa2c43,binary_expressions/elt_arguments/elt_arguments/scalar/1024/width=16/nulls=false/fixed_literal=false/literal_null=false/index=dynamic,39,6708.0,39100584.0,5828.948121645796
published_control_f0aa2c43,binary_expressions/elt_arguments/elt_arguments/scalar/1024/width=16/nulls=false/fixed_literal=false/literal_null=false/index=dynamic,40,6880.0,38763271.0,5634.1963662790695
published_control_f0aa2c43,binary_expressions/elt_arguments/elt_arguments/scalar/1024/width=16/nulls=false/fixed_literal=false/literal_null=false/index=dynamic,41,7052.0,40941189.0,5805.613868406126
published_control_f0aa2c43,binary_expressions/elt_arguments/elt_arguments/scalar/1024/width=16/nulls=false/fixed_literal=false/literal_null=false/index=dynamic,42,7224.0,40960689.0,5670.084302325581
published_control_f0aa2c43,binary_expressions/elt_arguments/elt_arguments/scalar/1024/width=16/nulls=false/fixed_literal=false/literal_null=false/index=dynamic,43,7396.0,41945918.0,5671.432936722553
published_control_f0aa2c43,binary_expressions/elt_arguments/elt_arguments/scalar/1024/width=16/nulls=false/fixed_literal=false/literal_null=false/index=dynamic,44,7568.0,42902059.0,5668.876717758985
published_control_f0aa2c43,binary_expressions/elt_arguments/elt_arguments/scalar/1024/width=16/nulls=false/fixed_literal=false/literal_null=false/index=dynamic,45,7740.0,44217284.0,5712.827390180879
published_control_f0aa2c43,binary_expressions/elt_arguments/elt_arguments/scalar/1024/width=16/nulls=false/fixed_literal=false/literal_null=false/index=dynamic,46,7912.0,45282827.0,5723.309782608696
published_control_f0aa2c43,binary_expressions/elt_arguments/elt_arguments/scalar/1024/width=16/nulls=false/fixed_literal=false/literal_null=false/index=dynamic,47,8084.0,45825032.0,5668.608609599209
published_control_f0aa2c43,binary_expressions/elt_arguments/elt_arguments/scalar/1024/width=16/nulls=false/fixed_literal=false/literal_null=false/index=dynamic,48,8256.0,48231850.0,5842.03609496124
published_control_f0aa2c43,binary_expressions/elt_arguments/elt_arguments/scalar/1024/width=16/nulls=false/fixed_literal=false/literal_null=false/index=dynamic,49,8428.0,48511743.0,5756.020764119601
published_control_f0aa2c43,binary_expressions/elt_arguments/elt_arguments/scalar/1024/width=16/nulls=false/fixed_literal=false/literal_null=false/index=dynamic,50,8600.0,49513281.0,5757.358255813953
published_control_f0aa2c43,binary_expressions/elt_arguments/elt_arguments/scalar/1024/width=16/nulls=false/fixed_literal=false/literal_null=false/index=dynamic,51,8772.0,50667428.0,5776.040583675331
published_control_f0aa2c43,binary_expressions/elt_arguments/elt_arguments/scalar/1024/width=16/nulls=false/fixed_literal=false/literal_null=false/index=dynamic,52,8944.0,50910146.0,5692.100402504472
published_control_f0aa2c43,binary_expressions/elt_arguments/elt_arguments/scalar/1024/width=16/nulls=false/fixed_literal=false/literal_null=false/index=dynamic,53,9116.0,51840891.0,5686.802435278631
published_control_f0aa2c43,binary_expressions/elt_arguments/elt_arguments/scalar/1024/width=16/nulls=false/fixed_literal=false/literal_null=false/index=dynamic,54,9288.0,54718069.0,5891.264965546942
published_control_f0aa2c43,binary_expressions/elt_arguments/elt_arguments/scalar/1024/width=16/nulls=false/fixed_literal=false/literal_null=false/index=dynamic,55,9460.0,53755750.0,5682.4260042283295
published_control_f0aa2c43,binary_expressions/elt_arguments/elt_arguments/scalar/1024/width=16/nulls=false/fixed_literal=false/literal_null=false/index=dynamic,56,9632.0,54761723.0,5685.3948297342195
published_control_f0aa2c43,binary_expressions/elt_arguments/elt_arguments/scalar/1024/width=16/nulls=false/fixed_literal=false/literal_null=false/index=dynamic,57,9804.0,56137373.0,5725.9662382700935
published_control_f0aa2c43,binary_expressions/elt_arguments/elt_arguments/scalar/1024/width=16/nulls=false/fixed_literal=false/literal_null=false/index=dynamic,58,9976.0,57500042.0,5763.83740978348
published_control_f0aa2c43,binary_expressions/elt_arguments/elt_arguments/scalar/1024/width=16/nulls=false/fixed_literal=false/literal_null=false/index=dynamic,59,10148.0,59428141.0,5856.1431809223495
published_control_f0aa2c43,binary_expressions/elt_arguments/elt_arguments/scalar/1024/width=16/nulls=false/fixed_literal=false/literal_null=false/index=dynamic,60,10320.0,58606229.0,5678.898158914729
published_control_f0aa2c43,binary_expressions/elt_arguments/elt_arguments/scalar/1024/width=16/nulls=false/fixed_literal=false/literal_null=false/index=dynamic,61,10492.0,59494644.0,5670.476934807472
published_control_f0aa2c43,binary_expressions/elt_arguments/elt_arguments/scalar/1024/width=16/nulls=false/fixed_literal=false/literal_null=false/index=dynamic,62,10664.0,60381161.0,5662.149381095273
published_control_f0aa2c43,binary_expressions/elt_arguments/elt_arguments/scalar/1024/width=16/nulls=false/fixed_literal=false/literal_null=false/index=dynamic,63,10836.0,61544373.0,5679.620985603544
published_control_f0aa2c43,binary_expressions/elt_arguments/elt_arguments/scalar/1024/width=16/nulls=false/fixed_literal=false/literal_null=false/index=dynamic,64,11008.0,62607301.0,5687.436500726744
published_control_f0aa2c43,binary_expressions/elt_arguments/elt_arguments/scalar/1024/width=16/nulls=false/fixed_literal=false/literal_null=false/index=dynamic,65,11180.0,63597237.0,5688.482737030411
published_control_f0aa2c43,binary_expressions/elt_arguments/elt_arguments/scalar/1024/width=16/nulls=false/fixed_literal=false/literal_null=false/index=dynamic,66,11352.0,65702695.0,5787.763830162086
published_control_f0aa2c43,binary_expressions/elt_arguments/elt_arguments/scalar/1024/width=16/nulls=false/fixed_literal=false/literal_null=false/index=dynamic,67,11524.0,65157007.0,5654.026987157237
published_control_f0aa2c43,binary_expressions/elt_arguments/elt_arguments/scalar/1024/width=16/nulls=false/fixed_literal=false/literal_null=false/index=dynamic,68,11696.0,67195853.0,5745.199469904241
published_control_f0aa2c43,binary_expressions/elt_arguments/elt_arguments/scalar/1024/width=16/nulls=false/fixed_literal=false/literal_null=false/index=dynamic,69,11868.0,67884688.0,5719.977081226829
published_control_f0aa2c43,binary_expressions/elt_arguments/elt_arguments/scalar/1024/width=16/nulls=false/fixed_literal=false/literal_null=false/index=dynamic,70,12040.0,69920222.0,5807.327408637873
published_control_f0aa2c43,binary_expressions/elt_arguments/elt_arguments/scalar/1024/width=16/nulls=false/fixed_literal=false/literal_null=false/index=dynamic,71,12212.0,71280236.0,5836.901080904029
published_control_f0aa2c43,binary_expressions/elt_arguments/elt_arguments/scalar/1024/width=16/nulls=false/fixed_literal=false/literal_null=false/index=dynamic,72,12384.0,71067645.0,5738.666424418605
published_control_f0aa2c43,binary_expressions/elt_arguments/elt_arguments/scalar/1024/width=16/nulls=false/fixed_literal=false/literal_null=false/index=dynamic,73,12556.0,74070151.0,5899.183736858872
published_control_f0aa2c43,binary_expressions/elt_arguments/elt_arguments/scalar/1024/width=16/nulls=false/fixed_literal=false/literal_null=false/index=dynamic,74,12728.0,73020855.0,5737.025062853551
published_control_f0aa2c43,binary_expressions/elt_arguments/elt_arguments/scalar/1024/width=16/nulls=false/fixed_literal=false/literal_null=false/index=dynamic,75,12900.0,75137520.0,5824.613953488372
published_control_f0aa2c43,binary_expressions/elt_arguments/elt_arguments/scalar/1024/width=16/nulls=false/fixed_literal=false/literal_null=false/index=dynamic,76,13072.0,74677587.0,5712.789703182375
published_control_f0aa2c43,binary_expressions/elt_arguments/elt_arguments/scalar/1024/width=16/nulls=false/fixed_literal=false/literal_null=false/index=dynamic,77,13244.0,76702366.0,5791.48036846874
published_control_f0aa2c43,binary_expressions/elt_arguments/elt_arguments/scalar/1024/width=16/nulls=false/fixed_literal=false/literal_null=false/index=dynamic,78,13416.0,75826100.0,5651.915623136553
published_control_f0aa2c43,binary_expressions/elt_arguments/elt_arguments/scalar/1024/width=16/nulls=false/fixed_literal=false/literal_null=false/index=dynamic,79,13588.0,77136300.0,5676.795702090079
published_control_f0aa2c43,binary_expressions/elt_arguments/elt_arguments/scalar/1024/width=16/nulls=false/fixed_literal=false/literal_null=false/index=dynamic,80,13760.0,79836413.0,5802.064898255814
published_control_f0aa2c43,binary_expressions/elt_arguments/elt_arguments/scalar/1024/width=16/nulls=false/fixed_literal=false/literal_null=false/index=dynamic,81,13932.0,79653923.0,5717.335845535458
published_control_f0aa2c43,binary_expressions/elt_arguments/elt_arguments/scalar/1024/width=16/nulls=false/fixed_literal=false/literal_null=false/index=dynamic,82,14104.0,81655049.0,5789.495816789563
published_control_f0aa2c43,binary_expressions/elt_arguments/elt_arguments/scalar/1024/width=16/nulls=false/fixed_literal=false/literal_null=false/index=dynamic,83,14276.0,80728267.0,5654.8239702998035
published_control_f0aa2c43,binary_expressions/elt_arguments/elt_arguments/scalar/1024/width=16/nulls=false/fixed_literal=false/literal_null=false/index=dynamic,84,14448.0,82609749.0,5717.729028239202
published_control_f0aa2c43,binary_expressions/elt_arguments/elt_arguments/scalar/1024/width=16/nulls=false/fixed_literal=false/literal_null=false/index=dynamic,85,14620.0,83142585.0,5686.90731874145
published_control_f0aa2c43,binary_expressions/elt_arguments/elt_arguments/scalar/1024/width=16/nulls=false/fixed_literal=false/literal_null=false/index=dynamic,86,14792.0,84855382.0,5736.572606814494
published_control_f0aa2c43,binary_expressions/elt_arguments/elt_arguments/scalar/1024/width=16/nulls=false/fixed_literal=false/literal_null=false/index=dynamic,87,14964.0,86592866.0,5786.745923549853
published_control_f0aa2c43,binary_expressions/elt_arguments/elt_arguments/scalar/1024/width=16/nulls=false/fixed_literal=false/literal_null=false/index=dynamic,88,15136.0,87155713.0,5758.173427589852
published_control_f0aa2c43,binary_expressions/elt_arguments/elt_arguments/scalar/1024/width=16/nulls=false/fixed_literal=false/literal_null=false/index=dynamic,89,15308.0,87871879.0,5740.258622942252
published_control_f0aa2c43,binary_expressions/elt_arguments/elt_arguments/scalar/1024/width=16/nulls=false/fixed_literal=false/literal_null=false/index=dynamic,90,15480.0,88583275.0,5722.433785529715
published_control_f0aa2c43,binary_expressions/elt_arguments/elt_arguments/scalar/1024/width=16/nulls=false/fixed_literal=false/literal_null=false/index=dynamic,91,15652.0,91593103.0,5851.8466010733455
published_control_f0aa2c43,binary_expressions/elt_arguments/elt_arguments/scalar/1024/width=16/nulls=false/fixed_literal=false/literal_null=false/index=dynamic,92,15824.0,91392761.0,5775.578930738119
published_control_f0aa2c43,binary_expressions/elt_arguments/elt_arguments/scalar/1024/width=16/nulls=false/fixed_literal=false/literal_null=false/index=dynamic,93,15996.0,90532216.0,5659.678419604901
published_control_f0aa2c43,binary_expressions/elt_arguments/elt_arguments/scalar/1024/width=16/nulls=false/fixed_literal=false/literal_null=false/index=dynamic,94,16168.0,91372168.0,5651.4205838693715
published_control_f0aa2c43,binary_expressions/elt_arguments/elt_arguments/scalar/1024/width=16/nulls=false/fixed_literal=false/literal_null=false/index=dynamic,95,16340.0,93121418.0,5698.985189718483
published_control_f0aa2c43,binary_expressions/elt_arguments/elt_arguments/scalar/1024/width=16/nulls=false/fixed_literal=false/literal_null=false/index=dynamic,96,16512.0,94294702.0,5710.6772044573645
published_control_f0aa2c43,binary_expressions/elt_arguments/elt_arguments/scalar/1024/width=16/nulls=false/fixed_literal=false/literal_null=false/index=dynamic,97,16684.0,95139798.0,5702.457324382642
published_control_f0aa2c43,binary_expressions/elt_arguments/elt_arguments/scalar/1024/width=16/nulls=false/fixed_literal=false/literal_null=false/index=dynamic,98,16856.0,97276062.0,5771.005102040816
published_control_f0aa2c43,binary_expressions/elt_arguments/elt_arguments/scalar/1024/width=16/nulls=false/fixed_literal=false/literal_null=false/index=dynamic,99,17028.0,103485467.0,6077.370624853183
published_control_f0aa2c43,binary_expressions/elt_arguments/elt_arguments/scalar/1024/width=16/nulls=false/fixed_literal=false/literal_null=false/index=dynamic,100,17200.0,98315679.0,5716.02784883721
mixed_hints,binary_expressions/elt_all_scalar/elt_all_scalar/width=0/values=3/fixed_literal=false/nulls=false/index=Some(1),1,955.0,985625.0,1032.068062827225
mixed_hints,binary_expressions/elt_all_scalar/elt_all_scalar/width=0/values=3/fixed_literal=false/nulls=false/index=Some(1),2,1910.0,2064063.0,1080.6612565445025
mixed_hints,binary_expressions/elt_all_scalar/elt_all_scalar/width=0/values=3/fixed_literal=false/nulls=false/index=Some(1),3,2865.0,2950140.0,1029.717277486911
mixed_hints,binary_expressions/elt_all_scalar/elt_all_scalar/width=0/values=3/fixed_literal=false/nulls=false/index=Some(1),4,3820.0,3950754.0,1034.2287958115182
mixed_hints,binary_expressions/elt_all_scalar/elt_all_scalar/width=0/values=3/fixed_literal=false/nulls=false/index=Some(1),5,4775.0,4931791.0,1032.8358115183246
mixed_hints,binary_expressions/elt_all_scalar/elt_all_scalar/width=0/values=3/fixed_literal=false/nulls=false/index=Some(1),6,5730.0,6193135.0,1080.826352530541
mixed_hints,binary_expressions/elt_all_scalar/elt_all_scalar/width=0/values=3/fixed_literal=false/nulls=false/index=Some(1),7,6685.0,6895207.0,1031.4445774121166
mixed_hints,binary_expressions/elt_all_scalar/elt_all_scalar/width=0/values=3/fixed_literal=false/nulls=false/index=Some(1),8,7640.0,7847745.0,1027.1917539267015
mixed_hints,binary_expressions/elt_all_scalar/elt_all_scalar/width=0/values=3/fixed_literal=false/nulls=false/index=Some(1),9,8595.0,8833862.0,1027.7908086096568
mixed_hints,binary_expressions/elt_all_scalar/elt_all_scalar/width=0/values=3/fixed_literal=false/nulls=false/index=Some(1),10,9550.0,9840964.0,1030.4674345549738
mixed_hints,binary_expressions/elt_all_scalar/elt_all_scalar/width=0/values=3/fixed_literal=false/nulls=false/index=Some(1),11,10505.0,10737513.0,1022.1335554497858
mixed_hints,binary_expressions/elt_all_scalar/elt_all_scalar/width=0/values=3/fixed_literal=false/nulls=false/index=Some(1),12,11460.0,11771506.0,1027.1820244328098
mixed_hints,binary_expressions/elt_all_scalar/elt_all_scalar/width=0/values=3/fixed_literal=false/nulls=false/index=Some(1),13,12415.0,13020245.0,1048.7511075312123
mixed_hints,binary_expressions/elt_all_scalar/elt_all_scalar/width=0/values=3/fixed_literal=false/nulls=false/index=Some(1),14,13370.0,13972304.0,1045.0489154824234
mixed_hints,binary_expressions/elt_all_scalar/elt_all_scalar/width=0/values=3/fixed_literal=false/nulls=false/index=Some(1),15,14325.0,14753826.0,1029.935497382199
mixed_hints,binary_expressions/elt_all_scalar/elt_all_scalar/width=0/values=3/fixed_literal=false/nulls=false/index=Some(1),16,15280.0,15736996.0,1029.908115183246
mixed_hints,binary_expressions/elt_all_scalar/elt_all_scalar/width=0/values=3/fixed_literal=false/nulls=false/index=Some(1),17,16235.0,16859748.0,1038.4815522020326
mixed_hints,binary_expressions/elt_all_scalar/elt_all_scalar/width=0/values=3/fixed_literal=false/nulls=false/index=Some(1),18,17190.0,17710404.0,1030.273647469459
mixed_hints,binary_expressions/elt_all_scalar/elt_all_scalar/width=0/values=3/fixed_literal=false/nulls=false/index=Some(1),19,18145.0,19912019.0,1097.3832460732983
mixed_hints,binary_expressions/elt_all_scalar/elt_all_scalar/width=0/values=3/fixed_literal=false/nulls=false/index=Some(1),20,19100.0,19998489.0,1047.0413089005235
mixed_hints,binary_expressions/elt_all_scalar/elt_all_scalar/width=0/values=3/fixed_literal=false/nulls=false/index=Some(1),21,20055.0,20845885.0,1039.4358015457492
mixed_hints,binary_expressions/elt_all_scalar/elt_all_scalar/width=0/values=3/fixed_literal=false/nulls=false/index=Some(1),22,21010.0,21894929.0,1042.1194193241313
mixed_hints,binary_expressions/elt_all_scalar/elt_all_scalar/width=0/values=3/fixed_literal=false/nulls=false/index=Some(1),23,21965.0,22726920.0,1034.6879125882085
mixed_hints,binary_expressions/elt_all_scalar/elt_all_scalar/width=0/values=3/fixed_literal=false/nulls=false/index=Some(1),24,22920.0,25049548.0,1092.9122164048865
mixed_hints,binary_expressions/elt_all_scalar/elt_all_scalar/width=0/values=3/fixed_literal=false/nulls=false/index=Some(1),25,23875.0,24436447.0,1023.5161047120419
mixed_hints,binary_expressions/elt_all_scalar/elt_all_scalar/width=0/values=3/fixed_literal=false/nulls=false/index=Some(1),26,24830.0,25609119.0,1031.378131292791
mixed_hints,binary_expressions/elt_all_scalar/elt_all_scalar/width=0/values=3/fixed_literal=false/nulls=false/index=Some(1),27,25785.0,26572564.0,1030.5434942796198
mixed_hints,binary_expressions/elt_all_scalar/elt_all_scalar/width=0/values=3/fixed_literal=false/nulls=false/index=Some(1),28,26740.0,27913374.0,1043.8808526551982
mixed_hints,binary_expressions/elt_all_scalar/elt_all_scalar/width=0/values=3/fixed_literal=false/nulls=false/index=Some(1),29,27695.0,28576085.0,1031.8138653186495
mixed_hints,binary_expressions/elt_all_scalar/elt_all_scalar/width=0/values=3/fixed_literal=false/nulls=false/index=Some(1),30,28650.0,29450892.0,1027.9543455497383
mixed_hints,binary_expressions/elt_all_scalar/elt_all_scalar/width=0/values=3/fixed_literal=false/nulls=false/index=Some(1),31,29605.0,30823381.0,1041.1545684850532
mixed_hints,binary_expressions/elt_all_scalar/elt_all_scalar/width=0/values=3/fixed_literal=false/nulls=false/index=Some(1),32,30560.0,31513383.0,1031.197087696335
mixed_hints,binary_expressions/elt_all_scalar/elt_all_scalar/width=0/values=3/fixed_literal=false/nulls=false/index=Some(1),33,31515.0,32420407.0,1028.7293986990321
mixed_hints,binary_expressions/elt_all_scalar/elt_all_scalar/width=0/values=3/fixed_literal=false/nulls=false/index=Some(1),34,32470.0,33238323.0,1023.6625500461965
mixed_hints,binary_expressions/elt_all_scalar/elt_all_scalar/width=0/values=3/fixed_literal=false/nulls=false/index=Some(1),35,33425.0,34482042.0,1031.6242931937172
mixed_hints,binary_expressions/elt_all_scalar/elt_all_scalar/width=0/values=3/fixed_literal=false/nulls=false/index=Some(1),36,34380.0,35450432.0,1031.1353112274578
mixed_hints,binary_expressions/elt_all_scalar/elt_all_scalar/width=0/values=3/fixed_literal=false/nulls=false/index=Some(1),37,35335.0,37345489.0,1056.89794820999
mixed_hints,binary_expressions/elt_all_scalar/elt_all_scalar/width=0/values=3/fixed_literal=false/nulls=false/index=Some(1),38,36290.0,37230538.0,1025.917277486911
mixed_hints,binary_expressions/elt_all_scalar/elt_all_scalar/width=0/values=3/fixed_literal=false/nulls=false/index=Some(1),39,37245.0,39044466.0,1048.3142972211035
mixed_hints,binary_expressions/elt_all_scalar/elt_all_scalar/width=0/values=3/fixed_literal=false/nulls=false/index=Some(1),40,38200.0,39769114.0,1041.076282722513
mixed_hints,binary_expressions/elt_all_scalar/elt_all_scalar/width=0/values=3/fixed_literal=false/nulls=false/index=Some(1),41,39155.0,41740908.0,1066.0428553186055
mixed_hints,binary_expressions/elt_all_scalar/elt_all_scalar/width=0/values=3/fixed_literal=false/nulls=false/index=Some(1),42,40110.0,42499531.0,1059.5744452754925
mixed_hints,binary_expressions/elt_all_scalar/elt_all_scalar/width=0/values=3/fixed_literal=false/nulls=false/index=Some(1),43,41065.0,43093501.0,1049.3973213198587
mixed_hints,binary_expressions/elt_all_scalar/elt_all_scalar/width=0/values=3/fixed_literal=false/nulls=false/index=Some(1),44,42020.0,43758576.0,1041.374964302713
mixed_hints,binary_expressions/elt_all_scalar/elt_all_scalar/width=0/values=3/fixed_literal=false/nulls=false/index=Some(1),45,42975.0,45011419.0,1047.386131471786
mixed_hints,binary_expressions/elt_all_scalar/elt_all_scalar/width=0/values=3/fixed_literal=false/nulls=false/index=Some(1),46,43930.0,45224726.0,1029.4724789437741
mixed_hints,binary_expressions/elt_all_scalar/elt_all_scalar/width=0/values=3/fixed_literal=false/nulls=false/index=Some(1),47,44885.0,47261206.0,1052.9398685529686
mixed_hints,binary_expressions/elt_all_scalar/elt_all_scalar/width=0/values=3/fixed_literal=false/nulls=false/index=Some(1),48,45840.0,47064552.0,1026.713612565445
mixed_hints,binary_expressions/elt_all_scalar/elt_all_scalar/width=0/values=3/fixed_literal=false/nulls=false/index=Some(1),49,46795.0,48642146.0,1039.473148840688
mixed_hints,binary_expressions/elt_all_scalar/elt_all_scalar/width=0/values=3/fixed_literal=false/nulls=false/index=Some(1),50,47750.0,49794798.0,1042.822994764398
mixed_hints,binary_expressions/elt_all_scalar/elt_all_scalar/width=0/values=3/fixed_literal=false/nulls=false/index=Some(1),51,48705.0,51932960.0,1066.2757417102966
mixed_hints,binary_expressions/elt_all_scalar/elt_all_scalar/width=0/values=3/fixed_literal=false/nulls=false/index=Some(1),52,49660.0,51393938.0,1034.91619009263
mixed_hints,binary_expressions/elt_all_scalar/elt_all_scalar/width=0/values=3/fixed_literal=false/nulls=false/index=Some(1),53,50615.0,52245450.0,1032.2127827719055
mixed_hints,binary_expressions/elt_all_scalar/elt_all_scalar/width=0/values=3/fixed_literal=false/nulls=false/index=Some(1),54,51570.0,53588743.0,1039.145685476052
mixed_hints,binary_expressions/elt_all_scalar/elt_all_scalar/width=0/values=3/fixed_literal=false/nulls=false/index=Some(1),55,52525.0,54729748.0,1041.975211803903
mixed_hints,binary_expressions/elt_all_scalar/elt_all_scalar/width=0/values=3/fixed_literal=false/nulls=false/index=Some(1),56,53480.0,56435799.0,1055.2692408376963
mixed_hints,binary_expressions/elt_all_scalar/elt_all_scalar/width=0/values=3/fixed_literal=false/nulls=false/index=Some(1),57,54435.0,57069172.0,1048.3911454027739
mixed_hints,binary_expressions/elt_all_scalar/elt_all_scalar/width=0/values=3/fixed_literal=false/nulls=false/index=Some(1),58,55390.0,57087320.0,1030.6430763675753
mixed_hints,binary_expressions/elt_all_scalar/elt_all_scalar/width=0/values=3/fixed_literal=false/nulls=false/index=Some(1),59,56345.0,57841788.0,1026.5646996184223
mixed_hints,binary_expressions/elt_all_scalar/elt_all_scalar/width=0/values=3/fixed_literal=false/nulls=false/index=Some(1),60,57300.0,59391421.0,1036.4994938917976
mixed_hints,binary_expressions/elt_all_scalar/elt_all_scalar/width=0/values=3/fixed_literal=false/nulls=false/index=Some(1),61,58255.0,60543158.0,1039.278310874603
mixed_hints,binary_expressions/elt_all_scalar/elt_all_scalar/width=0/values=3/fixed_literal=false/nulls=false/index=Some(1),62,59210.0,61250257.0,1034.457980070934
mixed_hints,binary_expressions/elt_all_scalar/elt_all_scalar/width=0/values=3/fixed_literal=false/nulls=false/index=Some(1),63,60165.0,63331344.0,1052.6276738967838
mixed_hints,binary_expressions/elt_all_scalar/elt_all_scalar/width=0/values=3/fixed_literal=false/nulls=false/index=Some(1),64,61120.0,64106713.0,1048.866377617801
mixed_hints,binary_expressions/elt_all_scalar/elt_all_scalar/width=0/values=3/fixed_literal=false/nulls=false/index=Some(1),65,62075.0,64704231.0,1042.3557148610553
mixed_hints,binary_expressions/elt_all_scalar/elt_all_scalar/width=0/values=3/fixed_literal=false/nulls=false/index=Some(1),66,63030.0,65715388.0,1042.6049182928764
mixed_hints,binary_expressions/elt_all_scalar/elt_all_scalar/width=0/values=3/fixed_literal=false/nulls=false/index=Some(1),67,63985.0,66118366.0,1033.341658201141
mixed_hints,binary_expressions/elt_all_scalar/elt_all_scalar/width=0/values=3/fixed_literal=false/nulls=false/index=Some(1),68,64940.0,66882799.0,1029.91683092085
mixed_hints,binary_expressions/elt_all_scalar/elt_all_scalar/width=0/values=3/fixed_literal=false/nulls=false/index=Some(1),69,65895.0,69938033.0,1061.355687077927
mixed_hints,binary_expressions/elt_all_scalar/elt_all_scalar/width=0/values=3/fixed_literal=false/nulls=false/index=Some(1),70,66850.0,69164152.0,1034.6170830216904
mixed_hints,binary_expressions/elt_all_scalar/elt_all_scalar/width=0/values=3/fixed_literal=false/nulls=false/index=Some(1),71,67805.0,70338255.0,1037.3608878401299
mixed_hints,binary_expressions/elt_all_scalar/elt_all_scalar/width=0/values=3/fixed_literal=false/nulls=false/index=Some(1),72,68760.0,71186825.0,1035.2941390343224
mixed_hints,binary_expressions/elt_all_scalar/elt_all_scalar/width=0/values=3/fixed_literal=false/nulls=false/index=Some(1),73,69715.0,72101447.0,1034.2314709890268
mixed_hints,binary_expressions/elt_all_scalar/elt_all_scalar/width=0/values=3/fixed_literal=false/nulls=false/index=Some(1),74,70670.0,73725279.0,1043.2330408942973
mixed_hints,binary_expressions/elt_all_scalar/elt_all_scalar/width=0/values=3/fixed_literal=false/nulls=false/index=Some(1),75,71625.0,73675013.0,1028.6214729493893
mixed_hints,binary_expressions/elt_all_scalar/elt_all_scalar/width=0/values=3/fixed_literal=false/nulls=false/index=Some(1),76,72580.0,76047550.0,1047.77555800496
mixed_hints,binary_expressions/elt_all_scalar/elt_all_scalar/width=0/values=3/fixed_literal=false/nulls=false/index=Some(1),77,73535.0,75916007.0,1032.3792343781872
mixed_hints,binary_expressions/elt_all_scalar/elt_all_scalar/width=0/values=3/fixed_literal=false/nulls=false/index=Some(1),78,74490.0,78244285.0,1050.3998523291716
mixed_hints,binary_expressions/elt_all_scalar/elt_all_scalar/width=0/values=3/fixed_literal=false/nulls=false/index=Some(1),79,75445.0,77901602.0,1032.561495128902
mixed_hints,binary_expressions/elt_all_scalar/elt_all_scalar/width=0/values=3/fixed_literal=false/nulls=false/index=Some(1),80,76400.0,79102476.0,1035.372722513089
mixed_hints,binary_expressions/elt_all_scalar/elt_all_scalar/width=0/values=3/fixed_literal=false/nulls=false/index=Some(1),81,77355.0,80173111.0,1036.4308835886497
mixed_hints,binary_expressions/elt_all_scalar/elt_all_scalar/width=0/values=3/fixed_literal=false/nulls=false/index=Some(1),82,78310.0,81541348.0,1041.2635423317583
mixed_hints,binary_expressions/elt_all_scalar/elt_all_scalar/width=0/values=3/fixed_literal=false/nulls=false/index=Some(1),83,79265.0,82304137.0,1038.3414747997224
mixed_hints,binary_expressions/elt_all_scalar/elt_all_scalar/width=0/values=3/fixed_literal=false/nulls=false/index=Some(1),84,80220.0,83145756.0,1036.4716529543755
mixed_hints,binary_expressions/elt_all_scalar/elt_all_scalar/width=0/values=3/fixed_literal=false/nulls=false/index=Some(1),85,81175.0,84027130.0,1035.1355712965815
mixed_hints,binary_expressions/elt_all_scalar/elt_all_scalar/width=0/values=3/fixed_literal=false/nulls=false/index=Some(1),86,82130.0,88072134.0,1072.3503470108365
mixed_hints,binary_expressions/elt_all_scalar/elt_all_scalar/width=0/values=3/fixed_literal=false/nulls=false/index=Some(1),87,83085.0,85331541.0,1027.0390684239032
mixed_hints,binary_expressions/elt_all_scalar/elt_all_scalar/width=0/values=3/fixed_literal=false/nulls=false/index=Some(1),88,84040.0,87316505.0,1038.9874464540694
mixed_hints,binary_expressions/elt_all_scalar/elt_all_scalar/width=0/values=3/fixed_literal=false/nulls=false/index=Some(1),89,84995.0,89007174.0,1047.2048238131654
mixed_hints,binary_expressions/elt_all_scalar/elt_all_scalar/width=0/values=3/fixed_literal=false/nulls=false/index=Some(1),90,85950.0,89337360.0,1039.410820244328
mixed_hints,binary_expressions/elt_all_scalar/elt_all_scalar/width=0/values=3/fixed_literal=false/nulls=false/index=Some(1),91,86905.0,91009180.0,1047.2260514354755
mixed_hints,binary_expressions/elt_all_scalar/elt_all_scalar/width=0/values=3/fixed_literal=false/nulls=false/index=Some(1),92,87860.0,91159614.0,1037.5553608012747
mixed_hints,binary_expressions/elt_all_scalar/elt_all_scalar/width=0/values=3/fixed_literal=false/nulls=false/index=Some(1),93,88815.0,92551066.0,1042.0657096211226
mixed_hints,binary_expressions/elt_all_scalar/elt_all_scalar/width=0/values=3/fixed_literal=false/nulls=false/index=Some(1),94,89770.0,93471791.0,1041.2363930043443
mixed_hints,binary_expressions/elt_all_scalar/elt_all_scalar/width=0/values=3/fixed_literal=false/nulls=false/index=Some(1),95,90725.0,94203473.0,1038.3408432074953
mixed_hints,binary_expressions/elt_all_scalar/elt_all_scalar/width=0/values=3/fixed_literal=false/nulls=false/index=Some(1),96,91680.0,96436225.0,1051.878544938918
mixed_hints,binary_expressions/elt_all_scalar/elt_all_scalar/width=0/values=3/fixed_literal=false/nulls=false/index=Some(1),97,92635.0,96478125.0,1041.4867490689264
mixed_hints,binary_expressions/elt_all_scalar/elt_all_scalar/width=0/values=3/fixed_literal=false/nulls=false/index=Some(1),98,93590.0,97938235.0,1046.4604658617375
mixed_hints,binary_expressions/elt_all_scalar/elt_all_scalar/width=0/values=3/fixed_literal=false/nulls=false/index=Some(1),99,94545.0,98767745.0,1044.6638637685758
mixed_hints,binary_expressions/elt_all_scalar/elt_all_scalar/width=0/values=3/fixed_literal=false/nulls=false/index=Some(1),100,95500.0,99550520.0,1042.4138219895287
mixed_hints,binary_expressions/elt_all_scalar/elt_all_scalar/width=16/values=3/fixed_literal=false/nulls=false/index=Some(1),1,870.0,905537.0,1040.8471264367815
mixed_hints,binary_expressions/elt_all_scalar/elt_all_scalar/width=16/values=3/fixed_literal=false/nulls=false/index=Some(1),2,1740.0,2117977.0,1217.2281609195402
mixed_hints,binary_expressions/elt_all_scalar/elt_all_scalar/width=16/values=3/fixed_literal=false/nulls=false/index=Some(1),3,2610.0,3026149.0,1159.444061302682
mixed_hints,binary_expressions/elt_all_scalar/elt_all_scalar/width=16/values=3/fixed_literal=false/nulls=false/index=Some(1),4,3480.0,3983781.0,1144.7646551724138
mixed_hints,binary_expressions/elt_all_scalar/elt_all_scalar/width=16/values=3/fixed_literal=false/nulls=false/index=Some(1),5,4350.0,5143517.0,1182.4177011494253
mixed_hints,binary_expressions/elt_all_scalar/elt_all_scalar/width=16/values=3/fixed_literal=false/nulls=false/index=Some(1),6,5220.0,6091701.0,1166.9925287356323
mixed_hints,binary_expressions/elt_all_scalar/elt_all_scalar/width=16/values=3/fixed_literal=false/nulls=false/index=Some(1),7,6090.0,7064549.0,1160.0244663382593
mixed_hints,binary_expressions/elt_all_scalar/elt_all_scalar/width=16/values=3/fixed_literal=false/nulls=false/index=Some(1),8,6960.0,8245730.0,1184.7313218390805
mixed_hints,binary_expressions/elt_all_scalar/elt_all_scalar/width=16/values=3/fixed_literal=false/nulls=false/index=Some(1),9,7830.0,9435356.0,1205.0263090676883
mixed_hints,binary_expressions/elt_all_scalar/elt_all_scalar/width=16/values=3/fixed_literal=false/nulls=false/index=Some(1),10,8700.0,10034244.0,1153.3613793103448
mixed_hints,binary_expressions/elt_all_scalar/elt_all_scalar/width=16/values=3/fixed_literal=false/nulls=false/index=Some(1),11,9570.0,11011807.0,1150.6590386624869
mixed_hints,binary_expressions/elt_all_scalar/elt_all_scalar/width=16/values=3/fixed_literal=false/nulls=false/index=Some(1),12,10440.0,11829548.0,1133.0984674329502
mixed_hints,binary_expressions/elt_all_scalar/elt_all_scalar/width=16/values=3/fixed_literal=false/nulls=false/index=Some(1),13,11310.0,13027499.0,1151.8566755083996
mixed_hints,binary_expressions/elt_all_scalar/elt_all_scalar/width=16/values=3/fixed_literal=false/nulls=false/index=Some(1),14,12180.0,14100752.0,1157.6972085385878
mixed_hints,binary_expressions/elt_all_scalar/elt_all_scalar/width=16/values=3/fixed_literal=false/nulls=false/index=Some(1),15,13050.0,15462645.0,1184.8770114942529
mixed_hints,binary_expressions/elt_all_scalar/elt_all_scalar/width=16/values=3/fixed_literal=false/nulls=false/index=Some(1),16,13920.0,15733150.0,1130.255028735632
mixed_hints,binary_expressions/elt_all_scalar/elt_all_scalar/width=16/values=3/fixed_literal=false/nulls=false/index=Some(1),17,14790.0,17412231.0,1177.297565922921
mixed_hints,binary_expressions/elt_all_scalar/elt_all_scalar/width=16/values=3/fixed_literal=false/nulls=false/index=Some(1),18,15660.0,17952600.0,1146.3984674329502
mixed_hints,binary_expressions/elt_all_scalar/elt_all_scalar/width=16/values=3/fixed_literal=false/nulls=false/index=Some(1),19,16530.0,19557962.0,1183.1797943133697
mixed_hints,binary_expressions/elt_all_scalar/elt_all_scalar/width=16/values=3/fixed_literal=false/nulls=false/index=Some(1),20,17400.0,20178844.0,1159.7036781609195
mixed_hints,binary_expressions/elt_all_scalar/elt_all_scalar/width=16/values=3/fixed_literal=false/nulls=false/index=Some(1),21,18270.0,21283255.0,1164.9291187739464
mixed_hints,binary_expressions/elt_all_scalar/elt_all_scalar/width=16/values=3/fixed_literal=false/nulls=false/index=Some(1),22,19140.0,22784213.0,1190.3977533960292
mixed_hints,binary_expressions/elt_all_scalar/elt_all_scalar/width=16/values=3/fixed_literal=false/nulls=false/index=Some(1),23,20010.0,22800310.0,1139.4457771114444
mixed_hints,binary_expressions/elt_all_scalar/elt_all_scalar/width=16/values=3/fixed_literal=false/nulls=false/index=Some(1),24,20880.0,23851640.0,1142.3199233716475
mixed_hints,binary_expressions/elt_all_scalar/elt_all_scalar/width=16/values=3/fixed_literal=false/nulls=false/index=Some(1),25,21750.0,24782563.0,1139.4281839080459
mixed_hints,binary_expressions/elt_all_scalar/elt_all_scalar/width=16/values=3/fixed_literal=false/nulls=false/index=Some(1),26,22620.0,26256918.0,1160.7832891246685
mixed_hints,binary_expressions/elt_all_scalar/elt_all_scalar/width=16/values=3/fixed_literal=false/nulls=false/index=Some(1),27,23490.0,28179561.0,1199.6407407407407
mixed_hints,binary_expressions/elt_all_scalar/elt_all_scalar/width=16/values=3/fixed_literal=false/nulls=false/index=Some(1),28,24360.0,27738008.0,1138.6702791461412
mixed_hints,binary_expressions/elt_all_scalar/elt_all_scalar/width=16/values=3/fixed_literal=false/nulls=false/index=Some(1),29,25230.0,30372024.0,1203.8059453032104
mixed_hints,binary_expressions/elt_all_scalar/elt_all_scalar/width=16/values=3/fixed_literal=false/nulls=false/index=Some(1),30,26100.0,29971858.0,1148.3470498084291
mixed_hints,binary_expressions/elt_all_scalar/elt_all_scalar/width=16/values=3/fixed_literal=false/nulls=false/index=Some(1),31,26970.0,30697414.0,1138.2059325176122
mixed_hints,binary_expressions/elt_all_scalar/elt_all_scalar/width=16/values=3/fixed_literal=false/nulls=false/index=Some(1),32,27840.0,32319423.0,1160.8988146551724
mixed_hints,binary_expressions/elt_all_scalar/elt_all_scalar/width=16/values=3/fixed_literal=false/nulls=false/index=Some(1),33,28710.0,32881124.0,1145.2847091605713
mixed_hints,binary_expressions/elt_all_scalar/elt_all_scalar/width=16/values=3/fixed_literal=false/nulls=false/index=Some(1),34,29580.0,34193583.0,1155.9696754563895
mixed_hints,binary_expressions/elt_all_scalar/elt_all_scalar/width=16/values=3/fixed_literal=false/nulls=false/index=Some(1),35,30450.0,35347620.0,1160.8413793103448
mixed_hints,binary_expressions/elt_all_scalar/elt_all_scalar/width=16/values=3/fixed_literal=false/nulls=false/index=Some(1),36,31320.0,35900034.0,1146.2335249042146
mixed_hints,binary_expressions/elt_all_scalar/elt_all_scalar/width=16/values=3/fixed_literal=false/nulls=false/index=Some(1),37,32190.0,37217685.0,1156.1877912395155
mixed_hints,binary_expressions/elt_all_scalar/elt_all_scalar/width=16/values=3/fixed_literal=false/nulls=false/index=Some(1),38,33060.0,38661998.0,1169.4494252873562
mixed_hints,binary_expressions/elt_all_scalar/elt_all_scalar/width=16/values=3/fixed_literal=false/nulls=false/index=Some(1),39,33930.0,38594508.0,1137.4744473916887
mixed_hints,binary_expressions/elt_all_scalar/elt_all_scalar/width=16/values=3/fixed_literal=false/nulls=false/index=Some(1),40,34800.0,40218652.0,1155.7083908045977
mixed_hints,binary_expressions/elt_all_scalar/elt_all_scalar/width=16/values=3/fixed_literal=false/nulls=false/index=Some(1),41,35670.0,43307474.0,1214.114774320157
mixed_hints,binary_expressions/elt_all_scalar/elt_all_scalar/width=16/values=3/fixed_literal=false/nulls=false/index=Some(1),42,36540.0,41344682.0,1131.4910235358511
mixed_hints,binary_expressions/elt_all_scalar/elt_all_scalar/width=16/values=3/fixed_literal=false/nulls=false/index=Some(1),43,37410.0,43929588.0,1174.2739374498797
mixed_hints,binary_expressions/elt_all_scalar/elt_all_scalar/width=16/values=3/fixed_literal=false/nulls=false/index=Some(1),44,38280.0,43451835.0,1135.105407523511
mixed_hints,binary_expressions/elt_all_scalar/elt_all_scalar/width=16/values=3/fixed_literal=false/nulls=false/index=Some(1),45,39150.0,44712880.0,1142.0914431673052
mixed_hints,binary_expressions/elt_all_scalar/elt_all_scalar/width=16/values=3/fixed_literal=false/nulls=false/index=Some(1),46,40020.0,46802462.0,1169.476811594203
mixed_hints,binary_expressions/elt_all_scalar/elt_all_scalar/width=16/values=3/fixed_literal=false/nulls=false/index=Some(1),47,40890.0,47795034.0,1168.8685253118122
mixed_hints,binary_expressions/elt_all_scalar/elt_all_scalar/width=16/values=3/fixed_literal=false/nulls=false/index=Some(1),48,41760.0,48372765.0,1158.3516522988505
mixed_hints,binary_expressions/elt_all_scalar/elt_all_scalar/width=16/values=3/fixed_literal=false/nulls=false/index=Some(1),49,42630.0,50364816.0,1181.4406755805771
mixed_hints,binary_expressions/elt_all_scalar/elt_all_scalar/width=16/values=3/fixed_literal=false/nulls=false/index=Some(1),50,43500.0,49086809.0,1128.4323908045976
mixed_hints,binary_expressions/elt_all_scalar/elt_all_scalar/width=16/values=3/fixed_literal=false/nulls=false/index=Some(1),51,44370.0,51129052.0,1152.3338291638495
mixed_hints,binary_expressions/elt_all_scalar/elt_all_scalar/width=16/values=3/fixed_literal=false/nulls=false/index=Some(1),52,45240.0,53215309.0,1176.288881520778
mixed_hints,binary_expressions/elt_all_scalar/elt_all_scalar/width=16/values=3/fixed_literal=false/nulls=false/index=Some(1),53,46110.0,52658256.0,1142.0137931034483
mixed_hints,binary_expressions/elt_all_scalar/elt_all_scalar/width=16/values=3/fixed_literal=false/nulls=false/index=Some(1),54,46980.0,54578417.0,1161.7372711792252
mixed_hints,binary_expressions/elt_all_scalar/elt_all_scalar/width=16/values=3/fixed_literal=false/nulls=false/index=Some(1),55,47850.0,56339250.0,1177.4137931034484
mixed_hints,binary_expressions/elt_all_scalar/elt_all_scalar/width=16/values=3/fixed_literal=false/nulls=false/index=Some(1),56,48720.0,57189002.0,1173.8300903119869
mixed_hints,binary_expressions/elt_all_scalar/elt_all_scalar/width=16/values=3/fixed_literal=false/nulls=false/index=Some(1),57,49590.0,57311613.0,1155.7090744101633
mixed_hints,binary_expressions/elt_all_scalar/elt_all_scalar/width=16/values=3/fixed_literal=false/nulls=false/index=Some(1),58,50460.0,58890276.0,1167.0684898929846
mixed_hints,binary_expressions/elt_all_scalar/elt_all_scalar/width=16/values=3/fixed_literal=false/nulls=false/index=Some(1),59,51330.0,60622196.0,1181.028560296123
mixed_hints,binary_expressions/elt_all_scalar/elt_all_scalar/width=16/values=3/fixed_literal=false/nulls=false/index=Some(1),60,52200.0,59257916.0,1135.2091187739463
mixed_hints,binary_expressions/elt_all_scalar/elt_all_scalar/width=16/values=3/fixed_literal=false/nulls=false/index=Some(1),61,53070.0,59885718.0,1128.4288298473714
mixed_hints,binary_expressions/elt_all_scalar/elt_all_scalar/width=16/values=3/fixed_literal=false/nulls=false/index=Some(1),62,53940.0,62370560.0,1156.295142751205
mixed_hints,binary_expressions/elt_all_scalar/elt_all_scalar/width=16/values=3/fixed_literal=false/nulls=false/index=Some(1),63,54810.0,62699752.0,1143.9473088852399
mixed_hints,binary_expressions/elt_all_scalar/elt_all_scalar/width=16/values=3/fixed_literal=false/nulls=false/index=Some(1),64,55680.0,63489999.0,1140.2657866379311
mixed_hints,binary_expressions/elt_all_scalar/elt_all_scalar/width=16/values=3/fixed_literal=false/nulls=false/index=Some(1),65,56550.0,64927149.0,1148.137029177719
mixed_hints,binary_expressions/elt_all_scalar/elt_all_scalar/width=16/values=3/fixed_literal=false/nulls=false/index=Some(1),66,57420.0,65709264.0,1144.3619644723094
mixed_hints,binary_expressions/elt_all_scalar/elt_all_scalar/width=16/values=3/fixed_literal=false/nulls=false/index=Some(1),67,58290.0,67723163.0,1161.8315834620003
mixed_hints,binary_expressions/elt_all_scalar/elt_all_scalar/width=16/values=3/fixed_literal=false/nulls=false/index=Some(1),68,59160.0,67880507.0,1147.405459770115
mixed_hints,binary_expressions/elt_all_scalar/elt_all_scalar/width=16/values=3/fixed_literal=false/nulls=false/index=Some(1),69,60030.0,69248353.0,1153.562435448942
mixed_hints,binary_expressions/elt_all_scalar/elt_all_scalar/width=16/values=3/fixed_literal=false/nulls=false/index=Some(1),70,60900.0,70393428.0,1155.8855172413794
mixed_hints,binary_expressions/elt_all_scalar/elt_all_scalar/width=16/values=3/fixed_literal=false/nulls=false/index=Some(1),71,61770.0,70661618.0,1143.9471911931357
mixed_hints,binary_expressions/elt_all_scalar/elt_all_scalar/width=16/values=3/fixed_literal=false/nulls=false/index=Some(1),72,62640.0,71508838.0,1141.5842592592592
mixed_hints,binary_expressions/elt_all_scalar/elt_all_scalar/width=16/values=3/fixed_literal=false/nulls=false/index=Some(1),73,63510.0,74753837.0,1177.04041883168
mixed_hints,binary_expressions/elt_all_scalar/elt_all_scalar/width=16/values=3/fixed_literal=false/nulls=false/index=Some(1),74,64380.0,73023152.0,1134.252127990059
mixed_hints,binary_expressions/elt_all_scalar/elt_all_scalar/width=16/values=3/fixed_literal=false/nulls=false/index=Some(1),75,65250.0,74566843.0,1142.7868659003832
mixed_hints,binary_expressions/elt_all_scalar/elt_all_scalar/width=16/values=3/fixed_literal=false/nulls=false/index=Some(1),76,66120.0,75282823.0,1138.578690260133
mixed_hints,binary_expressions/elt_all_scalar/elt_all_scalar/width=16/values=3/fixed_literal=false/nulls=false/index=Some(1),77,66990.0,76366644.0,1139.9708016121808
mixed_hints,binary_expressions/elt_all_scalar/elt_all_scalar/width=16/values=3/fixed_literal=false/nulls=false/index=Some(1),78,67860.0,77249200.0,1138.3613321544356
mixed_hints,binary_expressions/elt_all_scalar/elt_all_scalar/width=16/values=3/fixed_literal=false/nulls=false/index=Some(1),79,68730.0,78806264.0,1146.606489160483
mixed_hints,binary_expressions/elt_all_scalar/elt_all_scalar/width=16/values=3/fixed_literal=false/nulls=false/index=Some(1),80,69600.0,80225682.0,1152.6678448275861
mixed_hints,binary_expressions/elt_all_scalar/elt_all_scalar/width=16/values=3/fixed_literal=false/nulls=false/index=Some(1),81,70470.0,81064716.0,1150.3436355896126
mixed_hints,binary_expressions/elt_all_scalar/elt_all_scalar/width=16/values=3/fixed_literal=false/nulls=false/index=Some(1),82,71340.0,80857277.0,1133.4073030557893
mixed_hints,binary_expressions/elt_all_scalar/elt_all_scalar/width=16/values=3/fixed_literal=false/nulls=false/index=Some(1),83,72210.0,83506023.0,1156.432945575405
mixed_hints,binary_expressions/elt_all_scalar/elt_all_scalar/width=16/values=3/fixed_literal=false/nulls=false/index=Some(1),84,73080.0,84162927.0,1151.6547208538589
mixed_hints,binary_expressions/elt_all_scalar/elt_all_scalar/width=16/values=3/fixed_literal=false/nulls=false/index=Some(1),85,73950.0,86355614.0,1167.7567816091955
mixed_hints,binary_expressions/elt_all_scalar/elt_all_scalar/width=16/values=3/fixed_literal=false/nulls=false/index=Some(1),86,74820.0,88025361.0,1176.4950681635926
mixed_hints,binary_expressions/elt_all_scalar/elt_all_scalar/width=16/values=3/fixed_literal=false/nulls=false/index=Some(1),87,75690.0,87199677.0,1152.0633769322235
mixed_hints,binary_expressions/elt_all_scalar/elt_all_scalar/width=16/values=3/fixed_literal=false/nulls=false/index=Some(1),88,76560.0,87347756.0,1140.9059038662488
mixed_hints,binary_expressions/elt_all_scalar/elt_all_scalar/width=16/values=3/fixed_literal=false/nulls=false/index=Some(1),89,77430.0,88557721.0,1143.7133023375952
mixed_hints,binary_expressions/elt_all_scalar/elt_all_scalar/width=16/values=3/fixed_literal=false/nulls=false/index=Some(1),90,78300.0,90641110.0,1157.6131545338442
mixed_hints,binary_expressions/elt_all_scalar/elt_all_scalar/width=16/values=3/fixed_literal=false/nulls=false/index=Some(1),91,79170.0,91337879.0,1153.6930529240874
mixed_hints,binary_expressions/elt_all_scalar/elt_all_scalar/width=16/values=3/fixed_literal=false/nulls=false/index=Some(1),92,80040.0,92222875.0,1152.2098325837082
mixed_hints,binary_expressions/elt_all_scalar/elt_all_scalar/width=16/values=3/fixed_literal=false/nulls=false/index=Some(1),93,80910.0,92177360.0,1139.257940922012
mixed_hints,binary_expressions/elt_all_scalar/elt_all_scalar/width=16/values=3/fixed_literal=false/nulls=false/index=Some(1),94,81780.0,93488485.0,1143.1705184641721
mixed_hints,binary_expressions/elt_all_scalar/elt_all_scalar/width=16/values=3/fixed_literal=false/nulls=false/index=Some(1),95,82650.0,94433761.0,1142.5742407743496
mixed_hints,binary_expressions/elt_all_scalar/elt_all_scalar/width=16/values=3/fixed_literal=false/nulls=false/index=Some(1),96,83520.0,96400622.0,1154.222006704981
mixed_hints,binary_expressions/elt_all_scalar/elt_all_scalar/width=16/values=3/fixed_literal=false/nulls=false/index=Some(1),97,84390.0,97769602.0,1158.5448749851878
mixed_hints,binary_expressions/elt_all_scalar/elt_all_scalar/width=16/values=3/fixed_literal=false/nulls=false/index=Some(1),98,85260.0,98033781.0,1149.8214989444054
mixed_hints,binary_expressions/elt_all_scalar/elt_all_scalar/width=16/values=3/fixed_literal=false/nulls=false/index=Some(1),99,86130.0,99028893.0,1149.7607453848834
mixed_hints,binary_expressions/elt_all_scalar/elt_all_scalar/width=16/values=3/fixed_literal=false/nulls=false/index=Some(1),100,87000.0,101194456.0,1163.1546666666666
mixed_hints,binary_expressions/elt_arguments/elt_arguments/expanded_control/1024/width=16/nulls=false/fixed_literal=false/literal_null=false/index=dynamic,1,206.0,993943.0,4824.966019417476
mixed_hints,binary_expressions/elt_arguments/elt_arguments/expanded_control/1024/width=16/nulls=false/fixed_literal=false/literal_null=false/index=dynamic,2,412.0,1996583.0,4846.075242718447
mixed_hints,binary_expressions/elt_arguments/elt_arguments/expanded_control/1024/width=16/nulls=false/fixed_literal=false/literal_null=false/index=dynamic,3,618.0,3041943.0,4922.23786407767
mixed_hints,binary_expressions/elt_arguments/elt_arguments/expanded_control/1024/width=16/nulls=false/fixed_literal=false/literal_null=false/index=dynamic,4,824.0,4079454.0,4950.793689320389
mixed_hints,binary_expressions/elt_arguments/elt_arguments/expanded_control/1024/width=16/nulls=false/fixed_literal=false/literal_null=false/index=dynamic,5,1030.0,5250594.0,5097.664077669903
mixed_hints,binary_expressions/elt_arguments/elt_arguments/expanded_control/1024/width=16/nulls=false/fixed_literal=false/literal_null=false/index=dynamic,6,1236.0,5948019.0,4812.313106796117
mixed_hints,binary_expressions/elt_arguments/elt_arguments/expanded_control/1024/width=16/nulls=false/fixed_literal=false/literal_null=false/index=dynamic,7,1442.0,6859459.0,4756.906380027739
mixed_hints,binary_expressions/elt_arguments/elt_arguments/expanded_control/1024/width=16/nulls=false/fixed_literal=false/literal_null=false/index=dynamic,8,1648.0,7703729.0,4674.592839805825
mixed_hints,binary_expressions/elt_arguments/elt_arguments/expanded_control/1024/width=16/nulls=false/fixed_literal=false/literal_null=false/index=dynamic,9,1854.0,8783642.0,4737.670981661273
mixed_hints,binary_expressions/elt_arguments/elt_arguments/expanded_control/1024/width=16/nulls=false/fixed_literal=false/literal_null=false/index=dynamic,10,2060.0,10086747.0,4896.479126213592
mixed_hints,binary_expressions/elt_arguments/elt_arguments/expanded_control/1024/width=16/nulls=false/fixed_literal=false/literal_null=false/index=dynamic,11,2266.0,11300065.0,4986.7894969108565
mixed_hints,binary_expressions/elt_arguments/elt_arguments/expanded_control/1024/width=16/nulls=false/fixed_literal=false/literal_null=false/index=dynamic,12,2472.0,12198085.0,4934.500404530744
mixed_hints,binary_expressions/elt_arguments/elt_arguments/expanded_control/1024/width=16/nulls=false/fixed_literal=false/literal_null=false/index=dynamic,13,2678.0,13663526.0,5102.138162808065
mixed_hints,binary_expressions/elt_arguments/elt_arguments/expanded_control/1024/width=16/nulls=false/fixed_literal=false/literal_null=false/index=dynamic,14,2884.0,13967536.0,4843.112343966713
mixed_hints,binary_expressions/elt_arguments/elt_arguments/expanded_control/1024/width=16/nulls=false/fixed_literal=false/literal_null=false/index=dynamic,15,3090.0,14681834.0,4751.402588996763
mixed_hints,binary_expressions/elt_arguments/elt_arguments/expanded_control/1024/width=16/nulls=false/fixed_literal=false/literal_null=false/index=dynamic,16,3296.0,15682169.0,4757.9396237864075
mixed_hints,binary_expressions/elt_arguments/elt_arguments/expanded_control/1024/width=16/nulls=false/fixed_literal=false/literal_null=false/index=dynamic,17,3502.0,17348299.0,4953.826099371788
mixed_hints,binary_expressions/elt_arguments/elt_arguments/expanded_control/1024/width=16/nulls=false/fixed_literal=false/literal_null=false/index=dynamic,18,3708.0,18170162.0,4900.259439050701
mixed_hints,binary_expressions/elt_arguments/elt_arguments/expanded_control/1024/width=16/nulls=false/fixed_literal=false/literal_null=false/index=dynamic,19,3914.0,18600108.0,4752.199284619315
mixed_hints,binary_expressions/elt_arguments/elt_arguments/expanded_control/1024/width=16/nulls=false/fixed_literal=false/literal_null=false/index=dynamic,20,4120.0,24142051.0,5859.721116504855
mixed_hints,binary_expressions/elt_arguments/elt_arguments/expanded_control/1024/width=16/nulls=false/fixed_literal=false/literal_null=false/index=dynamic,21,4326.0,21322899.0,4929.01040221914
mixed_hints,binary_expressions/elt_arguments/elt_arguments/expanded_control/1024/width=16/nulls=false/fixed_literal=false/literal_null=false/index=dynamic,22,4532.0,21903658.0,4833.110767872904
mixed_hints,binary_expressions/elt_arguments/elt_arguments/expanded_control/1024/width=16/nulls=false/fixed_literal=false/literal_null=false/index=dynamic,23,4738.0,22806358.0,4813.498944702406
mixed_hints,binary_expressions/elt_arguments/elt_arguments/expanded_control/1024/width=16/nulls=false/fixed_literal=false/literal_null=false/index=dynamic,24,4944.0,23984781.0,4851.290655339806
mixed_hints,binary_expressions/elt_arguments/elt_arguments/expanded_control/1024/width=16/nulls=false/fixed_literal=false/literal_null=false/index=dynamic,25,5150.0,24671479.0,4790.578446601941
mixed_hints,binary_expressions/elt_arguments/elt_arguments/expanded_control/1024/width=16/nulls=false/fixed_literal=false/literal_null=false/index=dynamic,26,5356.0,25865113.0,4829.184652725915
mixed_hints,binary_expressions/elt_arguments/elt_arguments/expanded_control/1024/width=16/nulls=false/fixed_literal=false/literal_null=false/index=dynamic,27,5562.0,26819467.0,4821.910643653362
mixed_hints,binary_expressions/elt_arguments/elt_arguments/expanded_control/1024/width=16/nulls=false/fixed_literal=false/literal_null=false/index=dynamic,28,5768.0,28185843.0,4886.58859223301
mixed_hints,binary_expressions/elt_arguments/elt_arguments/expanded_control/1024/width=16/nulls=false/fixed_literal=false/literal_null=false/index=dynamic,29,5974.0,29193130.0,4886.697355205893
mixed_hints,binary_expressions/elt_arguments/elt_arguments/expanded_control/1024/width=16/nulls=false/fixed_literal=false/literal_null=false/index=dynamic,30,6180.0,30348901.0,4910.825404530744
mixed_hints,binary_expressions/elt_arguments/elt_arguments/expanded_control/1024/width=16/nulls=false/fixed_literal=false/literal_null=false/index=dynamic,31,6386.0,30484059.0,4773.576417162543
mixed_hints,binary_expressions/elt_arguments/elt_arguments/expanded_control/1024/width=16/nulls=false/fixed_literal=false/literal_null=false/index=dynamic,32,6592.0,31692991.0,4807.795964805825
mixed_hints,binary_expressions/elt_arguments/elt_arguments/expanded_control/1024/width=16/nulls=false/fixed_literal=false/literal_null=false/index=dynamic,33,6798.0,33688050.0,4955.582524271845
mixed_hints,binary_expressions/elt_arguments/elt_arguments/expanded_control/1024/width=16/nulls=false/fixed_literal=false/literal_null=false/index=dynamic,34,7004.0,34052665.0,4861.888206739006
mixed_hints,binary_expressions/elt_arguments/elt_arguments/expanded_control/1024/width=16/nulls=false/fixed_literal=false/literal_null=false/index=dynamic,35,7210.0,35405051.0,4910.5479889043
mixed_hints,binary_expressions/elt_arguments/elt_arguments/expanded_control/1024/width=16/nulls=false/fixed_literal=false/literal_null=false/index=dynamic,36,7416.0,38902568.0,5245.7615965480045
mixed_hints,binary_expressions/elt_arguments/elt_arguments/expanded_control/1024/width=16/nulls=false/fixed_literal=false/literal_null=false/index=dynamic,37,7622.0,38681779.0,5075.016924691682
mixed_hints,binary_expressions/elt_arguments/elt_arguments/expanded_control/1024/width=16/nulls=false/fixed_literal=false/literal_null=false/index=dynamic,38,7828.0,39585202.0,5056.873019928462
mixed_hints,binary_expressions/elt_arguments/elt_arguments/expanded_control/1024/width=16/nulls=false/fixed_literal=false/literal_null=false/index=dynamic,39,8034.0,40749958.0,5072.187951207368
mixed_hints,binary_expressions/elt_arguments/elt_arguments/expanded_control/1024/width=16/nulls=false/fixed_literal=false/literal_null=false/index=dynamic,40,8240.0,42948903.0,5212.245509708738
mixed_hints,binary_expressions/elt_arguments/elt_arguments/expanded_control/1024/width=16/nulls=false/fixed_literal=false/literal_null=false/index=dynamic,41,8446.0,43252408.0,5121.052332465072
mixed_hints,binary_expressions/elt_arguments/elt_arguments/expanded_control/1024/width=16/nulls=false/fixed_literal=false/literal_null=false/index=dynamic,42,8652.0,43248707.0,4998.694752658344
mixed_hints,binary_expressions/elt_arguments/elt_arguments/expanded_control/1024/width=16/nulls=false/fixed_literal=false/literal_null=false/index=dynamic,43,8858.0,42763303.0,4827.647663129374
mixed_hints,binary_expressions/elt_arguments/elt_arguments/expanded_control/1024/width=16/nulls=false/fixed_literal=false/literal_null=false/index=dynamic,44,9064.0,43212032.0,4767.435127978817
mixed_hints,binary_expressions/elt_arguments/elt_arguments/expanded_control/1024/width=16/nulls=false/fixed_literal=false/literal_null=false/index=dynamic,45,9270.0,45577801.0,4916.699137001079
mixed_hints,binary_expressions/elt_arguments/elt_arguments/expanded_control/1024/width=16/nulls=false/fixed_literal=false/literal_null=false/index=dynamic,46,9476.0,45760097.0,4829.05202617138
mixed_hints,binary_expressions/elt_arguments/elt_arguments/expanded_control/1024/width=16/nulls=false/fixed_literal=false/literal_null=false/index=dynamic,47,9682.0,47503078.0,4906.329064242925
mixed_hints,binary_expressions/elt_arguments/elt_arguments/expanded_control/1024/width=16/nulls=false/fixed_literal=false/literal_null=false/index=dynamic,48,9888.0,48271660.0,4881.842637540453
mixed_hints,binary_expressions/elt_arguments/elt_arguments/expanded_control/1024/width=16/nulls=false/fixed_literal=false/literal_null=false/index=dynamic,49,10094.0,49747250.0,4928.398058252427
mixed_hints,binary_expressions/elt_arguments/elt_arguments/expanded_control/1024/width=16/nulls=false/fixed_literal=false/literal_null=false/index=dynamic,50,10300.0,49731186.0,4828.270485436893
mixed_hints,binary_expressions/elt_arguments/elt_arguments/expanded_control/1024/width=16/nulls=false/fixed_literal=false/literal_null=false/index=dynamic,51,10506.0,51285390.0,4881.5334094802965
mixed_hints,binary_expressions/elt_arguments/elt_arguments/expanded_control/1024/width=16/nulls=false/fixed_literal=false/literal_null=false/index=dynamic,52,10712.0,52382115.0,4890.040608663181
mixed_hints,binary_expressions/elt_arguments/elt_arguments/expanded_control/1024/width=16/nulls=false/fixed_literal=false/literal_null=false/index=dynamic,53,10918.0,52569295.0,4814.919857116688
mixed_hints,binary_expressions/elt_arguments/elt_arguments/expanded_control/1024/width=16/nulls=false/fixed_literal=false/literal_null=false/index=dynamic,54,11124.0,54244913.0,4876.385562747213
mixed_hints,binary_expressions/elt_arguments/elt_arguments/expanded_control/1024/width=16/nulls=false/fixed_literal=false/literal_null=false/index=dynamic,55,11330.0,55302816.0,4881.095851721095
mixed_hints,binary_expressions/elt_arguments/elt_arguments/expanded_control/1024/width=16/nulls=false/fixed_literal=false/literal_null=false/index=dynamic,56,11536.0,55336794.0,4796.878814147018
mixed_hints,binary_expressions/elt_arguments/elt_arguments/expanded_control/1024/width=16/nulls=false/fixed_literal=false/literal_null=false/index=dynamic,57,11742.0,56389507.0,4802.376681996253
mixed_hints,binary_expressions/elt_arguments/elt_arguments/expanded_control/1024/width=16/nulls=false/fixed_literal=false/literal_null=false/index=dynamic,58,11948.0,59105458.0,4946.891362571142
mixed_hints,binary_expressions/elt_arguments/elt_arguments/expanded_control/1024/width=16/nulls=false/fixed_literal=false/literal_null=false/index=dynamic,59,12154.0,58711818.0,4830.65805496133
mixed_hints,binary_expressions/elt_arguments/elt_arguments/expanded_control/1024/width=16/nulls=false/fixed_literal=false/literal_null=false/index=dynamic,60,12360.0,59630127.0,4824.443932038835
mixed_hints,binary_expressions/elt_arguments/elt_arguments/expanded_control/1024/width=16/nulls=false/fixed_literal=false/literal_null=false/index=dynamic,61,12566.0,61026762.0,4856.498647143085
mixed_hints,binary_expressions/elt_arguments/elt_arguments/expanded_control/1024/width=16/nulls=false/fixed_literal=false/literal_null=false/index=dynamic,62,12772.0,62127442.0,4864.347165674914
mixed_hints,binary_expressions/elt_arguments/elt_arguments/expanded_control/1024/width=16/nulls=false/fixed_literal=false/literal_null=false/index=dynamic,63,12978.0,63851201.0,4919.956927107412
mixed_hints,binary_expressions/elt_arguments/elt_arguments/expanded_control/1024/width=16/nulls=false/fixed_literal=false/literal_null=false/index=dynamic,64,13184.0,63144701.0,4789.494918082524
mixed_hints,binary_expressions/elt_arguments/elt_arguments/expanded_control/1024/width=16/nulls=false/fixed_literal=false/literal_null=false/index=dynamic,65,13390.0,64307614.0,4802.659746079164
mixed_hints,binary_expressions/elt_arguments/elt_arguments/expanded_control/1024/width=16/nulls=false/fixed_literal=false/literal_null=false/index=dynamic,66,13596.0,70539934.0,5188.285819358635
mixed_hints,binary_expressions/elt_arguments/elt_arguments/expanded_control/1024/width=16/nulls=false/fixed_literal=false/literal_null=false/index=dynamic,67,13802.0,67620474.0,4899.324300825967
mixed_hints,binary_expressions/elt_arguments/elt_arguments/expanded_control/1024/width=16/nulls=false/fixed_literal=false/literal_null=false/index=dynamic,68,14008.0,67999094.0,4854.304254711594
mixed_hints,binary_expressions/elt_arguments/elt_arguments/expanded_control/1024/width=16/nulls=false/fixed_literal=false/literal_null=false/index=dynamic,69,14214.0,68999444.0,4854.329815674687
mixed_hints,binary_expressions/elt_arguments/elt_arguments/expanded_control/1024/width=16/nulls=false/fixed_literal=false/literal_null=false/index=dynamic,70,14420.0,68991415.0,4784.425450762829
mixed_hints,binary_expressions/elt_arguments/elt_arguments/expanded_control/1024/width=16/nulls=false/fixed_literal=false/literal_null=false/index=dynamic,71,14626.0,71445625.0,4884.83693422672
mixed_hints,binary_expressions/elt_arguments/elt_arguments/expanded_control/1024/width=16/nulls=false/fixed_literal=false/literal_null=false/index=dynamic,72,14832.0,72746838.0,4904.722087378641
mixed_hints,binary_expressions/elt_arguments/elt_arguments/expanded_control/1024/width=16/nulls=false/fixed_literal=false/literal_null=false/index=dynamic,73,15038.0,72638765.0,4830.347453118766
mixed_hints,binary_expressions/elt_arguments/elt_arguments/expanded_control/1024/width=16/nulls=false/fixed_literal=false/literal_null=false/index=dynamic,74,15244.0,73977765.0,4852.910325373918
mixed_hints,binary_expressions/elt_arguments/elt_arguments/expanded_control/1024/width=16/nulls=false/fixed_literal=false/literal_null=false/index=dynamic,75,15450.0,74826741.0,4843.154757281553
mixed_hints,binary_expressions/elt_arguments/elt_arguments/expanded_control/1024/width=16/nulls=false/fixed_literal=false/literal_null=false/index=dynamic,76,15656.0,75933639.0,4850.130237608584
mixed_hints,binary_expressions/elt_arguments/elt_arguments/expanded_control/1024/width=16/nulls=false/fixed_literal=false/literal_null=false/index=dynamic,77,15862.0,76652831.0,4832.482095574329
mixed_hints,binary_expressions/elt_arguments/elt_arguments/expanded_control/1024/width=16/nulls=false/fixed_literal=false/literal_null=false/index=dynamic,78,16068.0,77893487.0,4847.74004232014
mixed_hints,binary_expressions/elt_arguments/elt_arguments/expanded_control/1024/width=16/nulls=false/fixed_literal=false/literal_null=false/index=dynamic,79,16274.0,78308849.0,4811.899287206587
mixed_hints,binary_expressions/elt_arguments/elt_arguments/expanded_control/1024/width=16/nulls=false/fixed_literal=false/literal_null=false/index=dynamic,80,16480.0,78977698.0,4792.336043689321
mixed_hints,binary_expressions/elt_arguments/elt_arguments/expanded_control/1024/width=16/nulls=false/fixed_literal=false/literal_null=false/index=dynamic,81,16686.0,80720558.0,4837.621838667146
mixed_hints,binary_expressions/elt_arguments/elt_arguments/expanded_control/1024/width=16/nulls=false/fixed_literal=false/literal_null=false/index=dynamic,82,16892.0,80723483.0,4778.799609282501
mixed_hints,binary_expressions/elt_arguments/elt_arguments/expanded_control/1024/width=16/nulls=false/fixed_literal=false/literal_null=false/index=dynamic,83,17098.0,81753708.0,4781.477833664756
mixed_hints,binary_expressions/elt_arguments/elt_arguments/expanded_control/1024/width=16/nulls=false/fixed_literal=false/literal_null=false/index=dynamic,84,17304.0,83877206.0,4847.272653721683
mixed_hints,binary_expressions/elt_arguments/elt_arguments/expanded_control/1024/width=16/nulls=false/fixed_literal=false/literal_null=false/index=dynamic,85,17510.0,84863655.0,4846.582238720731
mixed_hints,binary_expressions/elt_arguments/elt_arguments/expanded_control/1024/width=16/nulls=false/fixed_literal=false/literal_null=false/index=dynamic,86,17716.0,85078266.0,4802.340596071348
mixed_hints,binary_expressions/elt_arguments/elt_arguments/expanded_control/1024/width=16/nulls=false/fixed_literal=false/literal_null=false/index=dynamic,87,17922.0,85902500.0,4793.1313469478855
mixed_hints,binary_expressions/elt_arguments/elt_arguments/expanded_control/1024/width=16/nulls=false/fixed_literal=false/literal_null=false/index=dynamic,88,18128.0,87071928.0,4803.173433362754
mixed_hints,binary_expressions/elt_arguments/elt_arguments/expanded_control/1024/width=16/nulls=false/fixed_literal=false/literal_null=false/index=dynamic,89,18334.0,88459386.0,4824.881967928439
mixed_hints,binary_expressions/elt_arguments/elt_arguments/expanded_control/1024/width=16/nulls=false/fixed_literal=false/literal_null=false/index=dynamic,90,18540.0,89802215.0,4843.700916936354
mixed_hints,binary_expressions/elt_arguments/elt_arguments/expanded_control/1024/width=16/nulls=false/fixed_literal=false/literal_null=false/index=dynamic,91,18746.0,89625137.0,4781.027259148618
mixed_hints,binary_expressions/elt_arguments/elt_arguments/expanded_control/1024/width=16/nulls=false/fixed_literal=false/literal_null=false/index=dynamic,92,18952.0,92230032.0,4866.506542845083
mixed_hints,binary_expressions/elt_arguments/elt_arguments/expanded_control/1024/width=16/nulls=false/fixed_literal=false/literal_null=false/index=dynamic,93,19158.0,92667437.0,4837.009969725441
mixed_hints,binary_expressions/elt_arguments/elt_arguments/expanded_control/1024/width=16/nulls=false/fixed_literal=false/literal_null=false/index=dynamic,94,19364.0,93103971.0,4808.096002891964
mixed_hints,binary_expressions/elt_arguments/elt_arguments/expanded_control/1024/width=16/nulls=false/fixed_literal=false/literal_null=false/index=dynamic,95,19570.0,94291566.0,4818.168932038835
mixed_hints,binary_expressions/elt_arguments/elt_arguments/expanded_control/1024/width=16/nulls=false/fixed_literal=false/literal_null=false/index=dynamic,96,19776.0,96515002.0,4880.410699838188
mixed_hints,binary_expressions/elt_arguments/elt_arguments/expanded_control/1024/width=16/nulls=false/fixed_literal=false/literal_null=false/index=dynamic,97,19982.0,97038724.0,4856.30687618857
mixed_hints,binary_expressions/elt_arguments/elt_arguments/expanded_control/1024/width=16/nulls=false/fixed_literal=false/literal_null=false/index=dynamic,98,20188.0,97954665.0,4852.123291063998
mixed_hints,binary_expressions/elt_arguments/elt_arguments/expanded_control/1024/width=16/nulls=false/fixed_literal=false/literal_null=false/index=dynamic,99,20394.0,98590750.0,4834.301755418261
mixed_hints,binary_expressions/elt_arguments/elt_arguments/expanded_control/1024/width=16/nulls=false/fixed_literal=false/literal_null=false/index=dynamic,100,20600.0,101125545.0,4909.007038834951
mixed_hints,binary_expressions/elt_arguments/elt_arguments/scalar/1024/width=16/nulls=false/fixed_literal=false/literal_null=false/index=dynamic,1,202.0,1028041.0,5089.311881188119
mixed_hints,binary_expressions/elt_arguments/elt_arguments/scalar/1024/width=16/nulls=false/fixed_literal=false/literal_null=false/index=dynamic,2,404.0,2025995.0,5014.839108910891
mixed_hints,binary_expressions/elt_arguments/elt_arguments/scalar/1024/width=16/nulls=false/fixed_literal=false/literal_null=false/index=dynamic,3,606.0,3017245.0,4978.952145214522
mixed_hints,binary_expressions/elt_arguments/elt_arguments/scalar/1024/width=16/nulls=false/fixed_literal=false/literal_null=false/index=dynamic,4,808.0,3969139.0,4912.300742574257
mixed_hints,binary_expressions/elt_arguments/elt_arguments/scalar/1024/width=16/nulls=false/fixed_literal=false/literal_null=false/index=dynamic,5,1010.0,4934973.0,4886.111881188119
mixed_hints,binary_expressions/elt_arguments/elt_arguments/scalar/1024/width=16/nulls=false/fixed_literal=false/literal_null=false/index=dynamic,6,1212.0,5956798.0,4914.849834983498
mixed_hints,binary_expressions/elt_arguments/elt_arguments/scalar/1024/width=16/nulls=false/fixed_literal=false/literal_null=false/index=dynamic,7,1414.0,6975108.0,4932.891089108911
mixed_hints,binary_expressions/elt_arguments/elt_arguments/scalar/1024/width=16/nulls=false/fixed_literal=false/literal_null=false/index=dynamic,8,1616.0,8032173.0,4970.404084158416
mixed_hints,binary_expressions/elt_arguments/elt_arguments/scalar/1024/width=16/nulls=false/fixed_literal=false/literal_null=false/index=dynamic,9,1818.0,9068165.0,4987.989548954895
mixed_hints,binary_expressions/elt_arguments/elt_arguments/scalar/1024/width=16/nulls=false/fixed_literal=false/literal_null=false/index=dynamic,10,2020.0,10104785.0,5002.368811881188
mixed_hints,binary_expressions/elt_arguments/elt_arguments/scalar/1024/width=16/nulls=false/fixed_literal=false/literal_null=false/index=dynamic,11,2222.0,11221473.0,5050.167866786679
mixed_hints,binary_expressions/elt_arguments/elt_arguments/scalar/1024/width=16/nulls=false/fixed_literal=false/literal_null=false/index=dynamic,12,2424.0,12152773.0,5013.5202145214525
mixed_hints,binary_expressions/elt_arguments/elt_arguments/scalar/1024/width=16/nulls=false/fixed_literal=false/literal_null=false/index=dynamic,13,2626.0,13184083.0,5020.595201827875
mixed_hints,binary_expressions/elt_arguments/elt_arguments/scalar/1024/width=16/nulls=false/fixed_literal=false/literal_null=false/index=dynamic,14,2828.0,14261709.0,5043.037128712871
mixed_hints,binary_expressions/elt_arguments/elt_arguments/scalar/1024/width=16/nulls=false/fixed_literal=false/literal_null=false/index=dynamic,15,3030.0,15216563.0,5021.96798679868
mixed_hints,binary_expressions/elt_arguments/elt_arguments/scalar/1024/width=16/nulls=false/fixed_literal=false/literal_null=false/index=dynamic,16,3232.0,16531660.0,5114.993811881188
mixed_hints,binary_expressions/elt_arguments/elt_arguments/scalar/1024/width=16/nulls=false/fixed_literal=false/literal_null=false/index=dynamic,17,3434.0,17223817.0,5015.671811298777
mixed_hints,binary_expressions/elt_arguments/elt_arguments/scalar/1024/width=16/nulls=false/fixed_literal=false/literal_null=false/index=dynamic,18,3636.0,18074942.0,4971.106160616062
mixed_hints,binary_expressions/elt_arguments/elt_arguments/scalar/1024/width=16/nulls=false/fixed_literal=false/literal_null=false/index=dynamic,19,3838.0,18903428.0,4925.332985930172
mixed_hints,binary_expressions/elt_arguments/elt_arguments/scalar/1024/width=16/nulls=false/fixed_literal=false/literal_null=false/index=dynamic,20,4040.0,19993691.0,4948.933415841584
mixed_hints,binary_expressions/elt_arguments/elt_arguments/scalar/1024/width=16/nulls=false/fixed_literal=false/literal_null=false/index=dynamic,21,4242.0,21412550.0,5047.748703441773
mixed_hints,binary_expressions/elt_arguments/elt_arguments/scalar/1024/width=16/nulls=false/fixed_literal=false/literal_null=false/index=dynamic,22,4444.0,22182504.0,4991.562556255625
mixed_hints,binary_expressions/elt_arguments/elt_arguments/scalar/1024/width=16/nulls=false/fixed_literal=false/literal_null=false/index=dynamic,23,4646.0,22863438.0,4921.101592767973
mixed_hints,binary_expressions/elt_arguments/elt_arguments/scalar/1024/width=16/nulls=false/fixed_literal=false/literal_null=false/index=dynamic,24,4848.0,23769258.0,4902.899752475248
mixed_hints,binary_expressions/elt_arguments/elt_arguments/scalar/1024/width=16/nulls=false/fixed_literal=false/literal_null=false/index=dynamic,25,5050.0,25021973.0,4954.8461386138615
mixed_hints,binary_expressions/elt_arguments/elt_arguments/scalar/1024/width=16/nulls=false/fixed_literal=false/literal_null=false/index=dynamic,26,5252.0,26456385.0,5037.392421934501
mixed_hints,binary_expressions/elt_arguments/elt_arguments/scalar/1024/width=16/nulls=false/fixed_literal=false/literal_null=false/index=dynamic,27,5454.0,26818122.0,4917.147414741474
mixed_hints,binary_expressions/elt_arguments/elt_arguments/scalar/1024/width=16/nulls=false/fixed_literal=false/literal_null=false/index=dynamic,28,5656.0,27664209.0,4891.1260608203675
mixed_hints,binary_expressions/elt_arguments/elt_arguments/scalar/1024/width=16/nulls=false/fixed_literal=false/literal_null=false/index=dynamic,29,5858.0,29339492.0,5008.4486172755205
mixed_hints,binary_expressions/elt_arguments/elt_arguments/scalar/1024/width=16/nulls=false/fixed_literal=false/literal_null=false/index=dynamic,30,6060.0,30310194.0,5001.682178217822
mixed_hints,binary_expressions/elt_arguments/elt_arguments/scalar/1024/width=16/nulls=false/fixed_literal=false/literal_null=false/index=dynamic,31,6262.0,30734685.0,4908.125998083679
mixed_hints,binary_expressions/elt_arguments/elt_arguments/scalar/1024/width=16/nulls=false/fixed_literal=false/literal_null=false/index=dynamic,32,6464.0,31775602.0,4915.780012376237
mixed_hints,binary_expressions/elt_arguments/elt_arguments/scalar/1024/width=16/nulls=false/fixed_literal=false/literal_null=false/index=dynamic,33,6666.0,32720029.0,4908.495199519952
mixed_hints,binary_expressions/elt_arguments/elt_arguments/scalar/1024/width=16/nulls=false/fixed_literal=false/literal_null=false/index=dynamic,34,6868.0,33882729.0,4933.42006406523
mixed_hints,binary_expressions/elt_arguments/elt_arguments/scalar/1024/width=16/nulls=false/fixed_literal=false/literal_null=false/index=dynamic,35,7070.0,35573628.0,5031.630551626591
mixed_hints,binary_expressions/elt_arguments/elt_arguments/scalar/1024/width=16/nulls=false/fixed_literal=false/literal_null=false/index=dynamic,36,7272.0,38418326.0,5283.048129812982
mixed_hints,binary_expressions/elt_arguments/elt_arguments/scalar/1024/width=16/nulls=false/fixed_literal=false/literal_null=false/index=dynamic,37,7474.0,36934688.0,4941.75648916243
mixed_hints,binary_expressions/elt_arguments/elt_arguments/scalar/1024/width=16/nulls=false/fixed_literal=false/literal_null=false/index=dynamic,38,7676.0,37905515.0,4938.185904116727
mixed_hints,binary_expressions/elt_arguments/elt_arguments/scalar/1024/width=16/nulls=false/fixed_literal=false/literal_null=false/index=dynamic,39,7878.0,38934502.0,4942.1810104087335
mixed_hints,binary_expressions/elt_arguments/elt_arguments/scalar/1024/width=16/nulls=false/fixed_literal=false/literal_null=false/index=dynamic,40,8080.0,39762425.0,4921.092202970297
mixed_hints,binary_expressions/elt_arguments/elt_arguments/scalar/1024/width=16/nulls=false/fixed_literal=false/literal_null=false/index=dynamic,41,8282.0,41646304.0,5028.5322385897125
mixed_hints,binary_expressions/elt_arguments/elt_arguments/scalar/1024/width=16/nulls=false/fixed_literal=false/literal_null=false/index=dynamic,42,8484.0,41904051.0,4939.185643564357
mixed_hints,binary_expressions/elt_arguments/elt_arguments/scalar/1024/width=16/nulls=false/fixed_literal=false/literal_null=false/index=dynamic,43,8686.0,43014164.0,4952.125719548699
mixed_hints,binary_expressions/elt_arguments/elt_arguments/scalar/1024/width=16/nulls=false/fixed_literal=false/literal_null=false/index=dynamic,44,8888.0,43636662.0,4909.615436543654
mixed_hints,binary_expressions/elt_arguments/elt_arguments/scalar/1024/width=16/nulls=false/fixed_literal=false/literal_null=false/index=dynamic,45,9090.0,44576536.0,4903.909350935093
mixed_hints,binary_expressions/elt_arguments/elt_arguments/scalar/1024/width=16/nulls=false/fixed_literal=false/literal_null=false/index=dynamic,46,9292.0,47226868.0,5082.529918209212
mixed_hints,binary_expressions/elt_arguments/elt_arguments/scalar/1024/width=16/nulls=false/fixed_literal=false/literal_null=false/index=dynamic,47,9494.0,47870494.0,5042.183905624605
mixed_hints,binary_expressions/elt_arguments/elt_arguments/scalar/1024/width=16/nulls=false/fixed_literal=false/literal_null=false/index=dynamic,48,9696.0,48458654.0,4997.79847359736
mixed_hints,binary_expressions/elt_arguments/elt_arguments/scalar/1024/width=16/nulls=false/fixed_literal=false/literal_null=false/index=dynamic,49,9898.0,49868889.0,5038.279349363508
mixed_hints,binary_expressions/elt_arguments/elt_arguments/scalar/1024/width=16/nulls=false/fixed_literal=false/literal_null=false/index=dynamic,50,10100.0,51663889.0,5115.236534653465
mixed_hints,binary_expressions/elt_arguments/elt_arguments/scalar/1024/width=16/nulls=false/fixed_literal=false/literal_null=false/index=dynamic,51,10302.0,51723895.0,5020.762473306154
mixed_hints,binary_expressions/elt_arguments/elt_arguments/scalar/1024/width=16/nulls=false/fixed_literal=false/literal_null=false/index=dynamic,52,10504.0,51781453.0,4929.688975628332
mixed_hints,binary_expressions/elt_arguments/elt_arguments/scalar/1024/width=16/nulls=false/fixed_literal=false/literal_null=false/index=dynamic,53,10706.0,52368415.0,4891.501494489072
mixed_hints,binary_expressions/elt_arguments/elt_arguments/scalar/1024/width=16/nulls=false/fixed_literal=false/literal_null=false/index=dynamic,54,10908.0,54382749.0,4985.583883388339
mixed_hints,binary_expressions/elt_arguments/elt_arguments/scalar/1024/width=16/nulls=false/fixed_literal=false/literal_null=false/index=dynamic,55,11110.0,54483273.0,4903.984968496849
mixed_hints,binary_expressions/elt_arguments/elt_arguments/scalar/1024/width=16/nulls=false/fixed_literal=false/literal_null=false/index=dynamic,56,11312.0,55626857.0,4917.50857496464
mixed_hints,binary_expressions/elt_arguments/elt_arguments/scalar/1024/width=16/nulls=false/fixed_literal=false/literal_null=false/index=dynamic,57,11514.0,57108910.0,4959.953969081119
mixed_hints,binary_expressions/elt_arguments/elt_arguments/scalar/1024/width=16/nulls=false/fixed_literal=false/literal_null=false/index=dynamic,58,11716.0,58121377.0,4960.854984636395
mixed_hints,binary_expressions/elt_arguments/elt_arguments/scalar/1024/width=16/nulls=false/fixed_literal=false/literal_null=false/index=dynamic,59,11918.0,58557929.0,4913.402332606142
mixed_hints,binary_expressions/elt_arguments/elt_arguments/scalar/1024/width=16/nulls=false/fixed_literal=false/literal_null=false/index=dynamic,60,12120.0,59309228.0,4893.500660066006
mixed_hints,binary_expressions/elt_arguments/elt_arguments/scalar/1024/width=16/nulls=false/fixed_literal=false/literal_null=false/index=dynamic,61,12322.0,60674642.0,4924.090407401396
mixed_hints,binary_expressions/elt_arguments/elt_arguments/scalar/1024/width=16/nulls=false/fixed_literal=false/literal_null=false/index=dynamic,62,12524.0,61684681.0,4925.317869690195
mixed_hints,binary_expressions/elt_arguments/elt_arguments/scalar/1024/width=16/nulls=false/fixed_literal=false/literal_null=false/index=dynamic,63,12726.0,63782390.0,5011.974697469747
mixed_hints,binary_expressions/elt_arguments/elt_arguments/scalar/1024/width=16/nulls=false/fixed_literal=false/literal_null=false/index=dynamic,64,12928.0,65776739.0,5087.928449876237
mixed_hints,binary_expressions/elt_arguments/elt_arguments/scalar/1024/width=16/nulls=false/fixed_literal=false/literal_null=false/index=dynamic,65,13130.0,65909270.0,5019.746382330541
mixed_hints,binary_expressions/elt_arguments/elt_arguments/scalar/1024/width=16/nulls=false/fixed_literal=false/literal_null=false/index=dynamic,66,13332.0,65808015.0,4936.094734473448
mixed_hints,binary_expressions/elt_arguments/elt_arguments/scalar/1024/width=16/nulls=false/fixed_literal=false/literal_null=false/index=dynamic,67,13534.0,67828405.0,5011.704226392789
mixed_hints,binary_expressions/elt_arguments/elt_arguments/scalar/1024/width=16/nulls=false/fixed_literal=false/literal_null=false/index=dynamic,68,13736.0,67932324.0,4945.568142108328
mixed_hints,binary_expressions/elt_arguments/elt_arguments/scalar/1024/width=16/nulls=false/fixed_literal=false/literal_null=false/index=dynamic,69,13938.0,69316927.0,4973.233390730377
mixed_hints,binary_expressions/elt_arguments/elt_arguments/scalar/1024/width=16/nulls=false/fixed_literal=false/literal_null=false/index=dynamic,70,14140.0,69909297.0,4944.080410183876
mixed_hints,binary_expressions/elt_arguments/elt_arguments/scalar/1024/width=16/nulls=false/fixed_literal=false/literal_null=false/index=dynamic,71,14342.0,70674843.0,4927.823385859712
mixed_hints,binary_expressions/elt_arguments/elt_arguments/scalar/1024/width=16/nulls=false/fixed_literal=false/literal_null=false/index=dynamic,72,14544.0,72828192.0,5007.438943894389
mixed_hints,binary_expressions/elt_arguments/elt_arguments/scalar/1024/width=16/nulls=false/fixed_literal=false/literal_null=false/index=dynamic,73,14746.0,78480215.0,5322.135833446358
mixed_hints,binary_expressions/elt_arguments/elt_arguments/scalar/1024/width=16/nulls=false/fixed_literal=false/literal_null=false/index=dynamic,74,14948.0,74251028.0,4967.288466684507
mixed_hints,binary_expressions/elt_arguments/elt_arguments/scalar/1024/width=16/nulls=false/fixed_literal=false/literal_null=false/index=dynamic,75,15150.0,75588370.0,4989.331353135313
mixed_hints,binary_expressions/elt_arguments/elt_arguments/scalar/1024/width=16/nulls=false/fixed_literal=false/literal_null=false/index=dynamic,76,15352.0,75783739.0,4936.408220427306
mixed_hints,binary_expressions/elt_arguments/elt_arguments/scalar/1024/width=16/nulls=false/fixed_literal=false/literal_null=false/index=dynamic,77,15554.0,77467783.0,4980.569821267841
mixed_hints,binary_expressions/elt_arguments/elt_arguments/scalar/1024/width=16/nulls=false/fixed_literal=false/literal_null=false/index=dynamic,78,15756.0,78041368.0,4953.120588981975
mixed_hints,binary_expressions/elt_arguments/elt_arguments/scalar/1024/width=16/nulls=false/fixed_literal=false/literal_null=false/index=dynamic,79,15958.0,80035631.0,5015.392342398797
mixed_hints,binary_expressions/elt_arguments/elt_arguments/scalar/1024/width=16/nulls=false/fixed_literal=false/literal_null=false/index=dynamic,80,16160.0,80265494.0,4966.924133663367
mixed_hints,binary_expressions/elt_arguments/elt_arguments/scalar/1024/width=16/nulls=false/fixed_literal=false/literal_null=false/index=dynamic,81,16362.0,82115308.0,5018.659577068818
mixed_hints,binary_expressions/elt_arguments/elt_arguments/scalar/1024/width=16/nulls=false/fixed_literal=false/literal_null=false/index=dynamic,82,16564.0,82233202.0,4964.573895194398
mixed_hints,binary_expressions/elt_arguments/elt_arguments/scalar/1024/width=16/nulls=false/fixed_literal=false/literal_null=false/index=dynamic,83,16766.0,84829184.0,5059.595848741501
mixed_hints,binary_expressions/elt_arguments/elt_arguments/scalar/1024/width=16/nulls=false/fixed_literal=false/literal_null=false/index=dynamic,84,16968.0,84420750.0,4975.2917256011315
mixed_hints,binary_expressions/elt_arguments/elt_arguments/scalar/1024/width=16/nulls=false/fixed_literal=false/literal_null=false/index=dynamic,85,17170.0,85093937.0,4955.966045428072
mixed_hints,binary_expressions/elt_arguments/elt_arguments/scalar/1024/width=16/nulls=false/fixed_literal=false/literal_null=false/index=dynamic,86,17372.0,86281446.0,4966.696177757311
mixed_hints,binary_expressions/elt_arguments/elt_arguments/scalar/1024/width=16/nulls=false/fixed_literal=false/literal_null=false/index=dynamic,87,17574.0,87326103.0,4969.051041311028
mixed_hints,binary_expressions/elt_arguments/elt_arguments/scalar/1024/width=16/nulls=false/fixed_literal=false/literal_null=false/index=dynamic,88,17776.0,99604722.0,5603.32594509451
mixed_hints,binary_expressions/elt_arguments/elt_arguments/scalar/1024/width=16/nulls=false/fixed_literal=false/literal_null=false/index=dynamic,89,17978.0,90950634.0,5058.996217599288
mixed_hints,binary_expressions/elt_arguments/elt_arguments/scalar/1024/width=16/nulls=false/fixed_literal=false/literal_null=false/index=dynamic,90,18180.0,91765968.0,5047.63300330033
mixed_hints,binary_expressions/elt_arguments/elt_arguments/scalar/1024/width=16/nulls=false/fixed_literal=false/literal_null=false/index=dynamic,91,18382.0,91521939.0,4978.889076270264
mixed_hints,binary_expressions/elt_arguments/elt_arguments/scalar/1024/width=16/nulls=false/fixed_literal=false/literal_null=false/index=dynamic,92,18584.0,94519727.0,5086.0808760223845
mixed_hints,binary_expressions/elt_arguments/elt_arguments/scalar/1024/width=16/nulls=false/fixed_literal=false/literal_null=false/index=dynamic,93,18786.0,93531468.0,4978.785691472373
mixed_hints,binary_expressions/elt_arguments/elt_arguments/scalar/1024/width=16/nulls=false/fixed_literal=false/literal_null=false/index=dynamic,94,18988.0,93944634.0,4947.579207920792
mixed_hints,binary_expressions/elt_arguments/elt_arguments/scalar/1024/width=16/nulls=false/fixed_literal=false/literal_null=false/index=dynamic,95,19190.0,94984089.0,4949.665919749869
mixed_hints,binary_expressions/elt_arguments/elt_arguments/scalar/1024/width=16/nulls=false/fixed_literal=false/literal_null=false/index=dynamic,96,19392.0,100294276.0,5171.940800330033
mixed_hints,binary_expressions/elt_arguments/elt_arguments/scalar/1024/width=16/nulls=false/fixed_literal=false/literal_null=false/index=dynamic,97,19594.0,98476912.0,5025.870776768398
mixed_hints,binary_expressions/elt_arguments/elt_arguments/scalar/1024/width=16/nulls=false/fixed_literal=false/literal_null=false/index=dynamic,98,19796.0,97742102.0,4937.467266114367
mixed_hints,binary_expressions/elt_arguments/elt_arguments/scalar/1024/width=16/nulls=false/fixed_literal=false/literal_null=false/index=dynamic,99,19998.0,99752660.0,4988.131813181318
mixed_hints,binary_expressions/elt_arguments/elt_arguments/scalar/1024/width=16/nulls=false/fixed_literal=false/literal_null=false/index=dynamic,100,20200.0,102479962.0,5073.2654455445545
