case,revision,sample,iterations,elapsed_ns,sampling_mode
binary_expressions/elt_arguments/elt_arguments/scalar/16384/width=256/nulls=true/fixed_literal=false/literal_null=false/index=first,original,0,5.0,986861.0,Linear
binary_expressions/elt_arguments/elt_arguments/scalar/16384/width=256/nulls=true/fixed_literal=false/literal_null=false/index=first,original,1,10.0,1976092.0,Linear
binary_expressions/elt_arguments/elt_arguments/scalar/16384/width=256/nulls=true/fixed_literal=false/literal_null=false/index=first,original,2,15.0,3009771.0,Linear
binary_expressions/elt_arguments/elt_arguments/scalar/16384/width=256/nulls=true/fixed_literal=false/literal_null=false/index=first,original,3,20.0,4024370.0,Linear
binary_expressions/elt_arguments/elt_arguments/scalar/16384/width=256/nulls=true/fixed_literal=false/literal_null=false/index=first,original,4,25.0,5009602.0,Linear
binary_expressions/elt_arguments/elt_arguments/scalar/16384/width=256/nulls=true/fixed_literal=false/literal_null=false/index=first,original,5,30.0,6632954.0,Linear
binary_expressions/elt_arguments/elt_arguments/scalar/16384/width=256/nulls=true/fixed_literal=false/literal_null=false/index=first,original,6,35.0,7090761.0,Linear
binary_expressions/elt_arguments/elt_arguments/scalar/16384/width=256/nulls=true/fixed_literal=false/literal_null=false/index=first,original,7,40.0,8196272.0,Linear
binary_expressions/elt_arguments/elt_arguments/scalar/16384/width=256/nulls=true/fixed_literal=false/literal_null=false/index=first,original,8,45.0,9167033.0,Linear
binary_expressions/elt_arguments/elt_arguments/scalar/16384/width=256/nulls=true/fixed_literal=false/literal_null=false/index=first,original,9,50.0,10191420.0,Linear
binary_expressions/elt_arguments/elt_arguments/scalar/16384/width=256/nulls=true/fixed_literal=false/literal_null=false/index=first,original,10,55.0,10974406.0,Linear
binary_expressions/elt_arguments/elt_arguments/scalar/16384/width=256/nulls=true/fixed_literal=false/literal_null=false/index=first,original,11,60.0,11944122.0,Linear
binary_expressions/elt_arguments/elt_arguments/scalar/16384/width=256/nulls=true/fixed_literal=false/literal_null=false/index=first,original,12,65.0,14720549.0,Linear
binary_expressions/elt_arguments/elt_arguments/scalar/16384/width=256/nulls=true/fixed_literal=false/literal_null=false/index=first,original,13,70.0,14084514.0,Linear
binary_expressions/elt_arguments/elt_arguments/scalar/16384/width=256/nulls=true/fixed_literal=false/literal_null=false/index=first,original,14,75.0,15271974.0,Linear
binary_expressions/elt_arguments/elt_arguments/scalar/16384/width=256/nulls=true/fixed_literal=false/literal_null=false/index=first,original,15,80.0,15965914.0,Linear
binary_expressions/elt_arguments/elt_arguments/scalar/16384/width=256/nulls=true/fixed_literal=false/literal_null=false/index=first,original,16,85.0,17134091.0,Linear
binary_expressions/elt_arguments/elt_arguments/scalar/16384/width=256/nulls=true/fixed_literal=false/literal_null=false/index=first,original,17,90.0,18166916.0,Linear
binary_expressions/elt_arguments/elt_arguments/scalar/16384/width=256/nulls=true/fixed_literal=false/literal_null=false/index=first,original,18,95.0,18965067.0,Linear
binary_expressions/elt_arguments/elt_arguments/scalar/16384/width=256/nulls=true/fixed_literal=false/literal_null=false/index=first,original,19,100.0,20016362.0,Linear
binary_expressions/elt_arguments/elt_arguments/scalar/16384/width=256/nulls=true/fixed_literal=false/literal_null=false/index=first,original,20,105.0,21181153.0,Linear
binary_expressions/elt_arguments/elt_arguments/scalar/16384/width=256/nulls=true/fixed_literal=false/literal_null=false/index=first,original,21,110.0,22231474.0,Linear
binary_expressions/elt_arguments/elt_arguments/scalar/16384/width=256/nulls=true/fixed_literal=false/literal_null=false/index=first,original,22,115.0,22964151.0,Linear
binary_expressions/elt_arguments/elt_arguments/scalar/16384/width=256/nulls=true/fixed_literal=false/literal_null=false/index=first,original,23,120.0,25423384.0,Linear
binary_expressions/elt_arguments/elt_arguments/scalar/16384/width=256/nulls=true/fixed_literal=false/literal_null=false/index=first,original,24,125.0,25731670.0,Linear
binary_expressions/elt_arguments/elt_arguments/scalar/16384/width=256/nulls=true/fixed_literal=false/literal_null=false/index=first,original,25,130.0,26091316.0,Linear
binary_expressions/elt_arguments/elt_arguments/scalar/16384/width=256/nulls=true/fixed_literal=false/literal_null=false/index=first,original,26,135.0,27718432.0,Linear
binary_expressions/elt_arguments/elt_arguments/scalar/16384/width=256/nulls=true/fixed_literal=false/literal_null=false/index=first,original,27,140.0,28234385.0,Linear
binary_expressions/elt_arguments/elt_arguments/scalar/16384/width=256/nulls=true/fixed_literal=false/literal_null=false/index=first,original,28,145.0,30410935.0,Linear
binary_expressions/elt_arguments/elt_arguments/scalar/16384/width=256/nulls=true/fixed_literal=false/literal_null=false/index=first,original,29,150.0,30491316.0,Linear
binary_expressions/elt_arguments/elt_arguments/scalar/16384/width=256/nulls=true/fixed_literal=false/literal_null=false/index=first,original,30,155.0,31862649.0,Linear
binary_expressions/elt_arguments/elt_arguments/scalar/16384/width=256/nulls=true/fixed_literal=false/literal_null=false/index=first,original,31,160.0,33348274.0,Linear
binary_expressions/elt_arguments/elt_arguments/scalar/16384/width=256/nulls=true/fixed_literal=false/literal_null=false/index=first,original,32,165.0,33765286.0,Linear
binary_expressions/elt_arguments/elt_arguments/scalar/16384/width=256/nulls=true/fixed_literal=false/literal_null=false/index=first,original,33,170.0,35698067.0,Linear
binary_expressions/elt_arguments/elt_arguments/scalar/16384/width=256/nulls=true/fixed_literal=false/literal_null=false/index=first,original,34,175.0,36031528.0,Linear
binary_expressions/elt_arguments/elt_arguments/scalar/16384/width=256/nulls=true/fixed_literal=false/literal_null=false/index=first,original,35,180.0,36528158.0,Linear
binary_expressions/elt_arguments/elt_arguments/scalar/16384/width=256/nulls=true/fixed_literal=false/literal_null=false/index=first,original,36,185.0,37779291.0,Linear
binary_expressions/elt_arguments/elt_arguments/scalar/16384/width=256/nulls=true/fixed_literal=false/literal_null=false/index=first,original,37,190.0,38145653.0,Linear
binary_expressions/elt_arguments/elt_arguments/scalar/16384/width=256/nulls=true/fixed_literal=false/literal_null=false/index=first,original,38,195.0,38896953.0,Linear
binary_expressions/elt_arguments/elt_arguments/scalar/16384/width=256/nulls=true/fixed_literal=false/literal_null=false/index=first,original,39,200.0,41907804.0,Linear
binary_expressions/elt_arguments/elt_arguments/scalar/16384/width=256/nulls=true/fixed_literal=false/literal_null=false/index=first,original,40,205.0,41822492.0,Linear
binary_expressions/elt_arguments/elt_arguments/scalar/16384/width=256/nulls=true/fixed_literal=false/literal_null=false/index=first,original,41,210.0,43312340.0,Linear
binary_expressions/elt_arguments/elt_arguments/scalar/16384/width=256/nulls=true/fixed_literal=false/literal_null=false/index=first,original,42,215.0,43375669.0,Linear
binary_expressions/elt_arguments/elt_arguments/scalar/16384/width=256/nulls=true/fixed_literal=false/literal_null=false/index=first,original,43,220.0,43973586.0,Linear
binary_expressions/elt_arguments/elt_arguments/scalar/16384/width=256/nulls=true/fixed_literal=false/literal_null=false/index=first,original,44,225.0,45020041.0,Linear
binary_expressions/elt_arguments/elt_arguments/scalar/16384/width=256/nulls=true/fixed_literal=false/literal_null=false/index=first,original,45,230.0,45741997.0,Linear
binary_expressions/elt_arguments/elt_arguments/scalar/16384/width=256/nulls=true/fixed_literal=false/literal_null=false/index=first,original,46,235.0,47070035.0,Linear
binary_expressions/elt_arguments/elt_arguments/scalar/16384/width=256/nulls=true/fixed_literal=false/literal_null=false/index=first,original,47,240.0,48560101.0,Linear
binary_expressions/elt_arguments/elt_arguments/scalar/16384/width=256/nulls=true/fixed_literal=false/literal_null=false/index=first,original,48,245.0,52157191.0,Linear
binary_expressions/elt_arguments/elt_arguments/scalar/16384/width=256/nulls=true/fixed_literal=false/literal_null=false/index=first,original,49,250.0,50322908.0,Linear
binary_expressions/elt_arguments/elt_arguments/scalar/16384/width=256/nulls=true/fixed_literal=false/literal_null=false/index=first,original,50,255.0,51753949.0,Linear
binary_expressions/elt_arguments/elt_arguments/scalar/16384/width=256/nulls=true/fixed_literal=false/literal_null=false/index=first,original,51,260.0,52562358.0,Linear
binary_expressions/elt_arguments/elt_arguments/scalar/16384/width=256/nulls=true/fixed_literal=false/literal_null=false/index=first,original,52,265.0,54940349.0,Linear
binary_expressions/elt_arguments/elt_arguments/scalar/16384/width=256/nulls=true/fixed_literal=false/literal_null=false/index=first,original,53,270.0,54117442.0,Linear
binary_expressions/elt_arguments/elt_arguments/scalar/16384/width=256/nulls=true/fixed_literal=false/literal_null=false/index=first,original,54,275.0,55010106.0,Linear
binary_expressions/elt_arguments/elt_arguments/scalar/16384/width=256/nulls=true/fixed_literal=false/literal_null=false/index=first,original,55,280.0,57957052.0,Linear
binary_expressions/elt_arguments/elt_arguments/scalar/16384/width=256/nulls=true/fixed_literal=false/literal_null=false/index=first,original,56,285.0,57877134.0,Linear
binary_expressions/elt_arguments/elt_arguments/scalar/16384/width=256/nulls=true/fixed_literal=false/literal_null=false/index=first,original,57,290.0,58623668.0,Linear
binary_expressions/elt_arguments/elt_arguments/scalar/16384/width=256/nulls=true/fixed_literal=false/literal_null=false/index=first,original,58,295.0,59207562.0,Linear
binary_expressions/elt_arguments/elt_arguments/scalar/16384/width=256/nulls=true/fixed_literal=false/literal_null=false/index=first,original,59,300.0,61240935.0,Linear
binary_expressions/elt_arguments/elt_arguments/scalar/16384/width=256/nulls=true/fixed_literal=false/literal_null=false/index=first,original,60,305.0,62222150.0,Linear
binary_expressions/elt_arguments/elt_arguments/scalar/16384/width=256/nulls=true/fixed_literal=false/literal_null=false/index=first,original,61,310.0,62654894.0,Linear
binary_expressions/elt_arguments/elt_arguments/scalar/16384/width=256/nulls=true/fixed_literal=false/literal_null=false/index=first,original,62,315.0,63033086.0,Linear
binary_expressions/elt_arguments/elt_arguments/scalar/16384/width=256/nulls=true/fixed_literal=false/literal_null=false/index=first,original,63,320.0,64760973.0,Linear
binary_expressions/elt_arguments/elt_arguments/scalar/16384/width=256/nulls=true/fixed_literal=false/literal_null=false/index=first,original,64,325.0,66616911.0,Linear
binary_expressions/elt_arguments/elt_arguments/scalar/16384/width=256/nulls=true/fixed_literal=false/literal_null=false/index=first,original,65,330.0,66371292.0,Linear
binary_expressions/elt_arguments/elt_arguments/scalar/16384/width=256/nulls=true/fixed_literal=false/literal_null=false/index=first,original,66,335.0,67347542.0,Linear
binary_expressions/elt_arguments/elt_arguments/scalar/16384/width=256/nulls=true/fixed_literal=false/literal_null=false/index=first,original,67,340.0,68620983.0,Linear
binary_expressions/elt_arguments/elt_arguments/scalar/16384/width=256/nulls=true/fixed_literal=false/literal_null=false/index=first,original,68,345.0,70254370.0,Linear
binary_expressions/elt_arguments/elt_arguments/scalar/16384/width=256/nulls=true/fixed_literal=false/literal_null=false/index=first,original,69,350.0,70942752.0,Linear
binary_expressions/elt_arguments/elt_arguments/scalar/16384/width=256/nulls=true/fixed_literal=false/literal_null=false/index=first,original,70,355.0,71809729.0,Linear
binary_expressions/elt_arguments/elt_arguments/scalar/16384/width=256/nulls=true/fixed_literal=false/literal_null=false/index=first,original,71,360.0,72795315.0,Linear
binary_expressions/elt_arguments/elt_arguments/scalar/16384/width=256/nulls=true/fixed_literal=false/literal_null=false/index=first,original,72,365.0,73923761.0,Linear
binary_expressions/elt_arguments/elt_arguments/scalar/16384/width=256/nulls=true/fixed_literal=false/literal_null=false/index=first,original,73,370.0,76250070.0,Linear
binary_expressions/elt_arguments/elt_arguments/scalar/16384/width=256/nulls=true/fixed_literal=false/literal_null=false/index=first,original,74,375.0,79721290.0,Linear
binary_expressions/elt_arguments/elt_arguments/scalar/16384/width=256/nulls=true/fixed_literal=false/literal_null=false/index=first,original,75,380.0,76738565.0,Linear
binary_expressions/elt_arguments/elt_arguments/scalar/16384/width=256/nulls=true/fixed_literal=false/literal_null=false/index=first,original,76,385.0,79040537.0,Linear
binary_expressions/elt_arguments/elt_arguments/scalar/16384/width=256/nulls=true/fixed_literal=false/literal_null=false/index=first,original,77,390.0,81036858.0,Linear
binary_expressions/elt_arguments/elt_arguments/scalar/16384/width=256/nulls=true/fixed_literal=false/literal_null=false/index=first,original,78,395.0,81073050.0,Linear
binary_expressions/elt_arguments/elt_arguments/scalar/16384/width=256/nulls=true/fixed_literal=false/literal_null=false/index=first,original,79,400.0,82395508.0,Linear
binary_expressions/elt_arguments/elt_arguments/scalar/16384/width=256/nulls=true/fixed_literal=false/literal_null=false/index=first,original,80,405.0,81776080.0,Linear
binary_expressions/elt_arguments/elt_arguments/scalar/16384/width=256/nulls=true/fixed_literal=false/literal_null=false/index=first,original,81,410.0,83223488.0,Linear
binary_expressions/elt_arguments/elt_arguments/scalar/16384/width=256/nulls=true/fixed_literal=false/literal_null=false/index=first,original,82,415.0,85662379.0,Linear
binary_expressions/elt_arguments/elt_arguments/scalar/16384/width=256/nulls=true/fixed_literal=false/literal_null=false/index=first,original,83,420.0,87021219.0,Linear
binary_expressions/elt_arguments/elt_arguments/scalar/16384/width=256/nulls=true/fixed_literal=false/literal_null=false/index=first,original,84,425.0,86131859.0,Linear
binary_expressions/elt_arguments/elt_arguments/scalar/16384/width=256/nulls=true/fixed_literal=false/literal_null=false/index=first,original,85,430.0,87332159.0,Linear
binary_expressions/elt_arguments/elt_arguments/scalar/16384/width=256/nulls=true/fixed_literal=false/literal_null=false/index=first,original,86,435.0,88246701.0,Linear
binary_expressions/elt_arguments/elt_arguments/scalar/16384/width=256/nulls=true/fixed_literal=false/literal_null=false/index=first,original,87,440.0,89762108.0,Linear
binary_expressions/elt_arguments/elt_arguments/scalar/16384/width=256/nulls=true/fixed_literal=false/literal_null=false/index=first,original,88,445.0,90773446.0,Linear
binary_expressions/elt_arguments/elt_arguments/scalar/16384/width=256/nulls=true/fixed_literal=false/literal_null=false/index=first,original,89,450.0,91941434.0,Linear
binary_expressions/elt_arguments/elt_arguments/scalar/16384/width=256/nulls=true/fixed_literal=false/literal_null=false/index=first,original,90,455.0,92160444.0,Linear
binary_expressions/elt_arguments/elt_arguments/scalar/16384/width=256/nulls=true/fixed_literal=false/literal_null=false/index=first,original,91,460.0,94455799.0,Linear
binary_expressions/elt_arguments/elt_arguments/scalar/16384/width=256/nulls=true/fixed_literal=false/literal_null=false/index=first,original,92,465.0,95075373.0,Linear
binary_expressions/elt_arguments/elt_arguments/scalar/16384/width=256/nulls=true/fixed_literal=false/literal_null=false/index=first,original,93,470.0,95641678.0,Linear
binary_expressions/elt_arguments/elt_arguments/scalar/16384/width=256/nulls=true/fixed_literal=false/literal_null=false/index=first,original,94,475.0,98513869.0,Linear
binary_expressions/elt_arguments/elt_arguments/scalar/16384/width=256/nulls=true/fixed_literal=false/literal_null=false/index=first,original,95,480.0,97310509.0,Linear
binary_expressions/elt_arguments/elt_arguments/scalar/16384/width=256/nulls=true/fixed_literal=false/literal_null=false/index=first,original,96,485.0,102560764.0,Linear
binary_expressions/elt_arguments/elt_arguments/scalar/16384/width=256/nulls=true/fixed_literal=false/literal_null=false/index=first,original,97,490.0,101360166.0,Linear
binary_expressions/elt_arguments/elt_arguments/scalar/16384/width=256/nulls=true/fixed_literal=false/literal_null=false/index=first,original,98,495.0,101189351.0,Linear
binary_expressions/elt_arguments/elt_arguments/scalar/16384/width=256/nulls=true/fixed_literal=false/literal_null=false/index=first,original,99,500.0,102429502.0,Linear
binary_expressions/elt_arguments/elt_arguments/scalar/16384/width=256/nulls=true/fixed_literal=false/literal_null=false/index=first,candidate,0,7768.0,979391.0,Linear
binary_expressions/elt_arguments/elt_arguments/scalar/16384/width=256/nulls=true/fixed_literal=false/literal_null=false/index=first,candidate,1,15536.0,1947119.0,Linear
binary_expressions/elt_arguments/elt_arguments/scalar/16384/width=256/nulls=true/fixed_literal=false/literal_null=false/index=first,candidate,2,23304.0,2956081.0,Linear
binary_expressions/elt_arguments/elt_arguments/scalar/16384/width=256/nulls=true/fixed_literal=false/literal_null=false/index=first,candidate,3,31072.0,3925944.0,Linear
binary_expressions/elt_arguments/elt_arguments/scalar/16384/width=256/nulls=true/fixed_literal=false/literal_null=false/index=first,candidate,4,38840.0,4891113.0,Linear
binary_expressions/elt_arguments/elt_arguments/scalar/16384/width=256/nulls=true/fixed_literal=false/literal_null=false/index=first,candidate,5,46608.0,5837656.0,Linear
binary_expressions/elt_arguments/elt_arguments/scalar/16384/width=256/nulls=true/fixed_literal=false/literal_null=false/index=first,candidate,6,54376.0,6862570.0,Linear
binary_expressions/elt_arguments/elt_arguments/scalar/16384/width=256/nulls=true/fixed_literal=false/literal_null=false/index=first,candidate,7,62144.0,7796408.0,Linear
binary_expressions/elt_arguments/elt_arguments/scalar/16384/width=256/nulls=true/fixed_literal=false/literal_null=false/index=first,candidate,8,69912.0,8896874.0,Linear
binary_expressions/elt_arguments/elt_arguments/scalar/16384/width=256/nulls=true/fixed_literal=false/literal_null=false/index=first,candidate,9,77680.0,10173807.0,Linear
binary_expressions/elt_arguments/elt_arguments/scalar/16384/width=256/nulls=true/fixed_literal=false/literal_null=false/index=first,candidate,10,85448.0,11689295.0,Linear
binary_expressions/elt_arguments/elt_arguments/scalar/16384/width=256/nulls=true/fixed_literal=false/literal_null=false/index=first,candidate,11,93216.0,11866443.0,Linear
binary_expressions/elt_arguments/elt_arguments/scalar/16384/width=256/nulls=true/fixed_literal=false/literal_null=false/index=first,candidate,12,100984.0,12703504.0,Linear
binary_expressions/elt_arguments/elt_arguments/scalar/16384/width=256/nulls=true/fixed_literal=false/literal_null=false/index=first,candidate,13,108752.0,14529400.0,Linear
binary_expressions/elt_arguments/elt_arguments/scalar/16384/width=256/nulls=true/fixed_literal=false/literal_null=false/index=first,candidate,14,116520.0,14661495.0,Linear
binary_expressions/elt_arguments/elt_arguments/scalar/16384/width=256/nulls=true/fixed_literal=false/literal_null=false/index=first,candidate,15,124288.0,16056666.0,Linear
binary_expressions/elt_arguments/elt_arguments/scalar/16384/width=256/nulls=true/fixed_literal=false/literal_null=false/index=first,candidate,16,132056.0,16811986.0,Linear
binary_expressions/elt_arguments/elt_arguments/scalar/16384/width=256/nulls=true/fixed_literal=false/literal_null=false/index=first,candidate,17,139824.0,17953911.0,Linear
binary_expressions/elt_arguments/elt_arguments/scalar/16384/width=256/nulls=true/fixed_literal=false/literal_null=false/index=first,candidate,18,147592.0,18692648.0,Linear
binary_expressions/elt_arguments/elt_arguments/scalar/16384/width=256/nulls=true/fixed_literal=false/literal_null=false/index=first,candidate,19,155360.0,20455230.0,Linear
binary_expressions/elt_arguments/elt_arguments/scalar/16384/width=256/nulls=true/fixed_literal=false/literal_null=false/index=first,candidate,20,163128.0,20832639.0,Linear
binary_expressions/elt_arguments/elt_arguments/scalar/16384/width=256/nulls=true/fixed_literal=false/literal_null=false/index=first,candidate,21,170896.0,21620569.0,Linear
binary_expressions/elt_arguments/elt_arguments/scalar/16384/width=256/nulls=true/fixed_literal=false/literal_null=false/index=first,candidate,22,178664.0,22630405.0,Linear
binary_expressions/elt_arguments/elt_arguments/scalar/16384/width=256/nulls=true/fixed_literal=false/literal_null=false/index=first,candidate,23,186432.0,23419900.0,Linear
binary_expressions/elt_arguments/elt_arguments/scalar/16384/width=256/nulls=true/fixed_literal=false/literal_null=false/index=first,candidate,24,194200.0,24705654.0,Linear
binary_expressions/elt_arguments/elt_arguments/scalar/16384/width=256/nulls=true/fixed_literal=false/literal_null=false/index=first,candidate,25,201968.0,25450423.0,Linear
binary_expressions/elt_arguments/elt_arguments/scalar/16384/width=256/nulls=true/fixed_literal=false/literal_null=false/index=first,candidate,26,209736.0,26995153.0,Linear
binary_expressions/elt_arguments/elt_arguments/scalar/16384/width=256/nulls=true/fixed_literal=false/literal_null=false/index=first,candidate,27,217504.0,27962866.0,Linear
binary_expressions/elt_arguments/elt_arguments/scalar/16384/width=256/nulls=true/fixed_literal=false/literal_null=false/index=first,candidate,28,225272.0,29564795.0,Linear
binary_expressions/elt_arguments/elt_arguments/scalar/16384/width=256/nulls=true/fixed_literal=false/literal_null=false/index=first,candidate,29,233040.0,29765253.0,Linear
binary_expressions/elt_arguments/elt_arguments/scalar/16384/width=256/nulls=true/fixed_literal=false/literal_null=false/index=first,candidate,30,240808.0,30664952.0,Linear
binary_expressions/elt_arguments/elt_arguments/scalar/16384/width=256/nulls=true/fixed_literal=false/literal_null=false/index=first,candidate,31,248576.0,31279442.0,Linear
binary_expressions/elt_arguments/elt_arguments/scalar/16384/width=256/nulls=true/fixed_literal=false/literal_null=false/index=first,candidate,32,256344.0,32190375.0,Linear
binary_expressions/elt_arguments/elt_arguments/scalar/16384/width=256/nulls=true/fixed_literal=false/literal_null=false/index=first,candidate,33,264112.0,35327392.0,Linear
binary_expressions/elt_arguments/elt_arguments/scalar/16384/width=256/nulls=true/fixed_literal=false/literal_null=false/index=first,candidate,34,271880.0,34742915.0,Linear
binary_expressions/elt_arguments/elt_arguments/scalar/16384/width=256/nulls=true/fixed_literal=false/literal_null=false/index=first,candidate,35,279648.0,35973587.0,Linear
binary_expressions/elt_arguments/elt_arguments/scalar/16384/width=256/nulls=true/fixed_literal=false/literal_null=false/index=first,candidate,36,287416.0,37629576.0,Linear
binary_expressions/elt_arguments/elt_arguments/scalar/16384/width=256/nulls=true/fixed_literal=false/literal_null=false/index=first,candidate,37,295184.0,37540918.0,Linear
binary_expressions/elt_arguments/elt_arguments/scalar/16384/width=256/nulls=true/fixed_literal=false/literal_null=false/index=first,candidate,38,302952.0,38144934.0,Linear
binary_expressions/elt_arguments/elt_arguments/scalar/16384/width=256/nulls=true/fixed_literal=false/literal_null=false/index=first,candidate,39,310720.0,40361660.0,Linear
binary_expressions/elt_arguments/elt_arguments/scalar/16384/width=256/nulls=true/fixed_literal=false/literal_null=false/index=first,candidate,40,318488.0,40308228.0,Linear
binary_expressions/elt_arguments/elt_arguments/scalar/16384/width=256/nulls=true/fixed_literal=false/literal_null=false/index=first,candidate,41,326256.0,42388165.0,Linear
binary_expressions/elt_arguments/elt_arguments/scalar/16384/width=256/nulls=true/fixed_literal=false/literal_null=false/index=first,candidate,42,334024.0,42617129.0,Linear
binary_expressions/elt_arguments/elt_arguments/scalar/16384/width=256/nulls=true/fixed_literal=false/literal_null=false/index=first,candidate,43,341792.0,43968296.0,Linear
binary_expressions/elt_arguments/elt_arguments/scalar/16384/width=256/nulls=true/fixed_literal=false/literal_null=false/index=first,candidate,44,349560.0,45220533.0,Linear
binary_expressions/elt_arguments/elt_arguments/scalar/16384/width=256/nulls=true/fixed_literal=false/literal_null=false/index=first,candidate,45,357328.0,46147959.0,Linear
binary_expressions/elt_arguments/elt_arguments/scalar/16384/width=256/nulls=true/fixed_literal=false/literal_null=false/index=first,candidate,46,365096.0,47400434.0,Linear
binary_expressions/elt_arguments/elt_arguments/scalar/16384/width=256/nulls=true/fixed_literal=false/literal_null=false/index=first,candidate,47,372864.0,48087898.0,Linear
binary_expressions/elt_arguments/elt_arguments/scalar/16384/width=256/nulls=true/fixed_literal=false/literal_null=false/index=first,candidate,48,380632.0,48565479.0,Linear
binary_expressions/elt_arguments/elt_arguments/scalar/16384/width=256/nulls=true/fixed_literal=false/literal_null=false/index=first,candidate,49,388400.0,49202433.0,Linear
binary_expressions/elt_arguments/elt_arguments/scalar/16384/width=256/nulls=true/fixed_literal=false/literal_null=false/index=first,candidate,50,396168.0,51700617.0,Linear
binary_expressions/elt_arguments/elt_arguments/scalar/16384/width=256/nulls=true/fixed_literal=false/literal_null=false/index=first,candidate,51,403936.0,51985382.0,Linear
binary_expressions/elt_arguments/elt_arguments/scalar/16384/width=256/nulls=true/fixed_literal=false/literal_null=false/index=first,candidate,52,411704.0,52907226.0,Linear
binary_expressions/elt_arguments/elt_arguments/scalar/16384/width=256/nulls=true/fixed_literal=false/literal_null=false/index=first,candidate,53,419472.0,53599664.0,Linear
binary_expressions/elt_arguments/elt_arguments/scalar/16384/width=256/nulls=true/fixed_literal=false/literal_null=false/index=first,candidate,54,427240.0,54859930.0,Linear
binary_expressions/elt_arguments/elt_arguments/scalar/16384/width=256/nulls=true/fixed_literal=false/literal_null=false/index=first,candidate,55,435008.0,57063094.0,Linear
binary_expressions/elt_arguments/elt_arguments/scalar/16384/width=256/nulls=true/fixed_literal=false/literal_null=false/index=first,candidate,56,442776.0,56861301.0,Linear
binary_expressions/elt_arguments/elt_arguments/scalar/16384/width=256/nulls=true/fixed_literal=false/literal_null=false/index=first,candidate,57,450544.0,57771918.0,Linear
binary_expressions/elt_arguments/elt_arguments/scalar/16384/width=256/nulls=true/fixed_literal=false/literal_null=false/index=first,candidate,58,458312.0,58302054.0,Linear
binary_expressions/elt_arguments/elt_arguments/scalar/16384/width=256/nulls=true/fixed_literal=false/literal_null=false/index=first,candidate,59,466080.0,59412714.0,Linear
binary_expressions/elt_arguments/elt_arguments/scalar/16384/width=256/nulls=true/fixed_literal=false/literal_null=false/index=first,candidate,60,473848.0,60890639.0,Linear
binary_expressions/elt_arguments/elt_arguments/scalar/16384/width=256/nulls=true/fixed_literal=false/literal_null=false/index=first,candidate,61,481616.0,61607729.0,Linear
binary_expressions/elt_arguments/elt_arguments/scalar/16384/width=256/nulls=true/fixed_literal=false/literal_null=false/index=first,candidate,62,489384.0,63084609.0,Linear
binary_expressions/elt_arguments/elt_arguments/scalar/16384/width=256/nulls=true/fixed_literal=false/literal_null=false/index=first,candidate,63,497152.0,63692877.0,Linear
binary_expressions/elt_arguments/elt_arguments/scalar/16384/width=256/nulls=true/fixed_literal=false/literal_null=false/index=first,candidate,64,504920.0,64678001.0,Linear
binary_expressions/elt_arguments/elt_arguments/scalar/16384/width=256/nulls=true/fixed_literal=false/literal_null=false/index=first,candidate,65,512688.0,65929796.0,Linear
binary_expressions/elt_arguments/elt_arguments/scalar/16384/width=256/nulls=true/fixed_literal=false/literal_null=false/index=first,candidate,66,520456.0,66416675.0,Linear
binary_expressions/elt_arguments/elt_arguments/scalar/16384/width=256/nulls=true/fixed_literal=false/literal_null=false/index=first,candidate,67,528224.0,68139679.0,Linear
binary_expressions/elt_arguments/elt_arguments/scalar/16384/width=256/nulls=true/fixed_literal=false/literal_null=false/index=first,candidate,68,535992.0,68826642.0,Linear
binary_expressions/elt_arguments/elt_arguments/scalar/16384/width=256/nulls=true/fixed_literal=false/literal_null=false/index=first,candidate,69,543760.0,68992964.0,Linear
binary_expressions/elt_arguments/elt_arguments/scalar/16384/width=256/nulls=true/fixed_literal=false/literal_null=false/index=first,candidate,70,551528.0,69962619.0,Linear
binary_expressions/elt_arguments/elt_arguments/scalar/16384/width=256/nulls=true/fixed_literal=false/literal_null=false/index=first,candidate,71,559296.0,72884123.0,Linear
binary_expressions/elt_arguments/elt_arguments/scalar/16384/width=256/nulls=true/fixed_literal=false/literal_null=false/index=first,candidate,72,567064.0,72306606.0,Linear
binary_expressions/elt_arguments/elt_arguments/scalar/16384/width=256/nulls=true/fixed_literal=false/literal_null=false/index=first,candidate,73,574832.0,73254774.0,Linear
binary_expressions/elt_arguments/elt_arguments/scalar/16384/width=256/nulls=true/fixed_literal=false/literal_null=false/index=first,candidate,74,582600.0,74428184.0,Linear
binary_expressions/elt_arguments/elt_arguments/scalar/16384/width=256/nulls=true/fixed_literal=false/literal_null=false/index=first,candidate,75,590368.0,75223862.0,Linear
binary_expressions/elt_arguments/elt_arguments/scalar/16384/width=256/nulls=true/fixed_literal=false/literal_null=false/index=first,candidate,76,598136.0,75885660.0,Linear
binary_expressions/elt_arguments/elt_arguments/scalar/16384/width=256/nulls=true/fixed_literal=false/literal_null=false/index=first,candidate,77,605904.0,78226366.0,Linear
binary_expressions/elt_arguments/elt_arguments/scalar/16384/width=256/nulls=true/fixed_literal=false/literal_null=false/index=first,candidate,78,613672.0,79293908.0,Linear
binary_expressions/elt_arguments/elt_arguments/scalar/16384/width=256/nulls=true/fixed_literal=false/literal_null=false/index=first,candidate,79,621440.0,80054343.0,Linear
binary_expressions/elt_arguments/elt_arguments/scalar/16384/width=256/nulls=true/fixed_literal=false/literal_null=false/index=first,candidate,80,629208.0,80603042.0,Linear
binary_expressions/elt_arguments/elt_arguments/scalar/16384/width=256/nulls=true/fixed_literal=false/literal_null=false/index=first,candidate,81,636976.0,81303024.0,Linear
binary_expressions/elt_arguments/elt_arguments/scalar/16384/width=256/nulls=true/fixed_literal=false/literal_null=false/index=first,candidate,82,644744.0,82928290.0,Linear
binary_expressions/elt_arguments/elt_arguments/scalar/16384/width=256/nulls=true/fixed_literal=false/literal_null=false/index=first,candidate,83,652512.0,84822313.0,Linear
binary_expressions/elt_arguments/elt_arguments/scalar/16384/width=256/nulls=true/fixed_literal=false/literal_null=false/index=first,candidate,84,660280.0,84349347.0,Linear
binary_expressions/elt_arguments/elt_arguments/scalar/16384/width=256/nulls=true/fixed_literal=false/literal_null=false/index=first,candidate,85,668048.0,85832162.0,Linear
binary_expressions/elt_arguments/elt_arguments/scalar/16384/width=256/nulls=true/fixed_literal=false/literal_null=false/index=first,candidate,86,675816.0,86011931.0,Linear
binary_expressions/elt_arguments/elt_arguments/scalar/16384/width=256/nulls=true/fixed_literal=false/literal_null=false/index=first,candidate,87,683584.0,86897301.0,Linear
binary_expressions/elt_arguments/elt_arguments/scalar/16384/width=256/nulls=true/fixed_literal=false/literal_null=false/index=first,candidate,88,691352.0,88284674.0,Linear
binary_expressions/elt_arguments/elt_arguments/scalar/16384/width=256/nulls=true/fixed_literal=false/literal_null=false/index=first,candidate,89,699120.0,88685957.0,Linear
binary_expressions/elt_arguments/elt_arguments/scalar/16384/width=256/nulls=true/fixed_literal=false/literal_null=false/index=first,candidate,90,706888.0,90801304.0,Linear
binary_expressions/elt_arguments/elt_arguments/scalar/16384/width=256/nulls=true/fixed_literal=false/literal_null=false/index=first,candidate,91,714656.0,91085269.0,Linear
binary_expressions/elt_arguments/elt_arguments/scalar/16384/width=256/nulls=true/fixed_literal=false/literal_null=false/index=first,candidate,92,722424.0,92306997.0,Linear
binary_expressions/elt_arguments/elt_arguments/scalar/16384/width=256/nulls=true/fixed_literal=false/literal_null=false/index=first,candidate,93,730192.0,94251783.0,Linear
binary_expressions/elt_arguments/elt_arguments/scalar/16384/width=256/nulls=true/fixed_literal=false/literal_null=false/index=first,candidate,94,737960.0,93582356.0,Linear
binary_expressions/elt_arguments/elt_arguments/scalar/16384/width=256/nulls=true/fixed_literal=false/literal_null=false/index=first,candidate,95,745728.0,95778536.0,Linear
binary_expressions/elt_arguments/elt_arguments/scalar/16384/width=256/nulls=true/fixed_literal=false/literal_null=false/index=first,candidate,96,753496.0,96982031.0,Linear
binary_expressions/elt_arguments/elt_arguments/scalar/16384/width=256/nulls=true/fixed_literal=false/literal_null=false/index=first,candidate,97,761264.0,96432360.0,Linear
binary_expressions/elt_arguments/elt_arguments/scalar/16384/width=256/nulls=true/fixed_literal=false/literal_null=false/index=first,candidate,98,769032.0,99598935.0,Linear
binary_expressions/elt_arguments/elt_arguments/scalar/16384/width=256/nulls=true/fixed_literal=false/literal_null=false/index=first,candidate,99,776800.0,98870455.0,Linear
binary_expressions/elt_arguments/elt_arguments/scalar/16384/width=16/nulls=true/fixed_literal=false/literal_null=false/index=dynamic,original,0,13.0,962509.0,Linear
binary_expressions/elt_arguments/elt_arguments/scalar/16384/width=16/nulls=true/fixed_literal=false/literal_null=false/index=dynamic,original,1,26.0,1952389.0,Linear
binary_expressions/elt_arguments/elt_arguments/scalar/16384/width=16/nulls=true/fixed_literal=false/literal_null=false/index=dynamic,original,2,39.0,2925608.0,Linear
binary_expressions/elt_arguments/elt_arguments/scalar/16384/width=16/nulls=true/fixed_literal=false/literal_null=false/index=dynamic,original,3,52.0,3898439.0,Linear
binary_expressions/elt_arguments/elt_arguments/scalar/16384/width=16/nulls=true/fixed_literal=false/literal_null=false/index=dynamic,original,4,65.0,5086553.0,Linear
binary_expressions/elt_arguments/elt_arguments/scalar/16384/width=16/nulls=true/fixed_literal=false/literal_null=false/index=dynamic,original,5,78.0,5884264.0,Linear
binary_expressions/elt_arguments/elt_arguments/scalar/16384/width=16/nulls=true/fixed_literal=false/literal_null=false/index=dynamic,original,6,91.0,6892865.0,Linear
binary_expressions/elt_arguments/elt_arguments/scalar/16384/width=16/nulls=true/fixed_literal=false/literal_null=false/index=dynamic,original,7,104.0,7822746.0,Linear
binary_expressions/elt_arguments/elt_arguments/scalar/16384/width=16/nulls=true/fixed_literal=false/literal_null=false/index=dynamic,original,8,117.0,8758624.0,Linear
binary_expressions/elt_arguments/elt_arguments/scalar/16384/width=16/nulls=true/fixed_literal=false/literal_null=false/index=dynamic,original,9,130.0,9745920.0,Linear
binary_expressions/elt_arguments/elt_arguments/scalar/16384/width=16/nulls=true/fixed_literal=false/literal_null=false/index=dynamic,original,10,143.0,10983894.0,Linear
binary_expressions/elt_arguments/elt_arguments/scalar/16384/width=16/nulls=true/fixed_literal=false/literal_null=false/index=dynamic,original,11,156.0,11658126.0,Linear
binary_expressions/elt_arguments/elt_arguments/scalar/16384/width=16/nulls=true/fixed_literal=false/literal_null=false/index=dynamic,original,12,169.0,13874516.0,Linear
binary_expressions/elt_arguments/elt_arguments/scalar/16384/width=16/nulls=true/fixed_literal=false/literal_null=false/index=dynamic,original,13,182.0,13979803.0,Linear
binary_expressions/elt_arguments/elt_arguments/scalar/16384/width=16/nulls=true/fixed_literal=false/literal_null=false/index=dynamic,original,14,195.0,15604523.0,Linear
binary_expressions/elt_arguments/elt_arguments/scalar/16384/width=16/nulls=true/fixed_literal=false/literal_null=false/index=dynamic,original,15,208.0,15840288.0,Linear
binary_expressions/elt_arguments/elt_arguments/scalar/16384/width=16/nulls=true/fixed_literal=false/literal_null=false/index=dynamic,original,16,221.0,16910955.0,Linear
binary_expressions/elt_arguments/elt_arguments/scalar/16384/width=16/nulls=true/fixed_literal=false/literal_null=false/index=dynamic,original,17,234.0,17999352.0,Linear
binary_expressions/elt_arguments/elt_arguments/scalar/16384/width=16/nulls=true/fixed_literal=false/literal_null=false/index=dynamic,original,18,247.0,20148163.0,Linear
binary_expressions/elt_arguments/elt_arguments/scalar/16384/width=16/nulls=true/fixed_literal=false/literal_null=false/index=dynamic,original,19,260.0,19769457.0,Linear
binary_expressions/elt_arguments/elt_arguments/scalar/16384/width=16/nulls=true/fixed_literal=false/literal_null=false/index=dynamic,original,20,273.0,20616561.0,Linear
binary_expressions/elt_arguments/elt_arguments/scalar/16384/width=16/nulls=true/fixed_literal=false/literal_null=false/index=dynamic,original,21,286.0,21663417.0,Linear
binary_expressions/elt_arguments/elt_arguments/scalar/16384/width=16/nulls=true/fixed_literal=false/literal_null=false/index=dynamic,original,22,299.0,22517789.0,Linear
binary_expressions/elt_arguments/elt_arguments/scalar/16384/width=16/nulls=true/fixed_literal=false/literal_null=false/index=dynamic,original,23,312.0,24766379.0,Linear
binary_expressions/elt_arguments/elt_arguments/scalar/16384/width=16/nulls=true/fixed_literal=false/literal_null=false/index=dynamic,original,24,325.0,24583823.0,Linear
binary_expressions/elt_arguments/elt_arguments/scalar/16384/width=16/nulls=true/fixed_literal=false/literal_null=false/index=dynamic,original,25,338.0,26110165.0,Linear
binary_expressions/elt_arguments/elt_arguments/scalar/16384/width=16/nulls=true/fixed_literal=false/literal_null=false/index=dynamic,original,26,351.0,27359601.0,Linear
binary_expressions/elt_arguments/elt_arguments/scalar/16384/width=16/nulls=true/fixed_literal=false/literal_null=false/index=dynamic,original,27,364.0,27993476.0,Linear
binary_expressions/elt_arguments/elt_arguments/scalar/16384/width=16/nulls=true/fixed_literal=false/literal_null=false/index=dynamic,original,28,377.0,28616719.0,Linear
binary_expressions/elt_arguments/elt_arguments/scalar/16384/width=16/nulls=true/fixed_literal=false/literal_null=false/index=dynamic,original,29,390.0,29705070.0,Linear
binary_expressions/elt_arguments/elt_arguments/scalar/16384/width=16/nulls=true/fixed_literal=false/literal_null=false/index=dynamic,original,30,403.0,31874802.0,Linear
binary_expressions/elt_arguments/elt_arguments/scalar/16384/width=16/nulls=true/fixed_literal=false/literal_null=false/index=dynamic,original,31,416.0,31403740.0,Linear
binary_expressions/elt_arguments/elt_arguments/scalar/16384/width=16/nulls=true/fixed_literal=false/literal_null=false/index=dynamic,original,32,429.0,34203627.0,Linear
binary_expressions/elt_arguments/elt_arguments/scalar/16384/width=16/nulls=true/fixed_literal=false/literal_null=false/index=dynamic,original,33,442.0,34199752.0,Linear
binary_expressions/elt_arguments/elt_arguments/scalar/16384/width=16/nulls=true/fixed_literal=false/literal_null=false/index=dynamic,original,34,455.0,34528127.0,Linear
binary_expressions/elt_arguments/elt_arguments/scalar/16384/width=16/nulls=true/fixed_literal=false/literal_null=false/index=dynamic,original,35,468.0,35951815.0,Linear
binary_expressions/elt_arguments/elt_arguments/scalar/16384/width=16/nulls=true/fixed_literal=false/literal_null=false/index=dynamic,original,36,481.0,37342160.0,Linear
binary_expressions/elt_arguments/elt_arguments/scalar/16384/width=16/nulls=true/fixed_literal=false/literal_null=false/index=dynamic,original,37,494.0,37934040.0,Linear
binary_expressions/elt_arguments/elt_arguments/scalar/16384/width=16/nulls=true/fixed_literal=false/literal_null=false/index=dynamic,original,38,507.0,39989666.0,Linear
binary_expressions/elt_arguments/elt_arguments/scalar/16384/width=16/nulls=true/fixed_literal=false/literal_null=false/index=dynamic,original,39,520.0,40707893.0,Linear
binary_expressions/elt_arguments/elt_arguments/scalar/16384/width=16/nulls=true/fixed_literal=false/literal_null=false/index=dynamic,original,40,533.0,40178566.0,Linear
binary_expressions/elt_arguments/elt_arguments/scalar/16384/width=16/nulls=true/fixed_literal=false/literal_null=false/index=dynamic,original,41,546.0,42305263.0,Linear
binary_expressions/elt_arguments/elt_arguments/scalar/16384/width=16/nulls=true/fixed_literal=false/literal_null=false/index=dynamic,original,42,559.0,42783150.0,Linear
binary_expressions/elt_arguments/elt_arguments/scalar/16384/width=16/nulls=true/fixed_literal=false/literal_null=false/index=dynamic,original,43,572.0,43180065.0,Linear
binary_expressions/elt_arguments/elt_arguments/scalar/16384/width=16/nulls=true/fixed_literal=false/literal_null=false/index=dynamic,original,44,585.0,45659260.0,Linear
binary_expressions/elt_arguments/elt_arguments/scalar/16384/width=16/nulls=true/fixed_literal=false/literal_null=false/index=dynamic,original,45,598.0,45335672.0,Linear
binary_expressions/elt_arguments/elt_arguments/scalar/16384/width=16/nulls=true/fixed_literal=false/literal_null=false/index=dynamic,original,46,611.0,46697042.0,Linear
binary_expressions/elt_arguments/elt_arguments/scalar/16384/width=16/nulls=true/fixed_literal=false/literal_null=false/index=dynamic,original,47,624.0,49316409.0,Linear
binary_expressions/elt_arguments/elt_arguments/scalar/16384/width=16/nulls=true/fixed_literal=false/literal_null=false/index=dynamic,original,48,637.0,49229261.0,Linear
binary_expressions/elt_arguments/elt_arguments/scalar/16384/width=16/nulls=true/fixed_literal=false/literal_null=false/index=dynamic,original,49,650.0,49876700.0,Linear
binary_expressions/elt_arguments/elt_arguments/scalar/16384/width=16/nulls=true/fixed_literal=false/literal_null=false/index=dynamic,original,50,663.0,50350160.0,Linear
binary_expressions/elt_arguments/elt_arguments/scalar/16384/width=16/nulls=true/fixed_literal=false/literal_null=false/index=dynamic,original,51,676.0,51297709.0,Linear
binary_expressions/elt_arguments/elt_arguments/scalar/16384/width=16/nulls=true/fixed_literal=false/literal_null=false/index=dynamic,original,52,689.0,53957158.0,Linear
binary_expressions/elt_arguments/elt_arguments/scalar/16384/width=16/nulls=true/fixed_literal=false/literal_null=false/index=dynamic,original,53,702.0,53095589.0,Linear
binary_expressions/elt_arguments/elt_arguments/scalar/16384/width=16/nulls=true/fixed_literal=false/literal_null=false/index=dynamic,original,54,715.0,54845392.0,Linear
binary_expressions/elt_arguments/elt_arguments/scalar/16384/width=16/nulls=true/fixed_literal=false/literal_null=false/index=dynamic,original,55,728.0,55896733.0,Linear
binary_expressions/elt_arguments/elt_arguments/scalar/16384/width=16/nulls=true/fixed_literal=false/literal_null=false/index=dynamic,original,56,741.0,57162958.0,Linear
binary_expressions/elt_arguments/elt_arguments/scalar/16384/width=16/nulls=true/fixed_literal=false/literal_null=false/index=dynamic,original,57,754.0,58293593.0,Linear
binary_expressions/elt_arguments/elt_arguments/scalar/16384/width=16/nulls=true/fixed_literal=false/literal_null=false/index=dynamic,original,58,767.0,59182900.0,Linear
binary_expressions/elt_arguments/elt_arguments/scalar/16384/width=16/nulls=true/fixed_literal=false/literal_null=false/index=dynamic,original,59,780.0,62206585.0,Linear
binary_expressions/elt_arguments/elt_arguments/scalar/16384/width=16/nulls=true/fixed_literal=false/literal_null=false/index=dynamic,original,60,793.0,63763296.0,Linear
binary_expressions/elt_arguments/elt_arguments/scalar/16384/width=16/nulls=true/fixed_literal=false/literal_null=false/index=dynamic,original,61,806.0,61680239.0,Linear
binary_expressions/elt_arguments/elt_arguments/scalar/16384/width=16/nulls=true/fixed_literal=false/literal_null=false/index=dynamic,original,62,819.0,65150613.0,Linear
binary_expressions/elt_arguments/elt_arguments/scalar/16384/width=16/nulls=true/fixed_literal=false/literal_null=false/index=dynamic,original,63,832.0,66404075.0,Linear
binary_expressions/elt_arguments/elt_arguments/scalar/16384/width=16/nulls=true/fixed_literal=false/literal_null=false/index=dynamic,original,64,845.0,66572499.0,Linear
binary_expressions/elt_arguments/elt_arguments/scalar/16384/width=16/nulls=true/fixed_literal=false/literal_null=false/index=dynamic,original,65,858.0,66113101.0,Linear
binary_expressions/elt_arguments/elt_arguments/scalar/16384/width=16/nulls=true/fixed_literal=false/literal_null=false/index=dynamic,original,66,871.0,67334099.0,Linear
binary_expressions/elt_arguments/elt_arguments/scalar/16384/width=16/nulls=true/fixed_literal=false/literal_null=false/index=dynamic,original,67,884.0,69294709.0,Linear
binary_expressions/elt_arguments/elt_arguments/scalar/16384/width=16/nulls=true/fixed_literal=false/literal_null=false/index=dynamic,original,68,897.0,68243908.0,Linear
binary_expressions/elt_arguments/elt_arguments/scalar/16384/width=16/nulls=true/fixed_literal=false/literal_null=false/index=dynamic,original,69,910.0,70593512.0,Linear
binary_expressions/elt_arguments/elt_arguments/scalar/16384/width=16/nulls=true/fixed_literal=false/literal_null=false/index=dynamic,original,70,923.0,71208444.0,Linear
binary_expressions/elt_arguments/elt_arguments/scalar/16384/width=16/nulls=true/fixed_literal=false/literal_null=false/index=dynamic,original,71,936.0,73558020.0,Linear
binary_expressions/elt_arguments/elt_arguments/scalar/16384/width=16/nulls=true/fixed_literal=false/literal_null=false/index=dynamic,original,72,949.0,73571123.0,Linear
binary_expressions/elt_arguments/elt_arguments/scalar/16384/width=16/nulls=true/fixed_literal=false/literal_null=false/index=dynamic,original,73,962.0,73207620.0,Linear
binary_expressions/elt_arguments/elt_arguments/scalar/16384/width=16/nulls=true/fixed_literal=false/literal_null=false/index=dynamic,original,74,975.0,76915710.0,Linear
binary_expressions/elt_arguments/elt_arguments/scalar/16384/width=16/nulls=true/fixed_literal=false/literal_null=false/index=dynamic,original,75,988.0,76699452.0,Linear
binary_expressions/elt_arguments/elt_arguments/scalar/16384/width=16/nulls=true/fixed_literal=false/literal_null=false/index=dynamic,original,76,1001.0,77274407.0,Linear
binary_expressions/elt_arguments/elt_arguments/scalar/16384/width=16/nulls=true/fixed_literal=false/literal_null=false/index=dynamic,original,77,1014.0,78228078.0,Linear
binary_expressions/elt_arguments/elt_arguments/scalar/16384/width=16/nulls=true/fixed_literal=false/literal_null=false/index=dynamic,original,78,1027.0,80858820.0,Linear
binary_expressions/elt_arguments/elt_arguments/scalar/16384/width=16/nulls=true/fixed_literal=false/literal_null=false/index=dynamic,original,79,1040.0,81575990.0,Linear
binary_expressions/elt_arguments/elt_arguments/scalar/16384/width=16/nulls=true/fixed_literal=false/literal_null=false/index=dynamic,original,80,1053.0,81389926.0,Linear
binary_expressions/elt_arguments/elt_arguments/scalar/16384/width=16/nulls=true/fixed_literal=false/literal_null=false/index=dynamic,original,81,1066.0,83389092.0,Linear
binary_expressions/elt_arguments/elt_arguments/scalar/16384/width=16/nulls=true/fixed_literal=false/literal_null=false/index=dynamic,original,82,1079.0,84117084.0,Linear
binary_expressions/elt_arguments/elt_arguments/scalar/16384/width=16/nulls=true/fixed_literal=false/literal_null=false/index=dynamic,original,83,1092.0,83398471.0,Linear
binary_expressions/elt_arguments/elt_arguments/scalar/16384/width=16/nulls=true/fixed_literal=false/literal_null=false/index=dynamic,original,84,1105.0,86995217.0,Linear
binary_expressions/elt_arguments/elt_arguments/scalar/16384/width=16/nulls=true/fixed_literal=false/literal_null=false/index=dynamic,original,85,1118.0,86125744.0,Linear
binary_expressions/elt_arguments/elt_arguments/scalar/16384/width=16/nulls=true/fixed_literal=false/literal_null=false/index=dynamic,original,86,1131.0,88278217.0,Linear
binary_expressions/elt_arguments/elt_arguments/scalar/16384/width=16/nulls=true/fixed_literal=false/literal_null=false/index=dynamic,original,87,1144.0,89884226.0,Linear
binary_expressions/elt_arguments/elt_arguments/scalar/16384/width=16/nulls=true/fixed_literal=false/literal_null=false/index=dynamic,original,88,1157.0,90552994.0,Linear
binary_expressions/elt_arguments/elt_arguments/scalar/16384/width=16/nulls=true/fixed_literal=false/literal_null=false/index=dynamic,original,89,1170.0,90742118.0,Linear
binary_expressions/elt_arguments/elt_arguments/scalar/16384/width=16/nulls=true/fixed_literal=false/literal_null=false/index=dynamic,original,90,1183.0,92230295.0,Linear
binary_expressions/elt_arguments/elt_arguments/scalar/16384/width=16/nulls=true/fixed_literal=false/literal_null=false/index=dynamic,original,91,1196.0,92412492.0,Linear
binary_expressions/elt_arguments/elt_arguments/scalar/16384/width=16/nulls=true/fixed_literal=false/literal_null=false/index=dynamic,original,92,1209.0,94109714.0,Linear
binary_expressions/elt_arguments/elt_arguments/scalar/16384/width=16/nulls=true/fixed_literal=false/literal_null=false/index=dynamic,original,93,1222.0,94188103.0,Linear
binary_expressions/elt_arguments/elt_arguments/scalar/16384/width=16/nulls=true/fixed_literal=false/literal_null=false/index=dynamic,original,94,1235.0,95406954.0,Linear
binary_expressions/elt_arguments/elt_arguments/scalar/16384/width=16/nulls=true/fixed_literal=false/literal_null=false/index=dynamic,original,95,1248.0,96140194.0,Linear
binary_expressions/elt_arguments/elt_arguments/scalar/16384/width=16/nulls=true/fixed_literal=false/literal_null=false/index=dynamic,original,96,1261.0,103723654.0,Linear
binary_expressions/elt_arguments/elt_arguments/scalar/16384/width=16/nulls=true/fixed_literal=false/literal_null=false/index=dynamic,original,97,1274.0,101842632.0,Linear
binary_expressions/elt_arguments/elt_arguments/scalar/16384/width=16/nulls=true/fixed_literal=false/literal_null=false/index=dynamic,original,98,1287.0,102018985.0,Linear
binary_expressions/elt_arguments/elt_arguments/scalar/16384/width=16/nulls=true/fixed_literal=false/literal_null=false/index=dynamic,original,99,1300.0,102182174.0,Linear
binary_expressions/elt_arguments/elt_arguments/scalar/16384/width=16/nulls=true/fixed_literal=false/literal_null=false/index=dynamic,candidate,0,13.0,975511.0,Linear
binary_expressions/elt_arguments/elt_arguments/scalar/16384/width=16/nulls=true/fixed_literal=false/literal_null=false/index=dynamic,candidate,1,26.0,1968576.0,Linear
binary_expressions/elt_arguments/elt_arguments/scalar/16384/width=16/nulls=true/fixed_literal=false/literal_null=false/index=dynamic,candidate,2,39.0,2948704.0,Linear
binary_expressions/elt_arguments/elt_arguments/scalar/16384/width=16/nulls=true/fixed_literal=false/literal_null=false/index=dynamic,candidate,3,52.0,4230994.0,Linear
binary_expressions/elt_arguments/elt_arguments/scalar/16384/width=16/nulls=true/fixed_literal=false/literal_null=false/index=dynamic,candidate,4,65.0,4864930.0,Linear
binary_expressions/elt_arguments/elt_arguments/scalar/16384/width=16/nulls=true/fixed_literal=false/literal_null=false/index=dynamic,candidate,5,78.0,6067754.0,Linear
binary_expressions/elt_arguments/elt_arguments/scalar/16384/width=16/nulls=true/fixed_literal=false/literal_null=false/index=dynamic,candidate,6,91.0,6746680.0,Linear
binary_expressions/elt_arguments/elt_arguments/scalar/16384/width=16/nulls=true/fixed_literal=false/literal_null=false/index=dynamic,candidate,7,104.0,7884334.0,Linear
binary_expressions/elt_arguments/elt_arguments/scalar/16384/width=16/nulls=true/fixed_literal=false/literal_null=false/index=dynamic,candidate,8,117.0,8963542.0,Linear
binary_expressions/elt_arguments/elt_arguments/scalar/16384/width=16/nulls=true/fixed_literal=false/literal_null=false/index=dynamic,candidate,9,130.0,9749792.0,Linear
binary_expressions/elt_arguments/elt_arguments/scalar/16384/width=16/nulls=true/fixed_literal=false/literal_null=false/index=dynamic,candidate,10,143.0,10720432.0,Linear
binary_expressions/elt_arguments/elt_arguments/scalar/16384/width=16/nulls=true/fixed_literal=false/literal_null=false/index=dynamic,candidate,11,156.0,11698342.0,Linear
binary_expressions/elt_arguments/elt_arguments/scalar/16384/width=16/nulls=true/fixed_literal=false/literal_null=false/index=dynamic,candidate,12,169.0,12609971.0,Linear
binary_expressions/elt_arguments/elt_arguments/scalar/16384/width=16/nulls=true/fixed_literal=false/literal_null=false/index=dynamic,candidate,13,182.0,13590649.0,Linear
binary_expressions/elt_arguments/elt_arguments/scalar/16384/width=16/nulls=true/fixed_literal=false/literal_null=false/index=dynamic,candidate,14,195.0,15408574.0,Linear
binary_expressions/elt_arguments/elt_arguments/scalar/16384/width=16/nulls=true/fixed_literal=false/literal_null=false/index=dynamic,candidate,15,208.0,15887554.0,Linear
binary_expressions/elt_arguments/elt_arguments/scalar/16384/width=16/nulls=true/fixed_literal=false/literal_null=false/index=dynamic,candidate,16,221.0,16782470.0,Linear
binary_expressions/elt_arguments/elt_arguments/scalar/16384/width=16/nulls=true/fixed_literal=false/literal_null=false/index=dynamic,candidate,17,234.0,18388459.0,Linear
binary_expressions/elt_arguments/elt_arguments/scalar/16384/width=16/nulls=true/fixed_literal=false/literal_null=false/index=dynamic,candidate,18,247.0,18783414.0,Linear
binary_expressions/elt_arguments/elt_arguments/scalar/16384/width=16/nulls=true/fixed_literal=false/literal_null=false/index=dynamic,candidate,19,260.0,19542033.0,Linear
binary_expressions/elt_arguments/elt_arguments/scalar/16384/width=16/nulls=true/fixed_literal=false/literal_null=false/index=dynamic,candidate,20,273.0,20903790.0,Linear
binary_expressions/elt_arguments/elt_arguments/scalar/16384/width=16/nulls=true/fixed_literal=false/literal_null=false/index=dynamic,candidate,21,286.0,21522918.0,Linear
binary_expressions/elt_arguments/elt_arguments/scalar/16384/width=16/nulls=true/fixed_literal=false/literal_null=false/index=dynamic,candidate,22,299.0,22489118.0,Linear
binary_expressions/elt_arguments/elt_arguments/scalar/16384/width=16/nulls=true/fixed_literal=false/literal_null=false/index=dynamic,candidate,23,312.0,23590764.0,Linear
binary_expressions/elt_arguments/elt_arguments/scalar/16384/width=16/nulls=true/fixed_literal=false/literal_null=false/index=dynamic,candidate,24,325.0,25249174.0,Linear
binary_expressions/elt_arguments/elt_arguments/scalar/16384/width=16/nulls=true/fixed_literal=false/literal_null=false/index=dynamic,candidate,25,338.0,25457263.0,Linear
binary_expressions/elt_arguments/elt_arguments/scalar/16384/width=16/nulls=true/fixed_literal=false/literal_null=false/index=dynamic,candidate,26,351.0,26357355.0,Linear
binary_expressions/elt_arguments/elt_arguments/scalar/16384/width=16/nulls=true/fixed_literal=false/literal_null=false/index=dynamic,candidate,27,364.0,27330400.0,Linear
binary_expressions/elt_arguments/elt_arguments/scalar/16384/width=16/nulls=true/fixed_literal=false/literal_null=false/index=dynamic,candidate,28,377.0,28247499.0,Linear
binary_expressions/elt_arguments/elt_arguments/scalar/16384/width=16/nulls=true/fixed_literal=false/literal_null=false/index=dynamic,candidate,29,390.0,29590875.0,Linear
binary_expressions/elt_arguments/elt_arguments/scalar/16384/width=16/nulls=true/fixed_literal=false/literal_null=false/index=dynamic,candidate,30,403.0,30238760.0,Linear
binary_expressions/elt_arguments/elt_arguments/scalar/16384/width=16/nulls=true/fixed_literal=false/literal_null=false/index=dynamic,candidate,31,416.0,31868350.0,Linear
binary_expressions/elt_arguments/elt_arguments/scalar/16384/width=16/nulls=true/fixed_literal=false/literal_null=false/index=dynamic,candidate,32,429.0,32555489.0,Linear
binary_expressions/elt_arguments/elt_arguments/scalar/16384/width=16/nulls=true/fixed_literal=false/literal_null=false/index=dynamic,candidate,33,442.0,33197863.0,Linear
binary_expressions/elt_arguments/elt_arguments/scalar/16384/width=16/nulls=true/fixed_literal=false/literal_null=false/index=dynamic,candidate,34,455.0,34952299.0,Linear
binary_expressions/elt_arguments/elt_arguments/scalar/16384/width=16/nulls=true/fixed_literal=false/literal_null=false/index=dynamic,candidate,35,468.0,35265452.0,Linear
binary_expressions/elt_arguments/elt_arguments/scalar/16384/width=16/nulls=true/fixed_literal=false/literal_null=false/index=dynamic,candidate,36,481.0,36080935.0,Linear
binary_expressions/elt_arguments/elt_arguments/scalar/16384/width=16/nulls=true/fixed_literal=false/literal_null=false/index=dynamic,candidate,37,494.0,37260867.0,Linear
binary_expressions/elt_arguments/elt_arguments/scalar/16384/width=16/nulls=true/fixed_literal=false/literal_null=false/index=dynamic,candidate,38,507.0,38150792.0,Linear
binary_expressions/elt_arguments/elt_arguments/scalar/16384/width=16/nulls=true/fixed_literal=false/literal_null=false/index=dynamic,candidate,39,520.0,39616611.0,Linear
binary_expressions/elt_arguments/elt_arguments/scalar/16384/width=16/nulls=true/fixed_literal=false/literal_null=false/index=dynamic,candidate,40,533.0,40171999.0,Linear
binary_expressions/elt_arguments/elt_arguments/scalar/16384/width=16/nulls=true/fixed_literal=false/literal_null=false/index=dynamic,candidate,41,546.0,41832028.0,Linear
binary_expressions/elt_arguments/elt_arguments/scalar/16384/width=16/nulls=true/fixed_literal=false/literal_null=false/index=dynamic,candidate,42,559.0,43868966.0,Linear
binary_expressions/elt_arguments/elt_arguments/scalar/16384/width=16/nulls=true/fixed_literal=false/literal_null=false/index=dynamic,candidate,43,572.0,43388990.0,Linear
binary_expressions/elt_arguments/elt_arguments/scalar/16384/width=16/nulls=true/fixed_literal=false/literal_null=false/index=dynamic,candidate,44,585.0,43950520.0,Linear
binary_expressions/elt_arguments/elt_arguments/scalar/16384/width=16/nulls=true/fixed_literal=false/literal_null=false/index=dynamic,candidate,45,598.0,45049040.0,Linear
binary_expressions/elt_arguments/elt_arguments/scalar/16384/width=16/nulls=true/fixed_literal=false/literal_null=false/index=dynamic,candidate,46,611.0,46142913.0,Linear
binary_expressions/elt_arguments/elt_arguments/scalar/16384/width=16/nulls=true/fixed_literal=false/literal_null=false/index=dynamic,candidate,47,624.0,47887304.0,Linear
binary_expressions/elt_arguments/elt_arguments/scalar/16384/width=16/nulls=true/fixed_literal=false/literal_null=false/index=dynamic,candidate,48,637.0,48074463.0,Linear
binary_expressions/elt_arguments/elt_arguments/scalar/16384/width=16/nulls=true/fixed_literal=false/literal_null=false/index=dynamic,candidate,49,650.0,50826285.0,Linear
binary_expressions/elt_arguments/elt_arguments/scalar/16384/width=16/nulls=true/fixed_literal=false/literal_null=false/index=dynamic,candidate,50,663.0,50490266.0,Linear
binary_expressions/elt_arguments/elt_arguments/scalar/16384/width=16/nulls=true/fixed_literal=false/literal_null=false/index=dynamic,candidate,51,676.0,51142020.0,Linear
binary_expressions/elt_arguments/elt_arguments/scalar/16384/width=16/nulls=true/fixed_literal=false/literal_null=false/index=dynamic,candidate,52,689.0,52552055.0,Linear
binary_expressions/elt_arguments/elt_arguments/scalar/16384/width=16/nulls=true/fixed_literal=false/literal_null=false/index=dynamic,candidate,53,702.0,53668971.0,Linear
binary_expressions/elt_arguments/elt_arguments/scalar/16384/width=16/nulls=true/fixed_literal=false/literal_null=false/index=dynamic,candidate,54,715.0,53701249.0,Linear
binary_expressions/elt_arguments/elt_arguments/scalar/16384/width=16/nulls=true/fixed_literal=false/literal_null=false/index=dynamic,candidate,55,728.0,58585234.0,Linear
binary_expressions/elt_arguments/elt_arguments/scalar/16384/width=16/nulls=true/fixed_literal=false/literal_null=false/index=dynamic,candidate,56,741.0,56360247.0,Linear
binary_expressions/elt_arguments/elt_arguments/scalar/16384/width=16/nulls=true/fixed_literal=false/literal_null=false/index=dynamic,candidate,57,754.0,56786553.0,Linear
binary_expressions/elt_arguments/elt_arguments/scalar/16384/width=16/nulls=true/fixed_literal=false/literal_null=false/index=dynamic,candidate,58,767.0,58002266.0,Linear
binary_expressions/elt_arguments/elt_arguments/scalar/16384/width=16/nulls=true/fixed_literal=false/literal_null=false/index=dynamic,candidate,59,780.0,60087227.0,Linear
binary_expressions/elt_arguments/elt_arguments/scalar/16384/width=16/nulls=true/fixed_literal=false/literal_null=false/index=dynamic,candidate,60,793.0,61704324.0,Linear
binary_expressions/elt_arguments/elt_arguments/scalar/16384/width=16/nulls=true/fixed_literal=false/literal_null=false/index=dynamic,candidate,61,806.0,62834272.0,Linear
binary_expressions/elt_arguments/elt_arguments/scalar/16384/width=16/nulls=true/fixed_literal=false/literal_null=false/index=dynamic,candidate,62,819.0,61431601.0,Linear
binary_expressions/elt_arguments/elt_arguments/scalar/16384/width=16/nulls=true/fixed_literal=false/literal_null=false/index=dynamic,candidate,63,832.0,66343435.0,Linear
binary_expressions/elt_arguments/elt_arguments/scalar/16384/width=16/nulls=true/fixed_literal=false/literal_null=false/index=dynamic,candidate,64,845.0,64099988.0,Linear
binary_expressions/elt_arguments/elt_arguments/scalar/16384/width=16/nulls=true/fixed_literal=false/literal_null=false/index=dynamic,candidate,65,858.0,64571133.0,Linear
binary_expressions/elt_arguments/elt_arguments/scalar/16384/width=16/nulls=true/fixed_literal=false/literal_null=false/index=dynamic,candidate,66,871.0,66126897.0,Linear
binary_expressions/elt_arguments/elt_arguments/scalar/16384/width=16/nulls=true/fixed_literal=false/literal_null=false/index=dynamic,candidate,67,884.0,68683796.0,Linear
binary_expressions/elt_arguments/elt_arguments/scalar/16384/width=16/nulls=true/fixed_literal=false/literal_null=false/index=dynamic,candidate,68,897.0,68641216.0,Linear
binary_expressions/elt_arguments/elt_arguments/scalar/16384/width=16/nulls=true/fixed_literal=false/literal_null=false/index=dynamic,candidate,69,910.0,72072230.0,Linear
binary_expressions/elt_arguments/elt_arguments/scalar/16384/width=16/nulls=true/fixed_literal=false/literal_null=false/index=dynamic,candidate,70,923.0,72161237.0,Linear
binary_expressions/elt_arguments/elt_arguments/scalar/16384/width=16/nulls=true/fixed_literal=false/literal_null=false/index=dynamic,candidate,71,936.0,71712576.0,Linear
binary_expressions/elt_arguments/elt_arguments/scalar/16384/width=16/nulls=true/fixed_literal=false/literal_null=false/index=dynamic,candidate,72,949.0,71641151.0,Linear
binary_expressions/elt_arguments/elt_arguments/scalar/16384/width=16/nulls=true/fixed_literal=false/literal_null=false/index=dynamic,candidate,73,962.0,72771525.0,Linear
binary_expressions/elt_arguments/elt_arguments/scalar/16384/width=16/nulls=true/fixed_literal=false/literal_null=false/index=dynamic,candidate,74,975.0,75445040.0,Linear
binary_expressions/elt_arguments/elt_arguments/scalar/16384/width=16/nulls=true/fixed_literal=false/literal_null=false/index=dynamic,candidate,75,988.0,74605003.0,Linear
binary_expressions/elt_arguments/elt_arguments/scalar/16384/width=16/nulls=true/fixed_literal=false/literal_null=false/index=dynamic,candidate,76,1001.0,76634286.0,Linear
binary_expressions/elt_arguments/elt_arguments/scalar/16384/width=16/nulls=true/fixed_literal=false/literal_null=false/index=dynamic,candidate,77,1014.0,78034720.0,Linear
binary_expressions/elt_arguments/elt_arguments/scalar/16384/width=16/nulls=true/fixed_literal=false/literal_null=false/index=dynamic,candidate,78,1027.0,77127509.0,Linear
binary_expressions/elt_arguments/elt_arguments/scalar/16384/width=16/nulls=true/fixed_literal=false/literal_null=false/index=dynamic,candidate,79,1040.0,77942666.0,Linear
binary_expressions/elt_arguments/elt_arguments/scalar/16384/width=16/nulls=true/fixed_literal=false/literal_null=false/index=dynamic,candidate,80,1053.0,80122756.0,Linear
binary_expressions/elt_arguments/elt_arguments/scalar/16384/width=16/nulls=true/fixed_literal=false/literal_null=false/index=dynamic,candidate,81,1066.0,80762313.0,Linear
binary_expressions/elt_arguments/elt_arguments/scalar/16384/width=16/nulls=true/fixed_literal=false/literal_null=false/index=dynamic,candidate,82,1079.0,83637932.0,Linear
binary_expressions/elt_arguments/elt_arguments/scalar/16384/width=16/nulls=true/fixed_literal=false/literal_null=false/index=dynamic,candidate,83,1092.0,84593054.0,Linear
binary_expressions/elt_arguments/elt_arguments/scalar/16384/width=16/nulls=true/fixed_literal=false/literal_null=false/index=dynamic,candidate,84,1105.0,84774785.0,Linear
binary_expressions/elt_arguments/elt_arguments/scalar/16384/width=16/nulls=true/fixed_literal=false/literal_null=false/index=dynamic,candidate,85,1118.0,84890385.0,Linear
binary_expressions/elt_arguments/elt_arguments/scalar/16384/width=16/nulls=true/fixed_literal=false/literal_null=false/index=dynamic,candidate,86,1131.0,86511421.0,Linear
binary_expressions/elt_arguments/elt_arguments/scalar/16384/width=16/nulls=true/fixed_literal=false/literal_null=false/index=dynamic,candidate,87,1144.0,87045889.0,Linear
binary_expressions/elt_arguments/elt_arguments/scalar/16384/width=16/nulls=true/fixed_literal=false/literal_null=false/index=dynamic,candidate,88,1157.0,88229311.0,Linear
binary_expressions/elt_arguments/elt_arguments/scalar/16384/width=16/nulls=true/fixed_literal=false/literal_null=false/index=dynamic,candidate,89,1170.0,90101172.0,Linear
binary_expressions/elt_arguments/elt_arguments/scalar/16384/width=16/nulls=true/fixed_literal=false/literal_null=false/index=dynamic,candidate,90,1183.0,90285999.0,Linear
binary_expressions/elt_arguments/elt_arguments/scalar/16384/width=16/nulls=true/fixed_literal=false/literal_null=false/index=dynamic,candidate,91,1196.0,90563039.0,Linear
binary_expressions/elt_arguments/elt_arguments/scalar/16384/width=16/nulls=true/fixed_literal=false/literal_null=false/index=dynamic,candidate,92,1209.0,92176797.0,Linear
binary_expressions/elt_arguments/elt_arguments/scalar/16384/width=16/nulls=true/fixed_literal=false/literal_null=false/index=dynamic,candidate,93,1222.0,92160326.0,Linear
binary_expressions/elt_arguments/elt_arguments/scalar/16384/width=16/nulls=true/fixed_literal=false/literal_null=false/index=dynamic,candidate,94,1235.0,94034944.0,Linear
binary_expressions/elt_arguments/elt_arguments/scalar/16384/width=16/nulls=true/fixed_literal=false/literal_null=false/index=dynamic,candidate,95,1248.0,97922955.0,Linear
binary_expressions/elt_arguments/elt_arguments/scalar/16384/width=16/nulls=true/fixed_literal=false/literal_null=false/index=dynamic,candidate,96,1261.0,96519661.0,Linear
binary_expressions/elt_arguments/elt_arguments/scalar/16384/width=16/nulls=true/fixed_literal=false/literal_null=false/index=dynamic,candidate,97,1274.0,97293465.0,Linear
binary_expressions/elt_arguments/elt_arguments/scalar/16384/width=16/nulls=true/fixed_literal=false/literal_null=false/index=dynamic,candidate,98,1287.0,96793166.0,Linear
binary_expressions/elt_arguments/elt_arguments/scalar/16384/width=16/nulls=true/fixed_literal=false/literal_null=false/index=dynamic,candidate,99,1300.0,99332544.0,Linear
binary_expressions/elt_arguments/elt_arguments/scalar/16384/width=16/nulls=false/fixed_literal=false/literal_null=false/index=first,original,0,16.0,975472.0,Linear
binary_expressions/elt_arguments/elt_arguments/scalar/16384/width=16/nulls=false/fixed_literal=false/literal_null=false/index=first,original,1,32.0,1971580.0,Linear
binary_expressions/elt_arguments/elt_arguments/scalar/16384/width=16/nulls=false/fixed_literal=false/literal_null=false/index=first,original,2,48.0,3069220.0,Linear
binary_expressions/elt_arguments/elt_arguments/scalar/16384/width=16/nulls=false/fixed_literal=false/literal_null=false/index=first,original,3,64.0,3968396.0,Linear
binary_expressions/elt_arguments/elt_arguments/scalar/16384/width=16/nulls=false/fixed_literal=false/literal_null=false/index=first,original,4,80.0,4924465.0,Linear
binary_expressions/elt_arguments/elt_arguments/scalar/16384/width=16/nulls=false/fixed_literal=false/literal_null=false/index=first,original,5,96.0,5970920.0,Linear
binary_expressions/elt_arguments/elt_arguments/scalar/16384/width=16/nulls=false/fixed_literal=false/literal_null=false/index=first,original,6,112.0,6941076.0,Linear
binary_expressions/elt_arguments/elt_arguments/scalar/16384/width=16/nulls=false/fixed_literal=false/literal_null=false/index=first,original,7,128.0,7939384.0,Linear
binary_expressions/elt_arguments/elt_arguments/scalar/16384/width=16/nulls=false/fixed_literal=false/literal_null=false/index=first,original,8,144.0,9050503.0,Linear
binary_expressions/elt_arguments/elt_arguments/scalar/16384/width=16/nulls=false/fixed_literal=false/literal_null=false/index=first,original,9,160.0,10035448.0,Linear
binary_expressions/elt_arguments/elt_arguments/scalar/16384/width=16/nulls=false/fixed_literal=false/literal_null=false/index=first,original,10,176.0,11354934.0,Linear
binary_expressions/elt_arguments/elt_arguments/scalar/16384/width=16/nulls=false/fixed_literal=false/literal_null=false/index=first,original,11,192.0,11825585.0,Linear
binary_expressions/elt_arguments/elt_arguments/scalar/16384/width=16/nulls=false/fixed_literal=false/literal_null=false/index=first,original,12,208.0,12883984.0,Linear
binary_expressions/elt_arguments/elt_arguments/scalar/16384/width=16/nulls=false/fixed_literal=false/literal_null=false/index=first,original,13,224.0,15723413.0,Linear
binary_expressions/elt_arguments/elt_arguments/scalar/16384/width=16/nulls=false/fixed_literal=false/literal_null=false/index=first,original,14,240.0,15607483.0,Linear
binary_expressions/elt_arguments/elt_arguments/scalar/16384/width=16/nulls=false/fixed_literal=false/literal_null=false/index=first,original,15,256.0,16246108.0,Linear
binary_expressions/elt_arguments/elt_arguments/scalar/16384/width=16/nulls=false/fixed_literal=false/literal_null=false/index=first,original,16,272.0,17392876.0,Linear
binary_expressions/elt_arguments/elt_arguments/scalar/16384/width=16/nulls=false/fixed_literal=false/literal_null=false/index=first,original,17,288.0,18517204.0,Linear
binary_expressions/elt_arguments/elt_arguments/scalar/16384/width=16/nulls=false/fixed_literal=false/literal_null=false/index=first,original,18,304.0,19171825.0,Linear
binary_expressions/elt_arguments/elt_arguments/scalar/16384/width=16/nulls=false/fixed_literal=false/literal_null=false/index=first,original,19,320.0,20141450.0,Linear
binary_expressions/elt_arguments/elt_arguments/scalar/16384/width=16/nulls=false/fixed_literal=false/literal_null=false/index=first,original,20,336.0,21003777.0,Linear
binary_expressions/elt_arguments/elt_arguments/scalar/16384/width=16/nulls=false/fixed_literal=false/literal_null=false/index=first,original,21,352.0,21681795.0,Linear
binary_expressions/elt_arguments/elt_arguments/scalar/16384/width=16/nulls=false/fixed_literal=false/literal_null=false/index=first,original,22,368.0,23955857.0,Linear
binary_expressions/elt_arguments/elt_arguments/scalar/16384/width=16/nulls=false/fixed_literal=false/literal_null=false/index=first,original,23,384.0,23732004.0,Linear
binary_expressions/elt_arguments/elt_arguments/scalar/16384/width=16/nulls=false/fixed_literal=false/literal_null=false/index=first,original,24,400.0,24873001.0,Linear
binary_expressions/elt_arguments/elt_arguments/scalar/16384/width=16/nulls=false/fixed_literal=false/literal_null=false/index=first,original,25,416.0,25901010.0,Linear
binary_expressions/elt_arguments/elt_arguments/scalar/16384/width=16/nulls=false/fixed_literal=false/literal_null=false/index=first,original,26,432.0,28259187.0,Linear
binary_expressions/elt_arguments/elt_arguments/scalar/16384/width=16/nulls=false/fixed_literal=false/literal_null=false/index=first,original,27,448.0,28025286.0,Linear
binary_expressions/elt_arguments/elt_arguments/scalar/16384/width=16/nulls=false/fixed_literal=false/literal_null=false/index=first,original,28,464.0,29057774.0,Linear
binary_expressions/elt_arguments/elt_arguments/scalar/16384/width=16/nulls=false/fixed_literal=false/literal_null=false/index=first,original,29,480.0,30014141.0,Linear
binary_expressions/elt_arguments/elt_arguments/scalar/16384/width=16/nulls=false/fixed_literal=false/literal_null=false/index=first,original,30,496.0,31007934.0,Linear
binary_expressions/elt_arguments/elt_arguments/scalar/16384/width=16/nulls=false/fixed_literal=false/literal_null=false/index=first,original,31,512.0,31946624.0,Linear
binary_expressions/elt_arguments/elt_arguments/scalar/16384/width=16/nulls=false/fixed_literal=false/literal_null=false/index=first,original,32,528.0,34706465.0,Linear
binary_expressions/elt_arguments/elt_arguments/scalar/16384/width=16/nulls=false/fixed_literal=false/literal_null=false/index=first,original,33,544.0,34255103.0,Linear
binary_expressions/elt_arguments/elt_arguments/scalar/16384/width=16/nulls=false/fixed_literal=false/literal_null=false/index=first,original,34,560.0,35156468.0,Linear
binary_expressions/elt_arguments/elt_arguments/scalar/16384/width=16/nulls=false/fixed_literal=false/literal_null=false/index=first,original,35,576.0,35995599.0,Linear
binary_expressions/elt_arguments/elt_arguments/scalar/16384/width=16/nulls=false/fixed_literal=false/literal_null=false/index=first,original,36,592.0,36523338.0,Linear
binary_expressions/elt_arguments/elt_arguments/scalar/16384/width=16/nulls=false/fixed_literal=false/literal_null=false/index=first,original,37,608.0,37962401.0,Linear
binary_expressions/elt_arguments/elt_arguments/scalar/16384/width=16/nulls=false/fixed_literal=false/literal_null=false/index=first,original,38,624.0,39665964.0,Linear
binary_expressions/elt_arguments/elt_arguments/scalar/16384/width=16/nulls=false/fixed_literal=false/literal_null=false/index=first,original,39,640.0,39677732.0,Linear
binary_expressions/elt_arguments/elt_arguments/scalar/16384/width=16/nulls=false/fixed_literal=false/literal_null=false/index=first,original,40,656.0,41225646.0,Linear
binary_expressions/elt_arguments/elt_arguments/scalar/16384/width=16/nulls=false/fixed_literal=false/literal_null=false/index=first,original,41,672.0,41773921.0,Linear
binary_expressions/elt_arguments/elt_arguments/scalar/16384/width=16/nulls=false/fixed_literal=false/literal_null=false/index=first,original,42,688.0,43221868.0,Linear
binary_expressions/elt_arguments/elt_arguments/scalar/16384/width=16/nulls=false/fixed_literal=false/literal_null=false/index=first,original,43,704.0,44099793.0,Linear
binary_expressions/elt_arguments/elt_arguments/scalar/16384/width=16/nulls=false/fixed_literal=false/literal_null=false/index=first,original,44,720.0,44719689.0,Linear
binary_expressions/elt_arguments/elt_arguments/scalar/16384/width=16/nulls=false/fixed_literal=false/literal_null=false/index=first,original,45,736.0,46286662.0,Linear
binary_expressions/elt_arguments/elt_arguments/scalar/16384/width=16/nulls=false/fixed_literal=false/literal_null=false/index=first,original,46,752.0,47769420.0,Linear
binary_expressions/elt_arguments/elt_arguments/scalar/16384/width=16/nulls=false/fixed_literal=false/literal_null=false/index=first,original,47,768.0,48856781.0,Linear
binary_expressions/elt_arguments/elt_arguments/scalar/16384/width=16/nulls=false/fixed_literal=false/literal_null=false/index=first,original,48,784.0,49103891.0,Linear
binary_expressions/elt_arguments/elt_arguments/scalar/16384/width=16/nulls=false/fixed_literal=false/literal_null=false/index=first,original,49,800.0,50353033.0,Linear
binary_expressions/elt_arguments/elt_arguments/scalar/16384/width=16/nulls=false/fixed_literal=false/literal_null=false/index=first,original,50,816.0,50191353.0,Linear
binary_expressions/elt_arguments/elt_arguments/scalar/16384/width=16/nulls=false/fixed_literal=false/literal_null=false/index=first,original,51,832.0,52831191.0,Linear
binary_expressions/elt_arguments/elt_arguments/scalar/16384/width=16/nulls=false/fixed_literal=false/literal_null=false/index=first,original,52,848.0,52944498.0,Linear
binary_expressions/elt_arguments/elt_arguments/scalar/16384/width=16/nulls=false/fixed_literal=false/literal_null=false/index=first,original,53,864.0,54318183.0,Linear
binary_expressions/elt_arguments/elt_arguments/scalar/16384/width=16/nulls=false/fixed_literal=false/literal_null=false/index=first,original,54,880.0,54831225.0,Linear
binary_expressions/elt_arguments/elt_arguments/scalar/16384/width=16/nulls=false/fixed_literal=false/literal_null=false/index=first,original,55,896.0,56078840.0,Linear
binary_expressions/elt_arguments/elt_arguments/scalar/16384/width=16/nulls=false/fixed_literal=false/literal_null=false/index=first,original,56,912.0,57319223.0,Linear
binary_expressions/elt_arguments/elt_arguments/scalar/16384/width=16/nulls=false/fixed_literal=false/literal_null=false/index=first,original,57,928.0,57385543.0,Linear
binary_expressions/elt_arguments/elt_arguments/scalar/16384/width=16/nulls=false/fixed_literal=false/literal_null=false/index=first,original,58,944.0,58961364.0,Linear
binary_expressions/elt_arguments/elt_arguments/scalar/16384/width=16/nulls=false/fixed_literal=false/literal_null=false/index=first,original,59,960.0,59774632.0,Linear
binary_expressions/elt_arguments/elt_arguments/scalar/16384/width=16/nulls=false/fixed_literal=false/literal_null=false/index=first,original,60,976.0,61391158.0,Linear
binary_expressions/elt_arguments/elt_arguments/scalar/16384/width=16/nulls=false/fixed_literal=false/literal_null=false/index=first,original,61,992.0,61982941.0,Linear
binary_expressions/elt_arguments/elt_arguments/scalar/16384/width=16/nulls=false/fixed_literal=false/literal_null=false/index=first,original,62,1008.0,62733432.0,Linear
binary_expressions/elt_arguments/elt_arguments/scalar/16384/width=16/nulls=false/fixed_literal=false/literal_null=false/index=first,original,63,1024.0,65622926.0,Linear
binary_expressions/elt_arguments/elt_arguments/scalar/16384/width=16/nulls=false/fixed_literal=false/literal_null=false/index=first,original,64,1040.0,65352031.0,Linear
binary_expressions/elt_arguments/elt_arguments/scalar/16384/width=16/nulls=false/fixed_literal=false/literal_null=false/index=first,original,65,1056.0,67340649.0,Linear
binary_expressions/elt_arguments/elt_arguments/scalar/16384/width=16/nulls=false/fixed_literal=false/literal_null=false/index=first,original,66,1072.0,68025246.0,Linear
binary_expressions/elt_arguments/elt_arguments/scalar/16384/width=16/nulls=false/fixed_literal=false/literal_null=false/index=first,original,67,1088.0,67821940.0,Linear
binary_expressions/elt_arguments/elt_arguments/scalar/16384/width=16/nulls=false/fixed_literal=false/literal_null=false/index=first,original,68,1104.0,69338865.0,Linear
binary_expressions/elt_arguments/elt_arguments/scalar/16384/width=16/nulls=false/fixed_literal=false/literal_null=false/index=first,original,69,1120.0,70410040.0,Linear
binary_expressions/elt_arguments/elt_arguments/scalar/16384/width=16/nulls=false/fixed_literal=false/literal_null=false/index=first,original,70,1136.0,71989541.0,Linear
binary_expressions/elt_arguments/elt_arguments/scalar/16384/width=16/nulls=false/fixed_literal=false/literal_null=false/index=first,original,71,1152.0,71025875.0,Linear
binary_expressions/elt_arguments/elt_arguments/scalar/16384/width=16/nulls=false/fixed_literal=false/literal_null=false/index=first,original,72,1168.0,73855685.0,Linear
binary_expressions/elt_arguments/elt_arguments/scalar/16384/width=16/nulls=false/fixed_literal=false/literal_null=false/index=first,original,73,1184.0,73866492.0,Linear
binary_expressions/elt_arguments/elt_arguments/scalar/16384/width=16/nulls=false/fixed_literal=false/literal_null=false/index=first,original,74,1200.0,74632406.0,Linear
binary_expressions/elt_arguments/elt_arguments/scalar/16384/width=16/nulls=false/fixed_literal=false/literal_null=false/index=first,original,75,1216.0,77101644.0,Linear
binary_expressions/elt_arguments/elt_arguments/scalar/16384/width=16/nulls=false/fixed_literal=false/literal_null=false/index=first,original,76,1232.0,76895273.0,Linear
binary_expressions/elt_arguments/elt_arguments/scalar/16384/width=16/nulls=false/fixed_literal=false/literal_null=false/index=first,original,77,1248.0,78251199.0,Linear
binary_expressions/elt_arguments/elt_arguments/scalar/16384/width=16/nulls=false/fixed_literal=false/literal_null=false/index=first,original,78,1264.0,79037281.0,Linear
binary_expressions/elt_arguments/elt_arguments/scalar/16384/width=16/nulls=false/fixed_literal=false/literal_null=false/index=first,original,79,1280.0,80574361.0,Linear
binary_expressions/elt_arguments/elt_arguments/scalar/16384/width=16/nulls=false/fixed_literal=false/literal_null=false/index=first,original,80,1296.0,81225043.0,Linear
binary_expressions/elt_arguments/elt_arguments/scalar/16384/width=16/nulls=false/fixed_literal=false/literal_null=false/index=first,original,81,1312.0,82306149.0,Linear
binary_expressions/elt_arguments/elt_arguments/scalar/16384/width=16/nulls=false/fixed_literal=false/literal_null=false/index=first,original,82,1328.0,83875914.0,Linear
binary_expressions/elt_arguments/elt_arguments/scalar/16384/width=16/nulls=false/fixed_literal=false/literal_null=false/index=first,original,83,1344.0,85280539.0,Linear
binary_expressions/elt_arguments/elt_arguments/scalar/16384/width=16/nulls=false/fixed_literal=false/literal_null=false/index=first,original,84,1360.0,85444411.0,Linear
binary_expressions/elt_arguments/elt_arguments/scalar/16384/width=16/nulls=false/fixed_literal=false/literal_null=false/index=first,original,85,1376.0,86693601.0,Linear
binary_expressions/elt_arguments/elt_arguments/scalar/16384/width=16/nulls=false/fixed_literal=false/literal_null=false/index=first,original,86,1392.0,87304690.0,Linear
binary_expressions/elt_arguments/elt_arguments/scalar/16384/width=16/nulls=false/fixed_literal=false/literal_null=false/index=first,original,87,1408.0,87404195.0,Linear
binary_expressions/elt_arguments/elt_arguments/scalar/16384/width=16/nulls=false/fixed_literal=false/literal_null=false/index=first,original,88,1424.0,88217964.0,Linear
binary_expressions/elt_arguments/elt_arguments/scalar/16384/width=16/nulls=false/fixed_literal=false/literal_null=false/index=first,original,89,1440.0,90531749.0,Linear
binary_expressions/elt_arguments/elt_arguments/scalar/16384/width=16/nulls=false/fixed_literal=false/literal_null=false/index=first,original,90,1456.0,91821958.0,Linear
binary_expressions/elt_arguments/elt_arguments/scalar/16384/width=16/nulls=false/fixed_literal=false/literal_null=false/index=first,original,91,1472.0,92655263.0,Linear
binary_expressions/elt_arguments/elt_arguments/scalar/16384/width=16/nulls=false/fixed_literal=false/literal_null=false/index=first,original,92,1488.0,93704321.0,Linear
binary_expressions/elt_arguments/elt_arguments/scalar/16384/width=16/nulls=false/fixed_literal=false/literal_null=false/index=first,original,93,1504.0,94718753.0,Linear
binary_expressions/elt_arguments/elt_arguments/scalar/16384/width=16/nulls=false/fixed_literal=false/literal_null=false/index=first,original,94,1520.0,95451549.0,Linear
binary_expressions/elt_arguments/elt_arguments/scalar/16384/width=16/nulls=false/fixed_literal=false/literal_null=false/index=first,original,95,1536.0,96580635.0,Linear
binary_expressions/elt_arguments/elt_arguments/scalar/16384/width=16/nulls=false/fixed_literal=false/literal_null=false/index=first,original,96,1552.0,97919524.0,Linear
binary_expressions/elt_arguments/elt_arguments/scalar/16384/width=16/nulls=false/fixed_literal=false/literal_null=false/index=first,original,97,1568.0,97555657.0,Linear
binary_expressions/elt_arguments/elt_arguments/scalar/16384/width=16/nulls=false/fixed_literal=false/literal_null=false/index=first,original,98,1584.0,99436991.0,Linear
binary_expressions/elt_arguments/elt_arguments/scalar/16384/width=16/nulls=false/fixed_literal=false/literal_null=false/index=first,original,99,1600.0,99355348.0,Linear
binary_expressions/elt_arguments/elt_arguments/scalar/16384/width=16/nulls=false/fixed_literal=false/literal_null=false/index=first,candidate,0,7801.0,994639.0,Linear
binary_expressions/elt_arguments/elt_arguments/scalar/16384/width=16/nulls=false/fixed_literal=false/literal_null=false/index=first,candidate,1,15602.0,2009708.0,Linear
binary_expressions/elt_arguments/elt_arguments/scalar/16384/width=16/nulls=false/fixed_literal=false/literal_null=false/index=first,candidate,2,23403.0,3011164.0,Linear
binary_expressions/elt_arguments/elt_arguments/scalar/16384/width=16/nulls=false/fixed_literal=false/literal_null=false/index=first,candidate,3,31204.0,3976866.0,Linear
binary_expressions/elt_arguments/elt_arguments/scalar/16384/width=16/nulls=false/fixed_literal=false/literal_null=false/index=first,candidate,4,39005.0,4991723.0,Linear
binary_expressions/elt_arguments/elt_arguments/scalar/16384/width=16/nulls=false/fixed_literal=false/literal_null=false/index=first,candidate,5,46806.0,6045114.0,Linear
binary_expressions/elt_arguments/elt_arguments/scalar/16384/width=16/nulls=false/fixed_literal=false/literal_null=false/index=first,candidate,6,54607.0,6988878.0,Linear
binary_expressions/elt_arguments/elt_arguments/scalar/16384/width=16/nulls=false/fixed_literal=false/literal_null=false/index=first,candidate,7,62408.0,8008617.0,Linear
binary_expressions/elt_arguments/elt_arguments/scalar/16384/width=16/nulls=false/fixed_literal=false/literal_null=false/index=first,candidate,8,70209.0,8968894.0,Linear
binary_expressions/elt_arguments/elt_arguments/scalar/16384/width=16/nulls=false/fixed_literal=false/literal_null=false/index=first,candidate,9,78010.0,10194517.0,Linear
binary_expressions/elt_arguments/elt_arguments/scalar/16384/width=16/nulls=false/fixed_literal=false/literal_null=false/index=first,candidate,10,85811.0,11002054.0,Linear
binary_expressions/elt_arguments/elt_arguments/scalar/16384/width=16/nulls=false/fixed_literal=false/literal_null=false/index=first,candidate,11,93612.0,11958706.0,Linear
binary_expressions/elt_arguments/elt_arguments/scalar/16384/width=16/nulls=false/fixed_literal=false/literal_null=false/index=first,candidate,12,101413.0,13713590.0,Linear
binary_expressions/elt_arguments/elt_arguments/scalar/16384/width=16/nulls=false/fixed_literal=false/literal_null=false/index=first,candidate,13,109214.0,14056122.0,Linear
binary_expressions/elt_arguments/elt_arguments/scalar/16384/width=16/nulls=false/fixed_literal=false/literal_null=false/index=first,candidate,14,117015.0,15263998.0,Linear
binary_expressions/elt_arguments/elt_arguments/scalar/16384/width=16/nulls=false/fixed_literal=false/literal_null=false/index=first,candidate,15,124816.0,16088522.0,Linear
binary_expressions/elt_arguments/elt_arguments/scalar/16384/width=16/nulls=false/fixed_literal=false/literal_null=false/index=first,candidate,16,132617.0,17085179.0,Linear
binary_expressions/elt_arguments/elt_arguments/scalar/16384/width=16/nulls=false/fixed_literal=false/literal_null=false/index=first,candidate,17,140418.0,18039120.0,Linear
binary_expressions/elt_arguments/elt_arguments/scalar/16384/width=16/nulls=false/fixed_literal=false/literal_null=false/index=first,candidate,18,148219.0,19143735.0,Linear
binary_expressions/elt_arguments/elt_arguments/scalar/16384/width=16/nulls=false/fixed_literal=false/literal_null=false/index=first,candidate,19,156020.0,20238706.0,Linear
binary_expressions/elt_arguments/elt_arguments/scalar/16384/width=16/nulls=false/fixed_literal=false/literal_null=false/index=first,candidate,20,163821.0,21136511.0,Linear
binary_expressions/elt_arguments/elt_arguments/scalar/16384/width=16/nulls=false/fixed_literal=false/literal_null=false/index=first,candidate,21,171622.0,22229403.0,Linear
binary_expressions/elt_arguments/elt_arguments/scalar/16384/width=16/nulls=false/fixed_literal=false/literal_null=false/index=first,candidate,22,179423.0,23020979.0,Linear
binary_expressions/elt_arguments/elt_arguments/scalar/16384/width=16/nulls=false/fixed_literal=false/literal_null=false/index=first,candidate,23,187224.0,24432437.0,Linear
binary_expressions/elt_arguments/elt_arguments/scalar/16384/width=16/nulls=false/fixed_literal=false/literal_null=false/index=first,candidate,24,195025.0,25085147.0,Linear
binary_expressions/elt_arguments/elt_arguments/scalar/16384/width=16/nulls=false/fixed_literal=false/literal_null=false/index=first,candidate,25,202826.0,26049146.0,Linear
binary_expressions/elt_arguments/elt_arguments/scalar/16384/width=16/nulls=false/fixed_literal=false/literal_null=false/index=first,candidate,26,210627.0,27136889.0,Linear
binary_expressions/elt_arguments/elt_arguments/scalar/16384/width=16/nulls=false/fixed_literal=false/literal_null=false/index=first,candidate,27,218428.0,29139314.0,Linear
binary_expressions/elt_arguments/elt_arguments/scalar/16384/width=16/nulls=false/fixed_literal=false/literal_null=false/index=first,candidate,28,226229.0,30031861.0,Linear
binary_expressions/elt_arguments/elt_arguments/scalar/16384/width=16/nulls=false/fixed_literal=false/literal_null=false/index=first,candidate,29,234030.0,30688974.0,Linear
binary_expressions/elt_arguments/elt_arguments/scalar/16384/width=16/nulls=false/fixed_literal=false/literal_null=false/index=first,candidate,30,241831.0,31838392.0,Linear
binary_expressions/elt_arguments/elt_arguments/scalar/16384/width=16/nulls=false/fixed_literal=false/literal_null=false/index=first,candidate,31,249632.0,32366196.0,Linear
binary_expressions/elt_arguments/elt_arguments/scalar/16384/width=16/nulls=false/fixed_literal=false/literal_null=false/index=first,candidate,32,257433.0,33488830.0,Linear
binary_expressions/elt_arguments/elt_arguments/scalar/16384/width=16/nulls=false/fixed_literal=false/literal_null=false/index=first,candidate,33,265234.0,34077721.0,Linear
binary_expressions/elt_arguments/elt_arguments/scalar/16384/width=16/nulls=false/fixed_literal=false/literal_null=false/index=first,candidate,34,273035.0,35093113.0,Linear
binary_expressions/elt_arguments/elt_arguments/scalar/16384/width=16/nulls=false/fixed_literal=false/literal_null=false/index=first,candidate,35,280836.0,36035654.0,Linear
binary_expressions/elt_arguments/elt_arguments/scalar/16384/width=16/nulls=false/fixed_literal=false/literal_null=false/index=first,candidate,36,288637.0,39309311.0,Linear
binary_expressions/elt_arguments/elt_arguments/scalar/16384/width=16/nulls=false/fixed_literal=false/literal_null=false/index=first,candidate,37,296438.0,38676121.0,Linear
binary_expressions/elt_arguments/elt_arguments/scalar/16384/width=16/nulls=false/fixed_literal=false/literal_null=false/index=first,candidate,38,304239.0,40605369.0,Linear
binary_expressions/elt_arguments/elt_arguments/scalar/16384/width=16/nulls=false/fixed_literal=false/literal_null=false/index=first,candidate,39,312040.0,40515501.0,Linear
binary_expressions/elt_arguments/elt_arguments/scalar/16384/width=16/nulls=false/fixed_literal=false/literal_null=false/index=first,candidate,40,319841.0,40902906.0,Linear
binary_expressions/elt_arguments/elt_arguments/scalar/16384/width=16/nulls=false/fixed_literal=false/literal_null=false/index=first,candidate,41,327642.0,43191196.0,Linear
binary_expressions/elt_arguments/elt_arguments/scalar/16384/width=16/nulls=false/fixed_literal=false/literal_null=false/index=first,candidate,42,335443.0,43792573.0,Linear
binary_expressions/elt_arguments/elt_arguments/scalar/16384/width=16/nulls=false/fixed_literal=false/literal_null=false/index=first,candidate,43,343244.0,45469607.0,Linear
binary_expressions/elt_arguments/elt_arguments/scalar/16384/width=16/nulls=false/fixed_literal=false/literal_null=false/index=first,candidate,44,351045.0,45427206.0,Linear
binary_expressions/elt_arguments/elt_arguments/scalar/16384/width=16/nulls=false/fixed_literal=false/literal_null=false/index=first,candidate,45,358846.0,46546591.0,Linear
binary_expressions/elt_arguments/elt_arguments/scalar/16384/width=16/nulls=false/fixed_literal=false/literal_null=false/index=first,candidate,46,366647.0,46981936.0,Linear
binary_expressions/elt_arguments/elt_arguments/scalar/16384/width=16/nulls=false/fixed_literal=false/literal_null=false/index=first,candidate,47,374448.0,48399164.0,Linear
binary_expressions/elt_arguments/elt_arguments/scalar/16384/width=16/nulls=false/fixed_literal=false/literal_null=false/index=first,candidate,48,382249.0,49429334.0,Linear
binary_expressions/elt_arguments/elt_arguments/scalar/16384/width=16/nulls=false/fixed_literal=false/literal_null=false/index=first,candidate,49,390050.0,50070853.0,Linear
binary_expressions/elt_arguments/elt_arguments/scalar/16384/width=16/nulls=false/fixed_literal=false/literal_null=false/index=first,candidate,50,397851.0,52099780.0,Linear
binary_expressions/elt_arguments/elt_arguments/scalar/16384/width=16/nulls=false/fixed_literal=false/literal_null=false/index=first,candidate,51,405652.0,53346521.0,Linear
binary_expressions/elt_arguments/elt_arguments/scalar/16384/width=16/nulls=false/fixed_literal=false/literal_null=false/index=first,candidate,52,413453.0,53446443.0,Linear
binary_expressions/elt_arguments/elt_arguments/scalar/16384/width=16/nulls=false/fixed_literal=false/literal_null=false/index=first,candidate,53,421254.0,55504739.0,Linear
binary_expressions/elt_arguments/elt_arguments/scalar/16384/width=16/nulls=false/fixed_literal=false/literal_null=false/index=first,candidate,54,429055.0,55381123.0,Linear
binary_expressions/elt_arguments/elt_arguments/scalar/16384/width=16/nulls=false/fixed_literal=false/literal_null=false/index=first,candidate,55,436856.0,56425370.0,Linear
binary_expressions/elt_arguments/elt_arguments/scalar/16384/width=16/nulls=false/fixed_literal=false/literal_null=false/index=first,candidate,56,444657.0,57036847.0,Linear
binary_expressions/elt_arguments/elt_arguments/scalar/16384/width=16/nulls=false/fixed_literal=false/literal_null=false/index=first,candidate,57,452458.0,58704950.0,Linear
binary_expressions/elt_arguments/elt_arguments/scalar/16384/width=16/nulls=false/fixed_literal=false/literal_null=false/index=first,candidate,58,460259.0,59934447.0,Linear
binary_expressions/elt_arguments/elt_arguments/scalar/16384/width=16/nulls=false/fixed_literal=false/literal_null=false/index=first,candidate,59,468060.0,61436778.0,Linear
binary_expressions/elt_arguments/elt_arguments/scalar/16384/width=16/nulls=false/fixed_literal=false/literal_null=false/index=first,candidate,60,475861.0,63235313.0,Linear
binary_expressions/elt_arguments/elt_arguments/scalar/16384/width=16/nulls=false/fixed_literal=false/literal_null=false/index=first,candidate,61,483662.0,62716789.0,Linear
binary_expressions/elt_arguments/elt_arguments/scalar/16384/width=16/nulls=false/fixed_literal=false/literal_null=false/index=first,candidate,62,491463.0,64419420.0,Linear
binary_expressions/elt_arguments/elt_arguments/scalar/16384/width=16/nulls=false/fixed_literal=false/literal_null=false/index=first,candidate,63,499264.0,63908223.0,Linear
binary_expressions/elt_arguments/elt_arguments/scalar/16384/width=16/nulls=false/fixed_literal=false/literal_null=false/index=first,candidate,64,507065.0,68500686.0,Linear
binary_expressions/elt_arguments/elt_arguments/scalar/16384/width=16/nulls=false/fixed_literal=false/literal_null=false/index=first,candidate,65,514866.0,68559049.0,Linear
binary_expressions/elt_arguments/elt_arguments/scalar/16384/width=16/nulls=false/fixed_literal=false/literal_null=false/index=first,candidate,66,522667.0,67528299.0,Linear
binary_expressions/elt_arguments/elt_arguments/scalar/16384/width=16/nulls=false/fixed_literal=false/literal_null=false/index=first,candidate,67,530468.0,68402536.0,Linear
binary_expressions/elt_arguments/elt_arguments/scalar/16384/width=16/nulls=false/fixed_literal=false/literal_null=false/index=first,candidate,68,538269.0,69459492.0,Linear
binary_expressions/elt_arguments/elt_arguments/scalar/16384/width=16/nulls=false/fixed_literal=false/literal_null=false/index=first,candidate,69,546070.0,70891643.0,Linear
binary_expressions/elt_arguments/elt_arguments/scalar/16384/width=16/nulls=false/fixed_literal=false/literal_null=false/index=first,candidate,70,553871.0,71973287.0,Linear
binary_expressions/elt_arguments/elt_arguments/scalar/16384/width=16/nulls=false/fixed_literal=false/literal_null=false/index=first,candidate,71,561672.0,72776912.0,Linear
binary_expressions/elt_arguments/elt_arguments/scalar/16384/width=16/nulls=false/fixed_literal=false/literal_null=false/index=first,candidate,72,569473.0,77442897.0,Linear
binary_expressions/elt_arguments/elt_arguments/scalar/16384/width=16/nulls=false/fixed_literal=false/literal_null=false/index=first,candidate,73,577274.0,74546497.0,Linear
binary_expressions/elt_arguments/elt_arguments/scalar/16384/width=16/nulls=false/fixed_literal=false/literal_null=false/index=first,candidate,74,585075.0,75870337.0,Linear
binary_expressions/elt_arguments/elt_arguments/scalar/16384/width=16/nulls=false/fixed_literal=false/literal_null=false/index=first,candidate,75,592876.0,77014540.0,Linear
binary_expressions/elt_arguments/elt_arguments/scalar/16384/width=16/nulls=false/fixed_literal=false/literal_null=false/index=first,candidate,76,600677.0,78556368.0,Linear
binary_expressions/elt_arguments/elt_arguments/scalar/16384/width=16/nulls=false/fixed_literal=false/literal_null=false/index=first,candidate,77,608478.0,79907209.0,Linear
binary_expressions/elt_arguments/elt_arguments/scalar/16384/width=16/nulls=false/fixed_literal=false/literal_null=false/index=first,candidate,78,616279.0,79836475.0,Linear
binary_expressions/elt_arguments/elt_arguments/scalar/16384/width=16/nulls=false/fixed_literal=false/literal_null=false/index=first,candidate,79,624080.0,80241939.0,Linear
binary_expressions/elt_arguments/elt_arguments/scalar/16384/width=16/nulls=false/fixed_literal=false/literal_null=false/index=first,candidate,80,631881.0,82457154.0,Linear
binary_expressions/elt_arguments/elt_arguments/scalar/16384/width=16/nulls=false/fixed_literal=false/literal_null=false/index=first,candidate,81,639682.0,83121822.0,Linear
binary_expressions/elt_arguments/elt_arguments/scalar/16384/width=16/nulls=false/fixed_literal=false/literal_null=false/index=first,candidate,82,647483.0,85287988.0,Linear
binary_expressions/elt_arguments/elt_arguments/scalar/16384/width=16/nulls=false/fixed_literal=false/literal_null=false/index=first,candidate,83,655284.0,84520368.0,Linear
binary_expressions/elt_arguments/elt_arguments/scalar/16384/width=16/nulls=false/fixed_literal=false/literal_null=false/index=first,candidate,84,663085.0,88102955.0,Linear
binary_expressions/elt_arguments/elt_arguments/scalar/16384/width=16/nulls=false/fixed_literal=false/literal_null=false/index=first,candidate,85,670886.0,86018096.0,Linear
binary_expressions/elt_arguments/elt_arguments/scalar/16384/width=16/nulls=false/fixed_literal=false/literal_null=false/index=first,candidate,86,678687.0,90030529.0,Linear
binary_expressions/elt_arguments/elt_arguments/scalar/16384/width=16/nulls=false/fixed_literal=false/literal_null=false/index=first,candidate,87,686488.0,89032536.0,Linear
binary_expressions/elt_arguments/elt_arguments/scalar/16384/width=16/nulls=false/fixed_literal=false/literal_null=false/index=first,candidate,88,694289.0,90134636.0,Linear
binary_expressions/elt_arguments/elt_arguments/scalar/16384/width=16/nulls=false/fixed_literal=false/literal_null=false/index=first,candidate,89,702090.0,91377424.0,Linear
binary_expressions/elt_arguments/elt_arguments/scalar/16384/width=16/nulls=false/fixed_literal=false/literal_null=false/index=first,candidate,90,709891.0,91504164.0,Linear
binary_expressions/elt_arguments/elt_arguments/scalar/16384/width=16/nulls=false/fixed_literal=false/literal_null=false/index=first,candidate,91,717692.0,92580420.0,Linear
binary_expressions/elt_arguments/elt_arguments/scalar/16384/width=16/nulls=false/fixed_literal=false/literal_null=false/index=first,candidate,92,725493.0,93484243.0,Linear
binary_expressions/elt_arguments/elt_arguments/scalar/16384/width=16/nulls=false/fixed_literal=false/literal_null=false/index=first,candidate,93,733294.0,95462015.0,Linear
binary_expressions/elt_arguments/elt_arguments/scalar/16384/width=16/nulls=false/fixed_literal=false/literal_null=false/index=first,candidate,94,741095.0,95421459.0,Linear
binary_expressions/elt_arguments/elt_arguments/scalar/16384/width=16/nulls=false/fixed_literal=false/literal_null=false/index=first,candidate,95,748896.0,96702587.0,Linear
binary_expressions/elt_arguments/elt_arguments/scalar/16384/width=16/nulls=false/fixed_literal=false/literal_null=false/index=first,candidate,96,756697.0,97357739.0,Linear
binary_expressions/elt_arguments/elt_arguments/scalar/16384/width=16/nulls=false/fixed_literal=false/literal_null=false/index=first,candidate,97,764498.0,100022303.0,Linear
binary_expressions/elt_arguments/elt_arguments/scalar/16384/width=16/nulls=false/fixed_literal=false/literal_null=false/index=first,candidate,98,772299.0,99932226.0,Linear
binary_expressions/elt_arguments/elt_arguments/scalar/16384/width=16/nulls=false/fixed_literal=false/literal_null=false/index=first,candidate,99,780100.0,105415812.0,Linear
binary_expressions/elt_arguments/elt_arguments/scalar/16384/width=256/nulls=false/fixed_literal=false/literal_null=false/index=first,original,0,6.0,1109767.0,Linear
binary_expressions/elt_arguments/elt_arguments/scalar/16384/width=256/nulls=false/fixed_literal=false/literal_null=false/index=first,original,1,12.0,2293737.0,Linear
binary_expressions/elt_arguments/elt_arguments/scalar/16384/width=256/nulls=false/fixed_literal=false/literal_null=false/index=first,original,2,18.0,3415256.0,Linear
binary_expressions/elt_arguments/elt_arguments/scalar/16384/width=256/nulls=false/fixed_literal=false/literal_null=false/index=first,original,3,24.0,4716604.0,Linear
binary_expressions/elt_arguments/elt_arguments/scalar/16384/width=256/nulls=false/fixed_literal=false/literal_null=false/index=first,original,4,30.0,5637329.0,Linear
binary_expressions/elt_arguments/elt_arguments/scalar/16384/width=256/nulls=false/fixed_literal=false/literal_null=false/index=first,original,5,36.0,6602905.0,Linear
binary_expressions/elt_arguments/elt_arguments/scalar/16384/width=256/nulls=false/fixed_literal=false/literal_null=false/index=first,original,6,42.0,8252677.0,Linear
binary_expressions/elt_arguments/elt_arguments/scalar/16384/width=256/nulls=false/fixed_literal=false/literal_null=false/index=first,original,7,48.0,8854217.0,Linear
binary_expressions/elt_arguments/elt_arguments/scalar/16384/width=256/nulls=false/fixed_literal=false/literal_null=false/index=first,original,8,54.0,10222381.0,Linear
binary_expressions/elt_arguments/elt_arguments/scalar/16384/width=256/nulls=false/fixed_literal=false/literal_null=false/index=first,original,9,60.0,11553825.0,Linear
binary_expressions/elt_arguments/elt_arguments/scalar/16384/width=256/nulls=false/fixed_literal=false/literal_null=false/index=first,original,10,66.0,12163647.0,Linear
binary_expressions/elt_arguments/elt_arguments/scalar/16384/width=256/nulls=false/fixed_literal=false/literal_null=false/index=first,original,11,72.0,13363385.0,Linear
binary_expressions/elt_arguments/elt_arguments/scalar/16384/width=256/nulls=false/fixed_literal=false/literal_null=false/index=first,original,12,78.0,14489536.0,Linear
binary_expressions/elt_arguments/elt_arguments/scalar/16384/width=256/nulls=false/fixed_literal=false/literal_null=false/index=first,original,13,84.0,15502756.0,Linear
binary_expressions/elt_arguments/elt_arguments/scalar/16384/width=256/nulls=false/fixed_literal=false/literal_null=false/index=first,original,14,90.0,17240439.0,Linear
binary_expressions/elt_arguments/elt_arguments/scalar/16384/width=256/nulls=false/fixed_literal=false/literal_null=false/index=first,original,15,96.0,17709103.0,Linear
binary_expressions/elt_arguments/elt_arguments/scalar/16384/width=256/nulls=false/fixed_literal=false/literal_null=false/index=first,original,16,102.0,19163832.0,Linear
binary_expressions/elt_arguments/elt_arguments/scalar/16384/width=256/nulls=false/fixed_literal=false/literal_null=false/index=first,original,17,108.0,19941570.0,Linear
binary_expressions/elt_arguments/elt_arguments/scalar/16384/width=256/nulls=false/fixed_literal=false/literal_null=false/index=first,original,18,114.0,21175447.0,Linear
binary_expressions/elt_arguments/elt_arguments/scalar/16384/width=256/nulls=false/fixed_literal=false/literal_null=false/index=first,original,19,120.0,22849766.0,Linear
binary_expressions/elt_arguments/elt_arguments/scalar/16384/width=256/nulls=false/fixed_literal=false/literal_null=false/index=first,original,20,126.0,23544424.0,Linear
binary_expressions/elt_arguments/elt_arguments/scalar/16384/width=256/nulls=false/fixed_literal=false/literal_null=false/index=first,original,21,132.0,25433454.0,Linear
binary_expressions/elt_arguments/elt_arguments/scalar/16384/width=256/nulls=false/fixed_literal=false/literal_null=false/index=first,original,22,138.0,25769239.0,Linear
binary_expressions/elt_arguments/elt_arguments/scalar/16384/width=256/nulls=false/fixed_literal=false/literal_null=false/index=first,original,23,144.0,27273472.0,Linear
binary_expressions/elt_arguments/elt_arguments/scalar/16384/width=256/nulls=false/fixed_literal=false/literal_null=false/index=first,original,24,150.0,28393386.0,Linear
binary_expressions/elt_arguments/elt_arguments/scalar/16384/width=256/nulls=false/fixed_literal=false/literal_null=false/index=first,original,25,156.0,29199697.0,Linear
binary_expressions/elt_arguments/elt_arguments/scalar/16384/width=256/nulls=false/fixed_literal=false/literal_null=false/index=first,original,26,162.0,29874913.0,Linear
binary_expressions/elt_arguments/elt_arguments/scalar/16384/width=256/nulls=false/fixed_literal=false/literal_null=false/index=first,original,27,168.0,30938223.0,Linear
binary_expressions/elt_arguments/elt_arguments/scalar/16384/width=256/nulls=false/fixed_literal=false/literal_null=false/index=first,original,28,174.0,33066828.0,Linear
binary_expressions/elt_arguments/elt_arguments/scalar/16384/width=256/nulls=false/fixed_literal=false/literal_null=false/index=first,original,29,180.0,33405634.0,Linear
binary_expressions/elt_arguments/elt_arguments/scalar/16384/width=256/nulls=false/fixed_literal=false/literal_null=false/index=first,original,30,186.0,34263551.0,Linear
binary_expressions/elt_arguments/elt_arguments/scalar/16384/width=256/nulls=false/fixed_literal=false/literal_null=false/index=first,original,31,192.0,35996613.0,Linear
binary_expressions/elt_arguments/elt_arguments/scalar/16384/width=256/nulls=false/fixed_literal=false/literal_null=false/index=first,original,32,198.0,36512639.0,Linear
binary_expressions/elt_arguments/elt_arguments/scalar/16384/width=256/nulls=false/fixed_literal=false/literal_null=false/index=first,original,33,204.0,39335061.0,Linear
binary_expressions/elt_arguments/elt_arguments/scalar/16384/width=256/nulls=false/fixed_literal=false/literal_null=false/index=first,original,34,210.0,38780574.0,Linear
binary_expressions/elt_arguments/elt_arguments/scalar/16384/width=256/nulls=false/fixed_literal=false/literal_null=false/index=first,original,35,216.0,40236472.0,Linear
binary_expressions/elt_arguments/elt_arguments/scalar/16384/width=256/nulls=false/fixed_literal=false/literal_null=false/index=first,original,36,222.0,42069626.0,Linear
binary_expressions/elt_arguments/elt_arguments/scalar/16384/width=256/nulls=false/fixed_literal=false/literal_null=false/index=first,original,37,228.0,43101047.0,Linear
binary_expressions/elt_arguments/elt_arguments/scalar/16384/width=256/nulls=false/fixed_literal=false/literal_null=false/index=first,original,38,234.0,43335834.0,Linear
binary_expressions/elt_arguments/elt_arguments/scalar/16384/width=256/nulls=false/fixed_literal=false/literal_null=false/index=first,original,39,240.0,45981666.0,Linear
binary_expressions/elt_arguments/elt_arguments/scalar/16384/width=256/nulls=false/fixed_literal=false/literal_null=false/index=first,original,40,246.0,46788592.0,Linear
binary_expressions/elt_arguments/elt_arguments/scalar/16384/width=256/nulls=false/fixed_literal=false/literal_null=false/index=first,original,41,252.0,46749806.0,Linear
binary_expressions/elt_arguments/elt_arguments/scalar/16384/width=256/nulls=false/fixed_literal=false/literal_null=false/index=first,original,42,258.0,48754438.0,Linear
binary_expressions/elt_arguments/elt_arguments/scalar/16384/width=256/nulls=false/fixed_literal=false/literal_null=false/index=first,original,43,264.0,51530319.0,Linear
binary_expressions/elt_arguments/elt_arguments/scalar/16384/width=256/nulls=false/fixed_literal=false/literal_null=false/index=first,original,44,270.0,53373289.0,Linear
binary_expressions/elt_arguments/elt_arguments/scalar/16384/width=256/nulls=false/fixed_literal=false/literal_null=false/index=first,original,45,276.0,54428875.0,Linear
binary_expressions/elt_arguments/elt_arguments/scalar/16384/width=256/nulls=false/fixed_literal=false/literal_null=false/index=first,original,46,282.0,56237057.0,Linear
binary_expressions/elt_arguments/elt_arguments/scalar/16384/width=256/nulls=false/fixed_literal=false/literal_null=false/index=first,original,47,288.0,56630517.0,Linear
binary_expressions/elt_arguments/elt_arguments/scalar/16384/width=256/nulls=false/fixed_literal=false/literal_null=false/index=first,original,48,294.0,57856517.0,Linear
binary_expressions/elt_arguments/elt_arguments/scalar/16384/width=256/nulls=false/fixed_literal=false/literal_null=false/index=first,original,49,300.0,59689117.0,Linear
binary_expressions/elt_arguments/elt_arguments/scalar/16384/width=256/nulls=false/fixed_literal=false/literal_null=false/index=first,original,50,306.0,60735018.0,Linear
binary_expressions/elt_arguments/elt_arguments/scalar/16384/width=256/nulls=false/fixed_literal=false/literal_null=false/index=first,original,51,312.0,62153400.0,Linear
binary_expressions/elt_arguments/elt_arguments/scalar/16384/width=256/nulls=false/fixed_literal=false/literal_null=false/index=first,original,52,318.0,62900688.0,Linear
binary_expressions/elt_arguments/elt_arguments/scalar/16384/width=256/nulls=false/fixed_literal=false/literal_null=false/index=first,original,53,324.0,63512982.0,Linear
binary_expressions/elt_arguments/elt_arguments/scalar/16384/width=256/nulls=false/fixed_literal=false/literal_null=false/index=first,original,54,330.0,65934890.0,Linear
binary_expressions/elt_arguments/elt_arguments/scalar/16384/width=256/nulls=false/fixed_literal=false/literal_null=false/index=first,original,55,336.0,65938648.0,Linear
binary_expressions/elt_arguments/elt_arguments/scalar/16384/width=256/nulls=false/fixed_literal=false/literal_null=false/index=first,original,56,342.0,67067411.0,Linear
binary_expressions/elt_arguments/elt_arguments/scalar/16384/width=256/nulls=false/fixed_literal=false/literal_null=false/index=first,original,57,348.0,67550946.0,Linear
binary_expressions/elt_arguments/elt_arguments/scalar/16384/width=256/nulls=false/fixed_literal=false/literal_null=false/index=first,original,58,354.0,69595820.0,Linear
binary_expressions/elt_arguments/elt_arguments/scalar/16384/width=256/nulls=false/fixed_literal=false/literal_null=false/index=first,original,59,360.0,70819190.0,Linear
binary_expressions/elt_arguments/elt_arguments/scalar/16384/width=256/nulls=false/fixed_literal=false/literal_null=false/index=first,original,60,366.0,72083524.0,Linear
binary_expressions/elt_arguments/elt_arguments/scalar/16384/width=256/nulls=false/fixed_literal=false/literal_null=false/index=first,original,61,372.0,72753851.0,Linear
binary_expressions/elt_arguments/elt_arguments/scalar/16384/width=256/nulls=false/fixed_literal=false/literal_null=false/index=first,original,62,378.0,74970546.0,Linear
binary_expressions/elt_arguments/elt_arguments/scalar/16384/width=256/nulls=false/fixed_literal=false/literal_null=false/index=first,original,63,384.0,76053322.0,Linear
binary_expressions/elt_arguments/elt_arguments/scalar/16384/width=256/nulls=false/fixed_literal=false/literal_null=false/index=first,original,64,390.0,76170241.0,Linear
binary_expressions/elt_arguments/elt_arguments/scalar/16384/width=256/nulls=false/fixed_literal=false/literal_null=false/index=first,original,65,396.0,78714866.0,Linear
binary_expressions/elt_arguments/elt_arguments/scalar/16384/width=256/nulls=false/fixed_literal=false/literal_null=false/index=first,original,66,402.0,80718992.0,Linear
binary_expressions/elt_arguments/elt_arguments/scalar/16384/width=256/nulls=false/fixed_literal=false/literal_null=false/index=first,original,67,408.0,80490531.0,Linear
binary_expressions/elt_arguments/elt_arguments/scalar/16384/width=256/nulls=false/fixed_literal=false/literal_null=false/index=first,original,68,414.0,83079820.0,Linear
binary_expressions/elt_arguments/elt_arguments/scalar/16384/width=256/nulls=false/fixed_literal=false/literal_null=false/index=first,original,69,420.0,82412364.0,Linear
binary_expressions/elt_arguments/elt_arguments/scalar/16384/width=256/nulls=false/fixed_literal=false/literal_null=false/index=first,original,70,426.0,82518124.0,Linear
binary_expressions/elt_arguments/elt_arguments/scalar/16384/width=256/nulls=false/fixed_literal=false/literal_null=false/index=first,original,71,432.0,85499999.0,Linear
binary_expressions/elt_arguments/elt_arguments/scalar/16384/width=256/nulls=false/fixed_literal=false/literal_null=false/index=first,original,72,438.0,86949030.0,Linear
binary_expressions/elt_arguments/elt_arguments/scalar/16384/width=256/nulls=false/fixed_literal=false/literal_null=false/index=first,original,73,444.0,86923051.0,Linear
binary_expressions/elt_arguments/elt_arguments/scalar/16384/width=256/nulls=false/fixed_literal=false/literal_null=false/index=first,original,74,450.0,88341924.0,Linear
binary_expressions/elt_arguments/elt_arguments/scalar/16384/width=256/nulls=false/fixed_literal=false/literal_null=false/index=first,original,75,456.0,89335873.0,Linear
binary_expressions/elt_arguments/elt_arguments/scalar/16384/width=256/nulls=false/fixed_literal=false/literal_null=false/index=first,original,76,462.0,91401475.0,Linear
binary_expressions/elt_arguments/elt_arguments/scalar/16384/width=256/nulls=false/fixed_literal=false/literal_null=false/index=first,original,77,468.0,93314805.0,Linear
binary_expressions/elt_arguments/elt_arguments/scalar/16384/width=256/nulls=false/fixed_literal=false/literal_null=false/index=first,original,78,474.0,94264579.0,Linear
binary_expressions/elt_arguments/elt_arguments/scalar/16384/width=256/nulls=false/fixed_literal=false/literal_null=false/index=first,original,79,480.0,94350452.0,Linear
binary_expressions/elt_arguments/elt_arguments/scalar/16384/width=256/nulls=false/fixed_literal=false/literal_null=false/index=first,original,80,486.0,96464824.0,Linear
binary_expressions/elt_arguments/elt_arguments/scalar/16384/width=256/nulls=false/fixed_literal=false/literal_null=false/index=first,original,81,492.0,96305480.0,Linear
binary_expressions/elt_arguments/elt_arguments/scalar/16384/width=256/nulls=false/fixed_literal=false/literal_null=false/index=first,original,82,498.0,96360475.0,Linear
binary_expressions/elt_arguments/elt_arguments/scalar/16384/width=256/nulls=false/fixed_literal=false/literal_null=false/index=first,original,83,504.0,99698673.0,Linear
binary_expressions/elt_arguments/elt_arguments/scalar/16384/width=256/nulls=false/fixed_literal=false/literal_null=false/index=first,original,84,510.0,100707651.0,Linear
binary_expressions/elt_arguments/elt_arguments/scalar/16384/width=256/nulls=false/fixed_literal=false/literal_null=false/index=first,original,85,516.0,102155982.0,Linear
binary_expressions/elt_arguments/elt_arguments/scalar/16384/width=256/nulls=false/fixed_literal=false/literal_null=false/index=first,original,86,522.0,102210240.0,Linear
binary_expressions/elt_arguments/elt_arguments/scalar/16384/width=256/nulls=false/fixed_literal=false/literal_null=false/index=first,original,87,528.0,104024478.0,Linear
binary_expressions/elt_arguments/elt_arguments/scalar/16384/width=256/nulls=false/fixed_literal=false/literal_null=false/index=first,original,88,534.0,104286816.0,Linear
binary_expressions/elt_arguments/elt_arguments/scalar/16384/width=256/nulls=false/fixed_literal=false/literal_null=false/index=first,original,89,540.0,101336297.0,Linear
binary_expressions/elt_arguments/elt_arguments/scalar/16384/width=256/nulls=false/fixed_literal=false/literal_null=false/index=first,original,90,546.0,102844934.0,Linear
binary_expressions/elt_arguments/elt_arguments/scalar/16384/width=256/nulls=false/fixed_literal=false/literal_null=false/index=first,original,91,552.0,107677568.0,Linear
binary_expressions/elt_arguments/elt_arguments/scalar/16384/width=256/nulls=false/fixed_literal=false/literal_null=false/index=first,original,92,558.0,110104984.0,Linear
binary_expressions/elt_arguments/elt_arguments/scalar/16384/width=256/nulls=false/fixed_literal=false/literal_null=false/index=first,original,93,564.0,111778916.0,Linear
binary_expressions/elt_arguments/elt_arguments/scalar/16384/width=256/nulls=false/fixed_literal=false/literal_null=false/index=first,original,94,570.0,113490315.0,Linear
binary_expressions/elt_arguments/elt_arguments/scalar/16384/width=256/nulls=false/fixed_literal=false/literal_null=false/index=first,original,95,576.0,114051365.0,Linear
binary_expressions/elt_arguments/elt_arguments/scalar/16384/width=256/nulls=false/fixed_literal=false/literal_null=false/index=first,original,96,582.0,115820668.0,Linear
binary_expressions/elt_arguments/elt_arguments/scalar/16384/width=256/nulls=false/fixed_literal=false/literal_null=false/index=first,original,97,588.0,114145054.0,Linear
binary_expressions/elt_arguments/elt_arguments/scalar/16384/width=256/nulls=false/fixed_literal=false/literal_null=false/index=first,original,98,594.0,118184580.0,Linear
binary_expressions/elt_arguments/elt_arguments/scalar/16384/width=256/nulls=false/fixed_literal=false/literal_null=false/index=first,original,99,600.0,117542810.0,Linear
binary_expressions/elt_arguments/elt_arguments/scalar/16384/width=256/nulls=false/fixed_literal=false/literal_null=false/index=first,candidate,0,7653.0,1001104.0,Linear
binary_expressions/elt_arguments/elt_arguments/scalar/16384/width=256/nulls=false/fixed_literal=false/literal_null=false/index=first,candidate,1,15306.0,2005476.0,Linear
binary_expressions/elt_arguments/elt_arguments/scalar/16384/width=256/nulls=false/fixed_literal=false/literal_null=false/index=first,candidate,2,22959.0,3015646.0,Linear
binary_expressions/elt_arguments/elt_arguments/scalar/16384/width=256/nulls=false/fixed_literal=false/literal_null=false/index=first,candidate,3,30612.0,4029864.0,Linear
binary_expressions/elt_arguments/elt_arguments/scalar/16384/width=256/nulls=false/fixed_literal=false/literal_null=false/index=first,candidate,4,38265.0,5016419.0,Linear
binary_expressions/elt_arguments/elt_arguments/scalar/16384/width=256/nulls=false/fixed_literal=false/literal_null=false/index=first,candidate,5,45918.0,6056474.0,Linear
binary_expressions/elt_arguments/elt_arguments/scalar/16384/width=256/nulls=false/fixed_literal=false/literal_null=false/index=first,candidate,6,53571.0,7081138.0,Linear
binary_expressions/elt_arguments/elt_arguments/scalar/16384/width=256/nulls=false/fixed_literal=false/literal_null=false/index=first,candidate,7,61224.0,8244465.0,Linear
binary_expressions/elt_arguments/elt_arguments/scalar/16384/width=256/nulls=false/fixed_literal=false/literal_null=false/index=first,candidate,8,68877.0,9230515.0,Linear
binary_expressions/elt_arguments/elt_arguments/scalar/16384/width=256/nulls=false/fixed_literal=false/literal_null=false/index=first,candidate,9,76530.0,10207912.0,Linear
binary_expressions/elt_arguments/elt_arguments/scalar/16384/width=256/nulls=false/fixed_literal=false/literal_null=false/index=first,candidate,10,84183.0,11324163.0,Linear
binary_expressions/elt_arguments/elt_arguments/scalar/16384/width=256/nulls=false/fixed_literal=false/literal_null=false/index=first,candidate,11,91836.0,12147411.0,Linear
binary_expressions/elt_arguments/elt_arguments/scalar/16384/width=256/nulls=false/fixed_literal=false/literal_null=false/index=first,candidate,12,99489.0,13223670.0,Linear
binary_expressions/elt_arguments/elt_arguments/scalar/16384/width=256/nulls=false/fixed_literal=false/literal_null=false/index=first,candidate,13,107142.0,14826043.0,Linear
binary_expressions/elt_arguments/elt_arguments/scalar/16384/width=256/nulls=false/fixed_literal=false/literal_null=false/index=first,candidate,14,114795.0,15328344.0,Linear
binary_expressions/elt_arguments/elt_arguments/scalar/16384/width=256/nulls=false/fixed_literal=false/literal_null=false/index=first,candidate,15,122448.0,16418271.0,Linear
binary_expressions/elt_arguments/elt_arguments/scalar/16384/width=256/nulls=false/fixed_literal=false/literal_null=false/index=first,candidate,16,130101.0,17114064.0,Linear
binary_expressions/elt_arguments/elt_arguments/scalar/16384/width=256/nulls=false/fixed_literal=false/literal_null=false/index=first,candidate,17,137754.0,18835900.0,Linear
binary_expressions/elt_arguments/elt_arguments/scalar/16384/width=256/nulls=false/fixed_literal=false/literal_null=false/index=first,candidate,18,145407.0,19141458.0,Linear
binary_expressions/elt_arguments/elt_arguments/scalar/16384/width=256/nulls=false/fixed_literal=false/literal_null=false/index=first,candidate,19,153060.0,20432018.0,Linear
binary_expressions/elt_arguments/elt_arguments/scalar/16384/width=256/nulls=false/fixed_literal=false/literal_null=false/index=first,candidate,20,160713.0,21837630.0,Linear
binary_expressions/elt_arguments/elt_arguments/scalar/16384/width=256/nulls=false/fixed_literal=false/literal_null=false/index=first,candidate,21,168366.0,22208374.0,Linear
binary_expressions/elt_arguments/elt_arguments/scalar/16384/width=256/nulls=false/fixed_literal=false/literal_null=false/index=first,candidate,22,176019.0,23720695.0,Linear
binary_expressions/elt_arguments/elt_arguments/scalar/16384/width=256/nulls=false/fixed_literal=false/literal_null=false/index=first,candidate,23,183672.0,24622013.0,Linear
binary_expressions/elt_arguments/elt_arguments/scalar/16384/width=256/nulls=false/fixed_literal=false/literal_null=false/index=first,candidate,24,191325.0,25504768.0,Linear
binary_expressions/elt_arguments/elt_arguments/scalar/16384/width=256/nulls=false/fixed_literal=false/literal_null=false/index=first,candidate,25,198978.0,27112976.0,Linear
binary_expressions/elt_arguments/elt_arguments/scalar/16384/width=256/nulls=false/fixed_literal=false/literal_null=false/index=first,candidate,26,206631.0,27754747.0,Linear
binary_expressions/elt_arguments/elt_arguments/scalar/16384/width=256/nulls=false/fixed_literal=false/literal_null=false/index=first,candidate,27,214284.0,28695423.0,Linear
binary_expressions/elt_arguments/elt_arguments/scalar/16384/width=256/nulls=false/fixed_literal=false/literal_null=false/index=first,candidate,28,221937.0,29968214.0,Linear
binary_expressions/elt_arguments/elt_arguments/scalar/16384/width=256/nulls=false/fixed_literal=false/literal_null=false/index=first,candidate,29,229590.0,30901266.0,Linear
binary_expressions/elt_arguments/elt_arguments/scalar/16384/width=256/nulls=false/fixed_literal=false/literal_null=false/index=first,candidate,30,237243.0,31762822.0,Linear
binary_expressions/elt_arguments/elt_arguments/scalar/16384/width=256/nulls=false/fixed_literal=false/literal_null=false/index=first,candidate,31,244896.0,33053863.0,Linear
binary_expressions/elt_arguments/elt_arguments/scalar/16384/width=256/nulls=false/fixed_literal=false/literal_null=false/index=first,candidate,32,252549.0,34061043.0,Linear
binary_expressions/elt_arguments/elt_arguments/scalar/16384/width=256/nulls=false/fixed_literal=false/literal_null=false/index=first,candidate,33,260202.0,34397022.0,Linear
binary_expressions/elt_arguments/elt_arguments/scalar/16384/width=256/nulls=false/fixed_literal=false/literal_null=false/index=first,candidate,34,267855.0,35550268.0,Linear
binary_expressions/elt_arguments/elt_arguments/scalar/16384/width=256/nulls=false/fixed_literal=false/literal_null=false/index=first,candidate,35,275508.0,37036811.0,Linear
binary_expressions/elt_arguments/elt_arguments/scalar/16384/width=256/nulls=false/fixed_literal=false/literal_null=false/index=first,candidate,36,283161.0,37606969.0,Linear
binary_expressions/elt_arguments/elt_arguments/scalar/16384/width=256/nulls=false/fixed_literal=false/literal_null=false/index=first,candidate,37,290814.0,38927051.0,Linear
binary_expressions/elt_arguments/elt_arguments/scalar/16384/width=256/nulls=false/fixed_literal=false/literal_null=false/index=first,candidate,38,298467.0,39958261.0,Linear
binary_expressions/elt_arguments/elt_arguments/scalar/16384/width=256/nulls=false/fixed_literal=false/literal_null=false/index=first,candidate,39,306120.0,41369274.0,Linear
binary_expressions/elt_arguments/elt_arguments/scalar/16384/width=256/nulls=false/fixed_literal=false/literal_null=false/index=first,candidate,40,313773.0,42736594.0,Linear
binary_expressions/elt_arguments/elt_arguments/scalar/16384/width=256/nulls=false/fixed_literal=false/literal_null=false/index=first,candidate,41,321426.0,42791306.0,Linear
binary_expressions/elt_arguments/elt_arguments/scalar/16384/width=256/nulls=false/fixed_literal=false/literal_null=false/index=first,candidate,42,329079.0,44214432.0,Linear
binary_expressions/elt_arguments/elt_arguments/scalar/16384/width=256/nulls=false/fixed_literal=false/literal_null=false/index=first,candidate,43,336732.0,44622056.0,Linear
binary_expressions/elt_arguments/elt_arguments/scalar/16384/width=256/nulls=false/fixed_literal=false/literal_null=false/index=first,candidate,44,344385.0,46532733.0,Linear
binary_expressions/elt_arguments/elt_arguments/scalar/16384/width=256/nulls=false/fixed_literal=false/literal_null=false/index=first,candidate,45,352038.0,47202590.0,Linear
binary_expressions/elt_arguments/elt_arguments/scalar/16384/width=256/nulls=false/fixed_literal=false/literal_null=false/index=first,candidate,46,359691.0,48251391.0,Linear
binary_expressions/elt_arguments/elt_arguments/scalar/16384/width=256/nulls=false/fixed_literal=false/literal_null=false/index=first,candidate,47,367344.0,49440074.0,Linear
binary_expressions/elt_arguments/elt_arguments/scalar/16384/width=256/nulls=false/fixed_literal=false/literal_null=false/index=first,candidate,48,374997.0,50126319.0,Linear
binary_expressions/elt_arguments/elt_arguments/scalar/16384/width=256/nulls=false/fixed_literal=false/literal_null=false/index=first,candidate,49,382650.0,52582045.0,Linear
binary_expressions/elt_arguments/elt_arguments/scalar/16384/width=256/nulls=false/fixed_literal=false/literal_null=false/index=first,candidate,50,390303.0,53175219.0,Linear
binary_expressions/elt_arguments/elt_arguments/scalar/16384/width=256/nulls=false/fixed_literal=false/literal_null=false/index=first,candidate,51,397956.0,53045331.0,Linear
binary_expressions/elt_arguments/elt_arguments/scalar/16384/width=256/nulls=false/fixed_literal=false/literal_null=false/index=first,candidate,52,405609.0,54008980.0,Linear
binary_expressions/elt_arguments/elt_arguments/scalar/16384/width=256/nulls=false/fixed_literal=false/literal_null=false/index=first,candidate,53,413262.0,55054359.0,Linear
binary_expressions/elt_arguments/elt_arguments/scalar/16384/width=256/nulls=false/fixed_literal=false/literal_null=false/index=first,candidate,54,420915.0,56484778.0,Linear
binary_expressions/elt_arguments/elt_arguments/scalar/16384/width=256/nulls=false/fixed_literal=false/literal_null=false/index=first,candidate,55,428568.0,57415265.0,Linear
binary_expressions/elt_arguments/elt_arguments/scalar/16384/width=256/nulls=false/fixed_literal=false/literal_null=false/index=first,candidate,56,436221.0,57618559.0,Linear
binary_expressions/elt_arguments/elt_arguments/scalar/16384/width=256/nulls=false/fixed_literal=false/literal_null=false/index=first,candidate,57,443874.0,59148567.0,Linear
binary_expressions/elt_arguments/elt_arguments/scalar/16384/width=256/nulls=false/fixed_literal=false/literal_null=false/index=first,candidate,58,451527.0,60563823.0,Linear
binary_expressions/elt_arguments/elt_arguments/scalar/16384/width=256/nulls=false/fixed_literal=false/literal_null=false/index=first,candidate,59,459180.0,61532347.0,Linear
binary_expressions/elt_arguments/elt_arguments/scalar/16384/width=256/nulls=false/fixed_literal=false/literal_null=false/index=first,candidate,60,466833.0,62559195.0,Linear
binary_expressions/elt_arguments/elt_arguments/scalar/16384/width=256/nulls=false/fixed_literal=false/literal_null=false/index=first,candidate,61,474486.0,63209334.0,Linear
binary_expressions/elt_arguments/elt_arguments/scalar/16384/width=256/nulls=false/fixed_literal=false/literal_null=false/index=first,candidate,62,482139.0,64857742.0,Linear
binary_expressions/elt_arguments/elt_arguments/scalar/16384/width=256/nulls=false/fixed_literal=false/literal_null=false/index=first,candidate,63,489792.0,66335178.0,Linear
binary_expressions/elt_arguments/elt_arguments/scalar/16384/width=256/nulls=false/fixed_literal=false/literal_null=false/index=first,candidate,64,497445.0,66208016.0,Linear
binary_expressions/elt_arguments/elt_arguments/scalar/16384/width=256/nulls=false/fixed_literal=false/literal_null=false/index=first,candidate,65,505098.0,67169976.0,Linear
binary_expressions/elt_arguments/elt_arguments/scalar/16384/width=256/nulls=false/fixed_literal=false/literal_null=false/index=first,candidate,66,512751.0,68459964.0,Linear
binary_expressions/elt_arguments/elt_arguments/scalar/16384/width=256/nulls=false/fixed_literal=false/literal_null=false/index=first,candidate,67,520404.0,69240319.0,Linear
binary_expressions/elt_arguments/elt_arguments/scalar/16384/width=256/nulls=false/fixed_literal=false/literal_null=false/index=first,candidate,68,528057.0,70692414.0,Linear
binary_expressions/elt_arguments/elt_arguments/scalar/16384/width=256/nulls=false/fixed_literal=false/literal_null=false/index=first,candidate,69,535710.0,71032743.0,Linear
binary_expressions/elt_arguments/elt_arguments/scalar/16384/width=256/nulls=false/fixed_literal=false/literal_null=false/index=first,candidate,70,543363.0,73018841.0,Linear
binary_expressions/elt_arguments/elt_arguments/scalar/16384/width=256/nulls=false/fixed_literal=false/literal_null=false/index=first,candidate,71,551016.0,73565618.0,Linear
binary_expressions/elt_arguments/elt_arguments/scalar/16384/width=256/nulls=false/fixed_literal=false/literal_null=false/index=first,candidate,72,558669.0,75363754.0,Linear
binary_expressions/elt_arguments/elt_arguments/scalar/16384/width=256/nulls=false/fixed_literal=false/literal_null=false/index=first,candidate,73,566322.0,75358742.0,Linear
binary_expressions/elt_arguments/elt_arguments/scalar/16384/width=256/nulls=false/fixed_literal=false/literal_null=false/index=first,candidate,74,573975.0,76573992.0,Linear
binary_expressions/elt_arguments/elt_arguments/scalar/16384/width=256/nulls=false/fixed_literal=false/literal_null=false/index=first,candidate,75,581628.0,78217708.0,Linear
binary_expressions/elt_arguments/elt_arguments/scalar/16384/width=256/nulls=false/fixed_literal=false/literal_null=false/index=first,candidate,76,589281.0,79289614.0,Linear
binary_expressions/elt_arguments/elt_arguments/scalar/16384/width=256/nulls=false/fixed_literal=false/literal_null=false/index=first,candidate,77,596934.0,79561876.0,Linear
binary_expressions/elt_arguments/elt_arguments/scalar/16384/width=256/nulls=false/fixed_literal=false/literal_null=false/index=first,candidate,78,604587.0,80109194.0,Linear
binary_expressions/elt_arguments/elt_arguments/scalar/16384/width=256/nulls=false/fixed_literal=false/literal_null=false/index=first,candidate,79,612240.0,82066940.0,Linear
binary_expressions/elt_arguments/elt_arguments/scalar/16384/width=256/nulls=false/fixed_literal=false/literal_null=false/index=first,candidate,80,619893.0,82607207.0,Linear
binary_expressions/elt_arguments/elt_arguments/scalar/16384/width=256/nulls=false/fixed_literal=false/literal_null=false/index=first,candidate,81,627546.0,83761530.0,Linear
binary_expressions/elt_arguments/elt_arguments/scalar/16384/width=256/nulls=false/fixed_literal=false/literal_null=false/index=first,candidate,82,635199.0,84417561.0,Linear
binary_expressions/elt_arguments/elt_arguments/scalar/16384/width=256/nulls=false/fixed_literal=false/literal_null=false/index=first,candidate,83,642852.0,85492840.0,Linear
binary_expressions/elt_arguments/elt_arguments/scalar/16384/width=256/nulls=false/fixed_literal=false/literal_null=false/index=first,candidate,84,650505.0,86433150.0,Linear
binary_expressions/elt_arguments/elt_arguments/scalar/16384/width=256/nulls=false/fixed_literal=false/literal_null=false/index=first,candidate,85,658158.0,88562954.0,Linear
binary_expressions/elt_arguments/elt_arguments/scalar/16384/width=256/nulls=false/fixed_literal=false/literal_null=false/index=first,candidate,86,665811.0,88997728.0,Linear
binary_expressions/elt_arguments/elt_arguments/scalar/16384/width=256/nulls=false/fixed_literal=false/literal_null=false/index=first,candidate,87,673464.0,92483155.0,Linear
binary_expressions/elt_arguments/elt_arguments/scalar/16384/width=256/nulls=false/fixed_literal=false/literal_null=false/index=first,candidate,88,681117.0,92427433.0,Linear
binary_expressions/elt_arguments/elt_arguments/scalar/16384/width=256/nulls=false/fixed_literal=false/literal_null=false/index=first,candidate,89,688770.0,92289538.0,Linear
binary_expressions/elt_arguments/elt_arguments/scalar/16384/width=256/nulls=false/fixed_literal=false/literal_null=false/index=first,candidate,90,696423.0,93169321.0,Linear
binary_expressions/elt_arguments/elt_arguments/scalar/16384/width=256/nulls=false/fixed_literal=false/literal_null=false/index=first,candidate,91,704076.0,94276904.0,Linear
binary_expressions/elt_arguments/elt_arguments/scalar/16384/width=256/nulls=false/fixed_literal=false/literal_null=false/index=first,candidate,92,711729.0,95184336.0,Linear
binary_expressions/elt_arguments/elt_arguments/scalar/16384/width=256/nulls=false/fixed_literal=false/literal_null=false/index=first,candidate,93,719382.0,96028274.0,Linear
binary_expressions/elt_arguments/elt_arguments/scalar/16384/width=256/nulls=false/fixed_literal=false/literal_null=false/index=first,candidate,94,727035.0,97680236.0,Linear
binary_expressions/elt_arguments/elt_arguments/scalar/16384/width=256/nulls=false/fixed_literal=false/literal_null=false/index=first,candidate,95,734688.0,99061442.0,Linear
binary_expressions/elt_arguments/elt_arguments/scalar/16384/width=256/nulls=false/fixed_literal=false/literal_null=false/index=first,candidate,96,742341.0,98716392.0,Linear
binary_expressions/elt_arguments/elt_arguments/scalar/16384/width=256/nulls=false/fixed_literal=false/literal_null=false/index=first,candidate,97,749994.0,100188857.0,Linear
binary_expressions/elt_arguments/elt_arguments/scalar/16384/width=256/nulls=false/fixed_literal=false/literal_null=false/index=first,candidate,98,757647.0,101104798.0,Linear
binary_expressions/elt_arguments/elt_arguments/scalar/16384/width=256/nulls=false/fixed_literal=false/literal_null=false/index=first,candidate,99,765300.0,103263993.0,Linear
binary_expressions/elt_arguments/elt_arguments/scalar/16384/width=256/nulls=false/fixed_literal=false/literal_null=false/index=dynamic,original,0,6.0,952531.0,Linear
binary_expressions/elt_arguments/elt_arguments/scalar/16384/width=256/nulls=false/fixed_literal=false/literal_null=false/index=dynamic,original,1,12.0,2078703.0,Linear
binary_expressions/elt_arguments/elt_arguments/scalar/16384/width=256/nulls=false/fixed_literal=false/literal_null=false/index=dynamic,original,2,18.0,2922819.0,Linear
binary_expressions/elt_arguments/elt_arguments/scalar/16384/width=256/nulls=false/fixed_literal=false/literal_null=false/index=dynamic,original,3,24.0,3837599.0,Linear
binary_expressions/elt_arguments/elt_arguments/scalar/16384/width=256/nulls=false/fixed_literal=false/literal_null=false/index=dynamic,original,4,30.0,5013600.0,Linear
binary_expressions/elt_arguments/elt_arguments/scalar/16384/width=256/nulls=false/fixed_literal=false/literal_null=false/index=dynamic,original,5,36.0,5808082.0,Linear
binary_expressions/elt_arguments/elt_arguments/scalar/16384/width=256/nulls=false/fixed_literal=false/literal_null=false/index=dynamic,original,6,42.0,7070545.0,Linear
binary_expressions/elt_arguments/elt_arguments/scalar/16384/width=256/nulls=false/fixed_literal=false/literal_null=false/index=dynamic,original,7,48.0,7784361.0,Linear
binary_expressions/elt_arguments/elt_arguments/scalar/16384/width=256/nulls=false/fixed_literal=false/literal_null=false/index=dynamic,original,8,54.0,8686188.0,Linear
binary_expressions/elt_arguments/elt_arguments/scalar/16384/width=256/nulls=false/fixed_literal=false/literal_null=false/index=dynamic,original,9,60.0,9668943.0,Linear
binary_expressions/elt_arguments/elt_arguments/scalar/16384/width=256/nulls=false/fixed_literal=false/literal_null=false/index=dynamic,original,10,66.0,10702636.0,Linear
binary_expressions/elt_arguments/elt_arguments/scalar/16384/width=256/nulls=false/fixed_literal=false/literal_null=false/index=dynamic,original,11,72.0,11598416.0,Linear
binary_expressions/elt_arguments/elt_arguments/scalar/16384/width=256/nulls=false/fixed_literal=false/literal_null=false/index=dynamic,original,12,78.0,12571212.0,Linear
binary_expressions/elt_arguments/elt_arguments/scalar/16384/width=256/nulls=false/fixed_literal=false/literal_null=false/index=dynamic,original,13,84.0,13484988.0,Linear
binary_expressions/elt_arguments/elt_arguments/scalar/16384/width=256/nulls=false/fixed_literal=false/literal_null=false/index=dynamic,original,14,90.0,14524516.0,Linear
binary_expressions/elt_arguments/elt_arguments/scalar/16384/width=256/nulls=false/fixed_literal=false/literal_null=false/index=dynamic,original,15,96.0,16772053.0,Linear
binary_expressions/elt_arguments/elt_arguments/scalar/16384/width=256/nulls=false/fixed_literal=false/literal_null=false/index=dynamic,original,16,102.0,16527569.0,Linear
binary_expressions/elt_arguments/elt_arguments/scalar/16384/width=256/nulls=false/fixed_literal=false/literal_null=false/index=dynamic,original,17,108.0,17622606.0,Linear
binary_expressions/elt_arguments/elt_arguments/scalar/16384/width=256/nulls=false/fixed_literal=false/literal_null=false/index=dynamic,original,18,114.0,18327828.0,Linear
binary_expressions/elt_arguments/elt_arguments/scalar/16384/width=256/nulls=false/fixed_literal=false/literal_null=false/index=dynamic,original,19,120.0,19691042.0,Linear
binary_expressions/elt_arguments/elt_arguments/scalar/16384/width=256/nulls=false/fixed_literal=false/literal_null=false/index=dynamic,original,20,126.0,20378264.0,Linear
binary_expressions/elt_arguments/elt_arguments/scalar/16384/width=256/nulls=false/fixed_literal=false/literal_null=false/index=dynamic,original,21,132.0,21361637.0,Linear
binary_expressions/elt_arguments/elt_arguments/scalar/16384/width=256/nulls=false/fixed_literal=false/literal_null=false/index=dynamic,original,22,138.0,22313697.0,Linear
binary_expressions/elt_arguments/elt_arguments/scalar/16384/width=256/nulls=false/fixed_literal=false/literal_null=false/index=dynamic,original,23,144.0,23493154.0,Linear
binary_expressions/elt_arguments/elt_arguments/scalar/16384/width=256/nulls=false/fixed_literal=false/literal_null=false/index=dynamic,original,24,150.0,24309172.0,Linear
binary_expressions/elt_arguments/elt_arguments/scalar/16384/width=256/nulls=false/fixed_literal=false/literal_null=false/index=dynamic,original,25,156.0,26320539.0,Linear
binary_expressions/elt_arguments/elt_arguments/scalar/16384/width=256/nulls=false/fixed_literal=false/literal_null=false/index=dynamic,original,26,162.0,27029574.0,Linear
binary_expressions/elt_arguments/elt_arguments/scalar/16384/width=256/nulls=false/fixed_literal=false/literal_null=false/index=dynamic,original,27,168.0,27567515.0,Linear
binary_expressions/elt_arguments/elt_arguments/scalar/16384/width=256/nulls=false/fixed_literal=false/literal_null=false/index=dynamic,original,28,174.0,28383526.0,Linear
binary_expressions/elt_arguments/elt_arguments/scalar/16384/width=256/nulls=false/fixed_literal=false/literal_null=false/index=dynamic,original,29,180.0,29792624.0,Linear
binary_expressions/elt_arguments/elt_arguments/scalar/16384/width=256/nulls=false/fixed_literal=false/literal_null=false/index=dynamic,original,30,186.0,30568831.0,Linear
binary_expressions/elt_arguments/elt_arguments/scalar/16384/width=256/nulls=false/fixed_literal=false/literal_null=false/index=dynamic,original,31,192.0,31206297.0,Linear
binary_expressions/elt_arguments/elt_arguments/scalar/16384/width=256/nulls=false/fixed_literal=false/literal_null=false/index=dynamic,original,32,198.0,33525347.0,Linear
binary_expressions/elt_arguments/elt_arguments/scalar/16384/width=256/nulls=false/fixed_literal=false/literal_null=false/index=dynamic,original,33,204.0,33631012.0,Linear
binary_expressions/elt_arguments/elt_arguments/scalar/16384/width=256/nulls=false/fixed_literal=false/literal_null=false/index=dynamic,original,34,210.0,34168871.0,Linear
binary_expressions/elt_arguments/elt_arguments/scalar/16384/width=256/nulls=false/fixed_literal=false/literal_null=false/index=dynamic,original,35,216.0,35267817.0,Linear
binary_expressions/elt_arguments/elt_arguments/scalar/16384/width=256/nulls=false/fixed_literal=false/literal_null=false/index=dynamic,original,36,222.0,35704352.0,Linear
binary_expressions/elt_arguments/elt_arguments/scalar/16384/width=256/nulls=false/fixed_literal=false/literal_null=false/index=dynamic,original,37,228.0,37870468.0,Linear
binary_expressions/elt_arguments/elt_arguments/scalar/16384/width=256/nulls=false/fixed_literal=false/literal_null=false/index=dynamic,original,38,234.0,39693299.0,Linear
binary_expressions/elt_arguments/elt_arguments/scalar/16384/width=256/nulls=false/fixed_literal=false/literal_null=false/index=dynamic,original,39,240.0,39409445.0,Linear
binary_expressions/elt_arguments/elt_arguments/scalar/16384/width=256/nulls=false/fixed_literal=false/literal_null=false/index=dynamic,original,40,246.0,40536803.0,Linear
binary_expressions/elt_arguments/elt_arguments/scalar/16384/width=256/nulls=false/fixed_literal=false/literal_null=false/index=dynamic,original,41,252.0,41015245.0,Linear
binary_expressions/elt_arguments/elt_arguments/scalar/16384/width=256/nulls=false/fixed_literal=false/literal_null=false/index=dynamic,original,42,258.0,41907865.0,Linear
binary_expressions/elt_arguments/elt_arguments/scalar/16384/width=256/nulls=false/fixed_literal=false/literal_null=false/index=dynamic,original,43,264.0,43618474.0,Linear
binary_expressions/elt_arguments/elt_arguments/scalar/16384/width=256/nulls=false/fixed_literal=false/literal_null=false/index=dynamic,original,44,270.0,44954031.0,Linear
binary_expressions/elt_arguments/elt_arguments/scalar/16384/width=256/nulls=false/fixed_literal=false/literal_null=false/index=dynamic,original,45,276.0,45847093.0,Linear
binary_expressions/elt_arguments/elt_arguments/scalar/16384/width=256/nulls=false/fixed_literal=false/literal_null=false/index=dynamic,original,46,282.0,45296852.0,Linear
binary_expressions/elt_arguments/elt_arguments/scalar/16384/width=256/nulls=false/fixed_literal=false/literal_null=false/index=dynamic,original,47,288.0,47939048.0,Linear
binary_expressions/elt_arguments/elt_arguments/scalar/16384/width=256/nulls=false/fixed_literal=false/literal_null=false/index=dynamic,original,48,294.0,47424396.0,Linear
binary_expressions/elt_arguments/elt_arguments/scalar/16384/width=256/nulls=false/fixed_literal=false/literal_null=false/index=dynamic,original,49,300.0,49719874.0,Linear
binary_expressions/elt_arguments/elt_arguments/scalar/16384/width=256/nulls=false/fixed_literal=false/literal_null=false/index=dynamic,original,50,306.0,49325900.0,Linear
binary_expressions/elt_arguments/elt_arguments/scalar/16384/width=256/nulls=false/fixed_literal=false/literal_null=false/index=dynamic,original,51,312.0,50769322.0,Linear
binary_expressions/elt_arguments/elt_arguments/scalar/16384/width=256/nulls=false/fixed_literal=false/literal_null=false/index=dynamic,original,52,318.0,52094515.0,Linear
binary_expressions/elt_arguments/elt_arguments/scalar/16384/width=256/nulls=false/fixed_literal=false/literal_null=false/index=dynamic,original,53,324.0,52614578.0,Linear
binary_expressions/elt_arguments/elt_arguments/scalar/16384/width=256/nulls=false/fixed_literal=false/literal_null=false/index=dynamic,original,54,330.0,53199296.0,Linear
binary_expressions/elt_arguments/elt_arguments/scalar/16384/width=256/nulls=false/fixed_literal=false/literal_null=false/index=dynamic,original,55,336.0,55999492.0,Linear
binary_expressions/elt_arguments/elt_arguments/scalar/16384/width=256/nulls=false/fixed_literal=false/literal_null=false/index=dynamic,original,56,342.0,56049274.0,Linear
binary_expressions/elt_arguments/elt_arguments/scalar/16384/width=256/nulls=false/fixed_literal=false/literal_null=false/index=dynamic,original,57,348.0,55885401.0,Linear
binary_expressions/elt_arguments/elt_arguments/scalar/16384/width=256/nulls=false/fixed_literal=false/literal_null=false/index=dynamic,original,58,354.0,57540507.0,Linear
binary_expressions/elt_arguments/elt_arguments/scalar/16384/width=256/nulls=false/fixed_literal=false/literal_null=false/index=dynamic,original,59,360.0,58032278.0,Linear
binary_expressions/elt_arguments/elt_arguments/scalar/16384/width=256/nulls=false/fixed_literal=false/literal_null=false/index=dynamic,original,60,366.0,60580571.0,Linear
binary_expressions/elt_arguments/elt_arguments/scalar/16384/width=256/nulls=false/fixed_literal=false/literal_null=false/index=dynamic,original,61,372.0,60197580.0,Linear
binary_expressions/elt_arguments/elt_arguments/scalar/16384/width=256/nulls=false/fixed_literal=false/literal_null=false/index=dynamic,original,62,378.0,63281910.0,Linear
binary_expressions/elt_arguments/elt_arguments/scalar/16384/width=256/nulls=false/fixed_literal=false/literal_null=false/index=dynamic,original,63,384.0,62325922.0,Linear
binary_expressions/elt_arguments/elt_arguments/scalar/16384/width=256/nulls=false/fixed_literal=false/literal_null=false/index=dynamic,original,64,390.0,63838311.0,Linear
binary_expressions/elt_arguments/elt_arguments/scalar/16384/width=256/nulls=false/fixed_literal=false/literal_null=false/index=dynamic,original,65,396.0,66348943.0,Linear
binary_expressions/elt_arguments/elt_arguments/scalar/16384/width=256/nulls=false/fixed_literal=false/literal_null=false/index=dynamic,original,66,402.0,66791550.0,Linear
binary_expressions/elt_arguments/elt_arguments/scalar/16384/width=256/nulls=false/fixed_literal=false/literal_null=false/index=dynamic,original,67,408.0,65722096.0,Linear
binary_expressions/elt_arguments/elt_arguments/scalar/16384/width=256/nulls=false/fixed_literal=false/literal_null=false/index=dynamic,original,68,414.0,68725901.0,Linear
binary_expressions/elt_arguments/elt_arguments/scalar/16384/width=256/nulls=false/fixed_literal=false/literal_null=false/index=dynamic,original,69,420.0,70844435.0,Linear
binary_expressions/elt_arguments/elt_arguments/scalar/16384/width=256/nulls=false/fixed_literal=false/literal_null=false/index=dynamic,original,70,426.0,68944743.0,Linear
binary_expressions/elt_arguments/elt_arguments/scalar/16384/width=256/nulls=false/fixed_literal=false/literal_null=false/index=dynamic,original,71,432.0,71550039.0,Linear
binary_expressions/elt_arguments/elt_arguments/scalar/16384/width=256/nulls=false/fixed_literal=false/literal_null=false/index=dynamic,original,72,438.0,71530249.0,Linear
binary_expressions/elt_arguments/elt_arguments/scalar/16384/width=256/nulls=false/fixed_literal=false/literal_null=false/index=dynamic,original,73,444.0,72024931.0,Linear
binary_expressions/elt_arguments/elt_arguments/scalar/16384/width=256/nulls=false/fixed_literal=false/literal_null=false/index=dynamic,original,74,450.0,73137392.0,Linear
binary_expressions/elt_arguments/elt_arguments/scalar/16384/width=256/nulls=false/fixed_literal=false/literal_null=false/index=dynamic,original,75,456.0,75641580.0,Linear
binary_expressions/elt_arguments/elt_arguments/scalar/16384/width=256/nulls=false/fixed_literal=false/literal_null=false/index=dynamic,original,76,462.0,75021729.0,Linear
binary_expressions/elt_arguments/elt_arguments/scalar/16384/width=256/nulls=false/fixed_literal=false/literal_null=false/index=dynamic,original,77,468.0,75384041.0,Linear
binary_expressions/elt_arguments/elt_arguments/scalar/16384/width=256/nulls=false/fixed_literal=false/literal_null=false/index=dynamic,original,78,474.0,77909212.0,Linear
binary_expressions/elt_arguments/elt_arguments/scalar/16384/width=256/nulls=false/fixed_literal=false/literal_null=false/index=dynamic,original,79,480.0,78508465.0,Linear
binary_expressions/elt_arguments/elt_arguments/scalar/16384/width=256/nulls=false/fixed_literal=false/literal_null=false/index=dynamic,original,80,486.0,79733527.0,Linear
binary_expressions/elt_arguments/elt_arguments/scalar/16384/width=256/nulls=false/fixed_literal=false/literal_null=false/index=dynamic,original,81,492.0,80165358.0,Linear
binary_expressions/elt_arguments/elt_arguments/scalar/16384/width=256/nulls=false/fixed_literal=false/literal_null=false/index=dynamic,original,82,498.0,83001587.0,Linear
binary_expressions/elt_arguments/elt_arguments/scalar/16384/width=256/nulls=false/fixed_literal=false/literal_null=false/index=dynamic,original,83,504.0,81646798.0,Linear
binary_expressions/elt_arguments/elt_arguments/scalar/16384/width=256/nulls=false/fixed_literal=false/literal_null=false/index=dynamic,original,84,510.0,83722260.0,Linear
binary_expressions/elt_arguments/elt_arguments/scalar/16384/width=256/nulls=false/fixed_literal=false/literal_null=false/index=dynamic,original,85,516.0,83768156.0,Linear
binary_expressions/elt_arguments/elt_arguments/scalar/16384/width=256/nulls=false/fixed_literal=false/literal_null=false/index=dynamic,original,86,522.0,84825544.0,Linear
binary_expressions/elt_arguments/elt_arguments/scalar/16384/width=256/nulls=false/fixed_literal=false/literal_null=false/index=dynamic,original,87,528.0,85809133.0,Linear
binary_expressions/elt_arguments/elt_arguments/scalar/16384/width=256/nulls=false/fixed_literal=false/literal_null=false/index=dynamic,original,88,534.0,86358024.0,Linear
binary_expressions/elt_arguments/elt_arguments/scalar/16384/width=256/nulls=false/fixed_literal=false/literal_null=false/index=dynamic,original,89,540.0,90036770.0,Linear
binary_expressions/elt_arguments/elt_arguments/scalar/16384/width=256/nulls=false/fixed_literal=false/literal_null=false/index=dynamic,original,90,546.0,92533385.0,Linear
binary_expressions/elt_arguments/elt_arguments/scalar/16384/width=256/nulls=false/fixed_literal=false/literal_null=false/index=dynamic,original,91,552.0,98597660.0,Linear
binary_expressions/elt_arguments/elt_arguments/scalar/16384/width=256/nulls=false/fixed_literal=false/literal_null=false/index=dynamic,original,92,558.0,101081717.0,Linear
binary_expressions/elt_arguments/elt_arguments/scalar/16384/width=256/nulls=false/fixed_literal=false/literal_null=false/index=dynamic,original,93,564.0,101486426.0,Linear
binary_expressions/elt_arguments/elt_arguments/scalar/16384/width=256/nulls=false/fixed_literal=false/literal_null=false/index=dynamic,original,94,570.0,100603029.0,Linear
binary_expressions/elt_arguments/elt_arguments/scalar/16384/width=256/nulls=false/fixed_literal=false/literal_null=false/index=dynamic,original,95,576.0,102952929.0,Linear
binary_expressions/elt_arguments/elt_arguments/scalar/16384/width=256/nulls=false/fixed_literal=false/literal_null=false/index=dynamic,original,96,582.0,104250208.0,Linear
binary_expressions/elt_arguments/elt_arguments/scalar/16384/width=256/nulls=false/fixed_literal=false/literal_null=false/index=dynamic,original,97,588.0,106832971.0,Linear
binary_expressions/elt_arguments/elt_arguments/scalar/16384/width=256/nulls=false/fixed_literal=false/literal_null=false/index=dynamic,original,98,594.0,105276281.0,Linear
binary_expressions/elt_arguments/elt_arguments/scalar/16384/width=256/nulls=false/fixed_literal=false/literal_null=false/index=dynamic,original,99,600.0,106565117.0,Linear
binary_expressions/elt_arguments/elt_arguments/scalar/16384/width=256/nulls=false/fixed_literal=false/literal_null=false/index=dynamic,candidate,0,6.0,1055305.0,Linear
binary_expressions/elt_arguments/elt_arguments/scalar/16384/width=256/nulls=false/fixed_literal=false/literal_null=false/index=dynamic,candidate,1,12.0,1973657.0,Linear
binary_expressions/elt_arguments/elt_arguments/scalar/16384/width=256/nulls=false/fixed_literal=false/literal_null=false/index=dynamic,candidate,2,18.0,2999639.0,Linear
binary_expressions/elt_arguments/elt_arguments/scalar/16384/width=256/nulls=false/fixed_literal=false/literal_null=false/index=dynamic,candidate,3,24.0,3976199.0,Linear
binary_expressions/elt_arguments/elt_arguments/scalar/16384/width=256/nulls=false/fixed_literal=false/literal_null=false/index=dynamic,candidate,4,30.0,4891818.0,Linear
binary_expressions/elt_arguments/elt_arguments/scalar/16384/width=256/nulls=false/fixed_literal=false/literal_null=false/index=dynamic,candidate,5,36.0,5970378.0,Linear
binary_expressions/elt_arguments/elt_arguments/scalar/16384/width=256/nulls=false/fixed_literal=false/literal_null=false/index=dynamic,candidate,6,42.0,6875710.0,Linear
binary_expressions/elt_arguments/elt_arguments/scalar/16384/width=256/nulls=false/fixed_literal=false/literal_null=false/index=dynamic,candidate,7,48.0,8374552.0,Linear
binary_expressions/elt_arguments/elt_arguments/scalar/16384/width=256/nulls=false/fixed_literal=false/literal_null=false/index=dynamic,candidate,8,54.0,9231427.0,Linear
binary_expressions/elt_arguments/elt_arguments/scalar/16384/width=256/nulls=false/fixed_literal=false/literal_null=false/index=dynamic,candidate,9,60.0,9889339.0,Linear
binary_expressions/elt_arguments/elt_arguments/scalar/16384/width=256/nulls=false/fixed_literal=false/literal_null=false/index=dynamic,candidate,10,66.0,11278066.0,Linear
binary_expressions/elt_arguments/elt_arguments/scalar/16384/width=256/nulls=false/fixed_literal=false/literal_null=false/index=dynamic,candidate,11,72.0,13288436.0,Linear
binary_expressions/elt_arguments/elt_arguments/scalar/16384/width=256/nulls=false/fixed_literal=false/literal_null=false/index=dynamic,candidate,12,78.0,12987248.0,Linear
binary_expressions/elt_arguments/elt_arguments/scalar/16384/width=256/nulls=false/fixed_literal=false/literal_null=false/index=dynamic,candidate,13,84.0,14601898.0,Linear
binary_expressions/elt_arguments/elt_arguments/scalar/16384/width=256/nulls=false/fixed_literal=false/literal_null=false/index=dynamic,candidate,14,90.0,14849989.0,Linear
binary_expressions/elt_arguments/elt_arguments/scalar/16384/width=256/nulls=false/fixed_literal=false/literal_null=false/index=dynamic,candidate,15,96.0,15929222.0,Linear
binary_expressions/elt_arguments/elt_arguments/scalar/16384/width=256/nulls=false/fixed_literal=false/literal_null=false/index=dynamic,candidate,16,102.0,17865119.0,Linear
binary_expressions/elt_arguments/elt_arguments/scalar/16384/width=256/nulls=false/fixed_literal=false/literal_null=false/index=dynamic,candidate,17,108.0,20026479.0,Linear
binary_expressions/elt_arguments/elt_arguments/scalar/16384/width=256/nulls=false/fixed_literal=false/literal_null=false/index=dynamic,candidate,18,114.0,19917149.0,Linear
binary_expressions/elt_arguments/elt_arguments/scalar/16384/width=256/nulls=false/fixed_literal=false/literal_null=false/index=dynamic,candidate,19,120.0,21258102.0,Linear
binary_expressions/elt_arguments/elt_arguments/scalar/16384/width=256/nulls=false/fixed_literal=false/literal_null=false/index=dynamic,candidate,20,126.0,23497125.0,Linear
binary_expressions/elt_arguments/elt_arguments/scalar/16384/width=256/nulls=false/fixed_literal=false/literal_null=false/index=dynamic,candidate,21,132.0,23677914.0,Linear
binary_expressions/elt_arguments/elt_arguments/scalar/16384/width=256/nulls=false/fixed_literal=false/literal_null=false/index=dynamic,candidate,22,138.0,24971580.0,Linear
binary_expressions/elt_arguments/elt_arguments/scalar/16384/width=256/nulls=false/fixed_literal=false/literal_null=false/index=dynamic,candidate,23,144.0,24799140.0,Linear
binary_expressions/elt_arguments/elt_arguments/scalar/16384/width=256/nulls=false/fixed_literal=false/literal_null=false/index=dynamic,candidate,24,150.0,24952517.0,Linear
binary_expressions/elt_arguments/elt_arguments/scalar/16384/width=256/nulls=false/fixed_literal=false/literal_null=false/index=dynamic,candidate,25,156.0,25552543.0,Linear
binary_expressions/elt_arguments/elt_arguments/scalar/16384/width=256/nulls=false/fixed_literal=false/literal_null=false/index=dynamic,candidate,26,162.0,28107292.0,Linear
binary_expressions/elt_arguments/elt_arguments/scalar/16384/width=256/nulls=false/fixed_literal=false/literal_null=false/index=dynamic,candidate,27,168.0,28965496.0,Linear
binary_expressions/elt_arguments/elt_arguments/scalar/16384/width=256/nulls=false/fixed_literal=false/literal_null=false/index=dynamic,candidate,28,174.0,31222854.0,Linear
binary_expressions/elt_arguments/elt_arguments/scalar/16384/width=256/nulls=false/fixed_literal=false/literal_null=false/index=dynamic,candidate,29,180.0,32973586.0,Linear
binary_expressions/elt_arguments/elt_arguments/scalar/16384/width=256/nulls=false/fixed_literal=false/literal_null=false/index=dynamic,candidate,30,186.0,32606881.0,Linear
binary_expressions/elt_arguments/elt_arguments/scalar/16384/width=256/nulls=false/fixed_literal=false/literal_null=false/index=dynamic,candidate,31,192.0,33492712.0,Linear
binary_expressions/elt_arguments/elt_arguments/scalar/16384/width=256/nulls=false/fixed_literal=false/literal_null=false/index=dynamic,candidate,32,198.0,33835588.0,Linear
binary_expressions/elt_arguments/elt_arguments/scalar/16384/width=256/nulls=false/fixed_literal=false/literal_null=false/index=dynamic,candidate,33,204.0,34596761.0,Linear
binary_expressions/elt_arguments/elt_arguments/scalar/16384/width=256/nulls=false/fixed_literal=false/literal_null=false/index=dynamic,candidate,34,210.0,37362544.0,Linear
binary_expressions/elt_arguments/elt_arguments/scalar/16384/width=256/nulls=false/fixed_literal=false/literal_null=false/index=dynamic,candidate,35,216.0,36578673.0,Linear
binary_expressions/elt_arguments/elt_arguments/scalar/16384/width=256/nulls=false/fixed_literal=false/literal_null=false/index=dynamic,candidate,36,222.0,38335976.0,Linear
binary_expressions/elt_arguments/elt_arguments/scalar/16384/width=256/nulls=false/fixed_literal=false/literal_null=false/index=dynamic,candidate,37,228.0,38167548.0,Linear
binary_expressions/elt_arguments/elt_arguments/scalar/16384/width=256/nulls=false/fixed_literal=false/literal_null=false/index=dynamic,candidate,38,234.0,39729767.0,Linear
binary_expressions/elt_arguments/elt_arguments/scalar/16384/width=256/nulls=false/fixed_literal=false/literal_null=false/index=dynamic,candidate,39,240.0,41113636.0,Linear
binary_expressions/elt_arguments/elt_arguments/scalar/16384/width=256/nulls=false/fixed_literal=false/literal_null=false/index=dynamic,candidate,40,246.0,42104266.0,Linear
binary_expressions/elt_arguments/elt_arguments/scalar/16384/width=256/nulls=false/fixed_literal=false/literal_null=false/index=dynamic,candidate,41,252.0,43519990.0,Linear
binary_expressions/elt_arguments/elt_arguments/scalar/16384/width=256/nulls=false/fixed_literal=false/literal_null=false/index=dynamic,candidate,42,258.0,45994014.0,Linear
binary_expressions/elt_arguments/elt_arguments/scalar/16384/width=256/nulls=false/fixed_literal=false/literal_null=false/index=dynamic,candidate,43,264.0,47388771.0,Linear
binary_expressions/elt_arguments/elt_arguments/scalar/16384/width=256/nulls=false/fixed_literal=false/literal_null=false/index=dynamic,candidate,44,270.0,45902825.0,Linear
binary_expressions/elt_arguments/elt_arguments/scalar/16384/width=256/nulls=false/fixed_literal=false/literal_null=false/index=dynamic,candidate,45,276.0,47070921.0,Linear
binary_expressions/elt_arguments/elt_arguments/scalar/16384/width=256/nulls=false/fixed_literal=false/literal_null=false/index=dynamic,candidate,46,282.0,47231467.0,Linear
binary_expressions/elt_arguments/elt_arguments/scalar/16384/width=256/nulls=false/fixed_literal=false/literal_null=false/index=dynamic,candidate,47,288.0,50444488.0,Linear
binary_expressions/elt_arguments/elt_arguments/scalar/16384/width=256/nulls=false/fixed_literal=false/literal_null=false/index=dynamic,candidate,48,294.0,50054400.0,Linear
binary_expressions/elt_arguments/elt_arguments/scalar/16384/width=256/nulls=false/fixed_literal=false/literal_null=false/index=dynamic,candidate,49,300.0,51058358.0,Linear
binary_expressions/elt_arguments/elt_arguments/scalar/16384/width=256/nulls=false/fixed_literal=false/literal_null=false/index=dynamic,candidate,50,306.0,53549968.0,Linear
binary_expressions/elt_arguments/elt_arguments/scalar/16384/width=256/nulls=false/fixed_literal=false/literal_null=false/index=dynamic,candidate,51,312.0,53879638.0,Linear
binary_expressions/elt_arguments/elt_arguments/scalar/16384/width=256/nulls=false/fixed_literal=false/literal_null=false/index=dynamic,candidate,52,318.0,53089187.0,Linear
binary_expressions/elt_arguments/elt_arguments/scalar/16384/width=256/nulls=false/fixed_literal=false/literal_null=false/index=dynamic,candidate,53,324.0,55231037.0,Linear
binary_expressions/elt_arguments/elt_arguments/scalar/16384/width=256/nulls=false/fixed_literal=false/literal_null=false/index=dynamic,candidate,54,330.0,56762941.0,Linear
binary_expressions/elt_arguments/elt_arguments/scalar/16384/width=256/nulls=false/fixed_literal=false/literal_null=false/index=dynamic,candidate,55,336.0,65170178.0,Linear
binary_expressions/elt_arguments/elt_arguments/scalar/16384/width=256/nulls=false/fixed_literal=false/literal_null=false/index=dynamic,candidate,56,342.0,63121970.0,Linear
binary_expressions/elt_arguments/elt_arguments/scalar/16384/width=256/nulls=false/fixed_literal=false/literal_null=false/index=dynamic,candidate,57,348.0,63969627.0,Linear
binary_expressions/elt_arguments/elt_arguments/scalar/16384/width=256/nulls=false/fixed_literal=false/literal_null=false/index=dynamic,candidate,58,354.0,64093798.0,Linear
binary_expressions/elt_arguments/elt_arguments/scalar/16384/width=256/nulls=false/fixed_literal=false/literal_null=false/index=dynamic,candidate,59,360.0,65315808.0,Linear
binary_expressions/elt_arguments/elt_arguments/scalar/16384/width=256/nulls=false/fixed_literal=false/literal_null=false/index=dynamic,candidate,60,366.0,64318369.0,Linear
binary_expressions/elt_arguments/elt_arguments/scalar/16384/width=256/nulls=false/fixed_literal=false/literal_null=false/index=dynamic,candidate,61,372.0,64235960.0,Linear
binary_expressions/elt_arguments/elt_arguments/scalar/16384/width=256/nulls=false/fixed_literal=false/literal_null=false/index=dynamic,candidate,62,378.0,66652307.0,Linear
binary_expressions/elt_arguments/elt_arguments/scalar/16384/width=256/nulls=false/fixed_literal=false/literal_null=false/index=dynamic,candidate,63,384.0,65944505.0,Linear
binary_expressions/elt_arguments/elt_arguments/scalar/16384/width=256/nulls=false/fixed_literal=false/literal_null=false/index=dynamic,candidate,64,390.0,65116756.0,Linear
binary_expressions/elt_arguments/elt_arguments/scalar/16384/width=256/nulls=false/fixed_literal=false/literal_null=false/index=dynamic,candidate,65,396.0,67198409.0,Linear
binary_expressions/elt_arguments/elt_arguments/scalar/16384/width=256/nulls=false/fixed_literal=false/literal_null=false/index=dynamic,candidate,66,402.0,68970874.0,Linear
binary_expressions/elt_arguments/elt_arguments/scalar/16384/width=256/nulls=false/fixed_literal=false/literal_null=false/index=dynamic,candidate,67,408.0,68893852.0,Linear
binary_expressions/elt_arguments/elt_arguments/scalar/16384/width=256/nulls=false/fixed_literal=false/literal_null=false/index=dynamic,candidate,68,414.0,72256343.0,Linear
binary_expressions/elt_arguments/elt_arguments/scalar/16384/width=256/nulls=false/fixed_literal=false/literal_null=false/index=dynamic,candidate,69,420.0,70782695.0,Linear
binary_expressions/elt_arguments/elt_arguments/scalar/16384/width=256/nulls=false/fixed_literal=false/literal_null=false/index=dynamic,candidate,70,426.0,71238725.0,Linear
binary_expressions/elt_arguments/elt_arguments/scalar/16384/width=256/nulls=false/fixed_literal=false/literal_null=false/index=dynamic,candidate,71,432.0,73916714.0,Linear
binary_expressions/elt_arguments/elt_arguments/scalar/16384/width=256/nulls=false/fixed_literal=false/literal_null=false/index=dynamic,candidate,72,438.0,73738953.0,Linear
binary_expressions/elt_arguments/elt_arguments/scalar/16384/width=256/nulls=false/fixed_literal=false/literal_null=false/index=dynamic,candidate,73,444.0,74633110.0,Linear
binary_expressions/elt_arguments/elt_arguments/scalar/16384/width=256/nulls=false/fixed_literal=false/literal_null=false/index=dynamic,candidate,74,450.0,77064679.0,Linear
binary_expressions/elt_arguments/elt_arguments/scalar/16384/width=256/nulls=false/fixed_literal=false/literal_null=false/index=dynamic,candidate,75,456.0,79800423.0,Linear
binary_expressions/elt_arguments/elt_arguments/scalar/16384/width=256/nulls=false/fixed_literal=false/literal_null=false/index=dynamic,candidate,76,462.0,78269551.0,Linear
binary_expressions/elt_arguments/elt_arguments/scalar/16384/width=256/nulls=false/fixed_literal=false/literal_null=false/index=dynamic,candidate,77,468.0,77666438.0,Linear
binary_expressions/elt_arguments/elt_arguments/scalar/16384/width=256/nulls=false/fixed_literal=false/literal_null=false/index=dynamic,candidate,78,474.0,85641333.0,Linear
binary_expressions/elt_arguments/elt_arguments/scalar/16384/width=256/nulls=false/fixed_literal=false/literal_null=false/index=dynamic,candidate,79,480.0,85531948.0,Linear
binary_expressions/elt_arguments/elt_arguments/scalar/16384/width=256/nulls=false/fixed_literal=false/literal_null=false/index=dynamic,candidate,80,486.0,85248106.0,Linear
binary_expressions/elt_arguments/elt_arguments/scalar/16384/width=256/nulls=false/fixed_literal=false/literal_null=false/index=dynamic,candidate,81,492.0,84376041.0,Linear
binary_expressions/elt_arguments/elt_arguments/scalar/16384/width=256/nulls=false/fixed_literal=false/literal_null=false/index=dynamic,candidate,82,498.0,85905179.0,Linear
binary_expressions/elt_arguments/elt_arguments/scalar/16384/width=256/nulls=false/fixed_literal=false/literal_null=false/index=dynamic,candidate,83,504.0,90574011.0,Linear
binary_expressions/elt_arguments/elt_arguments/scalar/16384/width=256/nulls=false/fixed_literal=false/literal_null=false/index=dynamic,candidate,84,510.0,86570611.0,Linear
binary_expressions/elt_arguments/elt_arguments/scalar/16384/width=256/nulls=false/fixed_literal=false/literal_null=false/index=dynamic,candidate,85,516.0,88654547.0,Linear
binary_expressions/elt_arguments/elt_arguments/scalar/16384/width=256/nulls=false/fixed_literal=false/literal_null=false/index=dynamic,candidate,86,522.0,90155658.0,Linear
binary_expressions/elt_arguments/elt_arguments/scalar/16384/width=256/nulls=false/fixed_literal=false/literal_null=false/index=dynamic,candidate,87,528.0,93116395.0,Linear
binary_expressions/elt_arguments/elt_arguments/scalar/16384/width=256/nulls=false/fixed_literal=false/literal_null=false/index=dynamic,candidate,88,534.0,92563184.0,Linear
binary_expressions/elt_arguments/elt_arguments/scalar/16384/width=256/nulls=false/fixed_literal=false/literal_null=false/index=dynamic,candidate,89,540.0,92821164.0,Linear
binary_expressions/elt_arguments/elt_arguments/scalar/16384/width=256/nulls=false/fixed_literal=false/literal_null=false/index=dynamic,candidate,90,546.0,91617952.0,Linear
binary_expressions/elt_arguments/elt_arguments/scalar/16384/width=256/nulls=false/fixed_literal=false/literal_null=false/index=dynamic,candidate,91,552.0,93894115.0,Linear
binary_expressions/elt_arguments/elt_arguments/scalar/16384/width=256/nulls=false/fixed_literal=false/literal_null=false/index=dynamic,candidate,92,558.0,94667403.0,Linear
binary_expressions/elt_arguments/elt_arguments/scalar/16384/width=256/nulls=false/fixed_literal=false/literal_null=false/index=dynamic,candidate,93,564.0,99623352.0,Linear
binary_expressions/elt_arguments/elt_arguments/scalar/16384/width=256/nulls=false/fixed_literal=false/literal_null=false/index=dynamic,candidate,94,570.0,100384325.0,Linear
binary_expressions/elt_arguments/elt_arguments/scalar/16384/width=256/nulls=false/fixed_literal=false/literal_null=false/index=dynamic,candidate,95,576.0,101418705.0,Linear
binary_expressions/elt_arguments/elt_arguments/scalar/16384/width=256/nulls=false/fixed_literal=false/literal_null=false/index=dynamic,candidate,96,582.0,98039402.0,Linear
binary_expressions/elt_arguments/elt_arguments/scalar/16384/width=256/nulls=false/fixed_literal=false/literal_null=false/index=dynamic,candidate,97,588.0,100754091.0,Linear
binary_expressions/elt_arguments/elt_arguments/scalar/16384/width=256/nulls=false/fixed_literal=false/literal_null=false/index=dynamic,candidate,98,594.0,102989892.0,Linear
binary_expressions/elt_arguments/elt_arguments/scalar/16384/width=256/nulls=false/fixed_literal=false/literal_null=false/index=dynamic,candidate,99,600.0,103401325.0,Linear
binary_expressions/elt_arguments/elt_arguments/scalar/16384/width=16/nulls=true/fixed_literal=false/literal_null=false/index=first,original,0,13.0,1183317.0,Linear
binary_expressions/elt_arguments/elt_arguments/scalar/16384/width=16/nulls=true/fixed_literal=false/literal_null=false/index=first,original,1,26.0,2082040.0,Linear
binary_expressions/elt_arguments/elt_arguments/scalar/16384/width=16/nulls=true/fixed_literal=false/literal_null=false/index=first,original,2,39.0,3229155.0,Linear
binary_expressions/elt_arguments/elt_arguments/scalar/16384/width=16/nulls=true/fixed_literal=false/literal_null=false/index=first,original,3,52.0,4302801.0,Linear
binary_expressions/elt_arguments/elt_arguments/scalar/16384/width=16/nulls=true/fixed_literal=false/literal_null=false/index=first,original,4,65.0,5358473.0,Linear
binary_expressions/elt_arguments/elt_arguments/scalar/16384/width=16/nulls=true/fixed_literal=false/literal_null=false/index=first,original,5,78.0,6416642.0,Linear
binary_expressions/elt_arguments/elt_arguments/scalar/16384/width=16/nulls=true/fixed_literal=false/literal_null=false/index=first,original,6,91.0,8356618.0,Linear
binary_expressions/elt_arguments/elt_arguments/scalar/16384/width=16/nulls=true/fixed_literal=false/literal_null=false/index=first,original,7,104.0,8835711.0,Linear
binary_expressions/elt_arguments/elt_arguments/scalar/16384/width=16/nulls=true/fixed_literal=false/literal_null=false/index=first,original,8,117.0,9340129.0,Linear
binary_expressions/elt_arguments/elt_arguments/scalar/16384/width=16/nulls=true/fixed_literal=false/literal_null=false/index=first,original,9,130.0,10420722.0,Linear
binary_expressions/elt_arguments/elt_arguments/scalar/16384/width=16/nulls=true/fixed_literal=false/literal_null=false/index=first,original,10,143.0,11883742.0,Linear
binary_expressions/elt_arguments/elt_arguments/scalar/16384/width=16/nulls=true/fixed_literal=false/literal_null=false/index=first,original,11,156.0,12561265.0,Linear
binary_expressions/elt_arguments/elt_arguments/scalar/16384/width=16/nulls=true/fixed_literal=false/literal_null=false/index=first,original,12,169.0,14047561.0,Linear
binary_expressions/elt_arguments/elt_arguments/scalar/16384/width=16/nulls=true/fixed_literal=false/literal_null=false/index=first,original,13,182.0,14961486.0,Linear
binary_expressions/elt_arguments/elt_arguments/scalar/16384/width=16/nulls=true/fixed_literal=false/literal_null=false/index=first,original,14,195.0,15638129.0,Linear
binary_expressions/elt_arguments/elt_arguments/scalar/16384/width=16/nulls=true/fixed_literal=false/literal_null=false/index=first,original,15,208.0,17477816.0,Linear
binary_expressions/elt_arguments/elt_arguments/scalar/16384/width=16/nulls=true/fixed_literal=false/literal_null=false/index=first,original,16,221.0,18319187.0,Linear
binary_expressions/elt_arguments/elt_arguments/scalar/16384/width=16/nulls=true/fixed_literal=false/literal_null=false/index=first,original,17,234.0,19627496.0,Linear
binary_expressions/elt_arguments/elt_arguments/scalar/16384/width=16/nulls=true/fixed_literal=false/literal_null=false/index=first,original,18,247.0,21200573.0,Linear
binary_expressions/elt_arguments/elt_arguments/scalar/16384/width=16/nulls=true/fixed_literal=false/literal_null=false/index=first,original,19,260.0,21199910.0,Linear
binary_expressions/elt_arguments/elt_arguments/scalar/16384/width=16/nulls=true/fixed_literal=false/literal_null=false/index=first,original,20,273.0,22511349.0,Linear
binary_expressions/elt_arguments/elt_arguments/scalar/16384/width=16/nulls=true/fixed_literal=false/literal_null=false/index=first,original,21,286.0,23377440.0,Linear
binary_expressions/elt_arguments/elt_arguments/scalar/16384/width=16/nulls=true/fixed_literal=false/literal_null=false/index=first,original,22,299.0,24521527.0,Linear
binary_expressions/elt_arguments/elt_arguments/scalar/16384/width=16/nulls=true/fixed_literal=false/literal_null=false/index=first,original,23,312.0,25454171.0,Linear
binary_expressions/elt_arguments/elt_arguments/scalar/16384/width=16/nulls=true/fixed_literal=false/literal_null=false/index=first,original,24,325.0,27070547.0,Linear
binary_expressions/elt_arguments/elt_arguments/scalar/16384/width=16/nulls=true/fixed_literal=false/literal_null=false/index=first,original,25,338.0,27745517.0,Linear
binary_expressions/elt_arguments/elt_arguments/scalar/16384/width=16/nulls=true/fixed_literal=false/literal_null=false/index=first,original,26,351.0,28085679.0,Linear
binary_expressions/elt_arguments/elt_arguments/scalar/16384/width=16/nulls=true/fixed_literal=false/literal_null=false/index=first,original,27,364.0,29493309.0,Linear
binary_expressions/elt_arguments/elt_arguments/scalar/16384/width=16/nulls=true/fixed_literal=false/literal_null=false/index=first,original,28,377.0,31001729.0,Linear
binary_expressions/elt_arguments/elt_arguments/scalar/16384/width=16/nulls=true/fixed_literal=false/literal_null=false/index=first,original,29,390.0,31552919.0,Linear
binary_expressions/elt_arguments/elt_arguments/scalar/16384/width=16/nulls=true/fixed_literal=false/literal_null=false/index=first,original,30,403.0,32961744.0,Linear
binary_expressions/elt_arguments/elt_arguments/scalar/16384/width=16/nulls=true/fixed_literal=false/literal_null=false/index=first,original,31,416.0,33549397.0,Linear
binary_expressions/elt_arguments/elt_arguments/scalar/16384/width=16/nulls=true/fixed_literal=false/literal_null=false/index=first,original,32,429.0,34653422.0,Linear
binary_expressions/elt_arguments/elt_arguments/scalar/16384/width=16/nulls=true/fixed_literal=false/literal_null=false/index=first,original,33,442.0,36197168.0,Linear
binary_expressions/elt_arguments/elt_arguments/scalar/16384/width=16/nulls=true/fixed_literal=false/literal_null=false/index=first,original,34,455.0,38793412.0,Linear
binary_expressions/elt_arguments/elt_arguments/scalar/16384/width=16/nulls=true/fixed_literal=false/literal_null=false/index=first,original,35,468.0,37951637.0,Linear
binary_expressions/elt_arguments/elt_arguments/scalar/16384/width=16/nulls=true/fixed_literal=false/literal_null=false/index=first,original,36,481.0,39144387.0,Linear
binary_expressions/elt_arguments/elt_arguments/scalar/16384/width=16/nulls=true/fixed_literal=false/literal_null=false/index=first,original,37,494.0,39617470.0,Linear
binary_expressions/elt_arguments/elt_arguments/scalar/16384/width=16/nulls=true/fixed_literal=false/literal_null=false/index=first,original,38,507.0,41074464.0,Linear
binary_expressions/elt_arguments/elt_arguments/scalar/16384/width=16/nulls=true/fixed_literal=false/literal_null=false/index=first,original,39,520.0,42580945.0,Linear
binary_expressions/elt_arguments/elt_arguments/scalar/16384/width=16/nulls=true/fixed_literal=false/literal_null=false/index=first,original,40,533.0,43085600.0,Linear
binary_expressions/elt_arguments/elt_arguments/scalar/16384/width=16/nulls=true/fixed_literal=false/literal_null=false/index=first,original,41,546.0,44453756.0,Linear
binary_expressions/elt_arguments/elt_arguments/scalar/16384/width=16/nulls=true/fixed_literal=false/literal_null=false/index=first,original,42,559.0,44883682.0,Linear
binary_expressions/elt_arguments/elt_arguments/scalar/16384/width=16/nulls=true/fixed_literal=false/literal_null=false/index=first,original,43,572.0,47323598.0,Linear
binary_expressions/elt_arguments/elt_arguments/scalar/16384/width=16/nulls=true/fixed_literal=false/literal_null=false/index=first,original,44,585.0,48047518.0,Linear
binary_expressions/elt_arguments/elt_arguments/scalar/16384/width=16/nulls=true/fixed_literal=false/literal_null=false/index=first,original,45,598.0,48606157.0,Linear
binary_expressions/elt_arguments/elt_arguments/scalar/16384/width=16/nulls=true/fixed_literal=false/literal_null=false/index=first,original,46,611.0,51313071.0,Linear
binary_expressions/elt_arguments/elt_arguments/scalar/16384/width=16/nulls=true/fixed_literal=false/literal_null=false/index=first,original,47,624.0,52325368.0,Linear
binary_expressions/elt_arguments/elt_arguments/scalar/16384/width=16/nulls=true/fixed_literal=false/literal_null=false/index=first,original,48,637.0,52209813.0,Linear
binary_expressions/elt_arguments/elt_arguments/scalar/16384/width=16/nulls=true/fixed_literal=false/literal_null=false/index=first,original,49,650.0,53287294.0,Linear
binary_expressions/elt_arguments/elt_arguments/scalar/16384/width=16/nulls=true/fixed_literal=false/literal_null=false/index=first,original,50,663.0,53760089.0,Linear
binary_expressions/elt_arguments/elt_arguments/scalar/16384/width=16/nulls=true/fixed_literal=false/literal_null=false/index=first,original,51,676.0,55342733.0,Linear
binary_expressions/elt_arguments/elt_arguments/scalar/16384/width=16/nulls=true/fixed_literal=false/literal_null=false/index=first,original,52,689.0,56695836.0,Linear
binary_expressions/elt_arguments/elt_arguments/scalar/16384/width=16/nulls=true/fixed_literal=false/literal_null=false/index=first,original,53,702.0,56412249.0,Linear
binary_expressions/elt_arguments/elt_arguments/scalar/16384/width=16/nulls=true/fixed_literal=false/literal_null=false/index=first,original,54,715.0,59778979.0,Linear
binary_expressions/elt_arguments/elt_arguments/scalar/16384/width=16/nulls=true/fixed_literal=false/literal_null=false/index=first,original,55,728.0,60020571.0,Linear
binary_expressions/elt_arguments/elt_arguments/scalar/16384/width=16/nulls=true/fixed_literal=false/literal_null=false/index=first,original,56,741.0,62079893.0,Linear
binary_expressions/elt_arguments/elt_arguments/scalar/16384/width=16/nulls=true/fixed_literal=false/literal_null=false/index=first,original,57,754.0,62288289.0,Linear
binary_expressions/elt_arguments/elt_arguments/scalar/16384/width=16/nulls=true/fixed_literal=false/literal_null=false/index=first,original,58,767.0,62894711.0,Linear
binary_expressions/elt_arguments/elt_arguments/scalar/16384/width=16/nulls=true/fixed_literal=false/literal_null=false/index=first,original,59,780.0,63537400.0,Linear
binary_expressions/elt_arguments/elt_arguments/scalar/16384/width=16/nulls=true/fixed_literal=false/literal_null=false/index=first,original,60,793.0,64106958.0,Linear
binary_expressions/elt_arguments/elt_arguments/scalar/16384/width=16/nulls=true/fixed_literal=false/literal_null=false/index=first,original,61,806.0,65716690.0,Linear
binary_expressions/elt_arguments/elt_arguments/scalar/16384/width=16/nulls=true/fixed_literal=false/literal_null=false/index=first,original,62,819.0,66708606.0,Linear
binary_expressions/elt_arguments/elt_arguments/scalar/16384/width=16/nulls=true/fixed_literal=false/literal_null=false/index=first,original,63,832.0,67023346.0,Linear
binary_expressions/elt_arguments/elt_arguments/scalar/16384/width=16/nulls=true/fixed_literal=false/literal_null=false/index=first,original,64,845.0,69652404.0,Linear
binary_expressions/elt_arguments/elt_arguments/scalar/16384/width=16/nulls=true/fixed_literal=false/literal_null=false/index=first,original,65,858.0,70684862.0,Linear
binary_expressions/elt_arguments/elt_arguments/scalar/16384/width=16/nulls=true/fixed_literal=false/literal_null=false/index=first,original,66,871.0,72559794.0,Linear
binary_expressions/elt_arguments/elt_arguments/scalar/16384/width=16/nulls=true/fixed_literal=false/literal_null=false/index=first,original,67,884.0,73790000.0,Linear
binary_expressions/elt_arguments/elt_arguments/scalar/16384/width=16/nulls=true/fixed_literal=false/literal_null=false/index=first,original,68,897.0,73622165.0,Linear
binary_expressions/elt_arguments/elt_arguments/scalar/16384/width=16/nulls=true/fixed_literal=false/literal_null=false/index=first,original,69,910.0,75147711.0,Linear
binary_expressions/elt_arguments/elt_arguments/scalar/16384/width=16/nulls=true/fixed_literal=false/literal_null=false/index=first,original,70,923.0,74941257.0,Linear
binary_expressions/elt_arguments/elt_arguments/scalar/16384/width=16/nulls=true/fixed_literal=false/literal_null=false/index=first,original,71,936.0,76661385.0,Linear
binary_expressions/elt_arguments/elt_arguments/scalar/16384/width=16/nulls=true/fixed_literal=false/literal_null=false/index=first,original,72,949.0,80017520.0,Linear
binary_expressions/elt_arguments/elt_arguments/scalar/16384/width=16/nulls=true/fixed_literal=false/literal_null=false/index=first,original,73,962.0,81262600.0,Linear
binary_expressions/elt_arguments/elt_arguments/scalar/16384/width=16/nulls=true/fixed_literal=false/literal_null=false/index=first,original,74,975.0,79688813.0,Linear
binary_expressions/elt_arguments/elt_arguments/scalar/16384/width=16/nulls=true/fixed_literal=false/literal_null=false/index=first,original,75,988.0,82014325.0,Linear
binary_expressions/elt_arguments/elt_arguments/scalar/16384/width=16/nulls=true/fixed_literal=false/literal_null=false/index=first,original,76,1001.0,80694026.0,Linear
binary_expressions/elt_arguments/elt_arguments/scalar/16384/width=16/nulls=true/fixed_literal=false/literal_null=false/index=first,original,77,1014.0,85922164.0,Linear
binary_expressions/elt_arguments/elt_arguments/scalar/16384/width=16/nulls=true/fixed_literal=false/literal_null=false/index=first,original,78,1027.0,83505501.0,Linear
binary_expressions/elt_arguments/elt_arguments/scalar/16384/width=16/nulls=true/fixed_literal=false/literal_null=false/index=first,original,79,1040.0,84051822.0,Linear
binary_expressions/elt_arguments/elt_arguments/scalar/16384/width=16/nulls=true/fixed_literal=false/literal_null=false/index=first,original,80,1053.0,85075840.0,Linear
binary_expressions/elt_arguments/elt_arguments/scalar/16384/width=16/nulls=true/fixed_literal=false/literal_null=false/index=first,original,81,1066.0,86378033.0,Linear
binary_expressions/elt_arguments/elt_arguments/scalar/16384/width=16/nulls=true/fixed_literal=false/literal_null=false/index=first,original,82,1079.0,87746007.0,Linear
binary_expressions/elt_arguments/elt_arguments/scalar/16384/width=16/nulls=true/fixed_literal=false/literal_null=false/index=first,original,83,1092.0,89320960.0,Linear
binary_expressions/elt_arguments/elt_arguments/scalar/16384/width=16/nulls=true/fixed_literal=false/literal_null=false/index=first,original,84,1105.0,90500416.0,Linear
binary_expressions/elt_arguments/elt_arguments/scalar/16384/width=16/nulls=true/fixed_literal=false/literal_null=false/index=first,original,85,1118.0,92449923.0,Linear
binary_expressions/elt_arguments/elt_arguments/scalar/16384/width=16/nulls=true/fixed_literal=false/literal_null=false/index=first,original,86,1131.0,92268721.0,Linear
binary_expressions/elt_arguments/elt_arguments/scalar/16384/width=16/nulls=true/fixed_literal=false/literal_null=false/index=first,original,87,1144.0,93175675.0,Linear
binary_expressions/elt_arguments/elt_arguments/scalar/16384/width=16/nulls=true/fixed_literal=false/literal_null=false/index=first,original,88,1157.0,96725557.0,Linear
binary_expressions/elt_arguments/elt_arguments/scalar/16384/width=16/nulls=true/fixed_literal=false/literal_null=false/index=first,original,89,1170.0,96815696.0,Linear
binary_expressions/elt_arguments/elt_arguments/scalar/16384/width=16/nulls=true/fixed_literal=false/literal_null=false/index=first,original,90,1183.0,97928740.0,Linear
binary_expressions/elt_arguments/elt_arguments/scalar/16384/width=16/nulls=true/fixed_literal=false/literal_null=false/index=first,original,91,1196.0,98041280.0,Linear
binary_expressions/elt_arguments/elt_arguments/scalar/16384/width=16/nulls=true/fixed_literal=false/literal_null=false/index=first,original,92,1209.0,99125659.0,Linear
binary_expressions/elt_arguments/elt_arguments/scalar/16384/width=16/nulls=true/fixed_literal=false/literal_null=false/index=first,original,93,1222.0,99559498.0,Linear
binary_expressions/elt_arguments/elt_arguments/scalar/16384/width=16/nulls=true/fixed_literal=false/literal_null=false/index=first,original,94,1235.0,105107508.0,Linear
binary_expressions/elt_arguments/elt_arguments/scalar/16384/width=16/nulls=true/fixed_literal=false/literal_null=false/index=first,original,95,1248.0,104118498.0,Linear
binary_expressions/elt_arguments/elt_arguments/scalar/16384/width=16/nulls=true/fixed_literal=false/literal_null=false/index=first,original,96,1261.0,103244057.0,Linear
binary_expressions/elt_arguments/elt_arguments/scalar/16384/width=16/nulls=true/fixed_literal=false/literal_null=false/index=first,original,97,1274.0,102557700.0,Linear
binary_expressions/elt_arguments/elt_arguments/scalar/16384/width=16/nulls=true/fixed_literal=false/literal_null=false/index=first,original,98,1287.0,104656128.0,Linear
binary_expressions/elt_arguments/elt_arguments/scalar/16384/width=16/nulls=true/fixed_literal=false/literal_null=false/index=first,original,99,1300.0,106646567.0,Linear
binary_expressions/elt_arguments/elt_arguments/scalar/16384/width=16/nulls=true/fixed_literal=false/literal_null=false/index=first,candidate,0,7841.0,975125.0,Linear
binary_expressions/elt_arguments/elt_arguments/scalar/16384/width=16/nulls=true/fixed_literal=false/literal_null=false/index=first,candidate,1,15682.0,1951206.0,Linear
binary_expressions/elt_arguments/elt_arguments/scalar/16384/width=16/nulls=true/fixed_literal=false/literal_null=false/index=first,candidate,2,23523.0,2931763.0,Linear
binary_expressions/elt_arguments/elt_arguments/scalar/16384/width=16/nulls=true/fixed_literal=false/literal_null=false/index=first,candidate,3,31364.0,3898452.0,Linear
binary_expressions/elt_arguments/elt_arguments/scalar/16384/width=16/nulls=true/fixed_literal=false/literal_null=false/index=first,candidate,4,39205.0,4887480.0,Linear
binary_expressions/elt_arguments/elt_arguments/scalar/16384/width=16/nulls=true/fixed_literal=false/literal_null=false/index=first,candidate,5,47046.0,6363425.0,Linear
binary_expressions/elt_arguments/elt_arguments/scalar/16384/width=16/nulls=true/fixed_literal=false/literal_null=false/index=first,candidate,6,54887.0,6852873.0,Linear
binary_expressions/elt_arguments/elt_arguments/scalar/16384/width=16/nulls=true/fixed_literal=false/literal_null=false/index=first,candidate,7,62728.0,7844692.0,Linear
binary_expressions/elt_arguments/elt_arguments/scalar/16384/width=16/nulls=true/fixed_literal=false/literal_null=false/index=first,candidate,8,70569.0,8774308.0,Linear
binary_expressions/elt_arguments/elt_arguments/scalar/16384/width=16/nulls=true/fixed_literal=false/literal_null=false/index=first,candidate,9,78410.0,9815911.0,Linear
binary_expressions/elt_arguments/elt_arguments/scalar/16384/width=16/nulls=true/fixed_literal=false/literal_null=false/index=first,candidate,10,86251.0,10756687.0,Linear
binary_expressions/elt_arguments/elt_arguments/scalar/16384/width=16/nulls=true/fixed_literal=false/literal_null=false/index=first,candidate,11,94092.0,11788019.0,Linear
binary_expressions/elt_arguments/elt_arguments/scalar/16384/width=16/nulls=true/fixed_literal=false/literal_null=false/index=first,candidate,12,101933.0,12699357.0,Linear
binary_expressions/elt_arguments/elt_arguments/scalar/16384/width=16/nulls=true/fixed_literal=false/literal_null=false/index=first,candidate,13,109774.0,13672889.0,Linear
binary_expressions/elt_arguments/elt_arguments/scalar/16384/width=16/nulls=true/fixed_literal=false/literal_null=false/index=first,candidate,14,117615.0,14833702.0,Linear
binary_expressions/elt_arguments/elt_arguments/scalar/16384/width=16/nulls=true/fixed_literal=false/literal_null=false/index=first,candidate,15,125456.0,16004020.0,Linear
binary_expressions/elt_arguments/elt_arguments/scalar/16384/width=16/nulls=true/fixed_literal=false/literal_null=false/index=first,candidate,16,133297.0,16638193.0,Linear
binary_expressions/elt_arguments/elt_arguments/scalar/16384/width=16/nulls=true/fixed_literal=false/literal_null=false/index=first,candidate,17,141138.0,17956066.0,Linear
binary_expressions/elt_arguments/elt_arguments/scalar/16384/width=16/nulls=true/fixed_literal=false/literal_null=false/index=first,candidate,18,148979.0,19234477.0,Linear
binary_expressions/elt_arguments/elt_arguments/scalar/16384/width=16/nulls=true/fixed_literal=false/literal_null=false/index=first,candidate,19,156820.0,19775848.0,Linear
binary_expressions/elt_arguments/elt_arguments/scalar/16384/width=16/nulls=true/fixed_literal=false/literal_null=false/index=first,candidate,20,164661.0,20816714.0,Linear
binary_expressions/elt_arguments/elt_arguments/scalar/16384/width=16/nulls=true/fixed_literal=false/literal_null=false/index=first,candidate,21,172502.0,22106364.0,Linear
binary_expressions/elt_arguments/elt_arguments/scalar/16384/width=16/nulls=true/fixed_literal=false/literal_null=false/index=first,candidate,22,180343.0,23191084.0,Linear
binary_expressions/elt_arguments/elt_arguments/scalar/16384/width=16/nulls=true/fixed_literal=false/literal_null=false/index=first,candidate,23,188184.0,23790465.0,Linear
binary_expressions/elt_arguments/elt_arguments/scalar/16384/width=16/nulls=true/fixed_literal=false/literal_null=false/index=first,candidate,24,196025.0,25136902.0,Linear
binary_expressions/elt_arguments/elt_arguments/scalar/16384/width=16/nulls=true/fixed_literal=false/literal_null=false/index=first,candidate,25,203866.0,25768945.0,Linear
binary_expressions/elt_arguments/elt_arguments/scalar/16384/width=16/nulls=true/fixed_literal=false/literal_null=false/index=first,candidate,26,211707.0,26715094.0,Linear
binary_expressions/elt_arguments/elt_arguments/scalar/16384/width=16/nulls=true/fixed_literal=false/literal_null=false/index=first,candidate,27,219548.0,27581543.0,Linear
binary_expressions/elt_arguments/elt_arguments/scalar/16384/width=16/nulls=true/fixed_literal=false/literal_null=false/index=first,candidate,28,227389.0,29314339.0,Linear
binary_expressions/elt_arguments/elt_arguments/scalar/16384/width=16/nulls=true/fixed_literal=false/literal_null=false/index=first,candidate,29,235230.0,29922283.0,Linear
binary_expressions/elt_arguments/elt_arguments/scalar/16384/width=16/nulls=true/fixed_literal=false/literal_null=false/index=first,candidate,30,243071.0,30818735.0,Linear
binary_expressions/elt_arguments/elt_arguments/scalar/16384/width=16/nulls=true/fixed_literal=false/literal_null=false/index=first,candidate,31,250912.0,31891973.0,Linear
binary_expressions/elt_arguments/elt_arguments/scalar/16384/width=16/nulls=true/fixed_literal=false/literal_null=false/index=first,candidate,32,258753.0,32736603.0,Linear
binary_expressions/elt_arguments/elt_arguments/scalar/16384/width=16/nulls=true/fixed_literal=false/literal_null=false/index=first,candidate,33,266594.0,33735548.0,Linear
binary_expressions/elt_arguments/elt_arguments/scalar/16384/width=16/nulls=true/fixed_literal=false/literal_null=false/index=first,candidate,34,274435.0,34922377.0,Linear
binary_expressions/elt_arguments/elt_arguments/scalar/16384/width=16/nulls=true/fixed_literal=false/literal_null=false/index=first,candidate,35,282276.0,35583330.0,Linear
binary_expressions/elt_arguments/elt_arguments/scalar/16384/width=16/nulls=true/fixed_literal=false/literal_null=false/index=first,candidate,36,290117.0,36753735.0,Linear
binary_expressions/elt_arguments/elt_arguments/scalar/16384/width=16/nulls=true/fixed_literal=false/literal_null=false/index=first,candidate,37,297958.0,37403595.0,Linear
binary_expressions/elt_arguments/elt_arguments/scalar/16384/width=16/nulls=true/fixed_literal=false/literal_null=false/index=first,candidate,38,305799.0,38582923.0,Linear
binary_expressions/elt_arguments/elt_arguments/scalar/16384/width=16/nulls=true/fixed_literal=false/literal_null=false/index=first,candidate,39,313640.0,39501627.0,Linear
binary_expressions/elt_arguments/elt_arguments/scalar/16384/width=16/nulls=true/fixed_literal=false/literal_null=false/index=first,candidate,40,321481.0,40497078.0,Linear
binary_expressions/elt_arguments/elt_arguments/scalar/16384/width=16/nulls=true/fixed_literal=false/literal_null=false/index=first,candidate,41,329322.0,41091834.0,Linear
binary_expressions/elt_arguments/elt_arguments/scalar/16384/width=16/nulls=true/fixed_literal=false/literal_null=false/index=first,candidate,42,337163.0,42686570.0,Linear
binary_expressions/elt_arguments/elt_arguments/scalar/16384/width=16/nulls=true/fixed_literal=false/literal_null=false/index=first,candidate,43,345004.0,43092932.0,Linear
binary_expressions/elt_arguments/elt_arguments/scalar/16384/width=16/nulls=true/fixed_literal=false/literal_null=false/index=first,candidate,44,352845.0,44642359.0,Linear
binary_expressions/elt_arguments/elt_arguments/scalar/16384/width=16/nulls=true/fixed_literal=false/literal_null=false/index=first,candidate,45,360686.0,46120900.0,Linear
binary_expressions/elt_arguments/elt_arguments/scalar/16384/width=16/nulls=true/fixed_literal=false/literal_null=false/index=first,candidate,46,368527.0,46285882.0,Linear
binary_expressions/elt_arguments/elt_arguments/scalar/16384/width=16/nulls=true/fixed_literal=false/literal_null=false/index=first,candidate,47,376368.0,48508097.0,Linear
binary_expressions/elt_arguments/elt_arguments/scalar/16384/width=16/nulls=true/fixed_literal=false/literal_null=false/index=first,candidate,48,384209.0,48817562.0,Linear
binary_expressions/elt_arguments/elt_arguments/scalar/16384/width=16/nulls=true/fixed_literal=false/literal_null=false/index=first,candidate,49,392050.0,49213908.0,Linear
binary_expressions/elt_arguments/elt_arguments/scalar/16384/width=16/nulls=true/fixed_literal=false/literal_null=false/index=first,candidate,50,399891.0,50766526.0,Linear
binary_expressions/elt_arguments/elt_arguments/scalar/16384/width=16/nulls=true/fixed_literal=false/literal_null=false/index=first,candidate,51,407732.0,51399047.0,Linear
binary_expressions/elt_arguments/elt_arguments/scalar/16384/width=16/nulls=true/fixed_literal=false/literal_null=false/index=first,candidate,52,415573.0,52387730.0,Linear
binary_expressions/elt_arguments/elt_arguments/scalar/16384/width=16/nulls=true/fixed_literal=false/literal_null=false/index=first,candidate,53,423414.0,57264663.0,Linear
binary_expressions/elt_arguments/elt_arguments/scalar/16384/width=16/nulls=true/fixed_literal=false/literal_null=false/index=first,candidate,54,431255.0,57531764.0,Linear
binary_expressions/elt_arguments/elt_arguments/scalar/16384/width=16/nulls=true/fixed_literal=false/literal_null=false/index=first,candidate,55,439096.0,55260604.0,Linear
binary_expressions/elt_arguments/elt_arguments/scalar/16384/width=16/nulls=true/fixed_literal=false/literal_null=false/index=first,candidate,56,446937.0,56087117.0,Linear
binary_expressions/elt_arguments/elt_arguments/scalar/16384/width=16/nulls=true/fixed_literal=false/literal_null=false/index=first,candidate,57,454778.0,56977577.0,Linear
binary_expressions/elt_arguments/elt_arguments/scalar/16384/width=16/nulls=true/fixed_literal=false/literal_null=false/index=first,candidate,58,462619.0,58150737.0,Linear
binary_expressions/elt_arguments/elt_arguments/scalar/16384/width=16/nulls=true/fixed_literal=false/literal_null=false/index=first,candidate,59,470460.0,60035828.0,Linear
binary_expressions/elt_arguments/elt_arguments/scalar/16384/width=16/nulls=true/fixed_literal=false/literal_null=false/index=first,candidate,60,478301.0,61018805.0,Linear
binary_expressions/elt_arguments/elt_arguments/scalar/16384/width=16/nulls=true/fixed_literal=false/literal_null=false/index=first,candidate,61,486142.0,61331206.0,Linear
binary_expressions/elt_arguments/elt_arguments/scalar/16384/width=16/nulls=true/fixed_literal=false/literal_null=false/index=first,candidate,62,493983.0,61814709.0,Linear
binary_expressions/elt_arguments/elt_arguments/scalar/16384/width=16/nulls=true/fixed_literal=false/literal_null=false/index=first,candidate,63,501824.0,63847896.0,Linear
binary_expressions/elt_arguments/elt_arguments/scalar/16384/width=16/nulls=true/fixed_literal=false/literal_null=false/index=first,candidate,64,509665.0,64520174.0,Linear
binary_expressions/elt_arguments/elt_arguments/scalar/16384/width=16/nulls=true/fixed_literal=false/literal_null=false/index=first,candidate,65,517506.0,65333208.0,Linear
binary_expressions/elt_arguments/elt_arguments/scalar/16384/width=16/nulls=true/fixed_literal=false/literal_null=false/index=first,candidate,66,525347.0,66550083.0,Linear
binary_expressions/elt_arguments/elt_arguments/scalar/16384/width=16/nulls=true/fixed_literal=false/literal_null=false/index=first,candidate,67,533188.0,66793300.0,Linear
binary_expressions/elt_arguments/elt_arguments/scalar/16384/width=16/nulls=true/fixed_literal=false/literal_null=false/index=first,candidate,68,541029.0,68123685.0,Linear
binary_expressions/elt_arguments/elt_arguments/scalar/16384/width=16/nulls=true/fixed_literal=false/literal_null=false/index=first,candidate,69,548870.0,69891651.0,Linear
binary_expressions/elt_arguments/elt_arguments/scalar/16384/width=16/nulls=true/fixed_literal=false/literal_null=false/index=first,candidate,70,556711.0,70854951.0,Linear
binary_expressions/elt_arguments/elt_arguments/scalar/16384/width=16/nulls=true/fixed_literal=false/literal_null=false/index=first,candidate,71,564552.0,71021891.0,Linear
binary_expressions/elt_arguments/elt_arguments/scalar/16384/width=16/nulls=true/fixed_literal=false/literal_null=false/index=first,candidate,72,572393.0,71729456.0,Linear
binary_expressions/elt_arguments/elt_arguments/scalar/16384/width=16/nulls=true/fixed_literal=false/literal_null=false/index=first,candidate,73,580234.0,73021039.0,Linear
binary_expressions/elt_arguments/elt_arguments/scalar/16384/width=16/nulls=true/fixed_literal=false/literal_null=false/index=first,candidate,74,588075.0,74118511.0,Linear
binary_expressions/elt_arguments/elt_arguments/scalar/16384/width=16/nulls=true/fixed_literal=false/literal_null=false/index=first,candidate,75,595916.0,74738922.0,Linear
binary_expressions/elt_arguments/elt_arguments/scalar/16384/width=16/nulls=true/fixed_literal=false/literal_null=false/index=first,candidate,76,603757.0,76292990.0,Linear
binary_expressions/elt_arguments/elt_arguments/scalar/16384/width=16/nulls=true/fixed_literal=false/literal_null=false/index=first,candidate,77,611598.0,78079391.0,Linear
binary_expressions/elt_arguments/elt_arguments/scalar/16384/width=16/nulls=true/fixed_literal=false/literal_null=false/index=first,candidate,78,619439.0,80532904.0,Linear
binary_expressions/elt_arguments/elt_arguments/scalar/16384/width=16/nulls=true/fixed_literal=false/literal_null=false/index=first,candidate,79,627280.0,80739832.0,Linear
binary_expressions/elt_arguments/elt_arguments/scalar/16384/width=16/nulls=true/fixed_literal=false/literal_null=false/index=first,candidate,80,635121.0,79462541.0,Linear
binary_expressions/elt_arguments/elt_arguments/scalar/16384/width=16/nulls=true/fixed_literal=false/literal_null=false/index=first,candidate,81,642962.0,81573195.0,Linear
binary_expressions/elt_arguments/elt_arguments/scalar/16384/width=16/nulls=true/fixed_literal=false/literal_null=false/index=first,candidate,82,650803.0,82960604.0,Linear
binary_expressions/elt_arguments/elt_arguments/scalar/16384/width=16/nulls=true/fixed_literal=false/literal_null=false/index=first,candidate,83,658644.0,83276216.0,Linear
binary_expressions/elt_arguments/elt_arguments/scalar/16384/width=16/nulls=true/fixed_literal=false/literal_null=false/index=first,candidate,84,666485.0,84908082.0,Linear
binary_expressions/elt_arguments/elt_arguments/scalar/16384/width=16/nulls=true/fixed_literal=false/literal_null=false/index=first,candidate,85,674326.0,85340020.0,Linear
binary_expressions/elt_arguments/elt_arguments/scalar/16384/width=16/nulls=true/fixed_literal=false/literal_null=false/index=first,candidate,86,682167.0,85503278.0,Linear
binary_expressions/elt_arguments/elt_arguments/scalar/16384/width=16/nulls=true/fixed_literal=false/literal_null=false/index=first,candidate,87,690008.0,86804993.0,Linear
binary_expressions/elt_arguments/elt_arguments/scalar/16384/width=16/nulls=true/fixed_literal=false/literal_null=false/index=first,candidate,88,697849.0,88199815.0,Linear
binary_expressions/elt_arguments/elt_arguments/scalar/16384/width=16/nulls=true/fixed_literal=false/literal_null=false/index=first,candidate,89,705690.0,89624656.0,Linear
binary_expressions/elt_arguments/elt_arguments/scalar/16384/width=16/nulls=true/fixed_literal=false/literal_null=false/index=first,candidate,90,713531.0,89417154.0,Linear
binary_expressions/elt_arguments/elt_arguments/scalar/16384/width=16/nulls=true/fixed_literal=false/literal_null=false/index=first,candidate,91,721372.0,90841434.0,Linear
binary_expressions/elt_arguments/elt_arguments/scalar/16384/width=16/nulls=true/fixed_literal=false/literal_null=false/index=first,candidate,92,729213.0,92722916.0,Linear
binary_expressions/elt_arguments/elt_arguments/scalar/16384/width=16/nulls=true/fixed_literal=false/literal_null=false/index=first,candidate,93,737054.0,94044267.0,Linear
binary_expressions/elt_arguments/elt_arguments/scalar/16384/width=16/nulls=true/fixed_literal=false/literal_null=false/index=first,candidate,94,744895.0,94113783.0,Linear
binary_expressions/elt_arguments/elt_arguments/scalar/16384/width=16/nulls=true/fixed_literal=false/literal_null=false/index=first,candidate,95,752736.0,95736419.0,Linear
binary_expressions/elt_arguments/elt_arguments/scalar/16384/width=16/nulls=true/fixed_literal=false/literal_null=false/index=first,candidate,96,760577.0,95166528.0,Linear
binary_expressions/elt_arguments/elt_arguments/scalar/16384/width=16/nulls=true/fixed_literal=false/literal_null=false/index=first,candidate,97,768418.0,97654637.0,Linear
binary_expressions/elt_arguments/elt_arguments/scalar/16384/width=16/nulls=true/fixed_literal=false/literal_null=false/index=first,candidate,98,776259.0,97463078.0,Linear
binary_expressions/elt_arguments/elt_arguments/scalar/16384/width=16/nulls=true/fixed_literal=false/literal_null=false/index=first,candidate,99,784100.0,99116640.0,Linear
binary_expressions/elt_arguments/elt_arguments/scalar/16384/width=256/nulls=true/fixed_literal=false/literal_null=false/index=dynamic,original,0,6.0,977572.0,Linear
binary_expressions/elt_arguments/elt_arguments/scalar/16384/width=256/nulls=true/fixed_literal=false/literal_null=false/index=dynamic,original,1,12.0,1917207.0,Linear
binary_expressions/elt_arguments/elt_arguments/scalar/16384/width=256/nulls=true/fixed_literal=false/literal_null=false/index=dynamic,original,2,18.0,2937775.0,Linear
binary_expressions/elt_arguments/elt_arguments/scalar/16384/width=256/nulls=true/fixed_literal=false/literal_null=false/index=dynamic,original,3,24.0,4934918.0,Linear
binary_expressions/elt_arguments/elt_arguments/scalar/16384/width=256/nulls=true/fixed_literal=false/literal_null=false/index=dynamic,original,4,30.0,4892899.0,Linear
binary_expressions/elt_arguments/elt_arguments/scalar/16384/width=256/nulls=true/fixed_literal=false/literal_null=false/index=dynamic,original,5,36.0,6477364.0,Linear
binary_expressions/elt_arguments/elt_arguments/scalar/16384/width=256/nulls=true/fixed_literal=false/literal_null=false/index=dynamic,original,6,42.0,6958455.0,Linear
binary_expressions/elt_arguments/elt_arguments/scalar/16384/width=256/nulls=true/fixed_literal=false/literal_null=false/index=dynamic,original,7,48.0,7953549.0,Linear
binary_expressions/elt_arguments/elt_arguments/scalar/16384/width=256/nulls=true/fixed_literal=false/literal_null=false/index=dynamic,original,8,54.0,8819854.0,Linear
binary_expressions/elt_arguments/elt_arguments/scalar/16384/width=256/nulls=true/fixed_literal=false/literal_null=false/index=dynamic,original,9,60.0,9761547.0,Linear
binary_expressions/elt_arguments/elt_arguments/scalar/16384/width=256/nulls=true/fixed_literal=false/literal_null=false/index=dynamic,original,10,66.0,10941990.0,Linear
binary_expressions/elt_arguments/elt_arguments/scalar/16384/width=256/nulls=true/fixed_literal=false/literal_null=false/index=dynamic,original,11,72.0,12453324.0,Linear
binary_expressions/elt_arguments/elt_arguments/scalar/16384/width=256/nulls=true/fixed_literal=false/literal_null=false/index=dynamic,original,12,78.0,12699926.0,Linear
binary_expressions/elt_arguments/elt_arguments/scalar/16384/width=256/nulls=true/fixed_literal=false/literal_null=false/index=dynamic,original,13,84.0,13582190.0,Linear
binary_expressions/elt_arguments/elt_arguments/scalar/16384/width=256/nulls=true/fixed_literal=false/literal_null=false/index=dynamic,original,14,90.0,14864033.0,Linear
binary_expressions/elt_arguments/elt_arguments/scalar/16384/width=256/nulls=true/fixed_literal=false/literal_null=false/index=dynamic,original,15,96.0,16049432.0,Linear
binary_expressions/elt_arguments/elt_arguments/scalar/16384/width=256/nulls=true/fixed_literal=false/literal_null=false/index=dynamic,original,16,102.0,16991872.0,Linear
binary_expressions/elt_arguments/elt_arguments/scalar/16384/width=256/nulls=true/fixed_literal=false/literal_null=false/index=dynamic,original,17,108.0,17617056.0,Linear
binary_expressions/elt_arguments/elt_arguments/scalar/16384/width=256/nulls=true/fixed_literal=false/literal_null=false/index=dynamic,original,18,114.0,18956371.0,Linear
binary_expressions/elt_arguments/elt_arguments/scalar/16384/width=256/nulls=true/fixed_literal=false/literal_null=false/index=dynamic,original,19,120.0,19538662.0,Linear
binary_expressions/elt_arguments/elt_arguments/scalar/16384/width=256/nulls=true/fixed_literal=false/literal_null=false/index=dynamic,original,20,126.0,20296625.0,Linear
binary_expressions/elt_arguments/elt_arguments/scalar/16384/width=256/nulls=true/fixed_literal=false/literal_null=false/index=dynamic,original,21,132.0,21541454.0,Linear
binary_expressions/elt_arguments/elt_arguments/scalar/16384/width=256/nulls=true/fixed_literal=false/literal_null=false/index=dynamic,original,22,138.0,22187796.0,Linear
binary_expressions/elt_arguments/elt_arguments/scalar/16384/width=256/nulls=true/fixed_literal=false/literal_null=false/index=dynamic,original,23,144.0,23671272.0,Linear
binary_expressions/elt_arguments/elt_arguments/scalar/16384/width=256/nulls=true/fixed_literal=false/literal_null=false/index=dynamic,original,24,150.0,24791096.0,Linear
binary_expressions/elt_arguments/elt_arguments/scalar/16384/width=256/nulls=true/fixed_literal=false/literal_null=false/index=dynamic,original,25,156.0,25438347.0,Linear
binary_expressions/elt_arguments/elt_arguments/scalar/16384/width=256/nulls=true/fixed_literal=false/literal_null=false/index=dynamic,original,26,162.0,26158719.0,Linear
binary_expressions/elt_arguments/elt_arguments/scalar/16384/width=256/nulls=true/fixed_literal=false/literal_null=false/index=dynamic,original,27,168.0,28463163.0,Linear
binary_expressions/elt_arguments/elt_arguments/scalar/16384/width=256/nulls=true/fixed_literal=false/literal_null=false/index=dynamic,original,28,174.0,28012288.0,Linear
binary_expressions/elt_arguments/elt_arguments/scalar/16384/width=256/nulls=true/fixed_literal=false/literal_null=false/index=dynamic,original,29,180.0,28973255.0,Linear
binary_expressions/elt_arguments/elt_arguments/scalar/16384/width=256/nulls=true/fixed_literal=false/literal_null=false/index=dynamic,original,30,186.0,30612028.0,Linear
binary_expressions/elt_arguments/elt_arguments/scalar/16384/width=256/nulls=true/fixed_literal=false/literal_null=false/index=dynamic,original,31,192.0,31306254.0,Linear
binary_expressions/elt_arguments/elt_arguments/scalar/16384/width=256/nulls=true/fixed_literal=false/literal_null=false/index=dynamic,original,32,198.0,32411079.0,Linear
binary_expressions/elt_arguments/elt_arguments/scalar/16384/width=256/nulls=true/fixed_literal=false/literal_null=false/index=dynamic,original,33,204.0,34624715.0,Linear
binary_expressions/elt_arguments/elt_arguments/scalar/16384/width=256/nulls=true/fixed_literal=false/literal_null=false/index=dynamic,original,34,210.0,35517750.0,Linear
binary_expressions/elt_arguments/elt_arguments/scalar/16384/width=256/nulls=true/fixed_literal=false/literal_null=false/index=dynamic,original,35,216.0,34938065.0,Linear
binary_expressions/elt_arguments/elt_arguments/scalar/16384/width=256/nulls=true/fixed_literal=false/literal_null=false/index=dynamic,original,36,222.0,36569678.0,Linear
binary_expressions/elt_arguments/elt_arguments/scalar/16384/width=256/nulls=true/fixed_literal=false/literal_null=false/index=dynamic,original,37,228.0,37111864.0,Linear
binary_expressions/elt_arguments/elt_arguments/scalar/16384/width=256/nulls=true/fixed_literal=false/literal_null=false/index=dynamic,original,38,234.0,38370755.0,Linear
binary_expressions/elt_arguments/elt_arguments/scalar/16384/width=256/nulls=true/fixed_literal=false/literal_null=false/index=dynamic,original,39,240.0,40266890.0,Linear
binary_expressions/elt_arguments/elt_arguments/scalar/16384/width=256/nulls=true/fixed_literal=false/literal_null=false/index=dynamic,original,40,246.0,40113711.0,Linear
binary_expressions/elt_arguments/elt_arguments/scalar/16384/width=256/nulls=true/fixed_literal=false/literal_null=false/index=dynamic,original,41,252.0,42312169.0,Linear
binary_expressions/elt_arguments/elt_arguments/scalar/16384/width=256/nulls=true/fixed_literal=false/literal_null=false/index=dynamic,original,42,258.0,42330112.0,Linear
binary_expressions/elt_arguments/elt_arguments/scalar/16384/width=256/nulls=true/fixed_literal=false/literal_null=false/index=dynamic,original,43,264.0,43670947.0,Linear
binary_expressions/elt_arguments/elt_arguments/scalar/16384/width=256/nulls=true/fixed_literal=false/literal_null=false/index=dynamic,original,44,270.0,43977048.0,Linear
binary_expressions/elt_arguments/elt_arguments/scalar/16384/width=256/nulls=true/fixed_literal=false/literal_null=false/index=dynamic,original,45,276.0,44865788.0,Linear
binary_expressions/elt_arguments/elt_arguments/scalar/16384/width=256/nulls=true/fixed_literal=false/literal_null=false/index=dynamic,original,46,282.0,47019320.0,Linear
binary_expressions/elt_arguments/elt_arguments/scalar/16384/width=256/nulls=true/fixed_literal=false/literal_null=false/index=dynamic,original,47,288.0,47455071.0,Linear
binary_expressions/elt_arguments/elt_arguments/scalar/16384/width=256/nulls=true/fixed_literal=false/literal_null=false/index=dynamic,original,48,294.0,48720403.0,Linear
binary_expressions/elt_arguments/elt_arguments/scalar/16384/width=256/nulls=true/fixed_literal=false/literal_null=false/index=dynamic,original,49,300.0,48682018.0,Linear
binary_expressions/elt_arguments/elt_arguments/scalar/16384/width=256/nulls=true/fixed_literal=false/literal_null=false/index=dynamic,original,50,306.0,54615808.0,Linear
binary_expressions/elt_arguments/elt_arguments/scalar/16384/width=256/nulls=true/fixed_literal=false/literal_null=false/index=dynamic,original,51,312.0,52335719.0,Linear
binary_expressions/elt_arguments/elt_arguments/scalar/16384/width=256/nulls=true/fixed_literal=false/literal_null=false/index=dynamic,original,52,318.0,52443243.0,Linear
binary_expressions/elt_arguments/elt_arguments/scalar/16384/width=256/nulls=true/fixed_literal=false/literal_null=false/index=dynamic,original,53,324.0,52999384.0,Linear
binary_expressions/elt_arguments/elt_arguments/scalar/16384/width=256/nulls=true/fixed_literal=false/literal_null=false/index=dynamic,original,54,330.0,54088577.0,Linear
binary_expressions/elt_arguments/elt_arguments/scalar/16384/width=256/nulls=true/fixed_literal=false/literal_null=false/index=dynamic,original,55,336.0,54690435.0,Linear
binary_expressions/elt_arguments/elt_arguments/scalar/16384/width=256/nulls=true/fixed_literal=false/literal_null=false/index=dynamic,original,56,342.0,57634271.0,Linear
binary_expressions/elt_arguments/elt_arguments/scalar/16384/width=256/nulls=true/fixed_literal=false/literal_null=false/index=dynamic,original,57,348.0,57289574.0,Linear
binary_expressions/elt_arguments/elt_arguments/scalar/16384/width=256/nulls=true/fixed_literal=false/literal_null=false/index=dynamic,original,58,354.0,58487558.0,Linear
binary_expressions/elt_arguments/elt_arguments/scalar/16384/width=256/nulls=true/fixed_literal=false/literal_null=false/index=dynamic,original,59,360.0,59003963.0,Linear
binary_expressions/elt_arguments/elt_arguments/scalar/16384/width=256/nulls=true/fixed_literal=false/literal_null=false/index=dynamic,original,60,366.0,59688417.0,Linear
binary_expressions/elt_arguments/elt_arguments/scalar/16384/width=256/nulls=true/fixed_literal=false/literal_null=false/index=dynamic,original,61,372.0,61693259.0,Linear
binary_expressions/elt_arguments/elt_arguments/scalar/16384/width=256/nulls=true/fixed_literal=false/literal_null=false/index=dynamic,original,62,378.0,62580722.0,Linear
binary_expressions/elt_arguments/elt_arguments/scalar/16384/width=256/nulls=true/fixed_literal=false/literal_null=false/index=dynamic,original,63,384.0,64712546.0,Linear
binary_expressions/elt_arguments/elt_arguments/scalar/16384/width=256/nulls=true/fixed_literal=false/literal_null=false/index=dynamic,original,64,390.0,64907550.0,Linear
binary_expressions/elt_arguments/elt_arguments/scalar/16384/width=256/nulls=true/fixed_literal=false/literal_null=false/index=dynamic,original,65,396.0,65317121.0,Linear
binary_expressions/elt_arguments/elt_arguments/scalar/16384/width=256/nulls=true/fixed_literal=false/literal_null=false/index=dynamic,original,66,402.0,65887015.0,Linear
binary_expressions/elt_arguments/elt_arguments/scalar/16384/width=256/nulls=true/fixed_literal=false/literal_null=false/index=dynamic,original,67,408.0,67687676.0,Linear
binary_expressions/elt_arguments/elt_arguments/scalar/16384/width=256/nulls=true/fixed_literal=false/literal_null=false/index=dynamic,original,68,414.0,68308033.0,Linear
binary_expressions/elt_arguments/elt_arguments/scalar/16384/width=256/nulls=true/fixed_literal=false/literal_null=false/index=dynamic,original,69,420.0,69164583.0,Linear
binary_expressions/elt_arguments/elt_arguments/scalar/16384/width=256/nulls=true/fixed_literal=false/literal_null=false/index=dynamic,original,70,426.0,69572839.0,Linear
binary_expressions/elt_arguments/elt_arguments/scalar/16384/width=256/nulls=true/fixed_literal=false/literal_null=false/index=dynamic,original,71,432.0,71224204.0,Linear
binary_expressions/elt_arguments/elt_arguments/scalar/16384/width=256/nulls=true/fixed_literal=false/literal_null=false/index=dynamic,original,72,438.0,72738048.0,Linear
binary_expressions/elt_arguments/elt_arguments/scalar/16384/width=256/nulls=true/fixed_literal=false/literal_null=false/index=dynamic,original,73,444.0,73025401.0,Linear
binary_expressions/elt_arguments/elt_arguments/scalar/16384/width=256/nulls=true/fixed_literal=false/literal_null=false/index=dynamic,original,74,450.0,72656199.0,Linear
binary_expressions/elt_arguments/elt_arguments/scalar/16384/width=256/nulls=true/fixed_literal=false/literal_null=false/index=dynamic,original,75,456.0,76898890.0,Linear
binary_expressions/elt_arguments/elt_arguments/scalar/16384/width=256/nulls=true/fixed_literal=false/literal_null=false/index=dynamic,original,76,462.0,77741699.0,Linear
binary_expressions/elt_arguments/elt_arguments/scalar/16384/width=256/nulls=true/fixed_literal=false/literal_null=false/index=dynamic,original,77,468.0,76523200.0,Linear
binary_expressions/elt_arguments/elt_arguments/scalar/16384/width=256/nulls=true/fixed_literal=false/literal_null=false/index=dynamic,original,78,474.0,77759816.0,Linear
binary_expressions/elt_arguments/elt_arguments/scalar/16384/width=256/nulls=true/fixed_literal=false/literal_null=false/index=dynamic,original,79,480.0,79842324.0,Linear
binary_expressions/elt_arguments/elt_arguments/scalar/16384/width=256/nulls=true/fixed_literal=false/literal_null=false/index=dynamic,original,80,486.0,78359590.0,Linear
binary_expressions/elt_arguments/elt_arguments/scalar/16384/width=256/nulls=true/fixed_literal=false/literal_null=false/index=dynamic,original,81,492.0,81629650.0,Linear
binary_expressions/elt_arguments/elt_arguments/scalar/16384/width=256/nulls=true/fixed_literal=false/literal_null=false/index=dynamic,original,82,498.0,84327673.0,Linear
binary_expressions/elt_arguments/elt_arguments/scalar/16384/width=256/nulls=true/fixed_literal=false/literal_null=false/index=dynamic,original,83,504.0,83241805.0,Linear
binary_expressions/elt_arguments/elt_arguments/scalar/16384/width=256/nulls=true/fixed_literal=false/literal_null=false/index=dynamic,original,84,510.0,85347048.0,Linear
binary_expressions/elt_arguments/elt_arguments/scalar/16384/width=256/nulls=true/fixed_literal=false/literal_null=false/index=dynamic,original,85,516.0,85157640.0,Linear
binary_expressions/elt_arguments/elt_arguments/scalar/16384/width=256/nulls=true/fixed_literal=false/literal_null=false/index=dynamic,original,86,522.0,86647786.0,Linear
binary_expressions/elt_arguments/elt_arguments/scalar/16384/width=256/nulls=true/fixed_literal=false/literal_null=false/index=dynamic,original,87,528.0,87946147.0,Linear
binary_expressions/elt_arguments/elt_arguments/scalar/16384/width=256/nulls=true/fixed_literal=false/literal_null=false/index=dynamic,original,88,534.0,88722850.0,Linear
binary_expressions/elt_arguments/elt_arguments/scalar/16384/width=256/nulls=true/fixed_literal=false/literal_null=false/index=dynamic,original,89,540.0,89037170.0,Linear
binary_expressions/elt_arguments/elt_arguments/scalar/16384/width=256/nulls=true/fixed_literal=false/literal_null=false/index=dynamic,original,90,546.0,91160065.0,Linear
binary_expressions/elt_arguments/elt_arguments/scalar/16384/width=256/nulls=true/fixed_literal=false/literal_null=false/index=dynamic,original,91,552.0,90679873.0,Linear
binary_expressions/elt_arguments/elt_arguments/scalar/16384/width=256/nulls=true/fixed_literal=false/literal_null=false/index=dynamic,original,92,558.0,94119981.0,Linear
binary_expressions/elt_arguments/elt_arguments/scalar/16384/width=256/nulls=true/fixed_literal=false/literal_null=false/index=dynamic,original,93,564.0,93172247.0,Linear
binary_expressions/elt_arguments/elt_arguments/scalar/16384/width=256/nulls=true/fixed_literal=false/literal_null=false/index=dynamic,original,94,570.0,93956472.0,Linear
binary_expressions/elt_arguments/elt_arguments/scalar/16384/width=256/nulls=true/fixed_literal=false/literal_null=false/index=dynamic,original,95,576.0,96873804.0,Linear
binary_expressions/elt_arguments/elt_arguments/scalar/16384/width=256/nulls=true/fixed_literal=false/literal_null=false/index=dynamic,original,96,582.0,97971521.0,Linear
binary_expressions/elt_arguments/elt_arguments/scalar/16384/width=256/nulls=true/fixed_literal=false/literal_null=false/index=dynamic,original,97,588.0,103230066.0,Linear
binary_expressions/elt_arguments/elt_arguments/scalar/16384/width=256/nulls=true/fixed_literal=false/literal_null=false/index=dynamic,original,98,594.0,100237265.0,Linear
binary_expressions/elt_arguments/elt_arguments/scalar/16384/width=256/nulls=true/fixed_literal=false/literal_null=false/index=dynamic,original,99,600.0,100493006.0,Linear
binary_expressions/elt_arguments/elt_arguments/scalar/16384/width=256/nulls=true/fixed_literal=false/literal_null=false/index=dynamic,candidate,0,7.0,1153076.0,Linear
binary_expressions/elt_arguments/elt_arguments/scalar/16384/width=256/nulls=true/fixed_literal=false/literal_null=false/index=dynamic,candidate,1,14.0,2312707.0,Linear
binary_expressions/elt_arguments/elt_arguments/scalar/16384/width=256/nulls=true/fixed_literal=false/literal_null=false/index=dynamic,candidate,2,21.0,3441307.0,Linear
binary_expressions/elt_arguments/elt_arguments/scalar/16384/width=256/nulls=true/fixed_literal=false/literal_null=false/index=dynamic,candidate,3,28.0,4498215.0,Linear
binary_expressions/elt_arguments/elt_arguments/scalar/16384/width=256/nulls=true/fixed_literal=false/literal_null=false/index=dynamic,candidate,4,35.0,5890188.0,Linear
binary_expressions/elt_arguments/elt_arguments/scalar/16384/width=256/nulls=true/fixed_literal=false/literal_null=false/index=dynamic,candidate,5,42.0,6927469.0,Linear
binary_expressions/elt_arguments/elt_arguments/scalar/16384/width=256/nulls=true/fixed_literal=false/literal_null=false/index=dynamic,candidate,6,49.0,8429363.0,Linear
binary_expressions/elt_arguments/elt_arguments/scalar/16384/width=256/nulls=true/fixed_literal=false/literal_null=false/index=dynamic,candidate,7,56.0,8590013.0,Linear
binary_expressions/elt_arguments/elt_arguments/scalar/16384/width=256/nulls=true/fixed_literal=false/literal_null=false/index=dynamic,candidate,8,63.0,9542862.0,Linear
binary_expressions/elt_arguments/elt_arguments/scalar/16384/width=256/nulls=true/fixed_literal=false/literal_null=false/index=dynamic,candidate,9,70.0,11533959.0,Linear
binary_expressions/elt_arguments/elt_arguments/scalar/16384/width=256/nulls=true/fixed_literal=false/literal_null=false/index=dynamic,candidate,10,77.0,11415734.0,Linear
binary_expressions/elt_arguments/elt_arguments/scalar/16384/width=256/nulls=true/fixed_literal=false/literal_null=false/index=dynamic,candidate,11,84.0,12589397.0,Linear
binary_expressions/elt_arguments/elt_arguments/scalar/16384/width=256/nulls=true/fixed_literal=false/literal_null=false/index=dynamic,candidate,12,91.0,13259803.0,Linear
binary_expressions/elt_arguments/elt_arguments/scalar/16384/width=256/nulls=true/fixed_literal=false/literal_null=false/index=dynamic,candidate,13,98.0,15233701.0,Linear
binary_expressions/elt_arguments/elt_arguments/scalar/16384/width=256/nulls=true/fixed_literal=false/literal_null=false/index=dynamic,candidate,14,105.0,17990582.0,Linear
binary_expressions/elt_arguments/elt_arguments/scalar/16384/width=256/nulls=true/fixed_literal=false/literal_null=false/index=dynamic,candidate,15,112.0,16698438.0,Linear
binary_expressions/elt_arguments/elt_arguments/scalar/16384/width=256/nulls=true/fixed_literal=false/literal_null=false/index=dynamic,candidate,16,119.0,18136639.0,Linear
binary_expressions/elt_arguments/elt_arguments/scalar/16384/width=256/nulls=true/fixed_literal=false/literal_null=false/index=dynamic,candidate,17,126.0,18575780.0,Linear
binary_expressions/elt_arguments/elt_arguments/scalar/16384/width=256/nulls=true/fixed_literal=false/literal_null=false/index=dynamic,candidate,18,133.0,19536885.0,Linear
binary_expressions/elt_arguments/elt_arguments/scalar/16384/width=256/nulls=true/fixed_literal=false/literal_null=false/index=dynamic,candidate,19,140.0,25168136.0,Linear
binary_expressions/elt_arguments/elt_arguments/scalar/16384/width=256/nulls=true/fixed_literal=false/literal_null=false/index=dynamic,candidate,20,147.0,23413350.0,Linear
binary_expressions/elt_arguments/elt_arguments/scalar/16384/width=256/nulls=true/fixed_literal=false/literal_null=false/index=dynamic,candidate,21,154.0,24311194.0,Linear
binary_expressions/elt_arguments/elt_arguments/scalar/16384/width=256/nulls=true/fixed_literal=false/literal_null=false/index=dynamic,candidate,22,161.0,26743747.0,Linear
binary_expressions/elt_arguments/elt_arguments/scalar/16384/width=256/nulls=true/fixed_literal=false/literal_null=false/index=dynamic,candidate,23,168.0,27859525.0,Linear
binary_expressions/elt_arguments/elt_arguments/scalar/16384/width=256/nulls=true/fixed_literal=false/literal_null=false/index=dynamic,candidate,24,175.0,27962091.0,Linear
binary_expressions/elt_arguments/elt_arguments/scalar/16384/width=256/nulls=true/fixed_literal=false/literal_null=false/index=dynamic,candidate,25,182.0,27038435.0,Linear
binary_expressions/elt_arguments/elt_arguments/scalar/16384/width=256/nulls=true/fixed_literal=false/literal_null=false/index=dynamic,candidate,26,189.0,29974154.0,Linear
binary_expressions/elt_arguments/elt_arguments/scalar/16384/width=256/nulls=true/fixed_literal=false/literal_null=false/index=dynamic,candidate,27,196.0,30628389.0,Linear
binary_expressions/elt_arguments/elt_arguments/scalar/16384/width=256/nulls=true/fixed_literal=false/literal_null=false/index=dynamic,candidate,28,203.0,32372790.0,Linear
binary_expressions/elt_arguments/elt_arguments/scalar/16384/width=256/nulls=true/fixed_literal=false/literal_null=false/index=dynamic,candidate,29,210.0,32894871.0,Linear
binary_expressions/elt_arguments/elt_arguments/scalar/16384/width=256/nulls=true/fixed_literal=false/literal_null=false/index=dynamic,candidate,30,217.0,35349870.0,Linear
binary_expressions/elt_arguments/elt_arguments/scalar/16384/width=256/nulls=true/fixed_literal=false/literal_null=false/index=dynamic,candidate,31,224.0,33682630.0,Linear
binary_expressions/elt_arguments/elt_arguments/scalar/16384/width=256/nulls=true/fixed_literal=false/literal_null=false/index=dynamic,candidate,32,231.0,35811973.0,Linear
binary_expressions/elt_arguments/elt_arguments/scalar/16384/width=256/nulls=true/fixed_literal=false/literal_null=false/index=dynamic,candidate,33,238.0,36731037.0,Linear
binary_expressions/elt_arguments/elt_arguments/scalar/16384/width=256/nulls=true/fixed_literal=false/literal_null=false/index=dynamic,candidate,34,245.0,37157542.0,Linear
binary_expressions/elt_arguments/elt_arguments/scalar/16384/width=256/nulls=true/fixed_literal=false/literal_null=false/index=dynamic,candidate,35,252.0,37767663.0,Linear
binary_expressions/elt_arguments/elt_arguments/scalar/16384/width=256/nulls=true/fixed_literal=false/literal_null=false/index=dynamic,candidate,36,259.0,39325302.0,Linear
binary_expressions/elt_arguments/elt_arguments/scalar/16384/width=256/nulls=true/fixed_literal=false/literal_null=false/index=dynamic,candidate,37,266.0,41694688.0,Linear
binary_expressions/elt_arguments/elt_arguments/scalar/16384/width=256/nulls=true/fixed_literal=false/literal_null=false/index=dynamic,candidate,38,273.0,41069651.0,Linear
binary_expressions/elt_arguments/elt_arguments/scalar/16384/width=256/nulls=true/fixed_literal=false/literal_null=false/index=dynamic,candidate,39,280.0,43049983.0,Linear
binary_expressions/elt_arguments/elt_arguments/scalar/16384/width=256/nulls=true/fixed_literal=false/literal_null=false/index=dynamic,candidate,40,287.0,42615588.0,Linear
binary_expressions/elt_arguments/elt_arguments/scalar/16384/width=256/nulls=true/fixed_literal=false/literal_null=false/index=dynamic,candidate,41,294.0,43634974.0,Linear
binary_expressions/elt_arguments/elt_arguments/scalar/16384/width=256/nulls=true/fixed_literal=false/literal_null=false/index=dynamic,candidate,42,301.0,46165180.0,Linear
binary_expressions/elt_arguments/elt_arguments/scalar/16384/width=256/nulls=true/fixed_literal=false/literal_null=false/index=dynamic,candidate,43,308.0,45540975.0,Linear
binary_expressions/elt_arguments/elt_arguments/scalar/16384/width=256/nulls=true/fixed_literal=false/literal_null=false/index=dynamic,candidate,44,315.0,48766434.0,Linear
binary_expressions/elt_arguments/elt_arguments/scalar/16384/width=256/nulls=true/fixed_literal=false/literal_null=false/index=dynamic,candidate,45,322.0,48951934.0,Linear
binary_expressions/elt_arguments/elt_arguments/scalar/16384/width=256/nulls=true/fixed_literal=false/literal_null=false/index=dynamic,candidate,46,329.0,51071733.0,Linear
binary_expressions/elt_arguments/elt_arguments/scalar/16384/width=256/nulls=true/fixed_literal=false/literal_null=false/index=dynamic,candidate,47,336.0,54641240.0,Linear
binary_expressions/elt_arguments/elt_arguments/scalar/16384/width=256/nulls=true/fixed_literal=false/literal_null=false/index=dynamic,candidate,48,343.0,53459689.0,Linear
binary_expressions/elt_arguments/elt_arguments/scalar/16384/width=256/nulls=true/fixed_literal=false/literal_null=false/index=dynamic,candidate,49,350.0,54909915.0,Linear
binary_expressions/elt_arguments/elt_arguments/scalar/16384/width=256/nulls=true/fixed_literal=false/literal_null=false/index=dynamic,candidate,50,357.0,54455716.0,Linear
binary_expressions/elt_arguments/elt_arguments/scalar/16384/width=256/nulls=true/fixed_literal=false/literal_null=false/index=dynamic,candidate,51,364.0,56469382.0,Linear
binary_expressions/elt_arguments/elt_arguments/scalar/16384/width=256/nulls=true/fixed_literal=false/literal_null=false/index=dynamic,candidate,52,371.0,54552190.0,Linear
binary_expressions/elt_arguments/elt_arguments/scalar/16384/width=256/nulls=true/fixed_literal=false/literal_null=false/index=dynamic,candidate,53,378.0,57550408.0,Linear
binary_expressions/elt_arguments/elt_arguments/scalar/16384/width=256/nulls=true/fixed_literal=false/literal_null=false/index=dynamic,candidate,54,385.0,59889386.0,Linear
binary_expressions/elt_arguments/elt_arguments/scalar/16384/width=256/nulls=true/fixed_literal=false/literal_null=false/index=dynamic,candidate,55,392.0,59287716.0,Linear
binary_expressions/elt_arguments/elt_arguments/scalar/16384/width=256/nulls=true/fixed_literal=false/literal_null=false/index=dynamic,candidate,56,399.0,62799728.0,Linear
binary_expressions/elt_arguments/elt_arguments/scalar/16384/width=256/nulls=true/fixed_literal=false/literal_null=false/index=dynamic,candidate,57,406.0,61842690.0,Linear
binary_expressions/elt_arguments/elt_arguments/scalar/16384/width=256/nulls=true/fixed_literal=false/literal_null=false/index=dynamic,candidate,58,413.0,62894449.0,Linear
binary_expressions/elt_arguments/elt_arguments/scalar/16384/width=256/nulls=true/fixed_literal=false/literal_null=false/index=dynamic,candidate,59,420.0,63557754.0,Linear
binary_expressions/elt_arguments/elt_arguments/scalar/16384/width=256/nulls=true/fixed_literal=false/literal_null=false/index=dynamic,candidate,60,427.0,67976956.0,Linear
binary_expressions/elt_arguments/elt_arguments/scalar/16384/width=256/nulls=true/fixed_literal=false/literal_null=false/index=dynamic,candidate,61,434.0,67526823.0,Linear
binary_expressions/elt_arguments/elt_arguments/scalar/16384/width=256/nulls=true/fixed_literal=false/literal_null=false/index=dynamic,candidate,62,441.0,67022912.0,Linear
binary_expressions/elt_arguments/elt_arguments/scalar/16384/width=256/nulls=true/fixed_literal=false/literal_null=false/index=dynamic,candidate,63,448.0,69092032.0,Linear
binary_expressions/elt_arguments/elt_arguments/scalar/16384/width=256/nulls=true/fixed_literal=false/literal_null=false/index=dynamic,candidate,64,455.0,70755305.0,Linear
binary_expressions/elt_arguments/elt_arguments/scalar/16384/width=256/nulls=true/fixed_literal=false/literal_null=false/index=dynamic,candidate,65,462.0,71216197.0,Linear
binary_expressions/elt_arguments/elt_arguments/scalar/16384/width=256/nulls=true/fixed_literal=false/literal_null=false/index=dynamic,candidate,66,469.0,70791152.0,Linear
binary_expressions/elt_arguments/elt_arguments/scalar/16384/width=256/nulls=true/fixed_literal=false/literal_null=false/index=dynamic,candidate,67,476.0,72687521.0,Linear
binary_expressions/elt_arguments/elt_arguments/scalar/16384/width=256/nulls=true/fixed_literal=false/literal_null=false/index=dynamic,candidate,68,483.0,73534450.0,Linear
binary_expressions/elt_arguments/elt_arguments/scalar/16384/width=256/nulls=true/fixed_literal=false/literal_null=false/index=dynamic,candidate,69,490.0,73683466.0,Linear
binary_expressions/elt_arguments/elt_arguments/scalar/16384/width=256/nulls=true/fixed_literal=false/literal_null=false/index=dynamic,candidate,70,497.0,76352057.0,Linear
binary_expressions/elt_arguments/elt_arguments/scalar/16384/width=256/nulls=true/fixed_literal=false/literal_null=false/index=dynamic,candidate,71,504.0,74035128.0,Linear
binary_expressions/elt_arguments/elt_arguments/scalar/16384/width=256/nulls=true/fixed_literal=false/literal_null=false/index=dynamic,candidate,72,511.0,78301147.0,Linear
binary_expressions/elt_arguments/elt_arguments/scalar/16384/width=256/nulls=true/fixed_literal=false/literal_null=false/index=dynamic,candidate,73,518.0,79630722.0,Linear
binary_expressions/elt_arguments/elt_arguments/scalar/16384/width=256/nulls=true/fixed_literal=false/literal_null=false/index=dynamic,candidate,74,525.0,79831507.0,Linear
binary_expressions/elt_arguments/elt_arguments/scalar/16384/width=256/nulls=true/fixed_literal=false/literal_null=false/index=dynamic,candidate,75,532.0,84114624.0,Linear
binary_expressions/elt_arguments/elt_arguments/scalar/16384/width=256/nulls=true/fixed_literal=false/literal_null=false/index=dynamic,candidate,76,539.0,89906920.0,Linear
binary_expressions/elt_arguments/elt_arguments/scalar/16384/width=256/nulls=true/fixed_literal=false/literal_null=false/index=dynamic,candidate,77,546.0,89102651.0,Linear
binary_expressions/elt_arguments/elt_arguments/scalar/16384/width=256/nulls=true/fixed_literal=false/literal_null=false/index=dynamic,candidate,78,553.0,91904467.0,Linear
binary_expressions/elt_arguments/elt_arguments/scalar/16384/width=256/nulls=true/fixed_literal=false/literal_null=false/index=dynamic,candidate,79,560.0,91538351.0,Linear
binary_expressions/elt_arguments/elt_arguments/scalar/16384/width=256/nulls=true/fixed_literal=false/literal_null=false/index=dynamic,candidate,80,567.0,95339426.0,Linear
binary_expressions/elt_arguments/elt_arguments/scalar/16384/width=256/nulls=true/fixed_literal=false/literal_null=false/index=dynamic,candidate,81,574.0,93794267.0,Linear
binary_expressions/elt_arguments/elt_arguments/scalar/16384/width=256/nulls=true/fixed_literal=false/literal_null=false/index=dynamic,candidate,82,581.0,94950415.0,Linear
binary_expressions/elt_arguments/elt_arguments/scalar/16384/width=256/nulls=true/fixed_literal=false/literal_null=false/index=dynamic,candidate,83,588.0,97746741.0,Linear
binary_expressions/elt_arguments/elt_arguments/scalar/16384/width=256/nulls=true/fixed_literal=false/literal_null=false/index=dynamic,candidate,84,595.0,99988774.0,Linear
binary_expressions/elt_arguments/elt_arguments/scalar/16384/width=256/nulls=true/fixed_literal=false/literal_null=false/index=dynamic,candidate,85,602.0,99105279.0,Linear
binary_expressions/elt_arguments/elt_arguments/scalar/16384/width=256/nulls=true/fixed_literal=false/literal_null=false/index=dynamic,candidate,86,609.0,99550768.0,Linear
binary_expressions/elt_arguments/elt_arguments/scalar/16384/width=256/nulls=true/fixed_literal=false/literal_null=false/index=dynamic,candidate,87,616.0,101329803.0,Linear
binary_expressions/elt_arguments/elt_arguments/scalar/16384/width=256/nulls=true/fixed_literal=false/literal_null=false/index=dynamic,candidate,88,623.0,103045133.0,Linear
binary_expressions/elt_arguments/elt_arguments/scalar/16384/width=256/nulls=true/fixed_literal=false/literal_null=false/index=dynamic,candidate,89,630.0,103576198.0,Linear
binary_expressions/elt_arguments/elt_arguments/scalar/16384/width=256/nulls=true/fixed_literal=false/literal_null=false/index=dynamic,candidate,90,637.0,105372256.0,Linear
binary_expressions/elt_arguments/elt_arguments/scalar/16384/width=256/nulls=true/fixed_literal=false/literal_null=false/index=dynamic,candidate,91,644.0,106026377.0,Linear
binary_expressions/elt_arguments/elt_arguments/scalar/16384/width=256/nulls=true/fixed_literal=false/literal_null=false/index=dynamic,candidate,92,651.0,106049427.0,Linear
binary_expressions/elt_arguments/elt_arguments/scalar/16384/width=256/nulls=true/fixed_literal=false/literal_null=false/index=dynamic,candidate,93,658.0,108851431.0,Linear
binary_expressions/elt_arguments/elt_arguments/scalar/16384/width=256/nulls=true/fixed_literal=false/literal_null=false/index=dynamic,candidate,94,665.0,110776209.0,Linear
binary_expressions/elt_arguments/elt_arguments/scalar/16384/width=256/nulls=true/fixed_literal=false/literal_null=false/index=dynamic,candidate,95,672.0,110733546.0,Linear
binary_expressions/elt_arguments/elt_arguments/scalar/16384/width=256/nulls=true/fixed_literal=false/literal_null=false/index=dynamic,candidate,96,679.0,110825211.0,Linear
binary_expressions/elt_arguments/elt_arguments/scalar/16384/width=256/nulls=true/fixed_literal=false/literal_null=false/index=dynamic,candidate,97,686.0,113578095.0,Linear
binary_expressions/elt_arguments/elt_arguments/scalar/16384/width=256/nulls=true/fixed_literal=false/literal_null=false/index=dynamic,candidate,98,693.0,115489513.0,Linear
binary_expressions/elt_arguments/elt_arguments/scalar/16384/width=256/nulls=true/fixed_literal=false/literal_null=false/index=dynamic,candidate,99,700.0,115050801.0,Linear
binary_expressions/elt_arguments/elt_arguments/scalar/16384/width=16/nulls=false/fixed_literal=false/literal_null=false/index=dynamic,original,0,15.0,1042723.0,Linear
binary_expressions/elt_arguments/elt_arguments/scalar/16384/width=16/nulls=false/fixed_literal=false/literal_null=false/index=dynamic,original,1,30.0,2046347.0,Linear
binary_expressions/elt_arguments/elt_arguments/scalar/16384/width=16/nulls=false/fixed_literal=false/literal_null=false/index=dynamic,original,2,45.0,3043611.0,Linear
binary_expressions/elt_arguments/elt_arguments/scalar/16384/width=16/nulls=false/fixed_literal=false/literal_null=false/index=dynamic,original,3,60.0,4016960.0,Linear
binary_expressions/elt_arguments/elt_arguments/scalar/16384/width=16/nulls=false/fixed_literal=false/literal_null=false/index=dynamic,original,4,75.0,5415572.0,Linear
binary_expressions/elt_arguments/elt_arguments/scalar/16384/width=16/nulls=false/fixed_literal=false/literal_null=false/index=dynamic,original,5,90.0,6101340.0,Linear
binary_expressions/elt_arguments/elt_arguments/scalar/16384/width=16/nulls=false/fixed_literal=false/literal_null=false/index=dynamic,original,6,105.0,7125096.0,Linear
binary_expressions/elt_arguments/elt_arguments/scalar/16384/width=16/nulls=false/fixed_literal=false/literal_null=false/index=dynamic,original,7,120.0,8090892.0,Linear
binary_expressions/elt_arguments/elt_arguments/scalar/16384/width=16/nulls=false/fixed_literal=false/literal_null=false/index=dynamic,original,8,135.0,9101197.0,Linear
binary_expressions/elt_arguments/elt_arguments/scalar/16384/width=16/nulls=false/fixed_literal=false/literal_null=false/index=dynamic,original,9,150.0,10369933.0,Linear
binary_expressions/elt_arguments/elt_arguments/scalar/16384/width=16/nulls=false/fixed_literal=false/literal_null=false/index=dynamic,original,10,165.0,11180872.0,Linear
binary_expressions/elt_arguments/elt_arguments/scalar/16384/width=16/nulls=false/fixed_literal=false/literal_null=false/index=dynamic,original,11,180.0,12580386.0,Linear
binary_expressions/elt_arguments/elt_arguments/scalar/16384/width=16/nulls=false/fixed_literal=false/literal_null=false/index=dynamic,original,12,195.0,13686462.0,Linear
binary_expressions/elt_arguments/elt_arguments/scalar/16384/width=16/nulls=false/fixed_literal=false/literal_null=false/index=dynamic,original,13,210.0,14254326.0,Linear
binary_expressions/elt_arguments/elt_arguments/scalar/16384/width=16/nulls=false/fixed_literal=false/literal_null=false/index=dynamic,original,14,225.0,16858732.0,Linear
binary_expressions/elt_arguments/elt_arguments/scalar/16384/width=16/nulls=false/fixed_literal=false/literal_null=false/index=dynamic,original,15,240.0,16461488.0,Linear
binary_expressions/elt_arguments/elt_arguments/scalar/16384/width=16/nulls=false/fixed_literal=false/literal_null=false/index=dynamic,original,16,255.0,17401198.0,Linear
binary_expressions/elt_arguments/elt_arguments/scalar/16384/width=16/nulls=false/fixed_literal=false/literal_null=false/index=dynamic,original,17,270.0,18266117.0,Linear
binary_expressions/elt_arguments/elt_arguments/scalar/16384/width=16/nulls=false/fixed_literal=false/literal_null=false/index=dynamic,original,18,285.0,21083463.0,Linear
binary_expressions/elt_arguments/elt_arguments/scalar/16384/width=16/nulls=false/fixed_literal=false/literal_null=false/index=dynamic,original,19,300.0,20964967.0,Linear
binary_expressions/elt_arguments/elt_arguments/scalar/16384/width=16/nulls=false/fixed_literal=false/literal_null=false/index=dynamic,original,20,315.0,22583565.0,Linear
binary_expressions/elt_arguments/elt_arguments/scalar/16384/width=16/nulls=false/fixed_literal=false/literal_null=false/index=dynamic,original,21,330.0,23285947.0,Linear
binary_expressions/elt_arguments/elt_arguments/scalar/16384/width=16/nulls=false/fixed_literal=false/literal_null=false/index=dynamic,original,22,345.0,24430518.0,Linear
binary_expressions/elt_arguments/elt_arguments/scalar/16384/width=16/nulls=false/fixed_literal=false/literal_null=false/index=dynamic,original,23,360.0,25518103.0,Linear
binary_expressions/elt_arguments/elt_arguments/scalar/16384/width=16/nulls=false/fixed_literal=false/literal_null=false/index=dynamic,original,24,375.0,26176953.0,Linear
binary_expressions/elt_arguments/elt_arguments/scalar/16384/width=16/nulls=false/fixed_literal=false/literal_null=false/index=dynamic,original,25,390.0,26704582.0,Linear
binary_expressions/elt_arguments/elt_arguments/scalar/16384/width=16/nulls=false/fixed_literal=false/literal_null=false/index=dynamic,original,26,405.0,28227785.0,Linear
binary_expressions/elt_arguments/elt_arguments/scalar/16384/width=16/nulls=false/fixed_literal=false/literal_null=false/index=dynamic,original,27,420.0,29621243.0,Linear
binary_expressions/elt_arguments/elt_arguments/scalar/16384/width=16/nulls=false/fixed_literal=false/literal_null=false/index=dynamic,original,28,435.0,30011132.0,Linear
binary_expressions/elt_arguments/elt_arguments/scalar/16384/width=16/nulls=false/fixed_literal=false/literal_null=false/index=dynamic,original,29,450.0,30675302.0,Linear
binary_expressions/elt_arguments/elt_arguments/scalar/16384/width=16/nulls=false/fixed_literal=false/literal_null=false/index=dynamic,original,30,465.0,31599815.0,Linear
binary_expressions/elt_arguments/elt_arguments/scalar/16384/width=16/nulls=false/fixed_literal=false/literal_null=false/index=dynamic,original,31,480.0,32500000.0,Linear
binary_expressions/elt_arguments/elt_arguments/scalar/16384/width=16/nulls=false/fixed_literal=false/literal_null=false/index=dynamic,original,32,495.0,33550660.0,Linear
binary_expressions/elt_arguments/elt_arguments/scalar/16384/width=16/nulls=false/fixed_literal=false/literal_null=false/index=dynamic,original,33,510.0,34687639.0,Linear
binary_expressions/elt_arguments/elt_arguments/scalar/16384/width=16/nulls=false/fixed_literal=false/literal_null=false/index=dynamic,original,34,525.0,36232986.0,Linear
binary_expressions/elt_arguments/elt_arguments/scalar/16384/width=16/nulls=false/fixed_literal=false/literal_null=false/index=dynamic,original,35,540.0,37887660.0,Linear
binary_expressions/elt_arguments/elt_arguments/scalar/16384/width=16/nulls=false/fixed_literal=false/literal_null=false/index=dynamic,original,36,555.0,39875921.0,Linear
binary_expressions/elt_arguments/elt_arguments/scalar/16384/width=16/nulls=false/fixed_literal=false/literal_null=false/index=dynamic,original,37,570.0,38448638.0,Linear
binary_expressions/elt_arguments/elt_arguments/scalar/16384/width=16/nulls=false/fixed_literal=false/literal_null=false/index=dynamic,original,38,585.0,39824279.0,Linear
binary_expressions/elt_arguments/elt_arguments/scalar/16384/width=16/nulls=false/fixed_literal=false/literal_null=false/index=dynamic,original,39,600.0,40989834.0,Linear
binary_expressions/elt_arguments/elt_arguments/scalar/16384/width=16/nulls=false/fixed_literal=false/literal_null=false/index=dynamic,original,40,615.0,41931208.0,Linear
binary_expressions/elt_arguments/elt_arguments/scalar/16384/width=16/nulls=false/fixed_literal=false/literal_null=false/index=dynamic,original,41,630.0,43314471.0,Linear
binary_expressions/elt_arguments/elt_arguments/scalar/16384/width=16/nulls=false/fixed_literal=false/literal_null=false/index=dynamic,original,42,645.0,43853542.0,Linear
binary_expressions/elt_arguments/elt_arguments/scalar/16384/width=16/nulls=false/fixed_literal=false/literal_null=false/index=dynamic,original,43,660.0,45710066.0,Linear
binary_expressions/elt_arguments/elt_arguments/scalar/16384/width=16/nulls=false/fixed_literal=false/literal_null=false/index=dynamic,original,44,675.0,47575172.0,Linear
binary_expressions/elt_arguments/elt_arguments/scalar/16384/width=16/nulls=false/fixed_literal=false/literal_null=false/index=dynamic,original,45,690.0,48389024.0,Linear
binary_expressions/elt_arguments/elt_arguments/scalar/16384/width=16/nulls=false/fixed_literal=false/literal_null=false/index=dynamic,original,46,705.0,48678609.0,Linear
binary_expressions/elt_arguments/elt_arguments/scalar/16384/width=16/nulls=false/fixed_literal=false/literal_null=false/index=dynamic,original,47,720.0,51482854.0,Linear
binary_expressions/elt_arguments/elt_arguments/scalar/16384/width=16/nulls=false/fixed_literal=false/literal_null=false/index=dynamic,original,48,735.0,50169462.0,Linear
binary_expressions/elt_arguments/elt_arguments/scalar/16384/width=16/nulls=false/fixed_literal=false/literal_null=false/index=dynamic,original,49,750.0,51713482.0,Linear
binary_expressions/elt_arguments/elt_arguments/scalar/16384/width=16/nulls=false/fixed_literal=false/literal_null=false/index=dynamic,original,50,765.0,54911455.0,Linear
binary_expressions/elt_arguments/elt_arguments/scalar/16384/width=16/nulls=false/fixed_literal=false/literal_null=false/index=dynamic,original,51,780.0,53976291.0,Linear
binary_expressions/elt_arguments/elt_arguments/scalar/16384/width=16/nulls=false/fixed_literal=false/literal_null=false/index=dynamic,original,52,795.0,54867642.0,Linear
binary_expressions/elt_arguments/elt_arguments/scalar/16384/width=16/nulls=false/fixed_literal=false/literal_null=false/index=dynamic,original,53,810.0,55091996.0,Linear
binary_expressions/elt_arguments/elt_arguments/scalar/16384/width=16/nulls=false/fixed_literal=false/literal_null=false/index=dynamic,original,54,825.0,58791323.0,Linear
binary_expressions/elt_arguments/elt_arguments/scalar/16384/width=16/nulls=false/fixed_literal=false/literal_null=false/index=dynamic,original,55,840.0,57815289.0,Linear
binary_expressions/elt_arguments/elt_arguments/scalar/16384/width=16/nulls=false/fixed_literal=false/literal_null=false/index=dynamic,original,56,855.0,59968063.0,Linear
binary_expressions/elt_arguments/elt_arguments/scalar/16384/width=16/nulls=false/fixed_literal=false/literal_null=false/index=dynamic,original,57,870.0,60812567.0,Linear
binary_expressions/elt_arguments/elt_arguments/scalar/16384/width=16/nulls=false/fixed_literal=false/literal_null=false/index=dynamic,original,58,885.0,60544455.0,Linear
binary_expressions/elt_arguments/elt_arguments/scalar/16384/width=16/nulls=false/fixed_literal=false/literal_null=false/index=dynamic,original,59,900.0,62813821.0,Linear
binary_expressions/elt_arguments/elt_arguments/scalar/16384/width=16/nulls=false/fixed_literal=false/literal_null=false/index=dynamic,original,60,915.0,63619708.0,Linear
binary_expressions/elt_arguments/elt_arguments/scalar/16384/width=16/nulls=false/fixed_literal=false/literal_null=false/index=dynamic,original,61,930.0,63501952.0,Linear
binary_expressions/elt_arguments/elt_arguments/scalar/16384/width=16/nulls=false/fixed_literal=false/literal_null=false/index=dynamic,original,62,945.0,65727066.0,Linear
binary_expressions/elt_arguments/elt_arguments/scalar/16384/width=16/nulls=false/fixed_literal=false/literal_null=false/index=dynamic,original,63,960.0,65897717.0,Linear
binary_expressions/elt_arguments/elt_arguments/scalar/16384/width=16/nulls=false/fixed_literal=false/literal_null=false/index=dynamic,original,64,975.0,68451650.0,Linear
binary_expressions/elt_arguments/elt_arguments/scalar/16384/width=16/nulls=false/fixed_literal=false/literal_null=false/index=dynamic,original,65,990.0,68775238.0,Linear
binary_expressions/elt_arguments/elt_arguments/scalar/16384/width=16/nulls=false/fixed_literal=false/literal_null=false/index=dynamic,original,66,1005.0,68373541.0,Linear
binary_expressions/elt_arguments/elt_arguments/scalar/16384/width=16/nulls=false/fixed_literal=false/literal_null=false/index=dynamic,original,67,1020.0,72389930.0,Linear
binary_expressions/elt_arguments/elt_arguments/scalar/16384/width=16/nulls=false/fixed_literal=false/literal_null=false/index=dynamic,original,68,1035.0,72182227.0,Linear
binary_expressions/elt_arguments/elt_arguments/scalar/16384/width=16/nulls=false/fixed_literal=false/literal_null=false/index=dynamic,original,69,1050.0,72814101.0,Linear
binary_expressions/elt_arguments/elt_arguments/scalar/16384/width=16/nulls=false/fixed_literal=false/literal_null=false/index=dynamic,original,70,1065.0,72822803.0,Linear
binary_expressions/elt_arguments/elt_arguments/scalar/16384/width=16/nulls=false/fixed_literal=false/literal_null=false/index=dynamic,original,71,1080.0,74518226.0,Linear
binary_expressions/elt_arguments/elt_arguments/scalar/16384/width=16/nulls=false/fixed_literal=false/literal_null=false/index=dynamic,original,72,1095.0,75363408.0,Linear
binary_expressions/elt_arguments/elt_arguments/scalar/16384/width=16/nulls=false/fixed_literal=false/literal_null=false/index=dynamic,original,73,1110.0,76989935.0,Linear
binary_expressions/elt_arguments/elt_arguments/scalar/16384/width=16/nulls=false/fixed_literal=false/literal_null=false/index=dynamic,original,74,1125.0,77369039.0,Linear
binary_expressions/elt_arguments/elt_arguments/scalar/16384/width=16/nulls=false/fixed_literal=false/literal_null=false/index=dynamic,original,75,1140.0,78139346.0,Linear
binary_expressions/elt_arguments/elt_arguments/scalar/16384/width=16/nulls=false/fixed_literal=false/literal_null=false/index=dynamic,original,76,1155.0,78834913.0,Linear
binary_expressions/elt_arguments/elt_arguments/scalar/16384/width=16/nulls=false/fixed_literal=false/literal_null=false/index=dynamic,original,77,1170.0,79992071.0,Linear
binary_expressions/elt_arguments/elt_arguments/scalar/16384/width=16/nulls=false/fixed_literal=false/literal_null=false/index=dynamic,original,78,1185.0,81984065.0,Linear
binary_expressions/elt_arguments/elt_arguments/scalar/16384/width=16/nulls=false/fixed_literal=false/literal_null=false/index=dynamic,original,79,1200.0,82347403.0,Linear
binary_expressions/elt_arguments/elt_arguments/scalar/16384/width=16/nulls=false/fixed_literal=false/literal_null=false/index=dynamic,original,80,1215.0,82895147.0,Linear
binary_expressions/elt_arguments/elt_arguments/scalar/16384/width=16/nulls=false/fixed_literal=false/literal_null=false/index=dynamic,original,81,1230.0,88028104.0,Linear
binary_expressions/elt_arguments/elt_arguments/scalar/16384/width=16/nulls=false/fixed_literal=false/literal_null=false/index=dynamic,original,82,1245.0,86158106.0,Linear
binary_expressions/elt_arguments/elt_arguments/scalar/16384/width=16/nulls=false/fixed_literal=false/literal_null=false/index=dynamic,original,83,1260.0,85703818.0,Linear
binary_expressions/elt_arguments/elt_arguments/scalar/16384/width=16/nulls=false/fixed_literal=false/literal_null=false/index=dynamic,original,84,1275.0,87055076.0,Linear
binary_expressions/elt_arguments/elt_arguments/scalar/16384/width=16/nulls=false/fixed_literal=false/literal_null=false/index=dynamic,original,85,1290.0,88285671.0,Linear
binary_expressions/elt_arguments/elt_arguments/scalar/16384/width=16/nulls=false/fixed_literal=false/literal_null=false/index=dynamic,original,86,1305.0,90282922.0,Linear
binary_expressions/elt_arguments/elt_arguments/scalar/16384/width=16/nulls=false/fixed_literal=false/literal_null=false/index=dynamic,original,87,1320.0,91216954.0,Linear
binary_expressions/elt_arguments/elt_arguments/scalar/16384/width=16/nulls=false/fixed_literal=false/literal_null=false/index=dynamic,original,88,1335.0,92192988.0,Linear
binary_expressions/elt_arguments/elt_arguments/scalar/16384/width=16/nulls=false/fixed_literal=false/literal_null=false/index=dynamic,original,89,1350.0,93946464.0,Linear
binary_expressions/elt_arguments/elt_arguments/scalar/16384/width=16/nulls=false/fixed_literal=false/literal_null=false/index=dynamic,original,90,1365.0,94226453.0,Linear
binary_expressions/elt_arguments/elt_arguments/scalar/16384/width=16/nulls=false/fixed_literal=false/literal_null=false/index=dynamic,original,91,1380.0,94371044.0,Linear
binary_expressions/elt_arguments/elt_arguments/scalar/16384/width=16/nulls=false/fixed_literal=false/literal_null=false/index=dynamic,original,92,1395.0,94732644.0,Linear
binary_expressions/elt_arguments/elt_arguments/scalar/16384/width=16/nulls=false/fixed_literal=false/literal_null=false/index=dynamic,original,93,1410.0,96727841.0,Linear
binary_expressions/elt_arguments/elt_arguments/scalar/16384/width=16/nulls=false/fixed_literal=false/literal_null=false/index=dynamic,original,94,1425.0,99873877.0,Linear
binary_expressions/elt_arguments/elt_arguments/scalar/16384/width=16/nulls=false/fixed_literal=false/literal_null=false/index=dynamic,original,95,1440.0,101081074.0,Linear
binary_expressions/elt_arguments/elt_arguments/scalar/16384/width=16/nulls=false/fixed_literal=false/literal_null=false/index=dynamic,original,96,1455.0,98641852.0,Linear
binary_expressions/elt_arguments/elt_arguments/scalar/16384/width=16/nulls=false/fixed_literal=false/literal_null=false/index=dynamic,original,97,1470.0,103492827.0,Linear
binary_expressions/elt_arguments/elt_arguments/scalar/16384/width=16/nulls=false/fixed_literal=false/literal_null=false/index=dynamic,original,98,1485.0,100818584.0,Linear
binary_expressions/elt_arguments/elt_arguments/scalar/16384/width=16/nulls=false/fixed_literal=false/literal_null=false/index=dynamic,original,99,1500.0,104614619.0,Linear
binary_expressions/elt_arguments/elt_arguments/scalar/16384/width=16/nulls=false/fixed_literal=false/literal_null=false/index=dynamic,candidate,0,15.0,1025470.0,Linear
binary_expressions/elt_arguments/elt_arguments/scalar/16384/width=16/nulls=false/fixed_literal=false/literal_null=false/index=dynamic,candidate,1,30.0,2027677.0,Linear
binary_expressions/elt_arguments/elt_arguments/scalar/16384/width=16/nulls=false/fixed_literal=false/literal_null=false/index=dynamic,candidate,2,45.0,3055344.0,Linear
binary_expressions/elt_arguments/elt_arguments/scalar/16384/width=16/nulls=false/fixed_literal=false/literal_null=false/index=dynamic,candidate,3,60.0,4056233.0,Linear
binary_expressions/elt_arguments/elt_arguments/scalar/16384/width=16/nulls=false/fixed_literal=false/literal_null=false/index=dynamic,candidate,4,75.0,5174758.0,Linear
binary_expressions/elt_arguments/elt_arguments/scalar/16384/width=16/nulls=false/fixed_literal=false/literal_null=false/index=dynamic,candidate,5,90.0,6080797.0,Linear
binary_expressions/elt_arguments/elt_arguments/scalar/16384/width=16/nulls=false/fixed_literal=false/literal_null=false/index=dynamic,candidate,6,105.0,7129601.0,Linear
binary_expressions/elt_arguments/elt_arguments/scalar/16384/width=16/nulls=false/fixed_literal=false/literal_null=false/index=dynamic,candidate,7,120.0,8082439.0,Linear
binary_expressions/elt_arguments/elt_arguments/scalar/16384/width=16/nulls=false/fixed_literal=false/literal_null=false/index=dynamic,candidate,8,135.0,9103016.0,Linear
binary_expressions/elt_arguments/elt_arguments/scalar/16384/width=16/nulls=false/fixed_literal=false/literal_null=false/index=dynamic,candidate,9,150.0,10497284.0,Linear
binary_expressions/elt_arguments/elt_arguments/scalar/16384/width=16/nulls=false/fixed_literal=false/literal_null=false/index=dynamic,candidate,10,165.0,11216944.0,Linear
binary_expressions/elt_arguments/elt_arguments/scalar/16384/width=16/nulls=false/fixed_literal=false/literal_null=false/index=dynamic,candidate,11,180.0,12159018.0,Linear
binary_expressions/elt_arguments/elt_arguments/scalar/16384/width=16/nulls=false/fixed_literal=false/literal_null=false/index=dynamic,candidate,12,195.0,13899234.0,Linear
binary_expressions/elt_arguments/elt_arguments/scalar/16384/width=16/nulls=false/fixed_literal=false/literal_null=false/index=dynamic,candidate,13,210.0,14259387.0,Linear
binary_expressions/elt_arguments/elt_arguments/scalar/16384/width=16/nulls=false/fixed_literal=false/literal_null=false/index=dynamic,candidate,14,225.0,15465351.0,Linear
binary_expressions/elt_arguments/elt_arguments/scalar/16384/width=16/nulls=false/fixed_literal=false/literal_null=false/index=dynamic,candidate,15,240.0,16259685.0,Linear
binary_expressions/elt_arguments/elt_arguments/scalar/16384/width=16/nulls=false/fixed_literal=false/literal_null=false/index=dynamic,candidate,16,255.0,17408883.0,Linear
binary_expressions/elt_arguments/elt_arguments/scalar/16384/width=16/nulls=false/fixed_literal=false/literal_null=false/index=dynamic,candidate,17,270.0,18516423.0,Linear
binary_expressions/elt_arguments/elt_arguments/scalar/16384/width=16/nulls=false/fixed_literal=false/literal_null=false/index=dynamic,candidate,18,285.0,19655811.0,Linear
binary_expressions/elt_arguments/elt_arguments/scalar/16384/width=16/nulls=false/fixed_literal=false/literal_null=false/index=dynamic,candidate,19,300.0,20535420.0,Linear
binary_expressions/elt_arguments/elt_arguments/scalar/16384/width=16/nulls=false/fixed_literal=false/literal_null=false/index=dynamic,candidate,20,315.0,21503176.0,Linear
binary_expressions/elt_arguments/elt_arguments/scalar/16384/width=16/nulls=false/fixed_literal=false/literal_null=false/index=dynamic,candidate,21,330.0,22818516.0,Linear
binary_expressions/elt_arguments/elt_arguments/scalar/16384/width=16/nulls=false/fixed_literal=false/literal_null=false/index=dynamic,candidate,22,345.0,23223125.0,Linear
binary_expressions/elt_arguments/elt_arguments/scalar/16384/width=16/nulls=false/fixed_literal=false/literal_null=false/index=dynamic,candidate,23,360.0,25060926.0,Linear
binary_expressions/elt_arguments/elt_arguments/scalar/16384/width=16/nulls=false/fixed_literal=false/literal_null=false/index=dynamic,candidate,24,375.0,25783989.0,Linear
binary_expressions/elt_arguments/elt_arguments/scalar/16384/width=16/nulls=false/fixed_literal=false/literal_null=false/index=dynamic,candidate,25,390.0,28268771.0,Linear
binary_expressions/elt_arguments/elt_arguments/scalar/16384/width=16/nulls=false/fixed_literal=false/literal_null=false/index=dynamic,candidate,26,405.0,28218810.0,Linear
binary_expressions/elt_arguments/elt_arguments/scalar/16384/width=16/nulls=false/fixed_literal=false/literal_null=false/index=dynamic,candidate,27,420.0,28869631.0,Linear
binary_expressions/elt_arguments/elt_arguments/scalar/16384/width=16/nulls=false/fixed_literal=false/literal_null=false/index=dynamic,candidate,28,435.0,35004978.0,Linear
binary_expressions/elt_arguments/elt_arguments/scalar/16384/width=16/nulls=false/fixed_literal=false/literal_null=false/index=dynamic,candidate,29,450.0,31021995.0,Linear
binary_expressions/elt_arguments/elt_arguments/scalar/16384/width=16/nulls=false/fixed_literal=false/literal_null=false/index=dynamic,candidate,30,465.0,31580333.0,Linear
binary_expressions/elt_arguments/elt_arguments/scalar/16384/width=16/nulls=false/fixed_literal=false/literal_null=false/index=dynamic,candidate,31,480.0,32478335.0,Linear
binary_expressions/elt_arguments/elt_arguments/scalar/16384/width=16/nulls=false/fixed_literal=false/literal_null=false/index=dynamic,candidate,32,495.0,34039416.0,Linear
binary_expressions/elt_arguments/elt_arguments/scalar/16384/width=16/nulls=false/fixed_literal=false/literal_null=false/index=dynamic,candidate,33,510.0,35816640.0,Linear
binary_expressions/elt_arguments/elt_arguments/scalar/16384/width=16/nulls=false/fixed_literal=false/literal_null=false/index=dynamic,candidate,34,525.0,36370824.0,Linear
binary_expressions/elt_arguments/elt_arguments/scalar/16384/width=16/nulls=false/fixed_literal=false/literal_null=false/index=dynamic,candidate,35,540.0,38011556.0,Linear
binary_expressions/elt_arguments/elt_arguments/scalar/16384/width=16/nulls=false/fixed_literal=false/literal_null=false/index=dynamic,candidate,36,555.0,38143841.0,Linear
binary_expressions/elt_arguments/elt_arguments/scalar/16384/width=16/nulls=false/fixed_literal=false/literal_null=false/index=dynamic,candidate,37,570.0,39732988.0,Linear
binary_expressions/elt_arguments/elt_arguments/scalar/16384/width=16/nulls=false/fixed_literal=false/literal_null=false/index=dynamic,candidate,38,585.0,40154607.0,Linear
binary_expressions/elt_arguments/elt_arguments/scalar/16384/width=16/nulls=false/fixed_literal=false/literal_null=false/index=dynamic,candidate,39,600.0,40797652.0,Linear
binary_expressions/elt_arguments/elt_arguments/scalar/16384/width=16/nulls=false/fixed_literal=false/literal_null=false/index=dynamic,candidate,40,615.0,42379242.0,Linear
binary_expressions/elt_arguments/elt_arguments/scalar/16384/width=16/nulls=false/fixed_literal=false/literal_null=false/index=dynamic,candidate,41,630.0,43942556.0,Linear
binary_expressions/elt_arguments/elt_arguments/scalar/16384/width=16/nulls=false/fixed_literal=false/literal_null=false/index=dynamic,candidate,42,645.0,44943315.0,Linear
binary_expressions/elt_arguments/elt_arguments/scalar/16384/width=16/nulls=false/fixed_literal=false/literal_null=false/index=dynamic,candidate,43,660.0,45587550.0,Linear
binary_expressions/elt_arguments/elt_arguments/scalar/16384/width=16/nulls=false/fixed_literal=false/literal_null=false/index=dynamic,candidate,44,675.0,46692338.0,Linear
binary_expressions/elt_arguments/elt_arguments/scalar/16384/width=16/nulls=false/fixed_literal=false/literal_null=false/index=dynamic,candidate,45,690.0,46864542.0,Linear
binary_expressions/elt_arguments/elt_arguments/scalar/16384/width=16/nulls=false/fixed_literal=false/literal_null=false/index=dynamic,candidate,46,705.0,49070115.0,Linear
binary_expressions/elt_arguments/elt_arguments/scalar/16384/width=16/nulls=false/fixed_literal=false/literal_null=false/index=dynamic,candidate,47,720.0,49891264.0,Linear
binary_expressions/elt_arguments/elt_arguments/scalar/16384/width=16/nulls=false/fixed_literal=false/literal_null=false/index=dynamic,candidate,48,735.0,50201314.0,Linear
binary_expressions/elt_arguments/elt_arguments/scalar/16384/width=16/nulls=false/fixed_literal=false/literal_null=false/index=dynamic,candidate,49,750.0,51019810.0,Linear
binary_expressions/elt_arguments/elt_arguments/scalar/16384/width=16/nulls=false/fixed_literal=false/literal_null=false/index=dynamic,candidate,50,765.0,53557171.0,Linear
binary_expressions/elt_arguments/elt_arguments/scalar/16384/width=16/nulls=false/fixed_literal=false/literal_null=false/index=dynamic,candidate,51,780.0,52866232.0,Linear
binary_expressions/elt_arguments/elt_arguments/scalar/16384/width=16/nulls=false/fixed_literal=false/literal_null=false/index=dynamic,candidate,52,795.0,54020616.0,Linear
binary_expressions/elt_arguments/elt_arguments/scalar/16384/width=16/nulls=false/fixed_literal=false/literal_null=false/index=dynamic,candidate,53,810.0,54912708.0,Linear
binary_expressions/elt_arguments/elt_arguments/scalar/16384/width=16/nulls=false/fixed_literal=false/literal_null=false/index=dynamic,candidate,54,825.0,59129987.0,Linear
binary_expressions/elt_arguments/elt_arguments/scalar/16384/width=16/nulls=false/fixed_literal=false/literal_null=false/index=dynamic,candidate,55,840.0,57533227.0,Linear
binary_expressions/elt_arguments/elt_arguments/scalar/16384/width=16/nulls=false/fixed_literal=false/literal_null=false/index=dynamic,candidate,56,855.0,58545838.0,Linear
binary_expressions/elt_arguments/elt_arguments/scalar/16384/width=16/nulls=false/fixed_literal=false/literal_null=false/index=dynamic,candidate,57,870.0,60146585.0,Linear
binary_expressions/elt_arguments/elt_arguments/scalar/16384/width=16/nulls=false/fixed_literal=false/literal_null=false/index=dynamic,candidate,58,885.0,61176963.0,Linear
binary_expressions/elt_arguments/elt_arguments/scalar/16384/width=16/nulls=false/fixed_literal=false/literal_null=false/index=dynamic,candidate,59,900.0,61877984.0,Linear
binary_expressions/elt_arguments/elt_arguments/scalar/16384/width=16/nulls=false/fixed_literal=false/literal_null=false/index=dynamic,candidate,60,915.0,66105766.0,Linear
binary_expressions/elt_arguments/elt_arguments/scalar/16384/width=16/nulls=false/fixed_literal=false/literal_null=false/index=dynamic,candidate,61,930.0,65588080.0,Linear
binary_expressions/elt_arguments/elt_arguments/scalar/16384/width=16/nulls=false/fixed_literal=false/literal_null=false/index=dynamic,candidate,62,945.0,64738479.0,Linear
binary_expressions/elt_arguments/elt_arguments/scalar/16384/width=16/nulls=false/fixed_literal=false/literal_null=false/index=dynamic,candidate,63,960.0,66037007.0,Linear
binary_expressions/elt_arguments/elt_arguments/scalar/16384/width=16/nulls=false/fixed_literal=false/literal_null=false/index=dynamic,candidate,64,975.0,66269573.0,Linear
binary_expressions/elt_arguments/elt_arguments/scalar/16384/width=16/nulls=false/fixed_literal=false/literal_null=false/index=dynamic,candidate,65,990.0,70760101.0,Linear
binary_expressions/elt_arguments/elt_arguments/scalar/16384/width=16/nulls=false/fixed_literal=false/literal_null=false/index=dynamic,candidate,66,1005.0,69520998.0,Linear
binary_expressions/elt_arguments/elt_arguments/scalar/16384/width=16/nulls=false/fixed_literal=false/literal_null=false/index=dynamic,candidate,67,1020.0,71229612.0,Linear
binary_expressions/elt_arguments/elt_arguments/scalar/16384/width=16/nulls=false/fixed_literal=false/literal_null=false/index=dynamic,candidate,68,1035.0,75409383.0,Linear
binary_expressions/elt_arguments/elt_arguments/scalar/16384/width=16/nulls=false/fixed_literal=false/literal_null=false/index=dynamic,candidate,69,1050.0,72533372.0,Linear
binary_expressions/elt_arguments/elt_arguments/scalar/16384/width=16/nulls=false/fixed_literal=false/literal_null=false/index=dynamic,candidate,70,1065.0,74320733.0,Linear
binary_expressions/elt_arguments/elt_arguments/scalar/16384/width=16/nulls=false/fixed_literal=false/literal_null=false/index=dynamic,candidate,71,1080.0,75875595.0,Linear
binary_expressions/elt_arguments/elt_arguments/scalar/16384/width=16/nulls=false/fixed_literal=false/literal_null=false/index=dynamic,candidate,72,1095.0,76496150.0,Linear
binary_expressions/elt_arguments/elt_arguments/scalar/16384/width=16/nulls=false/fixed_literal=false/literal_null=false/index=dynamic,candidate,73,1110.0,77352934.0,Linear
binary_expressions/elt_arguments/elt_arguments/scalar/16384/width=16/nulls=false/fixed_literal=false/literal_null=false/index=dynamic,candidate,74,1125.0,79822404.0,Linear
binary_expressions/elt_arguments/elt_arguments/scalar/16384/width=16/nulls=false/fixed_literal=false/literal_null=false/index=dynamic,candidate,75,1140.0,79748873.0,Linear
binary_expressions/elt_arguments/elt_arguments/scalar/16384/width=16/nulls=false/fixed_literal=false/literal_null=false/index=dynamic,candidate,76,1155.0,83441724.0,Linear
binary_expressions/elt_arguments/elt_arguments/scalar/16384/width=16/nulls=false/fixed_literal=false/literal_null=false/index=dynamic,candidate,77,1170.0,81431227.0,Linear
binary_expressions/elt_arguments/elt_arguments/scalar/16384/width=16/nulls=false/fixed_literal=false/literal_null=false/index=dynamic,candidate,78,1185.0,81091458.0,Linear
binary_expressions/elt_arguments/elt_arguments/scalar/16384/width=16/nulls=false/fixed_literal=false/literal_null=false/index=dynamic,candidate,79,1200.0,83562838.0,Linear
binary_expressions/elt_arguments/elt_arguments/scalar/16384/width=16/nulls=false/fixed_literal=false/literal_null=false/index=dynamic,candidate,80,1215.0,83385521.0,Linear
binary_expressions/elt_arguments/elt_arguments/scalar/16384/width=16/nulls=false/fixed_literal=false/literal_null=false/index=dynamic,candidate,81,1230.0,91119959.0,Linear
binary_expressions/elt_arguments/elt_arguments/scalar/16384/width=16/nulls=false/fixed_literal=false/literal_null=false/index=dynamic,candidate,82,1245.0,92894822.0,Linear
binary_expressions/elt_arguments/elt_arguments/scalar/16384/width=16/nulls=false/fixed_literal=false/literal_null=false/index=dynamic,candidate,83,1260.0,91030665.0,Linear
binary_expressions/elt_arguments/elt_arguments/scalar/16384/width=16/nulls=false/fixed_literal=false/literal_null=false/index=dynamic,candidate,84,1275.0,92257984.0,Linear
binary_expressions/elt_arguments/elt_arguments/scalar/16384/width=16/nulls=false/fixed_literal=false/literal_null=false/index=dynamic,candidate,85,1290.0,92943823.0,Linear
binary_expressions/elt_arguments/elt_arguments/scalar/16384/width=16/nulls=false/fixed_literal=false/literal_null=false/index=dynamic,candidate,86,1305.0,90293169.0,Linear
binary_expressions/elt_arguments/elt_arguments/scalar/16384/width=16/nulls=false/fixed_literal=false/literal_null=false/index=dynamic,candidate,87,1320.0,90413273.0,Linear
binary_expressions/elt_arguments/elt_arguments/scalar/16384/width=16/nulls=false/fixed_literal=false/literal_null=false/index=dynamic,candidate,88,1335.0,91982939.0,Linear
binary_expressions/elt_arguments/elt_arguments/scalar/16384/width=16/nulls=false/fixed_literal=false/literal_null=false/index=dynamic,candidate,89,1350.0,92592045.0,Linear
binary_expressions/elt_arguments/elt_arguments/scalar/16384/width=16/nulls=false/fixed_literal=false/literal_null=false/index=dynamic,candidate,90,1365.0,93701740.0,Linear
binary_expressions/elt_arguments/elt_arguments/scalar/16384/width=16/nulls=false/fixed_literal=false/literal_null=false/index=dynamic,candidate,91,1380.0,96373220.0,Linear
binary_expressions/elt_arguments/elt_arguments/scalar/16384/width=16/nulls=false/fixed_literal=false/literal_null=false/index=dynamic,candidate,92,1395.0,95508704.0,Linear
binary_expressions/elt_arguments/elt_arguments/scalar/16384/width=16/nulls=false/fixed_literal=false/literal_null=false/index=dynamic,candidate,93,1410.0,97306273.0,Linear
binary_expressions/elt_arguments/elt_arguments/scalar/16384/width=16/nulls=false/fixed_literal=false/literal_null=false/index=dynamic,candidate,94,1425.0,99730083.0,Linear
binary_expressions/elt_arguments/elt_arguments/scalar/16384/width=16/nulls=false/fixed_literal=false/literal_null=false/index=dynamic,candidate,95,1440.0,99869348.0,Linear
binary_expressions/elt_arguments/elt_arguments/scalar/16384/width=16/nulls=false/fixed_literal=false/literal_null=false/index=dynamic,candidate,96,1455.0,99687436.0,Linear
binary_expressions/elt_arguments/elt_arguments/scalar/16384/width=16/nulls=false/fixed_literal=false/literal_null=false/index=dynamic,candidate,97,1470.0,100889347.0,Linear
binary_expressions/elt_arguments/elt_arguments/scalar/16384/width=16/nulls=false/fixed_literal=false/literal_null=false/index=dynamic,candidate,98,1485.0,102263530.0,Linear
binary_expressions/elt_arguments/elt_arguments/scalar/16384/width=16/nulls=false/fixed_literal=false/literal_null=false/index=dynamic,candidate,99,1500.0,103655804.0,Linear
