package,suite,case,allocation_calls,requested_bytes,shared_output_buffer_bytes,new_output_buffer_bytes
streamfusion,binary_expressions,elt_arguments/scalar/16/width=1/nulls=false/fixed_literal=false/literal_null=false/index=dynamic,17,1173,0,18
streamfusion,binary_expressions,elt_arguments/expanded_control/16/width=1/nulls=false/fixed_literal=false/literal_null=false/index=dynamic,11,792,0,18
streamfusion,binary_expressions,elt_arguments/scalar/16/width=1/nulls=false/fixed_literal=false/literal_null=false/index=first,18,1285,0,16
streamfusion,binary_expressions,elt_arguments/expanded_control/16/width=1/nulls=false/fixed_literal=false/literal_null=false/index=first,12,904,0,16
streamfusion,binary_expressions,elt_arguments/scalar/16/width=1/nulls=false/fixed_literal=false/literal_null=false/index=literal,18,1285,0,16
streamfusion,binary_expressions,elt_arguments/expanded_control/16/width=1/nulls=false/fixed_literal=false/literal_null=false/index=literal,12,904,0,16
streamfusion,binary_expressions,elt_arguments/scalar/16/width=1/nulls=false/fixed_literal=false/literal_null=false/index=invalid,20,1405,0,18
streamfusion,binary_expressions,elt_arguments/expanded_control/16/width=1/nulls=false/fixed_literal=false/literal_null=false/index=invalid,14,1024,0,18
streamfusion,binary_expressions,elt_arguments/scalar/16/width=1/nulls=false/fixed_literal=false/literal_null=false/index=null,23,1487,0,18
streamfusion,binary_expressions,elt_arguments/expanded_control/16/width=1/nulls=false/fixed_literal=false/literal_null=false/index=null,17,1106,0,18
streamfusion,binary_expressions,elt_arguments/scalar/16/width=1/nulls=false/fixed_literal=false/literal_null=true/index=dynamic,18,1214,0,18
streamfusion,binary_expressions,elt_arguments/expanded_control/16/width=1/nulls=false/fixed_literal=false/literal_null=true/index=dynamic,11,792,0,18
streamfusion,binary_expressions,elt_arguments/scalar/16/width=1/nulls=false/fixed_literal=false/literal_null=true/index=first,19,1326,0,16
streamfusion,binary_expressions,elt_arguments/expanded_control/16/width=1/nulls=false/fixed_literal=false/literal_null=true/index=first,12,904,0,16
streamfusion,binary_expressions,elt_arguments/scalar/16/width=1/nulls=false/fixed_literal=false/literal_null=true/index=literal,21,1446,0,18
streamfusion,binary_expressions,elt_arguments/expanded_control/16/width=1/nulls=false/fixed_literal=false/literal_null=true/index=literal,14,1024,0,18
streamfusion,binary_expressions,elt_arguments/scalar/16/width=1/nulls=false/fixed_literal=false/literal_null=true/index=invalid,21,1446,0,18
streamfusion,binary_expressions,elt_arguments/expanded_control/16/width=1/nulls=false/fixed_literal=false/literal_null=true/index=invalid,14,1024,0,18
streamfusion,binary_expressions,elt_arguments/scalar/16/width=1/nulls=false/fixed_literal=false/literal_null=true/index=null,24,1528,0,18
streamfusion,binary_expressions,elt_arguments/expanded_control/16/width=1/nulls=false/fixed_literal=false/literal_null=true/index=null,17,1106,0,18
streamfusion,binary_expressions,elt_arguments/scalar/16/width=1/nulls=false/fixed_literal=true/literal_null=false/index=dynamic,17,1161,0,18
streamfusion,binary_expressions,elt_arguments/expanded_control/16/width=1/nulls=false/fixed_literal=true/literal_null=false/index=dynamic,11,792,0,18
streamfusion,binary_expressions,elt_arguments/scalar/16/width=1/nulls=false/fixed_literal=true/literal_null=false/index=first,18,1273,0,16
streamfusion,binary_expressions,elt_arguments/expanded_control/16/width=1/nulls=false/fixed_literal=true/literal_null=false/index=first,12,904,0,16
streamfusion,binary_expressions,elt_arguments/scalar/16/width=1/nulls=false/fixed_literal=true/literal_null=false/index=literal,18,1273,0,16
streamfusion,binary_expressions,elt_arguments/expanded_control/16/width=1/nulls=false/fixed_literal=true/literal_null=false/index=literal,12,904,0,16
streamfusion,binary_expressions,elt_arguments/scalar/16/width=1/nulls=false/fixed_literal=true/literal_null=false/index=invalid,20,1393,0,18
streamfusion,binary_expressions,elt_arguments/expanded_control/16/width=1/nulls=false/fixed_literal=true/literal_null=false/index=invalid,14,1024,0,18
streamfusion,binary_expressions,elt_arguments/scalar/16/width=1/nulls=false/fixed_literal=true/literal_null=false/index=null,23,1475,0,18
streamfusion,binary_expressions,elt_arguments/expanded_control/16/width=1/nulls=false/fixed_literal=true/literal_null=false/index=null,17,1106,0,18
streamfusion,binary_expressions,elt_arguments/scalar/16/width=1/nulls=false/fixed_literal=true/literal_null=true/index=dynamic,16,1050,0,18
streamfusion,binary_expressions,elt_arguments/expanded_control/16/width=1/nulls=false/fixed_literal=true/literal_null=true/index=dynamic,11,792,0,18
streamfusion,binary_expressions,elt_arguments/scalar/16/width=1/nulls=false/fixed_literal=true/literal_null=true/index=first,17,1162,0,16
streamfusion,binary_expressions,elt_arguments/expanded_control/16/width=1/nulls=false/fixed_literal=true/literal_null=true/index=first,12,904,0,16
streamfusion,binary_expressions,elt_arguments/scalar/16/width=1/nulls=false/fixed_literal=true/literal_null=true/index=literal,19,1282,0,18
streamfusion,binary_expressions,elt_arguments/expanded_control/16/width=1/nulls=false/fixed_literal=true/literal_null=true/index=literal,14,1024,0,18
streamfusion,binary_expressions,elt_arguments/scalar/16/width=1/nulls=false/fixed_literal=true/literal_null=true/index=invalid,19,1282,0,18
streamfusion,binary_expressions,elt_arguments/expanded_control/16/width=1/nulls=false/fixed_literal=true/literal_null=true/index=invalid,14,1024,0,18
streamfusion,binary_expressions,elt_arguments/scalar/16/width=1/nulls=false/fixed_literal=true/literal_null=true/index=null,22,1364,0,18
streamfusion,binary_expressions,elt_arguments/expanded_control/16/width=1/nulls=false/fixed_literal=true/literal_null=true/index=null,17,1106,0,18
streamfusion,binary_expressions,elt_arguments/scalar/16/width=1/nulls=true/fixed_literal=false/literal_null=false/index=dynamic,17,1173,0,18
streamfusion,binary_expressions,elt_arguments/expanded_control/16/width=1/nulls=true/fixed_literal=false/literal_null=false/index=dynamic,11,792,0,18
streamfusion,binary_expressions,elt_arguments/scalar/16/width=1/nulls=true/fixed_literal=false/literal_null=false/index=first,20,1405,0,18
streamfusion,binary_expressions,elt_arguments/expanded_control/16/width=1/nulls=true/fixed_literal=false/literal_null=false/index=first,14,1024,0,18
streamfusion,binary_expressions,elt_arguments/scalar/16/width=1/nulls=true/fixed_literal=false/literal_null=false/index=literal,18,1285,0,16
streamfusion,binary_expressions,elt_arguments/expanded_control/16/width=1/nulls=true/fixed_literal=false/literal_null=false/index=literal,12,904,0,16
streamfusion,binary_expressions,elt_arguments/scalar/16/width=1/nulls=true/fixed_literal=false/literal_null=false/index=invalid,20,1405,0,18
streamfusion,binary_expressions,elt_arguments/expanded_control/16/width=1/nulls=true/fixed_literal=false/literal_null=false/index=invalid,14,1024,0,18
streamfusion,binary_expressions,elt_arguments/scalar/16/width=1/nulls=true/fixed_literal=false/literal_null=false/index=null,23,1487,0,18
streamfusion,binary_expressions,elt_arguments/expanded_control/16/width=1/nulls=true/fixed_literal=false/literal_null=false/index=null,17,1106,0,18
streamfusion,binary_expressions,elt_arguments/scalar/16/width=1/nulls=true/fixed_literal=false/literal_null=true/index=dynamic,18,1214,0,18
streamfusion,binary_expressions,elt_arguments/expanded_control/16/width=1/nulls=true/fixed_literal=false/literal_null=true/index=dynamic,11,792,0,18
streamfusion,binary_expressions,elt_arguments/scalar/16/width=1/nulls=true/fixed_literal=false/literal_null=true/index=first,21,1446,0,18
streamfusion,binary_expressions,elt_arguments/expanded_control/16/width=1/nulls=true/fixed_literal=false/literal_null=true/index=first,14,1024,0,18
streamfusion,binary_expressions,elt_arguments/scalar/16/width=1/nulls=true/fixed_literal=false/literal_null=true/index=literal,21,1446,0,18
streamfusion,binary_expressions,elt_arguments/expanded_control/16/width=1/nulls=true/fixed_literal=false/literal_null=true/index=literal,14,1024,0,18
streamfusion,binary_expressions,elt_arguments/scalar/16/width=1/nulls=true/fixed_literal=false/literal_null=true/index=invalid,21,1446,0,18
streamfusion,binary_expressions,elt_arguments/expanded_control/16/width=1/nulls=true/fixed_literal=false/literal_null=true/index=invalid,14,1024,0,18
streamfusion,binary_expressions,elt_arguments/scalar/16/width=1/nulls=true/fixed_literal=false/literal_null=true/index=null,24,1528,0,18
streamfusion,binary_expressions,elt_arguments/expanded_control/16/width=1/nulls=true/fixed_literal=false/literal_null=true/index=null,17,1106,0,18
streamfusion,binary_expressions,elt_arguments/scalar/16/width=1/nulls=true/fixed_literal=true/literal_null=false/index=dynamic,17,1161,0,18
streamfusion,binary_expressions,elt_arguments/expanded_control/16/width=1/nulls=true/fixed_literal=true/literal_null=false/index=dynamic,11,792,0,18
streamfusion,binary_expressions,elt_arguments/scalar/16/width=1/nulls=true/fixed_literal=true/literal_null=false/index=first,20,1393,0,18
streamfusion,binary_expressions,elt_arguments/expanded_control/16/width=1/nulls=true/fixed_literal=true/literal_null=false/index=first,14,1024,0,18
streamfusion,binary_expressions,elt_arguments/scalar/16/width=1/nulls=true/fixed_literal=true/literal_null=false/index=literal,18,1273,0,16
streamfusion,binary_expressions,elt_arguments/expanded_control/16/width=1/nulls=true/fixed_literal=true/literal_null=false/index=literal,12,904,0,16
streamfusion,binary_expressions,elt_arguments/scalar/16/width=1/nulls=true/fixed_literal=true/literal_null=false/index=invalid,20,1393,0,18
streamfusion,binary_expressions,elt_arguments/expanded_control/16/width=1/nulls=true/fixed_literal=true/literal_null=false/index=invalid,14,1024,0,18
streamfusion,binary_expressions,elt_arguments/scalar/16/width=1/nulls=true/fixed_literal=true/literal_null=false/index=null,23,1475,0,18
streamfusion,binary_expressions,elt_arguments/expanded_control/16/width=1/nulls=true/fixed_literal=true/literal_null=false/index=null,17,1106,0,18
streamfusion,binary_expressions,elt_arguments/scalar/16/width=1/nulls=true/fixed_literal=true/literal_null=true/index=dynamic,16,1050,0,18
streamfusion,binary_expressions,elt_arguments/expanded_control/16/width=1/nulls=true/fixed_literal=true/literal_null=true/index=dynamic,11,792,0,18
streamfusion,binary_expressions,elt_arguments/scalar/16/width=1/nulls=true/fixed_literal=true/literal_null=true/index=first,19,1282,0,18
streamfusion,binary_expressions,elt_arguments/expanded_control/16/width=1/nulls=true/fixed_literal=true/literal_null=true/index=first,14,1024,0,18
streamfusion,binary_expressions,elt_arguments/scalar/16/width=1/nulls=true/fixed_literal=true/literal_null=true/index=literal,19,1282,0,18
streamfusion,binary_expressions,elt_arguments/expanded_control/16/width=1/nulls=true/fixed_literal=true/literal_null=true/index=literal,14,1024,0,18
streamfusion,binary_expressions,elt_arguments/scalar/16/width=1/nulls=true/fixed_literal=true/literal_null=true/index=invalid,19,1282,0,18
streamfusion,binary_expressions,elt_arguments/expanded_control/16/width=1/nulls=true/fixed_literal=true/literal_null=true/index=invalid,14,1024,0,18
streamfusion,binary_expressions,elt_arguments/scalar/16/width=1/nulls=true/fixed_literal=true/literal_null=true/index=null,22,1364,0,18
streamfusion,binary_expressions,elt_arguments/expanded_control/16/width=1/nulls=true/fixed_literal=true/literal_null=true/index=null,17,1106,0,18
streamfusion,binary_expressions,elt_arguments/scalar/16/width=16/nulls=false/fixed_literal=false/literal_null=false/index=dynamic,17,1620,0,258
streamfusion,binary_expressions,elt_arguments/expanded_control/16/width=16/nulls=false/fixed_literal=false/literal_null=false/index=dynamic,11,1032,0,258
streamfusion,binary_expressions,elt_arguments/scalar/16/width=16/nulls=false/fixed_literal=false/literal_null=false/index=first,18,1732,0,256
streamfusion,binary_expressions,elt_arguments/expanded_control/16/width=16/nulls=false/fixed_literal=false/literal_null=false/index=first,12,1144,0,256
streamfusion,binary_expressions,elt_arguments/scalar/16/width=16/nulls=false/fixed_literal=false/literal_null=false/index=literal,18,1732,0,256
streamfusion,binary_expressions,elt_arguments/expanded_control/16/width=16/nulls=false/fixed_literal=false/literal_null=false/index=literal,12,1144,0,256
streamfusion,binary_expressions,elt_arguments/scalar/16/width=16/nulls=false/fixed_literal=false/literal_null=false/index=invalid,20,1852,0,258
streamfusion,binary_expressions,elt_arguments/expanded_control/16/width=16/nulls=false/fixed_literal=false/literal_null=false/index=invalid,14,1264,0,258
streamfusion,binary_expressions,elt_arguments/scalar/16/width=16/nulls=false/fixed_literal=false/literal_null=false/index=null,23,1934,0,258
streamfusion,binary_expressions,elt_arguments/expanded_control/16/width=16/nulls=false/fixed_literal=false/literal_null=false/index=null,17,1346,0,258
streamfusion,binary_expressions,elt_arguments/scalar/16/width=16/nulls=false/fixed_literal=false/literal_null=true/index=dynamic,18,1454,0,258
streamfusion,binary_expressions,elt_arguments/expanded_control/16/width=16/nulls=false/fixed_literal=false/literal_null=true/index=dynamic,11,1032,0,258
streamfusion,binary_expressions,elt_arguments/scalar/16/width=16/nulls=false/fixed_literal=false/literal_null=true/index=first,19,1566,0,256
streamfusion,binary_expressions,elt_arguments/expanded_control/16/width=16/nulls=false/fixed_literal=false/literal_null=true/index=first,12,1144,0,256
streamfusion,binary_expressions,elt_arguments/scalar/16/width=16/nulls=false/fixed_literal=false/literal_null=true/index=literal,21,1686,0,258
streamfusion,binary_expressions,elt_arguments/expanded_control/16/width=16/nulls=false/fixed_literal=false/literal_null=true/index=literal,14,1264,0,258
streamfusion,binary_expressions,elt_arguments/scalar/16/width=16/nulls=false/fixed_literal=false/literal_null=true/index=invalid,21,1686,0,258
streamfusion,binary_expressions,elt_arguments/expanded_control/16/width=16/nulls=false/fixed_literal=false/literal_null=true/index=invalid,14,1264,0,258
streamfusion,binary_expressions,elt_arguments/scalar/16/width=16/nulls=false/fixed_literal=false/literal_null=true/index=null,24,1768,0,258
streamfusion,binary_expressions,elt_arguments/expanded_control/16/width=16/nulls=false/fixed_literal=false/literal_null=true/index=null,17,1346,0,258
streamfusion,binary_expressions,elt_arguments/scalar/16/width=16/nulls=false/fixed_literal=true/literal_null=false/index=dynamic,17,1608,0,258
streamfusion,binary_expressions,elt_arguments/expanded_control/16/width=16/nulls=false/fixed_literal=true/literal_null=false/index=dynamic,11,1032,0,258
streamfusion,binary_expressions,elt_arguments/scalar/16/width=16/nulls=false/fixed_literal=true/literal_null=false/index=first,18,1720,0,256
streamfusion,binary_expressions,elt_arguments/expanded_control/16/width=16/nulls=false/fixed_literal=true/literal_null=false/index=first,12,1144,0,256
streamfusion,binary_expressions,elt_arguments/scalar/16/width=16/nulls=false/fixed_literal=true/literal_null=false/index=literal,18,1720,0,256
streamfusion,binary_expressions,elt_arguments/expanded_control/16/width=16/nulls=false/fixed_literal=true/literal_null=false/index=literal,12,1144,0,256
streamfusion,binary_expressions,elt_arguments/scalar/16/width=16/nulls=false/fixed_literal=true/literal_null=false/index=invalid,20,1840,0,258
streamfusion,binary_expressions,elt_arguments/expanded_control/16/width=16/nulls=false/fixed_literal=true/literal_null=false/index=invalid,14,1264,0,258
streamfusion,binary_expressions,elt_arguments/scalar/16/width=16/nulls=false/fixed_literal=true/literal_null=false/index=null,23,1922,0,258
streamfusion,binary_expressions,elt_arguments/expanded_control/16/width=16/nulls=false/fixed_literal=true/literal_null=false/index=null,17,1346,0,258
streamfusion,binary_expressions,elt_arguments/scalar/16/width=16/nulls=false/fixed_literal=true/literal_null=true/index=dynamic,16,1530,0,258
streamfusion,binary_expressions,elt_arguments/expanded_control/16/width=16/nulls=false/fixed_literal=true/literal_null=true/index=dynamic,11,1032,0,258
streamfusion,binary_expressions,elt_arguments/scalar/16/width=16/nulls=false/fixed_literal=true/literal_null=true/index=first,17,1642,0,256
streamfusion,binary_expressions,elt_arguments/expanded_control/16/width=16/nulls=false/fixed_literal=true/literal_null=true/index=first,12,1144,0,256
streamfusion,binary_expressions,elt_arguments/scalar/16/width=16/nulls=false/fixed_literal=true/literal_null=true/index=literal,19,1762,0,258
streamfusion,binary_expressions,elt_arguments/expanded_control/16/width=16/nulls=false/fixed_literal=true/literal_null=true/index=literal,14,1264,0,258
streamfusion,binary_expressions,elt_arguments/scalar/16/width=16/nulls=false/fixed_literal=true/literal_null=true/index=invalid,19,1762,0,258
streamfusion,binary_expressions,elt_arguments/expanded_control/16/width=16/nulls=false/fixed_literal=true/literal_null=true/index=invalid,14,1264,0,258
streamfusion,binary_expressions,elt_arguments/scalar/16/width=16/nulls=false/fixed_literal=true/literal_null=true/index=null,22,1844,0,258
streamfusion,binary_expressions,elt_arguments/expanded_control/16/width=16/nulls=false/fixed_literal=true/literal_null=true/index=null,17,1346,0,258
streamfusion,binary_expressions,elt_arguments/scalar/16/width=16/nulls=true/fixed_literal=false/literal_null=false/index=dynamic,17,1620,0,258
streamfusion,binary_expressions,elt_arguments/expanded_control/16/width=16/nulls=true/fixed_literal=false/literal_null=false/index=dynamic,11,1032,0,258
streamfusion,binary_expressions,elt_arguments/scalar/16/width=16/nulls=true/fixed_literal=false/literal_null=false/index=first,20,1852,0,258
streamfusion,binary_expressions,elt_arguments/expanded_control/16/width=16/nulls=true/fixed_literal=false/literal_null=false/index=first,14,1264,0,258
streamfusion,binary_expressions,elt_arguments/scalar/16/width=16/nulls=true/fixed_literal=false/literal_null=false/index=literal,18,1732,0,256
streamfusion,binary_expressions,elt_arguments/expanded_control/16/width=16/nulls=true/fixed_literal=false/literal_null=false/index=literal,12,1144,0,256
streamfusion,binary_expressions,elt_arguments/scalar/16/width=16/nulls=true/fixed_literal=false/literal_null=false/index=invalid,20,1852,0,258
streamfusion,binary_expressions,elt_arguments/expanded_control/16/width=16/nulls=true/fixed_literal=false/literal_null=false/index=invalid,14,1264,0,258
streamfusion,binary_expressions,elt_arguments/scalar/16/width=16/nulls=true/fixed_literal=false/literal_null=false/index=null,23,1934,0,258
streamfusion,binary_expressions,elt_arguments/expanded_control/16/width=16/nulls=true/fixed_literal=false/literal_null=false/index=null,17,1346,0,258
streamfusion,binary_expressions,elt_arguments/scalar/16/width=16/nulls=true/fixed_literal=false/literal_null=true/index=dynamic,18,1454,0,258
streamfusion,binary_expressions,elt_arguments/expanded_control/16/width=16/nulls=true/fixed_literal=false/literal_null=true/index=dynamic,11,1032,0,258
streamfusion,binary_expressions,elt_arguments/scalar/16/width=16/nulls=true/fixed_literal=false/literal_null=true/index=first,21,1686,0,258
streamfusion,binary_expressions,elt_arguments/expanded_control/16/width=16/nulls=true/fixed_literal=false/literal_null=true/index=first,14,1264,0,258
streamfusion,binary_expressions,elt_arguments/scalar/16/width=16/nulls=true/fixed_literal=false/literal_null=true/index=literal,21,1686,0,258
streamfusion,binary_expressions,elt_arguments/expanded_control/16/width=16/nulls=true/fixed_literal=false/literal_null=true/index=literal,14,1264,0,258
streamfusion,binary_expressions,elt_arguments/scalar/16/width=16/nulls=true/fixed_literal=false/literal_null=true/index=invalid,21,1686,0,258
streamfusion,binary_expressions,elt_arguments/expanded_control/16/width=16/nulls=true/fixed_literal=false/literal_null=true/index=invalid,14,1264,0,258
streamfusion,binary_expressions,elt_arguments/scalar/16/width=16/nulls=true/fixed_literal=false/literal_null=true/index=null,24,1768,0,258
streamfusion,binary_expressions,elt_arguments/expanded_control/16/width=16/nulls=true/fixed_literal=false/literal_null=true/index=null,17,1346,0,258
streamfusion,binary_expressions,elt_arguments/scalar/16/width=16/nulls=true/fixed_literal=true/literal_null=false/index=dynamic,17,1608,0,258
streamfusion,binary_expressions,elt_arguments/expanded_control/16/width=16/nulls=true/fixed_literal=true/literal_null=false/index=dynamic,11,1032,0,258
streamfusion,binary_expressions,elt_arguments/scalar/16/width=16/nulls=true/fixed_literal=true/literal_null=false/index=first,20,1840,0,258
streamfusion,binary_expressions,elt_arguments/expanded_control/16/width=16/nulls=true/fixed_literal=true/literal_null=false/index=first,14,1264,0,258
streamfusion,binary_expressions,elt_arguments/scalar/16/width=16/nulls=true/fixed_literal=true/literal_null=false/index=literal,18,1720,0,256
streamfusion,binary_expressions,elt_arguments/expanded_control/16/width=16/nulls=true/fixed_literal=true/literal_null=false/index=literal,12,1144,0,256
streamfusion,binary_expressions,elt_arguments/scalar/16/width=16/nulls=true/fixed_literal=true/literal_null=false/index=invalid,20,1840,0,258
streamfusion,binary_expressions,elt_arguments/expanded_control/16/width=16/nulls=true/fixed_literal=true/literal_null=false/index=invalid,14,1264,0,258
streamfusion,binary_expressions,elt_arguments/scalar/16/width=16/nulls=true/fixed_literal=true/literal_null=false/index=null,23,1922,0,258
streamfusion,binary_expressions,elt_arguments/expanded_control/16/width=16/nulls=true/fixed_literal=true/literal_null=false/index=null,17,1346,0,258
streamfusion,binary_expressions,elt_arguments/scalar/16/width=16/nulls=true/fixed_literal=true/literal_null=true/index=dynamic,16,1530,0,258
streamfusion,binary_expressions,elt_arguments/expanded_control/16/width=16/nulls=true/fixed_literal=true/literal_null=true/index=dynamic,11,1032,0,258
streamfusion,binary_expressions,elt_arguments/scalar/16/width=16/nulls=true/fixed_literal=true/literal_null=true/index=first,19,1762,0,258
streamfusion,binary_expressions,elt_arguments/expanded_control/16/width=16/nulls=true/fixed_literal=true/literal_null=true/index=first,14,1264,0,258
streamfusion,binary_expressions,elt_arguments/scalar/16/width=16/nulls=true/fixed_literal=true/literal_null=true/index=literal,19,1762,0,258
streamfusion,binary_expressions,elt_arguments/expanded_control/16/width=16/nulls=true/fixed_literal=true/literal_null=true/index=literal,14,1264,0,258
streamfusion,binary_expressions,elt_arguments/scalar/16/width=16/nulls=true/fixed_literal=true/literal_null=true/index=invalid,19,1762,0,258
streamfusion,binary_expressions,elt_arguments/expanded_control/16/width=16/nulls=true/fixed_literal=true/literal_null=true/index=invalid,14,1264,0,258
streamfusion,binary_expressions,elt_arguments/scalar/16/width=16/nulls=true/fixed_literal=true/literal_null=true/index=null,22,1844,0,258
streamfusion,binary_expressions,elt_arguments/expanded_control/16/width=16/nulls=true/fixed_literal=true/literal_null=true/index=null,17,1346,0,258
streamfusion,binary_expressions,elt_arguments/scalar/16/width=256/nulls=false/fixed_literal=false/literal_null=false/index=dynamic,17,9540,0,4098
streamfusion,binary_expressions,elt_arguments/expanded_control/16/width=256/nulls=false/fixed_literal=false/literal_null=false/index=dynamic,11,4872,0,4098
streamfusion,binary_expressions,elt_arguments/scalar/16/width=256/nulls=false/fixed_literal=false/literal_null=false/index=first,18,9652,0,4096
streamfusion,binary_expressions,elt_arguments/expanded_control/16/width=256/nulls=false/fixed_literal=false/literal_null=false/index=first,12,4984,0,4096
streamfusion,binary_expressions,elt_arguments/scalar/16/width=256/nulls=false/fixed_literal=false/literal_null=false/index=literal,18,9652,0,4096
streamfusion,binary_expressions,elt_arguments/expanded_control/16/width=256/nulls=false/fixed_literal=false/literal_null=false/index=literal,12,4984,0,4096
streamfusion,binary_expressions,elt_arguments/scalar/16/width=256/nulls=false/fixed_literal=false/literal_null=false/index=invalid,20,9772,0,4098
streamfusion,binary_expressions,elt_arguments/expanded_control/16/width=256/nulls=false/fixed_literal=false/literal_null=false/index=invalid,14,5104,0,4098
streamfusion,binary_expressions,elt_arguments/scalar/16/width=256/nulls=false/fixed_literal=false/literal_null=false/index=null,23,9854,0,4098
streamfusion,binary_expressions,elt_arguments/expanded_control/16/width=256/nulls=false/fixed_literal=false/literal_null=false/index=null,17,5186,0,4098
streamfusion,binary_expressions,elt_arguments/scalar/16/width=256/nulls=false/fixed_literal=false/literal_null=true/index=dynamic,18,5294,0,4098
streamfusion,binary_expressions,elt_arguments/expanded_control/16/width=256/nulls=false/fixed_literal=false/literal_null=true/index=dynamic,11,4872,0,4098
streamfusion,binary_expressions,elt_arguments/scalar/16/width=256/nulls=false/fixed_literal=false/literal_null=true/index=first,19,5406,0,4096
streamfusion,binary_expressions,elt_arguments/expanded_control/16/width=256/nulls=false/fixed_literal=false/literal_null=true/index=first,12,4984,0,4096
streamfusion,binary_expressions,elt_arguments/scalar/16/width=256/nulls=false/fixed_literal=false/literal_null=true/index=literal,21,5526,0,4098
streamfusion,binary_expressions,elt_arguments/expanded_control/16/width=256/nulls=false/fixed_literal=false/literal_null=true/index=literal,14,5104,0,4098
streamfusion,binary_expressions,elt_arguments/scalar/16/width=256/nulls=false/fixed_literal=false/literal_null=true/index=invalid,21,5526,0,4098
streamfusion,binary_expressions,elt_arguments/expanded_control/16/width=256/nulls=false/fixed_literal=false/literal_null=true/index=invalid,14,5104,0,4098
streamfusion,binary_expressions,elt_arguments/scalar/16/width=256/nulls=false/fixed_literal=false/literal_null=true/index=null,24,5608,0,4098
streamfusion,binary_expressions,elt_arguments/expanded_control/16/width=256/nulls=false/fixed_literal=false/literal_null=true/index=null,17,5186,0,4098
streamfusion,binary_expressions,elt_arguments/scalar/16/width=256/nulls=false/fixed_literal=true/literal_null=false/index=dynamic,17,9528,0,4098
streamfusion,binary_expressions,elt_arguments/expanded_control/16/width=256/nulls=false/fixed_literal=true/literal_null=false/index=dynamic,11,4872,0,4098
streamfusion,binary_expressions,elt_arguments/scalar/16/width=256/nulls=false/fixed_literal=true/literal_null=false/index=first,18,9640,0,4096
streamfusion,binary_expressions,elt_arguments/expanded_control/16/width=256/nulls=false/fixed_literal=true/literal_null=false/index=first,12,4984,0,4096
streamfusion,binary_expressions,elt_arguments/scalar/16/width=256/nulls=false/fixed_literal=true/literal_null=false/index=literal,18,9640,0,4096
streamfusion,binary_expressions,elt_arguments/expanded_control/16/width=256/nulls=false/fixed_literal=true/literal_null=false/index=literal,12,4984,0,4096
streamfusion,binary_expressions,elt_arguments/scalar/16/width=256/nulls=false/fixed_literal=true/literal_null=false/index=invalid,20,9760,0,4098
streamfusion,binary_expressions,elt_arguments/expanded_control/16/width=256/nulls=false/fixed_literal=true/literal_null=false/index=invalid,14,5104,0,4098
streamfusion,binary_expressions,elt_arguments/scalar/16/width=256/nulls=false/fixed_literal=true/literal_null=false/index=null,23,9842,0,4098
streamfusion,binary_expressions,elt_arguments/expanded_control/16/width=256/nulls=false/fixed_literal=true/literal_null=false/index=null,17,5186,0,4098
streamfusion,binary_expressions,elt_arguments/scalar/16/width=256/nulls=false/fixed_literal=true/literal_null=true/index=dynamic,16,9210,0,4098
streamfusion,binary_expressions,elt_arguments/expanded_control/16/width=256/nulls=false/fixed_literal=true/literal_null=true/index=dynamic,11,4872,0,4098
streamfusion,binary_expressions,elt_arguments/scalar/16/width=256/nulls=false/fixed_literal=true/literal_null=true/index=first,17,9322,0,4096
streamfusion,binary_expressions,elt_arguments/expanded_control/16/width=256/nulls=false/fixed_literal=true/literal_null=true/index=first,12,4984,0,4096
streamfusion,binary_expressions,elt_arguments/scalar/16/width=256/nulls=false/fixed_literal=true/literal_null=true/index=literal,19,9442,0,4098
streamfusion,binary_expressions,elt_arguments/expanded_control/16/width=256/nulls=false/fixed_literal=true/literal_null=true/index=literal,14,5104,0,4098
streamfusion,binary_expressions,elt_arguments/scalar/16/width=256/nulls=false/fixed_literal=true/literal_null=true/index=invalid,19,9442,0,4098
streamfusion,binary_expressions,elt_arguments/expanded_control/16/width=256/nulls=false/fixed_literal=true/literal_null=true/index=invalid,14,5104,0,4098
streamfusion,binary_expressions,elt_arguments/scalar/16/width=256/nulls=false/fixed_literal=true/literal_null=true/index=null,22,9524,0,4098
streamfusion,binary_expressions,elt_arguments/expanded_control/16/width=256/nulls=false/fixed_literal=true/literal_null=true/index=null,17,5186,0,4098
streamfusion,binary_expressions,elt_arguments/scalar/16/width=256/nulls=true/fixed_literal=false/literal_null=false/index=dynamic,17,9540,0,4098
streamfusion,binary_expressions,elt_arguments/expanded_control/16/width=256/nulls=true/fixed_literal=false/literal_null=false/index=dynamic,11,4872,0,4098
streamfusion,binary_expressions,elt_arguments/scalar/16/width=256/nulls=true/fixed_literal=false/literal_null=false/index=first,20,9772,0,4098
streamfusion,binary_expressions,elt_arguments/expanded_control/16/width=256/nulls=true/fixed_literal=false/literal_null=false/index=first,14,5104,0,4098
streamfusion,binary_expressions,elt_arguments/scalar/16/width=256/nulls=true/fixed_literal=false/literal_null=false/index=literal,18,9652,0,4096
streamfusion,binary_expressions,elt_arguments/expanded_control/16/width=256/nulls=true/fixed_literal=false/literal_null=false/index=literal,12,4984,0,4096
streamfusion,binary_expressions,elt_arguments/scalar/16/width=256/nulls=true/fixed_literal=false/literal_null=false/index=invalid,20,9772,0,4098
streamfusion,binary_expressions,elt_arguments/expanded_control/16/width=256/nulls=true/fixed_literal=false/literal_null=false/index=invalid,14,5104,0,4098
streamfusion,binary_expressions,elt_arguments/scalar/16/width=256/nulls=true/fixed_literal=false/literal_null=false/index=null,23,9854,0,4098
streamfusion,binary_expressions,elt_arguments/expanded_control/16/width=256/nulls=true/fixed_literal=false/literal_null=false/index=null,17,5186,0,4098
streamfusion,binary_expressions,elt_arguments/scalar/16/width=256/nulls=true/fixed_literal=false/literal_null=true/index=dynamic,18,5294,0,4098
streamfusion,binary_expressions,elt_arguments/expanded_control/16/width=256/nulls=true/fixed_literal=false/literal_null=true/index=dynamic,11,4872,0,4098
streamfusion,binary_expressions,elt_arguments/scalar/16/width=256/nulls=true/fixed_literal=false/literal_null=true/index=first,21,5526,0,4098
streamfusion,binary_expressions,elt_arguments/expanded_control/16/width=256/nulls=true/fixed_literal=false/literal_null=true/index=first,14,5104,0,4098
streamfusion,binary_expressions,elt_arguments/scalar/16/width=256/nulls=true/fixed_literal=false/literal_null=true/index=literal,21,5526,0,4098
streamfusion,binary_expressions,elt_arguments/expanded_control/16/width=256/nulls=true/fixed_literal=false/literal_null=true/index=literal,14,5104,0,4098
streamfusion,binary_expressions,elt_arguments/scalar/16/width=256/nulls=true/fixed_literal=false/literal_null=true/index=invalid,21,5526,0,4098
streamfusion,binary_expressions,elt_arguments/expanded_control/16/width=256/nulls=true/fixed_literal=false/literal_null=true/index=invalid,14,5104,0,4098
streamfusion,binary_expressions,elt_arguments/scalar/16/width=256/nulls=true/fixed_literal=false/literal_null=true/index=null,24,5608,0,4098
streamfusion,binary_expressions,elt_arguments/expanded_control/16/width=256/nulls=true/fixed_literal=false/literal_null=true/index=null,17,5186,0,4098
streamfusion,binary_expressions,elt_arguments/scalar/16/width=256/nulls=true/fixed_literal=true/literal_null=false/index=dynamic,17,9528,0,4098
streamfusion,binary_expressions,elt_arguments/expanded_control/16/width=256/nulls=true/fixed_literal=true/literal_null=false/index=dynamic,11,4872,0,4098
streamfusion,binary_expressions,elt_arguments/scalar/16/width=256/nulls=true/fixed_literal=true/literal_null=false/index=first,20,9760,0,4098
streamfusion,binary_expressions,elt_arguments/expanded_control/16/width=256/nulls=true/fixed_literal=true/literal_null=false/index=first,14,5104,0,4098
streamfusion,binary_expressions,elt_arguments/scalar/16/width=256/nulls=true/fixed_literal=true/literal_null=false/index=literal,18,9640,0,4096
streamfusion,binary_expressions,elt_arguments/expanded_control/16/width=256/nulls=true/fixed_literal=true/literal_null=false/index=literal,12,4984,0,4096
streamfusion,binary_expressions,elt_arguments/scalar/16/width=256/nulls=true/fixed_literal=true/literal_null=false/index=invalid,20,9760,0,4098
streamfusion,binary_expressions,elt_arguments/expanded_control/16/width=256/nulls=true/fixed_literal=true/literal_null=false/index=invalid,14,5104,0,4098
streamfusion,binary_expressions,elt_arguments/scalar/16/width=256/nulls=true/fixed_literal=true/literal_null=false/index=null,23,9842,0,4098
streamfusion,binary_expressions,elt_arguments/expanded_control/16/width=256/nulls=true/fixed_literal=true/literal_null=false/index=null,17,5186,0,4098
streamfusion,binary_expressions,elt_arguments/scalar/16/width=256/nulls=true/fixed_literal=true/literal_null=true/index=dynamic,16,9210,0,4098
streamfusion,binary_expressions,elt_arguments/expanded_control/16/width=256/nulls=true/fixed_literal=true/literal_null=true/index=dynamic,11,4872,0,4098
streamfusion,binary_expressions,elt_arguments/scalar/16/width=256/nulls=true/fixed_literal=true/literal_null=true/index=first,19,9442,0,4098
streamfusion,binary_expressions,elt_arguments/expanded_control/16/width=256/nulls=true/fixed_literal=true/literal_null=true/index=first,14,5104,0,4098
streamfusion,binary_expressions,elt_arguments/scalar/16/width=256/nulls=true/fixed_literal=true/literal_null=true/index=literal,19,9442,0,4098
streamfusion,binary_expressions,elt_arguments/expanded_control/16/width=256/nulls=true/fixed_literal=true/literal_null=true/index=literal,14,5104,0,4098
streamfusion,binary_expressions,elt_arguments/scalar/16/width=256/nulls=true/fixed_literal=true/literal_null=true/index=invalid,19,9442,0,4098
streamfusion,binary_expressions,elt_arguments/expanded_control/16/width=256/nulls=true/fixed_literal=true/literal_null=true/index=invalid,14,5104,0,4098
streamfusion,binary_expressions,elt_arguments/scalar/16/width=256/nulls=true/fixed_literal=true/literal_null=true/index=null,22,9524,0,4098
streamfusion,binary_expressions,elt_arguments/expanded_control/16/width=256/nulls=true/fixed_literal=true/literal_null=true/index=null,17,5186,0,4098
streamfusion,binary_expressions,elt_arguments/scalar/1024/width=1/nulls=false/fixed_literal=false/literal_null=false/index=dynamic,17,7237,0,1152
streamfusion,binary_expressions,elt_arguments/expanded_control/1024/width=1/nulls=false/fixed_literal=false/literal_null=false/index=dynamic,11,1864,0,1152
streamfusion,binary_expressions,elt_arguments/scalar/1024/width=1/nulls=false/fixed_literal=false/literal_null=false/index=first,18,11317,0,1024
streamfusion,binary_expressions,elt_arguments/expanded_control/1024/width=1/nulls=false/fixed_literal=false/literal_null=false/index=first,12,5944,0,1024
streamfusion,binary_expressions,elt_arguments/scalar/1024/width=1/nulls=false/fixed_literal=false/literal_null=false/index=literal,18,11317,0,1024
streamfusion,binary_expressions,elt_arguments/expanded_control/1024/width=1/nulls=false/fixed_literal=false/literal_null=false/index=literal,12,5944,0,1024
streamfusion,binary_expressions,elt_arguments/scalar/1024/width=1/nulls=false/fixed_literal=false/literal_null=false/index=invalid,20,11501,0,1152
streamfusion,binary_expressions,elt_arguments/expanded_control/1024/width=1/nulls=false/fixed_literal=false/literal_null=false/index=invalid,14,6128,0,1152
streamfusion,binary_expressions,elt_arguments/scalar/1024/width=1/nulls=false/fixed_literal=false/literal_null=false/index=null,23,11709,0,1152
streamfusion,binary_expressions,elt_arguments/expanded_control/1024/width=1/nulls=false/fixed_literal=false/literal_null=false/index=null,17,6336,0,1152
streamfusion,binary_expressions,elt_arguments/scalar/1024/width=1/nulls=false/fixed_literal=false/literal_null=true/index=dynamic,18,6444,0,1152
streamfusion,binary_expressions,elt_arguments/expanded_control/1024/width=1/nulls=false/fixed_literal=false/literal_null=true/index=dynamic,11,1864,0,1152
streamfusion,binary_expressions,elt_arguments/scalar/1024/width=1/nulls=false/fixed_literal=false/literal_null=true/index=first,19,10524,0,1024
streamfusion,binary_expressions,elt_arguments/expanded_control/1024/width=1/nulls=false/fixed_literal=false/literal_null=true/index=first,12,5944,0,1024
streamfusion,binary_expressions,elt_arguments/scalar/1024/width=1/nulls=false/fixed_literal=false/literal_null=true/index=literal,21,10708,0,1152
streamfusion,binary_expressions,elt_arguments/expanded_control/1024/width=1/nulls=false/fixed_literal=false/literal_null=true/index=literal,14,6128,0,1152
streamfusion,binary_expressions,elt_arguments/scalar/1024/width=1/nulls=false/fixed_literal=false/literal_null=true/index=invalid,21,10708,0,1152
streamfusion,binary_expressions,elt_arguments/expanded_control/1024/width=1/nulls=false/fixed_literal=false/literal_null=true/index=invalid,14,6128,0,1152
streamfusion,binary_expressions,elt_arguments/scalar/1024/width=1/nulls=false/fixed_literal=false/literal_null=true/index=null,24,10916,0,1152
streamfusion,binary_expressions,elt_arguments/expanded_control/1024/width=1/nulls=false/fixed_literal=false/literal_null=true/index=null,17,6336,0,1152
streamfusion,binary_expressions,elt_arguments/scalar/1024/width=1/nulls=false/fixed_literal=true/literal_null=false/index=dynamic,17,3257,0,1152
streamfusion,binary_expressions,elt_arguments/expanded_control/1024/width=1/nulls=false/fixed_literal=true/literal_null=false/index=dynamic,11,1864,0,1152
streamfusion,binary_expressions,elt_arguments/scalar/1024/width=1/nulls=false/fixed_literal=true/literal_null=false/index=first,18,7337,0,1024
streamfusion,binary_expressions,elt_arguments/expanded_control/1024/width=1/nulls=false/fixed_literal=true/literal_null=false/index=first,12,5944,0,1024
streamfusion,binary_expressions,elt_arguments/scalar/1024/width=1/nulls=false/fixed_literal=true/literal_null=false/index=literal,18,7337,0,1024
streamfusion,binary_expressions,elt_arguments/expanded_control/1024/width=1/nulls=false/fixed_literal=true/literal_null=false/index=literal,12,5944,0,1024
streamfusion,binary_expressions,elt_arguments/scalar/1024/width=1/nulls=false/fixed_literal=true/literal_null=false/index=invalid,20,7521,0,1152
streamfusion,binary_expressions,elt_arguments/expanded_control/1024/width=1/nulls=false/fixed_literal=true/literal_null=false/index=invalid,14,6128,0,1152
streamfusion,binary_expressions,elt_arguments/scalar/1024/width=1/nulls=false/fixed_literal=true/literal_null=false/index=null,23,7729,0,1152
streamfusion,binary_expressions,elt_arguments/expanded_control/1024/width=1/nulls=false/fixed_literal=true/literal_null=false/index=null,17,6336,0,1152
streamfusion,binary_expressions,elt_arguments/scalar/1024/width=1/nulls=false/fixed_literal=true/literal_null=true/index=dynamic,16,3256,0,1152
streamfusion,binary_expressions,elt_arguments/expanded_control/1024/width=1/nulls=false/fixed_literal=true/literal_null=true/index=dynamic,11,1864,0,1152
streamfusion,binary_expressions,elt_arguments/scalar/1024/width=1/nulls=false/fixed_literal=true/literal_null=true/index=first,17,7336,0,1024
streamfusion,binary_expressions,elt_arguments/expanded_control/1024/width=1/nulls=false/fixed_literal=true/literal_null=true/index=first,12,5944,0,1024
streamfusion,binary_expressions,elt_arguments/scalar/1024/width=1/nulls=false/fixed_literal=true/literal_null=true/index=literal,19,7520,0,1152
streamfusion,binary_expressions,elt_arguments/expanded_control/1024/width=1/nulls=false/fixed_literal=true/literal_null=true/index=literal,14,6128,0,1152
streamfusion,binary_expressions,elt_arguments/scalar/1024/width=1/nulls=false/fixed_literal=true/literal_null=true/index=invalid,19,7520,0,1152
streamfusion,binary_expressions,elt_arguments/expanded_control/1024/width=1/nulls=false/fixed_literal=true/literal_null=true/index=invalid,14,6128,0,1152
streamfusion,binary_expressions,elt_arguments/scalar/1024/width=1/nulls=false/fixed_literal=true/literal_null=true/index=null,22,7728,0,1152
streamfusion,binary_expressions,elt_arguments/expanded_control/1024/width=1/nulls=false/fixed_literal=true/literal_null=true/index=null,17,6336,0,1152
streamfusion,binary_expressions,elt_arguments/scalar/1024/width=1/nulls=true/fixed_literal=false/literal_null=false/index=dynamic,17,7237,0,1152
streamfusion,binary_expressions,elt_arguments/expanded_control/1024/width=1/nulls=true/fixed_literal=false/literal_null=false/index=dynamic,11,1864,0,1152
streamfusion,binary_expressions,elt_arguments/scalar/1024/width=1/nulls=true/fixed_literal=false/literal_null=false/index=first,20,11501,0,1152
streamfusion,binary_expressions,elt_arguments/expanded_control/1024/width=1/nulls=true/fixed_literal=false/literal_null=false/index=first,14,6128,0,1152
streamfusion,binary_expressions,elt_arguments/scalar/1024/width=1/nulls=true/fixed_literal=false/literal_null=false/index=literal,18,11317,0,1024
streamfusion,binary_expressions,elt_arguments/expanded_control/1024/width=1/nulls=true/fixed_literal=false/literal_null=false/index=literal,12,5944,0,1024
streamfusion,binary_expressions,elt_arguments/scalar/1024/width=1/nulls=true/fixed_literal=false/literal_null=false/index=invalid,20,11501,0,1152
streamfusion,binary_expressions,elt_arguments/expanded_control/1024/width=1/nulls=true/fixed_literal=false/literal_null=false/index=invalid,14,6128,0,1152
streamfusion,binary_expressions,elt_arguments/scalar/1024/width=1/nulls=true/fixed_literal=false/literal_null=false/index=null,23,11709,0,1152
streamfusion,binary_expressions,elt_arguments/expanded_control/1024/width=1/nulls=true/fixed_literal=false/literal_null=false/index=null,17,6336,0,1152
streamfusion,binary_expressions,elt_arguments/scalar/1024/width=1/nulls=true/fixed_literal=false/literal_null=true/index=dynamic,18,6444,0,1152
streamfusion,binary_expressions,elt_arguments/expanded_control/1024/width=1/nulls=true/fixed_literal=false/literal_null=true/index=dynamic,11,1864,0,1152
streamfusion,binary_expressions,elt_arguments/scalar/1024/width=1/nulls=true/fixed_literal=false/literal_null=true/index=first,21,10708,0,1152
streamfusion,binary_expressions,elt_arguments/expanded_control/1024/width=1/nulls=true/fixed_literal=false/literal_null=true/index=first,14,6128,0,1152
streamfusion,binary_expressions,elt_arguments/scalar/1024/width=1/nulls=true/fixed_literal=false/literal_null=true/index=literal,21,10708,0,1152
streamfusion,binary_expressions,elt_arguments/expanded_control/1024/width=1/nulls=true/fixed_literal=false/literal_null=true/index=literal,14,6128,0,1152
streamfusion,binary_expressions,elt_arguments/scalar/1024/width=1/nulls=true/fixed_literal=false/literal_null=true/index=invalid,21,10708,0,1152
streamfusion,binary_expressions,elt_arguments/expanded_control/1024/width=1/nulls=true/fixed_literal=false/literal_null=true/index=invalid,14,6128,0,1152
streamfusion,binary_expressions,elt_arguments/scalar/1024/width=1/nulls=true/fixed_literal=false/literal_null=true/index=null,24,10916,0,1152
streamfusion,binary_expressions,elt_arguments/expanded_control/1024/width=1/nulls=true/fixed_literal=false/literal_null=true/index=null,17,6336,0,1152
streamfusion,binary_expressions,elt_arguments/scalar/1024/width=1/nulls=true/fixed_literal=true/literal_null=false/index=dynamic,17,3257,0,1152
streamfusion,binary_expressions,elt_arguments/expanded_control/1024/width=1/nulls=true/fixed_literal=true/literal_null=false/index=dynamic,11,1864,0,1152
streamfusion,binary_expressions,elt_arguments/scalar/1024/width=1/nulls=true/fixed_literal=true/literal_null=false/index=first,20,7521,0,1152
streamfusion,binary_expressions,elt_arguments/expanded_control/1024/width=1/nulls=true/fixed_literal=true/literal_null=false/index=first,14,6128,0,1152
streamfusion,binary_expressions,elt_arguments/scalar/1024/width=1/nulls=true/fixed_literal=true/literal_null=false/index=literal,18,7337,0,1024
streamfusion,binary_expressions,elt_arguments/expanded_control/1024/width=1/nulls=true/fixed_literal=true/literal_null=false/index=literal,12,5944,0,1024
streamfusion,binary_expressions,elt_arguments/scalar/1024/width=1/nulls=true/fixed_literal=true/literal_null=false/index=invalid,20,7521,0,1152
streamfusion,binary_expressions,elt_arguments/expanded_control/1024/width=1/nulls=true/fixed_literal=true/literal_null=false/index=invalid,14,6128,0,1152
streamfusion,binary_expressions,elt_arguments/scalar/1024/width=1/nulls=true/fixed_literal=true/literal_null=false/index=null,23,7729,0,1152
streamfusion,binary_expressions,elt_arguments/expanded_control/1024/width=1/nulls=true/fixed_literal=true/literal_null=false/index=null,17,6336,0,1152
streamfusion,binary_expressions,elt_arguments/scalar/1024/width=1/nulls=true/fixed_literal=true/literal_null=true/index=dynamic,16,3256,0,1152
streamfusion,binary_expressions,elt_arguments/expanded_control/1024/width=1/nulls=true/fixed_literal=true/literal_null=true/index=dynamic,11,1864,0,1152
streamfusion,binary_expressions,elt_arguments/scalar/1024/width=1/nulls=true/fixed_literal=true/literal_null=true/index=first,19,7520,0,1152
streamfusion,binary_expressions,elt_arguments/expanded_control/1024/width=1/nulls=true/fixed_literal=true/literal_null=true/index=first,14,6128,0,1152
streamfusion,binary_expressions,elt_arguments/scalar/1024/width=1/nulls=true/fixed_literal=true/literal_null=true/index=literal,19,7520,0,1152
streamfusion,binary_expressions,elt_arguments/expanded_control/1024/width=1/nulls=true/fixed_literal=true/literal_null=true/index=literal,14,6128,0,1152
streamfusion,binary_expressions,elt_arguments/scalar/1024/width=1/nulls=true/fixed_literal=true/literal_null=true/index=invalid,19,7520,0,1152
streamfusion,binary_expressions,elt_arguments/expanded_control/1024/width=1/nulls=true/fixed_literal=true/literal_null=true/index=invalid,14,6128,0,1152
streamfusion,binary_expressions,elt_arguments/scalar/1024/width=1/nulls=true/fixed_literal=true/literal_null=true/index=null,22,7728,0,1152
streamfusion,binary_expressions,elt_arguments/expanded_control/1024/width=1/nulls=true/fixed_literal=true/literal_null=true/index=null,17,6336,0,1152
streamfusion,binary_expressions,elt_arguments/scalar/1024/width=16/nulls=false/fixed_literal=false/literal_null=false/index=dynamic,17,37972,0,16512
streamfusion,binary_expressions,elt_arguments/expanded_control/1024/width=16/nulls=false/fixed_literal=false/literal_null=false/index=dynamic,11,17224,0,16512
streamfusion,binary_expressions,elt_arguments/scalar/1024/width=16/nulls=false/fixed_literal=false/literal_null=false/index=first,18,42052,0,16384
streamfusion,binary_expressions,elt_arguments/expanded_control/1024/width=16/nulls=false/fixed_literal=false/literal_null=false/index=first,12,21304,0,16384
streamfusion,binary_expressions,elt_arguments/scalar/1024/width=16/nulls=false/fixed_literal=false/literal_null=false/index=literal,18,42052,0,16384
streamfusion,binary_expressions,elt_arguments/expanded_control/1024/width=16/nulls=false/fixed_literal=false/literal_null=false/index=literal,12,21304,0,16384
streamfusion,binary_expressions,elt_arguments/scalar/1024/width=16/nulls=false/fixed_literal=false/literal_null=false/index=invalid,20,42236,0,16512
streamfusion,binary_expressions,elt_arguments/expanded_control/1024/width=16/nulls=false/fixed_literal=false/literal_null=false/index=invalid,14,21488,0,16512
streamfusion,binary_expressions,elt_arguments/scalar/1024/width=16/nulls=false/fixed_literal=false/literal_null=false/index=null,23,42444,0,16512
streamfusion,binary_expressions,elt_arguments/expanded_control/1024/width=16/nulls=false/fixed_literal=false/literal_null=false/index=null,17,21696,0,16512
streamfusion,binary_expressions,elt_arguments/scalar/1024/width=16/nulls=false/fixed_literal=false/literal_null=true/index=dynamic,18,21804,0,16512
streamfusion,binary_expressions,elt_arguments/expanded_control/1024/width=16/nulls=false/fixed_literal=false/literal_null=true/index=dynamic,11,17224,0,16512
streamfusion,binary_expressions,elt_arguments/scalar/1024/width=16/nulls=false/fixed_literal=false/literal_null=true/index=first,19,25884,0,16384
streamfusion,binary_expressions,elt_arguments/expanded_control/1024/width=16/nulls=false/fixed_literal=false/literal_null=true/index=first,12,21304,0,16384
streamfusion,binary_expressions,elt_arguments/scalar/1024/width=16/nulls=false/fixed_literal=false/literal_null=true/index=literal,21,26068,0,16512
streamfusion,binary_expressions,elt_arguments/expanded_control/1024/width=16/nulls=false/fixed_literal=false/literal_null=true/index=literal,14,21488,0,16512
streamfusion,binary_expressions,elt_arguments/scalar/1024/width=16/nulls=false/fixed_literal=false/literal_null=true/index=invalid,21,26068,0,16512
streamfusion,binary_expressions,elt_arguments/expanded_control/1024/width=16/nulls=false/fixed_literal=false/literal_null=true/index=invalid,14,21488,0,16512
streamfusion,binary_expressions,elt_arguments/scalar/1024/width=16/nulls=false/fixed_literal=false/literal_null=true/index=null,24,26276,0,16512
streamfusion,binary_expressions,elt_arguments/expanded_control/1024/width=16/nulls=false/fixed_literal=false/literal_null=true/index=null,17,21696,0,16512
streamfusion,binary_expressions,elt_arguments/scalar/1024/width=16/nulls=false/fixed_literal=true/literal_null=false/index=dynamic,17,33992,0,16512
streamfusion,binary_expressions,elt_arguments/expanded_control/1024/width=16/nulls=false/fixed_literal=true/literal_null=false/index=dynamic,11,17224,0,16512
streamfusion,binary_expressions,elt_arguments/scalar/1024/width=16/nulls=false/fixed_literal=true/literal_null=false/index=first,18,38072,0,16384
streamfusion,binary_expressions,elt_arguments/expanded_control/1024/width=16/nulls=false/fixed_literal=true/literal_null=false/index=first,12,21304,0,16384
streamfusion,binary_expressions,elt_arguments/scalar/1024/width=16/nulls=false/fixed_literal=true/literal_null=false/index=literal,18,38072,0,16384
streamfusion,binary_expressions,elt_arguments/expanded_control/1024/width=16/nulls=false/fixed_literal=true/literal_null=false/index=literal,12,21304,0,16384
streamfusion,binary_expressions,elt_arguments/scalar/1024/width=16/nulls=false/fixed_literal=true/literal_null=false/index=invalid,20,38256,0,16512
streamfusion,binary_expressions,elt_arguments/expanded_control/1024/width=16/nulls=false/fixed_literal=true/literal_null=false/index=invalid,14,21488,0,16512
streamfusion,binary_expressions,elt_arguments/scalar/1024/width=16/nulls=false/fixed_literal=true/literal_null=false/index=null,23,38464,0,16512
streamfusion,binary_expressions,elt_arguments/expanded_control/1024/width=16/nulls=false/fixed_literal=true/literal_null=false/index=null,17,21696,0,16512
streamfusion,binary_expressions,elt_arguments/scalar/1024/width=16/nulls=false/fixed_literal=true/literal_null=true/index=dynamic,16,33976,0,16512
streamfusion,binary_expressions,elt_arguments/expanded_control/1024/width=16/nulls=false/fixed_literal=true/literal_null=true/index=dynamic,11,17224,0,16512
streamfusion,binary_expressions,elt_arguments/scalar/1024/width=16/nulls=false/fixed_literal=true/literal_null=true/index=first,17,38056,0,16384
streamfusion,binary_expressions,elt_arguments/expanded_control/1024/width=16/nulls=false/fixed_literal=true/literal_null=true/index=first,12,21304,0,16384
streamfusion,binary_expressions,elt_arguments/scalar/1024/width=16/nulls=false/fixed_literal=true/literal_null=true/index=literal,19,38240,0,16512
streamfusion,binary_expressions,elt_arguments/expanded_control/1024/width=16/nulls=false/fixed_literal=true/literal_null=true/index=literal,14,21488,0,16512
streamfusion,binary_expressions,elt_arguments/scalar/1024/width=16/nulls=false/fixed_literal=true/literal_null=true/index=invalid,19,38240,0,16512
streamfusion,binary_expressions,elt_arguments/expanded_control/1024/width=16/nulls=false/fixed_literal=true/literal_null=true/index=invalid,14,21488,0,16512
streamfusion,binary_expressions,elt_arguments/scalar/1024/width=16/nulls=false/fixed_literal=true/literal_null=true/index=null,22,38448,0,16512
streamfusion,binary_expressions,elt_arguments/expanded_control/1024/width=16/nulls=false/fixed_literal=true/literal_null=true/index=null,17,21696,0,16512
streamfusion,binary_expressions,elt_arguments/scalar/1024/width=16/nulls=true/fixed_literal=false/literal_null=false/index=dynamic,17,37972,0,16512
streamfusion,binary_expressions,elt_arguments/expanded_control/1024/width=16/nulls=true/fixed_literal=false/literal_null=false/index=dynamic,11,17224,0,16512
streamfusion,binary_expressions,elt_arguments/scalar/1024/width=16/nulls=true/fixed_literal=false/literal_null=false/index=first,20,42236,0,16512
streamfusion,binary_expressions,elt_arguments/expanded_control/1024/width=16/nulls=true/fixed_literal=false/literal_null=false/index=first,14,21488,0,16512
streamfusion,binary_expressions,elt_arguments/scalar/1024/width=16/nulls=true/fixed_literal=false/literal_null=false/index=literal,18,42052,0,16384
streamfusion,binary_expressions,elt_arguments/expanded_control/1024/width=16/nulls=true/fixed_literal=false/literal_null=false/index=literal,12,21304,0,16384
streamfusion,binary_expressions,elt_arguments/scalar/1024/width=16/nulls=true/fixed_literal=false/literal_null=false/index=invalid,20,42236,0,16512
streamfusion,binary_expressions,elt_arguments/expanded_control/1024/width=16/nulls=true/fixed_literal=false/literal_null=false/index=invalid,14,21488,0,16512
streamfusion,binary_expressions,elt_arguments/scalar/1024/width=16/nulls=true/fixed_literal=false/literal_null=false/index=null,23,42444,0,16512
streamfusion,binary_expressions,elt_arguments/expanded_control/1024/width=16/nulls=true/fixed_literal=false/literal_null=false/index=null,17,21696,0,16512
streamfusion,binary_expressions,elt_arguments/scalar/1024/width=16/nulls=true/fixed_literal=false/literal_null=true/index=dynamic,18,21804,0,16512
streamfusion,binary_expressions,elt_arguments/expanded_control/1024/width=16/nulls=true/fixed_literal=false/literal_null=true/index=dynamic,11,17224,0,16512
streamfusion,binary_expressions,elt_arguments/scalar/1024/width=16/nulls=true/fixed_literal=false/literal_null=true/index=first,21,26068,0,16512
streamfusion,binary_expressions,elt_arguments/expanded_control/1024/width=16/nulls=true/fixed_literal=false/literal_null=true/index=first,14,21488,0,16512
streamfusion,binary_expressions,elt_arguments/scalar/1024/width=16/nulls=true/fixed_literal=false/literal_null=true/index=literal,21,26068,0,16512
streamfusion,binary_expressions,elt_arguments/expanded_control/1024/width=16/nulls=true/fixed_literal=false/literal_null=true/index=literal,14,21488,0,16512
streamfusion,binary_expressions,elt_arguments/scalar/1024/width=16/nulls=true/fixed_literal=false/literal_null=true/index=invalid,21,26068,0,16512
streamfusion,binary_expressions,elt_arguments/expanded_control/1024/width=16/nulls=true/fixed_literal=false/literal_null=true/index=invalid,14,21488,0,16512
streamfusion,binary_expressions,elt_arguments/scalar/1024/width=16/nulls=true/fixed_literal=false/literal_null=true/index=null,24,26276,0,16512
streamfusion,binary_expressions,elt_arguments/expanded_control/1024/width=16/nulls=true/fixed_literal=false/literal_null=true/index=null,17,21696,0,16512
streamfusion,binary_expressions,elt_arguments/scalar/1024/width=16/nulls=true/fixed_literal=true/literal_null=false/index=dynamic,17,33992,0,16512
streamfusion,binary_expressions,elt_arguments/expanded_control/1024/width=16/nulls=true/fixed_literal=true/literal_null=false/index=dynamic,11,17224,0,16512
streamfusion,binary_expressions,elt_arguments/scalar/1024/width=16/nulls=true/fixed_literal=true/literal_null=false/index=first,20,38256,0,16512
streamfusion,binary_expressions,elt_arguments/expanded_control/1024/width=16/nulls=true/fixed_literal=true/literal_null=false/index=first,14,21488,0,16512
streamfusion,binary_expressions,elt_arguments/scalar/1024/width=16/nulls=true/fixed_literal=true/literal_null=false/index=literal,18,38072,0,16384
streamfusion,binary_expressions,elt_arguments/expanded_control/1024/width=16/nulls=true/fixed_literal=true/literal_null=false/index=literal,12,21304,0,16384
streamfusion,binary_expressions,elt_arguments/scalar/1024/width=16/nulls=true/fixed_literal=true/literal_null=false/index=invalid,20,38256,0,16512
streamfusion,binary_expressions,elt_arguments/expanded_control/1024/width=16/nulls=true/fixed_literal=true/literal_null=false/index=invalid,14,21488,0,16512
streamfusion,binary_expressions,elt_arguments/scalar/1024/width=16/nulls=true/fixed_literal=true/literal_null=false/index=null,23,38464,0,16512
streamfusion,binary_expressions,elt_arguments/expanded_control/1024/width=16/nulls=true/fixed_literal=true/literal_null=false/index=null,17,21696,0,16512
streamfusion,binary_expressions,elt_arguments/scalar/1024/width=16/nulls=true/fixed_literal=true/literal_null=true/index=dynamic,16,33976,0,16512
streamfusion,binary_expressions,elt_arguments/expanded_control/1024/width=16/nulls=true/fixed_literal=true/literal_null=true/index=dynamic,11,17224,0,16512
streamfusion,binary_expressions,elt_arguments/scalar/1024/width=16/nulls=true/fixed_literal=true/literal_null=true/index=first,19,38240,0,16512
streamfusion,binary_expressions,elt_arguments/expanded_control/1024/width=16/nulls=true/fixed_literal=true/literal_null=true/index=first,14,21488,0,16512
streamfusion,binary_expressions,elt_arguments/scalar/1024/width=16/nulls=true/fixed_literal=true/literal_null=true/index=literal,19,38240,0,16512
streamfusion,binary_expressions,elt_arguments/expanded_control/1024/width=16/nulls=true/fixed_literal=true/literal_null=true/index=literal,14,21488,0,16512
streamfusion,binary_expressions,elt_arguments/scalar/1024/width=16/nulls=true/fixed_literal=true/literal_null=true/index=invalid,19,38240,0,16512
streamfusion,binary_expressions,elt_arguments/expanded_control/1024/width=16/nulls=true/fixed_literal=true/literal_null=true/index=invalid,14,21488,0,16512
streamfusion,binary_expressions,elt_arguments/scalar/1024/width=16/nulls=true/fixed_literal=true/literal_null=true/index=null,22,38448,0,16512
streamfusion,binary_expressions,elt_arguments/expanded_control/1024/width=16/nulls=true/fixed_literal=true/literal_null=true/index=null,17,21696,0,16512
streamfusion,binary_expressions,elt_arguments/scalar/1024/width=256/nulls=false/fixed_literal=false/literal_null=false/index=dynamic,17,529732,0,262272
streamfusion,binary_expressions,elt_arguments/expanded_control/1024/width=256/nulls=false/fixed_literal=false/literal_null=false/index=dynamic,11,262984,0,262272
streamfusion,binary_expressions,elt_arguments/scalar/1024/width=256/nulls=false/fixed_literal=false/literal_null=false/index=first,18,533812,0,262144
streamfusion,binary_expressions,elt_arguments/expanded_control/1024/width=256/nulls=false/fixed_literal=false/literal_null=false/index=first,12,267064,0,262144
streamfusion,binary_expressions,elt_arguments/scalar/1024/width=256/nulls=false/fixed_literal=false/literal_null=false/index=literal,18,533812,0,262144
streamfusion,binary_expressions,elt_arguments/expanded_control/1024/width=256/nulls=false/fixed_literal=false/literal_null=false/index=literal,12,267064,0,262144
streamfusion,binary_expressions,elt_arguments/scalar/1024/width=256/nulls=false/fixed_literal=false/literal_null=false/index=invalid,20,533996,0,262272
streamfusion,binary_expressions,elt_arguments/expanded_control/1024/width=256/nulls=false/fixed_literal=false/literal_null=false/index=invalid,14,267248,0,262272
streamfusion,binary_expressions,elt_arguments/scalar/1024/width=256/nulls=false/fixed_literal=false/literal_null=false/index=null,23,534204,0,262272
streamfusion,binary_expressions,elt_arguments/expanded_control/1024/width=256/nulls=false/fixed_literal=false/literal_null=false/index=null,17,267456,0,262272
streamfusion,binary_expressions,elt_arguments/scalar/1024/width=256/nulls=false/fixed_literal=false/literal_null=true/index=dynamic,18,267564,0,262272
streamfusion,binary_expressions,elt_arguments/expanded_control/1024/width=256/nulls=false/fixed_literal=false/literal_null=true/index=dynamic,11,262984,0,262272
streamfusion,binary_expressions,elt_arguments/scalar/1024/width=256/nulls=false/fixed_literal=false/literal_null=true/index=first,19,271644,0,262144
streamfusion,binary_expressions,elt_arguments/expanded_control/1024/width=256/nulls=false/fixed_literal=false/literal_null=true/index=first,12,267064,0,262144
streamfusion,binary_expressions,elt_arguments/scalar/1024/width=256/nulls=false/fixed_literal=false/literal_null=true/index=literal,21,271828,0,262272
streamfusion,binary_expressions,elt_arguments/expanded_control/1024/width=256/nulls=false/fixed_literal=false/literal_null=true/index=literal,14,267248,0,262272
streamfusion,binary_expressions,elt_arguments/scalar/1024/width=256/nulls=false/fixed_literal=false/literal_null=true/index=invalid,21,271828,0,262272
streamfusion,binary_expressions,elt_arguments/expanded_control/1024/width=256/nulls=false/fixed_literal=false/literal_null=true/index=invalid,14,267248,0,262272
streamfusion,binary_expressions,elt_arguments/scalar/1024/width=256/nulls=false/fixed_literal=false/literal_null=true/index=null,24,272036,0,262272
streamfusion,binary_expressions,elt_arguments/expanded_control/1024/width=256/nulls=false/fixed_literal=false/literal_null=true/index=null,17,267456,0,262272
streamfusion,binary_expressions,elt_arguments/scalar/1024/width=256/nulls=false/fixed_literal=true/literal_null=false/index=dynamic,17,525752,0,262272
streamfusion,binary_expressions,elt_arguments/expanded_control/1024/width=256/nulls=false/fixed_literal=true/literal_null=false/index=dynamic,11,262984,0,262272
streamfusion,binary_expressions,elt_arguments/scalar/1024/width=256/nulls=false/fixed_literal=true/literal_null=false/index=first,18,529832,0,262144
streamfusion,binary_expressions,elt_arguments/expanded_control/1024/width=256/nulls=false/fixed_literal=true/literal_null=false/index=first,12,267064,0,262144
streamfusion,binary_expressions,elt_arguments/scalar/1024/width=256/nulls=false/fixed_literal=true/literal_null=false/index=literal,18,529832,0,262144
streamfusion,binary_expressions,elt_arguments/expanded_control/1024/width=256/nulls=false/fixed_literal=true/literal_null=false/index=literal,12,267064,0,262144
streamfusion,binary_expressions,elt_arguments/scalar/1024/width=256/nulls=false/fixed_literal=true/literal_null=false/index=invalid,20,530016,0,262272
streamfusion,binary_expressions,elt_arguments/expanded_control/1024/width=256/nulls=false/fixed_literal=true/literal_null=false/index=invalid,14,267248,0,262272
streamfusion,binary_expressions,elt_arguments/scalar/1024/width=256/nulls=false/fixed_literal=true/literal_null=false/index=null,23,530224,0,262272
streamfusion,binary_expressions,elt_arguments/expanded_control/1024/width=256/nulls=false/fixed_literal=true/literal_null=false/index=null,17,267456,0,262272
streamfusion,binary_expressions,elt_arguments/scalar/1024/width=256/nulls=false/fixed_literal=true/literal_null=true/index=dynamic,16,525496,0,262272
streamfusion,binary_expressions,elt_arguments/expanded_control/1024/width=256/nulls=false/fixed_literal=true/literal_null=true/index=dynamic,11,262984,0,262272
streamfusion,binary_expressions,elt_arguments/scalar/1024/width=256/nulls=false/fixed_literal=true/literal_null=true/index=first,17,529576,0,262144
streamfusion,binary_expressions,elt_arguments/expanded_control/1024/width=256/nulls=false/fixed_literal=true/literal_null=true/index=first,12,267064,0,262144
streamfusion,binary_expressions,elt_arguments/scalar/1024/width=256/nulls=false/fixed_literal=true/literal_null=true/index=literal,19,529760,0,262272
streamfusion,binary_expressions,elt_arguments/expanded_control/1024/width=256/nulls=false/fixed_literal=true/literal_null=true/index=literal,14,267248,0,262272
streamfusion,binary_expressions,elt_arguments/scalar/1024/width=256/nulls=false/fixed_literal=true/literal_null=true/index=invalid,19,529760,0,262272
streamfusion,binary_expressions,elt_arguments/expanded_control/1024/width=256/nulls=false/fixed_literal=true/literal_null=true/index=invalid,14,267248,0,262272
streamfusion,binary_expressions,elt_arguments/scalar/1024/width=256/nulls=false/fixed_literal=true/literal_null=true/index=null,22,529968,0,262272
streamfusion,binary_expressions,elt_arguments/expanded_control/1024/width=256/nulls=false/fixed_literal=true/literal_null=true/index=null,17,267456,0,262272
streamfusion,binary_expressions,elt_arguments/scalar/1024/width=256/nulls=true/fixed_literal=false/literal_null=false/index=dynamic,17,529732,0,262272
streamfusion,binary_expressions,elt_arguments/expanded_control/1024/width=256/nulls=true/fixed_literal=false/literal_null=false/index=dynamic,11,262984,0,262272
streamfusion,binary_expressions,elt_arguments/scalar/1024/width=256/nulls=true/fixed_literal=false/literal_null=false/index=first,20,533996,0,262272
streamfusion,binary_expressions,elt_arguments/expanded_control/1024/width=256/nulls=true/fixed_literal=false/literal_null=false/index=first,14,267248,0,262272
streamfusion,binary_expressions,elt_arguments/scalar/1024/width=256/nulls=true/fixed_literal=false/literal_null=false/index=literal,18,533812,0,262144
streamfusion,binary_expressions,elt_arguments/expanded_control/1024/width=256/nulls=true/fixed_literal=false/literal_null=false/index=literal,12,267064,0,262144
streamfusion,binary_expressions,elt_arguments/scalar/1024/width=256/nulls=true/fixed_literal=false/literal_null=false/index=invalid,20,533996,0,262272
streamfusion,binary_expressions,elt_arguments/expanded_control/1024/width=256/nulls=true/fixed_literal=false/literal_null=false/index=invalid,14,267248,0,262272
streamfusion,binary_expressions,elt_arguments/scalar/1024/width=256/nulls=true/fixed_literal=false/literal_null=false/index=null,23,534204,0,262272
streamfusion,binary_expressions,elt_arguments/expanded_control/1024/width=256/nulls=true/fixed_literal=false/literal_null=false/index=null,17,267456,0,262272
streamfusion,binary_expressions,elt_arguments/scalar/1024/width=256/nulls=true/fixed_literal=false/literal_null=true/index=dynamic,18,267564,0,262272
streamfusion,binary_expressions,elt_arguments/expanded_control/1024/width=256/nulls=true/fixed_literal=false/literal_null=true/index=dynamic,11,262984,0,262272
streamfusion,binary_expressions,elt_arguments/scalar/1024/width=256/nulls=true/fixed_literal=false/literal_null=true/index=first,21,271828,0,262272
streamfusion,binary_expressions,elt_arguments/expanded_control/1024/width=256/nulls=true/fixed_literal=false/literal_null=true/index=first,14,267248,0,262272
streamfusion,binary_expressions,elt_arguments/scalar/1024/width=256/nulls=true/fixed_literal=false/literal_null=true/index=literal,21,271828,0,262272
streamfusion,binary_expressions,elt_arguments/expanded_control/1024/width=256/nulls=true/fixed_literal=false/literal_null=true/index=literal,14,267248,0,262272
streamfusion,binary_expressions,elt_arguments/scalar/1024/width=256/nulls=true/fixed_literal=false/literal_null=true/index=invalid,21,271828,0,262272
streamfusion,binary_expressions,elt_arguments/expanded_control/1024/width=256/nulls=true/fixed_literal=false/literal_null=true/index=invalid,14,267248,0,262272
streamfusion,binary_expressions,elt_arguments/scalar/1024/width=256/nulls=true/fixed_literal=false/literal_null=true/index=null,24,272036,0,262272
streamfusion,binary_expressions,elt_arguments/expanded_control/1024/width=256/nulls=true/fixed_literal=false/literal_null=true/index=null,17,267456,0,262272
streamfusion,binary_expressions,elt_arguments/scalar/1024/width=256/nulls=true/fixed_literal=true/literal_null=false/index=dynamic,17,525752,0,262272
streamfusion,binary_expressions,elt_arguments/expanded_control/1024/width=256/nulls=true/fixed_literal=true/literal_null=false/index=dynamic,11,262984,0,262272
streamfusion,binary_expressions,elt_arguments/scalar/1024/width=256/nulls=true/fixed_literal=true/literal_null=false/index=first,20,530016,0,262272
streamfusion,binary_expressions,elt_arguments/expanded_control/1024/width=256/nulls=true/fixed_literal=true/literal_null=false/index=first,14,267248,0,262272
streamfusion,binary_expressions,elt_arguments/scalar/1024/width=256/nulls=true/fixed_literal=true/literal_null=false/index=literal,18,529832,0,262144
streamfusion,binary_expressions,elt_arguments/expanded_control/1024/width=256/nulls=true/fixed_literal=true/literal_null=false/index=literal,12,267064,0,262144
streamfusion,binary_expressions,elt_arguments/scalar/1024/width=256/nulls=true/fixed_literal=true/literal_null=false/index=invalid,20,530016,0,262272
streamfusion,binary_expressions,elt_arguments/expanded_control/1024/width=256/nulls=true/fixed_literal=true/literal_null=false/index=invalid,14,267248,0,262272
streamfusion,binary_expressions,elt_arguments/scalar/1024/width=256/nulls=true/fixed_literal=true/literal_null=false/index=null,23,530224,0,262272
streamfusion,binary_expressions,elt_arguments/expanded_control/1024/width=256/nulls=true/fixed_literal=true/literal_null=false/index=null,17,267456,0,262272
streamfusion,binary_expressions,elt_arguments/scalar/1024/width=256/nulls=true/fixed_literal=true/literal_null=true/index=dynamic,16,525496,0,262272
streamfusion,binary_expressions,elt_arguments/expanded_control/1024/width=256/nulls=true/fixed_literal=true/literal_null=true/index=dynamic,11,262984,0,262272
streamfusion,binary_expressions,elt_arguments/scalar/1024/width=256/nulls=true/fixed_literal=true/literal_null=true/index=first,19,529760,0,262272
streamfusion,binary_expressions,elt_arguments/expanded_control/1024/width=256/nulls=true/fixed_literal=true/literal_null=true/index=first,14,267248,0,262272
streamfusion,binary_expressions,elt_arguments/scalar/1024/width=256/nulls=true/fixed_literal=true/literal_null=true/index=literal,19,529760,0,262272
streamfusion,binary_expressions,elt_arguments/expanded_control/1024/width=256/nulls=true/fixed_literal=true/literal_null=true/index=literal,14,267248,0,262272
streamfusion,binary_expressions,elt_arguments/scalar/1024/width=256/nulls=true/fixed_literal=true/literal_null=true/index=invalid,19,529760,0,262272
streamfusion,binary_expressions,elt_arguments/expanded_control/1024/width=256/nulls=true/fixed_literal=true/literal_null=true/index=invalid,14,267248,0,262272
streamfusion,binary_expressions,elt_arguments/scalar/1024/width=256/nulls=true/fixed_literal=true/literal_null=true/index=null,22,529968,0,262272
streamfusion,binary_expressions,elt_arguments/expanded_control/1024/width=256/nulls=true/fixed_literal=true/literal_null=true/index=null,17,267456,0,262272
streamfusion,binary_expressions,elt_arguments/scalar/16384/width=1/nulls=false/fixed_literal=false/literal_null=false/index=dynamic,17,101317,0,18432
streamfusion,binary_expressions,elt_arguments/expanded_control/16384/width=1/nulls=false/fixed_literal=false/literal_null=false/index=dynamic,11,19144,0,18432
streamfusion,binary_expressions,elt_arguments/scalar/16384/width=1/nulls=false/fixed_literal=false/literal_null=false/index=first,18,164917,0,16384
streamfusion,binary_expressions,elt_arguments/expanded_control/16384/width=1/nulls=false/fixed_literal=false/literal_null=false/index=first,12,82744,0,16384
streamfusion,binary_expressions,elt_arguments/scalar/16384/width=1/nulls=false/fixed_literal=false/literal_null=false/index=literal,18,164917,0,16384
streamfusion,binary_expressions,elt_arguments/expanded_control/16384/width=1/nulls=false/fixed_literal=false/literal_null=false/index=literal,12,82744,0,16384
streamfusion,binary_expressions,elt_arguments/scalar/16384/width=1/nulls=false/fixed_literal=false/literal_null=false/index=invalid,20,167021,0,18432
streamfusion,binary_expressions,elt_arguments/expanded_control/16384/width=1/nulls=false/fixed_literal=false/literal_null=false/index=invalid,14,84848,0,18432
streamfusion,binary_expressions,elt_arguments/scalar/16384/width=1/nulls=false/fixed_literal=false/literal_null=false/index=null,23,169149,0,18432
streamfusion,binary_expressions,elt_arguments/expanded_control/16384/width=1/nulls=false/fixed_literal=false/literal_null=false/index=null,17,86976,0,18432
streamfusion,binary_expressions,elt_arguments/scalar/16384/width=1/nulls=false/fixed_literal=false/literal_null=true/index=dynamic,18,87084,0,18432
streamfusion,binary_expressions,elt_arguments/expanded_control/16384/width=1/nulls=false/fixed_literal=false/literal_null=true/index=dynamic,11,19144,0,18432
streamfusion,binary_expressions,elt_arguments/scalar/16384/width=1/nulls=false/fixed_literal=false/literal_null=true/index=first,19,150684,0,16384
streamfusion,binary_expressions,elt_arguments/expanded_control/16384/width=1/nulls=false/fixed_literal=false/literal_null=true/index=first,12,82744,0,16384
streamfusion,binary_expressions,elt_arguments/scalar/16384/width=1/nulls=false/fixed_literal=false/literal_null=true/index=literal,21,152788,0,18432
streamfusion,binary_expressions,elt_arguments/expanded_control/16384/width=1/nulls=false/fixed_literal=false/literal_null=true/index=literal,14,84848,0,18432
streamfusion,binary_expressions,elt_arguments/scalar/16384/width=1/nulls=false/fixed_literal=false/literal_null=true/index=invalid,21,152788,0,18432
streamfusion,binary_expressions,elt_arguments/expanded_control/16384/width=1/nulls=false/fixed_literal=false/literal_null=true/index=invalid,14,84848,0,18432
streamfusion,binary_expressions,elt_arguments/scalar/16384/width=1/nulls=false/fixed_literal=false/literal_null=true/index=null,24,154916,0,18432
streamfusion,binary_expressions,elt_arguments/expanded_control/16384/width=1/nulls=false/fixed_literal=false/literal_null=true/index=null,17,86976,0,18432
streamfusion,binary_expressions,elt_arguments/scalar/16384/width=1/nulls=false/fixed_literal=true/literal_null=false/index=dynamic,17,37817,0,18432
streamfusion,binary_expressions,elt_arguments/expanded_control/16384/width=1/nulls=false/fixed_literal=true/literal_null=false/index=dynamic,11,19144,0,18432
streamfusion,binary_expressions,elt_arguments/scalar/16384/width=1/nulls=false/fixed_literal=true/literal_null=false/index=first,18,101417,0,16384
streamfusion,binary_expressions,elt_arguments/expanded_control/16384/width=1/nulls=false/fixed_literal=true/literal_null=false/index=first,12,82744,0,16384
streamfusion,binary_expressions,elt_arguments/scalar/16384/width=1/nulls=false/fixed_literal=true/literal_null=false/index=literal,18,101417,0,16384
streamfusion,binary_expressions,elt_arguments/expanded_control/16384/width=1/nulls=false/fixed_literal=true/literal_null=false/index=literal,12,82744,0,16384
streamfusion,binary_expressions,elt_arguments/scalar/16384/width=1/nulls=false/fixed_literal=true/literal_null=false/index=invalid,20,103521,0,18432
streamfusion,binary_expressions,elt_arguments/expanded_control/16384/width=1/nulls=false/fixed_literal=true/literal_null=false/index=invalid,14,84848,0,18432
streamfusion,binary_expressions,elt_arguments/scalar/16384/width=1/nulls=false/fixed_literal=true/literal_null=false/index=null,23,105649,0,18432
streamfusion,binary_expressions,elt_arguments/expanded_control/16384/width=1/nulls=false/fixed_literal=true/literal_null=false/index=null,17,86976,0,18432
streamfusion,binary_expressions,elt_arguments/scalar/16384/width=1/nulls=false/fixed_literal=true/literal_null=true/index=dynamic,16,37816,0,18432
streamfusion,binary_expressions,elt_arguments/expanded_control/16384/width=1/nulls=false/fixed_literal=true/literal_null=true/index=dynamic,11,19144,0,18432
streamfusion,binary_expressions,elt_arguments/scalar/16384/width=1/nulls=false/fixed_literal=true/literal_null=true/index=first,17,101416,0,16384
streamfusion,binary_expressions,elt_arguments/expanded_control/16384/width=1/nulls=false/fixed_literal=true/literal_null=true/index=first,12,82744,0,16384
streamfusion,binary_expressions,elt_arguments/scalar/16384/width=1/nulls=false/fixed_literal=true/literal_null=true/index=literal,19,103520,0,18432
streamfusion,binary_expressions,elt_arguments/expanded_control/16384/width=1/nulls=false/fixed_literal=true/literal_null=true/index=literal,14,84848,0,18432
streamfusion,binary_expressions,elt_arguments/scalar/16384/width=1/nulls=false/fixed_literal=true/literal_null=true/index=invalid,19,103520,0,18432
streamfusion,binary_expressions,elt_arguments/expanded_control/16384/width=1/nulls=false/fixed_literal=true/literal_null=true/index=invalid,14,84848,0,18432
streamfusion,binary_expressions,elt_arguments/scalar/16384/width=1/nulls=false/fixed_literal=true/literal_null=true/index=null,22,105648,0,18432
streamfusion,binary_expressions,elt_arguments/expanded_control/16384/width=1/nulls=false/fixed_literal=true/literal_null=true/index=null,17,86976,0,18432
streamfusion,binary_expressions,elt_arguments/scalar/16384/width=1/nulls=true/fixed_literal=false/literal_null=false/index=dynamic,17,101317,0,18432
streamfusion,binary_expressions,elt_arguments/expanded_control/16384/width=1/nulls=true/fixed_literal=false/literal_null=false/index=dynamic,11,19144,0,18432
streamfusion,binary_expressions,elt_arguments/scalar/16384/width=1/nulls=true/fixed_literal=false/literal_null=false/index=first,20,167021,0,18432
streamfusion,binary_expressions,elt_arguments/expanded_control/16384/width=1/nulls=true/fixed_literal=false/literal_null=false/index=first,14,84848,0,18432
streamfusion,binary_expressions,elt_arguments/scalar/16384/width=1/nulls=true/fixed_literal=false/literal_null=false/index=literal,18,164917,0,16384
streamfusion,binary_expressions,elt_arguments/expanded_control/16384/width=1/nulls=true/fixed_literal=false/literal_null=false/index=literal,12,82744,0,16384
streamfusion,binary_expressions,elt_arguments/scalar/16384/width=1/nulls=true/fixed_literal=false/literal_null=false/index=invalid,20,167021,0,18432
streamfusion,binary_expressions,elt_arguments/expanded_control/16384/width=1/nulls=true/fixed_literal=false/literal_null=false/index=invalid,14,84848,0,18432
streamfusion,binary_expressions,elt_arguments/scalar/16384/width=1/nulls=true/fixed_literal=false/literal_null=false/index=null,23,169149,0,18432
streamfusion,binary_expressions,elt_arguments/expanded_control/16384/width=1/nulls=true/fixed_literal=false/literal_null=false/index=null,17,86976,0,18432
streamfusion,binary_expressions,elt_arguments/scalar/16384/width=1/nulls=true/fixed_literal=false/literal_null=true/index=dynamic,18,87084,0,18432
streamfusion,binary_expressions,elt_arguments/expanded_control/16384/width=1/nulls=true/fixed_literal=false/literal_null=true/index=dynamic,11,19144,0,18432
streamfusion,binary_expressions,elt_arguments/scalar/16384/width=1/nulls=true/fixed_literal=false/literal_null=true/index=first,21,152788,0,18432
streamfusion,binary_expressions,elt_arguments/expanded_control/16384/width=1/nulls=true/fixed_literal=false/literal_null=true/index=first,14,84848,0,18432
streamfusion,binary_expressions,elt_arguments/scalar/16384/width=1/nulls=true/fixed_literal=false/literal_null=true/index=literal,21,152788,0,18432
streamfusion,binary_expressions,elt_arguments/expanded_control/16384/width=1/nulls=true/fixed_literal=false/literal_null=true/index=literal,14,84848,0,18432
streamfusion,binary_expressions,elt_arguments/scalar/16384/width=1/nulls=true/fixed_literal=false/literal_null=true/index=invalid,21,152788,0,18432
streamfusion,binary_expressions,elt_arguments/expanded_control/16384/width=1/nulls=true/fixed_literal=false/literal_null=true/index=invalid,14,84848,0,18432
streamfusion,binary_expressions,elt_arguments/scalar/16384/width=1/nulls=true/fixed_literal=false/literal_null=true/index=null,24,154916,0,18432
streamfusion,binary_expressions,elt_arguments/expanded_control/16384/width=1/nulls=true/fixed_literal=false/literal_null=true/index=null,17,86976,0,18432
streamfusion,binary_expressions,elt_arguments/scalar/16384/width=1/nulls=true/fixed_literal=true/literal_null=false/index=dynamic,17,37817,0,18432
streamfusion,binary_expressions,elt_arguments/expanded_control/16384/width=1/nulls=true/fixed_literal=true/literal_null=false/index=dynamic,11,19144,0,18432
streamfusion,binary_expressions,elt_arguments/scalar/16384/width=1/nulls=true/fixed_literal=true/literal_null=false/index=first,20,103521,0,18432
streamfusion,binary_expressions,elt_arguments/expanded_control/16384/width=1/nulls=true/fixed_literal=true/literal_null=false/index=first,14,84848,0,18432
streamfusion,binary_expressions,elt_arguments/scalar/16384/width=1/nulls=true/fixed_literal=true/literal_null=false/index=literal,18,101417,0,16384
streamfusion,binary_expressions,elt_arguments/expanded_control/16384/width=1/nulls=true/fixed_literal=true/literal_null=false/index=literal,12,82744,0,16384
streamfusion,binary_expressions,elt_arguments/scalar/16384/width=1/nulls=true/fixed_literal=true/literal_null=false/index=invalid,20,103521,0,18432
streamfusion,binary_expressions,elt_arguments/expanded_control/16384/width=1/nulls=true/fixed_literal=true/literal_null=false/index=invalid,14,84848,0,18432
streamfusion,binary_expressions,elt_arguments/scalar/16384/width=1/nulls=true/fixed_literal=true/literal_null=false/index=null,23,105649,0,18432
streamfusion,binary_expressions,elt_arguments/expanded_control/16384/width=1/nulls=true/fixed_literal=true/literal_null=false/index=null,17,86976,0,18432
streamfusion,binary_expressions,elt_arguments/scalar/16384/width=1/nulls=true/fixed_literal=true/literal_null=true/index=dynamic,16,37816,0,18432
streamfusion,binary_expressions,elt_arguments/expanded_control/16384/width=1/nulls=true/fixed_literal=true/literal_null=true/index=dynamic,11,19144,0,18432
streamfusion,binary_expressions,elt_arguments/scalar/16384/width=1/nulls=true/fixed_literal=true/literal_null=true/index=first,19,103520,0,18432
streamfusion,binary_expressions,elt_arguments/expanded_control/16384/width=1/nulls=true/fixed_literal=true/literal_null=true/index=first,14,84848,0,18432
streamfusion,binary_expressions,elt_arguments/scalar/16384/width=1/nulls=true/fixed_literal=true/literal_null=true/index=literal,19,103520,0,18432
streamfusion,binary_expressions,elt_arguments/expanded_control/16384/width=1/nulls=true/fixed_literal=true/literal_null=true/index=literal,14,84848,0,18432
streamfusion,binary_expressions,elt_arguments/scalar/16384/width=1/nulls=true/fixed_literal=true/literal_null=true/index=invalid,19,103520,0,18432
streamfusion,binary_expressions,elt_arguments/expanded_control/16384/width=1/nulls=true/fixed_literal=true/literal_null=true/index=invalid,14,84848,0,18432
streamfusion,binary_expressions,elt_arguments/scalar/16384/width=1/nulls=true/fixed_literal=true/literal_null=true/index=null,22,105648,0,18432
streamfusion,binary_expressions,elt_arguments/expanded_control/16384/width=1/nulls=true/fixed_literal=true/literal_null=true/index=null,17,86976,0,18432
streamfusion,binary_expressions,elt_arguments/scalar/16384/width=16/nulls=false/fixed_literal=false/literal_null=false/index=dynamic,17,592852,0,264192
streamfusion,binary_expressions,elt_arguments/expanded_control/16384/width=16/nulls=false/fixed_literal=false/literal_null=false/index=dynamic,11,264904,0,264192
streamfusion,binary_expressions,elt_arguments/scalar/16384/width=16/nulls=false/fixed_literal=false/literal_null=false/index=first,18,656452,0,262144
streamfusion,binary_expressions,elt_arguments/expanded_control/16384/width=16/nulls=false/fixed_literal=false/literal_null=false/index=first,12,328504,0,262144
streamfusion,binary_expressions,elt_arguments/scalar/16384/width=16/nulls=false/fixed_literal=false/literal_null=false/index=literal,18,656452,0,262144
streamfusion,binary_expressions,elt_arguments/expanded_control/16384/width=16/nulls=false/fixed_literal=false/literal_null=false/index=literal,12,328504,0,262144
streamfusion,binary_expressions,elt_arguments/scalar/16384/width=16/nulls=false/fixed_literal=false/literal_null=false/index=invalid,20,658556,0,264192
streamfusion,binary_expressions,elt_arguments/expanded_control/16384/width=16/nulls=false/fixed_literal=false/literal_null=false/index=invalid,14,330608,0,264192
streamfusion,binary_expressions,elt_arguments/scalar/16384/width=16/nulls=false/fixed_literal=false/literal_null=false/index=null,23,660684,0,264192
streamfusion,binary_expressions,elt_arguments/expanded_control/16384/width=16/nulls=false/fixed_literal=false/literal_null=false/index=null,17,332736,0,264192
streamfusion,binary_expressions,elt_arguments/scalar/16384/width=16/nulls=false/fixed_literal=false/literal_null=true/index=dynamic,18,332844,0,264192
streamfusion,binary_expressions,elt_arguments/expanded_control/16384/width=16/nulls=false/fixed_literal=false/literal_null=true/index=dynamic,11,264904,0,264192
streamfusion,binary_expressions,elt_arguments/scalar/16384/width=16/nulls=false/fixed_literal=false/literal_null=true/index=first,19,396444,0,262144
streamfusion,binary_expressions,elt_arguments/expanded_control/16384/width=16/nulls=false/fixed_literal=false/literal_null=true/index=first,12,328504,0,262144
streamfusion,binary_expressions,elt_arguments/scalar/16384/width=16/nulls=false/fixed_literal=false/literal_null=true/index=literal,21,398548,0,264192
streamfusion,binary_expressions,elt_arguments/expanded_control/16384/width=16/nulls=false/fixed_literal=false/literal_null=true/index=literal,14,330608,0,264192
streamfusion,binary_expressions,elt_arguments/scalar/16384/width=16/nulls=false/fixed_literal=false/literal_null=true/index=invalid,21,398548,0,264192
streamfusion,binary_expressions,elt_arguments/expanded_control/16384/width=16/nulls=false/fixed_literal=false/literal_null=true/index=invalid,14,330608,0,264192
streamfusion,binary_expressions,elt_arguments/scalar/16384/width=16/nulls=false/fixed_literal=false/literal_null=true/index=null,24,400676,0,264192
streamfusion,binary_expressions,elt_arguments/expanded_control/16384/width=16/nulls=false/fixed_literal=false/literal_null=true/index=null,17,332736,0,264192
streamfusion,binary_expressions,elt_arguments/scalar/16384/width=16/nulls=false/fixed_literal=true/literal_null=false/index=dynamic,17,529352,0,264192
streamfusion,binary_expressions,elt_arguments/expanded_control/16384/width=16/nulls=false/fixed_literal=true/literal_null=false/index=dynamic,11,264904,0,264192
streamfusion,binary_expressions,elt_arguments/scalar/16384/width=16/nulls=false/fixed_literal=true/literal_null=false/index=first,18,592952,0,262144
streamfusion,binary_expressions,elt_arguments/expanded_control/16384/width=16/nulls=false/fixed_literal=true/literal_null=false/index=first,12,328504,0,262144
streamfusion,binary_expressions,elt_arguments/scalar/16384/width=16/nulls=false/fixed_literal=true/literal_null=false/index=literal,18,592952,0,262144
streamfusion,binary_expressions,elt_arguments/expanded_control/16384/width=16/nulls=false/fixed_literal=true/literal_null=false/index=literal,12,328504,0,262144
streamfusion,binary_expressions,elt_arguments/scalar/16384/width=16/nulls=false/fixed_literal=true/literal_null=false/index=invalid,20,595056,0,264192
streamfusion,binary_expressions,elt_arguments/expanded_control/16384/width=16/nulls=false/fixed_literal=true/literal_null=false/index=invalid,14,330608,0,264192
streamfusion,binary_expressions,elt_arguments/scalar/16384/width=16/nulls=false/fixed_literal=true/literal_null=false/index=null,23,597184,0,264192
streamfusion,binary_expressions,elt_arguments/expanded_control/16384/width=16/nulls=false/fixed_literal=true/literal_null=false/index=null,17,332736,0,264192
streamfusion,binary_expressions,elt_arguments/scalar/16384/width=16/nulls=false/fixed_literal=true/literal_null=true/index=dynamic,16,529336,0,264192
streamfusion,binary_expressions,elt_arguments/expanded_control/16384/width=16/nulls=false/fixed_literal=true/literal_null=true/index=dynamic,11,264904,0,264192
streamfusion,binary_expressions,elt_arguments/scalar/16384/width=16/nulls=false/fixed_literal=true/literal_null=true/index=first,17,592936,0,262144
streamfusion,binary_expressions,elt_arguments/expanded_control/16384/width=16/nulls=false/fixed_literal=true/literal_null=true/index=first,12,328504,0,262144
streamfusion,binary_expressions,elt_arguments/scalar/16384/width=16/nulls=false/fixed_literal=true/literal_null=true/index=literal,19,595040,0,264192
streamfusion,binary_expressions,elt_arguments/expanded_control/16384/width=16/nulls=false/fixed_literal=true/literal_null=true/index=literal,14,330608,0,264192
streamfusion,binary_expressions,elt_arguments/scalar/16384/width=16/nulls=false/fixed_literal=true/literal_null=true/index=invalid,19,595040,0,264192
streamfusion,binary_expressions,elt_arguments/expanded_control/16384/width=16/nulls=false/fixed_literal=true/literal_null=true/index=invalid,14,330608,0,264192
streamfusion,binary_expressions,elt_arguments/scalar/16384/width=16/nulls=false/fixed_literal=true/literal_null=true/index=null,22,597168,0,264192
streamfusion,binary_expressions,elt_arguments/expanded_control/16384/width=16/nulls=false/fixed_literal=true/literal_null=true/index=null,17,332736,0,264192
streamfusion,binary_expressions,elt_arguments/scalar/16384/width=16/nulls=true/fixed_literal=false/literal_null=false/index=dynamic,17,592852,0,264192
streamfusion,binary_expressions,elt_arguments/expanded_control/16384/width=16/nulls=true/fixed_literal=false/literal_null=false/index=dynamic,11,264904,0,264192
streamfusion,binary_expressions,elt_arguments/scalar/16384/width=16/nulls=true/fixed_literal=false/literal_null=false/index=first,20,658556,0,264192
streamfusion,binary_expressions,elt_arguments/expanded_control/16384/width=16/nulls=true/fixed_literal=false/literal_null=false/index=first,14,330608,0,264192
streamfusion,binary_expressions,elt_arguments/scalar/16384/width=16/nulls=true/fixed_literal=false/literal_null=false/index=literal,18,656452,0,262144
streamfusion,binary_expressions,elt_arguments/expanded_control/16384/width=16/nulls=true/fixed_literal=false/literal_null=false/index=literal,12,328504,0,262144
streamfusion,binary_expressions,elt_arguments/scalar/16384/width=16/nulls=true/fixed_literal=false/literal_null=false/index=invalid,20,658556,0,264192
streamfusion,binary_expressions,elt_arguments/expanded_control/16384/width=16/nulls=true/fixed_literal=false/literal_null=false/index=invalid,14,330608,0,264192
streamfusion,binary_expressions,elt_arguments/scalar/16384/width=16/nulls=true/fixed_literal=false/literal_null=false/index=null,23,660684,0,264192
streamfusion,binary_expressions,elt_arguments/expanded_control/16384/width=16/nulls=true/fixed_literal=false/literal_null=false/index=null,17,332736,0,264192
streamfusion,binary_expressions,elt_arguments/scalar/16384/width=16/nulls=true/fixed_literal=false/literal_null=true/index=dynamic,18,332844,0,264192
streamfusion,binary_expressions,elt_arguments/expanded_control/16384/width=16/nulls=true/fixed_literal=false/literal_null=true/index=dynamic,11,264904,0,264192
streamfusion,binary_expressions,elt_arguments/scalar/16384/width=16/nulls=true/fixed_literal=false/literal_null=true/index=first,21,398548,0,264192
streamfusion,binary_expressions,elt_arguments/expanded_control/16384/width=16/nulls=true/fixed_literal=false/literal_null=true/index=first,14,330608,0,264192
streamfusion,binary_expressions,elt_arguments/scalar/16384/width=16/nulls=true/fixed_literal=false/literal_null=true/index=literal,21,398548,0,264192
streamfusion,binary_expressions,elt_arguments/expanded_control/16384/width=16/nulls=true/fixed_literal=false/literal_null=true/index=literal,14,330608,0,264192
streamfusion,binary_expressions,elt_arguments/scalar/16384/width=16/nulls=true/fixed_literal=false/literal_null=true/index=invalid,21,398548,0,264192
streamfusion,binary_expressions,elt_arguments/expanded_control/16384/width=16/nulls=true/fixed_literal=false/literal_null=true/index=invalid,14,330608,0,264192
streamfusion,binary_expressions,elt_arguments/scalar/16384/width=16/nulls=true/fixed_literal=false/literal_null=true/index=null,24,400676,0,264192
streamfusion,binary_expressions,elt_arguments/expanded_control/16384/width=16/nulls=true/fixed_literal=false/literal_null=true/index=null,17,332736,0,264192
streamfusion,binary_expressions,elt_arguments/scalar/16384/width=16/nulls=true/fixed_literal=true/literal_null=false/index=dynamic,17,529352,0,264192
streamfusion,binary_expressions,elt_arguments/expanded_control/16384/width=16/nulls=true/fixed_literal=true/literal_null=false/index=dynamic,11,264904,0,264192
streamfusion,binary_expressions,elt_arguments/scalar/16384/width=16/nulls=true/fixed_literal=true/literal_null=false/index=first,20,595056,0,264192
streamfusion,binary_expressions,elt_arguments/expanded_control/16384/width=16/nulls=true/fixed_literal=true/literal_null=false/index=first,14,330608,0,264192
streamfusion,binary_expressions,elt_arguments/scalar/16384/width=16/nulls=true/fixed_literal=true/literal_null=false/index=literal,18,592952,0,262144
streamfusion,binary_expressions,elt_arguments/expanded_control/16384/width=16/nulls=true/fixed_literal=true/literal_null=false/index=literal,12,328504,0,262144
streamfusion,binary_expressions,elt_arguments/scalar/16384/width=16/nulls=true/fixed_literal=true/literal_null=false/index=invalid,20,595056,0,264192
streamfusion,binary_expressions,elt_arguments/expanded_control/16384/width=16/nulls=true/fixed_literal=true/literal_null=false/index=invalid,14,330608,0,264192
streamfusion,binary_expressions,elt_arguments/scalar/16384/width=16/nulls=true/fixed_literal=true/literal_null=false/index=null,23,597184,0,264192
streamfusion,binary_expressions,elt_arguments/expanded_control/16384/width=16/nulls=true/fixed_literal=true/literal_null=false/index=null,17,332736,0,264192
streamfusion,binary_expressions,elt_arguments/scalar/16384/width=16/nulls=true/fixed_literal=true/literal_null=true/index=dynamic,16,529336,0,264192
streamfusion,binary_expressions,elt_arguments/expanded_control/16384/width=16/nulls=true/fixed_literal=true/literal_null=true/index=dynamic,11,264904,0,264192
streamfusion,binary_expressions,elt_arguments/scalar/16384/width=16/nulls=true/fixed_literal=true/literal_null=true/index=first,19,595040,0,264192
streamfusion,binary_expressions,elt_arguments/expanded_control/16384/width=16/nulls=true/fixed_literal=true/literal_null=true/index=first,14,330608,0,264192
streamfusion,binary_expressions,elt_arguments/scalar/16384/width=16/nulls=true/fixed_literal=true/literal_null=true/index=literal,19,595040,0,264192
streamfusion,binary_expressions,elt_arguments/expanded_control/16384/width=16/nulls=true/fixed_literal=true/literal_null=true/index=literal,14,330608,0,264192
streamfusion,binary_expressions,elt_arguments/scalar/16384/width=16/nulls=true/fixed_literal=true/literal_null=true/index=invalid,19,595040,0,264192
streamfusion,binary_expressions,elt_arguments/expanded_control/16384/width=16/nulls=true/fixed_literal=true/literal_null=true/index=invalid,14,330608,0,264192
streamfusion,binary_expressions,elt_arguments/scalar/16384/width=16/nulls=true/fixed_literal=true/literal_null=true/index=null,22,597168,0,264192
streamfusion,binary_expressions,elt_arguments/expanded_control/16384/width=16/nulls=true/fixed_literal=true/literal_null=true/index=null,17,332736,0,264192
streamfusion,binary_expressions,elt_arguments/scalar/16384/width=256/nulls=false/fixed_literal=false/literal_null=false/index=dynamic,17,8457412,0,4196352
streamfusion,binary_expressions,elt_arguments/expanded_control/16384/width=256/nulls=false/fixed_literal=false/literal_null=false/index=dynamic,11,4197064,0,4196352
streamfusion,binary_expressions,elt_arguments/scalar/16384/width=256/nulls=false/fixed_literal=false/literal_null=false/index=first,18,8521012,0,4194304
streamfusion,binary_expressions,elt_arguments/expanded_control/16384/width=256/nulls=false/fixed_literal=false/literal_null=false/index=first,12,4260664,0,4194304
streamfusion,binary_expressions,elt_arguments/scalar/16384/width=256/nulls=false/fixed_literal=false/literal_null=false/index=literal,18,8521012,0,4194304
streamfusion,binary_expressions,elt_arguments/expanded_control/16384/width=256/nulls=false/fixed_literal=false/literal_null=false/index=literal,12,4260664,0,4194304
streamfusion,binary_expressions,elt_arguments/scalar/16384/width=256/nulls=false/fixed_literal=false/literal_null=false/index=invalid,20,8523116,0,4196352
streamfusion,binary_expressions,elt_arguments/expanded_control/16384/width=256/nulls=false/fixed_literal=false/literal_null=false/index=invalid,14,4262768,0,4196352
streamfusion,binary_expressions,elt_arguments/scalar/16384/width=256/nulls=false/fixed_literal=false/literal_null=false/index=null,23,8525244,0,4196352
streamfusion,binary_expressions,elt_arguments/expanded_control/16384/width=256/nulls=false/fixed_literal=false/literal_null=false/index=null,17,4264896,0,4196352
streamfusion,binary_expressions,elt_arguments/scalar/16384/width=256/nulls=false/fixed_literal=false/literal_null=true/index=dynamic,18,4265004,0,4196352
streamfusion,binary_expressions,elt_arguments/expanded_control/16384/width=256/nulls=false/fixed_literal=false/literal_null=true/index=dynamic,11,4197064,0,4196352
streamfusion,binary_expressions,elt_arguments/scalar/16384/width=256/nulls=false/fixed_literal=false/literal_null=true/index=first,19,4328604,0,4194304
streamfusion,binary_expressions,elt_arguments/expanded_control/16384/width=256/nulls=false/fixed_literal=false/literal_null=true/index=first,12,4260664,0,4194304
streamfusion,binary_expressions,elt_arguments/scalar/16384/width=256/nulls=false/fixed_literal=false/literal_null=true/index=literal,21,4330708,0,4196352
streamfusion,binary_expressions,elt_arguments/expanded_control/16384/width=256/nulls=false/fixed_literal=false/literal_null=true/index=literal,14,4262768,0,4196352
streamfusion,binary_expressions,elt_arguments/scalar/16384/width=256/nulls=false/fixed_literal=false/literal_null=true/index=invalid,21,4330708,0,4196352
streamfusion,binary_expressions,elt_arguments/expanded_control/16384/width=256/nulls=false/fixed_literal=false/literal_null=true/index=invalid,14,4262768,0,4196352
streamfusion,binary_expressions,elt_arguments/scalar/16384/width=256/nulls=false/fixed_literal=false/literal_null=true/index=null,24,4332836,0,4196352
streamfusion,binary_expressions,elt_arguments/expanded_control/16384/width=256/nulls=false/fixed_literal=false/literal_null=true/index=null,17,4264896,0,4196352
streamfusion,binary_expressions,elt_arguments/scalar/16384/width=256/nulls=false/fixed_literal=true/literal_null=false/index=dynamic,17,8393912,0,4196352
streamfusion,binary_expressions,elt_arguments/expanded_control/16384/width=256/nulls=false/fixed_literal=true/literal_null=false/index=dynamic,11,4197064,0,4196352
streamfusion,binary_expressions,elt_arguments/scalar/16384/width=256/nulls=false/fixed_literal=true/literal_null=false/index=first,18,8457512,0,4194304
streamfusion,binary_expressions,elt_arguments/expanded_control/16384/width=256/nulls=false/fixed_literal=true/literal_null=false/index=first,12,4260664,0,4194304
streamfusion,binary_expressions,elt_arguments/scalar/16384/width=256/nulls=false/fixed_literal=true/literal_null=false/index=literal,18,8457512,0,4194304
streamfusion,binary_expressions,elt_arguments/expanded_control/16384/width=256/nulls=false/fixed_literal=true/literal_null=false/index=literal,12,4260664,0,4194304
streamfusion,binary_expressions,elt_arguments/scalar/16384/width=256/nulls=false/fixed_literal=true/literal_null=false/index=invalid,20,8459616,0,4196352
streamfusion,binary_expressions,elt_arguments/expanded_control/16384/width=256/nulls=false/fixed_literal=true/literal_null=false/index=invalid,14,4262768,0,4196352
streamfusion,binary_expressions,elt_arguments/scalar/16384/width=256/nulls=false/fixed_literal=true/literal_null=false/index=null,23,8461744,0,4196352
streamfusion,binary_expressions,elt_arguments/expanded_control/16384/width=256/nulls=false/fixed_literal=true/literal_null=false/index=null,17,4264896,0,4196352
streamfusion,binary_expressions,elt_arguments/scalar/16384/width=256/nulls=false/fixed_literal=true/literal_null=true/index=dynamic,16,8393656,0,4196352
streamfusion,binary_expressions,elt_arguments/expanded_control/16384/width=256/nulls=false/fixed_literal=true/literal_null=true/index=dynamic,11,4197064,0,4196352
streamfusion,binary_expressions,elt_arguments/scalar/16384/width=256/nulls=false/fixed_literal=true/literal_null=true/index=first,17,8457256,0,4194304
streamfusion,binary_expressions,elt_arguments/expanded_control/16384/width=256/nulls=false/fixed_literal=true/literal_null=true/index=first,12,4260664,0,4194304
streamfusion,binary_expressions,elt_arguments/scalar/16384/width=256/nulls=false/fixed_literal=true/literal_null=true/index=literal,19,8459360,0,4196352
streamfusion,binary_expressions,elt_arguments/expanded_control/16384/width=256/nulls=false/fixed_literal=true/literal_null=true/index=literal,14,4262768,0,4196352
streamfusion,binary_expressions,elt_arguments/scalar/16384/width=256/nulls=false/fixed_literal=true/literal_null=true/index=invalid,19,8459360,0,4196352
streamfusion,binary_expressions,elt_arguments/expanded_control/16384/width=256/nulls=false/fixed_literal=true/literal_null=true/index=invalid,14,4262768,0,4196352
streamfusion,binary_expressions,elt_arguments/scalar/16384/width=256/nulls=false/fixed_literal=true/literal_null=true/index=null,22,8461488,0,4196352
streamfusion,binary_expressions,elt_arguments/expanded_control/16384/width=256/nulls=false/fixed_literal=true/literal_null=true/index=null,17,4264896,0,4196352
streamfusion,binary_expressions,elt_arguments/scalar/16384/width=256/nulls=true/fixed_literal=false/literal_null=false/index=dynamic,17,8457412,0,4196352
streamfusion,binary_expressions,elt_arguments/expanded_control/16384/width=256/nulls=true/fixed_literal=false/literal_null=false/index=dynamic,11,4197064,0,4196352
streamfusion,binary_expressions,elt_arguments/scalar/16384/width=256/nulls=true/fixed_literal=false/literal_null=false/index=first,20,8523116,0,4196352
streamfusion,binary_expressions,elt_arguments/expanded_control/16384/width=256/nulls=true/fixed_literal=false/literal_null=false/index=first,14,4262768,0,4196352
streamfusion,binary_expressions,elt_arguments/scalar/16384/width=256/nulls=true/fixed_literal=false/literal_null=false/index=literal,18,8521012,0,4194304
streamfusion,binary_expressions,elt_arguments/expanded_control/16384/width=256/nulls=true/fixed_literal=false/literal_null=false/index=literal,12,4260664,0,4194304
streamfusion,binary_expressions,elt_arguments/scalar/16384/width=256/nulls=true/fixed_literal=false/literal_null=false/index=invalid,20,8523116,0,4196352
streamfusion,binary_expressions,elt_arguments/expanded_control/16384/width=256/nulls=true/fixed_literal=false/literal_null=false/index=invalid,14,4262768,0,4196352
streamfusion,binary_expressions,elt_arguments/scalar/16384/width=256/nulls=true/fixed_literal=false/literal_null=false/index=null,23,8525244,0,4196352
streamfusion,binary_expressions,elt_arguments/expanded_control/16384/width=256/nulls=true/fixed_literal=false/literal_null=false/index=null,17,4264896,0,4196352
streamfusion,binary_expressions,elt_arguments/scalar/16384/width=256/nulls=true/fixed_literal=false/literal_null=true/index=dynamic,18,4265004,0,4196352
streamfusion,binary_expressions,elt_arguments/expanded_control/16384/width=256/nulls=true/fixed_literal=false/literal_null=true/index=dynamic,11,4197064,0,4196352
streamfusion,binary_expressions,elt_arguments/scalar/16384/width=256/nulls=true/fixed_literal=false/literal_null=true/index=first,21,4330708,0,4196352
streamfusion,binary_expressions,elt_arguments/expanded_control/16384/width=256/nulls=true/fixed_literal=false/literal_null=true/index=first,14,4262768,0,4196352
streamfusion,binary_expressions,elt_arguments/scalar/16384/width=256/nulls=true/fixed_literal=false/literal_null=true/index=literal,21,4330708,0,4196352
streamfusion,binary_expressions,elt_arguments/expanded_control/16384/width=256/nulls=true/fixed_literal=false/literal_null=true/index=literal,14,4262768,0,4196352
streamfusion,binary_expressions,elt_arguments/scalar/16384/width=256/nulls=true/fixed_literal=false/literal_null=true/index=invalid,21,4330708,0,4196352
streamfusion,binary_expressions,elt_arguments/expanded_control/16384/width=256/nulls=true/fixed_literal=false/literal_null=true/index=invalid,14,4262768,0,4196352
streamfusion,binary_expressions,elt_arguments/scalar/16384/width=256/nulls=true/fixed_literal=false/literal_null=true/index=null,24,4332836,0,4196352
streamfusion,binary_expressions,elt_arguments/expanded_control/16384/width=256/nulls=true/fixed_literal=false/literal_null=true/index=null,17,4264896,0,4196352
streamfusion,binary_expressions,elt_arguments/scalar/16384/width=256/nulls=true/fixed_literal=true/literal_null=false/index=dynamic,17,8393912,0,4196352
streamfusion,binary_expressions,elt_arguments/expanded_control/16384/width=256/nulls=true/fixed_literal=true/literal_null=false/index=dynamic,11,4197064,0,4196352
streamfusion,binary_expressions,elt_arguments/scalar/16384/width=256/nulls=true/fixed_literal=true/literal_null=false/index=first,20,8459616,0,4196352
streamfusion,binary_expressions,elt_arguments/expanded_control/16384/width=256/nulls=true/fixed_literal=true/literal_null=false/index=first,14,4262768,0,4196352
streamfusion,binary_expressions,elt_arguments/scalar/16384/width=256/nulls=true/fixed_literal=true/literal_null=false/index=literal,18,8457512,0,4194304
streamfusion,binary_expressions,elt_arguments/expanded_control/16384/width=256/nulls=true/fixed_literal=true/literal_null=false/index=literal,12,4260664,0,4194304
streamfusion,binary_expressions,elt_arguments/scalar/16384/width=256/nulls=true/fixed_literal=true/literal_null=false/index=invalid,20,8459616,0,4196352
streamfusion,binary_expressions,elt_arguments/expanded_control/16384/width=256/nulls=true/fixed_literal=true/literal_null=false/index=invalid,14,4262768,0,4196352
streamfusion,binary_expressions,elt_arguments/scalar/16384/width=256/nulls=true/fixed_literal=true/literal_null=false/index=null,23,8461744,0,4196352
streamfusion,binary_expressions,elt_arguments/expanded_control/16384/width=256/nulls=true/fixed_literal=true/literal_null=false/index=null,17,4264896,0,4196352
streamfusion,binary_expressions,elt_arguments/scalar/16384/width=256/nulls=true/fixed_literal=true/literal_null=true/index=dynamic,16,8393656,0,4196352
streamfusion,binary_expressions,elt_arguments/expanded_control/16384/width=256/nulls=true/fixed_literal=true/literal_null=true/index=dynamic,11,4197064,0,4196352
streamfusion,binary_expressions,elt_arguments/scalar/16384/width=256/nulls=true/fixed_literal=true/literal_null=true/index=first,19,8459360,0,4196352
streamfusion,binary_expressions,elt_arguments/expanded_control/16384/width=256/nulls=true/fixed_literal=true/literal_null=true/index=first,14,4262768,0,4196352
streamfusion,binary_expressions,elt_arguments/scalar/16384/width=256/nulls=true/fixed_literal=true/literal_null=true/index=literal,19,8459360,0,4196352
streamfusion,binary_expressions,elt_arguments/expanded_control/16384/width=256/nulls=true/fixed_literal=true/literal_null=true/index=literal,14,4262768,0,4196352
streamfusion,binary_expressions,elt_arguments/scalar/16384/width=256/nulls=true/fixed_literal=true/literal_null=true/index=invalid,19,8459360,0,4196352
streamfusion,binary_expressions,elt_arguments/expanded_control/16384/width=256/nulls=true/fixed_literal=true/literal_null=true/index=invalid,14,4262768,0,4196352
streamfusion,binary_expressions,elt_arguments/scalar/16384/width=256/nulls=true/fixed_literal=true/literal_null=true/index=null,22,8461488,0,4196352
streamfusion,binary_expressions,elt_arguments/expanded_control/16384/width=256/nulls=true/fixed_literal=true/literal_null=true/index=null,17,4264896,0,4196352
