round,case,revision,sample,iterations,elapsed_ns,sampling_mode
1,binary_expressions/elt_arguments/elt_arguments/scalar/16384/width=16/nulls=true/fixed_literal=false/literal_null=false/index=dynamic,original,0,13.0,1001320.0,Linear
1,binary_expressions/elt_arguments/elt_arguments/scalar/16384/width=16/nulls=true/fixed_literal=false/literal_null=false/index=dynamic,original,1,26.0,2035175.0,Linear
1,binary_expressions/elt_arguments/elt_arguments/scalar/16384/width=16/nulls=true/fixed_literal=false/literal_null=false/index=dynamic,original,2,39.0,3018845.0,Linear
1,binary_expressions/elt_arguments/elt_arguments/scalar/16384/width=16/nulls=true/fixed_literal=false/literal_null=false/index=dynamic,original,3,52.0,3988692.0,Linear
1,binary_expressions/elt_arguments/elt_arguments/scalar/16384/width=16/nulls=true/fixed_literal=false/literal_null=false/index=dynamic,original,4,65.0,5300012.0,Linear
1,binary_expressions/elt_arguments/elt_arguments/scalar/16384/width=16/nulls=true/fixed_literal=false/literal_null=false/index=dynamic,original,5,78.0,5996015.0,Linear
1,binary_expressions/elt_arguments/elt_arguments/scalar/16384/width=16/nulls=true/fixed_literal=false/literal_null=false/index=dynamic,original,6,91.0,7294236.0,Linear
1,binary_expressions/elt_arguments/elt_arguments/scalar/16384/width=16/nulls=true/fixed_literal=false/literal_null=false/index=dynamic,original,7,104.0,7984935.0,Linear
1,binary_expressions/elt_arguments/elt_arguments/scalar/16384/width=16/nulls=true/fixed_literal=false/literal_null=false/index=dynamic,original,8,117.0,8914502.0,Linear
1,binary_expressions/elt_arguments/elt_arguments/scalar/16384/width=16/nulls=true/fixed_literal=false/literal_null=false/index=dynamic,original,9,130.0,10063858.0,Linear
1,binary_expressions/elt_arguments/elt_arguments/scalar/16384/width=16/nulls=true/fixed_literal=false/literal_null=false/index=dynamic,original,10,143.0,11047057.0,Linear
1,binary_expressions/elt_arguments/elt_arguments/scalar/16384/width=16/nulls=true/fixed_literal=false/literal_null=false/index=dynamic,original,11,156.0,11890531.0,Linear
1,binary_expressions/elt_arguments/elt_arguments/scalar/16384/width=16/nulls=true/fixed_literal=false/literal_null=false/index=dynamic,original,12,169.0,13046487.0,Linear
1,binary_expressions/elt_arguments/elt_arguments/scalar/16384/width=16/nulls=true/fixed_literal=false/literal_null=false/index=dynamic,original,13,182.0,14002770.0,Linear
1,binary_expressions/elt_arguments/elt_arguments/scalar/16384/width=16/nulls=true/fixed_literal=false/literal_null=false/index=dynamic,original,14,195.0,14762779.0,Linear
1,binary_expressions/elt_arguments/elt_arguments/scalar/16384/width=16/nulls=true/fixed_literal=false/literal_null=false/index=dynamic,original,15,208.0,16076301.0,Linear
1,binary_expressions/elt_arguments/elt_arguments/scalar/16384/width=16/nulls=true/fixed_literal=false/literal_null=false/index=dynamic,original,16,221.0,17029606.0,Linear
1,binary_expressions/elt_arguments/elt_arguments/scalar/16384/width=16/nulls=true/fixed_literal=false/literal_null=false/index=dynamic,original,17,234.0,18464476.0,Linear
1,binary_expressions/elt_arguments/elt_arguments/scalar/16384/width=16/nulls=true/fixed_literal=false/literal_null=false/index=dynamic,original,18,247.0,18924899.0,Linear
1,binary_expressions/elt_arguments/elt_arguments/scalar/16384/width=16/nulls=true/fixed_literal=false/literal_null=false/index=dynamic,original,19,260.0,19934210.0,Linear
1,binary_expressions/elt_arguments/elt_arguments/scalar/16384/width=16/nulls=true/fixed_literal=false/literal_null=false/index=dynamic,original,20,273.0,20908487.0,Linear
1,binary_expressions/elt_arguments/elt_arguments/scalar/16384/width=16/nulls=true/fixed_literal=false/literal_null=false/index=dynamic,original,21,286.0,21973015.0,Linear
1,binary_expressions/elt_arguments/elt_arguments/scalar/16384/width=16/nulls=true/fixed_literal=false/literal_null=false/index=dynamic,original,22,299.0,23889363.0,Linear
1,binary_expressions/elt_arguments/elt_arguments/scalar/16384/width=16/nulls=true/fixed_literal=false/literal_null=false/index=dynamic,original,23,312.0,24091879.0,Linear
1,binary_expressions/elt_arguments/elt_arguments/scalar/16384/width=16/nulls=true/fixed_literal=false/literal_null=false/index=dynamic,original,24,325.0,24863155.0,Linear
1,binary_expressions/elt_arguments/elt_arguments/scalar/16384/width=16/nulls=true/fixed_literal=false/literal_null=false/index=dynamic,original,25,338.0,26261972.0,Linear
1,binary_expressions/elt_arguments/elt_arguments/scalar/16384/width=16/nulls=true/fixed_literal=false/literal_null=false/index=dynamic,original,26,351.0,27329453.0,Linear
1,binary_expressions/elt_arguments/elt_arguments/scalar/16384/width=16/nulls=true/fixed_literal=false/literal_null=false/index=dynamic,original,27,364.0,28525123.0,Linear
1,binary_expressions/elt_arguments/elt_arguments/scalar/16384/width=16/nulls=true/fixed_literal=false/literal_null=false/index=dynamic,original,28,377.0,29616629.0,Linear
1,binary_expressions/elt_arguments/elt_arguments/scalar/16384/width=16/nulls=true/fixed_literal=false/literal_null=false/index=dynamic,original,29,390.0,30331579.0,Linear
1,binary_expressions/elt_arguments/elt_arguments/scalar/16384/width=16/nulls=true/fixed_literal=false/literal_null=false/index=dynamic,original,30,403.0,31556572.0,Linear
1,binary_expressions/elt_arguments/elt_arguments/scalar/16384/width=16/nulls=true/fixed_literal=false/literal_null=false/index=dynamic,original,31,416.0,32079529.0,Linear
1,binary_expressions/elt_arguments/elt_arguments/scalar/16384/width=16/nulls=true/fixed_literal=false/literal_null=false/index=dynamic,original,32,429.0,33216875.0,Linear
1,binary_expressions/elt_arguments/elt_arguments/scalar/16384/width=16/nulls=true/fixed_literal=false/literal_null=false/index=dynamic,original,33,442.0,34574280.0,Linear
1,binary_expressions/elt_arguments/elt_arguments/scalar/16384/width=16/nulls=true/fixed_literal=false/literal_null=false/index=dynamic,original,34,455.0,35031338.0,Linear
1,binary_expressions/elt_arguments/elt_arguments/scalar/16384/width=16/nulls=true/fixed_literal=false/literal_null=false/index=dynamic,original,35,468.0,36521943.0,Linear
1,binary_expressions/elt_arguments/elt_arguments/scalar/16384/width=16/nulls=true/fixed_literal=false/literal_null=false/index=dynamic,original,36,481.0,37548962.0,Linear
1,binary_expressions/elt_arguments/elt_arguments/scalar/16384/width=16/nulls=true/fixed_literal=false/literal_null=false/index=dynamic,original,37,494.0,38399231.0,Linear
1,binary_expressions/elt_arguments/elt_arguments/scalar/16384/width=16/nulls=true/fixed_literal=false/literal_null=false/index=dynamic,original,38,507.0,39614175.0,Linear
1,binary_expressions/elt_arguments/elt_arguments/scalar/16384/width=16/nulls=true/fixed_literal=false/literal_null=false/index=dynamic,original,39,520.0,40100981.0,Linear
1,binary_expressions/elt_arguments/elt_arguments/scalar/16384/width=16/nulls=true/fixed_literal=false/literal_null=false/index=dynamic,original,40,533.0,41807902.0,Linear
1,binary_expressions/elt_arguments/elt_arguments/scalar/16384/width=16/nulls=true/fixed_literal=false/literal_null=false/index=dynamic,original,41,546.0,43235700.0,Linear
1,binary_expressions/elt_arguments/elt_arguments/scalar/16384/width=16/nulls=true/fixed_literal=false/literal_null=false/index=dynamic,original,42,559.0,44009366.0,Linear
1,binary_expressions/elt_arguments/elt_arguments/scalar/16384/width=16/nulls=true/fixed_literal=false/literal_null=false/index=dynamic,original,43,572.0,44719246.0,Linear
1,binary_expressions/elt_arguments/elt_arguments/scalar/16384/width=16/nulls=true/fixed_literal=false/literal_null=false/index=dynamic,original,44,585.0,44646289.0,Linear
1,binary_expressions/elt_arguments/elt_arguments/scalar/16384/width=16/nulls=true/fixed_literal=false/literal_null=false/index=dynamic,original,45,598.0,46376332.0,Linear
1,binary_expressions/elt_arguments/elt_arguments/scalar/16384/width=16/nulls=true/fixed_literal=false/literal_null=false/index=dynamic,original,46,611.0,47770533.0,Linear
1,binary_expressions/elt_arguments/elt_arguments/scalar/16384/width=16/nulls=true/fixed_literal=false/literal_null=false/index=dynamic,original,47,624.0,50106863.0,Linear
1,binary_expressions/elt_arguments/elt_arguments/scalar/16384/width=16/nulls=true/fixed_literal=false/literal_null=false/index=dynamic,original,48,637.0,49439804.0,Linear
1,binary_expressions/elt_arguments/elt_arguments/scalar/16384/width=16/nulls=true/fixed_literal=false/literal_null=false/index=dynamic,original,49,650.0,50391335.0,Linear
1,binary_expressions/elt_arguments/elt_arguments/scalar/16384/width=16/nulls=true/fixed_literal=false/literal_null=false/index=dynamic,original,50,663.0,50615114.0,Linear
1,binary_expressions/elt_arguments/elt_arguments/scalar/16384/width=16/nulls=true/fixed_literal=false/literal_null=false/index=dynamic,original,51,676.0,52599782.0,Linear
1,binary_expressions/elt_arguments/elt_arguments/scalar/16384/width=16/nulls=true/fixed_literal=false/literal_null=false/index=dynamic,original,52,689.0,53740448.0,Linear
1,binary_expressions/elt_arguments/elt_arguments/scalar/16384/width=16/nulls=true/fixed_literal=false/literal_null=false/index=dynamic,original,53,702.0,54898415.0,Linear
1,binary_expressions/elt_arguments/elt_arguments/scalar/16384/width=16/nulls=true/fixed_literal=false/literal_null=false/index=dynamic,original,54,715.0,55412576.0,Linear
1,binary_expressions/elt_arguments/elt_arguments/scalar/16384/width=16/nulls=true/fixed_literal=false/literal_null=false/index=dynamic,original,55,728.0,56906984.0,Linear
1,binary_expressions/elt_arguments/elt_arguments/scalar/16384/width=16/nulls=true/fixed_literal=false/literal_null=false/index=dynamic,original,56,741.0,57119341.0,Linear
1,binary_expressions/elt_arguments/elt_arguments/scalar/16384/width=16/nulls=true/fixed_literal=false/literal_null=false/index=dynamic,original,57,754.0,58405291.0,Linear
1,binary_expressions/elt_arguments/elt_arguments/scalar/16384/width=16/nulls=true/fixed_literal=false/literal_null=false/index=dynamic,original,58,767.0,61154514.0,Linear
1,binary_expressions/elt_arguments/elt_arguments/scalar/16384/width=16/nulls=true/fixed_literal=false/literal_null=false/index=dynamic,original,59,780.0,59227625.0,Linear
1,binary_expressions/elt_arguments/elt_arguments/scalar/16384/width=16/nulls=true/fixed_literal=false/literal_null=false/index=dynamic,original,60,793.0,61953394.0,Linear
1,binary_expressions/elt_arguments/elt_arguments/scalar/16384/width=16/nulls=true/fixed_literal=false/literal_null=false/index=dynamic,original,61,806.0,62069735.0,Linear
1,binary_expressions/elt_arguments/elt_arguments/scalar/16384/width=16/nulls=true/fixed_literal=false/literal_null=false/index=dynamic,original,62,819.0,63710729.0,Linear
1,binary_expressions/elt_arguments/elt_arguments/scalar/16384/width=16/nulls=true/fixed_literal=false/literal_null=false/index=dynamic,original,63,832.0,64508390.0,Linear
1,binary_expressions/elt_arguments/elt_arguments/scalar/16384/width=16/nulls=true/fixed_literal=false/literal_null=false/index=dynamic,original,64,845.0,64834458.0,Linear
1,binary_expressions/elt_arguments/elt_arguments/scalar/16384/width=16/nulls=true/fixed_literal=false/literal_null=false/index=dynamic,original,65,858.0,66657134.0,Linear
1,binary_expressions/elt_arguments/elt_arguments/scalar/16384/width=16/nulls=true/fixed_literal=false/literal_null=false/index=dynamic,original,66,871.0,66764510.0,Linear
1,binary_expressions/elt_arguments/elt_arguments/scalar/16384/width=16/nulls=true/fixed_literal=false/literal_null=false/index=dynamic,original,67,884.0,67195417.0,Linear
1,binary_expressions/elt_arguments/elt_arguments/scalar/16384/width=16/nulls=true/fixed_literal=false/literal_null=false/index=dynamic,original,68,897.0,70876390.0,Linear
1,binary_expressions/elt_arguments/elt_arguments/scalar/16384/width=16/nulls=true/fixed_literal=false/literal_null=false/index=dynamic,original,69,910.0,71459922.0,Linear
1,binary_expressions/elt_arguments/elt_arguments/scalar/16384/width=16/nulls=true/fixed_literal=false/literal_null=false/index=dynamic,original,70,923.0,71119589.0,Linear
1,binary_expressions/elt_arguments/elt_arguments/scalar/16384/width=16/nulls=true/fixed_literal=false/literal_null=false/index=dynamic,original,71,936.0,73590291.0,Linear
1,binary_expressions/elt_arguments/elt_arguments/scalar/16384/width=16/nulls=true/fixed_literal=false/literal_null=false/index=dynamic,original,72,949.0,75368760.0,Linear
1,binary_expressions/elt_arguments/elt_arguments/scalar/16384/width=16/nulls=true/fixed_literal=false/literal_null=false/index=dynamic,original,73,962.0,74361526.0,Linear
1,binary_expressions/elt_arguments/elt_arguments/scalar/16384/width=16/nulls=true/fixed_literal=false/literal_null=false/index=dynamic,original,74,975.0,77067950.0,Linear
1,binary_expressions/elt_arguments/elt_arguments/scalar/16384/width=16/nulls=true/fixed_literal=false/literal_null=false/index=dynamic,original,75,988.0,78121597.0,Linear
1,binary_expressions/elt_arguments/elt_arguments/scalar/16384/width=16/nulls=true/fixed_literal=false/literal_null=false/index=dynamic,original,76,1001.0,76678914.0,Linear
1,binary_expressions/elt_arguments/elt_arguments/scalar/16384/width=16/nulls=true/fixed_literal=false/literal_null=false/index=dynamic,original,77,1014.0,78446184.0,Linear
1,binary_expressions/elt_arguments/elt_arguments/scalar/16384/width=16/nulls=true/fixed_literal=false/literal_null=false/index=dynamic,original,78,1027.0,78717797.0,Linear
1,binary_expressions/elt_arguments/elt_arguments/scalar/16384/width=16/nulls=true/fixed_literal=false/literal_null=false/index=dynamic,original,79,1040.0,81441740.0,Linear
1,binary_expressions/elt_arguments/elt_arguments/scalar/16384/width=16/nulls=true/fixed_literal=false/literal_null=false/index=dynamic,original,80,1053.0,80554247.0,Linear
1,binary_expressions/elt_arguments/elt_arguments/scalar/16384/width=16/nulls=true/fixed_literal=false/literal_null=false/index=dynamic,original,81,1066.0,81431190.0,Linear
1,binary_expressions/elt_arguments/elt_arguments/scalar/16384/width=16/nulls=true/fixed_literal=false/literal_null=false/index=dynamic,original,82,1079.0,83771625.0,Linear
1,binary_expressions/elt_arguments/elt_arguments/scalar/16384/width=16/nulls=true/fixed_literal=false/literal_null=false/index=dynamic,original,83,1092.0,84886527.0,Linear
1,binary_expressions/elt_arguments/elt_arguments/scalar/16384/width=16/nulls=true/fixed_literal=false/literal_null=false/index=dynamic,original,84,1105.0,86210328.0,Linear
1,binary_expressions/elt_arguments/elt_arguments/scalar/16384/width=16/nulls=true/fixed_literal=false/literal_null=false/index=dynamic,original,85,1118.0,87093901.0,Linear
1,binary_expressions/elt_arguments/elt_arguments/scalar/16384/width=16/nulls=true/fixed_literal=false/literal_null=false/index=dynamic,original,86,1131.0,87442675.0,Linear
1,binary_expressions/elt_arguments/elt_arguments/scalar/16384/width=16/nulls=true/fixed_literal=false/literal_null=false/index=dynamic,original,87,1144.0,88595347.0,Linear
1,binary_expressions/elt_arguments/elt_arguments/scalar/16384/width=16/nulls=true/fixed_literal=false/literal_null=false/index=dynamic,original,88,1157.0,90508373.0,Linear
1,binary_expressions/elt_arguments/elt_arguments/scalar/16384/width=16/nulls=true/fixed_literal=false/literal_null=false/index=dynamic,original,89,1170.0,92508839.0,Linear
1,binary_expressions/elt_arguments/elt_arguments/scalar/16384/width=16/nulls=true/fixed_literal=false/literal_null=false/index=dynamic,original,90,1183.0,92407470.0,Linear
1,binary_expressions/elt_arguments/elt_arguments/scalar/16384/width=16/nulls=true/fixed_literal=false/literal_null=false/index=dynamic,original,91,1196.0,93084589.0,Linear
1,binary_expressions/elt_arguments/elt_arguments/scalar/16384/width=16/nulls=true/fixed_literal=false/literal_null=false/index=dynamic,original,92,1209.0,93140612.0,Linear
1,binary_expressions/elt_arguments/elt_arguments/scalar/16384/width=16/nulls=true/fixed_literal=false/literal_null=false/index=dynamic,original,93,1222.0,96571538.0,Linear
1,binary_expressions/elt_arguments/elt_arguments/scalar/16384/width=16/nulls=true/fixed_literal=false/literal_null=false/index=dynamic,original,94,1235.0,96887323.0,Linear
1,binary_expressions/elt_arguments/elt_arguments/scalar/16384/width=16/nulls=true/fixed_literal=false/literal_null=false/index=dynamic,original,95,1248.0,97763943.0,Linear
1,binary_expressions/elt_arguments/elt_arguments/scalar/16384/width=16/nulls=true/fixed_literal=false/literal_null=false/index=dynamic,original,96,1261.0,99461481.0,Linear
1,binary_expressions/elt_arguments/elt_arguments/scalar/16384/width=16/nulls=true/fixed_literal=false/literal_null=false/index=dynamic,original,97,1274.0,100555694.0,Linear
1,binary_expressions/elt_arguments/elt_arguments/scalar/16384/width=16/nulls=true/fixed_literal=false/literal_null=false/index=dynamic,original,98,1287.0,100094126.0,Linear
1,binary_expressions/elt_arguments/elt_arguments/scalar/16384/width=16/nulls=true/fixed_literal=false/literal_null=false/index=dynamic,original,99,1300.0,100975195.0,Linear
1,binary_expressions/elt_arguments/elt_arguments/scalar/16384/width=16/nulls=true/fixed_literal=false/literal_null=false/index=dynamic,candidate,0,13.0,984064.0,Linear
1,binary_expressions/elt_arguments/elt_arguments/scalar/16384/width=16/nulls=true/fixed_literal=false/literal_null=false/index=dynamic,candidate,1,26.0,1946978.0,Linear
1,binary_expressions/elt_arguments/elt_arguments/scalar/16384/width=16/nulls=true/fixed_literal=false/literal_null=false/index=dynamic,candidate,2,39.0,2884106.0,Linear
1,binary_expressions/elt_arguments/elt_arguments/scalar/16384/width=16/nulls=true/fixed_literal=false/literal_null=false/index=dynamic,candidate,3,52.0,4004320.0,Linear
1,binary_expressions/elt_arguments/elt_arguments/scalar/16384/width=16/nulls=true/fixed_literal=false/literal_null=false/index=dynamic,candidate,4,65.0,4948023.0,Linear
1,binary_expressions/elt_arguments/elt_arguments/scalar/16384/width=16/nulls=true/fixed_literal=false/literal_null=false/index=dynamic,candidate,5,78.0,5875798.0,Linear
1,binary_expressions/elt_arguments/elt_arguments/scalar/16384/width=16/nulls=true/fixed_literal=false/literal_null=false/index=dynamic,candidate,6,91.0,6876627.0,Linear
1,binary_expressions/elt_arguments/elt_arguments/scalar/16384/width=16/nulls=true/fixed_literal=false/literal_null=false/index=dynamic,candidate,7,104.0,7798650.0,Linear
1,binary_expressions/elt_arguments/elt_arguments/scalar/16384/width=16/nulls=true/fixed_literal=false/literal_null=false/index=dynamic,candidate,8,117.0,8786014.0,Linear
1,binary_expressions/elt_arguments/elt_arguments/scalar/16384/width=16/nulls=true/fixed_literal=false/literal_null=false/index=dynamic,candidate,9,130.0,12515564.0,Linear
1,binary_expressions/elt_arguments/elt_arguments/scalar/16384/width=16/nulls=true/fixed_literal=false/literal_null=false/index=dynamic,candidate,10,143.0,10875900.0,Linear
1,binary_expressions/elt_arguments/elt_arguments/scalar/16384/width=16/nulls=true/fixed_literal=false/literal_null=false/index=dynamic,candidate,11,156.0,11772799.0,Linear
1,binary_expressions/elt_arguments/elt_arguments/scalar/16384/width=16/nulls=true/fixed_literal=false/literal_null=false/index=dynamic,candidate,12,169.0,13475310.0,Linear
1,binary_expressions/elt_arguments/elt_arguments/scalar/16384/width=16/nulls=true/fixed_literal=false/literal_null=false/index=dynamic,candidate,13,182.0,13799788.0,Linear
1,binary_expressions/elt_arguments/elt_arguments/scalar/16384/width=16/nulls=true/fixed_literal=false/literal_null=false/index=dynamic,candidate,14,195.0,14718844.0,Linear
1,binary_expressions/elt_arguments/elt_arguments/scalar/16384/width=16/nulls=true/fixed_literal=false/literal_null=false/index=dynamic,candidate,15,208.0,15772901.0,Linear
1,binary_expressions/elt_arguments/elt_arguments/scalar/16384/width=16/nulls=true/fixed_literal=false/literal_null=false/index=dynamic,candidate,16,221.0,16685738.0,Linear
1,binary_expressions/elt_arguments/elt_arguments/scalar/16384/width=16/nulls=true/fixed_literal=false/literal_null=false/index=dynamic,candidate,17,234.0,17715282.0,Linear
1,binary_expressions/elt_arguments/elt_arguments/scalar/16384/width=16/nulls=true/fixed_literal=false/literal_null=false/index=dynamic,candidate,18,247.0,18753623.0,Linear
1,binary_expressions/elt_arguments/elt_arguments/scalar/16384/width=16/nulls=true/fixed_literal=false/literal_null=false/index=dynamic,candidate,19,260.0,19827772.0,Linear
1,binary_expressions/elt_arguments/elt_arguments/scalar/16384/width=16/nulls=true/fixed_literal=false/literal_null=false/index=dynamic,candidate,20,273.0,20722194.0,Linear
1,binary_expressions/elt_arguments/elt_arguments/scalar/16384/width=16/nulls=true/fixed_literal=false/literal_null=false/index=dynamic,candidate,21,286.0,21589298.0,Linear
1,binary_expressions/elt_arguments/elt_arguments/scalar/16384/width=16/nulls=true/fixed_literal=false/literal_null=false/index=dynamic,candidate,22,299.0,22725603.0,Linear
1,binary_expressions/elt_arguments/elt_arguments/scalar/16384/width=16/nulls=true/fixed_literal=false/literal_null=false/index=dynamic,candidate,23,312.0,23850886.0,Linear
1,binary_expressions/elt_arguments/elt_arguments/scalar/16384/width=16/nulls=true/fixed_literal=false/literal_null=false/index=dynamic,candidate,24,325.0,25160626.0,Linear
1,binary_expressions/elt_arguments/elt_arguments/scalar/16384/width=16/nulls=true/fixed_literal=false/literal_null=false/index=dynamic,candidate,25,338.0,25548282.0,Linear
1,binary_expressions/elt_arguments/elt_arguments/scalar/16384/width=16/nulls=true/fixed_literal=false/literal_null=false/index=dynamic,candidate,26,351.0,26856448.0,Linear
1,binary_expressions/elt_arguments/elt_arguments/scalar/16384/width=16/nulls=true/fixed_literal=false/literal_null=false/index=dynamic,candidate,27,364.0,27618051.0,Linear
1,binary_expressions/elt_arguments/elt_arguments/scalar/16384/width=16/nulls=true/fixed_literal=false/literal_null=false/index=dynamic,candidate,28,377.0,28407415.0,Linear
1,binary_expressions/elt_arguments/elt_arguments/scalar/16384/width=16/nulls=true/fixed_literal=false/literal_null=false/index=dynamic,candidate,29,390.0,30121667.0,Linear
1,binary_expressions/elt_arguments/elt_arguments/scalar/16384/width=16/nulls=true/fixed_literal=false/literal_null=false/index=dynamic,candidate,30,403.0,30761910.0,Linear
1,binary_expressions/elt_arguments/elt_arguments/scalar/16384/width=16/nulls=true/fixed_literal=false/literal_null=false/index=dynamic,candidate,31,416.0,32191901.0,Linear
1,binary_expressions/elt_arguments/elt_arguments/scalar/16384/width=16/nulls=true/fixed_literal=false/literal_null=false/index=dynamic,candidate,32,429.0,33068998.0,Linear
1,binary_expressions/elt_arguments/elt_arguments/scalar/16384/width=16/nulls=true/fixed_literal=false/literal_null=false/index=dynamic,candidate,33,442.0,34218584.0,Linear
1,binary_expressions/elt_arguments/elt_arguments/scalar/16384/width=16/nulls=true/fixed_literal=false/literal_null=false/index=dynamic,candidate,34,455.0,34830363.0,Linear
1,binary_expressions/elt_arguments/elt_arguments/scalar/16384/width=16/nulls=true/fixed_literal=false/literal_null=false/index=dynamic,candidate,35,468.0,36541524.0,Linear
1,binary_expressions/elt_arguments/elt_arguments/scalar/16384/width=16/nulls=true/fixed_literal=false/literal_null=false/index=dynamic,candidate,36,481.0,36594792.0,Linear
1,binary_expressions/elt_arguments/elt_arguments/scalar/16384/width=16/nulls=true/fixed_literal=false/literal_null=false/index=dynamic,candidate,37,494.0,37455089.0,Linear
1,binary_expressions/elt_arguments/elt_arguments/scalar/16384/width=16/nulls=true/fixed_literal=false/literal_null=false/index=dynamic,candidate,38,507.0,38512404.0,Linear
1,binary_expressions/elt_arguments/elt_arguments/scalar/16384/width=16/nulls=true/fixed_literal=false/literal_null=false/index=dynamic,candidate,39,520.0,39458835.0,Linear
1,binary_expressions/elt_arguments/elt_arguments/scalar/16384/width=16/nulls=true/fixed_literal=false/literal_null=false/index=dynamic,candidate,40,533.0,40388421.0,Linear
1,binary_expressions/elt_arguments/elt_arguments/scalar/16384/width=16/nulls=true/fixed_literal=false/literal_null=false/index=dynamic,candidate,41,546.0,41503842.0,Linear
1,binary_expressions/elt_arguments/elt_arguments/scalar/16384/width=16/nulls=true/fixed_literal=false/literal_null=false/index=dynamic,candidate,42,559.0,43087846.0,Linear
1,binary_expressions/elt_arguments/elt_arguments/scalar/16384/width=16/nulls=true/fixed_literal=false/literal_null=false/index=dynamic,candidate,43,572.0,43547462.0,Linear
1,binary_expressions/elt_arguments/elt_arguments/scalar/16384/width=16/nulls=true/fixed_literal=false/literal_null=false/index=dynamic,candidate,44,585.0,44923826.0,Linear
1,binary_expressions/elt_arguments/elt_arguments/scalar/16384/width=16/nulls=true/fixed_literal=false/literal_null=false/index=dynamic,candidate,45,598.0,46126018.0,Linear
1,binary_expressions/elt_arguments/elt_arguments/scalar/16384/width=16/nulls=true/fixed_literal=false/literal_null=false/index=dynamic,candidate,46,611.0,47664042.0,Linear
1,binary_expressions/elt_arguments/elt_arguments/scalar/16384/width=16/nulls=true/fixed_literal=false/literal_null=false/index=dynamic,candidate,47,624.0,48200503.0,Linear
1,binary_expressions/elt_arguments/elt_arguments/scalar/16384/width=16/nulls=true/fixed_literal=false/literal_null=false/index=dynamic,candidate,48,637.0,49931555.0,Linear
1,binary_expressions/elt_arguments/elt_arguments/scalar/16384/width=16/nulls=true/fixed_literal=false/literal_null=false/index=dynamic,candidate,49,650.0,49963887.0,Linear
1,binary_expressions/elt_arguments/elt_arguments/scalar/16384/width=16/nulls=true/fixed_literal=false/literal_null=false/index=dynamic,candidate,50,663.0,50873076.0,Linear
1,binary_expressions/elt_arguments/elt_arguments/scalar/16384/width=16/nulls=true/fixed_literal=false/literal_null=false/index=dynamic,candidate,51,676.0,51666907.0,Linear
1,binary_expressions/elt_arguments/elt_arguments/scalar/16384/width=16/nulls=true/fixed_literal=false/literal_null=false/index=dynamic,candidate,52,689.0,52650085.0,Linear
1,binary_expressions/elt_arguments/elt_arguments/scalar/16384/width=16/nulls=true/fixed_literal=false/literal_null=false/index=dynamic,candidate,53,702.0,53519779.0,Linear
1,binary_expressions/elt_arguments/elt_arguments/scalar/16384/width=16/nulls=true/fixed_literal=false/literal_null=false/index=dynamic,candidate,54,715.0,54924604.0,Linear
1,binary_expressions/elt_arguments/elt_arguments/scalar/16384/width=16/nulls=true/fixed_literal=false/literal_null=false/index=dynamic,candidate,55,728.0,55871207.0,Linear
1,binary_expressions/elt_arguments/elt_arguments/scalar/16384/width=16/nulls=true/fixed_literal=false/literal_null=false/index=dynamic,candidate,56,741.0,56584438.0,Linear
1,binary_expressions/elt_arguments/elt_arguments/scalar/16384/width=16/nulls=true/fixed_literal=false/literal_null=false/index=dynamic,candidate,57,754.0,57717796.0,Linear
1,binary_expressions/elt_arguments/elt_arguments/scalar/16384/width=16/nulls=true/fixed_literal=false/literal_null=false/index=dynamic,candidate,58,767.0,59711447.0,Linear
1,binary_expressions/elt_arguments/elt_arguments/scalar/16384/width=16/nulls=true/fixed_literal=false/literal_null=false/index=dynamic,candidate,59,780.0,59540025.0,Linear
1,binary_expressions/elt_arguments/elt_arguments/scalar/16384/width=16/nulls=true/fixed_literal=false/literal_null=false/index=dynamic,candidate,60,793.0,61071347.0,Linear
1,binary_expressions/elt_arguments/elt_arguments/scalar/16384/width=16/nulls=true/fixed_literal=false/literal_null=false/index=dynamic,candidate,61,806.0,61742733.0,Linear
1,binary_expressions/elt_arguments/elt_arguments/scalar/16384/width=16/nulls=true/fixed_literal=false/literal_null=false/index=dynamic,candidate,62,819.0,62700759.0,Linear
1,binary_expressions/elt_arguments/elt_arguments/scalar/16384/width=16/nulls=true/fixed_literal=false/literal_null=false/index=dynamic,candidate,63,832.0,63052778.0,Linear
1,binary_expressions/elt_arguments/elt_arguments/scalar/16384/width=16/nulls=true/fixed_literal=false/literal_null=false/index=dynamic,candidate,64,845.0,64759549.0,Linear
1,binary_expressions/elt_arguments/elt_arguments/scalar/16384/width=16/nulls=true/fixed_literal=false/literal_null=false/index=dynamic,candidate,65,858.0,65406098.0,Linear
1,binary_expressions/elt_arguments/elt_arguments/scalar/16384/width=16/nulls=true/fixed_literal=false/literal_null=false/index=dynamic,candidate,66,871.0,66089876.0,Linear
1,binary_expressions/elt_arguments/elt_arguments/scalar/16384/width=16/nulls=true/fixed_literal=false/literal_null=false/index=dynamic,candidate,67,884.0,67793597.0,Linear
1,binary_expressions/elt_arguments/elt_arguments/scalar/16384/width=16/nulls=true/fixed_literal=false/literal_null=false/index=dynamic,candidate,68,897.0,67765761.0,Linear
1,binary_expressions/elt_arguments/elt_arguments/scalar/16384/width=16/nulls=true/fixed_literal=false/literal_null=false/index=dynamic,candidate,69,910.0,69642108.0,Linear
1,binary_expressions/elt_arguments/elt_arguments/scalar/16384/width=16/nulls=true/fixed_literal=false/literal_null=false/index=dynamic,candidate,70,923.0,70555571.0,Linear
1,binary_expressions/elt_arguments/elt_arguments/scalar/16384/width=16/nulls=true/fixed_literal=false/literal_null=false/index=dynamic,candidate,71,936.0,71658068.0,Linear
1,binary_expressions/elt_arguments/elt_arguments/scalar/16384/width=16/nulls=true/fixed_literal=false/literal_null=false/index=dynamic,candidate,72,949.0,72176866.0,Linear
1,binary_expressions/elt_arguments/elt_arguments/scalar/16384/width=16/nulls=true/fixed_literal=false/literal_null=false/index=dynamic,candidate,73,962.0,74484875.0,Linear
1,binary_expressions/elt_arguments/elt_arguments/scalar/16384/width=16/nulls=true/fixed_literal=false/literal_null=false/index=dynamic,candidate,74,975.0,74352600.0,Linear
1,binary_expressions/elt_arguments/elt_arguments/scalar/16384/width=16/nulls=true/fixed_literal=false/literal_null=false/index=dynamic,candidate,75,988.0,75226792.0,Linear
1,binary_expressions/elt_arguments/elt_arguments/scalar/16384/width=16/nulls=true/fixed_literal=false/literal_null=false/index=dynamic,candidate,76,1001.0,76108858.0,Linear
1,binary_expressions/elt_arguments/elt_arguments/scalar/16384/width=16/nulls=true/fixed_literal=false/literal_null=false/index=dynamic,candidate,77,1014.0,77251005.0,Linear
1,binary_expressions/elt_arguments/elt_arguments/scalar/16384/width=16/nulls=true/fixed_literal=false/literal_null=false/index=dynamic,candidate,78,1027.0,77911519.0,Linear
1,binary_expressions/elt_arguments/elt_arguments/scalar/16384/width=16/nulls=true/fixed_literal=false/literal_null=false/index=dynamic,candidate,79,1040.0,79964972.0,Linear
1,binary_expressions/elt_arguments/elt_arguments/scalar/16384/width=16/nulls=true/fixed_literal=false/literal_null=false/index=dynamic,candidate,80,1053.0,80820260.0,Linear
1,binary_expressions/elt_arguments/elt_arguments/scalar/16384/width=16/nulls=true/fixed_literal=false/literal_null=false/index=dynamic,candidate,81,1066.0,82592202.0,Linear
1,binary_expressions/elt_arguments/elt_arguments/scalar/16384/width=16/nulls=true/fixed_literal=false/literal_null=false/index=dynamic,candidate,82,1079.0,83282950.0,Linear
1,binary_expressions/elt_arguments/elt_arguments/scalar/16384/width=16/nulls=true/fixed_literal=false/literal_null=false/index=dynamic,candidate,83,1092.0,83541129.0,Linear
1,binary_expressions/elt_arguments/elt_arguments/scalar/16384/width=16/nulls=true/fixed_literal=false/literal_null=false/index=dynamic,candidate,84,1105.0,85007510.0,Linear
1,binary_expressions/elt_arguments/elt_arguments/scalar/16384/width=16/nulls=true/fixed_literal=false/literal_null=false/index=dynamic,candidate,85,1118.0,85910393.0,Linear
1,binary_expressions/elt_arguments/elt_arguments/scalar/16384/width=16/nulls=true/fixed_literal=false/literal_null=false/index=dynamic,candidate,86,1131.0,85913812.0,Linear
1,binary_expressions/elt_arguments/elt_arguments/scalar/16384/width=16/nulls=true/fixed_literal=false/literal_null=false/index=dynamic,candidate,87,1144.0,87001717.0,Linear
1,binary_expressions/elt_arguments/elt_arguments/scalar/16384/width=16/nulls=true/fixed_literal=false/literal_null=false/index=dynamic,candidate,88,1157.0,88112905.0,Linear
1,binary_expressions/elt_arguments/elt_arguments/scalar/16384/width=16/nulls=true/fixed_literal=false/literal_null=false/index=dynamic,candidate,89,1170.0,89570280.0,Linear
1,binary_expressions/elt_arguments/elt_arguments/scalar/16384/width=16/nulls=true/fixed_literal=false/literal_null=false/index=dynamic,candidate,90,1183.0,90261990.0,Linear
1,binary_expressions/elt_arguments/elt_arguments/scalar/16384/width=16/nulls=true/fixed_literal=false/literal_null=false/index=dynamic,candidate,91,1196.0,92157347.0,Linear
1,binary_expressions/elt_arguments/elt_arguments/scalar/16384/width=16/nulls=true/fixed_literal=false/literal_null=false/index=dynamic,candidate,92,1209.0,92309160.0,Linear
1,binary_expressions/elt_arguments/elt_arguments/scalar/16384/width=16/nulls=true/fixed_literal=false/literal_null=false/index=dynamic,candidate,93,1222.0,94006403.0,Linear
1,binary_expressions/elt_arguments/elt_arguments/scalar/16384/width=16/nulls=true/fixed_literal=false/literal_null=false/index=dynamic,candidate,94,1235.0,92865204.0,Linear
1,binary_expressions/elt_arguments/elt_arguments/scalar/16384/width=16/nulls=true/fixed_literal=false/literal_null=false/index=dynamic,candidate,95,1248.0,94761398.0,Linear
1,binary_expressions/elt_arguments/elt_arguments/scalar/16384/width=16/nulls=true/fixed_literal=false/literal_null=false/index=dynamic,candidate,96,1261.0,96169732.0,Linear
1,binary_expressions/elt_arguments/elt_arguments/scalar/16384/width=16/nulls=true/fixed_literal=false/literal_null=false/index=dynamic,candidate,97,1274.0,96637430.0,Linear
1,binary_expressions/elt_arguments/elt_arguments/scalar/16384/width=16/nulls=true/fixed_literal=false/literal_null=false/index=dynamic,candidate,98,1287.0,98458066.0,Linear
1,binary_expressions/elt_arguments/elt_arguments/scalar/16384/width=16/nulls=true/fixed_literal=false/literal_null=false/index=dynamic,candidate,99,1300.0,99364144.0,Linear
1,binary_expressions/elt_arguments/elt_arguments/scalar/16384/width=256/nulls=false/fixed_literal=false/literal_null=false/index=dynamic,original,0,6.0,977744.0,Linear
1,binary_expressions/elt_arguments/elt_arguments/scalar/16384/width=256/nulls=false/fixed_literal=false/literal_null=false/index=dynamic,original,1,12.0,2312882.0,Linear
1,binary_expressions/elt_arguments/elt_arguments/scalar/16384/width=256/nulls=false/fixed_literal=false/literal_null=false/index=dynamic,original,2,18.0,3075570.0,Linear
1,binary_expressions/elt_arguments/elt_arguments/scalar/16384/width=256/nulls=false/fixed_literal=false/literal_null=false/index=dynamic,original,3,24.0,3956040.0,Linear
1,binary_expressions/elt_arguments/elt_arguments/scalar/16384/width=256/nulls=false/fixed_literal=false/literal_null=false/index=dynamic,original,4,30.0,4875049.0,Linear
1,binary_expressions/elt_arguments/elt_arguments/scalar/16384/width=256/nulls=false/fixed_literal=false/literal_null=false/index=dynamic,original,5,36.0,5902677.0,Linear
1,binary_expressions/elt_arguments/elt_arguments/scalar/16384/width=256/nulls=false/fixed_literal=false/literal_null=false/index=dynamic,original,6,42.0,6863502.0,Linear
1,binary_expressions/elt_arguments/elt_arguments/scalar/16384/width=256/nulls=false/fixed_literal=false/literal_null=false/index=dynamic,original,7,48.0,7796059.0,Linear
1,binary_expressions/elt_arguments/elt_arguments/scalar/16384/width=256/nulls=false/fixed_literal=false/literal_null=false/index=dynamic,original,8,54.0,8952467.0,Linear
1,binary_expressions/elt_arguments/elt_arguments/scalar/16384/width=256/nulls=false/fixed_literal=false/literal_null=false/index=dynamic,original,9,60.0,10715349.0,Linear
1,binary_expressions/elt_arguments/elt_arguments/scalar/16384/width=256/nulls=false/fixed_literal=false/literal_null=false/index=dynamic,original,10,66.0,11530733.0,Linear
1,binary_expressions/elt_arguments/elt_arguments/scalar/16384/width=256/nulls=false/fixed_literal=false/literal_null=false/index=dynamic,original,11,72.0,13257016.0,Linear
1,binary_expressions/elt_arguments/elt_arguments/scalar/16384/width=256/nulls=false/fixed_literal=false/literal_null=false/index=dynamic,original,12,78.0,13937291.0,Linear
1,binary_expressions/elt_arguments/elt_arguments/scalar/16384/width=256/nulls=false/fixed_literal=false/literal_null=false/index=dynamic,original,13,84.0,13900503.0,Linear
1,binary_expressions/elt_arguments/elt_arguments/scalar/16384/width=256/nulls=false/fixed_literal=false/literal_null=false/index=dynamic,original,14,90.0,14673521.0,Linear
1,binary_expressions/elt_arguments/elt_arguments/scalar/16384/width=256/nulls=false/fixed_literal=false/literal_null=false/index=dynamic,original,15,96.0,15682255.0,Linear
1,binary_expressions/elt_arguments/elt_arguments/scalar/16384/width=256/nulls=false/fixed_literal=false/literal_null=false/index=dynamic,original,16,102.0,16598118.0,Linear
1,binary_expressions/elt_arguments/elt_arguments/scalar/16384/width=256/nulls=false/fixed_literal=false/literal_null=false/index=dynamic,original,17,108.0,19543636.0,Linear
1,binary_expressions/elt_arguments/elt_arguments/scalar/16384/width=256/nulls=false/fixed_literal=false/literal_null=false/index=dynamic,original,18,114.0,21387564.0,Linear
1,binary_expressions/elt_arguments/elt_arguments/scalar/16384/width=256/nulls=false/fixed_literal=false/literal_null=false/index=dynamic,original,19,120.0,21602353.0,Linear
1,binary_expressions/elt_arguments/elt_arguments/scalar/16384/width=256/nulls=false/fixed_literal=false/literal_null=false/index=dynamic,original,20,126.0,20944865.0,Linear
1,binary_expressions/elt_arguments/elt_arguments/scalar/16384/width=256/nulls=false/fixed_literal=false/literal_null=false/index=dynamic,original,21,132.0,22450871.0,Linear
1,binary_expressions/elt_arguments/elt_arguments/scalar/16384/width=256/nulls=false/fixed_literal=false/literal_null=false/index=dynamic,original,22,138.0,22541546.0,Linear
1,binary_expressions/elt_arguments/elt_arguments/scalar/16384/width=256/nulls=false/fixed_literal=false/literal_null=false/index=dynamic,original,23,144.0,24688379.0,Linear
1,binary_expressions/elt_arguments/elt_arguments/scalar/16384/width=256/nulls=false/fixed_literal=false/literal_null=false/index=dynamic,original,24,150.0,24697480.0,Linear
1,binary_expressions/elt_arguments/elt_arguments/scalar/16384/width=256/nulls=false/fixed_literal=false/literal_null=false/index=dynamic,original,25,156.0,26204623.0,Linear
1,binary_expressions/elt_arguments/elt_arguments/scalar/16384/width=256/nulls=false/fixed_literal=false/literal_null=false/index=dynamic,original,26,162.0,27093946.0,Linear
1,binary_expressions/elt_arguments/elt_arguments/scalar/16384/width=256/nulls=false/fixed_literal=false/literal_null=false/index=dynamic,original,27,168.0,27597351.0,Linear
1,binary_expressions/elt_arguments/elt_arguments/scalar/16384/width=256/nulls=false/fixed_literal=false/literal_null=false/index=dynamic,original,28,174.0,30310674.0,Linear
1,binary_expressions/elt_arguments/elt_arguments/scalar/16384/width=256/nulls=false/fixed_literal=false/literal_null=false/index=dynamic,original,29,180.0,30537550.0,Linear
1,binary_expressions/elt_arguments/elt_arguments/scalar/16384/width=256/nulls=false/fixed_literal=false/literal_null=false/index=dynamic,original,30,186.0,32290217.0,Linear
1,binary_expressions/elt_arguments/elt_arguments/scalar/16384/width=256/nulls=false/fixed_literal=false/literal_null=false/index=dynamic,original,31,192.0,31407085.0,Linear
1,binary_expressions/elt_arguments/elt_arguments/scalar/16384/width=256/nulls=false/fixed_literal=false/literal_null=false/index=dynamic,original,32,198.0,34927914.0,Linear
1,binary_expressions/elt_arguments/elt_arguments/scalar/16384/width=256/nulls=false/fixed_literal=false/literal_null=false/index=dynamic,original,33,204.0,35471059.0,Linear
1,binary_expressions/elt_arguments/elt_arguments/scalar/16384/width=256/nulls=false/fixed_literal=false/literal_null=false/index=dynamic,original,34,210.0,35733750.0,Linear
1,binary_expressions/elt_arguments/elt_arguments/scalar/16384/width=256/nulls=false/fixed_literal=false/literal_null=false/index=dynamic,original,35,216.0,36810919.0,Linear
1,binary_expressions/elt_arguments/elt_arguments/scalar/16384/width=256/nulls=false/fixed_literal=false/literal_null=false/index=dynamic,original,36,222.0,39469907.0,Linear
1,binary_expressions/elt_arguments/elt_arguments/scalar/16384/width=256/nulls=false/fixed_literal=false/literal_null=false/index=dynamic,original,37,228.0,41825485.0,Linear
1,binary_expressions/elt_arguments/elt_arguments/scalar/16384/width=256/nulls=false/fixed_literal=false/literal_null=false/index=dynamic,original,38,234.0,43476476.0,Linear
1,binary_expressions/elt_arguments/elt_arguments/scalar/16384/width=256/nulls=false/fixed_literal=false/literal_null=false/index=dynamic,original,39,240.0,44048504.0,Linear
1,binary_expressions/elt_arguments/elt_arguments/scalar/16384/width=256/nulls=false/fixed_literal=false/literal_null=false/index=dynamic,original,40,246.0,45421974.0,Linear
1,binary_expressions/elt_arguments/elt_arguments/scalar/16384/width=256/nulls=false/fixed_literal=false/literal_null=false/index=dynamic,original,41,252.0,45755801.0,Linear
1,binary_expressions/elt_arguments/elt_arguments/scalar/16384/width=256/nulls=false/fixed_literal=false/literal_null=false/index=dynamic,original,42,258.0,47346965.0,Linear
1,binary_expressions/elt_arguments/elt_arguments/scalar/16384/width=256/nulls=false/fixed_literal=false/literal_null=false/index=dynamic,original,43,264.0,48325311.0,Linear
1,binary_expressions/elt_arguments/elt_arguments/scalar/16384/width=256/nulls=false/fixed_literal=false/literal_null=false/index=dynamic,original,44,270.0,49655902.0,Linear
1,binary_expressions/elt_arguments/elt_arguments/scalar/16384/width=256/nulls=false/fixed_literal=false/literal_null=false/index=dynamic,original,45,276.0,49691930.0,Linear
1,binary_expressions/elt_arguments/elt_arguments/scalar/16384/width=256/nulls=false/fixed_literal=false/literal_null=false/index=dynamic,original,46,282.0,51400385.0,Linear
1,binary_expressions/elt_arguments/elt_arguments/scalar/16384/width=256/nulls=false/fixed_literal=false/literal_null=false/index=dynamic,original,47,288.0,52079763.0,Linear
1,binary_expressions/elt_arguments/elt_arguments/scalar/16384/width=256/nulls=false/fixed_literal=false/literal_null=false/index=dynamic,original,48,294.0,54561380.0,Linear
1,binary_expressions/elt_arguments/elt_arguments/scalar/16384/width=256/nulls=false/fixed_literal=false/literal_null=false/index=dynamic,original,49,300.0,55100866.0,Linear
1,binary_expressions/elt_arguments/elt_arguments/scalar/16384/width=256/nulls=false/fixed_literal=false/literal_null=false/index=dynamic,original,50,306.0,56593900.0,Linear
1,binary_expressions/elt_arguments/elt_arguments/scalar/16384/width=256/nulls=false/fixed_literal=false/literal_null=false/index=dynamic,original,51,312.0,58753631.0,Linear
1,binary_expressions/elt_arguments/elt_arguments/scalar/16384/width=256/nulls=false/fixed_literal=false/literal_null=false/index=dynamic,original,52,318.0,58679874.0,Linear
1,binary_expressions/elt_arguments/elt_arguments/scalar/16384/width=256/nulls=false/fixed_literal=false/literal_null=false/index=dynamic,original,53,324.0,59856947.0,Linear
1,binary_expressions/elt_arguments/elt_arguments/scalar/16384/width=256/nulls=false/fixed_literal=false/literal_null=false/index=dynamic,original,54,330.0,60437883.0,Linear
1,binary_expressions/elt_arguments/elt_arguments/scalar/16384/width=256/nulls=false/fixed_literal=false/literal_null=false/index=dynamic,original,55,336.0,61683359.0,Linear
1,binary_expressions/elt_arguments/elt_arguments/scalar/16384/width=256/nulls=false/fixed_literal=false/literal_null=false/index=dynamic,original,56,342.0,62492530.0,Linear
1,binary_expressions/elt_arguments/elt_arguments/scalar/16384/width=256/nulls=false/fixed_literal=false/literal_null=false/index=dynamic,original,57,348.0,63251322.0,Linear
1,binary_expressions/elt_arguments/elt_arguments/scalar/16384/width=256/nulls=false/fixed_literal=false/literal_null=false/index=dynamic,original,58,354.0,66117383.0,Linear
1,binary_expressions/elt_arguments/elt_arguments/scalar/16384/width=256/nulls=false/fixed_literal=false/literal_null=false/index=dynamic,original,59,360.0,67276970.0,Linear
1,binary_expressions/elt_arguments/elt_arguments/scalar/16384/width=256/nulls=false/fixed_literal=false/literal_null=false/index=dynamic,original,60,366.0,68195715.0,Linear
1,binary_expressions/elt_arguments/elt_arguments/scalar/16384/width=256/nulls=false/fixed_literal=false/literal_null=false/index=dynamic,original,61,372.0,68992064.0,Linear
1,binary_expressions/elt_arguments/elt_arguments/scalar/16384/width=256/nulls=false/fixed_literal=false/literal_null=false/index=dynamic,original,62,378.0,68972303.0,Linear
1,binary_expressions/elt_arguments/elt_arguments/scalar/16384/width=256/nulls=false/fixed_literal=false/literal_null=false/index=dynamic,original,63,384.0,71857533.0,Linear
1,binary_expressions/elt_arguments/elt_arguments/scalar/16384/width=256/nulls=false/fixed_literal=false/literal_null=false/index=dynamic,original,64,390.0,72159128.0,Linear
1,binary_expressions/elt_arguments/elt_arguments/scalar/16384/width=256/nulls=false/fixed_literal=false/literal_null=false/index=dynamic,original,65,396.0,73525413.0,Linear
1,binary_expressions/elt_arguments/elt_arguments/scalar/16384/width=256/nulls=false/fixed_literal=false/literal_null=false/index=dynamic,original,66,402.0,73482159.0,Linear
1,binary_expressions/elt_arguments/elt_arguments/scalar/16384/width=256/nulls=false/fixed_literal=false/literal_null=false/index=dynamic,original,67,408.0,75350062.0,Linear
1,binary_expressions/elt_arguments/elt_arguments/scalar/16384/width=256/nulls=false/fixed_literal=false/literal_null=false/index=dynamic,original,68,414.0,76425960.0,Linear
1,binary_expressions/elt_arguments/elt_arguments/scalar/16384/width=256/nulls=false/fixed_literal=false/literal_null=false/index=dynamic,original,69,420.0,78751442.0,Linear
1,binary_expressions/elt_arguments/elt_arguments/scalar/16384/width=256/nulls=false/fixed_literal=false/literal_null=false/index=dynamic,original,70,426.0,77816084.0,Linear
1,binary_expressions/elt_arguments/elt_arguments/scalar/16384/width=256/nulls=false/fixed_literal=false/literal_null=false/index=dynamic,original,71,432.0,79201984.0,Linear
1,binary_expressions/elt_arguments/elt_arguments/scalar/16384/width=256/nulls=false/fixed_literal=false/literal_null=false/index=dynamic,original,72,438.0,80455852.0,Linear
1,binary_expressions/elt_arguments/elt_arguments/scalar/16384/width=256/nulls=false/fixed_literal=false/literal_null=false/index=dynamic,original,73,444.0,81438554.0,Linear
1,binary_expressions/elt_arguments/elt_arguments/scalar/16384/width=256/nulls=false/fixed_literal=false/literal_null=false/index=dynamic,original,74,450.0,84272189.0,Linear
1,binary_expressions/elt_arguments/elt_arguments/scalar/16384/width=256/nulls=false/fixed_literal=false/literal_null=false/index=dynamic,original,75,456.0,82512151.0,Linear
1,binary_expressions/elt_arguments/elt_arguments/scalar/16384/width=256/nulls=false/fixed_literal=false/literal_null=false/index=dynamic,original,76,462.0,83671625.0,Linear
1,binary_expressions/elt_arguments/elt_arguments/scalar/16384/width=256/nulls=false/fixed_literal=false/literal_null=false/index=dynamic,original,77,468.0,85528512.0,Linear
1,binary_expressions/elt_arguments/elt_arguments/scalar/16384/width=256/nulls=false/fixed_literal=false/literal_null=false/index=dynamic,original,78,474.0,87973145.0,Linear
1,binary_expressions/elt_arguments/elt_arguments/scalar/16384/width=256/nulls=false/fixed_literal=false/literal_null=false/index=dynamic,original,79,480.0,89199173.0,Linear
1,binary_expressions/elt_arguments/elt_arguments/scalar/16384/width=256/nulls=false/fixed_literal=false/literal_null=false/index=dynamic,original,80,486.0,88610507.0,Linear
1,binary_expressions/elt_arguments/elt_arguments/scalar/16384/width=256/nulls=false/fixed_literal=false/literal_null=false/index=dynamic,original,81,492.0,89767705.0,Linear
1,binary_expressions/elt_arguments/elt_arguments/scalar/16384/width=256/nulls=false/fixed_literal=false/literal_null=false/index=dynamic,original,82,498.0,90870569.0,Linear
1,binary_expressions/elt_arguments/elt_arguments/scalar/16384/width=256/nulls=false/fixed_literal=false/literal_null=false/index=dynamic,original,83,504.0,95790694.0,Linear
1,binary_expressions/elt_arguments/elt_arguments/scalar/16384/width=256/nulls=false/fixed_literal=false/literal_null=false/index=dynamic,original,84,510.0,93930773.0,Linear
1,binary_expressions/elt_arguments/elt_arguments/scalar/16384/width=256/nulls=false/fixed_literal=false/literal_null=false/index=dynamic,original,85,516.0,95405047.0,Linear
1,binary_expressions/elt_arguments/elt_arguments/scalar/16384/width=256/nulls=false/fixed_literal=false/literal_null=false/index=dynamic,original,86,522.0,96167248.0,Linear
1,binary_expressions/elt_arguments/elt_arguments/scalar/16384/width=256/nulls=false/fixed_literal=false/literal_null=false/index=dynamic,original,87,528.0,96885521.0,Linear
1,binary_expressions/elt_arguments/elt_arguments/scalar/16384/width=256/nulls=false/fixed_literal=false/literal_null=false/index=dynamic,original,88,534.0,97707922.0,Linear
1,binary_expressions/elt_arguments/elt_arguments/scalar/16384/width=256/nulls=false/fixed_literal=false/literal_null=false/index=dynamic,original,89,540.0,98641005.0,Linear
1,binary_expressions/elt_arguments/elt_arguments/scalar/16384/width=256/nulls=false/fixed_literal=false/literal_null=false/index=dynamic,original,90,546.0,99058579.0,Linear
1,binary_expressions/elt_arguments/elt_arguments/scalar/16384/width=256/nulls=false/fixed_literal=false/literal_null=false/index=dynamic,original,91,552.0,100763208.0,Linear
1,binary_expressions/elt_arguments/elt_arguments/scalar/16384/width=256/nulls=false/fixed_literal=false/literal_null=false/index=dynamic,original,92,558.0,102220534.0,Linear
1,binary_expressions/elt_arguments/elt_arguments/scalar/16384/width=256/nulls=false/fixed_literal=false/literal_null=false/index=dynamic,original,93,564.0,102826970.0,Linear
1,binary_expressions/elt_arguments/elt_arguments/scalar/16384/width=256/nulls=false/fixed_literal=false/literal_null=false/index=dynamic,original,94,570.0,106765134.0,Linear
1,binary_expressions/elt_arguments/elt_arguments/scalar/16384/width=256/nulls=false/fixed_literal=false/literal_null=false/index=dynamic,original,95,576.0,101501401.0,Linear
1,binary_expressions/elt_arguments/elt_arguments/scalar/16384/width=256/nulls=false/fixed_literal=false/literal_null=false/index=dynamic,original,96,582.0,106762066.0,Linear
1,binary_expressions/elt_arguments/elt_arguments/scalar/16384/width=256/nulls=false/fixed_literal=false/literal_null=false/index=dynamic,original,97,588.0,106138139.0,Linear
1,binary_expressions/elt_arguments/elt_arguments/scalar/16384/width=256/nulls=false/fixed_literal=false/literal_null=false/index=dynamic,original,98,594.0,110390854.0,Linear
1,binary_expressions/elt_arguments/elt_arguments/scalar/16384/width=256/nulls=false/fixed_literal=false/literal_null=false/index=dynamic,original,99,600.0,110582709.0,Linear
1,binary_expressions/elt_arguments/elt_arguments/scalar/16384/width=256/nulls=false/fixed_literal=false/literal_null=false/index=dynamic,candidate,0,6.0,1077294.0,Linear
1,binary_expressions/elt_arguments/elt_arguments/scalar/16384/width=256/nulls=false/fixed_literal=false/literal_null=false/index=dynamic,candidate,1,12.0,2205750.0,Linear
1,binary_expressions/elt_arguments/elt_arguments/scalar/16384/width=256/nulls=false/fixed_literal=false/literal_null=false/index=dynamic,candidate,2,18.0,3115380.0,Linear
1,binary_expressions/elt_arguments/elt_arguments/scalar/16384/width=256/nulls=false/fixed_literal=false/literal_null=false/index=dynamic,candidate,3,24.0,4065732.0,Linear
1,binary_expressions/elt_arguments/elt_arguments/scalar/16384/width=256/nulls=false/fixed_literal=false/literal_null=false/index=dynamic,candidate,4,30.0,4887102.0,Linear
1,binary_expressions/elt_arguments/elt_arguments/scalar/16384/width=256/nulls=false/fixed_literal=false/literal_null=false/index=dynamic,candidate,5,36.0,5539159.0,Linear
1,binary_expressions/elt_arguments/elt_arguments/scalar/16384/width=256/nulls=false/fixed_literal=false/literal_null=false/index=dynamic,candidate,6,42.0,6532566.0,Linear
1,binary_expressions/elt_arguments/elt_arguments/scalar/16384/width=256/nulls=false/fixed_literal=false/literal_null=false/index=dynamic,candidate,7,48.0,7728053.0,Linear
1,binary_expressions/elt_arguments/elt_arguments/scalar/16384/width=256/nulls=false/fixed_literal=false/literal_null=false/index=dynamic,candidate,8,54.0,9033311.0,Linear
1,binary_expressions/elt_arguments/elt_arguments/scalar/16384/width=256/nulls=false/fixed_literal=false/literal_null=false/index=dynamic,candidate,9,60.0,10045188.0,Linear
1,binary_expressions/elt_arguments/elt_arguments/scalar/16384/width=256/nulls=false/fixed_literal=false/literal_null=false/index=dynamic,candidate,10,66.0,11140626.0,Linear
1,binary_expressions/elt_arguments/elt_arguments/scalar/16384/width=256/nulls=false/fixed_literal=false/literal_null=false/index=dynamic,candidate,11,72.0,11241765.0,Linear
1,binary_expressions/elt_arguments/elt_arguments/scalar/16384/width=256/nulls=false/fixed_literal=false/literal_null=false/index=dynamic,candidate,12,78.0,12005501.0,Linear
1,binary_expressions/elt_arguments/elt_arguments/scalar/16384/width=256/nulls=false/fixed_literal=false/literal_null=false/index=dynamic,candidate,13,84.0,13118537.0,Linear
1,binary_expressions/elt_arguments/elt_arguments/scalar/16384/width=256/nulls=false/fixed_literal=false/literal_null=false/index=dynamic,candidate,14,90.0,13913900.0,Linear
1,binary_expressions/elt_arguments/elt_arguments/scalar/16384/width=256/nulls=false/fixed_literal=false/literal_null=false/index=dynamic,candidate,15,96.0,14716278.0,Linear
1,binary_expressions/elt_arguments/elt_arguments/scalar/16384/width=256/nulls=false/fixed_literal=false/literal_null=false/index=dynamic,candidate,16,102.0,15713130.0,Linear
1,binary_expressions/elt_arguments/elt_arguments/scalar/16384/width=256/nulls=false/fixed_literal=false/literal_null=false/index=dynamic,candidate,17,108.0,17654103.0,Linear
1,binary_expressions/elt_arguments/elt_arguments/scalar/16384/width=256/nulls=false/fixed_literal=false/literal_null=false/index=dynamic,candidate,18,114.0,18582587.0,Linear
1,binary_expressions/elt_arguments/elt_arguments/scalar/16384/width=256/nulls=false/fixed_literal=false/literal_null=false/index=dynamic,candidate,19,120.0,19358503.0,Linear
1,binary_expressions/elt_arguments/elt_arguments/scalar/16384/width=256/nulls=false/fixed_literal=false/literal_null=false/index=dynamic,candidate,20,126.0,20850638.0,Linear
1,binary_expressions/elt_arguments/elt_arguments/scalar/16384/width=256/nulls=false/fixed_literal=false/literal_null=false/index=dynamic,candidate,21,132.0,22118512.0,Linear
1,binary_expressions/elt_arguments/elt_arguments/scalar/16384/width=256/nulls=false/fixed_literal=false/literal_null=false/index=dynamic,candidate,22,138.0,21593835.0,Linear
1,binary_expressions/elt_arguments/elt_arguments/scalar/16384/width=256/nulls=false/fixed_literal=false/literal_null=false/index=dynamic,candidate,23,144.0,23410785.0,Linear
1,binary_expressions/elt_arguments/elt_arguments/scalar/16384/width=256/nulls=false/fixed_literal=false/literal_null=false/index=dynamic,candidate,24,150.0,24787584.0,Linear
1,binary_expressions/elt_arguments/elt_arguments/scalar/16384/width=256/nulls=false/fixed_literal=false/literal_null=false/index=dynamic,candidate,25,156.0,25405924.0,Linear
1,binary_expressions/elt_arguments/elt_arguments/scalar/16384/width=256/nulls=false/fixed_literal=false/literal_null=false/index=dynamic,candidate,26,162.0,25986459.0,Linear
1,binary_expressions/elt_arguments/elt_arguments/scalar/16384/width=256/nulls=false/fixed_literal=false/literal_null=false/index=dynamic,candidate,27,168.0,28169276.0,Linear
1,binary_expressions/elt_arguments/elt_arguments/scalar/16384/width=256/nulls=false/fixed_literal=false/literal_null=false/index=dynamic,candidate,28,174.0,29224175.0,Linear
1,binary_expressions/elt_arguments/elt_arguments/scalar/16384/width=256/nulls=false/fixed_literal=false/literal_null=false/index=dynamic,candidate,29,180.0,29831785.0,Linear
1,binary_expressions/elt_arguments/elt_arguments/scalar/16384/width=256/nulls=false/fixed_literal=false/literal_null=false/index=dynamic,candidate,30,186.0,30801050.0,Linear
1,binary_expressions/elt_arguments/elt_arguments/scalar/16384/width=256/nulls=false/fixed_literal=false/literal_null=false/index=dynamic,candidate,31,192.0,31643891.0,Linear
1,binary_expressions/elt_arguments/elt_arguments/scalar/16384/width=256/nulls=false/fixed_literal=false/literal_null=false/index=dynamic,candidate,32,198.0,31273784.0,Linear
1,binary_expressions/elt_arguments/elt_arguments/scalar/16384/width=256/nulls=false/fixed_literal=false/literal_null=false/index=dynamic,candidate,33,204.0,32787124.0,Linear
1,binary_expressions/elt_arguments/elt_arguments/scalar/16384/width=256/nulls=false/fixed_literal=false/literal_null=false/index=dynamic,candidate,34,210.0,33149823.0,Linear
1,binary_expressions/elt_arguments/elt_arguments/scalar/16384/width=256/nulls=false/fixed_literal=false/literal_null=false/index=dynamic,candidate,35,216.0,33115596.0,Linear
1,binary_expressions/elt_arguments/elt_arguments/scalar/16384/width=256/nulls=false/fixed_literal=false/literal_null=false/index=dynamic,candidate,36,222.0,36769057.0,Linear
1,binary_expressions/elt_arguments/elt_arguments/scalar/16384/width=256/nulls=false/fixed_literal=false/literal_null=false/index=dynamic,candidate,37,228.0,35719887.0,Linear
1,binary_expressions/elt_arguments/elt_arguments/scalar/16384/width=256/nulls=false/fixed_literal=false/literal_null=false/index=dynamic,candidate,38,234.0,37886535.0,Linear
1,binary_expressions/elt_arguments/elt_arguments/scalar/16384/width=256/nulls=false/fixed_literal=false/literal_null=false/index=dynamic,candidate,39,240.0,40359137.0,Linear
1,binary_expressions/elt_arguments/elt_arguments/scalar/16384/width=256/nulls=false/fixed_literal=false/literal_null=false/index=dynamic,candidate,40,246.0,37736797.0,Linear
1,binary_expressions/elt_arguments/elt_arguments/scalar/16384/width=256/nulls=false/fixed_literal=false/literal_null=false/index=dynamic,candidate,41,252.0,42589776.0,Linear
1,binary_expressions/elt_arguments/elt_arguments/scalar/16384/width=256/nulls=false/fixed_literal=false/literal_null=false/index=dynamic,candidate,42,258.0,43316632.0,Linear
1,binary_expressions/elt_arguments/elt_arguments/scalar/16384/width=256/nulls=false/fixed_literal=false/literal_null=false/index=dynamic,candidate,43,264.0,43243579.0,Linear
1,binary_expressions/elt_arguments/elt_arguments/scalar/16384/width=256/nulls=false/fixed_literal=false/literal_null=false/index=dynamic,candidate,44,270.0,42837658.0,Linear
1,binary_expressions/elt_arguments/elt_arguments/scalar/16384/width=256/nulls=false/fixed_literal=false/literal_null=false/index=dynamic,candidate,45,276.0,42070595.0,Linear
1,binary_expressions/elt_arguments/elt_arguments/scalar/16384/width=256/nulls=false/fixed_literal=false/literal_null=false/index=dynamic,candidate,46,282.0,43885670.0,Linear
1,binary_expressions/elt_arguments/elt_arguments/scalar/16384/width=256/nulls=false/fixed_literal=false/literal_null=false/index=dynamic,candidate,47,288.0,44144692.0,Linear
1,binary_expressions/elt_arguments/elt_arguments/scalar/16384/width=256/nulls=false/fixed_literal=false/literal_null=false/index=dynamic,candidate,48,294.0,44183152.0,Linear
1,binary_expressions/elt_arguments/elt_arguments/scalar/16384/width=256/nulls=false/fixed_literal=false/literal_null=false/index=dynamic,candidate,49,300.0,45927985.0,Linear
1,binary_expressions/elt_arguments/elt_arguments/scalar/16384/width=256/nulls=false/fixed_literal=false/literal_null=false/index=dynamic,candidate,50,306.0,46917518.0,Linear
1,binary_expressions/elt_arguments/elt_arguments/scalar/16384/width=256/nulls=false/fixed_literal=false/literal_null=false/index=dynamic,candidate,51,312.0,48260659.0,Linear
1,binary_expressions/elt_arguments/elt_arguments/scalar/16384/width=256/nulls=false/fixed_literal=false/literal_null=false/index=dynamic,candidate,52,318.0,48537466.0,Linear
1,binary_expressions/elt_arguments/elt_arguments/scalar/16384/width=256/nulls=false/fixed_literal=false/literal_null=false/index=dynamic,candidate,53,324.0,49674415.0,Linear
1,binary_expressions/elt_arguments/elt_arguments/scalar/16384/width=256/nulls=false/fixed_literal=false/literal_null=false/index=dynamic,candidate,54,330.0,49493300.0,Linear
1,binary_expressions/elt_arguments/elt_arguments/scalar/16384/width=256/nulls=false/fixed_literal=false/literal_null=false/index=dynamic,candidate,55,336.0,53428087.0,Linear
1,binary_expressions/elt_arguments/elt_arguments/scalar/16384/width=256/nulls=false/fixed_literal=false/literal_null=false/index=dynamic,candidate,56,342.0,54023109.0,Linear
1,binary_expressions/elt_arguments/elt_arguments/scalar/16384/width=256/nulls=false/fixed_literal=false/literal_null=false/index=dynamic,candidate,57,348.0,56964750.0,Linear
1,binary_expressions/elt_arguments/elt_arguments/scalar/16384/width=256/nulls=false/fixed_literal=false/literal_null=false/index=dynamic,candidate,58,354.0,57945447.0,Linear
1,binary_expressions/elt_arguments/elt_arguments/scalar/16384/width=256/nulls=false/fixed_literal=false/literal_null=false/index=dynamic,candidate,59,360.0,57146535.0,Linear
1,binary_expressions/elt_arguments/elt_arguments/scalar/16384/width=256/nulls=false/fixed_literal=false/literal_null=false/index=dynamic,candidate,60,366.0,60097173.0,Linear
1,binary_expressions/elt_arguments/elt_arguments/scalar/16384/width=256/nulls=false/fixed_literal=false/literal_null=false/index=dynamic,candidate,61,372.0,58933269.0,Linear
1,binary_expressions/elt_arguments/elt_arguments/scalar/16384/width=256/nulls=false/fixed_literal=false/literal_null=false/index=dynamic,candidate,62,378.0,62268385.0,Linear
1,binary_expressions/elt_arguments/elt_arguments/scalar/16384/width=256/nulls=false/fixed_literal=false/literal_null=false/index=dynamic,candidate,63,384.0,62758959.0,Linear
1,binary_expressions/elt_arguments/elt_arguments/scalar/16384/width=256/nulls=false/fixed_literal=false/literal_null=false/index=dynamic,candidate,64,390.0,63168163.0,Linear
1,binary_expressions/elt_arguments/elt_arguments/scalar/16384/width=256/nulls=false/fixed_literal=false/literal_null=false/index=dynamic,candidate,65,396.0,66194956.0,Linear
1,binary_expressions/elt_arguments/elt_arguments/scalar/16384/width=256/nulls=false/fixed_literal=false/literal_null=false/index=dynamic,candidate,66,402.0,65558459.0,Linear
1,binary_expressions/elt_arguments/elt_arguments/scalar/16384/width=256/nulls=false/fixed_literal=false/literal_null=false/index=dynamic,candidate,67,408.0,63642955.0,Linear
1,binary_expressions/elt_arguments/elt_arguments/scalar/16384/width=256/nulls=false/fixed_literal=false/literal_null=false/index=dynamic,candidate,68,414.0,64015641.0,Linear
1,binary_expressions/elt_arguments/elt_arguments/scalar/16384/width=256/nulls=false/fixed_literal=false/literal_null=false/index=dynamic,candidate,69,420.0,64442398.0,Linear
1,binary_expressions/elt_arguments/elt_arguments/scalar/16384/width=256/nulls=false/fixed_literal=false/literal_null=false/index=dynamic,candidate,70,426.0,68887205.0,Linear
1,binary_expressions/elt_arguments/elt_arguments/scalar/16384/width=256/nulls=false/fixed_literal=false/literal_null=false/index=dynamic,candidate,71,432.0,70094942.0,Linear
1,binary_expressions/elt_arguments/elt_arguments/scalar/16384/width=256/nulls=false/fixed_literal=false/literal_null=false/index=dynamic,candidate,72,438.0,72848369.0,Linear
1,binary_expressions/elt_arguments/elt_arguments/scalar/16384/width=256/nulls=false/fixed_literal=false/literal_null=false/index=dynamic,candidate,73,444.0,71259001.0,Linear
1,binary_expressions/elt_arguments/elt_arguments/scalar/16384/width=256/nulls=false/fixed_literal=false/literal_null=false/index=dynamic,candidate,74,450.0,69583302.0,Linear
1,binary_expressions/elt_arguments/elt_arguments/scalar/16384/width=256/nulls=false/fixed_literal=false/literal_null=false/index=dynamic,candidate,75,456.0,75138372.0,Linear
1,binary_expressions/elt_arguments/elt_arguments/scalar/16384/width=256/nulls=false/fixed_literal=false/literal_null=false/index=dynamic,candidate,76,462.0,72129700.0,Linear
1,binary_expressions/elt_arguments/elt_arguments/scalar/16384/width=256/nulls=false/fixed_literal=false/literal_null=false/index=dynamic,candidate,77,468.0,77589379.0,Linear
1,binary_expressions/elt_arguments/elt_arguments/scalar/16384/width=256/nulls=false/fixed_literal=false/literal_null=false/index=dynamic,candidate,78,474.0,76785948.0,Linear
1,binary_expressions/elt_arguments/elt_arguments/scalar/16384/width=256/nulls=false/fixed_literal=false/literal_null=false/index=dynamic,candidate,79,480.0,75357517.0,Linear
1,binary_expressions/elt_arguments/elt_arguments/scalar/16384/width=256/nulls=false/fixed_literal=false/literal_null=false/index=dynamic,candidate,80,486.0,74978331.0,Linear
1,binary_expressions/elt_arguments/elt_arguments/scalar/16384/width=256/nulls=false/fixed_literal=false/literal_null=false/index=dynamic,candidate,81,492.0,80425854.0,Linear
1,binary_expressions/elt_arguments/elt_arguments/scalar/16384/width=256/nulls=false/fixed_literal=false/literal_null=false/index=dynamic,candidate,82,498.0,79454846.0,Linear
1,binary_expressions/elt_arguments/elt_arguments/scalar/16384/width=256/nulls=false/fixed_literal=false/literal_null=false/index=dynamic,candidate,83,504.0,81399474.0,Linear
1,binary_expressions/elt_arguments/elt_arguments/scalar/16384/width=256/nulls=false/fixed_literal=false/literal_null=false/index=dynamic,candidate,84,510.0,83126091.0,Linear
1,binary_expressions/elt_arguments/elt_arguments/scalar/16384/width=256/nulls=false/fixed_literal=false/literal_null=false/index=dynamic,candidate,85,516.0,85008031.0,Linear
1,binary_expressions/elt_arguments/elt_arguments/scalar/16384/width=256/nulls=false/fixed_literal=false/literal_null=false/index=dynamic,candidate,86,522.0,81715247.0,Linear
1,binary_expressions/elt_arguments/elt_arguments/scalar/16384/width=256/nulls=false/fixed_literal=false/literal_null=false/index=dynamic,candidate,87,528.0,82463009.0,Linear
1,binary_expressions/elt_arguments/elt_arguments/scalar/16384/width=256/nulls=false/fixed_literal=false/literal_null=false/index=dynamic,candidate,88,534.0,85553891.0,Linear
1,binary_expressions/elt_arguments/elt_arguments/scalar/16384/width=256/nulls=false/fixed_literal=false/literal_null=false/index=dynamic,candidate,89,540.0,88832909.0,Linear
1,binary_expressions/elt_arguments/elt_arguments/scalar/16384/width=256/nulls=false/fixed_literal=false/literal_null=false/index=dynamic,candidate,90,546.0,88296433.0,Linear
1,binary_expressions/elt_arguments/elt_arguments/scalar/16384/width=256/nulls=false/fixed_literal=false/literal_null=false/index=dynamic,candidate,91,552.0,91894390.0,Linear
1,binary_expressions/elt_arguments/elt_arguments/scalar/16384/width=256/nulls=false/fixed_literal=false/literal_null=false/index=dynamic,candidate,92,558.0,90125531.0,Linear
1,binary_expressions/elt_arguments/elt_arguments/scalar/16384/width=256/nulls=false/fixed_literal=false/literal_null=false/index=dynamic,candidate,93,564.0,88637661.0,Linear
1,binary_expressions/elt_arguments/elt_arguments/scalar/16384/width=256/nulls=false/fixed_literal=false/literal_null=false/index=dynamic,candidate,94,570.0,91645178.0,Linear
1,binary_expressions/elt_arguments/elt_arguments/scalar/16384/width=256/nulls=false/fixed_literal=false/literal_null=false/index=dynamic,candidate,95,576.0,96319806.0,Linear
1,binary_expressions/elt_arguments/elt_arguments/scalar/16384/width=256/nulls=false/fixed_literal=false/literal_null=false/index=dynamic,candidate,96,582.0,93634955.0,Linear
1,binary_expressions/elt_arguments/elt_arguments/scalar/16384/width=256/nulls=false/fixed_literal=false/literal_null=false/index=dynamic,candidate,97,588.0,92917187.0,Linear
1,binary_expressions/elt_arguments/elt_arguments/scalar/16384/width=256/nulls=false/fixed_literal=false/literal_null=false/index=dynamic,candidate,98,594.0,94234078.0,Linear
1,binary_expressions/elt_arguments/elt_arguments/scalar/16384/width=256/nulls=false/fixed_literal=false/literal_null=false/index=dynamic,candidate,99,600.0,97254164.0,Linear
1,binary_expressions/elt_arguments/elt_arguments/scalar/16384/width=256/nulls=true/fixed_literal=false/literal_null=false/index=dynamic,original,0,6.0,1075358.0,Linear
1,binary_expressions/elt_arguments/elt_arguments/scalar/16384/width=256/nulls=true/fixed_literal=false/literal_null=false/index=dynamic,original,1,12.0,2176256.0,Linear
1,binary_expressions/elt_arguments/elt_arguments/scalar/16384/width=256/nulls=true/fixed_literal=false/literal_null=false/index=dynamic,original,2,18.0,3330000.0,Linear
1,binary_expressions/elt_arguments/elt_arguments/scalar/16384/width=256/nulls=true/fixed_literal=false/literal_null=false/index=dynamic,original,3,24.0,4361291.0,Linear
1,binary_expressions/elt_arguments/elt_arguments/scalar/16384/width=256/nulls=true/fixed_literal=false/literal_null=false/index=dynamic,original,4,30.0,5421824.0,Linear
1,binary_expressions/elt_arguments/elt_arguments/scalar/16384/width=256/nulls=true/fixed_literal=false/literal_null=false/index=dynamic,original,5,36.0,6577915.0,Linear
1,binary_expressions/elt_arguments/elt_arguments/scalar/16384/width=256/nulls=true/fixed_literal=false/literal_null=false/index=dynamic,original,6,42.0,7606543.0,Linear
1,binary_expressions/elt_arguments/elt_arguments/scalar/16384/width=256/nulls=true/fixed_literal=false/literal_null=false/index=dynamic,original,7,48.0,8730717.0,Linear
1,binary_expressions/elt_arguments/elt_arguments/scalar/16384/width=256/nulls=true/fixed_literal=false/literal_null=false/index=dynamic,original,8,54.0,10145489.0,Linear
1,binary_expressions/elt_arguments/elt_arguments/scalar/16384/width=256/nulls=true/fixed_literal=false/literal_null=false/index=dynamic,original,9,60.0,10867769.0,Linear
1,binary_expressions/elt_arguments/elt_arguments/scalar/16384/width=256/nulls=true/fixed_literal=false/literal_null=false/index=dynamic,original,10,66.0,13181515.0,Linear
1,binary_expressions/elt_arguments/elt_arguments/scalar/16384/width=256/nulls=true/fixed_literal=false/literal_null=false/index=dynamic,original,11,72.0,13779154.0,Linear
1,binary_expressions/elt_arguments/elt_arguments/scalar/16384/width=256/nulls=true/fixed_literal=false/literal_null=false/index=dynamic,original,12,78.0,14331739.0,Linear
1,binary_expressions/elt_arguments/elt_arguments/scalar/16384/width=256/nulls=true/fixed_literal=false/literal_null=false/index=dynamic,original,13,84.0,16024743.0,Linear
1,binary_expressions/elt_arguments/elt_arguments/scalar/16384/width=256/nulls=true/fixed_literal=false/literal_null=false/index=dynamic,original,14,90.0,16595366.0,Linear
1,binary_expressions/elt_arguments/elt_arguments/scalar/16384/width=256/nulls=true/fixed_literal=false/literal_null=false/index=dynamic,original,15,96.0,17853175.0,Linear
1,binary_expressions/elt_arguments/elt_arguments/scalar/16384/width=256/nulls=true/fixed_literal=false/literal_null=false/index=dynamic,original,16,102.0,19071742.0,Linear
1,binary_expressions/elt_arguments/elt_arguments/scalar/16384/width=256/nulls=true/fixed_literal=false/literal_null=false/index=dynamic,original,17,108.0,20334008.0,Linear
1,binary_expressions/elt_arguments/elt_arguments/scalar/16384/width=256/nulls=true/fixed_literal=false/literal_null=false/index=dynamic,original,18,114.0,20292952.0,Linear
1,binary_expressions/elt_arguments/elt_arguments/scalar/16384/width=256/nulls=true/fixed_literal=false/literal_null=false/index=dynamic,original,19,120.0,21309173.0,Linear
1,binary_expressions/elt_arguments/elt_arguments/scalar/16384/width=256/nulls=true/fixed_literal=false/literal_null=false/index=dynamic,original,20,126.0,20906741.0,Linear
1,binary_expressions/elt_arguments/elt_arguments/scalar/16384/width=256/nulls=true/fixed_literal=false/literal_null=false/index=dynamic,original,21,132.0,22087099.0,Linear
1,binary_expressions/elt_arguments/elt_arguments/scalar/16384/width=256/nulls=true/fixed_literal=false/literal_null=false/index=dynamic,original,22,138.0,25378395.0,Linear
1,binary_expressions/elt_arguments/elt_arguments/scalar/16384/width=256/nulls=true/fixed_literal=false/literal_null=false/index=dynamic,original,23,144.0,26933333.0,Linear
1,binary_expressions/elt_arguments/elt_arguments/scalar/16384/width=256/nulls=true/fixed_literal=false/literal_null=false/index=dynamic,original,24,150.0,28467958.0,Linear
1,binary_expressions/elt_arguments/elt_arguments/scalar/16384/width=256/nulls=true/fixed_literal=false/literal_null=false/index=dynamic,original,25,156.0,29143047.0,Linear
1,binary_expressions/elt_arguments/elt_arguments/scalar/16384/width=256/nulls=true/fixed_literal=false/literal_null=false/index=dynamic,original,26,162.0,29517393.0,Linear
1,binary_expressions/elt_arguments/elt_arguments/scalar/16384/width=256/nulls=true/fixed_literal=false/literal_null=false/index=dynamic,original,27,168.0,31500288.0,Linear
1,binary_expressions/elt_arguments/elt_arguments/scalar/16384/width=256/nulls=true/fixed_literal=false/literal_null=false/index=dynamic,original,28,174.0,31713370.0,Linear
1,binary_expressions/elt_arguments/elt_arguments/scalar/16384/width=256/nulls=true/fixed_literal=false/literal_null=false/index=dynamic,original,29,180.0,33122811.0,Linear
1,binary_expressions/elt_arguments/elt_arguments/scalar/16384/width=256/nulls=true/fixed_literal=false/literal_null=false/index=dynamic,original,30,186.0,34071011.0,Linear
1,binary_expressions/elt_arguments/elt_arguments/scalar/16384/width=256/nulls=true/fixed_literal=false/literal_null=false/index=dynamic,original,31,192.0,35724905.0,Linear
1,binary_expressions/elt_arguments/elt_arguments/scalar/16384/width=256/nulls=true/fixed_literal=false/literal_null=false/index=dynamic,original,32,198.0,36282476.0,Linear
1,binary_expressions/elt_arguments/elt_arguments/scalar/16384/width=256/nulls=true/fixed_literal=false/literal_null=false/index=dynamic,original,33,204.0,37260156.0,Linear
1,binary_expressions/elt_arguments/elt_arguments/scalar/16384/width=256/nulls=true/fixed_literal=false/literal_null=false/index=dynamic,original,34,210.0,38900084.0,Linear
1,binary_expressions/elt_arguments/elt_arguments/scalar/16384/width=256/nulls=true/fixed_literal=false/literal_null=false/index=dynamic,original,35,216.0,40210999.0,Linear
1,binary_expressions/elt_arguments/elt_arguments/scalar/16384/width=256/nulls=true/fixed_literal=false/literal_null=false/index=dynamic,original,36,222.0,41448659.0,Linear
1,binary_expressions/elt_arguments/elt_arguments/scalar/16384/width=256/nulls=true/fixed_literal=false/literal_null=false/index=dynamic,original,37,228.0,42975699.0,Linear
1,binary_expressions/elt_arguments/elt_arguments/scalar/16384/width=256/nulls=true/fixed_literal=false/literal_null=false/index=dynamic,original,38,234.0,43153491.0,Linear
1,binary_expressions/elt_arguments/elt_arguments/scalar/16384/width=256/nulls=true/fixed_literal=false/literal_null=false/index=dynamic,original,39,240.0,44736129.0,Linear
1,binary_expressions/elt_arguments/elt_arguments/scalar/16384/width=256/nulls=true/fixed_literal=false/literal_null=false/index=dynamic,original,40,246.0,45011203.0,Linear
1,binary_expressions/elt_arguments/elt_arguments/scalar/16384/width=256/nulls=true/fixed_literal=false/literal_null=false/index=dynamic,original,41,252.0,46921218.0,Linear
1,binary_expressions/elt_arguments/elt_arguments/scalar/16384/width=256/nulls=true/fixed_literal=false/literal_null=false/index=dynamic,original,42,258.0,48454857.0,Linear
1,binary_expressions/elt_arguments/elt_arguments/scalar/16384/width=256/nulls=true/fixed_literal=false/literal_null=false/index=dynamic,original,43,264.0,47652541.0,Linear
1,binary_expressions/elt_arguments/elt_arguments/scalar/16384/width=256/nulls=true/fixed_literal=false/literal_null=false/index=dynamic,original,44,270.0,45376589.0,Linear
1,binary_expressions/elt_arguments/elt_arguments/scalar/16384/width=256/nulls=true/fixed_literal=false/literal_null=false/index=dynamic,original,45,276.0,45968825.0,Linear
1,binary_expressions/elt_arguments/elt_arguments/scalar/16384/width=256/nulls=true/fixed_literal=false/literal_null=false/index=dynamic,original,46,282.0,48836093.0,Linear
1,binary_expressions/elt_arguments/elt_arguments/scalar/16384/width=256/nulls=true/fixed_literal=false/literal_null=false/index=dynamic,original,47,288.0,52201899.0,Linear
1,binary_expressions/elt_arguments/elt_arguments/scalar/16384/width=256/nulls=true/fixed_literal=false/literal_null=false/index=dynamic,original,48,294.0,51043537.0,Linear
1,binary_expressions/elt_arguments/elt_arguments/scalar/16384/width=256/nulls=true/fixed_literal=false/literal_null=false/index=dynamic,original,49,300.0,53378061.0,Linear
1,binary_expressions/elt_arguments/elt_arguments/scalar/16384/width=256/nulls=true/fixed_literal=false/literal_null=false/index=dynamic,original,50,306.0,51854379.0,Linear
1,binary_expressions/elt_arguments/elt_arguments/scalar/16384/width=256/nulls=true/fixed_literal=false/literal_null=false/index=dynamic,original,51,312.0,54762059.0,Linear
1,binary_expressions/elt_arguments/elt_arguments/scalar/16384/width=256/nulls=true/fixed_literal=false/literal_null=false/index=dynamic,original,52,318.0,53074920.0,Linear
1,binary_expressions/elt_arguments/elt_arguments/scalar/16384/width=256/nulls=true/fixed_literal=false/literal_null=false/index=dynamic,original,53,324.0,55812999.0,Linear
1,binary_expressions/elt_arguments/elt_arguments/scalar/16384/width=256/nulls=true/fixed_literal=false/literal_null=false/index=dynamic,original,54,330.0,56455567.0,Linear
1,binary_expressions/elt_arguments/elt_arguments/scalar/16384/width=256/nulls=true/fixed_literal=false/literal_null=false/index=dynamic,original,55,336.0,56131965.0,Linear
1,binary_expressions/elt_arguments/elt_arguments/scalar/16384/width=256/nulls=true/fixed_literal=false/literal_null=false/index=dynamic,original,56,342.0,59593830.0,Linear
1,binary_expressions/elt_arguments/elt_arguments/scalar/16384/width=256/nulls=true/fixed_literal=false/literal_null=false/index=dynamic,original,57,348.0,57684110.0,Linear
1,binary_expressions/elt_arguments/elt_arguments/scalar/16384/width=256/nulls=true/fixed_literal=false/literal_null=false/index=dynamic,original,58,354.0,63254357.0,Linear
1,binary_expressions/elt_arguments/elt_arguments/scalar/16384/width=256/nulls=true/fixed_literal=false/literal_null=false/index=dynamic,original,59,360.0,59997084.0,Linear
1,binary_expressions/elt_arguments/elt_arguments/scalar/16384/width=256/nulls=true/fixed_literal=false/literal_null=false/index=dynamic,original,60,366.0,61921051.0,Linear
1,binary_expressions/elt_arguments/elt_arguments/scalar/16384/width=256/nulls=true/fixed_literal=false/literal_null=false/index=dynamic,original,61,372.0,63034555.0,Linear
1,binary_expressions/elt_arguments/elt_arguments/scalar/16384/width=256/nulls=true/fixed_literal=false/literal_null=false/index=dynamic,original,62,378.0,64884967.0,Linear
1,binary_expressions/elt_arguments/elt_arguments/scalar/16384/width=256/nulls=true/fixed_literal=false/literal_null=false/index=dynamic,original,63,384.0,66789944.0,Linear
1,binary_expressions/elt_arguments/elt_arguments/scalar/16384/width=256/nulls=true/fixed_literal=false/literal_null=false/index=dynamic,original,64,390.0,65999373.0,Linear
1,binary_expressions/elt_arguments/elt_arguments/scalar/16384/width=256/nulls=true/fixed_literal=false/literal_null=false/index=dynamic,original,65,396.0,70562253.0,Linear
1,binary_expressions/elt_arguments/elt_arguments/scalar/16384/width=256/nulls=true/fixed_literal=false/literal_null=false/index=dynamic,original,66,402.0,72410766.0,Linear
1,binary_expressions/elt_arguments/elt_arguments/scalar/16384/width=256/nulls=true/fixed_literal=false/literal_null=false/index=dynamic,original,67,408.0,68083167.0,Linear
1,binary_expressions/elt_arguments/elt_arguments/scalar/16384/width=256/nulls=true/fixed_literal=false/literal_null=false/index=dynamic,original,68,414.0,68522176.0,Linear
1,binary_expressions/elt_arguments/elt_arguments/scalar/16384/width=256/nulls=true/fixed_literal=false/literal_null=false/index=dynamic,original,69,420.0,70644127.0,Linear
1,binary_expressions/elt_arguments/elt_arguments/scalar/16384/width=256/nulls=true/fixed_literal=false/literal_null=false/index=dynamic,original,70,426.0,71101990.0,Linear
1,binary_expressions/elt_arguments/elt_arguments/scalar/16384/width=256/nulls=true/fixed_literal=false/literal_null=false/index=dynamic,original,71,432.0,71095185.0,Linear
1,binary_expressions/elt_arguments/elt_arguments/scalar/16384/width=256/nulls=true/fixed_literal=false/literal_null=false/index=dynamic,original,72,438.0,74670272.0,Linear
1,binary_expressions/elt_arguments/elt_arguments/scalar/16384/width=256/nulls=true/fixed_literal=false/literal_null=false/index=dynamic,original,73,444.0,74831680.0,Linear
1,binary_expressions/elt_arguments/elt_arguments/scalar/16384/width=256/nulls=true/fixed_literal=false/literal_null=false/index=dynamic,original,74,450.0,75561583.0,Linear
1,binary_expressions/elt_arguments/elt_arguments/scalar/16384/width=256/nulls=true/fixed_literal=false/literal_null=false/index=dynamic,original,75,456.0,75524894.0,Linear
1,binary_expressions/elt_arguments/elt_arguments/scalar/16384/width=256/nulls=true/fixed_literal=false/literal_null=false/index=dynamic,original,76,462.0,81113980.0,Linear
1,binary_expressions/elt_arguments/elt_arguments/scalar/16384/width=256/nulls=true/fixed_literal=false/literal_null=false/index=dynamic,original,77,468.0,78048088.0,Linear
1,binary_expressions/elt_arguments/elt_arguments/scalar/16384/width=256/nulls=true/fixed_literal=false/literal_null=false/index=dynamic,original,78,474.0,85878647.0,Linear
1,binary_expressions/elt_arguments/elt_arguments/scalar/16384/width=256/nulls=true/fixed_literal=false/literal_null=false/index=dynamic,original,79,480.0,87701070.0,Linear
1,binary_expressions/elt_arguments/elt_arguments/scalar/16384/width=256/nulls=true/fixed_literal=false/literal_null=false/index=dynamic,original,80,486.0,91381552.0,Linear
1,binary_expressions/elt_arguments/elt_arguments/scalar/16384/width=256/nulls=true/fixed_literal=false/literal_null=false/index=dynamic,original,81,492.0,89884021.0,Linear
1,binary_expressions/elt_arguments/elt_arguments/scalar/16384/width=256/nulls=true/fixed_literal=false/literal_null=false/index=dynamic,original,82,498.0,91274108.0,Linear
1,binary_expressions/elt_arguments/elt_arguments/scalar/16384/width=256/nulls=true/fixed_literal=false/literal_null=false/index=dynamic,original,83,504.0,93049141.0,Linear
1,binary_expressions/elt_arguments/elt_arguments/scalar/16384/width=256/nulls=true/fixed_literal=false/literal_null=false/index=dynamic,original,84,510.0,93171259.0,Linear
1,binary_expressions/elt_arguments/elt_arguments/scalar/16384/width=256/nulls=true/fixed_literal=false/literal_null=false/index=dynamic,original,85,516.0,96240288.0,Linear
1,binary_expressions/elt_arguments/elt_arguments/scalar/16384/width=256/nulls=true/fixed_literal=false/literal_null=false/index=dynamic,original,86,522.0,95514845.0,Linear
1,binary_expressions/elt_arguments/elt_arguments/scalar/16384/width=256/nulls=true/fixed_literal=false/literal_null=false/index=dynamic,original,87,528.0,96457320.0,Linear
1,binary_expressions/elt_arguments/elt_arguments/scalar/16384/width=256/nulls=true/fixed_literal=false/literal_null=false/index=dynamic,original,88,534.0,99136147.0,Linear
1,binary_expressions/elt_arguments/elt_arguments/scalar/16384/width=256/nulls=true/fixed_literal=false/literal_null=false/index=dynamic,original,89,540.0,100301114.0,Linear
1,binary_expressions/elt_arguments/elt_arguments/scalar/16384/width=256/nulls=true/fixed_literal=false/literal_null=false/index=dynamic,original,90,546.0,101625942.0,Linear
1,binary_expressions/elt_arguments/elt_arguments/scalar/16384/width=256/nulls=true/fixed_literal=false/literal_null=false/index=dynamic,original,91,552.0,101967635.0,Linear
1,binary_expressions/elt_arguments/elt_arguments/scalar/16384/width=256/nulls=true/fixed_literal=false/literal_null=false/index=dynamic,original,92,558.0,102037475.0,Linear
1,binary_expressions/elt_arguments/elt_arguments/scalar/16384/width=256/nulls=true/fixed_literal=false/literal_null=false/index=dynamic,original,93,564.0,104228738.0,Linear
1,binary_expressions/elt_arguments/elt_arguments/scalar/16384/width=256/nulls=true/fixed_literal=false/literal_null=false/index=dynamic,original,94,570.0,104500308.0,Linear
1,binary_expressions/elt_arguments/elt_arguments/scalar/16384/width=256/nulls=true/fixed_literal=false/literal_null=false/index=dynamic,original,95,576.0,108674787.0,Linear
1,binary_expressions/elt_arguments/elt_arguments/scalar/16384/width=256/nulls=true/fixed_literal=false/literal_null=false/index=dynamic,original,96,582.0,107797795.0,Linear
1,binary_expressions/elt_arguments/elt_arguments/scalar/16384/width=256/nulls=true/fixed_literal=false/literal_null=false/index=dynamic,original,97,588.0,109983041.0,Linear
1,binary_expressions/elt_arguments/elt_arguments/scalar/16384/width=256/nulls=true/fixed_literal=false/literal_null=false/index=dynamic,original,98,594.0,108939615.0,Linear
1,binary_expressions/elt_arguments/elt_arguments/scalar/16384/width=256/nulls=true/fixed_literal=false/literal_null=false/index=dynamic,original,99,600.0,111401288.0,Linear
1,binary_expressions/elt_arguments/elt_arguments/scalar/16384/width=256/nulls=true/fixed_literal=false/literal_null=false/index=dynamic,candidate,0,7.0,1074571.0,Linear
1,binary_expressions/elt_arguments/elt_arguments/scalar/16384/width=256/nulls=true/fixed_literal=false/literal_null=false/index=dynamic,candidate,1,14.0,2199656.0,Linear
1,binary_expressions/elt_arguments/elt_arguments/scalar/16384/width=256/nulls=true/fixed_literal=false/literal_null=false/index=dynamic,candidate,2,21.0,3223993.0,Linear
1,binary_expressions/elt_arguments/elt_arguments/scalar/16384/width=256/nulls=true/fixed_literal=false/literal_null=false/index=dynamic,candidate,3,28.0,4275818.0,Linear
1,binary_expressions/elt_arguments/elt_arguments/scalar/16384/width=256/nulls=true/fixed_literal=false/literal_null=false/index=dynamic,candidate,4,35.0,5368402.0,Linear
1,binary_expressions/elt_arguments/elt_arguments/scalar/16384/width=256/nulls=true/fixed_literal=false/literal_null=false/index=dynamic,candidate,5,42.0,6468706.0,Linear
1,binary_expressions/elt_arguments/elt_arguments/scalar/16384/width=256/nulls=true/fixed_literal=false/literal_null=false/index=dynamic,candidate,6,49.0,7479848.0,Linear
1,binary_expressions/elt_arguments/elt_arguments/scalar/16384/width=256/nulls=true/fixed_literal=false/literal_null=false/index=dynamic,candidate,7,56.0,8564125.0,Linear
1,binary_expressions/elt_arguments/elt_arguments/scalar/16384/width=256/nulls=true/fixed_literal=false/literal_null=false/index=dynamic,candidate,8,63.0,9681900.0,Linear
1,binary_expressions/elt_arguments/elt_arguments/scalar/16384/width=256/nulls=true/fixed_literal=false/literal_null=false/index=dynamic,candidate,9,70.0,10803715.0,Linear
1,binary_expressions/elt_arguments/elt_arguments/scalar/16384/width=256/nulls=true/fixed_literal=false/literal_null=false/index=dynamic,candidate,10,77.0,11759559.0,Linear
1,binary_expressions/elt_arguments/elt_arguments/scalar/16384/width=256/nulls=true/fixed_literal=false/literal_null=false/index=dynamic,candidate,11,84.0,13602361.0,Linear
1,binary_expressions/elt_arguments/elt_arguments/scalar/16384/width=256/nulls=true/fixed_literal=false/literal_null=false/index=dynamic,candidate,12,91.0,15324632.0,Linear
1,binary_expressions/elt_arguments/elt_arguments/scalar/16384/width=256/nulls=true/fixed_literal=false/literal_null=false/index=dynamic,candidate,13,98.0,16007529.0,Linear
1,binary_expressions/elt_arguments/elt_arguments/scalar/16384/width=256/nulls=true/fixed_literal=false/literal_null=false/index=dynamic,candidate,14,105.0,17209693.0,Linear
1,binary_expressions/elt_arguments/elt_arguments/scalar/16384/width=256/nulls=true/fixed_literal=false/literal_null=false/index=dynamic,candidate,15,112.0,17298720.0,Linear
1,binary_expressions/elt_arguments/elt_arguments/scalar/16384/width=256/nulls=true/fixed_literal=false/literal_null=false/index=dynamic,candidate,16,119.0,18832457.0,Linear
1,binary_expressions/elt_arguments/elt_arguments/scalar/16384/width=256/nulls=true/fixed_literal=false/literal_null=false/index=dynamic,candidate,17,126.0,20905181.0,Linear
1,binary_expressions/elt_arguments/elt_arguments/scalar/16384/width=256/nulls=true/fixed_literal=false/literal_null=false/index=dynamic,candidate,18,133.0,21848442.0,Linear
1,binary_expressions/elt_arguments/elt_arguments/scalar/16384/width=256/nulls=true/fixed_literal=false/literal_null=false/index=dynamic,candidate,19,140.0,23881766.0,Linear
1,binary_expressions/elt_arguments/elt_arguments/scalar/16384/width=256/nulls=true/fixed_literal=false/literal_null=false/index=dynamic,candidate,20,147.0,24246064.0,Linear
1,binary_expressions/elt_arguments/elt_arguments/scalar/16384/width=256/nulls=true/fixed_literal=false/literal_null=false/index=dynamic,candidate,21,154.0,23494063.0,Linear
1,binary_expressions/elt_arguments/elt_arguments/scalar/16384/width=256/nulls=true/fixed_literal=false/literal_null=false/index=dynamic,candidate,22,161.0,24726242.0,Linear
1,binary_expressions/elt_arguments/elt_arguments/scalar/16384/width=256/nulls=true/fixed_literal=false/literal_null=false/index=dynamic,candidate,23,168.0,26853401.0,Linear
1,binary_expressions/elt_arguments/elt_arguments/scalar/16384/width=256/nulls=true/fixed_literal=false/literal_null=false/index=dynamic,candidate,24,175.0,27702131.0,Linear
1,binary_expressions/elt_arguments/elt_arguments/scalar/16384/width=256/nulls=true/fixed_literal=false/literal_null=false/index=dynamic,candidate,25,182.0,31514121.0,Linear
1,binary_expressions/elt_arguments/elt_arguments/scalar/16384/width=256/nulls=true/fixed_literal=false/literal_null=false/index=dynamic,candidate,26,189.0,29175009.0,Linear
1,binary_expressions/elt_arguments/elt_arguments/scalar/16384/width=256/nulls=true/fixed_literal=false/literal_null=false/index=dynamic,candidate,27,196.0,31288530.0,Linear
1,binary_expressions/elt_arguments/elt_arguments/scalar/16384/width=256/nulls=true/fixed_literal=false/literal_null=false/index=dynamic,candidate,28,203.0,33486450.0,Linear
1,binary_expressions/elt_arguments/elt_arguments/scalar/16384/width=256/nulls=true/fixed_literal=false/literal_null=false/index=dynamic,candidate,29,210.0,32519669.0,Linear
1,binary_expressions/elt_arguments/elt_arguments/scalar/16384/width=256/nulls=true/fixed_literal=false/literal_null=false/index=dynamic,candidate,30,217.0,33452575.0,Linear
1,binary_expressions/elt_arguments/elt_arguments/scalar/16384/width=256/nulls=true/fixed_literal=false/literal_null=false/index=dynamic,candidate,31,224.0,35862642.0,Linear
1,binary_expressions/elt_arguments/elt_arguments/scalar/16384/width=256/nulls=true/fixed_literal=false/literal_null=false/index=dynamic,candidate,32,231.0,36625968.0,Linear
1,binary_expressions/elt_arguments/elt_arguments/scalar/16384/width=256/nulls=true/fixed_literal=false/literal_null=false/index=dynamic,candidate,33,238.0,38845692.0,Linear
1,binary_expressions/elt_arguments/elt_arguments/scalar/16384/width=256/nulls=true/fixed_literal=false/literal_null=false/index=dynamic,candidate,34,245.0,37628749.0,Linear
1,binary_expressions/elt_arguments/elt_arguments/scalar/16384/width=256/nulls=true/fixed_literal=false/literal_null=false/index=dynamic,candidate,35,252.0,40881298.0,Linear
1,binary_expressions/elt_arguments/elt_arguments/scalar/16384/width=256/nulls=true/fixed_literal=false/literal_null=false/index=dynamic,candidate,36,259.0,41435579.0,Linear
1,binary_expressions/elt_arguments/elt_arguments/scalar/16384/width=256/nulls=true/fixed_literal=false/literal_null=false/index=dynamic,candidate,37,266.0,41382125.0,Linear
1,binary_expressions/elt_arguments/elt_arguments/scalar/16384/width=256/nulls=true/fixed_literal=false/literal_null=false/index=dynamic,candidate,38,273.0,43959551.0,Linear
1,binary_expressions/elt_arguments/elt_arguments/scalar/16384/width=256/nulls=true/fixed_literal=false/literal_null=false/index=dynamic,candidate,39,280.0,44867977.0,Linear
1,binary_expressions/elt_arguments/elt_arguments/scalar/16384/width=256/nulls=true/fixed_literal=false/literal_null=false/index=dynamic,candidate,40,287.0,48288248.0,Linear
1,binary_expressions/elt_arguments/elt_arguments/scalar/16384/width=256/nulls=true/fixed_literal=false/literal_null=false/index=dynamic,candidate,41,294.0,47542472.0,Linear
1,binary_expressions/elt_arguments/elt_arguments/scalar/16384/width=256/nulls=true/fixed_literal=false/literal_null=false/index=dynamic,candidate,42,301.0,45940977.0,Linear
1,binary_expressions/elt_arguments/elt_arguments/scalar/16384/width=256/nulls=true/fixed_literal=false/literal_null=false/index=dynamic,candidate,43,308.0,48142434.0,Linear
1,binary_expressions/elt_arguments/elt_arguments/scalar/16384/width=256/nulls=true/fixed_literal=false/literal_null=false/index=dynamic,candidate,44,315.0,48182761.0,Linear
1,binary_expressions/elt_arguments/elt_arguments/scalar/16384/width=256/nulls=true/fixed_literal=false/literal_null=false/index=dynamic,candidate,45,322.0,50519901.0,Linear
1,binary_expressions/elt_arguments/elt_arguments/scalar/16384/width=256/nulls=true/fixed_literal=false/literal_null=false/index=dynamic,candidate,46,329.0,53163261.0,Linear
1,binary_expressions/elt_arguments/elt_arguments/scalar/16384/width=256/nulls=true/fixed_literal=false/literal_null=false/index=dynamic,candidate,47,336.0,55257469.0,Linear
1,binary_expressions/elt_arguments/elt_arguments/scalar/16384/width=256/nulls=true/fixed_literal=false/literal_null=false/index=dynamic,candidate,48,343.0,56669652.0,Linear
1,binary_expressions/elt_arguments/elt_arguments/scalar/16384/width=256/nulls=true/fixed_literal=false/literal_null=false/index=dynamic,candidate,49,350.0,56236721.0,Linear
1,binary_expressions/elt_arguments/elt_arguments/scalar/16384/width=256/nulls=true/fixed_literal=false/literal_null=false/index=dynamic,candidate,50,357.0,55319787.0,Linear
1,binary_expressions/elt_arguments/elt_arguments/scalar/16384/width=256/nulls=true/fixed_literal=false/literal_null=false/index=dynamic,candidate,51,364.0,57127774.0,Linear
1,binary_expressions/elt_arguments/elt_arguments/scalar/16384/width=256/nulls=true/fixed_literal=false/literal_null=false/index=dynamic,candidate,52,371.0,57868838.0,Linear
1,binary_expressions/elt_arguments/elt_arguments/scalar/16384/width=256/nulls=true/fixed_literal=false/literal_null=false/index=dynamic,candidate,53,378.0,57700564.0,Linear
1,binary_expressions/elt_arguments/elt_arguments/scalar/16384/width=256/nulls=true/fixed_literal=false/literal_null=false/index=dynamic,candidate,54,385.0,63151361.0,Linear
1,binary_expressions/elt_arguments/elt_arguments/scalar/16384/width=256/nulls=true/fixed_literal=false/literal_null=false/index=dynamic,candidate,55,392.0,61420054.0,Linear
1,binary_expressions/elt_arguments/elt_arguments/scalar/16384/width=256/nulls=true/fixed_literal=false/literal_null=false/index=dynamic,candidate,56,399.0,63116775.0,Linear
1,binary_expressions/elt_arguments/elt_arguments/scalar/16384/width=256/nulls=true/fixed_literal=false/literal_null=false/index=dynamic,candidate,57,406.0,66812710.0,Linear
1,binary_expressions/elt_arguments/elt_arguments/scalar/16384/width=256/nulls=true/fixed_literal=false/literal_null=false/index=dynamic,candidate,58,413.0,66937228.0,Linear
1,binary_expressions/elt_arguments/elt_arguments/scalar/16384/width=256/nulls=true/fixed_literal=false/literal_null=false/index=dynamic,candidate,59,420.0,70218609.0,Linear
1,binary_expressions/elt_arguments/elt_arguments/scalar/16384/width=256/nulls=true/fixed_literal=false/literal_null=false/index=dynamic,candidate,60,427.0,74768074.0,Linear
1,binary_expressions/elt_arguments/elt_arguments/scalar/16384/width=256/nulls=true/fixed_literal=false/literal_null=false/index=dynamic,candidate,61,434.0,73913003.0,Linear
1,binary_expressions/elt_arguments/elt_arguments/scalar/16384/width=256/nulls=true/fixed_literal=false/literal_null=false/index=dynamic,candidate,62,441.0,77044609.0,Linear
1,binary_expressions/elt_arguments/elt_arguments/scalar/16384/width=256/nulls=true/fixed_literal=false/literal_null=false/index=dynamic,candidate,63,448.0,75703849.0,Linear
1,binary_expressions/elt_arguments/elt_arguments/scalar/16384/width=256/nulls=true/fixed_literal=false/literal_null=false/index=dynamic,candidate,64,455.0,79372245.0,Linear
1,binary_expressions/elt_arguments/elt_arguments/scalar/16384/width=256/nulls=true/fixed_literal=false/literal_null=false/index=dynamic,candidate,65,462.0,79234476.0,Linear
1,binary_expressions/elt_arguments/elt_arguments/scalar/16384/width=256/nulls=true/fixed_literal=false/literal_null=false/index=dynamic,candidate,66,469.0,80284219.0,Linear
1,binary_expressions/elt_arguments/elt_arguments/scalar/16384/width=256/nulls=true/fixed_literal=false/literal_null=false/index=dynamic,candidate,67,476.0,80923058.0,Linear
1,binary_expressions/elt_arguments/elt_arguments/scalar/16384/width=256/nulls=true/fixed_literal=false/literal_null=false/index=dynamic,candidate,68,483.0,82142136.0,Linear
1,binary_expressions/elt_arguments/elt_arguments/scalar/16384/width=256/nulls=true/fixed_literal=false/literal_null=false/index=dynamic,candidate,69,490.0,83752871.0,Linear
1,binary_expressions/elt_arguments/elt_arguments/scalar/16384/width=256/nulls=true/fixed_literal=false/literal_null=false/index=dynamic,candidate,70,497.0,85662516.0,Linear
1,binary_expressions/elt_arguments/elt_arguments/scalar/16384/width=256/nulls=true/fixed_literal=false/literal_null=false/index=dynamic,candidate,71,504.0,86623068.0,Linear
1,binary_expressions/elt_arguments/elt_arguments/scalar/16384/width=256/nulls=true/fixed_literal=false/literal_null=false/index=dynamic,candidate,72,511.0,87070577.0,Linear
1,binary_expressions/elt_arguments/elt_arguments/scalar/16384/width=256/nulls=true/fixed_literal=false/literal_null=false/index=dynamic,candidate,73,518.0,89199992.0,Linear
1,binary_expressions/elt_arguments/elt_arguments/scalar/16384/width=256/nulls=true/fixed_literal=false/literal_null=false/index=dynamic,candidate,74,525.0,84526023.0,Linear
1,binary_expressions/elt_arguments/elt_arguments/scalar/16384/width=256/nulls=true/fixed_literal=false/literal_null=false/index=dynamic,candidate,75,532.0,87940289.0,Linear
1,binary_expressions/elt_arguments/elt_arguments/scalar/16384/width=256/nulls=true/fixed_literal=false/literal_null=false/index=dynamic,candidate,76,539.0,89016105.0,Linear
1,binary_expressions/elt_arguments/elt_arguments/scalar/16384/width=256/nulls=true/fixed_literal=false/literal_null=false/index=dynamic,candidate,77,546.0,88204337.0,Linear
1,binary_expressions/elt_arguments/elt_arguments/scalar/16384/width=256/nulls=true/fixed_literal=false/literal_null=false/index=dynamic,candidate,78,553.0,89804865.0,Linear
1,binary_expressions/elt_arguments/elt_arguments/scalar/16384/width=256/nulls=true/fixed_literal=false/literal_null=false/index=dynamic,candidate,79,560.0,95381314.0,Linear
1,binary_expressions/elt_arguments/elt_arguments/scalar/16384/width=256/nulls=true/fixed_literal=false/literal_null=false/index=dynamic,candidate,80,567.0,97421258.0,Linear
1,binary_expressions/elt_arguments/elt_arguments/scalar/16384/width=256/nulls=true/fixed_literal=false/literal_null=false/index=dynamic,candidate,81,574.0,97657943.0,Linear
1,binary_expressions/elt_arguments/elt_arguments/scalar/16384/width=256/nulls=true/fixed_literal=false/literal_null=false/index=dynamic,candidate,82,581.0,99003425.0,Linear
1,binary_expressions/elt_arguments/elt_arguments/scalar/16384/width=256/nulls=true/fixed_literal=false/literal_null=false/index=dynamic,candidate,83,588.0,102286772.0,Linear
1,binary_expressions/elt_arguments/elt_arguments/scalar/16384/width=256/nulls=true/fixed_literal=false/literal_null=false/index=dynamic,candidate,84,595.0,103132283.0,Linear
1,binary_expressions/elt_arguments/elt_arguments/scalar/16384/width=256/nulls=true/fixed_literal=false/literal_null=false/index=dynamic,candidate,85,602.0,103122308.0,Linear
1,binary_expressions/elt_arguments/elt_arguments/scalar/16384/width=256/nulls=true/fixed_literal=false/literal_null=false/index=dynamic,candidate,86,609.0,104047978.0,Linear
1,binary_expressions/elt_arguments/elt_arguments/scalar/16384/width=256/nulls=true/fixed_literal=false/literal_null=false/index=dynamic,candidate,87,616.0,106049289.0,Linear
1,binary_expressions/elt_arguments/elt_arguments/scalar/16384/width=256/nulls=true/fixed_literal=false/literal_null=false/index=dynamic,candidate,88,623.0,106050543.0,Linear
1,binary_expressions/elt_arguments/elt_arguments/scalar/16384/width=256/nulls=true/fixed_literal=false/literal_null=false/index=dynamic,candidate,89,630.0,107792074.0,Linear
1,binary_expressions/elt_arguments/elt_arguments/scalar/16384/width=256/nulls=true/fixed_literal=false/literal_null=false/index=dynamic,candidate,90,637.0,107595864.0,Linear
1,binary_expressions/elt_arguments/elt_arguments/scalar/16384/width=256/nulls=true/fixed_literal=false/literal_null=false/index=dynamic,candidate,91,644.0,101980480.0,Linear
1,binary_expressions/elt_arguments/elt_arguments/scalar/16384/width=256/nulls=true/fixed_literal=false/literal_null=false/index=dynamic,candidate,92,651.0,101869847.0,Linear
1,binary_expressions/elt_arguments/elt_arguments/scalar/16384/width=256/nulls=true/fixed_literal=false/literal_null=false/index=dynamic,candidate,93,658.0,102885015.0,Linear
1,binary_expressions/elt_arguments/elt_arguments/scalar/16384/width=256/nulls=true/fixed_literal=false/literal_null=false/index=dynamic,candidate,94,665.0,108781218.0,Linear
1,binary_expressions/elt_arguments/elt_arguments/scalar/16384/width=256/nulls=true/fixed_literal=false/literal_null=false/index=dynamic,candidate,95,672.0,105506143.0,Linear
1,binary_expressions/elt_arguments/elt_arguments/scalar/16384/width=256/nulls=true/fixed_literal=false/literal_null=false/index=dynamic,candidate,96,679.0,106583758.0,Linear
1,binary_expressions/elt_arguments/elt_arguments/scalar/16384/width=256/nulls=true/fixed_literal=false/literal_null=false/index=dynamic,candidate,97,686.0,108023738.0,Linear
1,binary_expressions/elt_arguments/elt_arguments/scalar/16384/width=256/nulls=true/fixed_literal=false/literal_null=false/index=dynamic,candidate,98,693.0,108336490.0,Linear
1,binary_expressions/elt_arguments/elt_arguments/scalar/16384/width=256/nulls=true/fixed_literal=false/literal_null=false/index=dynamic,candidate,99,700.0,108767077.0,Linear
1,binary_expressions/elt_arguments/elt_arguments/scalar/16384/width=16/nulls=false/fixed_literal=false/literal_null=false/index=dynamic,original,0,15.0,1019549.0,Linear
1,binary_expressions/elt_arguments/elt_arguments/scalar/16384/width=16/nulls=false/fixed_literal=false/literal_null=false/index=dynamic,original,1,30.0,2030995.0,Linear
1,binary_expressions/elt_arguments/elt_arguments/scalar/16384/width=16/nulls=false/fixed_literal=false/literal_null=false/index=dynamic,original,2,45.0,3157677.0,Linear
1,binary_expressions/elt_arguments/elt_arguments/scalar/16384/width=16/nulls=false/fixed_literal=false/literal_null=false/index=dynamic,original,3,60.0,4088092.0,Linear
1,binary_expressions/elt_arguments/elt_arguments/scalar/16384/width=16/nulls=false/fixed_literal=false/literal_null=false/index=dynamic,original,4,75.0,5154460.0,Linear
1,binary_expressions/elt_arguments/elt_arguments/scalar/16384/width=16/nulls=false/fixed_literal=false/literal_null=false/index=dynamic,original,5,90.0,6313743.0,Linear
1,binary_expressions/elt_arguments/elt_arguments/scalar/16384/width=16/nulls=false/fixed_literal=false/literal_null=false/index=dynamic,original,6,105.0,7825959.0,Linear
1,binary_expressions/elt_arguments/elt_arguments/scalar/16384/width=16/nulls=false/fixed_literal=false/literal_null=false/index=dynamic,original,7,120.0,8429626.0,Linear
1,binary_expressions/elt_arguments/elt_arguments/scalar/16384/width=16/nulls=false/fixed_literal=false/literal_null=false/index=dynamic,original,8,135.0,9185813.0,Linear
1,binary_expressions/elt_arguments/elt_arguments/scalar/16384/width=16/nulls=false/fixed_literal=false/literal_null=false/index=dynamic,original,9,150.0,10623683.0,Linear
1,binary_expressions/elt_arguments/elt_arguments/scalar/16384/width=16/nulls=false/fixed_literal=false/literal_null=false/index=dynamic,original,10,165.0,11290340.0,Linear
1,binary_expressions/elt_arguments/elt_arguments/scalar/16384/width=16/nulls=false/fixed_literal=false/literal_null=false/index=dynamic,original,11,180.0,12127125.0,Linear
1,binary_expressions/elt_arguments/elt_arguments/scalar/16384/width=16/nulls=false/fixed_literal=false/literal_null=false/index=dynamic,original,12,195.0,13374347.0,Linear
1,binary_expressions/elt_arguments/elt_arguments/scalar/16384/width=16/nulls=false/fixed_literal=false/literal_null=false/index=dynamic,original,13,210.0,14153175.0,Linear
1,binary_expressions/elt_arguments/elt_arguments/scalar/16384/width=16/nulls=false/fixed_literal=false/literal_null=false/index=dynamic,original,14,225.0,15162242.0,Linear
1,binary_expressions/elt_arguments/elt_arguments/scalar/16384/width=16/nulls=false/fixed_literal=false/literal_null=false/index=dynamic,original,15,240.0,16075436.0,Linear
1,binary_expressions/elt_arguments/elt_arguments/scalar/16384/width=16/nulls=false/fixed_literal=false/literal_null=false/index=dynamic,original,16,255.0,26211752.0,Linear
1,binary_expressions/elt_arguments/elt_arguments/scalar/16384/width=16/nulls=false/fixed_literal=false/literal_null=false/index=dynamic,original,17,270.0,19496822.0,Linear
1,binary_expressions/elt_arguments/elt_arguments/scalar/16384/width=16/nulls=false/fixed_literal=false/literal_null=false/index=dynamic,original,18,285.0,21007697.0,Linear
1,binary_expressions/elt_arguments/elt_arguments/scalar/16384/width=16/nulls=false/fixed_literal=false/literal_null=false/index=dynamic,original,19,300.0,20654124.0,Linear
1,binary_expressions/elt_arguments/elt_arguments/scalar/16384/width=16/nulls=false/fixed_literal=false/literal_null=false/index=dynamic,original,20,315.0,21162072.0,Linear
1,binary_expressions/elt_arguments/elt_arguments/scalar/16384/width=16/nulls=false/fixed_literal=false/literal_null=false/index=dynamic,original,21,330.0,22377814.0,Linear
1,binary_expressions/elt_arguments/elt_arguments/scalar/16384/width=16/nulls=false/fixed_literal=false/literal_null=false/index=dynamic,original,22,345.0,23493651.0,Linear
1,binary_expressions/elt_arguments/elt_arguments/scalar/16384/width=16/nulls=false/fixed_literal=false/literal_null=false/index=dynamic,original,23,360.0,24950702.0,Linear
1,binary_expressions/elt_arguments/elt_arguments/scalar/16384/width=16/nulls=false/fixed_literal=false/literal_null=false/index=dynamic,original,24,375.0,25623524.0,Linear
1,binary_expressions/elt_arguments/elt_arguments/scalar/16384/width=16/nulls=false/fixed_literal=false/literal_null=false/index=dynamic,original,25,390.0,26440567.0,Linear
1,binary_expressions/elt_arguments/elt_arguments/scalar/16384/width=16/nulls=false/fixed_literal=false/literal_null=false/index=dynamic,original,26,405.0,27743378.0,Linear
1,binary_expressions/elt_arguments/elt_arguments/scalar/16384/width=16/nulls=false/fixed_literal=false/literal_null=false/index=dynamic,original,27,420.0,28900698.0,Linear
1,binary_expressions/elt_arguments/elt_arguments/scalar/16384/width=16/nulls=false/fixed_literal=false/literal_null=false/index=dynamic,original,28,435.0,29338196.0,Linear
1,binary_expressions/elt_arguments/elt_arguments/scalar/16384/width=16/nulls=false/fixed_literal=false/literal_null=false/index=dynamic,original,29,450.0,30425235.0,Linear
1,binary_expressions/elt_arguments/elt_arguments/scalar/16384/width=16/nulls=false/fixed_literal=false/literal_null=false/index=dynamic,original,30,465.0,32201723.0,Linear
1,binary_expressions/elt_arguments/elt_arguments/scalar/16384/width=16/nulls=false/fixed_literal=false/literal_null=false/index=dynamic,original,31,480.0,33044473.0,Linear
1,binary_expressions/elt_arguments/elt_arguments/scalar/16384/width=16/nulls=false/fixed_literal=false/literal_null=false/index=dynamic,original,32,495.0,33913612.0,Linear
1,binary_expressions/elt_arguments/elt_arguments/scalar/16384/width=16/nulls=false/fixed_literal=false/literal_null=false/index=dynamic,original,33,510.0,35489904.0,Linear
1,binary_expressions/elt_arguments/elt_arguments/scalar/16384/width=16/nulls=false/fixed_literal=false/literal_null=false/index=dynamic,original,34,525.0,35617838.0,Linear
1,binary_expressions/elt_arguments/elt_arguments/scalar/16384/width=16/nulls=false/fixed_literal=false/literal_null=false/index=dynamic,original,35,540.0,37379441.0,Linear
1,binary_expressions/elt_arguments/elt_arguments/scalar/16384/width=16/nulls=false/fixed_literal=false/literal_null=false/index=dynamic,original,36,555.0,37659078.0,Linear
1,binary_expressions/elt_arguments/elt_arguments/scalar/16384/width=16/nulls=false/fixed_literal=false/literal_null=false/index=dynamic,original,37,570.0,40080765.0,Linear
1,binary_expressions/elt_arguments/elt_arguments/scalar/16384/width=16/nulls=false/fixed_literal=false/literal_null=false/index=dynamic,original,38,585.0,41034239.0,Linear
1,binary_expressions/elt_arguments/elt_arguments/scalar/16384/width=16/nulls=false/fixed_literal=false/literal_null=false/index=dynamic,original,39,600.0,42478686.0,Linear
1,binary_expressions/elt_arguments/elt_arguments/scalar/16384/width=16/nulls=false/fixed_literal=false/literal_null=false/index=dynamic,original,40,615.0,42231257.0,Linear
1,binary_expressions/elt_arguments/elt_arguments/scalar/16384/width=16/nulls=false/fixed_literal=false/literal_null=false/index=dynamic,original,41,630.0,45422637.0,Linear
1,binary_expressions/elt_arguments/elt_arguments/scalar/16384/width=16/nulls=false/fixed_literal=false/literal_null=false/index=dynamic,original,42,645.0,43959921.0,Linear
1,binary_expressions/elt_arguments/elt_arguments/scalar/16384/width=16/nulls=false/fixed_literal=false/literal_null=false/index=dynamic,original,43,660.0,46705025.0,Linear
1,binary_expressions/elt_arguments/elt_arguments/scalar/16384/width=16/nulls=false/fixed_literal=false/literal_null=false/index=dynamic,original,44,675.0,46852236.0,Linear
1,binary_expressions/elt_arguments/elt_arguments/scalar/16384/width=16/nulls=false/fixed_literal=false/literal_null=false/index=dynamic,original,45,690.0,48068885.0,Linear
1,binary_expressions/elt_arguments/elt_arguments/scalar/16384/width=16/nulls=false/fixed_literal=false/literal_null=false/index=dynamic,original,46,705.0,48466920.0,Linear
1,binary_expressions/elt_arguments/elt_arguments/scalar/16384/width=16/nulls=false/fixed_literal=false/literal_null=false/index=dynamic,original,47,720.0,51363602.0,Linear
1,binary_expressions/elt_arguments/elt_arguments/scalar/16384/width=16/nulls=false/fixed_literal=false/literal_null=false/index=dynamic,original,48,735.0,53708716.0,Linear
1,binary_expressions/elt_arguments/elt_arguments/scalar/16384/width=16/nulls=false/fixed_literal=false/literal_null=false/index=dynamic,original,49,750.0,50771634.0,Linear
1,binary_expressions/elt_arguments/elt_arguments/scalar/16384/width=16/nulls=false/fixed_literal=false/literal_null=false/index=dynamic,original,50,765.0,52066016.0,Linear
1,binary_expressions/elt_arguments/elt_arguments/scalar/16384/width=16/nulls=false/fixed_literal=false/literal_null=false/index=dynamic,original,51,780.0,55065801.0,Linear
1,binary_expressions/elt_arguments/elt_arguments/scalar/16384/width=16/nulls=false/fixed_literal=false/literal_null=false/index=dynamic,original,52,795.0,54643119.0,Linear
1,binary_expressions/elt_arguments/elt_arguments/scalar/16384/width=16/nulls=false/fixed_literal=false/literal_null=false/index=dynamic,original,53,810.0,54591780.0,Linear
1,binary_expressions/elt_arguments/elt_arguments/scalar/16384/width=16/nulls=false/fixed_literal=false/literal_null=false/index=dynamic,original,54,825.0,57442025.0,Linear
1,binary_expressions/elt_arguments/elt_arguments/scalar/16384/width=16/nulls=false/fixed_literal=false/literal_null=false/index=dynamic,original,55,840.0,57771894.0,Linear
1,binary_expressions/elt_arguments/elt_arguments/scalar/16384/width=16/nulls=false/fixed_literal=false/literal_null=false/index=dynamic,original,56,855.0,58950009.0,Linear
1,binary_expressions/elt_arguments/elt_arguments/scalar/16384/width=16/nulls=false/fixed_literal=false/literal_null=false/index=dynamic,original,57,870.0,61666192.0,Linear
1,binary_expressions/elt_arguments/elt_arguments/scalar/16384/width=16/nulls=false/fixed_literal=false/literal_null=false/index=dynamic,original,58,885.0,67700483.0,Linear
1,binary_expressions/elt_arguments/elt_arguments/scalar/16384/width=16/nulls=false/fixed_literal=false/literal_null=false/index=dynamic,original,59,900.0,65080962.0,Linear
1,binary_expressions/elt_arguments/elt_arguments/scalar/16384/width=16/nulls=false/fixed_literal=false/literal_null=false/index=dynamic,original,60,915.0,67496557.0,Linear
1,binary_expressions/elt_arguments/elt_arguments/scalar/16384/width=16/nulls=false/fixed_literal=false/literal_null=false/index=dynamic,original,61,930.0,67895605.0,Linear
1,binary_expressions/elt_arguments/elt_arguments/scalar/16384/width=16/nulls=false/fixed_literal=false/literal_null=false/index=dynamic,original,62,945.0,68825698.0,Linear
1,binary_expressions/elt_arguments/elt_arguments/scalar/16384/width=16/nulls=false/fixed_literal=false/literal_null=false/index=dynamic,original,63,960.0,76689348.0,Linear
1,binary_expressions/elt_arguments/elt_arguments/scalar/16384/width=16/nulls=false/fixed_literal=false/literal_null=false/index=dynamic,original,64,975.0,74679906.0,Linear
1,binary_expressions/elt_arguments/elt_arguments/scalar/16384/width=16/nulls=false/fixed_literal=false/literal_null=false/index=dynamic,original,65,990.0,70759521.0,Linear
1,binary_expressions/elt_arguments/elt_arguments/scalar/16384/width=16/nulls=false/fixed_literal=false/literal_null=false/index=dynamic,original,66,1005.0,70442074.0,Linear
1,binary_expressions/elt_arguments/elt_arguments/scalar/16384/width=16/nulls=false/fixed_literal=false/literal_null=false/index=dynamic,original,67,1020.0,71285183.0,Linear
1,binary_expressions/elt_arguments/elt_arguments/scalar/16384/width=16/nulls=false/fixed_literal=false/literal_null=false/index=dynamic,original,68,1035.0,72075356.0,Linear
1,binary_expressions/elt_arguments/elt_arguments/scalar/16384/width=16/nulls=false/fixed_literal=false/literal_null=false/index=dynamic,original,69,1050.0,73267452.0,Linear
1,binary_expressions/elt_arguments/elt_arguments/scalar/16384/width=16/nulls=false/fixed_literal=false/literal_null=false/index=dynamic,original,70,1065.0,74990292.0,Linear
1,binary_expressions/elt_arguments/elt_arguments/scalar/16384/width=16/nulls=false/fixed_literal=false/literal_null=false/index=dynamic,original,71,1080.0,75926667.0,Linear
1,binary_expressions/elt_arguments/elt_arguments/scalar/16384/width=16/nulls=false/fixed_literal=false/literal_null=false/index=dynamic,original,72,1095.0,74031831.0,Linear
1,binary_expressions/elt_arguments/elt_arguments/scalar/16384/width=16/nulls=false/fixed_literal=false/literal_null=false/index=dynamic,original,73,1110.0,77503484.0,Linear
1,binary_expressions/elt_arguments/elt_arguments/scalar/16384/width=16/nulls=false/fixed_literal=false/literal_null=false/index=dynamic,original,74,1125.0,77186871.0,Linear
1,binary_expressions/elt_arguments/elt_arguments/scalar/16384/width=16/nulls=false/fixed_literal=false/literal_null=false/index=dynamic,original,75,1140.0,78405070.0,Linear
1,binary_expressions/elt_arguments/elt_arguments/scalar/16384/width=16/nulls=false/fixed_literal=false/literal_null=false/index=dynamic,original,76,1155.0,77834204.0,Linear
1,binary_expressions/elt_arguments/elt_arguments/scalar/16384/width=16/nulls=false/fixed_literal=false/literal_null=false/index=dynamic,original,77,1170.0,84282176.0,Linear
1,binary_expressions/elt_arguments/elt_arguments/scalar/16384/width=16/nulls=false/fixed_literal=false/literal_null=false/index=dynamic,original,78,1185.0,83229170.0,Linear
1,binary_expressions/elt_arguments/elt_arguments/scalar/16384/width=16/nulls=false/fixed_literal=false/literal_null=false/index=dynamic,original,79,1200.0,83971806.0,Linear
1,binary_expressions/elt_arguments/elt_arguments/scalar/16384/width=16/nulls=false/fixed_literal=false/literal_null=false/index=dynamic,original,80,1215.0,84875634.0,Linear
1,binary_expressions/elt_arguments/elt_arguments/scalar/16384/width=16/nulls=false/fixed_literal=false/literal_null=false/index=dynamic,original,81,1230.0,85385489.0,Linear
1,binary_expressions/elt_arguments/elt_arguments/scalar/16384/width=16/nulls=false/fixed_literal=false/literal_null=false/index=dynamic,original,82,1245.0,86789875.0,Linear
1,binary_expressions/elt_arguments/elt_arguments/scalar/16384/width=16/nulls=false/fixed_literal=false/literal_null=false/index=dynamic,original,83,1260.0,86500867.0,Linear
1,binary_expressions/elt_arguments/elt_arguments/scalar/16384/width=16/nulls=false/fixed_literal=false/literal_null=false/index=dynamic,original,84,1275.0,87487428.0,Linear
1,binary_expressions/elt_arguments/elt_arguments/scalar/16384/width=16/nulls=false/fixed_literal=false/literal_null=false/index=dynamic,original,85,1290.0,90926742.0,Linear
1,binary_expressions/elt_arguments/elt_arguments/scalar/16384/width=16/nulls=false/fixed_literal=false/literal_null=false/index=dynamic,original,86,1305.0,88994710.0,Linear
1,binary_expressions/elt_arguments/elt_arguments/scalar/16384/width=16/nulls=false/fixed_literal=false/literal_null=false/index=dynamic,original,87,1320.0,90726761.0,Linear
1,binary_expressions/elt_arguments/elt_arguments/scalar/16384/width=16/nulls=false/fixed_literal=false/literal_null=false/index=dynamic,original,88,1335.0,95255186.0,Linear
1,binary_expressions/elt_arguments/elt_arguments/scalar/16384/width=16/nulls=false/fixed_literal=false/literal_null=false/index=dynamic,original,89,1350.0,94785914.0,Linear
1,binary_expressions/elt_arguments/elt_arguments/scalar/16384/width=16/nulls=false/fixed_literal=false/literal_null=false/index=dynamic,original,90,1365.0,94820343.0,Linear
1,binary_expressions/elt_arguments/elt_arguments/scalar/16384/width=16/nulls=false/fixed_literal=false/literal_null=false/index=dynamic,original,91,1380.0,97901426.0,Linear
1,binary_expressions/elt_arguments/elt_arguments/scalar/16384/width=16/nulls=false/fixed_literal=false/literal_null=false/index=dynamic,original,92,1395.0,97964994.0,Linear
1,binary_expressions/elt_arguments/elt_arguments/scalar/16384/width=16/nulls=false/fixed_literal=false/literal_null=false/index=dynamic,original,93,1410.0,97040443.0,Linear
1,binary_expressions/elt_arguments/elt_arguments/scalar/16384/width=16/nulls=false/fixed_literal=false/literal_null=false/index=dynamic,original,94,1425.0,99633716.0,Linear
1,binary_expressions/elt_arguments/elt_arguments/scalar/16384/width=16/nulls=false/fixed_literal=false/literal_null=false/index=dynamic,original,95,1440.0,101760709.0,Linear
1,binary_expressions/elt_arguments/elt_arguments/scalar/16384/width=16/nulls=false/fixed_literal=false/literal_null=false/index=dynamic,original,96,1455.0,102135470.0,Linear
1,binary_expressions/elt_arguments/elt_arguments/scalar/16384/width=16/nulls=false/fixed_literal=false/literal_null=false/index=dynamic,original,97,1470.0,100140401.0,Linear
1,binary_expressions/elt_arguments/elt_arguments/scalar/16384/width=16/nulls=false/fixed_literal=false/literal_null=false/index=dynamic,original,98,1485.0,101916518.0,Linear
1,binary_expressions/elt_arguments/elt_arguments/scalar/16384/width=16/nulls=false/fixed_literal=false/literal_null=false/index=dynamic,original,99,1500.0,104991298.0,Linear
1,binary_expressions/elt_arguments/elt_arguments/scalar/16384/width=16/nulls=false/fixed_literal=false/literal_null=false/index=dynamic,candidate,0,15.0,1040433.0,Linear
1,binary_expressions/elt_arguments/elt_arguments/scalar/16384/width=16/nulls=false/fixed_literal=false/literal_null=false/index=dynamic,candidate,1,30.0,1993938.0,Linear
1,binary_expressions/elt_arguments/elt_arguments/scalar/16384/width=16/nulls=false/fixed_literal=false/literal_null=false/index=dynamic,candidate,2,45.0,3069315.0,Linear
1,binary_expressions/elt_arguments/elt_arguments/scalar/16384/width=16/nulls=false/fixed_literal=false/literal_null=false/index=dynamic,candidate,3,60.0,4011178.0,Linear
1,binary_expressions/elt_arguments/elt_arguments/scalar/16384/width=16/nulls=false/fixed_literal=false/literal_null=false/index=dynamic,candidate,4,75.0,5038865.0,Linear
1,binary_expressions/elt_arguments/elt_arguments/scalar/16384/width=16/nulls=false/fixed_literal=false/literal_null=false/index=dynamic,candidate,5,90.0,6058744.0,Linear
1,binary_expressions/elt_arguments/elt_arguments/scalar/16384/width=16/nulls=false/fixed_literal=false/literal_null=false/index=dynamic,candidate,6,105.0,7106358.0,Linear
1,binary_expressions/elt_arguments/elt_arguments/scalar/16384/width=16/nulls=false/fixed_literal=false/literal_null=false/index=dynamic,candidate,7,120.0,9040705.0,Linear
1,binary_expressions/elt_arguments/elt_arguments/scalar/16384/width=16/nulls=false/fixed_literal=false/literal_null=false/index=dynamic,candidate,8,135.0,9377703.0,Linear
1,binary_expressions/elt_arguments/elt_arguments/scalar/16384/width=16/nulls=false/fixed_literal=false/literal_null=false/index=dynamic,candidate,9,150.0,10147533.0,Linear
1,binary_expressions/elt_arguments/elt_arguments/scalar/16384/width=16/nulls=false/fixed_literal=false/literal_null=false/index=dynamic,candidate,10,165.0,11060658.0,Linear
1,binary_expressions/elt_arguments/elt_arguments/scalar/16384/width=16/nulls=false/fixed_literal=false/literal_null=false/index=dynamic,candidate,11,180.0,12082820.0,Linear
1,binary_expressions/elt_arguments/elt_arguments/scalar/16384/width=16/nulls=false/fixed_literal=false/literal_null=false/index=dynamic,candidate,12,195.0,14111037.0,Linear
1,binary_expressions/elt_arguments/elt_arguments/scalar/16384/width=16/nulls=false/fixed_literal=false/literal_null=false/index=dynamic,candidate,13,210.0,14731336.0,Linear
1,binary_expressions/elt_arguments/elt_arguments/scalar/16384/width=16/nulls=false/fixed_literal=false/literal_null=false/index=dynamic,candidate,14,225.0,15392863.0,Linear
1,binary_expressions/elt_arguments/elt_arguments/scalar/16384/width=16/nulls=false/fixed_literal=false/literal_null=false/index=dynamic,candidate,15,240.0,16819342.0,Linear
1,binary_expressions/elt_arguments/elt_arguments/scalar/16384/width=16/nulls=false/fixed_literal=false/literal_null=false/index=dynamic,candidate,16,255.0,17578402.0,Linear
1,binary_expressions/elt_arguments/elt_arguments/scalar/16384/width=16/nulls=false/fixed_literal=false/literal_null=false/index=dynamic,candidate,17,270.0,18351188.0,Linear
1,binary_expressions/elt_arguments/elt_arguments/scalar/16384/width=16/nulls=false/fixed_literal=false/literal_null=false/index=dynamic,candidate,18,285.0,19826273.0,Linear
1,binary_expressions/elt_arguments/elt_arguments/scalar/16384/width=16/nulls=false/fixed_literal=false/literal_null=false/index=dynamic,candidate,19,300.0,21277590.0,Linear
1,binary_expressions/elt_arguments/elt_arguments/scalar/16384/width=16/nulls=false/fixed_literal=false/literal_null=false/index=dynamic,candidate,20,315.0,26935746.0,Linear
1,binary_expressions/elt_arguments/elt_arguments/scalar/16384/width=16/nulls=false/fixed_literal=false/literal_null=false/index=dynamic,candidate,21,330.0,22708012.0,Linear
1,binary_expressions/elt_arguments/elt_arguments/scalar/16384/width=16/nulls=false/fixed_literal=false/literal_null=false/index=dynamic,candidate,22,345.0,23355121.0,Linear
1,binary_expressions/elt_arguments/elt_arguments/scalar/16384/width=16/nulls=false/fixed_literal=false/literal_null=false/index=dynamic,candidate,23,360.0,24342473.0,Linear
1,binary_expressions/elt_arguments/elt_arguments/scalar/16384/width=16/nulls=false/fixed_literal=false/literal_null=false/index=dynamic,candidate,24,375.0,25876001.0,Linear
1,binary_expressions/elt_arguments/elt_arguments/scalar/16384/width=16/nulls=false/fixed_literal=false/literal_null=false/index=dynamic,candidate,25,390.0,27248087.0,Linear
1,binary_expressions/elt_arguments/elt_arguments/scalar/16384/width=16/nulls=false/fixed_literal=false/literal_null=false/index=dynamic,candidate,26,405.0,28273023.0,Linear
1,binary_expressions/elt_arguments/elt_arguments/scalar/16384/width=16/nulls=false/fixed_literal=false/literal_null=false/index=dynamic,candidate,27,420.0,28373500.0,Linear
1,binary_expressions/elt_arguments/elt_arguments/scalar/16384/width=16/nulls=false/fixed_literal=false/literal_null=false/index=dynamic,candidate,28,435.0,29481848.0,Linear
1,binary_expressions/elt_arguments/elt_arguments/scalar/16384/width=16/nulls=false/fixed_literal=false/literal_null=false/index=dynamic,candidate,29,450.0,31151927.0,Linear
1,binary_expressions/elt_arguments/elt_arguments/scalar/16384/width=16/nulls=false/fixed_literal=false/literal_null=false/index=dynamic,candidate,30,465.0,33543064.0,Linear
1,binary_expressions/elt_arguments/elt_arguments/scalar/16384/width=16/nulls=false/fixed_literal=false/literal_null=false/index=dynamic,candidate,31,480.0,32357452.0,Linear
1,binary_expressions/elt_arguments/elt_arguments/scalar/16384/width=16/nulls=false/fixed_literal=false/literal_null=false/index=dynamic,candidate,32,495.0,34088814.0,Linear
1,binary_expressions/elt_arguments/elt_arguments/scalar/16384/width=16/nulls=false/fixed_literal=false/literal_null=false/index=dynamic,candidate,33,510.0,34935728.0,Linear
1,binary_expressions/elt_arguments/elt_arguments/scalar/16384/width=16/nulls=false/fixed_literal=false/literal_null=false/index=dynamic,candidate,34,525.0,35714449.0,Linear
1,binary_expressions/elt_arguments/elt_arguments/scalar/16384/width=16/nulls=false/fixed_literal=false/literal_null=false/index=dynamic,candidate,35,540.0,37334384.0,Linear
1,binary_expressions/elt_arguments/elt_arguments/scalar/16384/width=16/nulls=false/fixed_literal=false/literal_null=false/index=dynamic,candidate,36,555.0,37828779.0,Linear
1,binary_expressions/elt_arguments/elt_arguments/scalar/16384/width=16/nulls=false/fixed_literal=false/literal_null=false/index=dynamic,candidate,37,570.0,39206229.0,Linear
1,binary_expressions/elt_arguments/elt_arguments/scalar/16384/width=16/nulls=false/fixed_literal=false/literal_null=false/index=dynamic,candidate,38,585.0,39779599.0,Linear
1,binary_expressions/elt_arguments/elt_arguments/scalar/16384/width=16/nulls=false/fixed_literal=false/literal_null=false/index=dynamic,candidate,39,600.0,40282823.0,Linear
1,binary_expressions/elt_arguments/elt_arguments/scalar/16384/width=16/nulls=false/fixed_literal=false/literal_null=false/index=dynamic,candidate,40,615.0,42133646.0,Linear
1,binary_expressions/elt_arguments/elt_arguments/scalar/16384/width=16/nulls=false/fixed_literal=false/literal_null=false/index=dynamic,candidate,41,630.0,42503410.0,Linear
1,binary_expressions/elt_arguments/elt_arguments/scalar/16384/width=16/nulls=false/fixed_literal=false/literal_null=false/index=dynamic,candidate,42,645.0,43808376.0,Linear
1,binary_expressions/elt_arguments/elt_arguments/scalar/16384/width=16/nulls=false/fixed_literal=false/literal_null=false/index=dynamic,candidate,43,660.0,46520098.0,Linear
1,binary_expressions/elt_arguments/elt_arguments/scalar/16384/width=16/nulls=false/fixed_literal=false/literal_null=false/index=dynamic,candidate,44,675.0,45570999.0,Linear
1,binary_expressions/elt_arguments/elt_arguments/scalar/16384/width=16/nulls=false/fixed_literal=false/literal_null=false/index=dynamic,candidate,45,690.0,48287091.0,Linear
1,binary_expressions/elt_arguments/elt_arguments/scalar/16384/width=16/nulls=false/fixed_literal=false/literal_null=false/index=dynamic,candidate,46,705.0,48916969.0,Linear
1,binary_expressions/elt_arguments/elt_arguments/scalar/16384/width=16/nulls=false/fixed_literal=false/literal_null=false/index=dynamic,candidate,47,720.0,49668954.0,Linear
1,binary_expressions/elt_arguments/elt_arguments/scalar/16384/width=16/nulls=false/fixed_literal=false/literal_null=false/index=dynamic,candidate,48,735.0,50941652.0,Linear
1,binary_expressions/elt_arguments/elt_arguments/scalar/16384/width=16/nulls=false/fixed_literal=false/literal_null=false/index=dynamic,candidate,49,750.0,51391290.0,Linear
1,binary_expressions/elt_arguments/elt_arguments/scalar/16384/width=16/nulls=false/fixed_literal=false/literal_null=false/index=dynamic,candidate,50,765.0,51485491.0,Linear
1,binary_expressions/elt_arguments/elt_arguments/scalar/16384/width=16/nulls=false/fixed_literal=false/literal_null=false/index=dynamic,candidate,51,780.0,52714111.0,Linear
1,binary_expressions/elt_arguments/elt_arguments/scalar/16384/width=16/nulls=false/fixed_literal=false/literal_null=false/index=dynamic,candidate,52,795.0,54059399.0,Linear
1,binary_expressions/elt_arguments/elt_arguments/scalar/16384/width=16/nulls=false/fixed_literal=false/literal_null=false/index=dynamic,candidate,53,810.0,55906687.0,Linear
1,binary_expressions/elt_arguments/elt_arguments/scalar/16384/width=16/nulls=false/fixed_literal=false/literal_null=false/index=dynamic,candidate,54,825.0,55951166.0,Linear
1,binary_expressions/elt_arguments/elt_arguments/scalar/16384/width=16/nulls=false/fixed_literal=false/literal_null=false/index=dynamic,candidate,55,840.0,58422037.0,Linear
1,binary_expressions/elt_arguments/elt_arguments/scalar/16384/width=16/nulls=false/fixed_literal=false/literal_null=false/index=dynamic,candidate,56,855.0,58620396.0,Linear
1,binary_expressions/elt_arguments/elt_arguments/scalar/16384/width=16/nulls=false/fixed_literal=false/literal_null=false/index=dynamic,candidate,57,870.0,58631835.0,Linear
1,binary_expressions/elt_arguments/elt_arguments/scalar/16384/width=16/nulls=false/fixed_literal=false/literal_null=false/index=dynamic,candidate,58,885.0,59561905.0,Linear
1,binary_expressions/elt_arguments/elt_arguments/scalar/16384/width=16/nulls=false/fixed_literal=false/literal_null=false/index=dynamic,candidate,59,900.0,60892951.0,Linear
1,binary_expressions/elt_arguments/elt_arguments/scalar/16384/width=16/nulls=false/fixed_literal=false/literal_null=false/index=dynamic,candidate,60,915.0,61944401.0,Linear
1,binary_expressions/elt_arguments/elt_arguments/scalar/16384/width=16/nulls=false/fixed_literal=false/literal_null=false/index=dynamic,candidate,61,930.0,63297256.0,Linear
1,binary_expressions/elt_arguments/elt_arguments/scalar/16384/width=16/nulls=false/fixed_literal=false/literal_null=false/index=dynamic,candidate,62,945.0,64266856.0,Linear
1,binary_expressions/elt_arguments/elt_arguments/scalar/16384/width=16/nulls=false/fixed_literal=false/literal_null=false/index=dynamic,candidate,63,960.0,67397773.0,Linear
1,binary_expressions/elt_arguments/elt_arguments/scalar/16384/width=16/nulls=false/fixed_literal=false/literal_null=false/index=dynamic,candidate,64,975.0,68639183.0,Linear
1,binary_expressions/elt_arguments/elt_arguments/scalar/16384/width=16/nulls=false/fixed_literal=false/literal_null=false/index=dynamic,candidate,65,990.0,67890369.0,Linear
1,binary_expressions/elt_arguments/elt_arguments/scalar/16384/width=16/nulls=false/fixed_literal=false/literal_null=false/index=dynamic,candidate,66,1005.0,68182849.0,Linear
1,binary_expressions/elt_arguments/elt_arguments/scalar/16384/width=16/nulls=false/fixed_literal=false/literal_null=false/index=dynamic,candidate,67,1020.0,69040493.0,Linear
1,binary_expressions/elt_arguments/elt_arguments/scalar/16384/width=16/nulls=false/fixed_literal=false/literal_null=false/index=dynamic,candidate,68,1035.0,70178366.0,Linear
1,binary_expressions/elt_arguments/elt_arguments/scalar/16384/width=16/nulls=false/fixed_literal=false/literal_null=false/index=dynamic,candidate,69,1050.0,71732337.0,Linear
1,binary_expressions/elt_arguments/elt_arguments/scalar/16384/width=16/nulls=false/fixed_literal=false/literal_null=false/index=dynamic,candidate,70,1065.0,72397944.0,Linear
1,binary_expressions/elt_arguments/elt_arguments/scalar/16384/width=16/nulls=false/fixed_literal=false/literal_null=false/index=dynamic,candidate,71,1080.0,75885042.0,Linear
1,binary_expressions/elt_arguments/elt_arguments/scalar/16384/width=16/nulls=false/fixed_literal=false/literal_null=false/index=dynamic,candidate,72,1095.0,75465408.0,Linear
1,binary_expressions/elt_arguments/elt_arguments/scalar/16384/width=16/nulls=false/fixed_literal=false/literal_null=false/index=dynamic,candidate,73,1110.0,75407098.0,Linear
1,binary_expressions/elt_arguments/elt_arguments/scalar/16384/width=16/nulls=false/fixed_literal=false/literal_null=false/index=dynamic,candidate,74,1125.0,76579444.0,Linear
1,binary_expressions/elt_arguments/elt_arguments/scalar/16384/width=16/nulls=false/fixed_literal=false/literal_null=false/index=dynamic,candidate,75,1140.0,78233716.0,Linear
1,binary_expressions/elt_arguments/elt_arguments/scalar/16384/width=16/nulls=false/fixed_literal=false/literal_null=false/index=dynamic,candidate,76,1155.0,78832684.0,Linear
1,binary_expressions/elt_arguments/elt_arguments/scalar/16384/width=16/nulls=false/fixed_literal=false/literal_null=false/index=dynamic,candidate,77,1170.0,81812580.0,Linear
1,binary_expressions/elt_arguments/elt_arguments/scalar/16384/width=16/nulls=false/fixed_literal=false/literal_null=false/index=dynamic,candidate,78,1185.0,81956971.0,Linear
1,binary_expressions/elt_arguments/elt_arguments/scalar/16384/width=16/nulls=false/fixed_literal=false/literal_null=false/index=dynamic,candidate,79,1200.0,82912924.0,Linear
1,binary_expressions/elt_arguments/elt_arguments/scalar/16384/width=16/nulls=false/fixed_literal=false/literal_null=false/index=dynamic,candidate,80,1215.0,83655167.0,Linear
1,binary_expressions/elt_arguments/elt_arguments/scalar/16384/width=16/nulls=false/fixed_literal=false/literal_null=false/index=dynamic,candidate,81,1230.0,85072902.0,Linear
1,binary_expressions/elt_arguments/elt_arguments/scalar/16384/width=16/nulls=false/fixed_literal=false/literal_null=false/index=dynamic,candidate,82,1245.0,86293422.0,Linear
1,binary_expressions/elt_arguments/elt_arguments/scalar/16384/width=16/nulls=false/fixed_literal=false/literal_null=false/index=dynamic,candidate,83,1260.0,85631213.0,Linear
1,binary_expressions/elt_arguments/elt_arguments/scalar/16384/width=16/nulls=false/fixed_literal=false/literal_null=false/index=dynamic,candidate,84,1275.0,87196416.0,Linear
1,binary_expressions/elt_arguments/elt_arguments/scalar/16384/width=16/nulls=false/fixed_literal=false/literal_null=false/index=dynamic,candidate,85,1290.0,87338341.0,Linear
1,binary_expressions/elt_arguments/elt_arguments/scalar/16384/width=16/nulls=false/fixed_literal=false/literal_null=false/index=dynamic,candidate,86,1305.0,88155901.0,Linear
1,binary_expressions/elt_arguments/elt_arguments/scalar/16384/width=16/nulls=false/fixed_literal=false/literal_null=false/index=dynamic,candidate,87,1320.0,92270302.0,Linear
1,binary_expressions/elt_arguments/elt_arguments/scalar/16384/width=16/nulls=false/fixed_literal=false/literal_null=false/index=dynamic,candidate,88,1335.0,92228339.0,Linear
1,binary_expressions/elt_arguments/elt_arguments/scalar/16384/width=16/nulls=false/fixed_literal=false/literal_null=false/index=dynamic,candidate,89,1350.0,92166540.0,Linear
1,binary_expressions/elt_arguments/elt_arguments/scalar/16384/width=16/nulls=false/fixed_literal=false/literal_null=false/index=dynamic,candidate,90,1365.0,93252424.0,Linear
1,binary_expressions/elt_arguments/elt_arguments/scalar/16384/width=16/nulls=false/fixed_literal=false/literal_null=false/index=dynamic,candidate,91,1380.0,93761362.0,Linear
1,binary_expressions/elt_arguments/elt_arguments/scalar/16384/width=16/nulls=false/fixed_literal=false/literal_null=false/index=dynamic,candidate,92,1395.0,95316921.0,Linear
1,binary_expressions/elt_arguments/elt_arguments/scalar/16384/width=16/nulls=false/fixed_literal=false/literal_null=false/index=dynamic,candidate,93,1410.0,96077433.0,Linear
1,binary_expressions/elt_arguments/elt_arguments/scalar/16384/width=16/nulls=false/fixed_literal=false/literal_null=false/index=dynamic,candidate,94,1425.0,97607326.0,Linear
1,binary_expressions/elt_arguments/elt_arguments/scalar/16384/width=16/nulls=false/fixed_literal=false/literal_null=false/index=dynamic,candidate,95,1440.0,98274637.0,Linear
1,binary_expressions/elt_arguments/elt_arguments/scalar/16384/width=16/nulls=false/fixed_literal=false/literal_null=false/index=dynamic,candidate,96,1455.0,98630325.0,Linear
1,binary_expressions/elt_arguments/elt_arguments/scalar/16384/width=16/nulls=false/fixed_literal=false/literal_null=false/index=dynamic,candidate,97,1470.0,101209449.0,Linear
1,binary_expressions/elt_arguments/elt_arguments/scalar/16384/width=16/nulls=false/fixed_literal=false/literal_null=false/index=dynamic,candidate,98,1485.0,105005494.0,Linear
1,binary_expressions/elt_arguments/elt_arguments/scalar/16384/width=16/nulls=false/fixed_literal=false/literal_null=false/index=dynamic,candidate,99,1500.0,103686611.0,Linear
2,binary_expressions/elt_arguments/elt_arguments/scalar/16384/width=16/nulls=true/fixed_literal=false/literal_null=false/index=dynamic,candidate,0,13.0,1006645.0,Linear
2,binary_expressions/elt_arguments/elt_arguments/scalar/16384/width=16/nulls=true/fixed_literal=false/literal_null=false/index=dynamic,candidate,1,26.0,1963587.0,Linear
2,binary_expressions/elt_arguments/elt_arguments/scalar/16384/width=16/nulls=true/fixed_literal=false/literal_null=false/index=dynamic,candidate,2,39.0,3284343.0,Linear
2,binary_expressions/elt_arguments/elt_arguments/scalar/16384/width=16/nulls=true/fixed_literal=false/literal_null=false/index=dynamic,candidate,3,52.0,4163505.0,Linear
2,binary_expressions/elt_arguments/elt_arguments/scalar/16384/width=16/nulls=true/fixed_literal=false/literal_null=false/index=dynamic,candidate,4,65.0,4926103.0,Linear
2,binary_expressions/elt_arguments/elt_arguments/scalar/16384/width=16/nulls=true/fixed_literal=false/literal_null=false/index=dynamic,candidate,5,78.0,5946550.0,Linear
2,binary_expressions/elt_arguments/elt_arguments/scalar/16384/width=16/nulls=true/fixed_literal=false/literal_null=false/index=dynamic,candidate,6,91.0,6893178.0,Linear
2,binary_expressions/elt_arguments/elt_arguments/scalar/16384/width=16/nulls=true/fixed_literal=false/literal_null=false/index=dynamic,candidate,7,104.0,7946058.0,Linear
2,binary_expressions/elt_arguments/elt_arguments/scalar/16384/width=16/nulls=true/fixed_literal=false/literal_null=false/index=dynamic,candidate,8,117.0,8924001.0,Linear
2,binary_expressions/elt_arguments/elt_arguments/scalar/16384/width=16/nulls=true/fixed_literal=false/literal_null=false/index=dynamic,candidate,9,130.0,9981086.0,Linear
2,binary_expressions/elt_arguments/elt_arguments/scalar/16384/width=16/nulls=true/fixed_literal=false/literal_null=false/index=dynamic,candidate,10,143.0,10856235.0,Linear
2,binary_expressions/elt_arguments/elt_arguments/scalar/16384/width=16/nulls=true/fixed_literal=false/literal_null=false/index=dynamic,candidate,11,156.0,11975449.0,Linear
2,binary_expressions/elt_arguments/elt_arguments/scalar/16384/width=16/nulls=true/fixed_literal=false/literal_null=false/index=dynamic,candidate,12,169.0,12912425.0,Linear
2,binary_expressions/elt_arguments/elt_arguments/scalar/16384/width=16/nulls=true/fixed_literal=false/literal_null=false/index=dynamic,candidate,13,182.0,13759063.0,Linear
2,binary_expressions/elt_arguments/elt_arguments/scalar/16384/width=16/nulls=true/fixed_literal=false/literal_null=false/index=dynamic,candidate,14,195.0,16294720.0,Linear
2,binary_expressions/elt_arguments/elt_arguments/scalar/16384/width=16/nulls=true/fixed_literal=false/literal_null=false/index=dynamic,candidate,15,208.0,15797554.0,Linear
2,binary_expressions/elt_arguments/elt_arguments/scalar/16384/width=16/nulls=true/fixed_literal=false/literal_null=false/index=dynamic,candidate,16,221.0,17058073.0,Linear
2,binary_expressions/elt_arguments/elt_arguments/scalar/16384/width=16/nulls=true/fixed_literal=false/literal_null=false/index=dynamic,candidate,17,234.0,17726674.0,Linear
2,binary_expressions/elt_arguments/elt_arguments/scalar/16384/width=16/nulls=true/fixed_literal=false/literal_null=false/index=dynamic,candidate,18,247.0,19271742.0,Linear
2,binary_expressions/elt_arguments/elt_arguments/scalar/16384/width=16/nulls=true/fixed_literal=false/literal_null=false/index=dynamic,candidate,19,260.0,19914822.0,Linear
2,binary_expressions/elt_arguments/elt_arguments/scalar/16384/width=16/nulls=true/fixed_literal=false/literal_null=false/index=dynamic,candidate,20,273.0,21180232.0,Linear
2,binary_expressions/elt_arguments/elt_arguments/scalar/16384/width=16/nulls=true/fixed_literal=false/literal_null=false/index=dynamic,candidate,21,286.0,22161914.0,Linear
2,binary_expressions/elt_arguments/elt_arguments/scalar/16384/width=16/nulls=true/fixed_literal=false/literal_null=false/index=dynamic,candidate,22,299.0,22733575.0,Linear
2,binary_expressions/elt_arguments/elt_arguments/scalar/16384/width=16/nulls=true/fixed_literal=false/literal_null=false/index=dynamic,candidate,23,312.0,23716285.0,Linear
2,binary_expressions/elt_arguments/elt_arguments/scalar/16384/width=16/nulls=true/fixed_literal=false/literal_null=false/index=dynamic,candidate,24,325.0,25118714.0,Linear
2,binary_expressions/elt_arguments/elt_arguments/scalar/16384/width=16/nulls=true/fixed_literal=false/literal_null=false/index=dynamic,candidate,25,338.0,26261709.0,Linear
2,binary_expressions/elt_arguments/elt_arguments/scalar/16384/width=16/nulls=true/fixed_literal=false/literal_null=false/index=dynamic,candidate,26,351.0,26885927.0,Linear
2,binary_expressions/elt_arguments/elt_arguments/scalar/16384/width=16/nulls=true/fixed_literal=false/literal_null=false/index=dynamic,candidate,27,364.0,28149332.0,Linear
2,binary_expressions/elt_arguments/elt_arguments/scalar/16384/width=16/nulls=true/fixed_literal=false/literal_null=false/index=dynamic,candidate,28,377.0,28945447.0,Linear
2,binary_expressions/elt_arguments/elt_arguments/scalar/16384/width=16/nulls=true/fixed_literal=false/literal_null=false/index=dynamic,candidate,29,390.0,30759377.0,Linear
2,binary_expressions/elt_arguments/elt_arguments/scalar/16384/width=16/nulls=true/fixed_literal=false/literal_null=false/index=dynamic,candidate,30,403.0,32495215.0,Linear
2,binary_expressions/elt_arguments/elt_arguments/scalar/16384/width=16/nulls=true/fixed_literal=false/literal_null=false/index=dynamic,candidate,31,416.0,31983142.0,Linear
2,binary_expressions/elt_arguments/elt_arguments/scalar/16384/width=16/nulls=true/fixed_literal=false/literal_null=false/index=dynamic,candidate,32,429.0,33392555.0,Linear
2,binary_expressions/elt_arguments/elt_arguments/scalar/16384/width=16/nulls=true/fixed_literal=false/literal_null=false/index=dynamic,candidate,33,442.0,33626250.0,Linear
2,binary_expressions/elt_arguments/elt_arguments/scalar/16384/width=16/nulls=true/fixed_literal=false/literal_null=false/index=dynamic,candidate,34,455.0,35029778.0,Linear
2,binary_expressions/elt_arguments/elt_arguments/scalar/16384/width=16/nulls=true/fixed_literal=false/literal_null=false/index=dynamic,candidate,35,468.0,35800180.0,Linear
2,binary_expressions/elt_arguments/elt_arguments/scalar/16384/width=16/nulls=true/fixed_literal=false/literal_null=false/index=dynamic,candidate,36,481.0,36655274.0,Linear
2,binary_expressions/elt_arguments/elt_arguments/scalar/16384/width=16/nulls=true/fixed_literal=false/literal_null=false/index=dynamic,candidate,37,494.0,40223076.0,Linear
2,binary_expressions/elt_arguments/elt_arguments/scalar/16384/width=16/nulls=true/fixed_literal=false/literal_null=false/index=dynamic,candidate,38,507.0,38773668.0,Linear
2,binary_expressions/elt_arguments/elt_arguments/scalar/16384/width=16/nulls=true/fixed_literal=false/literal_null=false/index=dynamic,candidate,39,520.0,39531488.0,Linear
2,binary_expressions/elt_arguments/elt_arguments/scalar/16384/width=16/nulls=true/fixed_literal=false/literal_null=false/index=dynamic,candidate,40,533.0,40838767.0,Linear
2,binary_expressions/elt_arguments/elt_arguments/scalar/16384/width=16/nulls=true/fixed_literal=false/literal_null=false/index=dynamic,candidate,41,546.0,41667155.0,Linear
2,binary_expressions/elt_arguments/elt_arguments/scalar/16384/width=16/nulls=true/fixed_literal=false/literal_null=false/index=dynamic,candidate,42,559.0,42956542.0,Linear
2,binary_expressions/elt_arguments/elt_arguments/scalar/16384/width=16/nulls=true/fixed_literal=false/literal_null=false/index=dynamic,candidate,43,572.0,44907322.0,Linear
2,binary_expressions/elt_arguments/elt_arguments/scalar/16384/width=16/nulls=true/fixed_literal=false/literal_null=false/index=dynamic,candidate,44,585.0,45425475.0,Linear
2,binary_expressions/elt_arguments/elt_arguments/scalar/16384/width=16/nulls=true/fixed_literal=false/literal_null=false/index=dynamic,candidate,45,598.0,45538172.0,Linear
2,binary_expressions/elt_arguments/elt_arguments/scalar/16384/width=16/nulls=true/fixed_literal=false/literal_null=false/index=dynamic,candidate,46,611.0,46411184.0,Linear
2,binary_expressions/elt_arguments/elt_arguments/scalar/16384/width=16/nulls=true/fixed_literal=false/literal_null=false/index=dynamic,candidate,47,624.0,47380532.0,Linear
2,binary_expressions/elt_arguments/elt_arguments/scalar/16384/width=16/nulls=true/fixed_literal=false/literal_null=false/index=dynamic,candidate,48,637.0,50171287.0,Linear
2,binary_expressions/elt_arguments/elt_arguments/scalar/16384/width=16/nulls=true/fixed_literal=false/literal_null=false/index=dynamic,candidate,49,650.0,49930794.0,Linear
2,binary_expressions/elt_arguments/elt_arguments/scalar/16384/width=16/nulls=true/fixed_literal=false/literal_null=false/index=dynamic,candidate,50,663.0,51139129.0,Linear
2,binary_expressions/elt_arguments/elt_arguments/scalar/16384/width=16/nulls=true/fixed_literal=false/literal_null=false/index=dynamic,candidate,51,676.0,51599800.0,Linear
2,binary_expressions/elt_arguments/elt_arguments/scalar/16384/width=16/nulls=true/fixed_literal=false/literal_null=false/index=dynamic,candidate,52,689.0,54426475.0,Linear
2,binary_expressions/elt_arguments/elt_arguments/scalar/16384/width=16/nulls=true/fixed_literal=false/literal_null=false/index=dynamic,candidate,53,702.0,54977383.0,Linear
2,binary_expressions/elt_arguments/elt_arguments/scalar/16384/width=16/nulls=true/fixed_literal=false/literal_null=false/index=dynamic,candidate,54,715.0,55208036.0,Linear
2,binary_expressions/elt_arguments/elt_arguments/scalar/16384/width=16/nulls=true/fixed_literal=false/literal_null=false/index=dynamic,candidate,55,728.0,56256393.0,Linear
2,binary_expressions/elt_arguments/elt_arguments/scalar/16384/width=16/nulls=true/fixed_literal=false/literal_null=false/index=dynamic,candidate,56,741.0,56915877.0,Linear
2,binary_expressions/elt_arguments/elt_arguments/scalar/16384/width=16/nulls=true/fixed_literal=false/literal_null=false/index=dynamic,candidate,57,754.0,57595446.0,Linear
2,binary_expressions/elt_arguments/elt_arguments/scalar/16384/width=16/nulls=true/fixed_literal=false/literal_null=false/index=dynamic,candidate,58,767.0,58947794.0,Linear
2,binary_expressions/elt_arguments/elt_arguments/scalar/16384/width=16/nulls=true/fixed_literal=false/literal_null=false/index=dynamic,candidate,59,780.0,60135103.0,Linear
2,binary_expressions/elt_arguments/elt_arguments/scalar/16384/width=16/nulls=true/fixed_literal=false/literal_null=false/index=dynamic,candidate,60,793.0,60237940.0,Linear
2,binary_expressions/elt_arguments/elt_arguments/scalar/16384/width=16/nulls=true/fixed_literal=false/literal_null=false/index=dynamic,candidate,61,806.0,62348867.0,Linear
2,binary_expressions/elt_arguments/elt_arguments/scalar/16384/width=16/nulls=true/fixed_literal=false/literal_null=false/index=dynamic,candidate,62,819.0,62849420.0,Linear
2,binary_expressions/elt_arguments/elt_arguments/scalar/16384/width=16/nulls=true/fixed_literal=false/literal_null=false/index=dynamic,candidate,63,832.0,63750729.0,Linear
2,binary_expressions/elt_arguments/elt_arguments/scalar/16384/width=16/nulls=true/fixed_literal=false/literal_null=false/index=dynamic,candidate,64,845.0,65358350.0,Linear
2,binary_expressions/elt_arguments/elt_arguments/scalar/16384/width=16/nulls=true/fixed_literal=false/literal_null=false/index=dynamic,candidate,65,858.0,66543616.0,Linear
2,binary_expressions/elt_arguments/elt_arguments/scalar/16384/width=16/nulls=true/fixed_literal=false/literal_null=false/index=dynamic,candidate,66,871.0,66531392.0,Linear
2,binary_expressions/elt_arguments/elt_arguments/scalar/16384/width=16/nulls=true/fixed_literal=false/literal_null=false/index=dynamic,candidate,67,884.0,73192323.0,Linear
2,binary_expressions/elt_arguments/elt_arguments/scalar/16384/width=16/nulls=true/fixed_literal=false/literal_null=false/index=dynamic,candidate,68,897.0,73590379.0,Linear
2,binary_expressions/elt_arguments/elt_arguments/scalar/16384/width=16/nulls=true/fixed_literal=false/literal_null=false/index=dynamic,candidate,69,910.0,70153267.0,Linear
2,binary_expressions/elt_arguments/elt_arguments/scalar/16384/width=16/nulls=true/fixed_literal=false/literal_null=false/index=dynamic,candidate,70,923.0,71071108.0,Linear
2,binary_expressions/elt_arguments/elt_arguments/scalar/16384/width=16/nulls=true/fixed_literal=false/literal_null=false/index=dynamic,candidate,71,936.0,71929932.0,Linear
2,binary_expressions/elt_arguments/elt_arguments/scalar/16384/width=16/nulls=true/fixed_literal=false/literal_null=false/index=dynamic,candidate,72,949.0,73149905.0,Linear
2,binary_expressions/elt_arguments/elt_arguments/scalar/16384/width=16/nulls=true/fixed_literal=false/literal_null=false/index=dynamic,candidate,73,962.0,73149113.0,Linear
2,binary_expressions/elt_arguments/elt_arguments/scalar/16384/width=16/nulls=true/fixed_literal=false/literal_null=false/index=dynamic,candidate,74,975.0,76085676.0,Linear
2,binary_expressions/elt_arguments/elt_arguments/scalar/16384/width=16/nulls=true/fixed_literal=false/literal_null=false/index=dynamic,candidate,75,988.0,75632029.0,Linear
2,binary_expressions/elt_arguments/elt_arguments/scalar/16384/width=16/nulls=true/fixed_literal=false/literal_null=false/index=dynamic,candidate,76,1001.0,76596830.0,Linear
2,binary_expressions/elt_arguments/elt_arguments/scalar/16384/width=16/nulls=true/fixed_literal=false/literal_null=false/index=dynamic,candidate,77,1014.0,79280370.0,Linear
2,binary_expressions/elt_arguments/elt_arguments/scalar/16384/width=16/nulls=true/fixed_literal=false/literal_null=false/index=dynamic,candidate,78,1027.0,79654672.0,Linear
2,binary_expressions/elt_arguments/elt_arguments/scalar/16384/width=16/nulls=true/fixed_literal=false/literal_null=false/index=dynamic,candidate,79,1040.0,79547497.0,Linear
2,binary_expressions/elt_arguments/elt_arguments/scalar/16384/width=16/nulls=true/fixed_literal=false/literal_null=false/index=dynamic,candidate,80,1053.0,82432678.0,Linear
2,binary_expressions/elt_arguments/elt_arguments/scalar/16384/width=16/nulls=true/fixed_literal=false/literal_null=false/index=dynamic,candidate,81,1066.0,82711245.0,Linear
2,binary_expressions/elt_arguments/elt_arguments/scalar/16384/width=16/nulls=true/fixed_literal=false/literal_null=false/index=dynamic,candidate,82,1079.0,82622704.0,Linear
2,binary_expressions/elt_arguments/elt_arguments/scalar/16384/width=16/nulls=true/fixed_literal=false/literal_null=false/index=dynamic,candidate,83,1092.0,84874323.0,Linear
2,binary_expressions/elt_arguments/elt_arguments/scalar/16384/width=16/nulls=true/fixed_literal=false/literal_null=false/index=dynamic,candidate,84,1105.0,84740337.0,Linear
2,binary_expressions/elt_arguments/elt_arguments/scalar/16384/width=16/nulls=true/fixed_literal=false/literal_null=false/index=dynamic,candidate,85,1118.0,86198922.0,Linear
2,binary_expressions/elt_arguments/elt_arguments/scalar/16384/width=16/nulls=true/fixed_literal=false/literal_null=false/index=dynamic,candidate,86,1131.0,86496700.0,Linear
2,binary_expressions/elt_arguments/elt_arguments/scalar/16384/width=16/nulls=true/fixed_literal=false/literal_null=false/index=dynamic,candidate,87,1144.0,87693102.0,Linear
2,binary_expressions/elt_arguments/elt_arguments/scalar/16384/width=16/nulls=true/fixed_literal=false/literal_null=false/index=dynamic,candidate,88,1157.0,89134859.0,Linear
2,binary_expressions/elt_arguments/elt_arguments/scalar/16384/width=16/nulls=true/fixed_literal=false/literal_null=false/index=dynamic,candidate,89,1170.0,89612592.0,Linear
2,binary_expressions/elt_arguments/elt_arguments/scalar/16384/width=16/nulls=true/fixed_literal=false/literal_null=false/index=dynamic,candidate,90,1183.0,90525962.0,Linear
2,binary_expressions/elt_arguments/elt_arguments/scalar/16384/width=16/nulls=true/fixed_literal=false/literal_null=false/index=dynamic,candidate,91,1196.0,92812155.0,Linear
2,binary_expressions/elt_arguments/elt_arguments/scalar/16384/width=16/nulls=true/fixed_literal=false/literal_null=false/index=dynamic,candidate,92,1209.0,92530975.0,Linear
2,binary_expressions/elt_arguments/elt_arguments/scalar/16384/width=16/nulls=true/fixed_literal=false/literal_null=false/index=dynamic,candidate,93,1222.0,98781362.0,Linear
2,binary_expressions/elt_arguments/elt_arguments/scalar/16384/width=16/nulls=true/fixed_literal=false/literal_null=false/index=dynamic,candidate,94,1235.0,94673779.0,Linear
2,binary_expressions/elt_arguments/elt_arguments/scalar/16384/width=16/nulls=true/fixed_literal=false/literal_null=false/index=dynamic,candidate,95,1248.0,94799906.0,Linear
2,binary_expressions/elt_arguments/elt_arguments/scalar/16384/width=16/nulls=true/fixed_literal=false/literal_null=false/index=dynamic,candidate,96,1261.0,105824046.0,Linear
2,binary_expressions/elt_arguments/elt_arguments/scalar/16384/width=16/nulls=true/fixed_literal=false/literal_null=false/index=dynamic,candidate,97,1274.0,102316835.0,Linear
2,binary_expressions/elt_arguments/elt_arguments/scalar/16384/width=16/nulls=true/fixed_literal=false/literal_null=false/index=dynamic,candidate,98,1287.0,98402202.0,Linear
2,binary_expressions/elt_arguments/elt_arguments/scalar/16384/width=16/nulls=true/fixed_literal=false/literal_null=false/index=dynamic,candidate,99,1300.0,99439057.0,Linear
2,binary_expressions/elt_arguments/elt_arguments/scalar/16384/width=16/nulls=true/fixed_literal=false/literal_null=false/index=dynamic,original,0,13.0,993727.0,Linear
2,binary_expressions/elt_arguments/elt_arguments/scalar/16384/width=16/nulls=true/fixed_literal=false/literal_null=false/index=dynamic,original,1,26.0,2122560.0,Linear
2,binary_expressions/elt_arguments/elt_arguments/scalar/16384/width=16/nulls=true/fixed_literal=false/literal_null=false/index=dynamic,original,2,39.0,2951481.0,Linear
2,binary_expressions/elt_arguments/elt_arguments/scalar/16384/width=16/nulls=true/fixed_literal=false/literal_null=false/index=dynamic,original,3,52.0,4140415.0,Linear
2,binary_expressions/elt_arguments/elt_arguments/scalar/16384/width=16/nulls=true/fixed_literal=false/literal_null=false/index=dynamic,original,4,65.0,5020452.0,Linear
2,binary_expressions/elt_arguments/elt_arguments/scalar/16384/width=16/nulls=true/fixed_literal=false/literal_null=false/index=dynamic,original,5,78.0,6155045.0,Linear
2,binary_expressions/elt_arguments/elt_arguments/scalar/16384/width=16/nulls=true/fixed_literal=false/literal_null=false/index=dynamic,original,6,91.0,6939327.0,Linear
2,binary_expressions/elt_arguments/elt_arguments/scalar/16384/width=16/nulls=true/fixed_literal=false/literal_null=false/index=dynamic,original,7,104.0,8279934.0,Linear
2,binary_expressions/elt_arguments/elt_arguments/scalar/16384/width=16/nulls=true/fixed_literal=false/literal_null=false/index=dynamic,original,8,117.0,9103146.0,Linear
2,binary_expressions/elt_arguments/elt_arguments/scalar/16384/width=16/nulls=true/fixed_literal=false/literal_null=false/index=dynamic,original,9,130.0,9922008.0,Linear
2,binary_expressions/elt_arguments/elt_arguments/scalar/16384/width=16/nulls=true/fixed_literal=false/literal_null=false/index=dynamic,original,10,143.0,10875488.0,Linear
2,binary_expressions/elt_arguments/elt_arguments/scalar/16384/width=16/nulls=true/fixed_literal=false/literal_null=false/index=dynamic,original,11,156.0,12950960.0,Linear
2,binary_expressions/elt_arguments/elt_arguments/scalar/16384/width=16/nulls=true/fixed_literal=false/literal_null=false/index=dynamic,original,12,169.0,13318337.0,Linear
2,binary_expressions/elt_arguments/elt_arguments/scalar/16384/width=16/nulls=true/fixed_literal=false/literal_null=false/index=dynamic,original,13,182.0,14257683.0,Linear
2,binary_expressions/elt_arguments/elt_arguments/scalar/16384/width=16/nulls=true/fixed_literal=false/literal_null=false/index=dynamic,original,14,195.0,14806875.0,Linear
2,binary_expressions/elt_arguments/elt_arguments/scalar/16384/width=16/nulls=true/fixed_literal=false/literal_null=false/index=dynamic,original,15,208.0,16889728.0,Linear
2,binary_expressions/elt_arguments/elt_arguments/scalar/16384/width=16/nulls=true/fixed_literal=false/literal_null=false/index=dynamic,original,16,221.0,16899032.0,Linear
2,binary_expressions/elt_arguments/elt_arguments/scalar/16384/width=16/nulls=true/fixed_literal=false/literal_null=false/index=dynamic,original,17,234.0,18016417.0,Linear
2,binary_expressions/elt_arguments/elt_arguments/scalar/16384/width=16/nulls=true/fixed_literal=false/literal_null=false/index=dynamic,original,18,247.0,18726663.0,Linear
2,binary_expressions/elt_arguments/elt_arguments/scalar/16384/width=16/nulls=true/fixed_literal=false/literal_null=false/index=dynamic,original,19,260.0,20881414.0,Linear
2,binary_expressions/elt_arguments/elt_arguments/scalar/16384/width=16/nulls=true/fixed_literal=false/literal_null=false/index=dynamic,original,20,273.0,20821915.0,Linear
2,binary_expressions/elt_arguments/elt_arguments/scalar/16384/width=16/nulls=true/fixed_literal=false/literal_null=false/index=dynamic,original,21,286.0,23237681.0,Linear
2,binary_expressions/elt_arguments/elt_arguments/scalar/16384/width=16/nulls=true/fixed_literal=false/literal_null=false/index=dynamic,original,22,299.0,22935610.0,Linear
2,binary_expressions/elt_arguments/elt_arguments/scalar/16384/width=16/nulls=true/fixed_literal=false/literal_null=false/index=dynamic,original,23,312.0,23742831.0,Linear
2,binary_expressions/elt_arguments/elt_arguments/scalar/16384/width=16/nulls=true/fixed_literal=false/literal_null=false/index=dynamic,original,24,325.0,24898595.0,Linear
2,binary_expressions/elt_arguments/elt_arguments/scalar/16384/width=16/nulls=true/fixed_literal=false/literal_null=false/index=dynamic,original,25,338.0,26717304.0,Linear
2,binary_expressions/elt_arguments/elt_arguments/scalar/16384/width=16/nulls=true/fixed_literal=false/literal_null=false/index=dynamic,original,26,351.0,27352380.0,Linear
2,binary_expressions/elt_arguments/elt_arguments/scalar/16384/width=16/nulls=true/fixed_literal=false/literal_null=false/index=dynamic,original,27,364.0,29051771.0,Linear
2,binary_expressions/elt_arguments/elt_arguments/scalar/16384/width=16/nulls=true/fixed_literal=false/literal_null=false/index=dynamic,original,28,377.0,29354270.0,Linear
2,binary_expressions/elt_arguments/elt_arguments/scalar/16384/width=16/nulls=true/fixed_literal=false/literal_null=false/index=dynamic,original,29,390.0,30977622.0,Linear
2,binary_expressions/elt_arguments/elt_arguments/scalar/16384/width=16/nulls=true/fixed_literal=false/literal_null=false/index=dynamic,original,30,403.0,31357049.0,Linear
2,binary_expressions/elt_arguments/elt_arguments/scalar/16384/width=16/nulls=true/fixed_literal=false/literal_null=false/index=dynamic,original,31,416.0,33722113.0,Linear
2,binary_expressions/elt_arguments/elt_arguments/scalar/16384/width=16/nulls=true/fixed_literal=false/literal_null=false/index=dynamic,original,32,429.0,33048472.0,Linear
2,binary_expressions/elt_arguments/elt_arguments/scalar/16384/width=16/nulls=true/fixed_literal=false/literal_null=false/index=dynamic,original,33,442.0,33880740.0,Linear
2,binary_expressions/elt_arguments/elt_arguments/scalar/16384/width=16/nulls=true/fixed_literal=false/literal_null=false/index=dynamic,original,34,455.0,36662994.0,Linear
2,binary_expressions/elt_arguments/elt_arguments/scalar/16384/width=16/nulls=true/fixed_literal=false/literal_null=false/index=dynamic,original,35,468.0,35942698.0,Linear
2,binary_expressions/elt_arguments/elt_arguments/scalar/16384/width=16/nulls=true/fixed_literal=false/literal_null=false/index=dynamic,original,36,481.0,37176353.0,Linear
2,binary_expressions/elt_arguments/elt_arguments/scalar/16384/width=16/nulls=true/fixed_literal=false/literal_null=false/index=dynamic,original,37,494.0,38431656.0,Linear
2,binary_expressions/elt_arguments/elt_arguments/scalar/16384/width=16/nulls=true/fixed_literal=false/literal_null=false/index=dynamic,original,38,507.0,39477721.0,Linear
2,binary_expressions/elt_arguments/elt_arguments/scalar/16384/width=16/nulls=true/fixed_literal=false/literal_null=false/index=dynamic,original,39,520.0,40366879.0,Linear
2,binary_expressions/elt_arguments/elt_arguments/scalar/16384/width=16/nulls=true/fixed_literal=false/literal_null=false/index=dynamic,original,40,533.0,41127415.0,Linear
2,binary_expressions/elt_arguments/elt_arguments/scalar/16384/width=16/nulls=true/fixed_literal=false/literal_null=false/index=dynamic,original,41,546.0,42008889.0,Linear
2,binary_expressions/elt_arguments/elt_arguments/scalar/16384/width=16/nulls=true/fixed_literal=false/literal_null=false/index=dynamic,original,42,559.0,43311419.0,Linear
2,binary_expressions/elt_arguments/elt_arguments/scalar/16384/width=16/nulls=true/fixed_literal=false/literal_null=false/index=dynamic,original,43,572.0,45510574.0,Linear
2,binary_expressions/elt_arguments/elt_arguments/scalar/16384/width=16/nulls=true/fixed_literal=false/literal_null=false/index=dynamic,original,44,585.0,45306527.0,Linear
2,binary_expressions/elt_arguments/elt_arguments/scalar/16384/width=16/nulls=true/fixed_literal=false/literal_null=false/index=dynamic,original,45,598.0,46122474.0,Linear
2,binary_expressions/elt_arguments/elt_arguments/scalar/16384/width=16/nulls=true/fixed_literal=false/literal_null=false/index=dynamic,original,46,611.0,48031585.0,Linear
2,binary_expressions/elt_arguments/elt_arguments/scalar/16384/width=16/nulls=true/fixed_literal=false/literal_null=false/index=dynamic,original,47,624.0,48600329.0,Linear
2,binary_expressions/elt_arguments/elt_arguments/scalar/16384/width=16/nulls=true/fixed_literal=false/literal_null=false/index=dynamic,original,48,637.0,48800648.0,Linear
2,binary_expressions/elt_arguments/elt_arguments/scalar/16384/width=16/nulls=true/fixed_literal=false/literal_null=false/index=dynamic,original,49,650.0,50810108.0,Linear
2,binary_expressions/elt_arguments/elt_arguments/scalar/16384/width=16/nulls=true/fixed_literal=false/literal_null=false/index=dynamic,original,50,663.0,51991305.0,Linear
2,binary_expressions/elt_arguments/elt_arguments/scalar/16384/width=16/nulls=true/fixed_literal=false/literal_null=false/index=dynamic,original,51,676.0,52057572.0,Linear
2,binary_expressions/elt_arguments/elt_arguments/scalar/16384/width=16/nulls=true/fixed_literal=false/literal_null=false/index=dynamic,original,52,689.0,54370894.0,Linear
2,binary_expressions/elt_arguments/elt_arguments/scalar/16384/width=16/nulls=true/fixed_literal=false/literal_null=false/index=dynamic,original,53,702.0,54313417.0,Linear
2,binary_expressions/elt_arguments/elt_arguments/scalar/16384/width=16/nulls=true/fixed_literal=false/literal_null=false/index=dynamic,original,54,715.0,55368653.0,Linear
2,binary_expressions/elt_arguments/elt_arguments/scalar/16384/width=16/nulls=true/fixed_literal=false/literal_null=false/index=dynamic,original,55,728.0,60084210.0,Linear
2,binary_expressions/elt_arguments/elt_arguments/scalar/16384/width=16/nulls=true/fixed_literal=false/literal_null=false/index=dynamic,original,56,741.0,59724924.0,Linear
2,binary_expressions/elt_arguments/elt_arguments/scalar/16384/width=16/nulls=true/fixed_literal=false/literal_null=false/index=dynamic,original,57,754.0,60444621.0,Linear
2,binary_expressions/elt_arguments/elt_arguments/scalar/16384/width=16/nulls=true/fixed_literal=false/literal_null=false/index=dynamic,original,58,767.0,60025451.0,Linear
2,binary_expressions/elt_arguments/elt_arguments/scalar/16384/width=16/nulls=true/fixed_literal=false/literal_null=false/index=dynamic,original,59,780.0,61228169.0,Linear
2,binary_expressions/elt_arguments/elt_arguments/scalar/16384/width=16/nulls=true/fixed_literal=false/literal_null=false/index=dynamic,original,60,793.0,60864250.0,Linear
2,binary_expressions/elt_arguments/elt_arguments/scalar/16384/width=16/nulls=true/fixed_literal=false/literal_null=false/index=dynamic,original,61,806.0,62245903.0,Linear
2,binary_expressions/elt_arguments/elt_arguments/scalar/16384/width=16/nulls=true/fixed_literal=false/literal_null=false/index=dynamic,original,62,819.0,63047110.0,Linear
2,binary_expressions/elt_arguments/elt_arguments/scalar/16384/width=16/nulls=true/fixed_literal=false/literal_null=false/index=dynamic,original,63,832.0,64553352.0,Linear
2,binary_expressions/elt_arguments/elt_arguments/scalar/16384/width=16/nulls=true/fixed_literal=false/literal_null=false/index=dynamic,original,64,845.0,65125615.0,Linear
2,binary_expressions/elt_arguments/elt_arguments/scalar/16384/width=16/nulls=true/fixed_literal=false/literal_null=false/index=dynamic,original,65,858.0,67068258.0,Linear
2,binary_expressions/elt_arguments/elt_arguments/scalar/16384/width=16/nulls=true/fixed_literal=false/literal_null=false/index=dynamic,original,66,871.0,66863494.0,Linear
2,binary_expressions/elt_arguments/elt_arguments/scalar/16384/width=16/nulls=true/fixed_literal=false/literal_null=false/index=dynamic,original,67,884.0,68151734.0,Linear
2,binary_expressions/elt_arguments/elt_arguments/scalar/16384/width=16/nulls=true/fixed_literal=false/literal_null=false/index=dynamic,original,68,897.0,69608113.0,Linear
2,binary_expressions/elt_arguments/elt_arguments/scalar/16384/width=16/nulls=true/fixed_literal=false/literal_null=false/index=dynamic,original,69,910.0,69276918.0,Linear
2,binary_expressions/elt_arguments/elt_arguments/scalar/16384/width=16/nulls=true/fixed_literal=false/literal_null=false/index=dynamic,original,70,923.0,72032435.0,Linear
2,binary_expressions/elt_arguments/elt_arguments/scalar/16384/width=16/nulls=true/fixed_literal=false/literal_null=false/index=dynamic,original,71,936.0,75567967.0,Linear
2,binary_expressions/elt_arguments/elt_arguments/scalar/16384/width=16/nulls=true/fixed_literal=false/literal_null=false/index=dynamic,original,72,949.0,73024016.0,Linear
2,binary_expressions/elt_arguments/elt_arguments/scalar/16384/width=16/nulls=true/fixed_literal=false/literal_null=false/index=dynamic,original,73,962.0,74316622.0,Linear
2,binary_expressions/elt_arguments/elt_arguments/scalar/16384/width=16/nulls=true/fixed_literal=false/literal_null=false/index=dynamic,original,74,975.0,76238844.0,Linear
2,binary_expressions/elt_arguments/elt_arguments/scalar/16384/width=16/nulls=true/fixed_literal=false/literal_null=false/index=dynamic,original,75,988.0,79427900.0,Linear
2,binary_expressions/elt_arguments/elt_arguments/scalar/16384/width=16/nulls=true/fixed_literal=false/literal_null=false/index=dynamic,original,76,1001.0,77734680.0,Linear
2,binary_expressions/elt_arguments/elt_arguments/scalar/16384/width=16/nulls=true/fixed_literal=false/literal_null=false/index=dynamic,original,77,1014.0,78465169.0,Linear
2,binary_expressions/elt_arguments/elt_arguments/scalar/16384/width=16/nulls=true/fixed_literal=false/literal_null=false/index=dynamic,original,78,1027.0,80726466.0,Linear
2,binary_expressions/elt_arguments/elt_arguments/scalar/16384/width=16/nulls=true/fixed_literal=false/literal_null=false/index=dynamic,original,79,1040.0,80662397.0,Linear
2,binary_expressions/elt_arguments/elt_arguments/scalar/16384/width=16/nulls=true/fixed_literal=false/literal_null=false/index=dynamic,original,80,1053.0,81421792.0,Linear
2,binary_expressions/elt_arguments/elt_arguments/scalar/16384/width=16/nulls=true/fixed_literal=false/literal_null=false/index=dynamic,original,81,1066.0,82666310.0,Linear
2,binary_expressions/elt_arguments/elt_arguments/scalar/16384/width=16/nulls=true/fixed_literal=false/literal_null=false/index=dynamic,original,82,1079.0,84313119.0,Linear
2,binary_expressions/elt_arguments/elt_arguments/scalar/16384/width=16/nulls=true/fixed_literal=false/literal_null=false/index=dynamic,original,83,1092.0,84778171.0,Linear
2,binary_expressions/elt_arguments/elt_arguments/scalar/16384/width=16/nulls=true/fixed_literal=false/literal_null=false/index=dynamic,original,84,1105.0,85548274.0,Linear
2,binary_expressions/elt_arguments/elt_arguments/scalar/16384/width=16/nulls=true/fixed_literal=false/literal_null=false/index=dynamic,original,85,1118.0,86923399.0,Linear
2,binary_expressions/elt_arguments/elt_arguments/scalar/16384/width=16/nulls=true/fixed_literal=false/literal_null=false/index=dynamic,original,86,1131.0,88348851.0,Linear
2,binary_expressions/elt_arguments/elt_arguments/scalar/16384/width=16/nulls=true/fixed_literal=false/literal_null=false/index=dynamic,original,87,1144.0,87939315.0,Linear
2,binary_expressions/elt_arguments/elt_arguments/scalar/16384/width=16/nulls=true/fixed_literal=false/literal_null=false/index=dynamic,original,88,1157.0,89437432.0,Linear
2,binary_expressions/elt_arguments/elt_arguments/scalar/16384/width=16/nulls=true/fixed_literal=false/literal_null=false/index=dynamic,original,89,1170.0,91734253.0,Linear
2,binary_expressions/elt_arguments/elt_arguments/scalar/16384/width=16/nulls=true/fixed_literal=false/literal_null=false/index=dynamic,original,90,1183.0,90838327.0,Linear
2,binary_expressions/elt_arguments/elt_arguments/scalar/16384/width=16/nulls=true/fixed_literal=false/literal_null=false/index=dynamic,original,91,1196.0,93752717.0,Linear
2,binary_expressions/elt_arguments/elt_arguments/scalar/16384/width=16/nulls=true/fixed_literal=false/literal_null=false/index=dynamic,original,92,1209.0,93070114.0,Linear
2,binary_expressions/elt_arguments/elt_arguments/scalar/16384/width=16/nulls=true/fixed_literal=false/literal_null=false/index=dynamic,original,93,1222.0,94157851.0,Linear
2,binary_expressions/elt_arguments/elt_arguments/scalar/16384/width=16/nulls=true/fixed_literal=false/literal_null=false/index=dynamic,original,94,1235.0,95608598.0,Linear
2,binary_expressions/elt_arguments/elt_arguments/scalar/16384/width=16/nulls=true/fixed_literal=false/literal_null=false/index=dynamic,original,95,1248.0,96563191.0,Linear
2,binary_expressions/elt_arguments/elt_arguments/scalar/16384/width=16/nulls=true/fixed_literal=false/literal_null=false/index=dynamic,original,96,1261.0,98982164.0,Linear
2,binary_expressions/elt_arguments/elt_arguments/scalar/16384/width=16/nulls=true/fixed_literal=false/literal_null=false/index=dynamic,original,97,1274.0,98939513.0,Linear
2,binary_expressions/elt_arguments/elt_arguments/scalar/16384/width=16/nulls=true/fixed_literal=false/literal_null=false/index=dynamic,original,98,1287.0,101729956.0,Linear
2,binary_expressions/elt_arguments/elt_arguments/scalar/16384/width=16/nulls=true/fixed_literal=false/literal_null=false/index=dynamic,original,99,1300.0,107243028.0,Linear
2,binary_expressions/elt_arguments/elt_arguments/scalar/16384/width=256/nulls=false/fixed_literal=false/literal_null=false/index=dynamic,candidate,0,6.0,1221320.0,Linear
2,binary_expressions/elt_arguments/elt_arguments/scalar/16384/width=256/nulls=false/fixed_literal=false/literal_null=false/index=dynamic,candidate,1,12.0,1894584.0,Linear
2,binary_expressions/elt_arguments/elt_arguments/scalar/16384/width=256/nulls=false/fixed_literal=false/literal_null=false/index=dynamic,candidate,2,18.0,2819212.0,Linear
2,binary_expressions/elt_arguments/elt_arguments/scalar/16384/width=256/nulls=false/fixed_literal=false/literal_null=false/index=dynamic,candidate,3,24.0,3841914.0,Linear
2,binary_expressions/elt_arguments/elt_arguments/scalar/16384/width=256/nulls=false/fixed_literal=false/literal_null=false/index=dynamic,candidate,4,30.0,5137244.0,Linear
2,binary_expressions/elt_arguments/elt_arguments/scalar/16384/width=256/nulls=false/fixed_literal=false/literal_null=false/index=dynamic,candidate,5,36.0,6338725.0,Linear
2,binary_expressions/elt_arguments/elt_arguments/scalar/16384/width=256/nulls=false/fixed_literal=false/literal_null=false/index=dynamic,candidate,6,42.0,6894242.0,Linear
2,binary_expressions/elt_arguments/elt_arguments/scalar/16384/width=256/nulls=false/fixed_literal=false/literal_null=false/index=dynamic,candidate,7,48.0,8360176.0,Linear
2,binary_expressions/elt_arguments/elt_arguments/scalar/16384/width=256/nulls=false/fixed_literal=false/literal_null=false/index=dynamic,candidate,8,54.0,8999973.0,Linear
2,binary_expressions/elt_arguments/elt_arguments/scalar/16384/width=256/nulls=false/fixed_literal=false/literal_null=false/index=dynamic,candidate,9,60.0,9981194.0,Linear
2,binary_expressions/elt_arguments/elt_arguments/scalar/16384/width=256/nulls=false/fixed_literal=false/literal_null=false/index=dynamic,candidate,10,66.0,10897304.0,Linear
2,binary_expressions/elt_arguments/elt_arguments/scalar/16384/width=256/nulls=false/fixed_literal=false/literal_null=false/index=dynamic,candidate,11,72.0,11784616.0,Linear
2,binary_expressions/elt_arguments/elt_arguments/scalar/16384/width=256/nulls=false/fixed_literal=false/literal_null=false/index=dynamic,candidate,12,78.0,12934026.0,Linear
2,binary_expressions/elt_arguments/elt_arguments/scalar/16384/width=256/nulls=false/fixed_literal=false/literal_null=false/index=dynamic,candidate,13,84.0,14265193.0,Linear
2,binary_expressions/elt_arguments/elt_arguments/scalar/16384/width=256/nulls=false/fixed_literal=false/literal_null=false/index=dynamic,candidate,14,90.0,14470423.0,Linear
2,binary_expressions/elt_arguments/elt_arguments/scalar/16384/width=256/nulls=false/fixed_literal=false/literal_null=false/index=dynamic,candidate,15,96.0,16033143.0,Linear
2,binary_expressions/elt_arguments/elt_arguments/scalar/16384/width=256/nulls=false/fixed_literal=false/literal_null=false/index=dynamic,candidate,16,102.0,16579597.0,Linear
2,binary_expressions/elt_arguments/elt_arguments/scalar/16384/width=256/nulls=false/fixed_literal=false/literal_null=false/index=dynamic,candidate,17,108.0,17946677.0,Linear
2,binary_expressions/elt_arguments/elt_arguments/scalar/16384/width=256/nulls=false/fixed_literal=false/literal_null=false/index=dynamic,candidate,18,114.0,19257421.0,Linear
2,binary_expressions/elt_arguments/elt_arguments/scalar/16384/width=256/nulls=false/fixed_literal=false/literal_null=false/index=dynamic,candidate,19,120.0,19954286.0,Linear
2,binary_expressions/elt_arguments/elt_arguments/scalar/16384/width=256/nulls=false/fixed_literal=false/literal_null=false/index=dynamic,candidate,20,126.0,21325510.0,Linear
2,binary_expressions/elt_arguments/elt_arguments/scalar/16384/width=256/nulls=false/fixed_literal=false/literal_null=false/index=dynamic,candidate,21,132.0,21824146.0,Linear
2,binary_expressions/elt_arguments/elt_arguments/scalar/16384/width=256/nulls=false/fixed_literal=false/literal_null=false/index=dynamic,candidate,22,138.0,23498755.0,Linear
2,binary_expressions/elt_arguments/elt_arguments/scalar/16384/width=256/nulls=false/fixed_literal=false/literal_null=false/index=dynamic,candidate,23,144.0,25209009.0,Linear
2,binary_expressions/elt_arguments/elt_arguments/scalar/16384/width=256/nulls=false/fixed_literal=false/literal_null=false/index=dynamic,candidate,24,150.0,24931609.0,Linear
2,binary_expressions/elt_arguments/elt_arguments/scalar/16384/width=256/nulls=false/fixed_literal=false/literal_null=false/index=dynamic,candidate,25,156.0,25480921.0,Linear
2,binary_expressions/elt_arguments/elt_arguments/scalar/16384/width=256/nulls=false/fixed_literal=false/literal_null=false/index=dynamic,candidate,26,162.0,26826829.0,Linear
2,binary_expressions/elt_arguments/elt_arguments/scalar/16384/width=256/nulls=false/fixed_literal=false/literal_null=false/index=dynamic,candidate,27,168.0,28047335.0,Linear
2,binary_expressions/elt_arguments/elt_arguments/scalar/16384/width=256/nulls=false/fixed_literal=false/literal_null=false/index=dynamic,candidate,28,174.0,28811371.0,Linear
2,binary_expressions/elt_arguments/elt_arguments/scalar/16384/width=256/nulls=false/fixed_literal=false/literal_null=false/index=dynamic,candidate,29,180.0,30009986.0,Linear
2,binary_expressions/elt_arguments/elt_arguments/scalar/16384/width=256/nulls=false/fixed_literal=false/literal_null=false/index=dynamic,candidate,30,186.0,31633935.0,Linear
2,binary_expressions/elt_arguments/elt_arguments/scalar/16384/width=256/nulls=false/fixed_literal=false/literal_null=false/index=dynamic,candidate,31,192.0,32099839.0,Linear
2,binary_expressions/elt_arguments/elt_arguments/scalar/16384/width=256/nulls=false/fixed_literal=false/literal_null=false/index=dynamic,candidate,32,198.0,32766455.0,Linear
2,binary_expressions/elt_arguments/elt_arguments/scalar/16384/width=256/nulls=false/fixed_literal=false/literal_null=false/index=dynamic,candidate,33,204.0,33717332.0,Linear
2,binary_expressions/elt_arguments/elt_arguments/scalar/16384/width=256/nulls=false/fixed_literal=false/literal_null=false/index=dynamic,candidate,34,210.0,35663902.0,Linear
2,binary_expressions/elt_arguments/elt_arguments/scalar/16384/width=256/nulls=false/fixed_literal=false/literal_null=false/index=dynamic,candidate,35,216.0,35771808.0,Linear
2,binary_expressions/elt_arguments/elt_arguments/scalar/16384/width=256/nulls=false/fixed_literal=false/literal_null=false/index=dynamic,candidate,36,222.0,37456811.0,Linear
2,binary_expressions/elt_arguments/elt_arguments/scalar/16384/width=256/nulls=false/fixed_literal=false/literal_null=false/index=dynamic,candidate,37,228.0,38965048.0,Linear
2,binary_expressions/elt_arguments/elt_arguments/scalar/16384/width=256/nulls=false/fixed_literal=false/literal_null=false/index=dynamic,candidate,38,234.0,39461925.0,Linear
2,binary_expressions/elt_arguments/elt_arguments/scalar/16384/width=256/nulls=false/fixed_literal=false/literal_null=false/index=dynamic,candidate,39,240.0,40360014.0,Linear
2,binary_expressions/elt_arguments/elt_arguments/scalar/16384/width=256/nulls=false/fixed_literal=false/literal_null=false/index=dynamic,candidate,40,246.0,40624313.0,Linear
2,binary_expressions/elt_arguments/elt_arguments/scalar/16384/width=256/nulls=false/fixed_literal=false/literal_null=false/index=dynamic,candidate,41,252.0,41682914.0,Linear
2,binary_expressions/elt_arguments/elt_arguments/scalar/16384/width=256/nulls=false/fixed_literal=false/literal_null=false/index=dynamic,candidate,42,258.0,42692814.0,Linear
2,binary_expressions/elt_arguments/elt_arguments/scalar/16384/width=256/nulls=false/fixed_literal=false/literal_null=false/index=dynamic,candidate,43,264.0,44421761.0,Linear
2,binary_expressions/elt_arguments/elt_arguments/scalar/16384/width=256/nulls=false/fixed_literal=false/literal_null=false/index=dynamic,candidate,44,270.0,45217653.0,Linear
2,binary_expressions/elt_arguments/elt_arguments/scalar/16384/width=256/nulls=false/fixed_literal=false/literal_null=false/index=dynamic,candidate,45,276.0,45777098.0,Linear
2,binary_expressions/elt_arguments/elt_arguments/scalar/16384/width=256/nulls=false/fixed_literal=false/literal_null=false/index=dynamic,candidate,46,282.0,46941319.0,Linear
2,binary_expressions/elt_arguments/elt_arguments/scalar/16384/width=256/nulls=false/fixed_literal=false/literal_null=false/index=dynamic,candidate,47,288.0,48756283.0,Linear
2,binary_expressions/elt_arguments/elt_arguments/scalar/16384/width=256/nulls=false/fixed_literal=false/literal_null=false/index=dynamic,candidate,48,294.0,48154128.0,Linear
2,binary_expressions/elt_arguments/elt_arguments/scalar/16384/width=256/nulls=false/fixed_literal=false/literal_null=false/index=dynamic,candidate,49,300.0,49556376.0,Linear
2,binary_expressions/elt_arguments/elt_arguments/scalar/16384/width=256/nulls=false/fixed_literal=false/literal_null=false/index=dynamic,candidate,50,306.0,52254828.0,Linear
2,binary_expressions/elt_arguments/elt_arguments/scalar/16384/width=256/nulls=false/fixed_literal=false/literal_null=false/index=dynamic,candidate,51,312.0,54770026.0,Linear
2,binary_expressions/elt_arguments/elt_arguments/scalar/16384/width=256/nulls=false/fixed_literal=false/literal_null=false/index=dynamic,candidate,52,318.0,52765974.0,Linear
2,binary_expressions/elt_arguments/elt_arguments/scalar/16384/width=256/nulls=false/fixed_literal=false/literal_null=false/index=dynamic,candidate,53,324.0,53886265.0,Linear
2,binary_expressions/elt_arguments/elt_arguments/scalar/16384/width=256/nulls=false/fixed_literal=false/literal_null=false/index=dynamic,candidate,54,330.0,54050737.0,Linear
2,binary_expressions/elt_arguments/elt_arguments/scalar/16384/width=256/nulls=false/fixed_literal=false/literal_null=false/index=dynamic,candidate,55,336.0,56065569.0,Linear
2,binary_expressions/elt_arguments/elt_arguments/scalar/16384/width=256/nulls=false/fixed_literal=false/literal_null=false/index=dynamic,candidate,56,342.0,56452576.0,Linear
2,binary_expressions/elt_arguments/elt_arguments/scalar/16384/width=256/nulls=false/fixed_literal=false/literal_null=false/index=dynamic,candidate,57,348.0,58379945.0,Linear
2,binary_expressions/elt_arguments/elt_arguments/scalar/16384/width=256/nulls=false/fixed_literal=false/literal_null=false/index=dynamic,candidate,58,354.0,58614772.0,Linear
2,binary_expressions/elt_arguments/elt_arguments/scalar/16384/width=256/nulls=false/fixed_literal=false/literal_null=false/index=dynamic,candidate,59,360.0,60072148.0,Linear
2,binary_expressions/elt_arguments/elt_arguments/scalar/16384/width=256/nulls=false/fixed_literal=false/literal_null=false/index=dynamic,candidate,60,366.0,61346706.0,Linear
2,binary_expressions/elt_arguments/elt_arguments/scalar/16384/width=256/nulls=false/fixed_literal=false/literal_null=false/index=dynamic,candidate,61,372.0,62153930.0,Linear
2,binary_expressions/elt_arguments/elt_arguments/scalar/16384/width=256/nulls=false/fixed_literal=false/literal_null=false/index=dynamic,candidate,62,378.0,63826852.0,Linear
2,binary_expressions/elt_arguments/elt_arguments/scalar/16384/width=256/nulls=false/fixed_literal=false/literal_null=false/index=dynamic,candidate,63,384.0,63514109.0,Linear
2,binary_expressions/elt_arguments/elt_arguments/scalar/16384/width=256/nulls=false/fixed_literal=false/literal_null=false/index=dynamic,candidate,64,390.0,65837156.0,Linear
2,binary_expressions/elt_arguments/elt_arguments/scalar/16384/width=256/nulls=false/fixed_literal=false/literal_null=false/index=dynamic,candidate,65,396.0,65727789.0,Linear
2,binary_expressions/elt_arguments/elt_arguments/scalar/16384/width=256/nulls=false/fixed_literal=false/literal_null=false/index=dynamic,candidate,66,402.0,66436240.0,Linear
2,binary_expressions/elt_arguments/elt_arguments/scalar/16384/width=256/nulls=false/fixed_literal=false/literal_null=false/index=dynamic,candidate,67,408.0,67538101.0,Linear
2,binary_expressions/elt_arguments/elt_arguments/scalar/16384/width=256/nulls=false/fixed_literal=false/literal_null=false/index=dynamic,candidate,68,414.0,68809495.0,Linear
2,binary_expressions/elt_arguments/elt_arguments/scalar/16384/width=256/nulls=false/fixed_literal=false/literal_null=false/index=dynamic,candidate,69,420.0,69506905.0,Linear
2,binary_expressions/elt_arguments/elt_arguments/scalar/16384/width=256/nulls=false/fixed_literal=false/literal_null=false/index=dynamic,candidate,70,426.0,70638866.0,Linear
2,binary_expressions/elt_arguments/elt_arguments/scalar/16384/width=256/nulls=false/fixed_literal=false/literal_null=false/index=dynamic,candidate,71,432.0,74349933.0,Linear
2,binary_expressions/elt_arguments/elt_arguments/scalar/16384/width=256/nulls=false/fixed_literal=false/literal_null=false/index=dynamic,candidate,72,438.0,73604547.0,Linear
2,binary_expressions/elt_arguments/elt_arguments/scalar/16384/width=256/nulls=false/fixed_literal=false/literal_null=false/index=dynamic,candidate,73,444.0,74234821.0,Linear
2,binary_expressions/elt_arguments/elt_arguments/scalar/16384/width=256/nulls=false/fixed_literal=false/literal_null=false/index=dynamic,candidate,74,450.0,76837429.0,Linear
2,binary_expressions/elt_arguments/elt_arguments/scalar/16384/width=256/nulls=false/fixed_literal=false/literal_null=false/index=dynamic,candidate,75,456.0,76717489.0,Linear
2,binary_expressions/elt_arguments/elt_arguments/scalar/16384/width=256/nulls=false/fixed_literal=false/literal_null=false/index=dynamic,candidate,76,462.0,78612115.0,Linear
2,binary_expressions/elt_arguments/elt_arguments/scalar/16384/width=256/nulls=false/fixed_literal=false/literal_null=false/index=dynamic,candidate,77,468.0,77613361.0,Linear
2,binary_expressions/elt_arguments/elt_arguments/scalar/16384/width=256/nulls=false/fixed_literal=false/literal_null=false/index=dynamic,candidate,78,474.0,79618862.0,Linear
2,binary_expressions/elt_arguments/elt_arguments/scalar/16384/width=256/nulls=false/fixed_literal=false/literal_null=false/index=dynamic,candidate,79,480.0,82393390.0,Linear
2,binary_expressions/elt_arguments/elt_arguments/scalar/16384/width=256/nulls=false/fixed_literal=false/literal_null=false/index=dynamic,candidate,80,486.0,83039809.0,Linear
2,binary_expressions/elt_arguments/elt_arguments/scalar/16384/width=256/nulls=false/fixed_literal=false/literal_null=false/index=dynamic,candidate,81,492.0,81239265.0,Linear
2,binary_expressions/elt_arguments/elt_arguments/scalar/16384/width=256/nulls=false/fixed_literal=false/literal_null=false/index=dynamic,candidate,82,498.0,84051899.0,Linear
2,binary_expressions/elt_arguments/elt_arguments/scalar/16384/width=256/nulls=false/fixed_literal=false/literal_null=false/index=dynamic,candidate,83,504.0,83567223.0,Linear
2,binary_expressions/elt_arguments/elt_arguments/scalar/16384/width=256/nulls=false/fixed_literal=false/literal_null=false/index=dynamic,candidate,84,510.0,84848688.0,Linear
2,binary_expressions/elt_arguments/elt_arguments/scalar/16384/width=256/nulls=false/fixed_literal=false/literal_null=false/index=dynamic,candidate,85,516.0,87830062.0,Linear
2,binary_expressions/elt_arguments/elt_arguments/scalar/16384/width=256/nulls=false/fixed_literal=false/literal_null=false/index=dynamic,candidate,86,522.0,87921063.0,Linear
2,binary_expressions/elt_arguments/elt_arguments/scalar/16384/width=256/nulls=false/fixed_literal=false/literal_null=false/index=dynamic,candidate,87,528.0,89919462.0,Linear
2,binary_expressions/elt_arguments/elt_arguments/scalar/16384/width=256/nulls=false/fixed_literal=false/literal_null=false/index=dynamic,candidate,88,534.0,93529837.0,Linear
2,binary_expressions/elt_arguments/elt_arguments/scalar/16384/width=256/nulls=false/fixed_literal=false/literal_null=false/index=dynamic,candidate,89,540.0,91632283.0,Linear
2,binary_expressions/elt_arguments/elt_arguments/scalar/16384/width=256/nulls=false/fixed_literal=false/literal_null=false/index=dynamic,candidate,90,546.0,91418080.0,Linear
2,binary_expressions/elt_arguments/elt_arguments/scalar/16384/width=256/nulls=false/fixed_literal=false/literal_null=false/index=dynamic,candidate,91,552.0,89493206.0,Linear
2,binary_expressions/elt_arguments/elt_arguments/scalar/16384/width=256/nulls=false/fixed_literal=false/literal_null=false/index=dynamic,candidate,92,558.0,87668591.0,Linear
2,binary_expressions/elt_arguments/elt_arguments/scalar/16384/width=256/nulls=false/fixed_literal=false/literal_null=false/index=dynamic,candidate,93,564.0,94560021.0,Linear
2,binary_expressions/elt_arguments/elt_arguments/scalar/16384/width=256/nulls=false/fixed_literal=false/literal_null=false/index=dynamic,candidate,94,570.0,94506335.0,Linear
2,binary_expressions/elt_arguments/elt_arguments/scalar/16384/width=256/nulls=false/fixed_literal=false/literal_null=false/index=dynamic,candidate,95,576.0,90799082.0,Linear
2,binary_expressions/elt_arguments/elt_arguments/scalar/16384/width=256/nulls=false/fixed_literal=false/literal_null=false/index=dynamic,candidate,96,582.0,92389884.0,Linear
2,binary_expressions/elt_arguments/elt_arguments/scalar/16384/width=256/nulls=false/fixed_literal=false/literal_null=false/index=dynamic,candidate,97,588.0,92731900.0,Linear
2,binary_expressions/elt_arguments/elt_arguments/scalar/16384/width=256/nulls=false/fixed_literal=false/literal_null=false/index=dynamic,candidate,98,594.0,92825926.0,Linear
2,binary_expressions/elt_arguments/elt_arguments/scalar/16384/width=256/nulls=false/fixed_literal=false/literal_null=false/index=dynamic,candidate,99,600.0,98336182.0,Linear
2,binary_expressions/elt_arguments/elt_arguments/scalar/16384/width=256/nulls=false/fixed_literal=false/literal_null=false/index=dynamic,original,0,7.0,1071735.0,Linear
2,binary_expressions/elt_arguments/elt_arguments/scalar/16384/width=256/nulls=false/fixed_literal=false/literal_null=false/index=dynamic,original,1,14.0,2192870.0,Linear
2,binary_expressions/elt_arguments/elt_arguments/scalar/16384/width=256/nulls=false/fixed_literal=false/literal_null=false/index=dynamic,original,2,21.0,3235892.0,Linear
2,binary_expressions/elt_arguments/elt_arguments/scalar/16384/width=256/nulls=false/fixed_literal=false/literal_null=false/index=dynamic,original,3,28.0,4302040.0,Linear
2,binary_expressions/elt_arguments/elt_arguments/scalar/16384/width=256/nulls=false/fixed_literal=false/literal_null=false/index=dynamic,original,4,35.0,5746983.0,Linear
2,binary_expressions/elt_arguments/elt_arguments/scalar/16384/width=256/nulls=false/fixed_literal=false/literal_null=false/index=dynamic,original,5,42.0,6521994.0,Linear
2,binary_expressions/elt_arguments/elt_arguments/scalar/16384/width=256/nulls=false/fixed_literal=false/literal_null=false/index=dynamic,original,6,49.0,7598498.0,Linear
2,binary_expressions/elt_arguments/elt_arguments/scalar/16384/width=256/nulls=false/fixed_literal=false/literal_null=false/index=dynamic,original,7,56.0,8748101.0,Linear
2,binary_expressions/elt_arguments/elt_arguments/scalar/16384/width=256/nulls=false/fixed_literal=false/literal_null=false/index=dynamic,original,8,63.0,10238885.0,Linear
2,binary_expressions/elt_arguments/elt_arguments/scalar/16384/width=256/nulls=false/fixed_literal=false/literal_null=false/index=dynamic,original,9,70.0,11394004.0,Linear
2,binary_expressions/elt_arguments/elt_arguments/scalar/16384/width=256/nulls=false/fixed_literal=false/literal_null=false/index=dynamic,original,10,77.0,12064567.0,Linear
2,binary_expressions/elt_arguments/elt_arguments/scalar/16384/width=256/nulls=false/fixed_literal=false/literal_null=false/index=dynamic,original,11,84.0,13150730.0,Linear
2,binary_expressions/elt_arguments/elt_arguments/scalar/16384/width=256/nulls=false/fixed_literal=false/literal_null=false/index=dynamic,original,12,91.0,14470126.0,Linear
2,binary_expressions/elt_arguments/elt_arguments/scalar/16384/width=256/nulls=false/fixed_literal=false/literal_null=false/index=dynamic,original,13,98.0,16021890.0,Linear
2,binary_expressions/elt_arguments/elt_arguments/scalar/16384/width=256/nulls=false/fixed_literal=false/literal_null=false/index=dynamic,original,14,105.0,16126863.0,Linear
2,binary_expressions/elt_arguments/elt_arguments/scalar/16384/width=256/nulls=false/fixed_literal=false/literal_null=false/index=dynamic,original,15,112.0,19234885.0,Linear
2,binary_expressions/elt_arguments/elt_arguments/scalar/16384/width=256/nulls=false/fixed_literal=false/literal_null=false/index=dynamic,original,16,119.0,19855413.0,Linear
2,binary_expressions/elt_arguments/elt_arguments/scalar/16384/width=256/nulls=false/fixed_literal=false/literal_null=false/index=dynamic,original,17,126.0,19987641.0,Linear
2,binary_expressions/elt_arguments/elt_arguments/scalar/16384/width=256/nulls=false/fixed_literal=false/literal_null=false/index=dynamic,original,18,133.0,20853992.0,Linear
2,binary_expressions/elt_arguments/elt_arguments/scalar/16384/width=256/nulls=false/fixed_literal=false/literal_null=false/index=dynamic,original,19,140.0,21674763.0,Linear
2,binary_expressions/elt_arguments/elt_arguments/scalar/16384/width=256/nulls=false/fixed_literal=false/literal_null=false/index=dynamic,original,20,147.0,23948448.0,Linear
2,binary_expressions/elt_arguments/elt_arguments/scalar/16384/width=256/nulls=false/fixed_literal=false/literal_null=false/index=dynamic,original,21,154.0,24526913.0,Linear
2,binary_expressions/elt_arguments/elt_arguments/scalar/16384/width=256/nulls=false/fixed_literal=false/literal_null=false/index=dynamic,original,22,161.0,25494987.0,Linear
2,binary_expressions/elt_arguments/elt_arguments/scalar/16384/width=256/nulls=false/fixed_literal=false/literal_null=false/index=dynamic,original,23,168.0,27138287.0,Linear
2,binary_expressions/elt_arguments/elt_arguments/scalar/16384/width=256/nulls=false/fixed_literal=false/literal_null=false/index=dynamic,original,24,175.0,29513453.0,Linear
2,binary_expressions/elt_arguments/elt_arguments/scalar/16384/width=256/nulls=false/fixed_literal=false/literal_null=false/index=dynamic,original,25,182.0,30105113.0,Linear
2,binary_expressions/elt_arguments/elt_arguments/scalar/16384/width=256/nulls=false/fixed_literal=false/literal_null=false/index=dynamic,original,26,189.0,29455674.0,Linear
2,binary_expressions/elt_arguments/elt_arguments/scalar/16384/width=256/nulls=false/fixed_literal=false/literal_null=false/index=dynamic,original,27,196.0,32195941.0,Linear
2,binary_expressions/elt_arguments/elt_arguments/scalar/16384/width=256/nulls=false/fixed_literal=false/literal_null=false/index=dynamic,original,28,203.0,32343614.0,Linear
2,binary_expressions/elt_arguments/elt_arguments/scalar/16384/width=256/nulls=false/fixed_literal=false/literal_null=false/index=dynamic,original,29,210.0,33263060.0,Linear
2,binary_expressions/elt_arguments/elt_arguments/scalar/16384/width=256/nulls=false/fixed_literal=false/literal_null=false/index=dynamic,original,30,217.0,35120554.0,Linear
2,binary_expressions/elt_arguments/elt_arguments/scalar/16384/width=256/nulls=false/fixed_literal=false/literal_null=false/index=dynamic,original,31,224.0,39041112.0,Linear
2,binary_expressions/elt_arguments/elt_arguments/scalar/16384/width=256/nulls=false/fixed_literal=false/literal_null=false/index=dynamic,original,32,231.0,37873790.0,Linear
2,binary_expressions/elt_arguments/elt_arguments/scalar/16384/width=256/nulls=false/fixed_literal=false/literal_null=false/index=dynamic,original,33,238.0,38743226.0,Linear
2,binary_expressions/elt_arguments/elt_arguments/scalar/16384/width=256/nulls=false/fixed_literal=false/literal_null=false/index=dynamic,original,34,245.0,39262331.0,Linear
2,binary_expressions/elt_arguments/elt_arguments/scalar/16384/width=256/nulls=false/fixed_literal=false/literal_null=false/index=dynamic,original,35,252.0,39673526.0,Linear
2,binary_expressions/elt_arguments/elt_arguments/scalar/16384/width=256/nulls=false/fixed_literal=false/literal_null=false/index=dynamic,original,36,259.0,41582861.0,Linear
2,binary_expressions/elt_arguments/elt_arguments/scalar/16384/width=256/nulls=false/fixed_literal=false/literal_null=false/index=dynamic,original,37,266.0,41893658.0,Linear
2,binary_expressions/elt_arguments/elt_arguments/scalar/16384/width=256/nulls=false/fixed_literal=false/literal_null=false/index=dynamic,original,38,273.0,43683291.0,Linear
2,binary_expressions/elt_arguments/elt_arguments/scalar/16384/width=256/nulls=false/fixed_literal=false/literal_null=false/index=dynamic,original,39,280.0,45009548.0,Linear
2,binary_expressions/elt_arguments/elt_arguments/scalar/16384/width=256/nulls=false/fixed_literal=false/literal_null=false/index=dynamic,original,40,287.0,48289345.0,Linear
2,binary_expressions/elt_arguments/elt_arguments/scalar/16384/width=256/nulls=false/fixed_literal=false/literal_null=false/index=dynamic,original,41,294.0,46765342.0,Linear
2,binary_expressions/elt_arguments/elt_arguments/scalar/16384/width=256/nulls=false/fixed_literal=false/literal_null=false/index=dynamic,original,42,301.0,50310273.0,Linear
2,binary_expressions/elt_arguments/elt_arguments/scalar/16384/width=256/nulls=false/fixed_literal=false/literal_null=false/index=dynamic,original,43,308.0,48087265.0,Linear
2,binary_expressions/elt_arguments/elt_arguments/scalar/16384/width=256/nulls=false/fixed_literal=false/literal_null=false/index=dynamic,original,44,315.0,48477226.0,Linear
2,binary_expressions/elt_arguments/elt_arguments/scalar/16384/width=256/nulls=false/fixed_literal=false/literal_null=false/index=dynamic,original,45,322.0,52231135.0,Linear
2,binary_expressions/elt_arguments/elt_arguments/scalar/16384/width=256/nulls=false/fixed_literal=false/literal_null=false/index=dynamic,original,46,329.0,52320421.0,Linear
2,binary_expressions/elt_arguments/elt_arguments/scalar/16384/width=256/nulls=false/fixed_literal=false/literal_null=false/index=dynamic,original,47,336.0,51901095.0,Linear
2,binary_expressions/elt_arguments/elt_arguments/scalar/16384/width=256/nulls=false/fixed_literal=false/literal_null=false/index=dynamic,original,48,343.0,54822696.0,Linear
2,binary_expressions/elt_arguments/elt_arguments/scalar/16384/width=256/nulls=false/fixed_literal=false/literal_null=false/index=dynamic,original,49,350.0,56949654.0,Linear
2,binary_expressions/elt_arguments/elt_arguments/scalar/16384/width=256/nulls=false/fixed_literal=false/literal_null=false/index=dynamic,original,50,357.0,56842349.0,Linear
2,binary_expressions/elt_arguments/elt_arguments/scalar/16384/width=256/nulls=false/fixed_literal=false/literal_null=false/index=dynamic,original,51,364.0,56442200.0,Linear
2,binary_expressions/elt_arguments/elt_arguments/scalar/16384/width=256/nulls=false/fixed_literal=false/literal_null=false/index=dynamic,original,52,371.0,61444180.0,Linear
2,binary_expressions/elt_arguments/elt_arguments/scalar/16384/width=256/nulls=false/fixed_literal=false/literal_null=false/index=dynamic,original,53,378.0,60211230.0,Linear
2,binary_expressions/elt_arguments/elt_arguments/scalar/16384/width=256/nulls=false/fixed_literal=false/literal_null=false/index=dynamic,original,54,385.0,60859132.0,Linear
2,binary_expressions/elt_arguments/elt_arguments/scalar/16384/width=256/nulls=false/fixed_literal=false/literal_null=false/index=dynamic,original,55,392.0,62081036.0,Linear
2,binary_expressions/elt_arguments/elt_arguments/scalar/16384/width=256/nulls=false/fixed_literal=false/literal_null=false/index=dynamic,original,56,399.0,63645514.0,Linear
2,binary_expressions/elt_arguments/elt_arguments/scalar/16384/width=256/nulls=false/fixed_literal=false/literal_null=false/index=dynamic,original,57,406.0,62832769.0,Linear
2,binary_expressions/elt_arguments/elt_arguments/scalar/16384/width=256/nulls=false/fixed_literal=false/literal_null=false/index=dynamic,original,58,413.0,67580729.0,Linear
2,binary_expressions/elt_arguments/elt_arguments/scalar/16384/width=256/nulls=false/fixed_literal=false/literal_null=false/index=dynamic,original,59,420.0,66839803.0,Linear
2,binary_expressions/elt_arguments/elt_arguments/scalar/16384/width=256/nulls=false/fixed_literal=false/literal_null=false/index=dynamic,original,60,427.0,67676343.0,Linear
2,binary_expressions/elt_arguments/elt_arguments/scalar/16384/width=256/nulls=false/fixed_literal=false/literal_null=false/index=dynamic,original,61,434.0,68679142.0,Linear
2,binary_expressions/elt_arguments/elt_arguments/scalar/16384/width=256/nulls=false/fixed_literal=false/literal_null=false/index=dynamic,original,62,441.0,69533286.0,Linear
2,binary_expressions/elt_arguments/elt_arguments/scalar/16384/width=256/nulls=false/fixed_literal=false/literal_null=false/index=dynamic,original,63,448.0,69898567.0,Linear
2,binary_expressions/elt_arguments/elt_arguments/scalar/16384/width=256/nulls=false/fixed_literal=false/literal_null=false/index=dynamic,original,64,455.0,71767416.0,Linear
2,binary_expressions/elt_arguments/elt_arguments/scalar/16384/width=256/nulls=false/fixed_literal=false/literal_null=false/index=dynamic,original,65,462.0,72827326.0,Linear
2,binary_expressions/elt_arguments/elt_arguments/scalar/16384/width=256/nulls=false/fixed_literal=false/literal_null=false/index=dynamic,original,66,469.0,72370611.0,Linear
2,binary_expressions/elt_arguments/elt_arguments/scalar/16384/width=256/nulls=false/fixed_literal=false/literal_null=false/index=dynamic,original,67,476.0,77292958.0,Linear
2,binary_expressions/elt_arguments/elt_arguments/scalar/16384/width=256/nulls=false/fixed_literal=false/literal_null=false/index=dynamic,original,68,483.0,78598648.0,Linear
2,binary_expressions/elt_arguments/elt_arguments/scalar/16384/width=256/nulls=false/fixed_literal=false/literal_null=false/index=dynamic,original,69,490.0,78009561.0,Linear
2,binary_expressions/elt_arguments/elt_arguments/scalar/16384/width=256/nulls=false/fixed_literal=false/literal_null=false/index=dynamic,original,70,497.0,80768997.0,Linear
2,binary_expressions/elt_arguments/elt_arguments/scalar/16384/width=256/nulls=false/fixed_literal=false/literal_null=false/index=dynamic,original,71,504.0,82215160.0,Linear
2,binary_expressions/elt_arguments/elt_arguments/scalar/16384/width=256/nulls=false/fixed_literal=false/literal_null=false/index=dynamic,original,72,511.0,82076328.0,Linear
2,binary_expressions/elt_arguments/elt_arguments/scalar/16384/width=256/nulls=false/fixed_literal=false/literal_null=false/index=dynamic,original,73,518.0,81694863.0,Linear
2,binary_expressions/elt_arguments/elt_arguments/scalar/16384/width=256/nulls=false/fixed_literal=false/literal_null=false/index=dynamic,original,74,525.0,83704819.0,Linear
2,binary_expressions/elt_arguments/elt_arguments/scalar/16384/width=256/nulls=false/fixed_literal=false/literal_null=false/index=dynamic,original,75,532.0,84256475.0,Linear
2,binary_expressions/elt_arguments/elt_arguments/scalar/16384/width=256/nulls=false/fixed_literal=false/literal_null=false/index=dynamic,original,76,539.0,83664888.0,Linear
2,binary_expressions/elt_arguments/elt_arguments/scalar/16384/width=256/nulls=false/fixed_literal=false/literal_null=false/index=dynamic,original,77,546.0,89745017.0,Linear
2,binary_expressions/elt_arguments/elt_arguments/scalar/16384/width=256/nulls=false/fixed_literal=false/literal_null=false/index=dynamic,original,78,553.0,90059854.0,Linear
2,binary_expressions/elt_arguments/elt_arguments/scalar/16384/width=256/nulls=false/fixed_literal=false/literal_null=false/index=dynamic,original,79,560.0,93248853.0,Linear
2,binary_expressions/elt_arguments/elt_arguments/scalar/16384/width=256/nulls=false/fixed_literal=false/literal_null=false/index=dynamic,original,80,567.0,88591711.0,Linear
2,binary_expressions/elt_arguments/elt_arguments/scalar/16384/width=256/nulls=false/fixed_literal=false/literal_null=false/index=dynamic,original,81,574.0,91185604.0,Linear
2,binary_expressions/elt_arguments/elt_arguments/scalar/16384/width=256/nulls=false/fixed_literal=false/literal_null=false/index=dynamic,original,82,581.0,95247535.0,Linear
2,binary_expressions/elt_arguments/elt_arguments/scalar/16384/width=256/nulls=false/fixed_literal=false/literal_null=false/index=dynamic,original,83,588.0,95369242.0,Linear
2,binary_expressions/elt_arguments/elt_arguments/scalar/16384/width=256/nulls=false/fixed_literal=false/literal_null=false/index=dynamic,original,84,595.0,98192005.0,Linear
2,binary_expressions/elt_arguments/elt_arguments/scalar/16384/width=256/nulls=false/fixed_literal=false/literal_null=false/index=dynamic,original,85,602.0,95549894.0,Linear
2,binary_expressions/elt_arguments/elt_arguments/scalar/16384/width=256/nulls=false/fixed_literal=false/literal_null=false/index=dynamic,original,86,609.0,97528038.0,Linear
2,binary_expressions/elt_arguments/elt_arguments/scalar/16384/width=256/nulls=false/fixed_literal=false/literal_null=false/index=dynamic,original,87,616.0,97040724.0,Linear
2,binary_expressions/elt_arguments/elt_arguments/scalar/16384/width=256/nulls=false/fixed_literal=false/literal_null=false/index=dynamic,original,88,623.0,99876017.0,Linear
2,binary_expressions/elt_arguments/elt_arguments/scalar/16384/width=256/nulls=false/fixed_literal=false/literal_null=false/index=dynamic,original,89,630.0,100120746.0,Linear
2,binary_expressions/elt_arguments/elt_arguments/scalar/16384/width=256/nulls=false/fixed_literal=false/literal_null=false/index=dynamic,original,90,637.0,101220105.0,Linear
2,binary_expressions/elt_arguments/elt_arguments/scalar/16384/width=256/nulls=false/fixed_literal=false/literal_null=false/index=dynamic,original,91,644.0,102023463.0,Linear
2,binary_expressions/elt_arguments/elt_arguments/scalar/16384/width=256/nulls=false/fixed_literal=false/literal_null=false/index=dynamic,original,92,651.0,104695451.0,Linear
2,binary_expressions/elt_arguments/elt_arguments/scalar/16384/width=256/nulls=false/fixed_literal=false/literal_null=false/index=dynamic,original,93,658.0,107742565.0,Linear
2,binary_expressions/elt_arguments/elt_arguments/scalar/16384/width=256/nulls=false/fixed_literal=false/literal_null=false/index=dynamic,original,94,665.0,106744667.0,Linear
2,binary_expressions/elt_arguments/elt_arguments/scalar/16384/width=256/nulls=false/fixed_literal=false/literal_null=false/index=dynamic,original,95,672.0,108080079.0,Linear
2,binary_expressions/elt_arguments/elt_arguments/scalar/16384/width=256/nulls=false/fixed_literal=false/literal_null=false/index=dynamic,original,96,679.0,106788082.0,Linear
2,binary_expressions/elt_arguments/elt_arguments/scalar/16384/width=256/nulls=false/fixed_literal=false/literal_null=false/index=dynamic,original,97,686.0,108289518.0,Linear
2,binary_expressions/elt_arguments/elt_arguments/scalar/16384/width=256/nulls=false/fixed_literal=false/literal_null=false/index=dynamic,original,98,693.0,111074973.0,Linear
2,binary_expressions/elt_arguments/elt_arguments/scalar/16384/width=256/nulls=false/fixed_literal=false/literal_null=false/index=dynamic,original,99,700.0,113966129.0,Linear
2,binary_expressions/elt_arguments/elt_arguments/scalar/16384/width=256/nulls=true/fixed_literal=false/literal_null=false/index=dynamic,candidate,0,7.0,1079875.0,Linear
2,binary_expressions/elt_arguments/elt_arguments/scalar/16384/width=256/nulls=true/fixed_literal=false/literal_null=false/index=dynamic,candidate,1,14.0,2169238.0,Linear
2,binary_expressions/elt_arguments/elt_arguments/scalar/16384/width=256/nulls=true/fixed_literal=false/literal_null=false/index=dynamic,candidate,2,21.0,3318081.0,Linear
2,binary_expressions/elt_arguments/elt_arguments/scalar/16384/width=256/nulls=true/fixed_literal=false/literal_null=false/index=dynamic,candidate,3,28.0,4334637.0,Linear
2,binary_expressions/elt_arguments/elt_arguments/scalar/16384/width=256/nulls=true/fixed_literal=false/literal_null=false/index=dynamic,candidate,4,35.0,5440446.0,Linear
2,binary_expressions/elt_arguments/elt_arguments/scalar/16384/width=256/nulls=true/fixed_literal=false/literal_null=false/index=dynamic,candidate,5,42.0,6500464.0,Linear
2,binary_expressions/elt_arguments/elt_arguments/scalar/16384/width=256/nulls=true/fixed_literal=false/literal_null=false/index=dynamic,candidate,6,49.0,7663766.0,Linear
2,binary_expressions/elt_arguments/elt_arguments/scalar/16384/width=256/nulls=true/fixed_literal=false/literal_null=false/index=dynamic,candidate,7,56.0,8925951.0,Linear
2,binary_expressions/elt_arguments/elt_arguments/scalar/16384/width=256/nulls=true/fixed_literal=false/literal_null=false/index=dynamic,candidate,8,63.0,9743198.0,Linear
2,binary_expressions/elt_arguments/elt_arguments/scalar/16384/width=256/nulls=true/fixed_literal=false/literal_null=false/index=dynamic,candidate,9,70.0,10790303.0,Linear
2,binary_expressions/elt_arguments/elt_arguments/scalar/16384/width=256/nulls=true/fixed_literal=false/literal_null=false/index=dynamic,candidate,10,77.0,12946120.0,Linear
2,binary_expressions/elt_arguments/elt_arguments/scalar/16384/width=256/nulls=true/fixed_literal=false/literal_null=false/index=dynamic,candidate,11,84.0,13714196.0,Linear
2,binary_expressions/elt_arguments/elt_arguments/scalar/16384/width=256/nulls=true/fixed_literal=false/literal_null=false/index=dynamic,candidate,12,91.0,14425952.0,Linear
2,binary_expressions/elt_arguments/elt_arguments/scalar/16384/width=256/nulls=true/fixed_literal=false/literal_null=false/index=dynamic,candidate,13,98.0,15263628.0,Linear
2,binary_expressions/elt_arguments/elt_arguments/scalar/16384/width=256/nulls=true/fixed_literal=false/literal_null=false/index=dynamic,candidate,14,105.0,16547627.0,Linear
2,binary_expressions/elt_arguments/elt_arguments/scalar/16384/width=256/nulls=true/fixed_literal=false/literal_null=false/index=dynamic,candidate,15,112.0,17452807.0,Linear
2,binary_expressions/elt_arguments/elt_arguments/scalar/16384/width=256/nulls=true/fixed_literal=false/literal_null=false/index=dynamic,candidate,16,119.0,18894828.0,Linear
2,binary_expressions/elt_arguments/elt_arguments/scalar/16384/width=256/nulls=true/fixed_literal=false/literal_null=false/index=dynamic,candidate,17,126.0,19543521.0,Linear
2,binary_expressions/elt_arguments/elt_arguments/scalar/16384/width=256/nulls=true/fixed_literal=false/literal_null=false/index=dynamic,candidate,18,133.0,20772143.0,Linear
2,binary_expressions/elt_arguments/elt_arguments/scalar/16384/width=256/nulls=true/fixed_literal=false/literal_null=false/index=dynamic,candidate,19,140.0,21929830.0,Linear
2,binary_expressions/elt_arguments/elt_arguments/scalar/16384/width=256/nulls=true/fixed_literal=false/literal_null=false/index=dynamic,candidate,20,147.0,22755709.0,Linear
2,binary_expressions/elt_arguments/elt_arguments/scalar/16384/width=256/nulls=true/fixed_literal=false/literal_null=false/index=dynamic,candidate,21,154.0,26875102.0,Linear
2,binary_expressions/elt_arguments/elt_arguments/scalar/16384/width=256/nulls=true/fixed_literal=false/literal_null=false/index=dynamic,candidate,22,161.0,25670449.0,Linear
2,binary_expressions/elt_arguments/elt_arguments/scalar/16384/width=256/nulls=true/fixed_literal=false/literal_null=false/index=dynamic,candidate,23,168.0,27980451.0,Linear
2,binary_expressions/elt_arguments/elt_arguments/scalar/16384/width=256/nulls=true/fixed_literal=false/literal_null=false/index=dynamic,candidate,24,175.0,28517020.0,Linear
2,binary_expressions/elt_arguments/elt_arguments/scalar/16384/width=256/nulls=true/fixed_literal=false/literal_null=false/index=dynamic,candidate,25,182.0,29972763.0,Linear
2,binary_expressions/elt_arguments/elt_arguments/scalar/16384/width=256/nulls=true/fixed_literal=false/literal_null=false/index=dynamic,candidate,26,189.0,29837732.0,Linear
2,binary_expressions/elt_arguments/elt_arguments/scalar/16384/width=256/nulls=true/fixed_literal=false/literal_null=false/index=dynamic,candidate,27,196.0,30920193.0,Linear
2,binary_expressions/elt_arguments/elt_arguments/scalar/16384/width=256/nulls=true/fixed_literal=false/literal_null=false/index=dynamic,candidate,28,203.0,31871017.0,Linear
2,binary_expressions/elt_arguments/elt_arguments/scalar/16384/width=256/nulls=true/fixed_literal=false/literal_null=false/index=dynamic,candidate,29,210.0,32864665.0,Linear
2,binary_expressions/elt_arguments/elt_arguments/scalar/16384/width=256/nulls=true/fixed_literal=false/literal_null=false/index=dynamic,candidate,30,217.0,34026200.0,Linear
2,binary_expressions/elt_arguments/elt_arguments/scalar/16384/width=256/nulls=true/fixed_literal=false/literal_null=false/index=dynamic,candidate,31,224.0,36732742.0,Linear
2,binary_expressions/elt_arguments/elt_arguments/scalar/16384/width=256/nulls=true/fixed_literal=false/literal_null=false/index=dynamic,candidate,32,231.0,36127449.0,Linear
2,binary_expressions/elt_arguments/elt_arguments/scalar/16384/width=256/nulls=true/fixed_literal=false/literal_null=false/index=dynamic,candidate,33,238.0,38854303.0,Linear
2,binary_expressions/elt_arguments/elt_arguments/scalar/16384/width=256/nulls=true/fixed_literal=false/literal_null=false/index=dynamic,candidate,34,245.0,41121941.0,Linear
2,binary_expressions/elt_arguments/elt_arguments/scalar/16384/width=256/nulls=true/fixed_literal=false/literal_null=false/index=dynamic,candidate,35,252.0,42024212.0,Linear
2,binary_expressions/elt_arguments/elt_arguments/scalar/16384/width=256/nulls=true/fixed_literal=false/literal_null=false/index=dynamic,candidate,36,259.0,44065079.0,Linear
2,binary_expressions/elt_arguments/elt_arguments/scalar/16384/width=256/nulls=true/fixed_literal=false/literal_null=false/index=dynamic,candidate,37,266.0,44283612.0,Linear
2,binary_expressions/elt_arguments/elt_arguments/scalar/16384/width=256/nulls=true/fixed_literal=false/literal_null=false/index=dynamic,candidate,38,273.0,45721321.0,Linear
2,binary_expressions/elt_arguments/elt_arguments/scalar/16384/width=256/nulls=true/fixed_literal=false/literal_null=false/index=dynamic,candidate,39,280.0,46623577.0,Linear
2,binary_expressions/elt_arguments/elt_arguments/scalar/16384/width=256/nulls=true/fixed_literal=false/literal_null=false/index=dynamic,candidate,40,287.0,49451740.0,Linear
2,binary_expressions/elt_arguments/elt_arguments/scalar/16384/width=256/nulls=true/fixed_literal=false/literal_null=false/index=dynamic,candidate,41,294.0,49089133.0,Linear
2,binary_expressions/elt_arguments/elt_arguments/scalar/16384/width=256/nulls=true/fixed_literal=false/literal_null=false/index=dynamic,candidate,42,301.0,50209879.0,Linear
2,binary_expressions/elt_arguments/elt_arguments/scalar/16384/width=256/nulls=true/fixed_literal=false/literal_null=false/index=dynamic,candidate,43,308.0,51024454.0,Linear
2,binary_expressions/elt_arguments/elt_arguments/scalar/16384/width=256/nulls=true/fixed_literal=false/literal_null=false/index=dynamic,candidate,44,315.0,53158624.0,Linear
2,binary_expressions/elt_arguments/elt_arguments/scalar/16384/width=256/nulls=true/fixed_literal=false/literal_null=false/index=dynamic,candidate,45,322.0,53629579.0,Linear
2,binary_expressions/elt_arguments/elt_arguments/scalar/16384/width=256/nulls=true/fixed_literal=false/literal_null=false/index=dynamic,candidate,46,329.0,55690472.0,Linear
2,binary_expressions/elt_arguments/elt_arguments/scalar/16384/width=256/nulls=true/fixed_literal=false/literal_null=false/index=dynamic,candidate,47,336.0,58422830.0,Linear
2,binary_expressions/elt_arguments/elt_arguments/scalar/16384/width=256/nulls=true/fixed_literal=false/literal_null=false/index=dynamic,candidate,48,343.0,57607603.0,Linear
2,binary_expressions/elt_arguments/elt_arguments/scalar/16384/width=256/nulls=true/fixed_literal=false/literal_null=false/index=dynamic,candidate,49,350.0,58827687.0,Linear
2,binary_expressions/elt_arguments/elt_arguments/scalar/16384/width=256/nulls=true/fixed_literal=false/literal_null=false/index=dynamic,candidate,50,357.0,60134213.0,Linear
2,binary_expressions/elt_arguments/elt_arguments/scalar/16384/width=256/nulls=true/fixed_literal=false/literal_null=false/index=dynamic,candidate,51,364.0,60613481.0,Linear
2,binary_expressions/elt_arguments/elt_arguments/scalar/16384/width=256/nulls=true/fixed_literal=false/literal_null=false/index=dynamic,candidate,52,371.0,63033135.0,Linear
2,binary_expressions/elt_arguments/elt_arguments/scalar/16384/width=256/nulls=true/fixed_literal=false/literal_null=false/index=dynamic,candidate,53,378.0,62922433.0,Linear
2,binary_expressions/elt_arguments/elt_arguments/scalar/16384/width=256/nulls=true/fixed_literal=false/literal_null=false/index=dynamic,candidate,54,385.0,66815663.0,Linear
2,binary_expressions/elt_arguments/elt_arguments/scalar/16384/width=256/nulls=true/fixed_literal=false/literal_null=false/index=dynamic,candidate,55,392.0,67927986.0,Linear
2,binary_expressions/elt_arguments/elt_arguments/scalar/16384/width=256/nulls=true/fixed_literal=false/literal_null=false/index=dynamic,candidate,56,399.0,70311578.0,Linear
2,binary_expressions/elt_arguments/elt_arguments/scalar/16384/width=256/nulls=true/fixed_literal=false/literal_null=false/index=dynamic,candidate,57,406.0,71543355.0,Linear
2,binary_expressions/elt_arguments/elt_arguments/scalar/16384/width=256/nulls=true/fixed_literal=false/literal_null=false/index=dynamic,candidate,58,413.0,71234190.0,Linear
2,binary_expressions/elt_arguments/elt_arguments/scalar/16384/width=256/nulls=true/fixed_literal=false/literal_null=false/index=dynamic,candidate,59,420.0,72565819.0,Linear
2,binary_expressions/elt_arguments/elt_arguments/scalar/16384/width=256/nulls=true/fixed_literal=false/literal_null=false/index=dynamic,candidate,60,427.0,75345323.0,Linear
2,binary_expressions/elt_arguments/elt_arguments/scalar/16384/width=256/nulls=true/fixed_literal=false/literal_null=false/index=dynamic,candidate,61,434.0,71882680.0,Linear
2,binary_expressions/elt_arguments/elt_arguments/scalar/16384/width=256/nulls=true/fixed_literal=false/literal_null=false/index=dynamic,candidate,62,441.0,74262681.0,Linear
2,binary_expressions/elt_arguments/elt_arguments/scalar/16384/width=256/nulls=true/fixed_literal=false/literal_null=false/index=dynamic,candidate,63,448.0,76006249.0,Linear
2,binary_expressions/elt_arguments/elt_arguments/scalar/16384/width=256/nulls=true/fixed_literal=false/literal_null=false/index=dynamic,candidate,64,455.0,78110739.0,Linear
2,binary_expressions/elt_arguments/elt_arguments/scalar/16384/width=256/nulls=true/fixed_literal=false/literal_null=false/index=dynamic,candidate,65,462.0,76662819.0,Linear
2,binary_expressions/elt_arguments/elt_arguments/scalar/16384/width=256/nulls=true/fixed_literal=false/literal_null=false/index=dynamic,candidate,66,469.0,79147091.0,Linear
2,binary_expressions/elt_arguments/elt_arguments/scalar/16384/width=256/nulls=true/fixed_literal=false/literal_null=false/index=dynamic,candidate,67,476.0,79101053.0,Linear
2,binary_expressions/elt_arguments/elt_arguments/scalar/16384/width=256/nulls=true/fixed_literal=false/literal_null=false/index=dynamic,candidate,68,483.0,83003252.0,Linear
2,binary_expressions/elt_arguments/elt_arguments/scalar/16384/width=256/nulls=true/fixed_literal=false/literal_null=false/index=dynamic,candidate,69,490.0,81915464.0,Linear
2,binary_expressions/elt_arguments/elt_arguments/scalar/16384/width=256/nulls=true/fixed_literal=false/literal_null=false/index=dynamic,candidate,70,497.0,83992895.0,Linear
2,binary_expressions/elt_arguments/elt_arguments/scalar/16384/width=256/nulls=true/fixed_literal=false/literal_null=false/index=dynamic,candidate,71,504.0,83830925.0,Linear
2,binary_expressions/elt_arguments/elt_arguments/scalar/16384/width=256/nulls=true/fixed_literal=false/literal_null=false/index=dynamic,candidate,72,511.0,85096530.0,Linear
2,binary_expressions/elt_arguments/elt_arguments/scalar/16384/width=256/nulls=true/fixed_literal=false/literal_null=false/index=dynamic,candidate,73,518.0,90117527.0,Linear
2,binary_expressions/elt_arguments/elt_arguments/scalar/16384/width=256/nulls=true/fixed_literal=false/literal_null=false/index=dynamic,candidate,74,525.0,87388447.0,Linear
2,binary_expressions/elt_arguments/elt_arguments/scalar/16384/width=256/nulls=true/fixed_literal=false/literal_null=false/index=dynamic,candidate,75,532.0,90571046.0,Linear
2,binary_expressions/elt_arguments/elt_arguments/scalar/16384/width=256/nulls=true/fixed_literal=false/literal_null=false/index=dynamic,candidate,76,539.0,91581367.0,Linear
2,binary_expressions/elt_arguments/elt_arguments/scalar/16384/width=256/nulls=true/fixed_literal=false/literal_null=false/index=dynamic,candidate,77,546.0,91857288.0,Linear
2,binary_expressions/elt_arguments/elt_arguments/scalar/16384/width=256/nulls=true/fixed_literal=false/literal_null=false/index=dynamic,candidate,78,553.0,92650037.0,Linear
2,binary_expressions/elt_arguments/elt_arguments/scalar/16384/width=256/nulls=true/fixed_literal=false/literal_null=false/index=dynamic,candidate,79,560.0,93325737.0,Linear
2,binary_expressions/elt_arguments/elt_arguments/scalar/16384/width=256/nulls=true/fixed_literal=false/literal_null=false/index=dynamic,candidate,80,567.0,94900523.0,Linear
2,binary_expressions/elt_arguments/elt_arguments/scalar/16384/width=256/nulls=true/fixed_literal=false/literal_null=false/index=dynamic,candidate,81,574.0,96107418.0,Linear
2,binary_expressions/elt_arguments/elt_arguments/scalar/16384/width=256/nulls=true/fixed_literal=false/literal_null=false/index=dynamic,candidate,82,581.0,96433929.0,Linear
2,binary_expressions/elt_arguments/elt_arguments/scalar/16384/width=256/nulls=true/fixed_literal=false/literal_null=false/index=dynamic,candidate,83,588.0,97000065.0,Linear
2,binary_expressions/elt_arguments/elt_arguments/scalar/16384/width=256/nulls=true/fixed_literal=false/literal_null=false/index=dynamic,candidate,84,595.0,98501680.0,Linear
2,binary_expressions/elt_arguments/elt_arguments/scalar/16384/width=256/nulls=true/fixed_literal=false/literal_null=false/index=dynamic,candidate,85,602.0,101835543.0,Linear
2,binary_expressions/elt_arguments/elt_arguments/scalar/16384/width=256/nulls=true/fixed_literal=false/literal_null=false/index=dynamic,candidate,86,609.0,102592278.0,Linear
2,binary_expressions/elt_arguments/elt_arguments/scalar/16384/width=256/nulls=true/fixed_literal=false/literal_null=false/index=dynamic,candidate,87,616.0,103132813.0,Linear
2,binary_expressions/elt_arguments/elt_arguments/scalar/16384/width=256/nulls=true/fixed_literal=false/literal_null=false/index=dynamic,candidate,88,623.0,104936998.0,Linear
2,binary_expressions/elt_arguments/elt_arguments/scalar/16384/width=256/nulls=true/fixed_literal=false/literal_null=false/index=dynamic,candidate,89,630.0,105638322.0,Linear
2,binary_expressions/elt_arguments/elt_arguments/scalar/16384/width=256/nulls=true/fixed_literal=false/literal_null=false/index=dynamic,candidate,90,637.0,107149224.0,Linear
2,binary_expressions/elt_arguments/elt_arguments/scalar/16384/width=256/nulls=true/fixed_literal=false/literal_null=false/index=dynamic,candidate,91,644.0,109613978.0,Linear
2,binary_expressions/elt_arguments/elt_arguments/scalar/16384/width=256/nulls=true/fixed_literal=false/literal_null=false/index=dynamic,candidate,92,651.0,108031924.0,Linear
2,binary_expressions/elt_arguments/elt_arguments/scalar/16384/width=256/nulls=true/fixed_literal=false/literal_null=false/index=dynamic,candidate,93,658.0,110368444.0,Linear
2,binary_expressions/elt_arguments/elt_arguments/scalar/16384/width=256/nulls=true/fixed_literal=false/literal_null=false/index=dynamic,candidate,94,665.0,109562591.0,Linear
2,binary_expressions/elt_arguments/elt_arguments/scalar/16384/width=256/nulls=true/fixed_literal=false/literal_null=false/index=dynamic,candidate,95,672.0,112892430.0,Linear
2,binary_expressions/elt_arguments/elt_arguments/scalar/16384/width=256/nulls=true/fixed_literal=false/literal_null=false/index=dynamic,candidate,96,679.0,113431271.0,Linear
2,binary_expressions/elt_arguments/elt_arguments/scalar/16384/width=256/nulls=true/fixed_literal=false/literal_null=false/index=dynamic,candidate,97,686.0,115143196.0,Linear
2,binary_expressions/elt_arguments/elt_arguments/scalar/16384/width=256/nulls=true/fixed_literal=false/literal_null=false/index=dynamic,candidate,98,693.0,117175857.0,Linear
2,binary_expressions/elt_arguments/elt_arguments/scalar/16384/width=256/nulls=true/fixed_literal=false/literal_null=false/index=dynamic,candidate,99,700.0,118957141.0,Linear
2,binary_expressions/elt_arguments/elt_arguments/scalar/16384/width=256/nulls=true/fixed_literal=false/literal_null=false/index=dynamic,original,0,6.0,1067756.0,Linear
2,binary_expressions/elt_arguments/elt_arguments/scalar/16384/width=256/nulls=true/fixed_literal=false/literal_null=false/index=dynamic,original,1,12.0,2106471.0,Linear
2,binary_expressions/elt_arguments/elt_arguments/scalar/16384/width=256/nulls=true/fixed_literal=false/literal_null=false/index=dynamic,original,2,18.0,3267438.0,Linear
2,binary_expressions/elt_arguments/elt_arguments/scalar/16384/width=256/nulls=true/fixed_literal=false/literal_null=false/index=dynamic,original,3,24.0,4075672.0,Linear
2,binary_expressions/elt_arguments/elt_arguments/scalar/16384/width=256/nulls=true/fixed_literal=false/literal_null=false/index=dynamic,original,4,30.0,5204282.0,Linear
2,binary_expressions/elt_arguments/elt_arguments/scalar/16384/width=256/nulls=true/fixed_literal=false/literal_null=false/index=dynamic,original,5,36.0,6065988.0,Linear
2,binary_expressions/elt_arguments/elt_arguments/scalar/16384/width=256/nulls=true/fixed_literal=false/literal_null=false/index=dynamic,original,6,42.0,7080590.0,Linear
2,binary_expressions/elt_arguments/elt_arguments/scalar/16384/width=256/nulls=true/fixed_literal=false/literal_null=false/index=dynamic,original,7,48.0,8244714.0,Linear
2,binary_expressions/elt_arguments/elt_arguments/scalar/16384/width=256/nulls=true/fixed_literal=false/literal_null=false/index=dynamic,original,8,54.0,10168818.0,Linear
2,binary_expressions/elt_arguments/elt_arguments/scalar/16384/width=256/nulls=true/fixed_literal=false/literal_null=false/index=dynamic,original,9,60.0,10295123.0,Linear
2,binary_expressions/elt_arguments/elt_arguments/scalar/16384/width=256/nulls=true/fixed_literal=false/literal_null=false/index=dynamic,original,10,66.0,11147210.0,Linear
2,binary_expressions/elt_arguments/elt_arguments/scalar/16384/width=256/nulls=true/fixed_literal=false/literal_null=false/index=dynamic,original,11,72.0,12242811.0,Linear
2,binary_expressions/elt_arguments/elt_arguments/scalar/16384/width=256/nulls=true/fixed_literal=false/literal_null=false/index=dynamic,original,12,78.0,13614560.0,Linear
2,binary_expressions/elt_arguments/elt_arguments/scalar/16384/width=256/nulls=true/fixed_literal=false/literal_null=false/index=dynamic,original,13,84.0,14634806.0,Linear
2,binary_expressions/elt_arguments/elt_arguments/scalar/16384/width=256/nulls=true/fixed_literal=false/literal_null=false/index=dynamic,original,14,90.0,15506829.0,Linear
2,binary_expressions/elt_arguments/elt_arguments/scalar/16384/width=256/nulls=true/fixed_literal=false/literal_null=false/index=dynamic,original,15,96.0,16627990.0,Linear
2,binary_expressions/elt_arguments/elt_arguments/scalar/16384/width=256/nulls=true/fixed_literal=false/literal_null=false/index=dynamic,original,16,102.0,17662515.0,Linear
2,binary_expressions/elt_arguments/elt_arguments/scalar/16384/width=256/nulls=true/fixed_literal=false/literal_null=false/index=dynamic,original,17,108.0,18908976.0,Linear
2,binary_expressions/elt_arguments/elt_arguments/scalar/16384/width=256/nulls=true/fixed_literal=false/literal_null=false/index=dynamic,original,18,114.0,19596268.0,Linear
2,binary_expressions/elt_arguments/elt_arguments/scalar/16384/width=256/nulls=true/fixed_literal=false/literal_null=false/index=dynamic,original,19,120.0,20279214.0,Linear
2,binary_expressions/elt_arguments/elt_arguments/scalar/16384/width=256/nulls=true/fixed_literal=false/literal_null=false/index=dynamic,original,20,126.0,21725191.0,Linear
2,binary_expressions/elt_arguments/elt_arguments/scalar/16384/width=256/nulls=true/fixed_literal=false/literal_null=false/index=dynamic,original,21,132.0,24727030.0,Linear
2,binary_expressions/elt_arguments/elt_arguments/scalar/16384/width=256/nulls=true/fixed_literal=false/literal_null=false/index=dynamic,original,22,138.0,23992069.0,Linear
2,binary_expressions/elt_arguments/elt_arguments/scalar/16384/width=256/nulls=true/fixed_literal=false/literal_null=false/index=dynamic,original,23,144.0,25703139.0,Linear
2,binary_expressions/elt_arguments/elt_arguments/scalar/16384/width=256/nulls=true/fixed_literal=false/literal_null=false/index=dynamic,original,24,150.0,25549500.0,Linear
2,binary_expressions/elt_arguments/elt_arguments/scalar/16384/width=256/nulls=true/fixed_literal=false/literal_null=false/index=dynamic,original,25,156.0,27364301.0,Linear
2,binary_expressions/elt_arguments/elt_arguments/scalar/16384/width=256/nulls=true/fixed_literal=false/literal_null=false/index=dynamic,original,26,162.0,27497515.0,Linear
2,binary_expressions/elt_arguments/elt_arguments/scalar/16384/width=256/nulls=true/fixed_literal=false/literal_null=false/index=dynamic,original,27,168.0,28638472.0,Linear
2,binary_expressions/elt_arguments/elt_arguments/scalar/16384/width=256/nulls=true/fixed_literal=false/literal_null=false/index=dynamic,original,28,174.0,30508669.0,Linear
2,binary_expressions/elt_arguments/elt_arguments/scalar/16384/width=256/nulls=true/fixed_literal=false/literal_null=false/index=dynamic,original,29,180.0,30756795.0,Linear
2,binary_expressions/elt_arguments/elt_arguments/scalar/16384/width=256/nulls=true/fixed_literal=false/literal_null=false/index=dynamic,original,30,186.0,32530475.0,Linear
2,binary_expressions/elt_arguments/elt_arguments/scalar/16384/width=256/nulls=true/fixed_literal=false/literal_null=false/index=dynamic,original,31,192.0,33702572.0,Linear
2,binary_expressions/elt_arguments/elt_arguments/scalar/16384/width=256/nulls=true/fixed_literal=false/literal_null=false/index=dynamic,original,32,198.0,34270463.0,Linear
2,binary_expressions/elt_arguments/elt_arguments/scalar/16384/width=256/nulls=true/fixed_literal=false/literal_null=false/index=dynamic,original,33,204.0,34700861.0,Linear
2,binary_expressions/elt_arguments/elt_arguments/scalar/16384/width=256/nulls=true/fixed_literal=false/literal_null=false/index=dynamic,original,34,210.0,36800521.0,Linear
2,binary_expressions/elt_arguments/elt_arguments/scalar/16384/width=256/nulls=true/fixed_literal=false/literal_null=false/index=dynamic,original,35,216.0,37259921.0,Linear
2,binary_expressions/elt_arguments/elt_arguments/scalar/16384/width=256/nulls=true/fixed_literal=false/literal_null=false/index=dynamic,original,36,222.0,37818563.0,Linear
2,binary_expressions/elt_arguments/elt_arguments/scalar/16384/width=256/nulls=true/fixed_literal=false/literal_null=false/index=dynamic,original,37,228.0,39766838.0,Linear
2,binary_expressions/elt_arguments/elt_arguments/scalar/16384/width=256/nulls=true/fixed_literal=false/literal_null=false/index=dynamic,original,38,234.0,40650657.0,Linear
2,binary_expressions/elt_arguments/elt_arguments/scalar/16384/width=256/nulls=true/fixed_literal=false/literal_null=false/index=dynamic,original,39,240.0,42053202.0,Linear
2,binary_expressions/elt_arguments/elt_arguments/scalar/16384/width=256/nulls=true/fixed_literal=false/literal_null=false/index=dynamic,original,40,246.0,41688862.0,Linear
2,binary_expressions/elt_arguments/elt_arguments/scalar/16384/width=256/nulls=true/fixed_literal=false/literal_null=false/index=dynamic,original,41,252.0,43420754.0,Linear
2,binary_expressions/elt_arguments/elt_arguments/scalar/16384/width=256/nulls=true/fixed_literal=false/literal_null=false/index=dynamic,original,42,258.0,44719915.0,Linear
2,binary_expressions/elt_arguments/elt_arguments/scalar/16384/width=256/nulls=true/fixed_literal=false/literal_null=false/index=dynamic,original,43,264.0,47026308.0,Linear
2,binary_expressions/elt_arguments/elt_arguments/scalar/16384/width=256/nulls=true/fixed_literal=false/literal_null=false/index=dynamic,original,44,270.0,46330564.0,Linear
2,binary_expressions/elt_arguments/elt_arguments/scalar/16384/width=256/nulls=true/fixed_literal=false/literal_null=false/index=dynamic,original,45,276.0,48168136.0,Linear
2,binary_expressions/elt_arguments/elt_arguments/scalar/16384/width=256/nulls=true/fixed_literal=false/literal_null=false/index=dynamic,original,46,282.0,51687106.0,Linear
2,binary_expressions/elt_arguments/elt_arguments/scalar/16384/width=256/nulls=true/fixed_literal=false/literal_null=false/index=dynamic,original,47,288.0,47429730.0,Linear
2,binary_expressions/elt_arguments/elt_arguments/scalar/16384/width=256/nulls=true/fixed_literal=false/literal_null=false/index=dynamic,original,48,294.0,50062799.0,Linear
2,binary_expressions/elt_arguments/elt_arguments/scalar/16384/width=256/nulls=true/fixed_literal=false/literal_null=false/index=dynamic,original,49,300.0,51860569.0,Linear
2,binary_expressions/elt_arguments/elt_arguments/scalar/16384/width=256/nulls=true/fixed_literal=false/literal_null=false/index=dynamic,original,50,306.0,50540304.0,Linear
2,binary_expressions/elt_arguments/elt_arguments/scalar/16384/width=256/nulls=true/fixed_literal=false/literal_null=false/index=dynamic,original,51,312.0,50512004.0,Linear
2,binary_expressions/elt_arguments/elt_arguments/scalar/16384/width=256/nulls=true/fixed_literal=false/literal_null=false/index=dynamic,original,52,318.0,51695066.0,Linear
2,binary_expressions/elt_arguments/elt_arguments/scalar/16384/width=256/nulls=true/fixed_literal=false/literal_null=false/index=dynamic,original,53,324.0,55753514.0,Linear
2,binary_expressions/elt_arguments/elt_arguments/scalar/16384/width=256/nulls=true/fixed_literal=false/literal_null=false/index=dynamic,original,54,330.0,51757987.0,Linear
2,binary_expressions/elt_arguments/elt_arguments/scalar/16384/width=256/nulls=true/fixed_literal=false/literal_null=false/index=dynamic,original,55,336.0,52804619.0,Linear
2,binary_expressions/elt_arguments/elt_arguments/scalar/16384/width=256/nulls=true/fixed_literal=false/literal_null=false/index=dynamic,original,56,342.0,56631218.0,Linear
2,binary_expressions/elt_arguments/elt_arguments/scalar/16384/width=256/nulls=true/fixed_literal=false/literal_null=false/index=dynamic,original,57,348.0,56357968.0,Linear
2,binary_expressions/elt_arguments/elt_arguments/scalar/16384/width=256/nulls=true/fixed_literal=false/literal_null=false/index=dynamic,original,58,354.0,56902504.0,Linear
2,binary_expressions/elt_arguments/elt_arguments/scalar/16384/width=256/nulls=true/fixed_literal=false/literal_null=false/index=dynamic,original,59,360.0,57934568.0,Linear
2,binary_expressions/elt_arguments/elt_arguments/scalar/16384/width=256/nulls=true/fixed_literal=false/literal_null=false/index=dynamic,original,60,366.0,59260273.0,Linear
2,binary_expressions/elt_arguments/elt_arguments/scalar/16384/width=256/nulls=true/fixed_literal=false/literal_null=false/index=dynamic,original,61,372.0,60831114.0,Linear
2,binary_expressions/elt_arguments/elt_arguments/scalar/16384/width=256/nulls=true/fixed_literal=false/literal_null=false/index=dynamic,original,62,378.0,61637096.0,Linear
2,binary_expressions/elt_arguments/elt_arguments/scalar/16384/width=256/nulls=true/fixed_literal=false/literal_null=false/index=dynamic,original,63,384.0,61345326.0,Linear
2,binary_expressions/elt_arguments/elt_arguments/scalar/16384/width=256/nulls=true/fixed_literal=false/literal_null=false/index=dynamic,original,64,390.0,63718153.0,Linear
2,binary_expressions/elt_arguments/elt_arguments/scalar/16384/width=256/nulls=true/fixed_literal=false/literal_null=false/index=dynamic,original,65,396.0,68067138.0,Linear
2,binary_expressions/elt_arguments/elt_arguments/scalar/16384/width=256/nulls=true/fixed_literal=false/literal_null=false/index=dynamic,original,66,402.0,63529230.0,Linear
2,binary_expressions/elt_arguments/elt_arguments/scalar/16384/width=256/nulls=true/fixed_literal=false/literal_null=false/index=dynamic,original,67,408.0,66104911.0,Linear
2,binary_expressions/elt_arguments/elt_arguments/scalar/16384/width=256/nulls=true/fixed_literal=false/literal_null=false/index=dynamic,original,68,414.0,67794593.0,Linear
2,binary_expressions/elt_arguments/elt_arguments/scalar/16384/width=256/nulls=true/fixed_literal=false/literal_null=false/index=dynamic,original,69,420.0,68111462.0,Linear
2,binary_expressions/elt_arguments/elt_arguments/scalar/16384/width=256/nulls=true/fixed_literal=false/literal_null=false/index=dynamic,original,70,426.0,68550198.0,Linear
2,binary_expressions/elt_arguments/elt_arguments/scalar/16384/width=256/nulls=true/fixed_literal=false/literal_null=false/index=dynamic,original,71,432.0,69780987.0,Linear
2,binary_expressions/elt_arguments/elt_arguments/scalar/16384/width=256/nulls=true/fixed_literal=false/literal_null=false/index=dynamic,original,72,438.0,72327180.0,Linear
2,binary_expressions/elt_arguments/elt_arguments/scalar/16384/width=256/nulls=true/fixed_literal=false/literal_null=false/index=dynamic,original,73,444.0,71860251.0,Linear
2,binary_expressions/elt_arguments/elt_arguments/scalar/16384/width=256/nulls=true/fixed_literal=false/literal_null=false/index=dynamic,original,74,450.0,73336025.0,Linear
2,binary_expressions/elt_arguments/elt_arguments/scalar/16384/width=256/nulls=true/fixed_literal=false/literal_null=false/index=dynamic,original,75,456.0,71842401.0,Linear
2,binary_expressions/elt_arguments/elt_arguments/scalar/16384/width=256/nulls=true/fixed_literal=false/literal_null=false/index=dynamic,original,76,462.0,79372697.0,Linear
2,binary_expressions/elt_arguments/elt_arguments/scalar/16384/width=256/nulls=true/fixed_literal=false/literal_null=false/index=dynamic,original,77,468.0,77585573.0,Linear
2,binary_expressions/elt_arguments/elt_arguments/scalar/16384/width=256/nulls=true/fixed_literal=false/literal_null=false/index=dynamic,original,78,474.0,78379662.0,Linear
2,binary_expressions/elt_arguments/elt_arguments/scalar/16384/width=256/nulls=true/fixed_literal=false/literal_null=false/index=dynamic,original,79,480.0,77083326.0,Linear
2,binary_expressions/elt_arguments/elt_arguments/scalar/16384/width=256/nulls=true/fixed_literal=false/literal_null=false/index=dynamic,original,80,486.0,80414929.0,Linear
2,binary_expressions/elt_arguments/elt_arguments/scalar/16384/width=256/nulls=true/fixed_literal=false/literal_null=false/index=dynamic,original,81,492.0,79128404.0,Linear
2,binary_expressions/elt_arguments/elt_arguments/scalar/16384/width=256/nulls=true/fixed_literal=false/literal_null=false/index=dynamic,original,82,498.0,80155784.0,Linear
2,binary_expressions/elt_arguments/elt_arguments/scalar/16384/width=256/nulls=true/fixed_literal=false/literal_null=false/index=dynamic,original,83,504.0,79242762.0,Linear
2,binary_expressions/elt_arguments/elt_arguments/scalar/16384/width=256/nulls=true/fixed_literal=false/literal_null=false/index=dynamic,original,84,510.0,82880185.0,Linear
2,binary_expressions/elt_arguments/elt_arguments/scalar/16384/width=256/nulls=true/fixed_literal=false/literal_null=false/index=dynamic,original,85,516.0,86771399.0,Linear
2,binary_expressions/elt_arguments/elt_arguments/scalar/16384/width=256/nulls=true/fixed_literal=false/literal_null=false/index=dynamic,original,86,522.0,84179833.0,Linear
2,binary_expressions/elt_arguments/elt_arguments/scalar/16384/width=256/nulls=true/fixed_literal=false/literal_null=false/index=dynamic,original,87,528.0,83247933.0,Linear
2,binary_expressions/elt_arguments/elt_arguments/scalar/16384/width=256/nulls=true/fixed_literal=false/literal_null=false/index=dynamic,original,88,534.0,85856418.0,Linear
2,binary_expressions/elt_arguments/elt_arguments/scalar/16384/width=256/nulls=true/fixed_literal=false/literal_null=false/index=dynamic,original,89,540.0,85396041.0,Linear
2,binary_expressions/elt_arguments/elt_arguments/scalar/16384/width=256/nulls=true/fixed_literal=false/literal_null=false/index=dynamic,original,90,546.0,86821311.0,Linear
2,binary_expressions/elt_arguments/elt_arguments/scalar/16384/width=256/nulls=true/fixed_literal=false/literal_null=false/index=dynamic,original,91,552.0,87229280.0,Linear
2,binary_expressions/elt_arguments/elt_arguments/scalar/16384/width=256/nulls=true/fixed_literal=false/literal_null=false/index=dynamic,original,92,558.0,90452108.0,Linear
2,binary_expressions/elt_arguments/elt_arguments/scalar/16384/width=256/nulls=true/fixed_literal=false/literal_null=false/index=dynamic,original,93,564.0,95086796.0,Linear
2,binary_expressions/elt_arguments/elt_arguments/scalar/16384/width=256/nulls=true/fixed_literal=false/literal_null=false/index=dynamic,original,94,570.0,91990895.0,Linear
2,binary_expressions/elt_arguments/elt_arguments/scalar/16384/width=256/nulls=true/fixed_literal=false/literal_null=false/index=dynamic,original,95,576.0,92957363.0,Linear
2,binary_expressions/elt_arguments/elt_arguments/scalar/16384/width=256/nulls=true/fixed_literal=false/literal_null=false/index=dynamic,original,96,582.0,97551490.0,Linear
2,binary_expressions/elt_arguments/elt_arguments/scalar/16384/width=256/nulls=true/fixed_literal=false/literal_null=false/index=dynamic,original,97,588.0,96548776.0,Linear
2,binary_expressions/elt_arguments/elt_arguments/scalar/16384/width=256/nulls=true/fixed_literal=false/literal_null=false/index=dynamic,original,98,594.0,99757176.0,Linear
2,binary_expressions/elt_arguments/elt_arguments/scalar/16384/width=256/nulls=true/fixed_literal=false/literal_null=false/index=dynamic,original,99,600.0,99574248.0,Linear
2,binary_expressions/elt_arguments/elt_arguments/scalar/16384/width=16/nulls=false/fixed_literal=false/literal_null=false/index=dynamic,candidate,0,15.0,1840420.0,Linear
2,binary_expressions/elt_arguments/elt_arguments/scalar/16384/width=16/nulls=false/fixed_literal=false/literal_null=false/index=dynamic,candidate,1,30.0,2265881.0,Linear
2,binary_expressions/elt_arguments/elt_arguments/scalar/16384/width=16/nulls=false/fixed_literal=false/literal_null=false/index=dynamic,candidate,2,45.0,3032340.0,Linear
2,binary_expressions/elt_arguments/elt_arguments/scalar/16384/width=16/nulls=false/fixed_literal=false/literal_null=false/index=dynamic,candidate,3,60.0,4182855.0,Linear
2,binary_expressions/elt_arguments/elt_arguments/scalar/16384/width=16/nulls=false/fixed_literal=false/literal_null=false/index=dynamic,candidate,4,75.0,5048861.0,Linear
2,binary_expressions/elt_arguments/elt_arguments/scalar/16384/width=16/nulls=false/fixed_literal=false/literal_null=false/index=dynamic,candidate,5,90.0,6149084.0,Linear
2,binary_expressions/elt_arguments/elt_arguments/scalar/16384/width=16/nulls=false/fixed_literal=false/literal_null=false/index=dynamic,candidate,6,105.0,7321053.0,Linear
2,binary_expressions/elt_arguments/elt_arguments/scalar/16384/width=16/nulls=false/fixed_literal=false/literal_null=false/index=dynamic,candidate,7,120.0,8422537.0,Linear
2,binary_expressions/elt_arguments/elt_arguments/scalar/16384/width=16/nulls=false/fixed_literal=false/literal_null=false/index=dynamic,candidate,8,135.0,9167077.0,Linear
2,binary_expressions/elt_arguments/elt_arguments/scalar/16384/width=16/nulls=false/fixed_literal=false/literal_null=false/index=dynamic,candidate,9,150.0,10080455.0,Linear
2,binary_expressions/elt_arguments/elt_arguments/scalar/16384/width=16/nulls=false/fixed_literal=false/literal_null=false/index=dynamic,candidate,10,165.0,11483621.0,Linear
2,binary_expressions/elt_arguments/elt_arguments/scalar/16384/width=16/nulls=false/fixed_literal=false/literal_null=false/index=dynamic,candidate,11,180.0,12255918.0,Linear
2,binary_expressions/elt_arguments/elt_arguments/scalar/16384/width=16/nulls=false/fixed_literal=false/literal_null=false/index=dynamic,candidate,12,195.0,13102390.0,Linear
2,binary_expressions/elt_arguments/elt_arguments/scalar/16384/width=16/nulls=false/fixed_literal=false/literal_null=false/index=dynamic,candidate,13,210.0,14341886.0,Linear
2,binary_expressions/elt_arguments/elt_arguments/scalar/16384/width=16/nulls=false/fixed_literal=false/literal_null=false/index=dynamic,candidate,14,225.0,15185977.0,Linear
2,binary_expressions/elt_arguments/elt_arguments/scalar/16384/width=16/nulls=false/fixed_literal=false/literal_null=false/index=dynamic,candidate,15,240.0,16153059.0,Linear
2,binary_expressions/elt_arguments/elt_arguments/scalar/16384/width=16/nulls=false/fixed_literal=false/literal_null=false/index=dynamic,candidate,16,255.0,17237043.0,Linear
2,binary_expressions/elt_arguments/elt_arguments/scalar/16384/width=16/nulls=false/fixed_literal=false/literal_null=false/index=dynamic,candidate,17,270.0,18161285.0,Linear
2,binary_expressions/elt_arguments/elt_arguments/scalar/16384/width=16/nulls=false/fixed_literal=false/literal_null=false/index=dynamic,candidate,18,285.0,19250916.0,Linear
2,binary_expressions/elt_arguments/elt_arguments/scalar/16384/width=16/nulls=false/fixed_literal=false/literal_null=false/index=dynamic,candidate,19,300.0,20281562.0,Linear
2,binary_expressions/elt_arguments/elt_arguments/scalar/16384/width=16/nulls=false/fixed_literal=false/literal_null=false/index=dynamic,candidate,20,315.0,21425436.0,Linear
2,binary_expressions/elt_arguments/elt_arguments/scalar/16384/width=16/nulls=false/fixed_literal=false/literal_null=false/index=dynamic,candidate,21,330.0,23042154.0,Linear
2,binary_expressions/elt_arguments/elt_arguments/scalar/16384/width=16/nulls=false/fixed_literal=false/literal_null=false/index=dynamic,candidate,22,345.0,25861603.0,Linear
2,binary_expressions/elt_arguments/elt_arguments/scalar/16384/width=16/nulls=false/fixed_literal=false/literal_null=false/index=dynamic,candidate,23,360.0,24553184.0,Linear
2,binary_expressions/elt_arguments/elt_arguments/scalar/16384/width=16/nulls=false/fixed_literal=false/literal_null=false/index=dynamic,candidate,24,375.0,25762737.0,Linear
2,binary_expressions/elt_arguments/elt_arguments/scalar/16384/width=16/nulls=false/fixed_literal=false/literal_null=false/index=dynamic,candidate,25,390.0,26657429.0,Linear
2,binary_expressions/elt_arguments/elt_arguments/scalar/16384/width=16/nulls=false/fixed_literal=false/literal_null=false/index=dynamic,candidate,26,405.0,27446325.0,Linear
2,binary_expressions/elt_arguments/elt_arguments/scalar/16384/width=16/nulls=false/fixed_literal=false/literal_null=false/index=dynamic,candidate,27,420.0,32338694.0,Linear
2,binary_expressions/elt_arguments/elt_arguments/scalar/16384/width=16/nulls=false/fixed_literal=false/literal_null=false/index=dynamic,candidate,28,435.0,29835302.0,Linear
2,binary_expressions/elt_arguments/elt_arguments/scalar/16384/width=16/nulls=false/fixed_literal=false/literal_null=false/index=dynamic,candidate,29,450.0,32278536.0,Linear
2,binary_expressions/elt_arguments/elt_arguments/scalar/16384/width=16/nulls=false/fixed_literal=false/literal_null=false/index=dynamic,candidate,30,465.0,32167252.0,Linear
2,binary_expressions/elt_arguments/elt_arguments/scalar/16384/width=16/nulls=false/fixed_literal=false/literal_null=false/index=dynamic,candidate,31,480.0,33615692.0,Linear
2,binary_expressions/elt_arguments/elt_arguments/scalar/16384/width=16/nulls=false/fixed_literal=false/literal_null=false/index=dynamic,candidate,32,495.0,33733975.0,Linear
2,binary_expressions/elt_arguments/elt_arguments/scalar/16384/width=16/nulls=false/fixed_literal=false/literal_null=false/index=dynamic,candidate,33,510.0,35150870.0,Linear
2,binary_expressions/elt_arguments/elt_arguments/scalar/16384/width=16/nulls=false/fixed_literal=false/literal_null=false/index=dynamic,candidate,34,525.0,35866102.0,Linear
2,binary_expressions/elt_arguments/elt_arguments/scalar/16384/width=16/nulls=false/fixed_literal=false/literal_null=false/index=dynamic,candidate,35,540.0,36425483.0,Linear
2,binary_expressions/elt_arguments/elt_arguments/scalar/16384/width=16/nulls=false/fixed_literal=false/literal_null=false/index=dynamic,candidate,36,555.0,39553068.0,Linear
2,binary_expressions/elt_arguments/elt_arguments/scalar/16384/width=16/nulls=false/fixed_literal=false/literal_null=false/index=dynamic,candidate,37,570.0,38931176.0,Linear
2,binary_expressions/elt_arguments/elt_arguments/scalar/16384/width=16/nulls=false/fixed_literal=false/literal_null=false/index=dynamic,candidate,38,585.0,39956478.0,Linear
2,binary_expressions/elt_arguments/elt_arguments/scalar/16384/width=16/nulls=false/fixed_literal=false/literal_null=false/index=dynamic,candidate,39,600.0,41496831.0,Linear
2,binary_expressions/elt_arguments/elt_arguments/scalar/16384/width=16/nulls=false/fixed_literal=false/literal_null=false/index=dynamic,candidate,40,615.0,41785606.0,Linear
2,binary_expressions/elt_arguments/elt_arguments/scalar/16384/width=16/nulls=false/fixed_literal=false/literal_null=false/index=dynamic,candidate,41,630.0,43998278.0,Linear
2,binary_expressions/elt_arguments/elt_arguments/scalar/16384/width=16/nulls=false/fixed_literal=false/literal_null=false/index=dynamic,candidate,42,645.0,44197928.0,Linear
2,binary_expressions/elt_arguments/elt_arguments/scalar/16384/width=16/nulls=false/fixed_literal=false/literal_null=false/index=dynamic,candidate,43,660.0,45460733.0,Linear
2,binary_expressions/elt_arguments/elt_arguments/scalar/16384/width=16/nulls=false/fixed_literal=false/literal_null=false/index=dynamic,candidate,44,675.0,45734393.0,Linear
2,binary_expressions/elt_arguments/elt_arguments/scalar/16384/width=16/nulls=false/fixed_literal=false/literal_null=false/index=dynamic,candidate,45,690.0,46740217.0,Linear
2,binary_expressions/elt_arguments/elt_arguments/scalar/16384/width=16/nulls=false/fixed_literal=false/literal_null=false/index=dynamic,candidate,46,705.0,48535783.0,Linear
2,binary_expressions/elt_arguments/elt_arguments/scalar/16384/width=16/nulls=false/fixed_literal=false/literal_null=false/index=dynamic,candidate,47,720.0,49180627.0,Linear
2,binary_expressions/elt_arguments/elt_arguments/scalar/16384/width=16/nulls=false/fixed_literal=false/literal_null=false/index=dynamic,candidate,48,735.0,50802886.0,Linear
2,binary_expressions/elt_arguments/elt_arguments/scalar/16384/width=16/nulls=false/fixed_literal=false/literal_null=false/index=dynamic,candidate,49,750.0,51512990.0,Linear
2,binary_expressions/elt_arguments/elt_arguments/scalar/16384/width=16/nulls=false/fixed_literal=false/literal_null=false/index=dynamic,candidate,50,765.0,51901335.0,Linear
2,binary_expressions/elt_arguments/elt_arguments/scalar/16384/width=16/nulls=false/fixed_literal=false/literal_null=false/index=dynamic,candidate,51,780.0,54280914.0,Linear
2,binary_expressions/elt_arguments/elt_arguments/scalar/16384/width=16/nulls=false/fixed_literal=false/literal_null=false/index=dynamic,candidate,52,795.0,54659259.0,Linear
2,binary_expressions/elt_arguments/elt_arguments/scalar/16384/width=16/nulls=false/fixed_literal=false/literal_null=false/index=dynamic,candidate,53,810.0,55883211.0,Linear
2,binary_expressions/elt_arguments/elt_arguments/scalar/16384/width=16/nulls=false/fixed_literal=false/literal_null=false/index=dynamic,candidate,54,825.0,56711915.0,Linear
2,binary_expressions/elt_arguments/elt_arguments/scalar/16384/width=16/nulls=false/fixed_literal=false/literal_null=false/index=dynamic,candidate,55,840.0,57748468.0,Linear
2,binary_expressions/elt_arguments/elt_arguments/scalar/16384/width=16/nulls=false/fixed_literal=false/literal_null=false/index=dynamic,candidate,56,855.0,59082479.0,Linear
2,binary_expressions/elt_arguments/elt_arguments/scalar/16384/width=16/nulls=false/fixed_literal=false/literal_null=false/index=dynamic,candidate,57,870.0,59741494.0,Linear
2,binary_expressions/elt_arguments/elt_arguments/scalar/16384/width=16/nulls=false/fixed_literal=false/literal_null=false/index=dynamic,candidate,58,885.0,61034552.0,Linear
2,binary_expressions/elt_arguments/elt_arguments/scalar/16384/width=16/nulls=false/fixed_literal=false/literal_null=false/index=dynamic,candidate,59,900.0,61603555.0,Linear
2,binary_expressions/elt_arguments/elt_arguments/scalar/16384/width=16/nulls=false/fixed_literal=false/literal_null=false/index=dynamic,candidate,60,915.0,62573899.0,Linear
2,binary_expressions/elt_arguments/elt_arguments/scalar/16384/width=16/nulls=false/fixed_literal=false/literal_null=false/index=dynamic,candidate,61,930.0,63234543.0,Linear
2,binary_expressions/elt_arguments/elt_arguments/scalar/16384/width=16/nulls=false/fixed_literal=false/literal_null=false/index=dynamic,candidate,62,945.0,64056230.0,Linear
2,binary_expressions/elt_arguments/elt_arguments/scalar/16384/width=16/nulls=false/fixed_literal=false/literal_null=false/index=dynamic,candidate,63,960.0,66481785.0,Linear
2,binary_expressions/elt_arguments/elt_arguments/scalar/16384/width=16/nulls=false/fixed_literal=false/literal_null=false/index=dynamic,candidate,64,975.0,66189674.0,Linear
2,binary_expressions/elt_arguments/elt_arguments/scalar/16384/width=16/nulls=false/fixed_literal=false/literal_null=false/index=dynamic,candidate,65,990.0,68346388.0,Linear
2,binary_expressions/elt_arguments/elt_arguments/scalar/16384/width=16/nulls=false/fixed_literal=false/literal_null=false/index=dynamic,candidate,66,1005.0,68406440.0,Linear
2,binary_expressions/elt_arguments/elt_arguments/scalar/16384/width=16/nulls=false/fixed_literal=false/literal_null=false/index=dynamic,candidate,67,1020.0,71276071.0,Linear
2,binary_expressions/elt_arguments/elt_arguments/scalar/16384/width=16/nulls=false/fixed_literal=false/literal_null=false/index=dynamic,candidate,68,1035.0,72245733.0,Linear
2,binary_expressions/elt_arguments/elt_arguments/scalar/16384/width=16/nulls=false/fixed_literal=false/literal_null=false/index=dynamic,candidate,69,1050.0,72504867.0,Linear
2,binary_expressions/elt_arguments/elt_arguments/scalar/16384/width=16/nulls=false/fixed_literal=false/literal_null=false/index=dynamic,candidate,70,1065.0,73327035.0,Linear
2,binary_expressions/elt_arguments/elt_arguments/scalar/16384/width=16/nulls=false/fixed_literal=false/literal_null=false/index=dynamic,candidate,71,1080.0,74976987.0,Linear
2,binary_expressions/elt_arguments/elt_arguments/scalar/16384/width=16/nulls=false/fixed_literal=false/literal_null=false/index=dynamic,candidate,72,1095.0,73427016.0,Linear
2,binary_expressions/elt_arguments/elt_arguments/scalar/16384/width=16/nulls=false/fixed_literal=false/literal_null=false/index=dynamic,candidate,73,1110.0,75770092.0,Linear
2,binary_expressions/elt_arguments/elt_arguments/scalar/16384/width=16/nulls=false/fixed_literal=false/literal_null=false/index=dynamic,candidate,74,1125.0,76176395.0,Linear
2,binary_expressions/elt_arguments/elt_arguments/scalar/16384/width=16/nulls=false/fixed_literal=false/literal_null=false/index=dynamic,candidate,75,1140.0,76990785.0,Linear
2,binary_expressions/elt_arguments/elt_arguments/scalar/16384/width=16/nulls=false/fixed_literal=false/literal_null=false/index=dynamic,candidate,76,1155.0,77705650.0,Linear
2,binary_expressions/elt_arguments/elt_arguments/scalar/16384/width=16/nulls=false/fixed_literal=false/literal_null=false/index=dynamic,candidate,77,1170.0,80657221.0,Linear
2,binary_expressions/elt_arguments/elt_arguments/scalar/16384/width=16/nulls=false/fixed_literal=false/literal_null=false/index=dynamic,candidate,78,1185.0,80147594.0,Linear
2,binary_expressions/elt_arguments/elt_arguments/scalar/16384/width=16/nulls=false/fixed_literal=false/literal_null=false/index=dynamic,candidate,79,1200.0,81257795.0,Linear
2,binary_expressions/elt_arguments/elt_arguments/scalar/16384/width=16/nulls=false/fixed_literal=false/literal_null=false/index=dynamic,candidate,80,1215.0,82651157.0,Linear
2,binary_expressions/elt_arguments/elt_arguments/scalar/16384/width=16/nulls=false/fixed_literal=false/literal_null=false/index=dynamic,candidate,81,1230.0,84505557.0,Linear
2,binary_expressions/elt_arguments/elt_arguments/scalar/16384/width=16/nulls=false/fixed_literal=false/literal_null=false/index=dynamic,candidate,82,1245.0,87379411.0,Linear
2,binary_expressions/elt_arguments/elt_arguments/scalar/16384/width=16/nulls=false/fixed_literal=false/literal_null=false/index=dynamic,candidate,83,1260.0,85484259.0,Linear
2,binary_expressions/elt_arguments/elt_arguments/scalar/16384/width=16/nulls=false/fixed_literal=false/literal_null=false/index=dynamic,candidate,84,1275.0,86872869.0,Linear
2,binary_expressions/elt_arguments/elt_arguments/scalar/16384/width=16/nulls=false/fixed_literal=false/literal_null=false/index=dynamic,candidate,85,1290.0,88732103.0,Linear
2,binary_expressions/elt_arguments/elt_arguments/scalar/16384/width=16/nulls=false/fixed_literal=false/literal_null=false/index=dynamic,candidate,86,1305.0,88914582.0,Linear
2,binary_expressions/elt_arguments/elt_arguments/scalar/16384/width=16/nulls=false/fixed_literal=false/literal_null=false/index=dynamic,candidate,87,1320.0,89118466.0,Linear
2,binary_expressions/elt_arguments/elt_arguments/scalar/16384/width=16/nulls=false/fixed_literal=false/literal_null=false/index=dynamic,candidate,88,1335.0,92402705.0,Linear
2,binary_expressions/elt_arguments/elt_arguments/scalar/16384/width=16/nulls=false/fixed_literal=false/literal_null=false/index=dynamic,candidate,89,1350.0,91768255.0,Linear
2,binary_expressions/elt_arguments/elt_arguments/scalar/16384/width=16/nulls=false/fixed_literal=false/literal_null=false/index=dynamic,candidate,90,1365.0,92981104.0,Linear
2,binary_expressions/elt_arguments/elt_arguments/scalar/16384/width=16/nulls=false/fixed_literal=false/literal_null=false/index=dynamic,candidate,91,1380.0,94092154.0,Linear
2,binary_expressions/elt_arguments/elt_arguments/scalar/16384/width=16/nulls=false/fixed_literal=false/literal_null=false/index=dynamic,candidate,92,1395.0,95560887.0,Linear
2,binary_expressions/elt_arguments/elt_arguments/scalar/16384/width=16/nulls=false/fixed_literal=false/literal_null=false/index=dynamic,candidate,93,1410.0,95428273.0,Linear
2,binary_expressions/elt_arguments/elt_arguments/scalar/16384/width=16/nulls=false/fixed_literal=false/literal_null=false/index=dynamic,candidate,94,1425.0,98710716.0,Linear
2,binary_expressions/elt_arguments/elt_arguments/scalar/16384/width=16/nulls=false/fixed_literal=false/literal_null=false/index=dynamic,candidate,95,1440.0,98457975.0,Linear
2,binary_expressions/elt_arguments/elt_arguments/scalar/16384/width=16/nulls=false/fixed_literal=false/literal_null=false/index=dynamic,candidate,96,1455.0,98957847.0,Linear
2,binary_expressions/elt_arguments/elt_arguments/scalar/16384/width=16/nulls=false/fixed_literal=false/literal_null=false/index=dynamic,candidate,97,1470.0,101302219.0,Linear
2,binary_expressions/elt_arguments/elt_arguments/scalar/16384/width=16/nulls=false/fixed_literal=false/literal_null=false/index=dynamic,candidate,98,1485.0,101591050.0,Linear
2,binary_expressions/elt_arguments/elt_arguments/scalar/16384/width=16/nulls=false/fixed_literal=false/literal_null=false/index=dynamic,candidate,99,1500.0,103385997.0,Linear
2,binary_expressions/elt_arguments/elt_arguments/scalar/16384/width=16/nulls=false/fixed_literal=false/literal_null=false/index=dynamic,original,0,15.0,2384397.0,Linear
2,binary_expressions/elt_arguments/elt_arguments/scalar/16384/width=16/nulls=false/fixed_literal=false/literal_null=false/index=dynamic,original,1,30.0,2506483.0,Linear
2,binary_expressions/elt_arguments/elt_arguments/scalar/16384/width=16/nulls=false/fixed_literal=false/literal_null=false/index=dynamic,original,2,45.0,3063143.0,Linear
2,binary_expressions/elt_arguments/elt_arguments/scalar/16384/width=16/nulls=false/fixed_literal=false/literal_null=false/index=dynamic,original,3,60.0,4028043.0,Linear
2,binary_expressions/elt_arguments/elt_arguments/scalar/16384/width=16/nulls=false/fixed_literal=false/literal_null=false/index=dynamic,original,4,75.0,5072516.0,Linear
2,binary_expressions/elt_arguments/elt_arguments/scalar/16384/width=16/nulls=false/fixed_literal=false/literal_null=false/index=dynamic,original,5,90.0,6101844.0,Linear
2,binary_expressions/elt_arguments/elt_arguments/scalar/16384/width=16/nulls=false/fixed_literal=false/literal_null=false/index=dynamic,original,6,105.0,7101344.0,Linear
2,binary_expressions/elt_arguments/elt_arguments/scalar/16384/width=16/nulls=false/fixed_literal=false/literal_null=false/index=dynamic,original,7,120.0,8185136.0,Linear
2,binary_expressions/elt_arguments/elt_arguments/scalar/16384/width=16/nulls=false/fixed_literal=false/literal_null=false/index=dynamic,original,8,135.0,9107441.0,Linear
2,binary_expressions/elt_arguments/elt_arguments/scalar/16384/width=16/nulls=false/fixed_literal=false/literal_null=false/index=dynamic,original,9,150.0,10107343.0,Linear
2,binary_expressions/elt_arguments/elt_arguments/scalar/16384/width=16/nulls=false/fixed_literal=false/literal_null=false/index=dynamic,original,10,165.0,11184994.0,Linear
2,binary_expressions/elt_arguments/elt_arguments/scalar/16384/width=16/nulls=false/fixed_literal=false/literal_null=false/index=dynamic,original,11,180.0,12466432.0,Linear
2,binary_expressions/elt_arguments/elt_arguments/scalar/16384/width=16/nulls=false/fixed_literal=false/literal_null=false/index=dynamic,original,12,195.0,13403886.0,Linear
2,binary_expressions/elt_arguments/elt_arguments/scalar/16384/width=16/nulls=false/fixed_literal=false/literal_null=false/index=dynamic,original,13,210.0,14598129.0,Linear
2,binary_expressions/elt_arguments/elt_arguments/scalar/16384/width=16/nulls=false/fixed_literal=false/literal_null=false/index=dynamic,original,14,225.0,15246394.0,Linear
2,binary_expressions/elt_arguments/elt_arguments/scalar/16384/width=16/nulls=false/fixed_literal=false/literal_null=false/index=dynamic,original,15,240.0,17823453.0,Linear
2,binary_expressions/elt_arguments/elt_arguments/scalar/16384/width=16/nulls=false/fixed_literal=false/literal_null=false/index=dynamic,original,16,255.0,17503428.0,Linear
2,binary_expressions/elt_arguments/elt_arguments/scalar/16384/width=16/nulls=false/fixed_literal=false/literal_null=false/index=dynamic,original,17,270.0,18620536.0,Linear
2,binary_expressions/elt_arguments/elt_arguments/scalar/16384/width=16/nulls=false/fixed_literal=false/literal_null=false/index=dynamic,original,18,285.0,19653404.0,Linear
2,binary_expressions/elt_arguments/elt_arguments/scalar/16384/width=16/nulls=false/fixed_literal=false/literal_null=false/index=dynamic,original,19,300.0,20463085.0,Linear
2,binary_expressions/elt_arguments/elt_arguments/scalar/16384/width=16/nulls=false/fixed_literal=false/literal_null=false/index=dynamic,original,20,315.0,21305863.0,Linear
2,binary_expressions/elt_arguments/elt_arguments/scalar/16384/width=16/nulls=false/fixed_literal=false/literal_null=false/index=dynamic,original,21,330.0,22238513.0,Linear
2,binary_expressions/elt_arguments/elt_arguments/scalar/16384/width=16/nulls=false/fixed_literal=false/literal_null=false/index=dynamic,original,22,345.0,24871462.0,Linear
2,binary_expressions/elt_arguments/elt_arguments/scalar/16384/width=16/nulls=false/fixed_literal=false/literal_null=false/index=dynamic,original,23,360.0,25378117.0,Linear
2,binary_expressions/elt_arguments/elt_arguments/scalar/16384/width=16/nulls=false/fixed_literal=false/literal_null=false/index=dynamic,original,24,375.0,25961053.0,Linear
2,binary_expressions/elt_arguments/elt_arguments/scalar/16384/width=16/nulls=false/fixed_literal=false/literal_null=false/index=dynamic,original,25,390.0,26670253.0,Linear
2,binary_expressions/elt_arguments/elt_arguments/scalar/16384/width=16/nulls=false/fixed_literal=false/literal_null=false/index=dynamic,original,26,405.0,27371702.0,Linear
2,binary_expressions/elt_arguments/elt_arguments/scalar/16384/width=16/nulls=false/fixed_literal=false/literal_null=false/index=dynamic,original,27,420.0,28440860.0,Linear
2,binary_expressions/elt_arguments/elt_arguments/scalar/16384/width=16/nulls=false/fixed_literal=false/literal_null=false/index=dynamic,original,28,435.0,29981155.0,Linear
2,binary_expressions/elt_arguments/elt_arguments/scalar/16384/width=16/nulls=false/fixed_literal=false/literal_null=false/index=dynamic,original,29,450.0,30599384.0,Linear
2,binary_expressions/elt_arguments/elt_arguments/scalar/16384/width=16/nulls=false/fixed_literal=false/literal_null=false/index=dynamic,original,30,465.0,31895440.0,Linear
2,binary_expressions/elt_arguments/elt_arguments/scalar/16384/width=16/nulls=false/fixed_literal=false/literal_null=false/index=dynamic,original,31,480.0,33045835.0,Linear
2,binary_expressions/elt_arguments/elt_arguments/scalar/16384/width=16/nulls=false/fixed_literal=false/literal_null=false/index=dynamic,original,32,495.0,33815339.0,Linear
2,binary_expressions/elt_arguments/elt_arguments/scalar/16384/width=16/nulls=false/fixed_literal=false/literal_null=false/index=dynamic,original,33,510.0,35792315.0,Linear
2,binary_expressions/elt_arguments/elt_arguments/scalar/16384/width=16/nulls=false/fixed_literal=false/literal_null=false/index=dynamic,original,34,525.0,35808495.0,Linear
2,binary_expressions/elt_arguments/elt_arguments/scalar/16384/width=16/nulls=false/fixed_literal=false/literal_null=false/index=dynamic,original,35,540.0,37063677.0,Linear
2,binary_expressions/elt_arguments/elt_arguments/scalar/16384/width=16/nulls=false/fixed_literal=false/literal_null=false/index=dynamic,original,36,555.0,37868926.0,Linear
2,binary_expressions/elt_arguments/elt_arguments/scalar/16384/width=16/nulls=false/fixed_literal=false/literal_null=false/index=dynamic,original,37,570.0,38788370.0,Linear
2,binary_expressions/elt_arguments/elt_arguments/scalar/16384/width=16/nulls=false/fixed_literal=false/literal_null=false/index=dynamic,original,38,585.0,41497550.0,Linear
2,binary_expressions/elt_arguments/elt_arguments/scalar/16384/width=16/nulls=false/fixed_literal=false/literal_null=false/index=dynamic,original,39,600.0,40894417.0,Linear
2,binary_expressions/elt_arguments/elt_arguments/scalar/16384/width=16/nulls=false/fixed_literal=false/literal_null=false/index=dynamic,original,40,615.0,41495791.0,Linear
2,binary_expressions/elt_arguments/elt_arguments/scalar/16384/width=16/nulls=false/fixed_literal=false/literal_null=false/index=dynamic,original,41,630.0,43286198.0,Linear
2,binary_expressions/elt_arguments/elt_arguments/scalar/16384/width=16/nulls=false/fixed_literal=false/literal_null=false/index=dynamic,original,42,645.0,44236853.0,Linear
2,binary_expressions/elt_arguments/elt_arguments/scalar/16384/width=16/nulls=false/fixed_literal=false/literal_null=false/index=dynamic,original,43,660.0,49394629.0,Linear
2,binary_expressions/elt_arguments/elt_arguments/scalar/16384/width=16/nulls=false/fixed_literal=false/literal_null=false/index=dynamic,original,44,675.0,46073368.0,Linear
2,binary_expressions/elt_arguments/elt_arguments/scalar/16384/width=16/nulls=false/fixed_literal=false/literal_null=false/index=dynamic,original,45,690.0,48156243.0,Linear
2,binary_expressions/elt_arguments/elt_arguments/scalar/16384/width=16/nulls=false/fixed_literal=false/literal_null=false/index=dynamic,original,46,705.0,48492145.0,Linear
2,binary_expressions/elt_arguments/elt_arguments/scalar/16384/width=16/nulls=false/fixed_literal=false/literal_null=false/index=dynamic,original,47,720.0,51061744.0,Linear
2,binary_expressions/elt_arguments/elt_arguments/scalar/16384/width=16/nulls=false/fixed_literal=false/literal_null=false/index=dynamic,original,48,735.0,50564663.0,Linear
2,binary_expressions/elt_arguments/elt_arguments/scalar/16384/width=16/nulls=false/fixed_literal=false/literal_null=false/index=dynamic,original,49,750.0,51009947.0,Linear
2,binary_expressions/elt_arguments/elt_arguments/scalar/16384/width=16/nulls=false/fixed_literal=false/literal_null=false/index=dynamic,original,50,765.0,53432918.0,Linear
2,binary_expressions/elt_arguments/elt_arguments/scalar/16384/width=16/nulls=false/fixed_literal=false/literal_null=false/index=dynamic,original,51,780.0,54252325.0,Linear
2,binary_expressions/elt_arguments/elt_arguments/scalar/16384/width=16/nulls=false/fixed_literal=false/literal_null=false/index=dynamic,original,52,795.0,55388504.0,Linear
2,binary_expressions/elt_arguments/elt_arguments/scalar/16384/width=16/nulls=false/fixed_literal=false/literal_null=false/index=dynamic,original,53,810.0,56042645.0,Linear
2,binary_expressions/elt_arguments/elt_arguments/scalar/16384/width=16/nulls=false/fixed_literal=false/literal_null=false/index=dynamic,original,54,825.0,56162187.0,Linear
2,binary_expressions/elt_arguments/elt_arguments/scalar/16384/width=16/nulls=false/fixed_literal=false/literal_null=false/index=dynamic,original,55,840.0,58183308.0,Linear
2,binary_expressions/elt_arguments/elt_arguments/scalar/16384/width=16/nulls=false/fixed_literal=false/literal_null=false/index=dynamic,original,56,855.0,59761774.0,Linear
2,binary_expressions/elt_arguments/elt_arguments/scalar/16384/width=16/nulls=false/fixed_literal=false/literal_null=false/index=dynamic,original,57,870.0,59689978.0,Linear
2,binary_expressions/elt_arguments/elt_arguments/scalar/16384/width=16/nulls=false/fixed_literal=false/literal_null=false/index=dynamic,original,58,885.0,60136435.0,Linear
2,binary_expressions/elt_arguments/elt_arguments/scalar/16384/width=16/nulls=false/fixed_literal=false/literal_null=false/index=dynamic,original,59,900.0,61703588.0,Linear
2,binary_expressions/elt_arguments/elt_arguments/scalar/16384/width=16/nulls=false/fixed_literal=false/literal_null=false/index=dynamic,original,60,915.0,63402988.0,Linear
2,binary_expressions/elt_arguments/elt_arguments/scalar/16384/width=16/nulls=false/fixed_literal=false/literal_null=false/index=dynamic,original,61,930.0,63442386.0,Linear
2,binary_expressions/elt_arguments/elt_arguments/scalar/16384/width=16/nulls=false/fixed_literal=false/literal_null=false/index=dynamic,original,62,945.0,64716506.0,Linear
2,binary_expressions/elt_arguments/elt_arguments/scalar/16384/width=16/nulls=false/fixed_literal=false/literal_null=false/index=dynamic,original,63,960.0,68388314.0,Linear
2,binary_expressions/elt_arguments/elt_arguments/scalar/16384/width=16/nulls=false/fixed_literal=false/literal_null=false/index=dynamic,original,64,975.0,67311011.0,Linear
2,binary_expressions/elt_arguments/elt_arguments/scalar/16384/width=16/nulls=false/fixed_literal=false/literal_null=false/index=dynamic,original,65,990.0,68424656.0,Linear
2,binary_expressions/elt_arguments/elt_arguments/scalar/16384/width=16/nulls=false/fixed_literal=false/literal_null=false/index=dynamic,original,66,1005.0,68953000.0,Linear
2,binary_expressions/elt_arguments/elt_arguments/scalar/16384/width=16/nulls=false/fixed_literal=false/literal_null=false/index=dynamic,original,67,1020.0,70529728.0,Linear
2,binary_expressions/elt_arguments/elt_arguments/scalar/16384/width=16/nulls=false/fixed_literal=false/literal_null=false/index=dynamic,original,68,1035.0,72283632.0,Linear
2,binary_expressions/elt_arguments/elt_arguments/scalar/16384/width=16/nulls=false/fixed_literal=false/literal_null=false/index=dynamic,original,69,1050.0,73440249.0,Linear
2,binary_expressions/elt_arguments/elt_arguments/scalar/16384/width=16/nulls=false/fixed_literal=false/literal_null=false/index=dynamic,original,70,1065.0,73483697.0,Linear
2,binary_expressions/elt_arguments/elt_arguments/scalar/16384/width=16/nulls=false/fixed_literal=false/literal_null=false/index=dynamic,original,71,1080.0,75395439.0,Linear
2,binary_expressions/elt_arguments/elt_arguments/scalar/16384/width=16/nulls=false/fixed_literal=false/literal_null=false/index=dynamic,original,72,1095.0,75418555.0,Linear
2,binary_expressions/elt_arguments/elt_arguments/scalar/16384/width=16/nulls=false/fixed_literal=false/literal_null=false/index=dynamic,original,73,1110.0,75666794.0,Linear
2,binary_expressions/elt_arguments/elt_arguments/scalar/16384/width=16/nulls=false/fixed_literal=false/literal_null=false/index=dynamic,original,74,1125.0,78425003.0,Linear
2,binary_expressions/elt_arguments/elt_arguments/scalar/16384/width=16/nulls=false/fixed_literal=false/literal_null=false/index=dynamic,original,75,1140.0,80622907.0,Linear
2,binary_expressions/elt_arguments/elt_arguments/scalar/16384/width=16/nulls=false/fixed_literal=false/literal_null=false/index=dynamic,original,76,1155.0,78138335.0,Linear
2,binary_expressions/elt_arguments/elt_arguments/scalar/16384/width=16/nulls=false/fixed_literal=false/literal_null=false/index=dynamic,original,77,1170.0,81430061.0,Linear
2,binary_expressions/elt_arguments/elt_arguments/scalar/16384/width=16/nulls=false/fixed_literal=false/literal_null=false/index=dynamic,original,78,1185.0,81971071.0,Linear
2,binary_expressions/elt_arguments/elt_arguments/scalar/16384/width=16/nulls=false/fixed_literal=false/literal_null=false/index=dynamic,original,79,1200.0,83031549.0,Linear
2,binary_expressions/elt_arguments/elt_arguments/scalar/16384/width=16/nulls=false/fixed_literal=false/literal_null=false/index=dynamic,original,80,1215.0,84629611.0,Linear
2,binary_expressions/elt_arguments/elt_arguments/scalar/16384/width=16/nulls=false/fixed_literal=false/literal_null=false/index=dynamic,original,81,1230.0,83816578.0,Linear
2,binary_expressions/elt_arguments/elt_arguments/scalar/16384/width=16/nulls=false/fixed_literal=false/literal_null=false/index=dynamic,original,82,1245.0,87693592.0,Linear
2,binary_expressions/elt_arguments/elt_arguments/scalar/16384/width=16/nulls=false/fixed_literal=false/literal_null=false/index=dynamic,original,83,1260.0,87441632.0,Linear
2,binary_expressions/elt_arguments/elt_arguments/scalar/16384/width=16/nulls=false/fixed_literal=false/literal_null=false/index=dynamic,original,84,1275.0,88572088.0,Linear
2,binary_expressions/elt_arguments/elt_arguments/scalar/16384/width=16/nulls=false/fixed_literal=false/literal_null=false/index=dynamic,original,85,1290.0,88680192.0,Linear
2,binary_expressions/elt_arguments/elt_arguments/scalar/16384/width=16/nulls=false/fixed_literal=false/literal_null=false/index=dynamic,original,86,1305.0,91167559.0,Linear
2,binary_expressions/elt_arguments/elt_arguments/scalar/16384/width=16/nulls=false/fixed_literal=false/literal_null=false/index=dynamic,original,87,1320.0,92335586.0,Linear
2,binary_expressions/elt_arguments/elt_arguments/scalar/16384/width=16/nulls=false/fixed_literal=false/literal_null=false/index=dynamic,original,88,1335.0,91370757.0,Linear
2,binary_expressions/elt_arguments/elt_arguments/scalar/16384/width=16/nulls=false/fixed_literal=false/literal_null=false/index=dynamic,original,89,1350.0,93290005.0,Linear
2,binary_expressions/elt_arguments/elt_arguments/scalar/16384/width=16/nulls=false/fixed_literal=false/literal_null=false/index=dynamic,original,90,1365.0,94317983.0,Linear
2,binary_expressions/elt_arguments/elt_arguments/scalar/16384/width=16/nulls=false/fixed_literal=false/literal_null=false/index=dynamic,original,91,1380.0,96374127.0,Linear
2,binary_expressions/elt_arguments/elt_arguments/scalar/16384/width=16/nulls=false/fixed_literal=false/literal_null=false/index=dynamic,original,92,1395.0,97083216.0,Linear
2,binary_expressions/elt_arguments/elt_arguments/scalar/16384/width=16/nulls=false/fixed_literal=false/literal_null=false/index=dynamic,original,93,1410.0,98554769.0,Linear
2,binary_expressions/elt_arguments/elt_arguments/scalar/16384/width=16/nulls=false/fixed_literal=false/literal_null=false/index=dynamic,original,94,1425.0,97530419.0,Linear
2,binary_expressions/elt_arguments/elt_arguments/scalar/16384/width=16/nulls=false/fixed_literal=false/literal_null=false/index=dynamic,original,95,1440.0,102233140.0,Linear
2,binary_expressions/elt_arguments/elt_arguments/scalar/16384/width=16/nulls=false/fixed_literal=false/literal_null=false/index=dynamic,original,96,1455.0,100213748.0,Linear
2,binary_expressions/elt_arguments/elt_arguments/scalar/16384/width=16/nulls=false/fixed_literal=false/literal_null=false/index=dynamic,original,97,1470.0,102122616.0,Linear
2,binary_expressions/elt_arguments/elt_arguments/scalar/16384/width=16/nulls=false/fixed_literal=false/literal_null=false/index=dynamic,original,98,1485.0,103613497.0,Linear
2,binary_expressions/elt_arguments/elt_arguments/scalar/16384/width=16/nulls=false/fixed_literal=false/literal_null=false/index=dynamic,original,99,1500.0,104816973.0,Linear
