package,suite,case,allocation_calls,requested_bytes,shared_output_buffer_bytes,new_output_buffer_bytes
streamfusion,binary_expressions,string_cast/16/width=1/nulls=false,23,1523,0,16
streamfusion,binary_expressions,binary_cast/16/width=1/nulls=false,23,1523,0,16
streamfusion,binary_expressions,fixed_cast/16/width=1/nulls=false,21,1339,0,16
streamfusion,binary_expressions,elt/16/width=1/nulls=false,30,1941,0,18
streamfusion,binary_expressions,string_cast/16/width=1/nulls=true,25,1643,0,18
streamfusion,binary_expressions,binary_cast/16/width=1/nulls=true,25,1643,0,18
streamfusion,binary_expressions,fixed_cast/16/width=1/nulls=true,23,1459,0,18
streamfusion,binary_expressions,elt/16/width=1/nulls=true,30,1941,0,18
streamfusion,binary_expressions,string_cast/16/width=16/nulls=false,23,1715,0,256
streamfusion,binary_expressions,binary_cast/16/width=16/nulls=false,23,1715,0,256
streamfusion,binary_expressions,fixed_cast/16/width=16/nulls=false,21,1531,0,256
streamfusion,binary_expressions,elt/16/width=16/nulls=false,30,2181,0,258
streamfusion,binary_expressions,string_cast/16/width=16/nulls=true,25,1835,0,258
streamfusion,binary_expressions,binary_cast/16/width=16/nulls=true,25,1835,0,258
streamfusion,binary_expressions,fixed_cast/16/width=16/nulls=true,23,1651,0,258
streamfusion,binary_expressions,elt/16/width=16/nulls=true,30,2181,0,258
streamfusion,binary_expressions,string_cast/16/width=256/nulls=false,23,5555,0,4096
streamfusion,binary_expressions,binary_cast/16/width=256/nulls=false,23,5555,0,4096
streamfusion,binary_expressions,fixed_cast/16/width=256/nulls=false,21,5371,0,4096
streamfusion,binary_expressions,elt/16/width=256/nulls=false,30,6021,0,4098
streamfusion,binary_expressions,string_cast/16/width=256/nulls=true,25,5675,0,4098
streamfusion,binary_expressions,binary_cast/16/width=256/nulls=true,25,5675,0,4098
streamfusion,binary_expressions,fixed_cast/16/width=256/nulls=true,23,5491,0,4098
streamfusion,binary_expressions,elt/16/width=256/nulls=true,30,6021,0,4098
streamfusion,binary_expressions,string_cast/1024/width=1/nulls=false,23,2483,0,1024
streamfusion,binary_expressions,binary_cast/1024/width=1/nulls=false,23,2483,0,1024
streamfusion,binary_expressions,fixed_cast/1024/width=1/nulls=false,21,2299,0,1024
streamfusion,binary_expressions,elt/1024/width=1/nulls=false,30,3013,0,1152
streamfusion,binary_expressions,string_cast/1024/width=1/nulls=true,25,2667,0,1152
streamfusion,binary_expressions,binary_cast/1024/width=1/nulls=true,25,2667,0,1152
streamfusion,binary_expressions,fixed_cast/1024/width=1/nulls=true,23,2483,0,1152
streamfusion,binary_expressions,elt/1024/width=1/nulls=true,30,3013,0,1152
streamfusion,binary_expressions,string_cast/1024/width=16/nulls=false,23,17843,0,16384
streamfusion,binary_expressions,binary_cast/1024/width=16/nulls=false,23,17843,0,16384
streamfusion,binary_expressions,fixed_cast/1024/width=16/nulls=false,21,17659,0,16384
streamfusion,binary_expressions,elt/1024/width=16/nulls=false,30,18373,0,16512
streamfusion,binary_expressions,string_cast/1024/width=16/nulls=true,25,18027,0,16512
streamfusion,binary_expressions,binary_cast/1024/width=16/nulls=true,25,18027,0,16512
streamfusion,binary_expressions,fixed_cast/1024/width=16/nulls=true,23,17843,0,16512
streamfusion,binary_expressions,elt/1024/width=16/nulls=true,30,18373,0,16512
streamfusion,binary_expressions,string_cast/1024/width=256/nulls=false,23,263603,0,262144
streamfusion,binary_expressions,binary_cast/1024/width=256/nulls=false,23,263603,0,262144
streamfusion,binary_expressions,fixed_cast/1024/width=256/nulls=false,21,263419,0,262144
streamfusion,binary_expressions,elt/1024/width=256/nulls=false,30,264133,0,262272
streamfusion,binary_expressions,string_cast/1024/width=256/nulls=true,25,263787,0,262272
streamfusion,binary_expressions,binary_cast/1024/width=256/nulls=true,25,263787,0,262272
streamfusion,binary_expressions,fixed_cast/1024/width=256/nulls=true,23,263603,0,262272
streamfusion,binary_expressions,elt/1024/width=256/nulls=true,30,264133,0,262272
streamfusion,binary_expressions,string_cast/16384/width=1/nulls=false,23,17843,0,16384
streamfusion,binary_expressions,binary_cast/16384/width=1/nulls=false,23,17843,0,16384
streamfusion,binary_expressions,fixed_cast/16384/width=1/nulls=false,21,17659,0,16384
streamfusion,binary_expressions,elt/16384/width=1/nulls=false,30,20293,0,18432
streamfusion,binary_expressions,string_cast/16384/width=1/nulls=true,25,19947,0,18432
streamfusion,binary_expressions,binary_cast/16384/width=1/nulls=true,25,19947,0,18432
streamfusion,binary_expressions,fixed_cast/16384/width=1/nulls=true,23,19763,0,18432
streamfusion,binary_expressions,elt/16384/width=1/nulls=true,30,20293,0,18432
streamfusion,binary_expressions,string_cast/16384/width=16/nulls=false,23,263603,0,262144
streamfusion,binary_expressions,binary_cast/16384/width=16/nulls=false,23,263603,0,262144
streamfusion,binary_expressions,fixed_cast/16384/width=16/nulls=false,21,263419,0,262144
streamfusion,binary_expressions,elt/16384/width=16/nulls=false,30,266053,0,264192
streamfusion,binary_expressions,string_cast/16384/width=16/nulls=true,25,265707,0,264192
streamfusion,binary_expressions,binary_cast/16384/width=16/nulls=true,25,265707,0,264192
streamfusion,binary_expressions,fixed_cast/16384/width=16/nulls=true,23,265523,0,264192
streamfusion,binary_expressions,elt/16384/width=16/nulls=true,30,266053,0,264192
streamfusion,binary_expressions,string_cast/16384/width=256/nulls=false,23,4195763,0,4194304
streamfusion,binary_expressions,binary_cast/16384/width=256/nulls=false,23,4195763,0,4194304
streamfusion,binary_expressions,fixed_cast/16384/width=256/nulls=false,21,4195579,0,4194304
streamfusion,binary_expressions,elt/16384/width=256/nulls=false,30,4198213,0,4196352
streamfusion,binary_expressions,string_cast/16384/width=256/nulls=true,25,4197867,0,4196352
streamfusion,binary_expressions,binary_cast/16384/width=256/nulls=true,25,4197867,0,4196352
streamfusion,binary_expressions,fixed_cast/16384/width=256/nulls=true,23,4197683,0,4196352
streamfusion,binary_expressions,elt/16384/width=256/nulls=true,30,4198213,0,4196352
streamfusion,binary_expressions,elt_arguments/scalar/16/width=1/nulls=false/fixed_literal=false/literal_null=false/index=dynamic,18,1132,0,18
streamfusion,binary_expressions,elt_arguments/expanded_control/16/width=1/nulls=false/fixed_literal=false/literal_null=false/index=dynamic,11,808,0,18
streamfusion,binary_expressions,elt_arguments/scalar/16/width=1/nulls=false/fixed_literal=false/literal_null=false/index=first,19,1244,0,16
streamfusion,binary_expressions,elt_arguments/expanded_control/16/width=1/nulls=false/fixed_literal=false/literal_null=false/index=first,12,920,0,16
streamfusion,binary_expressions,elt_arguments/scalar/16/width=1/nulls=false/fixed_literal=false/literal_null=false/index=literal,19,1244,0,16
streamfusion,binary_expressions,elt_arguments/expanded_control/16/width=1/nulls=false/fixed_literal=false/literal_null=false/index=literal,12,920,0,16
streamfusion,binary_expressions,elt_arguments/scalar/16/width=1/nulls=false/fixed_literal=false/literal_null=false/index=invalid,21,1364,0,18
streamfusion,binary_expressions,elt_arguments/expanded_control/16/width=1/nulls=false/fixed_literal=false/literal_null=false/index=invalid,14,1040,0,18
streamfusion,binary_expressions,elt_arguments/scalar/16/width=1/nulls=false/fixed_literal=false/literal_null=false/index=null,24,1446,0,18
streamfusion,binary_expressions,elt_arguments/expanded_control/16/width=1/nulls=false/fixed_literal=false/literal_null=false/index=null,17,1122,0,18
streamfusion,binary_expressions,elt_arguments/scalar/16/width=1/nulls=false/fixed_literal=false/literal_null=true/index=dynamic,19,1172,0,18
streamfusion,binary_expressions,elt_arguments/expanded_control/16/width=1/nulls=false/fixed_literal=false/literal_null=true/index=dynamic,11,808,0,18
streamfusion,binary_expressions,elt_arguments/scalar/16/width=1/nulls=false/fixed_literal=false/literal_null=true/index=first,20,1284,0,16
streamfusion,binary_expressions,elt_arguments/expanded_control/16/width=1/nulls=false/fixed_literal=false/literal_null=true/index=first,12,920,0,16
streamfusion,binary_expressions,elt_arguments/scalar/16/width=1/nulls=false/fixed_literal=false/literal_null=true/index=literal,22,1404,0,18
streamfusion,binary_expressions,elt_arguments/expanded_control/16/width=1/nulls=false/fixed_literal=false/literal_null=true/index=literal,14,1040,0,18
streamfusion,binary_expressions,elt_arguments/scalar/16/width=1/nulls=false/fixed_literal=false/literal_null=true/index=invalid,22,1404,0,18
streamfusion,binary_expressions,elt_arguments/expanded_control/16/width=1/nulls=false/fixed_literal=false/literal_null=true/index=invalid,14,1040,0,18
streamfusion,binary_expressions,elt_arguments/scalar/16/width=1/nulls=false/fixed_literal=false/literal_null=true/index=null,25,1486,0,18
streamfusion,binary_expressions,elt_arguments/expanded_control/16/width=1/nulls=false/fixed_literal=false/literal_null=true/index=null,17,1122,0,18
streamfusion,binary_expressions,elt_arguments/scalar/16/width=1/nulls=false/fixed_literal=true/literal_null=false/index=dynamic,18,1180,0,18
streamfusion,binary_expressions,elt_arguments/expanded_control/16/width=1/nulls=false/fixed_literal=true/literal_null=false/index=dynamic,11,808,0,18
streamfusion,binary_expressions,elt_arguments/scalar/16/width=1/nulls=false/fixed_literal=true/literal_null=false/index=first,19,1292,0,16
streamfusion,binary_expressions,elt_arguments/expanded_control/16/width=1/nulls=false/fixed_literal=true/literal_null=false/index=first,12,920,0,16
streamfusion,binary_expressions,elt_arguments/scalar/16/width=1/nulls=false/fixed_literal=true/literal_null=false/index=literal,19,1292,0,16
streamfusion,binary_expressions,elt_arguments/expanded_control/16/width=1/nulls=false/fixed_literal=true/literal_null=false/index=literal,12,920,0,16
streamfusion,binary_expressions,elt_arguments/scalar/16/width=1/nulls=false/fixed_literal=true/literal_null=false/index=invalid,21,1412,0,18
streamfusion,binary_expressions,elt_arguments/expanded_control/16/width=1/nulls=false/fixed_literal=true/literal_null=false/index=invalid,14,1040,0,18
streamfusion,binary_expressions,elt_arguments/scalar/16/width=1/nulls=false/fixed_literal=true/literal_null=false/index=null,24,1494,0,18
streamfusion,binary_expressions,elt_arguments/expanded_control/16/width=1/nulls=false/fixed_literal=true/literal_null=false/index=null,17,1122,0,18
streamfusion,binary_expressions,elt_arguments/scalar/16/width=1/nulls=false/fixed_literal=true/literal_null=true/index=dynamic,17,1053,0,18
streamfusion,binary_expressions,elt_arguments/expanded_control/16/width=1/nulls=false/fixed_literal=true/literal_null=true/index=dynamic,11,808,0,18
streamfusion,binary_expressions,elt_arguments/scalar/16/width=1/nulls=false/fixed_literal=true/literal_null=true/index=first,18,1165,0,16
streamfusion,binary_expressions,elt_arguments/expanded_control/16/width=1/nulls=false/fixed_literal=true/literal_null=true/index=first,12,920,0,16
streamfusion,binary_expressions,elt_arguments/scalar/16/width=1/nulls=false/fixed_literal=true/literal_null=true/index=literal,20,1285,0,18
streamfusion,binary_expressions,elt_arguments/expanded_control/16/width=1/nulls=false/fixed_literal=true/literal_null=true/index=literal,14,1040,0,18
streamfusion,binary_expressions,elt_arguments/scalar/16/width=1/nulls=false/fixed_literal=true/literal_null=true/index=invalid,20,1285,0,18
streamfusion,binary_expressions,elt_arguments/expanded_control/16/width=1/nulls=false/fixed_literal=true/literal_null=true/index=invalid,14,1040,0,18
streamfusion,binary_expressions,elt_arguments/scalar/16/width=1/nulls=false/fixed_literal=true/literal_null=true/index=null,23,1367,0,18
streamfusion,binary_expressions,elt_arguments/expanded_control/16/width=1/nulls=false/fixed_literal=true/literal_null=true/index=null,17,1122,0,18
streamfusion,binary_expressions,elt_arguments/scalar/16/width=1/nulls=true/fixed_literal=false/literal_null=false/index=dynamic,18,1132,0,18
streamfusion,binary_expressions,elt_arguments/expanded_control/16/width=1/nulls=true/fixed_literal=false/literal_null=false/index=dynamic,11,808,0,18
streamfusion,binary_expressions,elt_arguments/scalar/16/width=1/nulls=true/fixed_literal=false/literal_null=false/index=first,21,1364,0,18
streamfusion,binary_expressions,elt_arguments/expanded_control/16/width=1/nulls=true/fixed_literal=false/literal_null=false/index=first,14,1040,0,18
streamfusion,binary_expressions,elt_arguments/scalar/16/width=1/nulls=true/fixed_literal=false/literal_null=false/index=literal,19,1244,0,16
streamfusion,binary_expressions,elt_arguments/expanded_control/16/width=1/nulls=true/fixed_literal=false/literal_null=false/index=literal,12,920,0,16
streamfusion,binary_expressions,elt_arguments/scalar/16/width=1/nulls=true/fixed_literal=false/literal_null=false/index=invalid,21,1364,0,18
streamfusion,binary_expressions,elt_arguments/expanded_control/16/width=1/nulls=true/fixed_literal=false/literal_null=false/index=invalid,14,1040,0,18
streamfusion,binary_expressions,elt_arguments/scalar/16/width=1/nulls=true/fixed_literal=false/literal_null=false/index=null,24,1446,0,18
streamfusion,binary_expressions,elt_arguments/expanded_control/16/width=1/nulls=true/fixed_literal=false/literal_null=false/index=null,17,1122,0,18
streamfusion,binary_expressions,elt_arguments/scalar/16/width=1/nulls=true/fixed_literal=false/literal_null=true/index=dynamic,19,1172,0,18
streamfusion,binary_expressions,elt_arguments/expanded_control/16/width=1/nulls=true/fixed_literal=false/literal_null=true/index=dynamic,11,808,0,18
streamfusion,binary_expressions,elt_arguments/scalar/16/width=1/nulls=true/fixed_literal=false/literal_null=true/index=first,22,1404,0,18
streamfusion,binary_expressions,elt_arguments/expanded_control/16/width=1/nulls=true/fixed_literal=false/literal_null=true/index=first,14,1040,0,18
streamfusion,binary_expressions,elt_arguments/scalar/16/width=1/nulls=true/fixed_literal=false/literal_null=true/index=literal,22,1404,0,18
streamfusion,binary_expressions,elt_arguments/expanded_control/16/width=1/nulls=true/fixed_literal=false/literal_null=true/index=literal,14,1040,0,18
streamfusion,binary_expressions,elt_arguments/scalar/16/width=1/nulls=true/fixed_literal=false/literal_null=true/index=invalid,22,1404,0,18
streamfusion,binary_expressions,elt_arguments/expanded_control/16/width=1/nulls=true/fixed_literal=false/literal_null=true/index=invalid,14,1040,0,18
streamfusion,binary_expressions,elt_arguments/scalar/16/width=1/nulls=true/fixed_literal=false/literal_null=true/index=null,25,1486,0,18
streamfusion,binary_expressions,elt_arguments/expanded_control/16/width=1/nulls=true/fixed_literal=false/literal_null=true/index=null,17,1122,0,18
streamfusion,binary_expressions,elt_arguments/scalar/16/width=1/nulls=true/fixed_literal=true/literal_null=false/index=dynamic,18,1180,0,18
streamfusion,binary_expressions,elt_arguments/expanded_control/16/width=1/nulls=true/fixed_literal=true/literal_null=false/index=dynamic,11,808,0,18
streamfusion,binary_expressions,elt_arguments/scalar/16/width=1/nulls=true/fixed_literal=true/literal_null=false/index=first,21,1412,0,18
streamfusion,binary_expressions,elt_arguments/expanded_control/16/width=1/nulls=true/fixed_literal=true/literal_null=false/index=first,14,1040,0,18
streamfusion,binary_expressions,elt_arguments/scalar/16/width=1/nulls=true/fixed_literal=true/literal_null=false/index=literal,19,1292,0,16
streamfusion,binary_expressions,elt_arguments/expanded_control/16/width=1/nulls=true/fixed_literal=true/literal_null=false/index=literal,12,920,0,16
streamfusion,binary_expressions,elt_arguments/scalar/16/width=1/nulls=true/fixed_literal=true/literal_null=false/index=invalid,21,1412,0,18
streamfusion,binary_expressions,elt_arguments/expanded_control/16/width=1/nulls=true/fixed_literal=true/literal_null=false/index=invalid,14,1040,0,18
streamfusion,binary_expressions,elt_arguments/scalar/16/width=1/nulls=true/fixed_literal=true/literal_null=false/index=null,24,1494,0,18
streamfusion,binary_expressions,elt_arguments/expanded_control/16/width=1/nulls=true/fixed_literal=true/literal_null=false/index=null,17,1122,0,18
streamfusion,binary_expressions,elt_arguments/scalar/16/width=1/nulls=true/fixed_literal=true/literal_null=true/index=dynamic,17,1053,0,18
streamfusion,binary_expressions,elt_arguments/expanded_control/16/width=1/nulls=true/fixed_literal=true/literal_null=true/index=dynamic,11,808,0,18
streamfusion,binary_expressions,elt_arguments/scalar/16/width=1/nulls=true/fixed_literal=true/literal_null=true/index=first,20,1285,0,18
streamfusion,binary_expressions,elt_arguments/expanded_control/16/width=1/nulls=true/fixed_literal=true/literal_null=true/index=first,14,1040,0,18
streamfusion,binary_expressions,elt_arguments/scalar/16/width=1/nulls=true/fixed_literal=true/literal_null=true/index=literal,20,1285,0,18
streamfusion,binary_expressions,elt_arguments/expanded_control/16/width=1/nulls=true/fixed_literal=true/literal_null=true/index=literal,14,1040,0,18
streamfusion,binary_expressions,elt_arguments/scalar/16/width=1/nulls=true/fixed_literal=true/literal_null=true/index=invalid,20,1285,0,18
streamfusion,binary_expressions,elt_arguments/expanded_control/16/width=1/nulls=true/fixed_literal=true/literal_null=true/index=invalid,14,1040,0,18
streamfusion,binary_expressions,elt_arguments/scalar/16/width=1/nulls=true/fixed_literal=true/literal_null=true/index=null,23,1367,0,18
streamfusion,binary_expressions,elt_arguments/expanded_control/16/width=1/nulls=true/fixed_literal=true/literal_null=true/index=null,17,1122,0,18
streamfusion,binary_expressions,elt_arguments/scalar/16/width=16/nulls=false/fixed_literal=false/literal_null=false/index=dynamic,18,1387,0,258
streamfusion,binary_expressions,elt_arguments/expanded_control/16/width=16/nulls=false/fixed_literal=false/literal_null=false/index=dynamic,11,1048,0,258
streamfusion,binary_expressions,elt_arguments/scalar/16/width=16/nulls=false/fixed_literal=false/literal_null=false/index=first,19,1499,0,256
streamfusion,binary_expressions,elt_arguments/expanded_control/16/width=16/nulls=false/fixed_literal=false/literal_null=false/index=first,12,1160,0,256
streamfusion,binary_expressions,elt_arguments/scalar/16/width=16/nulls=false/fixed_literal=false/literal_null=false/index=literal,19,1499,0,256
streamfusion,binary_expressions,elt_arguments/expanded_control/16/width=16/nulls=false/fixed_literal=false/literal_null=false/index=literal,12,1160,0,256
streamfusion,binary_expressions,elt_arguments/scalar/16/width=16/nulls=false/fixed_literal=false/literal_null=false/index=invalid,21,1619,0,258
streamfusion,binary_expressions,elt_arguments/expanded_control/16/width=16/nulls=false/fixed_literal=false/literal_null=false/index=invalid,14,1280,0,258
streamfusion,binary_expressions,elt_arguments/scalar/16/width=16/nulls=false/fixed_literal=false/literal_null=false/index=null,24,1701,0,258
streamfusion,binary_expressions,elt_arguments/expanded_control/16/width=16/nulls=false/fixed_literal=false/literal_null=false/index=null,17,1362,0,258
streamfusion,binary_expressions,elt_arguments/scalar/16/width=16/nulls=false/fixed_literal=false/literal_null=true/index=dynamic,19,1412,0,258
streamfusion,binary_expressions,elt_arguments/expanded_control/16/width=16/nulls=false/fixed_literal=false/literal_null=true/index=dynamic,11,1048,0,258
streamfusion,binary_expressions,elt_arguments/scalar/16/width=16/nulls=false/fixed_literal=false/literal_null=true/index=first,20,1524,0,256
streamfusion,binary_expressions,elt_arguments/expanded_control/16/width=16/nulls=false/fixed_literal=false/literal_null=true/index=first,12,1160,0,256
streamfusion,binary_expressions,elt_arguments/scalar/16/width=16/nulls=false/fixed_literal=false/literal_null=true/index=literal,22,1644,0,258
streamfusion,binary_expressions,elt_arguments/expanded_control/16/width=16/nulls=false/fixed_literal=false/literal_null=true/index=literal,14,1280,0,258
streamfusion,binary_expressions,elt_arguments/scalar/16/width=16/nulls=false/fixed_literal=false/literal_null=true/index=invalid,22,1644,0,258
streamfusion,binary_expressions,elt_arguments/expanded_control/16/width=16/nulls=false/fixed_literal=false/literal_null=true/index=invalid,14,1280,0,258
streamfusion,binary_expressions,elt_arguments/scalar/16/width=16/nulls=false/fixed_literal=false/literal_null=true/index=null,25,1726,0,258
streamfusion,binary_expressions,elt_arguments/expanded_control/16/width=16/nulls=false/fixed_literal=false/literal_null=true/index=null,17,1362,0,258
streamfusion,binary_expressions,elt_arguments/scalar/16/width=16/nulls=false/fixed_literal=true/literal_null=false/index=dynamic,18,1435,0,258
streamfusion,binary_expressions,elt_arguments/expanded_control/16/width=16/nulls=false/fixed_literal=true/literal_null=false/index=dynamic,11,1048,0,258
streamfusion,binary_expressions,elt_arguments/scalar/16/width=16/nulls=false/fixed_literal=true/literal_null=false/index=first,19,1547,0,256
streamfusion,binary_expressions,elt_arguments/expanded_control/16/width=16/nulls=false/fixed_literal=true/literal_null=false/index=first,12,1160,0,256
streamfusion,binary_expressions,elt_arguments/scalar/16/width=16/nulls=false/fixed_literal=true/literal_null=false/index=literal,19,1547,0,256
streamfusion,binary_expressions,elt_arguments/expanded_control/16/width=16/nulls=false/fixed_literal=true/literal_null=false/index=literal,12,1160,0,256
streamfusion,binary_expressions,elt_arguments/scalar/16/width=16/nulls=false/fixed_literal=true/literal_null=false/index=invalid,21,1667,0,258
streamfusion,binary_expressions,elt_arguments/expanded_control/16/width=16/nulls=false/fixed_literal=true/literal_null=false/index=invalid,14,1280,0,258
streamfusion,binary_expressions,elt_arguments/scalar/16/width=16/nulls=false/fixed_literal=true/literal_null=false/index=null,24,1749,0,258
streamfusion,binary_expressions,elt_arguments/expanded_control/16/width=16/nulls=false/fixed_literal=true/literal_null=false/index=null,17,1362,0,258
streamfusion,binary_expressions,elt_arguments/scalar/16/width=16/nulls=false/fixed_literal=true/literal_null=true/index=dynamic,17,1308,0,258
streamfusion,binary_expressions,elt_arguments/expanded_control/16/width=16/nulls=false/fixed_literal=true/literal_null=true/index=dynamic,11,1048,0,258
streamfusion,binary_expressions,elt_arguments/scalar/16/width=16/nulls=false/fixed_literal=true/literal_null=true/index=first,18,1420,0,256
streamfusion,binary_expressions,elt_arguments/expanded_control/16/width=16/nulls=false/fixed_literal=true/literal_null=true/index=first,12,1160,0,256
streamfusion,binary_expressions,elt_arguments/scalar/16/width=16/nulls=false/fixed_literal=true/literal_null=true/index=literal,20,1540,0,258
streamfusion,binary_expressions,elt_arguments/expanded_control/16/width=16/nulls=false/fixed_literal=true/literal_null=true/index=literal,14,1280,0,258
streamfusion,binary_expressions,elt_arguments/scalar/16/width=16/nulls=false/fixed_literal=true/literal_null=true/index=invalid,20,1540,0,258
streamfusion,binary_expressions,elt_arguments/expanded_control/16/width=16/nulls=false/fixed_literal=true/literal_null=true/index=invalid,14,1280,0,258
streamfusion,binary_expressions,elt_arguments/scalar/16/width=16/nulls=false/fixed_literal=true/literal_null=true/index=null,23,1622,0,258
streamfusion,binary_expressions,elt_arguments/expanded_control/16/width=16/nulls=false/fixed_literal=true/literal_null=true/index=null,17,1362,0,258
streamfusion,binary_expressions,elt_arguments/scalar/16/width=16/nulls=true/fixed_literal=false/literal_null=false/index=dynamic,18,1387,0,258
streamfusion,binary_expressions,elt_arguments/expanded_control/16/width=16/nulls=true/fixed_literal=false/literal_null=false/index=dynamic,11,1048,0,258
streamfusion,binary_expressions,elt_arguments/scalar/16/width=16/nulls=true/fixed_literal=false/literal_null=false/index=first,21,1619,0,258
streamfusion,binary_expressions,elt_arguments/expanded_control/16/width=16/nulls=true/fixed_literal=false/literal_null=false/index=first,14,1280,0,258
streamfusion,binary_expressions,elt_arguments/scalar/16/width=16/nulls=true/fixed_literal=false/literal_null=false/index=literal,19,1499,0,256
streamfusion,binary_expressions,elt_arguments/expanded_control/16/width=16/nulls=true/fixed_literal=false/literal_null=false/index=literal,12,1160,0,256
streamfusion,binary_expressions,elt_arguments/scalar/16/width=16/nulls=true/fixed_literal=false/literal_null=false/index=invalid,21,1619,0,258
streamfusion,binary_expressions,elt_arguments/expanded_control/16/width=16/nulls=true/fixed_literal=false/literal_null=false/index=invalid,14,1280,0,258
streamfusion,binary_expressions,elt_arguments/scalar/16/width=16/nulls=true/fixed_literal=false/literal_null=false/index=null,24,1701,0,258
streamfusion,binary_expressions,elt_arguments/expanded_control/16/width=16/nulls=true/fixed_literal=false/literal_null=false/index=null,17,1362,0,258
streamfusion,binary_expressions,elt_arguments/scalar/16/width=16/nulls=true/fixed_literal=false/literal_null=true/index=dynamic,19,1412,0,258
streamfusion,binary_expressions,elt_arguments/expanded_control/16/width=16/nulls=true/fixed_literal=false/literal_null=true/index=dynamic,11,1048,0,258
streamfusion,binary_expressions,elt_arguments/scalar/16/width=16/nulls=true/fixed_literal=false/literal_null=true/index=first,22,1644,0,258
streamfusion,binary_expressions,elt_arguments/expanded_control/16/width=16/nulls=true/fixed_literal=false/literal_null=true/index=first,14,1280,0,258
streamfusion,binary_expressions,elt_arguments/scalar/16/width=16/nulls=true/fixed_literal=false/literal_null=true/index=literal,22,1644,0,258
streamfusion,binary_expressions,elt_arguments/expanded_control/16/width=16/nulls=true/fixed_literal=false/literal_null=true/index=literal,14,1280,0,258
streamfusion,binary_expressions,elt_arguments/scalar/16/width=16/nulls=true/fixed_literal=false/literal_null=true/index=invalid,22,1644,0,258
streamfusion,binary_expressions,elt_arguments/expanded_control/16/width=16/nulls=true/fixed_literal=false/literal_null=true/index=invalid,14,1280,0,258
streamfusion,binary_expressions,elt_arguments/scalar/16/width=16/nulls=true/fixed_literal=false/literal_null=true/index=null,25,1726,0,258
streamfusion,binary_expressions,elt_arguments/expanded_control/16/width=16/nulls=true/fixed_literal=false/literal_null=true/index=null,17,1362,0,258
streamfusion,binary_expressions,elt_arguments/scalar/16/width=16/nulls=true/fixed_literal=true/literal_null=false/index=dynamic,18,1435,0,258
streamfusion,binary_expressions,elt_arguments/expanded_control/16/width=16/nulls=true/fixed_literal=true/literal_null=false/index=dynamic,11,1048,0,258
streamfusion,binary_expressions,elt_arguments/scalar/16/width=16/nulls=true/fixed_literal=true/literal_null=false/index=first,21,1667,0,258
streamfusion,binary_expressions,elt_arguments/expanded_control/16/width=16/nulls=true/fixed_literal=true/literal_null=false/index=first,14,1280,0,258
streamfusion,binary_expressions,elt_arguments/scalar/16/width=16/nulls=true/fixed_literal=true/literal_null=false/index=literal,19,1547,0,256
streamfusion,binary_expressions,elt_arguments/expanded_control/16/width=16/nulls=true/fixed_literal=true/literal_null=false/index=literal,12,1160,0,256
streamfusion,binary_expressions,elt_arguments/scalar/16/width=16/nulls=true/fixed_literal=true/literal_null=false/index=invalid,21,1667,0,258
streamfusion,binary_expressions,elt_arguments/expanded_control/16/width=16/nulls=true/fixed_literal=true/literal_null=false/index=invalid,14,1280,0,258
streamfusion,binary_expressions,elt_arguments/scalar/16/width=16/nulls=true/fixed_literal=true/literal_null=false/index=null,24,1749,0,258
streamfusion,binary_expressions,elt_arguments/expanded_control/16/width=16/nulls=true/fixed_literal=true/literal_null=false/index=null,17,1362,0,258
streamfusion,binary_expressions,elt_arguments/scalar/16/width=16/nulls=true/fixed_literal=true/literal_null=true/index=dynamic,17,1308,0,258
streamfusion,binary_expressions,elt_arguments/expanded_control/16/width=16/nulls=true/fixed_literal=true/literal_null=true/index=dynamic,11,1048,0,258
streamfusion,binary_expressions,elt_arguments/scalar/16/width=16/nulls=true/fixed_literal=true/literal_null=true/index=first,20,1540,0,258
streamfusion,binary_expressions,elt_arguments/expanded_control/16/width=16/nulls=true/fixed_literal=true/literal_null=true/index=first,14,1280,0,258
streamfusion,binary_expressions,elt_arguments/scalar/16/width=16/nulls=true/fixed_literal=true/literal_null=true/index=literal,20,1540,0,258
streamfusion,binary_expressions,elt_arguments/expanded_control/16/width=16/nulls=true/fixed_literal=true/literal_null=true/index=literal,14,1280,0,258
streamfusion,binary_expressions,elt_arguments/scalar/16/width=16/nulls=true/fixed_literal=true/literal_null=true/index=invalid,20,1540,0,258
streamfusion,binary_expressions,elt_arguments/expanded_control/16/width=16/nulls=true/fixed_literal=true/literal_null=true/index=invalid,14,1280,0,258
streamfusion,binary_expressions,elt_arguments/scalar/16/width=16/nulls=true/fixed_literal=true/literal_null=true/index=null,23,1622,0,258
streamfusion,binary_expressions,elt_arguments/expanded_control/16/width=16/nulls=true/fixed_literal=true/literal_null=true/index=null,17,1362,0,258
streamfusion,binary_expressions,elt_arguments/scalar/16/width=256/nulls=false/fixed_literal=false/literal_null=false/index=dynamic,18,5659,0,4098
streamfusion,binary_expressions,elt_arguments/expanded_control/16/width=256/nulls=false/fixed_literal=false/literal_null=false/index=dynamic,11,4888,0,4098
streamfusion,binary_expressions,elt_arguments/scalar/16/width=256/nulls=false/fixed_literal=false/literal_null=false/index=first,19,5771,0,4096
streamfusion,binary_expressions,elt_arguments/expanded_control/16/width=256/nulls=false/fixed_literal=false/literal_null=false/index=first,12,5000,0,4096
streamfusion,binary_expressions,elt_arguments/scalar/16/width=256/nulls=false/fixed_literal=false/literal_null=false/index=literal,19,5771,0,4096
streamfusion,binary_expressions,elt_arguments/expanded_control/16/width=256/nulls=false/fixed_literal=false/literal_null=false/index=literal,12,5000,0,4096
streamfusion,binary_expressions,elt_arguments/scalar/16/width=256/nulls=false/fixed_literal=false/literal_null=false/index=invalid,21,5891,0,4098
streamfusion,binary_expressions,elt_arguments/expanded_control/16/width=256/nulls=false/fixed_literal=false/literal_null=false/index=invalid,14,5120,0,4098
streamfusion,binary_expressions,elt_arguments/scalar/16/width=256/nulls=false/fixed_literal=false/literal_null=false/index=null,24,5973,0,4098
streamfusion,binary_expressions,elt_arguments/expanded_control/16/width=256/nulls=false/fixed_literal=false/literal_null=false/index=null,17,5202,0,4098
streamfusion,binary_expressions,elt_arguments/scalar/16/width=256/nulls=false/fixed_literal=false/literal_null=true/index=dynamic,19,5252,0,4098
streamfusion,binary_expressions,elt_arguments/expanded_control/16/width=256/nulls=false/fixed_literal=false/literal_null=true/index=dynamic,11,4888,0,4098
streamfusion,binary_expressions,elt_arguments/scalar/16/width=256/nulls=false/fixed_literal=false/literal_null=true/index=first,20,5364,0,4096
streamfusion,binary_expressions,elt_arguments/expanded_control/16/width=256/nulls=false/fixed_literal=false/literal_null=true/index=first,12,5000,0,4096
streamfusion,binary_expressions,elt_arguments/scalar/16/width=256/nulls=false/fixed_literal=false/literal_null=true/index=literal,22,5484,0,4098
streamfusion,binary_expressions,elt_arguments/expanded_control/16/width=256/nulls=false/fixed_literal=false/literal_null=true/index=literal,14,5120,0,4098
streamfusion,binary_expressions,elt_arguments/scalar/16/width=256/nulls=false/fixed_literal=false/literal_null=true/index=invalid,22,5484,0,4098
streamfusion,binary_expressions,elt_arguments/expanded_control/16/width=256/nulls=false/fixed_literal=false/literal_null=true/index=invalid,14,5120,0,4098
streamfusion,binary_expressions,elt_arguments/scalar/16/width=256/nulls=false/fixed_literal=false/literal_null=true/index=null,25,5566,0,4098
streamfusion,binary_expressions,elt_arguments/expanded_control/16/width=256/nulls=false/fixed_literal=false/literal_null=true/index=null,17,5202,0,4098
streamfusion,binary_expressions,elt_arguments/scalar/16/width=256/nulls=false/fixed_literal=true/literal_null=false/index=dynamic,18,5707,0,4098
streamfusion,binary_expressions,elt_arguments/expanded_control/16/width=256/nulls=false/fixed_literal=true/literal_null=false/index=dynamic,11,4888,0,4098
streamfusion,binary_expressions,elt_arguments/scalar/16/width=256/nulls=false/fixed_literal=true/literal_null=false/index=first,19,5819,0,4096
streamfusion,binary_expressions,elt_arguments/expanded_control/16/width=256/nulls=false/fixed_literal=true/literal_null=false/index=first,12,5000,0,4096
streamfusion,binary_expressions,elt_arguments/scalar/16/width=256/nulls=false/fixed_literal=true/literal_null=false/index=literal,19,5819,0,4096
streamfusion,binary_expressions,elt_arguments/expanded_control/16/width=256/nulls=false/fixed_literal=true/literal_null=false/index=literal,12,5000,0,4096
streamfusion,binary_expressions,elt_arguments/scalar/16/width=256/nulls=false/fixed_literal=true/literal_null=false/index=invalid,21,5939,0,4098
streamfusion,binary_expressions,elt_arguments/expanded_control/16/width=256/nulls=false/fixed_literal=true/literal_null=false/index=invalid,14,5120,0,4098
streamfusion,binary_expressions,elt_arguments/scalar/16/width=256/nulls=false/fixed_literal=true/literal_null=false/index=null,24,6021,0,4098
streamfusion,binary_expressions,elt_arguments/expanded_control/16/width=256/nulls=false/fixed_literal=true/literal_null=false/index=null,17,5202,0,4098
streamfusion,binary_expressions,elt_arguments/scalar/16/width=256/nulls=false/fixed_literal=true/literal_null=true/index=dynamic,17,5388,0,4098
streamfusion,binary_expressions,elt_arguments/expanded_control/16/width=256/nulls=false/fixed_literal=true/literal_null=true/index=dynamic,11,4888,0,4098
streamfusion,binary_expressions,elt_arguments/scalar/16/width=256/nulls=false/fixed_literal=true/literal_null=true/index=first,18,5500,0,4096
streamfusion,binary_expressions,elt_arguments/expanded_control/16/width=256/nulls=false/fixed_literal=true/literal_null=true/index=first,12,5000,0,4096
streamfusion,binary_expressions,elt_arguments/scalar/16/width=256/nulls=false/fixed_literal=true/literal_null=true/index=literal,20,5620,0,4098
streamfusion,binary_expressions,elt_arguments/expanded_control/16/width=256/nulls=false/fixed_literal=true/literal_null=true/index=literal,14,5120,0,4098
streamfusion,binary_expressions,elt_arguments/scalar/16/width=256/nulls=false/fixed_literal=true/literal_null=true/index=invalid,20,5620,0,4098
streamfusion,binary_expressions,elt_arguments/expanded_control/16/width=256/nulls=false/fixed_literal=true/literal_null=true/index=invalid,14,5120,0,4098
streamfusion,binary_expressions,elt_arguments/scalar/16/width=256/nulls=false/fixed_literal=true/literal_null=true/index=null,23,5702,0,4098
streamfusion,binary_expressions,elt_arguments/expanded_control/16/width=256/nulls=false/fixed_literal=true/literal_null=true/index=null,17,5202,0,4098
streamfusion,binary_expressions,elt_arguments/scalar/16/width=256/nulls=true/fixed_literal=false/literal_null=false/index=dynamic,18,5659,0,4098
streamfusion,binary_expressions,elt_arguments/expanded_control/16/width=256/nulls=true/fixed_literal=false/literal_null=false/index=dynamic,11,4888,0,4098
streamfusion,binary_expressions,elt_arguments/scalar/16/width=256/nulls=true/fixed_literal=false/literal_null=false/index=first,21,5891,0,4098
streamfusion,binary_expressions,elt_arguments/expanded_control/16/width=256/nulls=true/fixed_literal=false/literal_null=false/index=first,14,5120,0,4098
streamfusion,binary_expressions,elt_arguments/scalar/16/width=256/nulls=true/fixed_literal=false/literal_null=false/index=literal,19,5771,0,4096
streamfusion,binary_expressions,elt_arguments/expanded_control/16/width=256/nulls=true/fixed_literal=false/literal_null=false/index=literal,12,5000,0,4096
streamfusion,binary_expressions,elt_arguments/scalar/16/width=256/nulls=true/fixed_literal=false/literal_null=false/index=invalid,21,5891,0,4098
streamfusion,binary_expressions,elt_arguments/expanded_control/16/width=256/nulls=true/fixed_literal=false/literal_null=false/index=invalid,14,5120,0,4098
streamfusion,binary_expressions,elt_arguments/scalar/16/width=256/nulls=true/fixed_literal=false/literal_null=false/index=null,24,5973,0,4098
streamfusion,binary_expressions,elt_arguments/expanded_control/16/width=256/nulls=true/fixed_literal=false/literal_null=false/index=null,17,5202,0,4098
streamfusion,binary_expressions,elt_arguments/scalar/16/width=256/nulls=true/fixed_literal=false/literal_null=true/index=dynamic,19,5252,0,4098
streamfusion,binary_expressions,elt_arguments/expanded_control/16/width=256/nulls=true/fixed_literal=false/literal_null=true/index=dynamic,11,4888,0,4098
streamfusion,binary_expressions,elt_arguments/scalar/16/width=256/nulls=true/fixed_literal=false/literal_null=true/index=first,22,5484,0,4098
streamfusion,binary_expressions,elt_arguments/expanded_control/16/width=256/nulls=true/fixed_literal=false/literal_null=true/index=first,14,5120,0,4098
streamfusion,binary_expressions,elt_arguments/scalar/16/width=256/nulls=true/fixed_literal=false/literal_null=true/index=literal,22,5484,0,4098
streamfusion,binary_expressions,elt_arguments/expanded_control/16/width=256/nulls=true/fixed_literal=false/literal_null=true/index=literal,14,5120,0,4098
streamfusion,binary_expressions,elt_arguments/scalar/16/width=256/nulls=true/fixed_literal=false/literal_null=true/index=invalid,22,5484,0,4098
streamfusion,binary_expressions,elt_arguments/expanded_control/16/width=256/nulls=true/fixed_literal=false/literal_null=true/index=invalid,14,5120,0,4098
streamfusion,binary_expressions,elt_arguments/scalar/16/width=256/nulls=true/fixed_literal=false/literal_null=true/index=null,25,5566,0,4098
streamfusion,binary_expressions,elt_arguments/expanded_control/16/width=256/nulls=true/fixed_literal=false/literal_null=true/index=null,17,5202,0,4098
streamfusion,binary_expressions,elt_arguments/scalar/16/width=256/nulls=true/fixed_literal=true/literal_null=false/index=dynamic,18,5707,0,4098
streamfusion,binary_expressions,elt_arguments/expanded_control/16/width=256/nulls=true/fixed_literal=true/literal_null=false/index=dynamic,11,4888,0,4098
streamfusion,binary_expressions,elt_arguments/scalar/16/width=256/nulls=true/fixed_literal=true/literal_null=false/index=first,21,5939,0,4098
streamfusion,binary_expressions,elt_arguments/expanded_control/16/width=256/nulls=true/fixed_literal=true/literal_null=false/index=first,14,5120,0,4098
streamfusion,binary_expressions,elt_arguments/scalar/16/width=256/nulls=true/fixed_literal=true/literal_null=false/index=literal,19,5819,0,4096
streamfusion,binary_expressions,elt_arguments/expanded_control/16/width=256/nulls=true/fixed_literal=true/literal_null=false/index=literal,12,5000,0,4096
streamfusion,binary_expressions,elt_arguments/scalar/16/width=256/nulls=true/fixed_literal=true/literal_null=false/index=invalid,21,5939,0,4098
streamfusion,binary_expressions,elt_arguments/expanded_control/16/width=256/nulls=true/fixed_literal=true/literal_null=false/index=invalid,14,5120,0,4098
streamfusion,binary_expressions,elt_arguments/scalar/16/width=256/nulls=true/fixed_literal=true/literal_null=false/index=null,24,6021,0,4098
streamfusion,binary_expressions,elt_arguments/expanded_control/16/width=256/nulls=true/fixed_literal=true/literal_null=false/index=null,17,5202,0,4098
streamfusion,binary_expressions,elt_arguments/scalar/16/width=256/nulls=true/fixed_literal=true/literal_null=true/index=dynamic,17,5388,0,4098
streamfusion,binary_expressions,elt_arguments/expanded_control/16/width=256/nulls=true/fixed_literal=true/literal_null=true/index=dynamic,11,4888,0,4098
streamfusion,binary_expressions,elt_arguments/scalar/16/width=256/nulls=true/fixed_literal=true/literal_null=true/index=first,20,5620,0,4098
streamfusion,binary_expressions,elt_arguments/expanded_control/16/width=256/nulls=true/fixed_literal=true/literal_null=true/index=first,14,5120,0,4098
streamfusion,binary_expressions,elt_arguments/scalar/16/width=256/nulls=true/fixed_literal=true/literal_null=true/index=literal,20,5620,0,4098
streamfusion,binary_expressions,elt_arguments/expanded_control/16/width=256/nulls=true/fixed_literal=true/literal_null=true/index=literal,14,5120,0,4098
streamfusion,binary_expressions,elt_arguments/scalar/16/width=256/nulls=true/fixed_literal=true/literal_null=true/index=invalid,20,5620,0,4098
streamfusion,binary_expressions,elt_arguments/expanded_control/16/width=256/nulls=true/fixed_literal=true/literal_null=true/index=invalid,14,5120,0,4098
streamfusion,binary_expressions,elt_arguments/scalar/16/width=256/nulls=true/fixed_literal=true/literal_null=true/index=null,23,5702,0,4098
streamfusion,binary_expressions,elt_arguments/expanded_control/16/width=256/nulls=true/fixed_literal=true/literal_null=true/index=null,17,5202,0,4098
streamfusion,binary_expressions,elt_arguments/scalar/1024/width=1/nulls=false/fixed_literal=false/literal_null=false/index=dynamic,18,2204,0,1152
streamfusion,binary_expressions,elt_arguments/expanded_control/1024/width=1/nulls=false/fixed_literal=false/literal_null=false/index=dynamic,11,1880,0,1152
streamfusion,binary_expressions,elt_arguments/scalar/1024/width=1/nulls=false/fixed_literal=false/literal_null=false/index=first,19,6284,0,1024
streamfusion,binary_expressions,elt_arguments/expanded_control/1024/width=1/nulls=false/fixed_literal=false/literal_null=false/index=first,12,5960,0,1024
streamfusion,binary_expressions,elt_arguments/scalar/1024/width=1/nulls=false/fixed_literal=false/literal_null=false/index=literal,19,6284,0,1024
streamfusion,binary_expressions,elt_arguments/expanded_control/1024/width=1/nulls=false/fixed_literal=false/literal_null=false/index=literal,12,5960,0,1024
streamfusion,binary_expressions,elt_arguments/scalar/1024/width=1/nulls=false/fixed_literal=false/literal_null=false/index=invalid,21,6468,0,1152
streamfusion,binary_expressions,elt_arguments/expanded_control/1024/width=1/nulls=false/fixed_literal=false/literal_null=false/index=invalid,14,6144,0,1152
streamfusion,binary_expressions,elt_arguments/scalar/1024/width=1/nulls=false/fixed_literal=false/literal_null=false/index=null,24,6676,0,1152
streamfusion,binary_expressions,elt_arguments/expanded_control/1024/width=1/nulls=false/fixed_literal=false/literal_null=false/index=null,17,6352,0,1152
streamfusion,binary_expressions,elt_arguments/scalar/1024/width=1/nulls=false/fixed_literal=false/literal_null=true/index=dynamic,19,2244,0,1152
streamfusion,binary_expressions,elt_arguments/expanded_control/1024/width=1/nulls=false/fixed_literal=false/literal_null=true/index=dynamic,11,1880,0,1152
streamfusion,binary_expressions,elt_arguments/scalar/1024/width=1/nulls=false/fixed_literal=false/literal_null=true/index=first,20,6324,0,1024
streamfusion,binary_expressions,elt_arguments/expanded_control/1024/width=1/nulls=false/fixed_literal=false/literal_null=true/index=first,12,5960,0,1024
streamfusion,binary_expressions,elt_arguments/scalar/1024/width=1/nulls=false/fixed_literal=false/literal_null=true/index=literal,22,6508,0,1152
streamfusion,binary_expressions,elt_arguments/expanded_control/1024/width=1/nulls=false/fixed_literal=false/literal_null=true/index=literal,14,6144,0,1152
streamfusion,binary_expressions,elt_arguments/scalar/1024/width=1/nulls=false/fixed_literal=false/literal_null=true/index=invalid,22,6508,0,1152
streamfusion,binary_expressions,elt_arguments/expanded_control/1024/width=1/nulls=false/fixed_literal=false/literal_null=true/index=invalid,14,6144,0,1152
streamfusion,binary_expressions,elt_arguments/scalar/1024/width=1/nulls=false/fixed_literal=false/literal_null=true/index=null,25,6716,0,1152
streamfusion,binary_expressions,elt_arguments/expanded_control/1024/width=1/nulls=false/fixed_literal=false/literal_null=true/index=null,17,6352,0,1152
streamfusion,binary_expressions,elt_arguments/scalar/1024/width=1/nulls=false/fixed_literal=true/literal_null=false/index=dynamic,18,2252,0,1152
streamfusion,binary_expressions,elt_arguments/expanded_control/1024/width=1/nulls=false/fixed_literal=true/literal_null=false/index=dynamic,11,1880,0,1152
streamfusion,binary_expressions,elt_arguments/scalar/1024/width=1/nulls=false/fixed_literal=true/literal_null=false/index=first,19,6332,0,1024
streamfusion,binary_expressions,elt_arguments/expanded_control/1024/width=1/nulls=false/fixed_literal=true/literal_null=false/index=first,12,5960,0,1024
streamfusion,binary_expressions,elt_arguments/scalar/1024/width=1/nulls=false/fixed_literal=true/literal_null=false/index=literal,19,6332,0,1024
streamfusion,binary_expressions,elt_arguments/expanded_control/1024/width=1/nulls=false/fixed_literal=true/literal_null=false/index=literal,12,5960,0,1024
streamfusion,binary_expressions,elt_arguments/scalar/1024/width=1/nulls=false/fixed_literal=true/literal_null=false/index=invalid,21,6516,0,1152
streamfusion,binary_expressions,elt_arguments/expanded_control/1024/width=1/nulls=false/fixed_literal=true/literal_null=false/index=invalid,14,6144,0,1152
streamfusion,binary_expressions,elt_arguments/scalar/1024/width=1/nulls=false/fixed_literal=true/literal_null=false/index=null,24,6724,0,1152
streamfusion,binary_expressions,elt_arguments/expanded_control/1024/width=1/nulls=false/fixed_literal=true/literal_null=false/index=null,17,6352,0,1152
streamfusion,binary_expressions,elt_arguments/scalar/1024/width=1/nulls=false/fixed_literal=true/literal_null=true/index=dynamic,17,2125,0,1152
streamfusion,binary_expressions,elt_arguments/expanded_control/1024/width=1/nulls=false/fixed_literal=true/literal_null=true/index=dynamic,11,1880,0,1152
streamfusion,binary_expressions,elt_arguments/scalar/1024/width=1/nulls=false/fixed_literal=true/literal_null=true/index=first,18,6205,0,1024
streamfusion,binary_expressions,elt_arguments/expanded_control/1024/width=1/nulls=false/fixed_literal=true/literal_null=true/index=first,12,5960,0,1024
streamfusion,binary_expressions,elt_arguments/scalar/1024/width=1/nulls=false/fixed_literal=true/literal_null=true/index=literal,20,6389,0,1152
streamfusion,binary_expressions,elt_arguments/expanded_control/1024/width=1/nulls=false/fixed_literal=true/literal_null=true/index=literal,14,6144,0,1152
streamfusion,binary_expressions,elt_arguments/scalar/1024/width=1/nulls=false/fixed_literal=true/literal_null=true/index=invalid,20,6389,0,1152
streamfusion,binary_expressions,elt_arguments/expanded_control/1024/width=1/nulls=false/fixed_literal=true/literal_null=true/index=invalid,14,6144,0,1152
streamfusion,binary_expressions,elt_arguments/scalar/1024/width=1/nulls=false/fixed_literal=true/literal_null=true/index=null,23,6597,0,1152
streamfusion,binary_expressions,elt_arguments/expanded_control/1024/width=1/nulls=false/fixed_literal=true/literal_null=true/index=null,17,6352,0,1152
streamfusion,binary_expressions,elt_arguments/scalar/1024/width=1/nulls=true/fixed_literal=false/literal_null=false/index=dynamic,18,2204,0,1152
streamfusion,binary_expressions,elt_arguments/expanded_control/1024/width=1/nulls=true/fixed_literal=false/literal_null=false/index=dynamic,11,1880,0,1152
streamfusion,binary_expressions,elt_arguments/scalar/1024/width=1/nulls=true/fixed_literal=false/literal_null=false/index=first,21,6468,0,1152
streamfusion,binary_expressions,elt_arguments/expanded_control/1024/width=1/nulls=true/fixed_literal=false/literal_null=false/index=first,14,6144,0,1152
streamfusion,binary_expressions,elt_arguments/scalar/1024/width=1/nulls=true/fixed_literal=false/literal_null=false/index=literal,19,6284,0,1024
streamfusion,binary_expressions,elt_arguments/expanded_control/1024/width=1/nulls=true/fixed_literal=false/literal_null=false/index=literal,12,5960,0,1024
streamfusion,binary_expressions,elt_arguments/scalar/1024/width=1/nulls=true/fixed_literal=false/literal_null=false/index=invalid,21,6468,0,1152
streamfusion,binary_expressions,elt_arguments/expanded_control/1024/width=1/nulls=true/fixed_literal=false/literal_null=false/index=invalid,14,6144,0,1152
streamfusion,binary_expressions,elt_arguments/scalar/1024/width=1/nulls=true/fixed_literal=false/literal_null=false/index=null,24,6676,0,1152
streamfusion,binary_expressions,elt_arguments/expanded_control/1024/width=1/nulls=true/fixed_literal=false/literal_null=false/index=null,17,6352,0,1152
streamfusion,binary_expressions,elt_arguments/scalar/1024/width=1/nulls=true/fixed_literal=false/literal_null=true/index=dynamic,19,2244,0,1152
streamfusion,binary_expressions,elt_arguments/expanded_control/1024/width=1/nulls=true/fixed_literal=false/literal_null=true/index=dynamic,11,1880,0,1152
streamfusion,binary_expressions,elt_arguments/scalar/1024/width=1/nulls=true/fixed_literal=false/literal_null=true/index=first,22,6508,0,1152
streamfusion,binary_expressions,elt_arguments/expanded_control/1024/width=1/nulls=true/fixed_literal=false/literal_null=true/index=first,14,6144,0,1152
streamfusion,binary_expressions,elt_arguments/scalar/1024/width=1/nulls=true/fixed_literal=false/literal_null=true/index=literal,22,6508,0,1152
streamfusion,binary_expressions,elt_arguments/expanded_control/1024/width=1/nulls=true/fixed_literal=false/literal_null=true/index=literal,14,6144,0,1152
streamfusion,binary_expressions,elt_arguments/scalar/1024/width=1/nulls=true/fixed_literal=false/literal_null=true/index=invalid,22,6508,0,1152
streamfusion,binary_expressions,elt_arguments/expanded_control/1024/width=1/nulls=true/fixed_literal=false/literal_null=true/index=invalid,14,6144,0,1152
streamfusion,binary_expressions,elt_arguments/scalar/1024/width=1/nulls=true/fixed_literal=false/literal_null=true/index=null,25,6716,0,1152
streamfusion,binary_expressions,elt_arguments/expanded_control/1024/width=1/nulls=true/fixed_literal=false/literal_null=true/index=null,17,6352,0,1152
streamfusion,binary_expressions,elt_arguments/scalar/1024/width=1/nulls=true/fixed_literal=true/literal_null=false/index=dynamic,18,2252,0,1152
streamfusion,binary_expressions,elt_arguments/expanded_control/1024/width=1/nulls=true/fixed_literal=true/literal_null=false/index=dynamic,11,1880,0,1152
streamfusion,binary_expressions,elt_arguments/scalar/1024/width=1/nulls=true/fixed_literal=true/literal_null=false/index=first,21,6516,0,1152
streamfusion,binary_expressions,elt_arguments/expanded_control/1024/width=1/nulls=true/fixed_literal=true/literal_null=false/index=first,14,6144,0,1152
streamfusion,binary_expressions,elt_arguments/scalar/1024/width=1/nulls=true/fixed_literal=true/literal_null=false/index=literal,19,6332,0,1024
streamfusion,binary_expressions,elt_arguments/expanded_control/1024/width=1/nulls=true/fixed_literal=true/literal_null=false/index=literal,12,5960,0,1024
streamfusion,binary_expressions,elt_arguments/scalar/1024/width=1/nulls=true/fixed_literal=true/literal_null=false/index=invalid,21,6516,0,1152
streamfusion,binary_expressions,elt_arguments/expanded_control/1024/width=1/nulls=true/fixed_literal=true/literal_null=false/index=invalid,14,6144,0,1152
streamfusion,binary_expressions,elt_arguments/scalar/1024/width=1/nulls=true/fixed_literal=true/literal_null=false/index=null,24,6724,0,1152
streamfusion,binary_expressions,elt_arguments/expanded_control/1024/width=1/nulls=true/fixed_literal=true/literal_null=false/index=null,17,6352,0,1152
streamfusion,binary_expressions,elt_arguments/scalar/1024/width=1/nulls=true/fixed_literal=true/literal_null=true/index=dynamic,17,2125,0,1152
streamfusion,binary_expressions,elt_arguments/expanded_control/1024/width=1/nulls=true/fixed_literal=true/literal_null=true/index=dynamic,11,1880,0,1152
streamfusion,binary_expressions,elt_arguments/scalar/1024/width=1/nulls=true/fixed_literal=true/literal_null=true/index=first,20,6389,0,1152
streamfusion,binary_expressions,elt_arguments/expanded_control/1024/width=1/nulls=true/fixed_literal=true/literal_null=true/index=first,14,6144,0,1152
streamfusion,binary_expressions,elt_arguments/scalar/1024/width=1/nulls=true/fixed_literal=true/literal_null=true/index=literal,20,6389,0,1152
streamfusion,binary_expressions,elt_arguments/expanded_control/1024/width=1/nulls=true/fixed_literal=true/literal_null=true/index=literal,14,6144,0,1152
streamfusion,binary_expressions,elt_arguments/scalar/1024/width=1/nulls=true/fixed_literal=true/literal_null=true/index=invalid,20,6389,0,1152
streamfusion,binary_expressions,elt_arguments/expanded_control/1024/width=1/nulls=true/fixed_literal=true/literal_null=true/index=invalid,14,6144,0,1152
streamfusion,binary_expressions,elt_arguments/scalar/1024/width=1/nulls=true/fixed_literal=true/literal_null=true/index=null,23,6597,0,1152
streamfusion,binary_expressions,elt_arguments/expanded_control/1024/width=1/nulls=true/fixed_literal=true/literal_null=true/index=null,17,6352,0,1152
streamfusion,binary_expressions,elt_arguments/scalar/1024/width=16/nulls=false/fixed_literal=false/literal_null=false/index=dynamic,18,17579,0,16512
streamfusion,binary_expressions,elt_arguments/expanded_control/1024/width=16/nulls=false/fixed_literal=false/literal_null=false/index=dynamic,11,17240,0,16512
streamfusion,binary_expressions,elt_arguments/scalar/1024/width=16/nulls=false/fixed_literal=false/literal_null=false/index=first,19,21659,0,16384
streamfusion,binary_expressions,elt_arguments/expanded_control/1024/width=16/nulls=false/fixed_literal=false/literal_null=false/index=first,12,21320,0,16384
streamfusion,binary_expressions,elt_arguments/scalar/1024/width=16/nulls=false/fixed_literal=false/literal_null=false/index=literal,19,21659,0,16384
streamfusion,binary_expressions,elt_arguments/expanded_control/1024/width=16/nulls=false/fixed_literal=false/literal_null=false/index=literal,12,21320,0,16384
streamfusion,binary_expressions,elt_arguments/scalar/1024/width=16/nulls=false/fixed_literal=false/literal_null=false/index=invalid,21,21843,0,16512
streamfusion,binary_expressions,elt_arguments/expanded_control/1024/width=16/nulls=false/fixed_literal=false/literal_null=false/index=invalid,14,21504,0,16512
streamfusion,binary_expressions,elt_arguments/scalar/1024/width=16/nulls=false/fixed_literal=false/literal_null=false/index=null,24,22051,0,16512
streamfusion,binary_expressions,elt_arguments/expanded_control/1024/width=16/nulls=false/fixed_literal=false/literal_null=false/index=null,17,21712,0,16512
streamfusion,binary_expressions,elt_arguments/scalar/1024/width=16/nulls=false/fixed_literal=false/literal_null=true/index=dynamic,19,17604,0,16512
streamfusion,binary_expressions,elt_arguments/expanded_control/1024/width=16/nulls=false/fixed_literal=false/literal_null=true/index=dynamic,11,17240,0,16512
streamfusion,binary_expressions,elt_arguments/scalar/1024/width=16/nulls=false/fixed_literal=false/literal_null=true/index=first,20,21684,0,16384
streamfusion,binary_expressions,elt_arguments/expanded_control/1024/width=16/nulls=false/fixed_literal=false/literal_null=true/index=first,12,21320,0,16384
streamfusion,binary_expressions,elt_arguments/scalar/1024/width=16/nulls=false/fixed_literal=false/literal_null=true/index=literal,22,21868,0,16512
streamfusion,binary_expressions,elt_arguments/expanded_control/1024/width=16/nulls=false/fixed_literal=false/literal_null=true/index=literal,14,21504,0,16512
streamfusion,binary_expressions,elt_arguments/scalar/1024/width=16/nulls=false/fixed_literal=false/literal_null=true/index=invalid,22,21868,0,16512
streamfusion,binary_expressions,elt_arguments/expanded_control/1024/width=16/nulls=false/fixed_literal=false/literal_null=true/index=invalid,14,21504,0,16512
streamfusion,binary_expressions,elt_arguments/scalar/1024/width=16/nulls=false/fixed_literal=false/literal_null=true/index=null,25,22076,0,16512
streamfusion,binary_expressions,elt_arguments/expanded_control/1024/width=16/nulls=false/fixed_literal=false/literal_null=true/index=null,17,21712,0,16512
streamfusion,binary_expressions,elt_arguments/scalar/1024/width=16/nulls=false/fixed_literal=true/literal_null=false/index=dynamic,18,17627,0,16512
streamfusion,binary_expressions,elt_arguments/expanded_control/1024/width=16/nulls=false/fixed_literal=true/literal_null=false/index=dynamic,11,17240,0,16512
streamfusion,binary_expressions,elt_arguments/scalar/1024/width=16/nulls=false/fixed_literal=true/literal_null=false/index=first,19,21707,0,16384
streamfusion,binary_expressions,elt_arguments/expanded_control/1024/width=16/nulls=false/fixed_literal=true/literal_null=false/index=first,12,21320,0,16384
streamfusion,binary_expressions,elt_arguments/scalar/1024/width=16/nulls=false/fixed_literal=true/literal_null=false/index=literal,19,21707,0,16384
streamfusion,binary_expressions,elt_arguments/expanded_control/1024/width=16/nulls=false/fixed_literal=true/literal_null=false/index=literal,12,21320,0,16384
streamfusion,binary_expressions,elt_arguments/scalar/1024/width=16/nulls=false/fixed_literal=true/literal_null=false/index=invalid,21,21891,0,16512
streamfusion,binary_expressions,elt_arguments/expanded_control/1024/width=16/nulls=false/fixed_literal=true/literal_null=false/index=invalid,14,21504,0,16512
streamfusion,binary_expressions,elt_arguments/scalar/1024/width=16/nulls=false/fixed_literal=true/literal_null=false/index=null,24,22099,0,16512
streamfusion,binary_expressions,elt_arguments/expanded_control/1024/width=16/nulls=false/fixed_literal=true/literal_null=false/index=null,17,21712,0,16512
streamfusion,binary_expressions,elt_arguments/scalar/1024/width=16/nulls=false/fixed_literal=true/literal_null=true/index=dynamic,17,17500,0,16512
streamfusion,binary_expressions,elt_arguments/expanded_control/1024/width=16/nulls=false/fixed_literal=true/literal_null=true/index=dynamic,11,17240,0,16512
streamfusion,binary_expressions,elt_arguments/scalar/1024/width=16/nulls=false/fixed_literal=true/literal_null=true/index=first,18,21580,0,16384
streamfusion,binary_expressions,elt_arguments/expanded_control/1024/width=16/nulls=false/fixed_literal=true/literal_null=true/index=first,12,21320,0,16384
streamfusion,binary_expressions,elt_arguments/scalar/1024/width=16/nulls=false/fixed_literal=true/literal_null=true/index=literal,20,21764,0,16512
streamfusion,binary_expressions,elt_arguments/expanded_control/1024/width=16/nulls=false/fixed_literal=true/literal_null=true/index=literal,14,21504,0,16512
streamfusion,binary_expressions,elt_arguments/scalar/1024/width=16/nulls=false/fixed_literal=true/literal_null=true/index=invalid,20,21764,0,16512
streamfusion,binary_expressions,elt_arguments/expanded_control/1024/width=16/nulls=false/fixed_literal=true/literal_null=true/index=invalid,14,21504,0,16512
streamfusion,binary_expressions,elt_arguments/scalar/1024/width=16/nulls=false/fixed_literal=true/literal_null=true/index=null,23,21972,0,16512
streamfusion,binary_expressions,elt_arguments/expanded_control/1024/width=16/nulls=false/fixed_literal=true/literal_null=true/index=null,17,21712,0,16512
streamfusion,binary_expressions,elt_arguments/scalar/1024/width=16/nulls=true/fixed_literal=false/literal_null=false/index=dynamic,18,17579,0,16512
streamfusion,binary_expressions,elt_arguments/expanded_control/1024/width=16/nulls=true/fixed_literal=false/literal_null=false/index=dynamic,11,17240,0,16512
streamfusion,binary_expressions,elt_arguments/scalar/1024/width=16/nulls=true/fixed_literal=false/literal_null=false/index=first,21,21843,0,16512
streamfusion,binary_expressions,elt_arguments/expanded_control/1024/width=16/nulls=true/fixed_literal=false/literal_null=false/index=first,14,21504,0,16512
streamfusion,binary_expressions,elt_arguments/scalar/1024/width=16/nulls=true/fixed_literal=false/literal_null=false/index=literal,19,21659,0,16384
streamfusion,binary_expressions,elt_arguments/expanded_control/1024/width=16/nulls=true/fixed_literal=false/literal_null=false/index=literal,12,21320,0,16384
streamfusion,binary_expressions,elt_arguments/scalar/1024/width=16/nulls=true/fixed_literal=false/literal_null=false/index=invalid,21,21843,0,16512
streamfusion,binary_expressions,elt_arguments/expanded_control/1024/width=16/nulls=true/fixed_literal=false/literal_null=false/index=invalid,14,21504,0,16512
streamfusion,binary_expressions,elt_arguments/scalar/1024/width=16/nulls=true/fixed_literal=false/literal_null=false/index=null,24,22051,0,16512
streamfusion,binary_expressions,elt_arguments/expanded_control/1024/width=16/nulls=true/fixed_literal=false/literal_null=false/index=null,17,21712,0,16512
streamfusion,binary_expressions,elt_arguments/scalar/1024/width=16/nulls=true/fixed_literal=false/literal_null=true/index=dynamic,19,17604,0,16512
streamfusion,binary_expressions,elt_arguments/expanded_control/1024/width=16/nulls=true/fixed_literal=false/literal_null=true/index=dynamic,11,17240,0,16512
streamfusion,binary_expressions,elt_arguments/scalar/1024/width=16/nulls=true/fixed_literal=false/literal_null=true/index=first,22,21868,0,16512
streamfusion,binary_expressions,elt_arguments/expanded_control/1024/width=16/nulls=true/fixed_literal=false/literal_null=true/index=first,14,21504,0,16512
streamfusion,binary_expressions,elt_arguments/scalar/1024/width=16/nulls=true/fixed_literal=false/literal_null=true/index=literal,22,21868,0,16512
streamfusion,binary_expressions,elt_arguments/expanded_control/1024/width=16/nulls=true/fixed_literal=false/literal_null=true/index=literal,14,21504,0,16512
streamfusion,binary_expressions,elt_arguments/scalar/1024/width=16/nulls=true/fixed_literal=false/literal_null=true/index=invalid,22,21868,0,16512
streamfusion,binary_expressions,elt_arguments/expanded_control/1024/width=16/nulls=true/fixed_literal=false/literal_null=true/index=invalid,14,21504,0,16512
streamfusion,binary_expressions,elt_arguments/scalar/1024/width=16/nulls=true/fixed_literal=false/literal_null=true/index=null,25,22076,0,16512
streamfusion,binary_expressions,elt_arguments/expanded_control/1024/width=16/nulls=true/fixed_literal=false/literal_null=true/index=null,17,21712,0,16512
streamfusion,binary_expressions,elt_arguments/scalar/1024/width=16/nulls=true/fixed_literal=true/literal_null=false/index=dynamic,18,17627,0,16512
streamfusion,binary_expressions,elt_arguments/expanded_control/1024/width=16/nulls=true/fixed_literal=true/literal_null=false/index=dynamic,11,17240,0,16512
streamfusion,binary_expressions,elt_arguments/scalar/1024/width=16/nulls=true/fixed_literal=true/literal_null=false/index=first,21,21891,0,16512
streamfusion,binary_expressions,elt_arguments/expanded_control/1024/width=16/nulls=true/fixed_literal=true/literal_null=false/index=first,14,21504,0,16512
streamfusion,binary_expressions,elt_arguments/scalar/1024/width=16/nulls=true/fixed_literal=true/literal_null=false/index=literal,19,21707,0,16384
streamfusion,binary_expressions,elt_arguments/expanded_control/1024/width=16/nulls=true/fixed_literal=true/literal_null=false/index=literal,12,21320,0,16384
streamfusion,binary_expressions,elt_arguments/scalar/1024/width=16/nulls=true/fixed_literal=true/literal_null=false/index=invalid,21,21891,0,16512
streamfusion,binary_expressions,elt_arguments/expanded_control/1024/width=16/nulls=true/fixed_literal=true/literal_null=false/index=invalid,14,21504,0,16512
streamfusion,binary_expressions,elt_arguments/scalar/1024/width=16/nulls=true/fixed_literal=true/literal_null=false/index=null,24,22099,0,16512
streamfusion,binary_expressions,elt_arguments/expanded_control/1024/width=16/nulls=true/fixed_literal=true/literal_null=false/index=null,17,21712,0,16512
streamfusion,binary_expressions,elt_arguments/scalar/1024/width=16/nulls=true/fixed_literal=true/literal_null=true/index=dynamic,17,17500,0,16512
streamfusion,binary_expressions,elt_arguments/expanded_control/1024/width=16/nulls=true/fixed_literal=true/literal_null=true/index=dynamic,11,17240,0,16512
streamfusion,binary_expressions,elt_arguments/scalar/1024/width=16/nulls=true/fixed_literal=true/literal_null=true/index=first,20,21764,0,16512
streamfusion,binary_expressions,elt_arguments/expanded_control/1024/width=16/nulls=true/fixed_literal=true/literal_null=true/index=first,14,21504,0,16512
streamfusion,binary_expressions,elt_arguments/scalar/1024/width=16/nulls=true/fixed_literal=true/literal_null=true/index=literal,20,21764,0,16512
streamfusion,binary_expressions,elt_arguments/expanded_control/1024/width=16/nulls=true/fixed_literal=true/literal_null=true/index=literal,14,21504,0,16512
streamfusion,binary_expressions,elt_arguments/scalar/1024/width=16/nulls=true/fixed_literal=true/literal_null=true/index=invalid,20,21764,0,16512
streamfusion,binary_expressions,elt_arguments/expanded_control/1024/width=16/nulls=true/fixed_literal=true/literal_null=true/index=invalid,14,21504,0,16512
streamfusion,binary_expressions,elt_arguments/scalar/1024/width=16/nulls=true/fixed_literal=true/literal_null=true/index=null,23,21972,0,16512
streamfusion,binary_expressions,elt_arguments/expanded_control/1024/width=16/nulls=true/fixed_literal=true/literal_null=true/index=null,17,21712,0,16512
streamfusion,binary_expressions,elt_arguments/scalar/1024/width=256/nulls=false/fixed_literal=false/literal_null=false/index=dynamic,18,263771,0,262272
streamfusion,binary_expressions,elt_arguments/expanded_control/1024/width=256/nulls=false/fixed_literal=false/literal_null=false/index=dynamic,11,263000,0,262272
streamfusion,binary_expressions,elt_arguments/scalar/1024/width=256/nulls=false/fixed_literal=false/literal_null=false/index=first,19,267851,0,262144
streamfusion,binary_expressions,elt_arguments/expanded_control/1024/width=256/nulls=false/fixed_literal=false/literal_null=false/index=first,12,267080,0,262144
streamfusion,binary_expressions,elt_arguments/scalar/1024/width=256/nulls=false/fixed_literal=false/literal_null=false/index=literal,19,267851,0,262144
streamfusion,binary_expressions,elt_arguments/expanded_control/1024/width=256/nulls=false/fixed_literal=false/literal_null=false/index=literal,12,267080,0,262144
streamfusion,binary_expressions,elt_arguments/scalar/1024/width=256/nulls=false/fixed_literal=false/literal_null=false/index=invalid,21,268035,0,262272
streamfusion,binary_expressions,elt_arguments/expanded_control/1024/width=256/nulls=false/fixed_literal=false/literal_null=false/index=invalid,14,267264,0,262272
streamfusion,binary_expressions,elt_arguments/scalar/1024/width=256/nulls=false/fixed_literal=false/literal_null=false/index=null,24,268243,0,262272
streamfusion,binary_expressions,elt_arguments/expanded_control/1024/width=256/nulls=false/fixed_literal=false/literal_null=false/index=null,17,267472,0,262272
streamfusion,binary_expressions,elt_arguments/scalar/1024/width=256/nulls=false/fixed_literal=false/literal_null=true/index=dynamic,19,263364,0,262272
streamfusion,binary_expressions,elt_arguments/expanded_control/1024/width=256/nulls=false/fixed_literal=false/literal_null=true/index=dynamic,11,263000,0,262272
streamfusion,binary_expressions,elt_arguments/scalar/1024/width=256/nulls=false/fixed_literal=false/literal_null=true/index=first,20,267444,0,262144
streamfusion,binary_expressions,elt_arguments/expanded_control/1024/width=256/nulls=false/fixed_literal=false/literal_null=true/index=first,12,267080,0,262144
streamfusion,binary_expressions,elt_arguments/scalar/1024/width=256/nulls=false/fixed_literal=false/literal_null=true/index=literal,22,267628,0,262272
streamfusion,binary_expressions,elt_arguments/expanded_control/1024/width=256/nulls=false/fixed_literal=false/literal_null=true/index=literal,14,267264,0,262272
streamfusion,binary_expressions,elt_arguments/scalar/1024/width=256/nulls=false/fixed_literal=false/literal_null=true/index=invalid,22,267628,0,262272
streamfusion,binary_expressions,elt_arguments/expanded_control/1024/width=256/nulls=false/fixed_literal=false/literal_null=true/index=invalid,14,267264,0,262272
streamfusion,binary_expressions,elt_arguments/scalar/1024/width=256/nulls=false/fixed_literal=false/literal_null=true/index=null,25,267836,0,262272
streamfusion,binary_expressions,elt_arguments/expanded_control/1024/width=256/nulls=false/fixed_literal=false/literal_null=true/index=null,17,267472,0,262272
streamfusion,binary_expressions,elt_arguments/scalar/1024/width=256/nulls=false/fixed_literal=true/literal_null=false/index=dynamic,18,263819,0,262272
streamfusion,binary_expressions,elt_arguments/expanded_control/1024/width=256/nulls=false/fixed_literal=true/literal_null=false/index=dynamic,11,263000,0,262272
streamfusion,binary_expressions,elt_arguments/scalar/1024/width=256/nulls=false/fixed_literal=true/literal_null=false/index=first,19,267899,0,262144
streamfusion,binary_expressions,elt_arguments/expanded_control/1024/width=256/nulls=false/fixed_literal=true/literal_null=false/index=first,12,267080,0,262144
streamfusion,binary_expressions,elt_arguments/scalar/1024/width=256/nulls=false/fixed_literal=true/literal_null=false/index=literal,19,267899,0,262144
streamfusion,binary_expressions,elt_arguments/expanded_control/1024/width=256/nulls=false/fixed_literal=true/literal_null=false/index=literal,12,267080,0,262144
streamfusion,binary_expressions,elt_arguments/scalar/1024/width=256/nulls=false/fixed_literal=true/literal_null=false/index=invalid,21,268083,0,262272
streamfusion,binary_expressions,elt_arguments/expanded_control/1024/width=256/nulls=false/fixed_literal=true/literal_null=false/index=invalid,14,267264,0,262272
streamfusion,binary_expressions,elt_arguments/scalar/1024/width=256/nulls=false/fixed_literal=true/literal_null=false/index=null,24,268291,0,262272
streamfusion,binary_expressions,elt_arguments/expanded_control/1024/width=256/nulls=false/fixed_literal=true/literal_null=false/index=null,17,267472,0,262272
streamfusion,binary_expressions,elt_arguments/scalar/1024/width=256/nulls=false/fixed_literal=true/literal_null=true/index=dynamic,17,263500,0,262272
streamfusion,binary_expressions,elt_arguments/expanded_control/1024/width=256/nulls=false/fixed_literal=true/literal_null=true/index=dynamic,11,263000,0,262272
streamfusion,binary_expressions,elt_arguments/scalar/1024/width=256/nulls=false/fixed_literal=true/literal_null=true/index=first,18,267580,0,262144
streamfusion,binary_expressions,elt_arguments/expanded_control/1024/width=256/nulls=false/fixed_literal=true/literal_null=true/index=first,12,267080,0,262144
streamfusion,binary_expressions,elt_arguments/scalar/1024/width=256/nulls=false/fixed_literal=true/literal_null=true/index=literal,20,267764,0,262272
streamfusion,binary_expressions,elt_arguments/expanded_control/1024/width=256/nulls=false/fixed_literal=true/literal_null=true/index=literal,14,267264,0,262272
streamfusion,binary_expressions,elt_arguments/scalar/1024/width=256/nulls=false/fixed_literal=true/literal_null=true/index=invalid,20,267764,0,262272
streamfusion,binary_expressions,elt_arguments/expanded_control/1024/width=256/nulls=false/fixed_literal=true/literal_null=true/index=invalid,14,267264,0,262272
streamfusion,binary_expressions,elt_arguments/scalar/1024/width=256/nulls=false/fixed_literal=true/literal_null=true/index=null,23,267972,0,262272
streamfusion,binary_expressions,elt_arguments/expanded_control/1024/width=256/nulls=false/fixed_literal=true/literal_null=true/index=null,17,267472,0,262272
streamfusion,binary_expressions,elt_arguments/scalar/1024/width=256/nulls=true/fixed_literal=false/literal_null=false/index=dynamic,18,263771,0,262272
streamfusion,binary_expressions,elt_arguments/expanded_control/1024/width=256/nulls=true/fixed_literal=false/literal_null=false/index=dynamic,11,263000,0,262272
streamfusion,binary_expressions,elt_arguments/scalar/1024/width=256/nulls=true/fixed_literal=false/literal_null=false/index=first,21,268035,0,262272
streamfusion,binary_expressions,elt_arguments/expanded_control/1024/width=256/nulls=true/fixed_literal=false/literal_null=false/index=first,14,267264,0,262272
streamfusion,binary_expressions,elt_arguments/scalar/1024/width=256/nulls=true/fixed_literal=false/literal_null=false/index=literal,19,267851,0,262144
streamfusion,binary_expressions,elt_arguments/expanded_control/1024/width=256/nulls=true/fixed_literal=false/literal_null=false/index=literal,12,267080,0,262144
streamfusion,binary_expressions,elt_arguments/scalar/1024/width=256/nulls=true/fixed_literal=false/literal_null=false/index=invalid,21,268035,0,262272
streamfusion,binary_expressions,elt_arguments/expanded_control/1024/width=256/nulls=true/fixed_literal=false/literal_null=false/index=invalid,14,267264,0,262272
streamfusion,binary_expressions,elt_arguments/scalar/1024/width=256/nulls=true/fixed_literal=false/literal_null=false/index=null,24,268243,0,262272
streamfusion,binary_expressions,elt_arguments/expanded_control/1024/width=256/nulls=true/fixed_literal=false/literal_null=false/index=null,17,267472,0,262272
streamfusion,binary_expressions,elt_arguments/scalar/1024/width=256/nulls=true/fixed_literal=false/literal_null=true/index=dynamic,19,263364,0,262272
streamfusion,binary_expressions,elt_arguments/expanded_control/1024/width=256/nulls=true/fixed_literal=false/literal_null=true/index=dynamic,11,263000,0,262272
streamfusion,binary_expressions,elt_arguments/scalar/1024/width=256/nulls=true/fixed_literal=false/literal_null=true/index=first,22,267628,0,262272
streamfusion,binary_expressions,elt_arguments/expanded_control/1024/width=256/nulls=true/fixed_literal=false/literal_null=true/index=first,14,267264,0,262272
streamfusion,binary_expressions,elt_arguments/scalar/1024/width=256/nulls=true/fixed_literal=false/literal_null=true/index=literal,22,267628,0,262272
streamfusion,binary_expressions,elt_arguments/expanded_control/1024/width=256/nulls=true/fixed_literal=false/literal_null=true/index=literal,14,267264,0,262272
streamfusion,binary_expressions,elt_arguments/scalar/1024/width=256/nulls=true/fixed_literal=false/literal_null=true/index=invalid,22,267628,0,262272
streamfusion,binary_expressions,elt_arguments/expanded_control/1024/width=256/nulls=true/fixed_literal=false/literal_null=true/index=invalid,14,267264,0,262272
streamfusion,binary_expressions,elt_arguments/scalar/1024/width=256/nulls=true/fixed_literal=false/literal_null=true/index=null,25,267836,0,262272
streamfusion,binary_expressions,elt_arguments/expanded_control/1024/width=256/nulls=true/fixed_literal=false/literal_null=true/index=null,17,267472,0,262272
streamfusion,binary_expressions,elt_arguments/scalar/1024/width=256/nulls=true/fixed_literal=true/literal_null=false/index=dynamic,18,263819,0,262272
streamfusion,binary_expressions,elt_arguments/expanded_control/1024/width=256/nulls=true/fixed_literal=true/literal_null=false/index=dynamic,11,263000,0,262272
streamfusion,binary_expressions,elt_arguments/scalar/1024/width=256/nulls=true/fixed_literal=true/literal_null=false/index=first,21,268083,0,262272
streamfusion,binary_expressions,elt_arguments/expanded_control/1024/width=256/nulls=true/fixed_literal=true/literal_null=false/index=first,14,267264,0,262272
streamfusion,binary_expressions,elt_arguments/scalar/1024/width=256/nulls=true/fixed_literal=true/literal_null=false/index=literal,19,267899,0,262144
streamfusion,binary_expressions,elt_arguments/expanded_control/1024/width=256/nulls=true/fixed_literal=true/literal_null=false/index=literal,12,267080,0,262144
streamfusion,binary_expressions,elt_arguments/scalar/1024/width=256/nulls=true/fixed_literal=true/literal_null=false/index=invalid,21,268083,0,262272
streamfusion,binary_expressions,elt_arguments/expanded_control/1024/width=256/nulls=true/fixed_literal=true/literal_null=false/index=invalid,14,267264,0,262272
streamfusion,binary_expressions,elt_arguments/scalar/1024/width=256/nulls=true/fixed_literal=true/literal_null=false/index=null,24,268291,0,262272
streamfusion,binary_expressions,elt_arguments/expanded_control/1024/width=256/nulls=true/fixed_literal=true/literal_null=false/index=null,17,267472,0,262272
streamfusion,binary_expressions,elt_arguments/scalar/1024/width=256/nulls=true/fixed_literal=true/literal_null=true/index=dynamic,17,263500,0,262272
streamfusion,binary_expressions,elt_arguments/expanded_control/1024/width=256/nulls=true/fixed_literal=true/literal_null=true/index=dynamic,11,263000,0,262272
streamfusion,binary_expressions,elt_arguments/scalar/1024/width=256/nulls=true/fixed_literal=true/literal_null=true/index=first,20,267764,0,262272
streamfusion,binary_expressions,elt_arguments/expanded_control/1024/width=256/nulls=true/fixed_literal=true/literal_null=true/index=first,14,267264,0,262272
streamfusion,binary_expressions,elt_arguments/scalar/1024/width=256/nulls=true/fixed_literal=true/literal_null=true/index=literal,20,267764,0,262272
streamfusion,binary_expressions,elt_arguments/expanded_control/1024/width=256/nulls=true/fixed_literal=true/literal_null=true/index=literal,14,267264,0,262272
streamfusion,binary_expressions,elt_arguments/scalar/1024/width=256/nulls=true/fixed_literal=true/literal_null=true/index=invalid,20,267764,0,262272
streamfusion,binary_expressions,elt_arguments/expanded_control/1024/width=256/nulls=true/fixed_literal=true/literal_null=true/index=invalid,14,267264,0,262272
streamfusion,binary_expressions,elt_arguments/scalar/1024/width=256/nulls=true/fixed_literal=true/literal_null=true/index=null,23,267972,0,262272
streamfusion,binary_expressions,elt_arguments/expanded_control/1024/width=256/nulls=true/fixed_literal=true/literal_null=true/index=null,17,267472,0,262272
streamfusion,binary_expressions,elt_arguments/scalar/16384/width=1/nulls=false/fixed_literal=false/literal_null=false/index=dynamic,18,19484,0,18432
streamfusion,binary_expressions,elt_arguments/expanded_control/16384/width=1/nulls=false/fixed_literal=false/literal_null=false/index=dynamic,11,19160,0,18432
streamfusion,binary_expressions,elt_arguments/scalar/16384/width=1/nulls=false/fixed_literal=false/literal_null=false/index=first,19,83084,0,16384
streamfusion,binary_expressions,elt_arguments/expanded_control/16384/width=1/nulls=false/fixed_literal=false/literal_null=false/index=first,12,82760,0,16384
streamfusion,binary_expressions,elt_arguments/scalar/16384/width=1/nulls=false/fixed_literal=false/literal_null=false/index=literal,19,83084,0,16384
streamfusion,binary_expressions,elt_arguments/expanded_control/16384/width=1/nulls=false/fixed_literal=false/literal_null=false/index=literal,12,82760,0,16384
streamfusion,binary_expressions,elt_arguments/scalar/16384/width=1/nulls=false/fixed_literal=false/literal_null=false/index=invalid,21,85188,0,18432
streamfusion,binary_expressions,elt_arguments/expanded_control/16384/width=1/nulls=false/fixed_literal=false/literal_null=false/index=invalid,14,84864,0,18432
streamfusion,binary_expressions,elt_arguments/scalar/16384/width=1/nulls=false/fixed_literal=false/literal_null=false/index=null,24,87316,0,18432
streamfusion,binary_expressions,elt_arguments/expanded_control/16384/width=1/nulls=false/fixed_literal=false/literal_null=false/index=null,17,86992,0,18432
streamfusion,binary_expressions,elt_arguments/scalar/16384/width=1/nulls=false/fixed_literal=false/literal_null=true/index=dynamic,19,19524,0,18432
streamfusion,binary_expressions,elt_arguments/expanded_control/16384/width=1/nulls=false/fixed_literal=false/literal_null=true/index=dynamic,11,19160,0,18432
streamfusion,binary_expressions,elt_arguments/scalar/16384/width=1/nulls=false/fixed_literal=false/literal_null=true/index=first,20,83124,0,16384
streamfusion,binary_expressions,elt_arguments/expanded_control/16384/width=1/nulls=false/fixed_literal=false/literal_null=true/index=first,12,82760,0,16384
streamfusion,binary_expressions,elt_arguments/scalar/16384/width=1/nulls=false/fixed_literal=false/literal_null=true/index=literal,22,85228,0,18432
streamfusion,binary_expressions,elt_arguments/expanded_control/16384/width=1/nulls=false/fixed_literal=false/literal_null=true/index=literal,14,84864,0,18432
streamfusion,binary_expressions,elt_arguments/scalar/16384/width=1/nulls=false/fixed_literal=false/literal_null=true/index=invalid,22,85228,0,18432
streamfusion,binary_expressions,elt_arguments/expanded_control/16384/width=1/nulls=false/fixed_literal=false/literal_null=true/index=invalid,14,84864,0,18432
streamfusion,binary_expressions,elt_arguments/scalar/16384/width=1/nulls=false/fixed_literal=false/literal_null=true/index=null,25,87356,0,18432
streamfusion,binary_expressions,elt_arguments/expanded_control/16384/width=1/nulls=false/fixed_literal=false/literal_null=true/index=null,17,86992,0,18432
streamfusion,binary_expressions,elt_arguments/scalar/16384/width=1/nulls=false/fixed_literal=true/literal_null=false/index=dynamic,18,19532,0,18432
streamfusion,binary_expressions,elt_arguments/expanded_control/16384/width=1/nulls=false/fixed_literal=true/literal_null=false/index=dynamic,11,19160,0,18432
streamfusion,binary_expressions,elt_arguments/scalar/16384/width=1/nulls=false/fixed_literal=true/literal_null=false/index=first,19,83132,0,16384
streamfusion,binary_expressions,elt_arguments/expanded_control/16384/width=1/nulls=false/fixed_literal=true/literal_null=false/index=first,12,82760,0,16384
streamfusion,binary_expressions,elt_arguments/scalar/16384/width=1/nulls=false/fixed_literal=true/literal_null=false/index=literal,19,83132,0,16384
streamfusion,binary_expressions,elt_arguments/expanded_control/16384/width=1/nulls=false/fixed_literal=true/literal_null=false/index=literal,12,82760,0,16384
streamfusion,binary_expressions,elt_arguments/scalar/16384/width=1/nulls=false/fixed_literal=true/literal_null=false/index=invalid,21,85236,0,18432
streamfusion,binary_expressions,elt_arguments/expanded_control/16384/width=1/nulls=false/fixed_literal=true/literal_null=false/index=invalid,14,84864,0,18432
streamfusion,binary_expressions,elt_arguments/scalar/16384/width=1/nulls=false/fixed_literal=true/literal_null=false/index=null,24,87364,0,18432
streamfusion,binary_expressions,elt_arguments/expanded_control/16384/width=1/nulls=false/fixed_literal=true/literal_null=false/index=null,17,86992,0,18432
streamfusion,binary_expressions,elt_arguments/scalar/16384/width=1/nulls=false/fixed_literal=true/literal_null=true/index=dynamic,17,19405,0,18432
streamfusion,binary_expressions,elt_arguments/expanded_control/16384/width=1/nulls=false/fixed_literal=true/literal_null=true/index=dynamic,11,19160,0,18432
streamfusion,binary_expressions,elt_arguments/scalar/16384/width=1/nulls=false/fixed_literal=true/literal_null=true/index=first,18,83005,0,16384
streamfusion,binary_expressions,elt_arguments/expanded_control/16384/width=1/nulls=false/fixed_literal=true/literal_null=true/index=first,12,82760,0,16384
streamfusion,binary_expressions,elt_arguments/scalar/16384/width=1/nulls=false/fixed_literal=true/literal_null=true/index=literal,20,85109,0,18432
streamfusion,binary_expressions,elt_arguments/expanded_control/16384/width=1/nulls=false/fixed_literal=true/literal_null=true/index=literal,14,84864,0,18432
streamfusion,binary_expressions,elt_arguments/scalar/16384/width=1/nulls=false/fixed_literal=true/literal_null=true/index=invalid,20,85109,0,18432
streamfusion,binary_expressions,elt_arguments/expanded_control/16384/width=1/nulls=false/fixed_literal=true/literal_null=true/index=invalid,14,84864,0,18432
streamfusion,binary_expressions,elt_arguments/scalar/16384/width=1/nulls=false/fixed_literal=true/literal_null=true/index=null,23,87237,0,18432
streamfusion,binary_expressions,elt_arguments/expanded_control/16384/width=1/nulls=false/fixed_literal=true/literal_null=true/index=null,17,86992,0,18432
streamfusion,binary_expressions,elt_arguments/scalar/16384/width=1/nulls=true/fixed_literal=false/literal_null=false/index=dynamic,18,19484,0,18432
streamfusion,binary_expressions,elt_arguments/expanded_control/16384/width=1/nulls=true/fixed_literal=false/literal_null=false/index=dynamic,11,19160,0,18432
streamfusion,binary_expressions,elt_arguments/scalar/16384/width=1/nulls=true/fixed_literal=false/literal_null=false/index=first,21,85188,0,18432
streamfusion,binary_expressions,elt_arguments/expanded_control/16384/width=1/nulls=true/fixed_literal=false/literal_null=false/index=first,14,84864,0,18432
streamfusion,binary_expressions,elt_arguments/scalar/16384/width=1/nulls=true/fixed_literal=false/literal_null=false/index=literal,19,83084,0,16384
streamfusion,binary_expressions,elt_arguments/expanded_control/16384/width=1/nulls=true/fixed_literal=false/literal_null=false/index=literal,12,82760,0,16384
streamfusion,binary_expressions,elt_arguments/scalar/16384/width=1/nulls=true/fixed_literal=false/literal_null=false/index=invalid,21,85188,0,18432
streamfusion,binary_expressions,elt_arguments/expanded_control/16384/width=1/nulls=true/fixed_literal=false/literal_null=false/index=invalid,14,84864,0,18432
streamfusion,binary_expressions,elt_arguments/scalar/16384/width=1/nulls=true/fixed_literal=false/literal_null=false/index=null,24,87316,0,18432
streamfusion,binary_expressions,elt_arguments/expanded_control/16384/width=1/nulls=true/fixed_literal=false/literal_null=false/index=null,17,86992,0,18432
streamfusion,binary_expressions,elt_arguments/scalar/16384/width=1/nulls=true/fixed_literal=false/literal_null=true/index=dynamic,19,19524,0,18432
streamfusion,binary_expressions,elt_arguments/expanded_control/16384/width=1/nulls=true/fixed_literal=false/literal_null=true/index=dynamic,11,19160,0,18432
streamfusion,binary_expressions,elt_arguments/scalar/16384/width=1/nulls=true/fixed_literal=false/literal_null=true/index=first,22,85228,0,18432
streamfusion,binary_expressions,elt_arguments/expanded_control/16384/width=1/nulls=true/fixed_literal=false/literal_null=true/index=first,14,84864,0,18432
streamfusion,binary_expressions,elt_arguments/scalar/16384/width=1/nulls=true/fixed_literal=false/literal_null=true/index=literal,22,85228,0,18432
streamfusion,binary_expressions,elt_arguments/expanded_control/16384/width=1/nulls=true/fixed_literal=false/literal_null=true/index=literal,14,84864,0,18432
streamfusion,binary_expressions,elt_arguments/scalar/16384/width=1/nulls=true/fixed_literal=false/literal_null=true/index=invalid,22,85228,0,18432
streamfusion,binary_expressions,elt_arguments/expanded_control/16384/width=1/nulls=true/fixed_literal=false/literal_null=true/index=invalid,14,84864,0,18432
streamfusion,binary_expressions,elt_arguments/scalar/16384/width=1/nulls=true/fixed_literal=false/literal_null=true/index=null,25,87356,0,18432
streamfusion,binary_expressions,elt_arguments/expanded_control/16384/width=1/nulls=true/fixed_literal=false/literal_null=true/index=null,17,86992,0,18432
streamfusion,binary_expressions,elt_arguments/scalar/16384/width=1/nulls=true/fixed_literal=true/literal_null=false/index=dynamic,18,19532,0,18432
streamfusion,binary_expressions,elt_arguments/expanded_control/16384/width=1/nulls=true/fixed_literal=true/literal_null=false/index=dynamic,11,19160,0,18432
streamfusion,binary_expressions,elt_arguments/scalar/16384/width=1/nulls=true/fixed_literal=true/literal_null=false/index=first,21,85236,0,18432
streamfusion,binary_expressions,elt_arguments/expanded_control/16384/width=1/nulls=true/fixed_literal=true/literal_null=false/index=first,14,84864,0,18432
streamfusion,binary_expressions,elt_arguments/scalar/16384/width=1/nulls=true/fixed_literal=true/literal_null=false/index=literal,19,83132,0,16384
streamfusion,binary_expressions,elt_arguments/expanded_control/16384/width=1/nulls=true/fixed_literal=true/literal_null=false/index=literal,12,82760,0,16384
streamfusion,binary_expressions,elt_arguments/scalar/16384/width=1/nulls=true/fixed_literal=true/literal_null=false/index=invalid,21,85236,0,18432
streamfusion,binary_expressions,elt_arguments/expanded_control/16384/width=1/nulls=true/fixed_literal=true/literal_null=false/index=invalid,14,84864,0,18432
streamfusion,binary_expressions,elt_arguments/scalar/16384/width=1/nulls=true/fixed_literal=true/literal_null=false/index=null,24,87364,0,18432
streamfusion,binary_expressions,elt_arguments/expanded_control/16384/width=1/nulls=true/fixed_literal=true/literal_null=false/index=null,17,86992,0,18432
streamfusion,binary_expressions,elt_arguments/scalar/16384/width=1/nulls=true/fixed_literal=true/literal_null=true/index=dynamic,17,19405,0,18432
streamfusion,binary_expressions,elt_arguments/expanded_control/16384/width=1/nulls=true/fixed_literal=true/literal_null=true/index=dynamic,11,19160,0,18432
streamfusion,binary_expressions,elt_arguments/scalar/16384/width=1/nulls=true/fixed_literal=true/literal_null=true/index=first,20,85109,0,18432
streamfusion,binary_expressions,elt_arguments/expanded_control/16384/width=1/nulls=true/fixed_literal=true/literal_null=true/index=first,14,84864,0,18432
streamfusion,binary_expressions,elt_arguments/scalar/16384/width=1/nulls=true/fixed_literal=true/literal_null=true/index=literal,20,85109,0,18432
streamfusion,binary_expressions,elt_arguments/expanded_control/16384/width=1/nulls=true/fixed_literal=true/literal_null=true/index=literal,14,84864,0,18432
streamfusion,binary_expressions,elt_arguments/scalar/16384/width=1/nulls=true/fixed_literal=true/literal_null=true/index=invalid,20,85109,0,18432
streamfusion,binary_expressions,elt_arguments/expanded_control/16384/width=1/nulls=true/fixed_literal=true/literal_null=true/index=invalid,14,84864,0,18432
streamfusion,binary_expressions,elt_arguments/scalar/16384/width=1/nulls=true/fixed_literal=true/literal_null=true/index=null,23,87237,0,18432
streamfusion,binary_expressions,elt_arguments/expanded_control/16384/width=1/nulls=true/fixed_literal=true/literal_null=true/index=null,17,86992,0,18432
streamfusion,binary_expressions,elt_arguments/scalar/16384/width=16/nulls=false/fixed_literal=false/literal_null=false/index=dynamic,18,265259,0,264192
streamfusion,binary_expressions,elt_arguments/expanded_control/16384/width=16/nulls=false/fixed_literal=false/literal_null=false/index=dynamic,11,264920,0,264192
streamfusion,binary_expressions,elt_arguments/scalar/16384/width=16/nulls=false/fixed_literal=false/literal_null=false/index=first,19,328859,0,262144
streamfusion,binary_expressions,elt_arguments/expanded_control/16384/width=16/nulls=false/fixed_literal=false/literal_null=false/index=first,12,328520,0,262144
streamfusion,binary_expressions,elt_arguments/scalar/16384/width=16/nulls=false/fixed_literal=false/literal_null=false/index=literal,19,328859,0,262144
streamfusion,binary_expressions,elt_arguments/expanded_control/16384/width=16/nulls=false/fixed_literal=false/literal_null=false/index=literal,12,328520,0,262144
streamfusion,binary_expressions,elt_arguments/scalar/16384/width=16/nulls=false/fixed_literal=false/literal_null=false/index=invalid,21,330963,0,264192
streamfusion,binary_expressions,elt_arguments/expanded_control/16384/width=16/nulls=false/fixed_literal=false/literal_null=false/index=invalid,14,330624,0,264192
streamfusion,binary_expressions,elt_arguments/scalar/16384/width=16/nulls=false/fixed_literal=false/literal_null=false/index=null,24,333091,0,264192
streamfusion,binary_expressions,elt_arguments/expanded_control/16384/width=16/nulls=false/fixed_literal=false/literal_null=false/index=null,17,332752,0,264192
streamfusion,binary_expressions,elt_arguments/scalar/16384/width=16/nulls=false/fixed_literal=false/literal_null=true/index=dynamic,19,265284,0,264192
streamfusion,binary_expressions,elt_arguments/expanded_control/16384/width=16/nulls=false/fixed_literal=false/literal_null=true/index=dynamic,11,264920,0,264192
streamfusion,binary_expressions,elt_arguments/scalar/16384/width=16/nulls=false/fixed_literal=false/literal_null=true/index=first,20,328884,0,262144
streamfusion,binary_expressions,elt_arguments/expanded_control/16384/width=16/nulls=false/fixed_literal=false/literal_null=true/index=first,12,328520,0,262144
streamfusion,binary_expressions,elt_arguments/scalar/16384/width=16/nulls=false/fixed_literal=false/literal_null=true/index=literal,22,330988,0,264192
streamfusion,binary_expressions,elt_arguments/expanded_control/16384/width=16/nulls=false/fixed_literal=false/literal_null=true/index=literal,14,330624,0,264192
streamfusion,binary_expressions,elt_arguments/scalar/16384/width=16/nulls=false/fixed_literal=false/literal_null=true/index=invalid,22,330988,0,264192
streamfusion,binary_expressions,elt_arguments/expanded_control/16384/width=16/nulls=false/fixed_literal=false/literal_null=true/index=invalid,14,330624,0,264192
streamfusion,binary_expressions,elt_arguments/scalar/16384/width=16/nulls=false/fixed_literal=false/literal_null=true/index=null,25,333116,0,264192
streamfusion,binary_expressions,elt_arguments/expanded_control/16384/width=16/nulls=false/fixed_literal=false/literal_null=true/index=null,17,332752,0,264192
streamfusion,binary_expressions,elt_arguments/scalar/16384/width=16/nulls=false/fixed_literal=true/literal_null=false/index=dynamic,18,265307,0,264192
streamfusion,binary_expressions,elt_arguments/expanded_control/16384/width=16/nulls=false/fixed_literal=true/literal_null=false/index=dynamic,11,264920,0,264192
streamfusion,binary_expressions,elt_arguments/scalar/16384/width=16/nulls=false/fixed_literal=true/literal_null=false/index=first,19,328907,0,262144
streamfusion,binary_expressions,elt_arguments/expanded_control/16384/width=16/nulls=false/fixed_literal=true/literal_null=false/index=first,12,328520,0,262144
streamfusion,binary_expressions,elt_arguments/scalar/16384/width=16/nulls=false/fixed_literal=true/literal_null=false/index=literal,19,328907,0,262144
streamfusion,binary_expressions,elt_arguments/expanded_control/16384/width=16/nulls=false/fixed_literal=true/literal_null=false/index=literal,12,328520,0,262144
streamfusion,binary_expressions,elt_arguments/scalar/16384/width=16/nulls=false/fixed_literal=true/literal_null=false/index=invalid,21,331011,0,264192
streamfusion,binary_expressions,elt_arguments/expanded_control/16384/width=16/nulls=false/fixed_literal=true/literal_null=false/index=invalid,14,330624,0,264192
streamfusion,binary_expressions,elt_arguments/scalar/16384/width=16/nulls=false/fixed_literal=true/literal_null=false/index=null,24,333139,0,264192
streamfusion,binary_expressions,elt_arguments/expanded_control/16384/width=16/nulls=false/fixed_literal=true/literal_null=false/index=null,17,332752,0,264192
streamfusion,binary_expressions,elt_arguments/scalar/16384/width=16/nulls=false/fixed_literal=true/literal_null=true/index=dynamic,17,265180,0,264192
streamfusion,binary_expressions,elt_arguments/expanded_control/16384/width=16/nulls=false/fixed_literal=true/literal_null=true/index=dynamic,11,264920,0,264192
streamfusion,binary_expressions,elt_arguments/scalar/16384/width=16/nulls=false/fixed_literal=true/literal_null=true/index=first,18,328780,0,262144
streamfusion,binary_expressions,elt_arguments/expanded_control/16384/width=16/nulls=false/fixed_literal=true/literal_null=true/index=first,12,328520,0,262144
streamfusion,binary_expressions,elt_arguments/scalar/16384/width=16/nulls=false/fixed_literal=true/literal_null=true/index=literal,20,330884,0,264192
streamfusion,binary_expressions,elt_arguments/expanded_control/16384/width=16/nulls=false/fixed_literal=true/literal_null=true/index=literal,14,330624,0,264192
streamfusion,binary_expressions,elt_arguments/scalar/16384/width=16/nulls=false/fixed_literal=true/literal_null=true/index=invalid,20,330884,0,264192
streamfusion,binary_expressions,elt_arguments/expanded_control/16384/width=16/nulls=false/fixed_literal=true/literal_null=true/index=invalid,14,330624,0,264192
streamfusion,binary_expressions,elt_arguments/scalar/16384/width=16/nulls=false/fixed_literal=true/literal_null=true/index=null,23,333012,0,264192
streamfusion,binary_expressions,elt_arguments/expanded_control/16384/width=16/nulls=false/fixed_literal=true/literal_null=true/index=null,17,332752,0,264192
streamfusion,binary_expressions,elt_arguments/scalar/16384/width=16/nulls=true/fixed_literal=false/literal_null=false/index=dynamic,18,265259,0,264192
streamfusion,binary_expressions,elt_arguments/expanded_control/16384/width=16/nulls=true/fixed_literal=false/literal_null=false/index=dynamic,11,264920,0,264192
streamfusion,binary_expressions,elt_arguments/scalar/16384/width=16/nulls=true/fixed_literal=false/literal_null=false/index=first,21,330963,0,264192
streamfusion,binary_expressions,elt_arguments/expanded_control/16384/width=16/nulls=true/fixed_literal=false/literal_null=false/index=first,14,330624,0,264192
streamfusion,binary_expressions,elt_arguments/scalar/16384/width=16/nulls=true/fixed_literal=false/literal_null=false/index=literal,19,328859,0,262144
streamfusion,binary_expressions,elt_arguments/expanded_control/16384/width=16/nulls=true/fixed_literal=false/literal_null=false/index=literal,12,328520,0,262144
streamfusion,binary_expressions,elt_arguments/scalar/16384/width=16/nulls=true/fixed_literal=false/literal_null=false/index=invalid,21,330963,0,264192
streamfusion,binary_expressions,elt_arguments/expanded_control/16384/width=16/nulls=true/fixed_literal=false/literal_null=false/index=invalid,14,330624,0,264192
streamfusion,binary_expressions,elt_arguments/scalar/16384/width=16/nulls=true/fixed_literal=false/literal_null=false/index=null,24,333091,0,264192
streamfusion,binary_expressions,elt_arguments/expanded_control/16384/width=16/nulls=true/fixed_literal=false/literal_null=false/index=null,17,332752,0,264192
streamfusion,binary_expressions,elt_arguments/scalar/16384/width=16/nulls=true/fixed_literal=false/literal_null=true/index=dynamic,19,265284,0,264192
streamfusion,binary_expressions,elt_arguments/expanded_control/16384/width=16/nulls=true/fixed_literal=false/literal_null=true/index=dynamic,11,264920,0,264192
streamfusion,binary_expressions,elt_arguments/scalar/16384/width=16/nulls=true/fixed_literal=false/literal_null=true/index=first,22,330988,0,264192
streamfusion,binary_expressions,elt_arguments/expanded_control/16384/width=16/nulls=true/fixed_literal=false/literal_null=true/index=first,14,330624,0,264192
streamfusion,binary_expressions,elt_arguments/scalar/16384/width=16/nulls=true/fixed_literal=false/literal_null=true/index=literal,22,330988,0,264192
streamfusion,binary_expressions,elt_arguments/expanded_control/16384/width=16/nulls=true/fixed_literal=false/literal_null=true/index=literal,14,330624,0,264192
streamfusion,binary_expressions,elt_arguments/scalar/16384/width=16/nulls=true/fixed_literal=false/literal_null=true/index=invalid,22,330988,0,264192
streamfusion,binary_expressions,elt_arguments/expanded_control/16384/width=16/nulls=true/fixed_literal=false/literal_null=true/index=invalid,14,330624,0,264192
streamfusion,binary_expressions,elt_arguments/scalar/16384/width=16/nulls=true/fixed_literal=false/literal_null=true/index=null,25,333116,0,264192
streamfusion,binary_expressions,elt_arguments/expanded_control/16384/width=16/nulls=true/fixed_literal=false/literal_null=true/index=null,17,332752,0,264192
streamfusion,binary_expressions,elt_arguments/scalar/16384/width=16/nulls=true/fixed_literal=true/literal_null=false/index=dynamic,18,265307,0,264192
streamfusion,binary_expressions,elt_arguments/expanded_control/16384/width=16/nulls=true/fixed_literal=true/literal_null=false/index=dynamic,11,264920,0,264192
streamfusion,binary_expressions,elt_arguments/scalar/16384/width=16/nulls=true/fixed_literal=true/literal_null=false/index=first,21,331011,0,264192
streamfusion,binary_expressions,elt_arguments/expanded_control/16384/width=16/nulls=true/fixed_literal=true/literal_null=false/index=first,14,330624,0,264192
streamfusion,binary_expressions,elt_arguments/scalar/16384/width=16/nulls=true/fixed_literal=true/literal_null=false/index=literal,19,328907,0,262144
streamfusion,binary_expressions,elt_arguments/expanded_control/16384/width=16/nulls=true/fixed_literal=true/literal_null=false/index=literal,12,328520,0,262144
streamfusion,binary_expressions,elt_arguments/scalar/16384/width=16/nulls=true/fixed_literal=true/literal_null=false/index=invalid,21,331011,0,264192
streamfusion,binary_expressions,elt_arguments/expanded_control/16384/width=16/nulls=true/fixed_literal=true/literal_null=false/index=invalid,14,330624,0,264192
streamfusion,binary_expressions,elt_arguments/scalar/16384/width=16/nulls=true/fixed_literal=true/literal_null=false/index=null,24,333139,0,264192
streamfusion,binary_expressions,elt_arguments/expanded_control/16384/width=16/nulls=true/fixed_literal=true/literal_null=false/index=null,17,332752,0,264192
streamfusion,binary_expressions,elt_arguments/scalar/16384/width=16/nulls=true/fixed_literal=true/literal_null=true/index=dynamic,17,265180,0,264192
streamfusion,binary_expressions,elt_arguments/expanded_control/16384/width=16/nulls=true/fixed_literal=true/literal_null=true/index=dynamic,11,264920,0,264192
streamfusion,binary_expressions,elt_arguments/scalar/16384/width=16/nulls=true/fixed_literal=true/literal_null=true/index=first,20,330884,0,264192
streamfusion,binary_expressions,elt_arguments/expanded_control/16384/width=16/nulls=true/fixed_literal=true/literal_null=true/index=first,14,330624,0,264192
streamfusion,binary_expressions,elt_arguments/scalar/16384/width=16/nulls=true/fixed_literal=true/literal_null=true/index=literal,20,330884,0,264192
streamfusion,binary_expressions,elt_arguments/expanded_control/16384/width=16/nulls=true/fixed_literal=true/literal_null=true/index=literal,14,330624,0,264192
streamfusion,binary_expressions,elt_arguments/scalar/16384/width=16/nulls=true/fixed_literal=true/literal_null=true/index=invalid,20,330884,0,264192
streamfusion,binary_expressions,elt_arguments/expanded_control/16384/width=16/nulls=true/fixed_literal=true/literal_null=true/index=invalid,14,330624,0,264192
streamfusion,binary_expressions,elt_arguments/scalar/16384/width=16/nulls=true/fixed_literal=true/literal_null=true/index=null,23,333012,0,264192
streamfusion,binary_expressions,elt_arguments/expanded_control/16384/width=16/nulls=true/fixed_literal=true/literal_null=true/index=null,17,332752,0,264192
streamfusion,binary_expressions,elt_arguments/scalar/16384/width=256/nulls=false/fixed_literal=false/literal_null=false/index=dynamic,18,4197851,0,4196352
streamfusion,binary_expressions,elt_arguments/expanded_control/16384/width=256/nulls=false/fixed_literal=false/literal_null=false/index=dynamic,11,4197080,0,4196352
streamfusion,binary_expressions,elt_arguments/scalar/16384/width=256/nulls=false/fixed_literal=false/literal_null=false/index=first,19,4261451,0,4194304
streamfusion,binary_expressions,elt_arguments/expanded_control/16384/width=256/nulls=false/fixed_literal=false/literal_null=false/index=first,12,4260680,0,4194304
streamfusion,binary_expressions,elt_arguments/scalar/16384/width=256/nulls=false/fixed_literal=false/literal_null=false/index=literal,19,4261451,0,4194304
streamfusion,binary_expressions,elt_arguments/expanded_control/16384/width=256/nulls=false/fixed_literal=false/literal_null=false/index=literal,12,4260680,0,4194304
streamfusion,binary_expressions,elt_arguments/scalar/16384/width=256/nulls=false/fixed_literal=false/literal_null=false/index=invalid,21,4263555,0,4196352
streamfusion,binary_expressions,elt_arguments/expanded_control/16384/width=256/nulls=false/fixed_literal=false/literal_null=false/index=invalid,14,4262784,0,4196352
streamfusion,binary_expressions,elt_arguments/scalar/16384/width=256/nulls=false/fixed_literal=false/literal_null=false/index=null,24,4265683,0,4196352
streamfusion,binary_expressions,elt_arguments/expanded_control/16384/width=256/nulls=false/fixed_literal=false/literal_null=false/index=null,17,4264912,0,4196352
streamfusion,binary_expressions,elt_arguments/scalar/16384/width=256/nulls=false/fixed_literal=false/literal_null=true/index=dynamic,19,4197444,0,4196352
streamfusion,binary_expressions,elt_arguments/expanded_control/16384/width=256/nulls=false/fixed_literal=false/literal_null=true/index=dynamic,11,4197080,0,4196352
streamfusion,binary_expressions,elt_arguments/scalar/16384/width=256/nulls=false/fixed_literal=false/literal_null=true/index=first,20,4261044,0,4194304
streamfusion,binary_expressions,elt_arguments/expanded_control/16384/width=256/nulls=false/fixed_literal=false/literal_null=true/index=first,12,4260680,0,4194304
streamfusion,binary_expressions,elt_arguments/scalar/16384/width=256/nulls=false/fixed_literal=false/literal_null=true/index=literal,22,4263148,0,4196352
streamfusion,binary_expressions,elt_arguments/expanded_control/16384/width=256/nulls=false/fixed_literal=false/literal_null=true/index=literal,14,4262784,0,4196352
streamfusion,binary_expressions,elt_arguments/scalar/16384/width=256/nulls=false/fixed_literal=false/literal_null=true/index=invalid,22,4263148,0,4196352
streamfusion,binary_expressions,elt_arguments/expanded_control/16384/width=256/nulls=false/fixed_literal=false/literal_null=true/index=invalid,14,4262784,0,4196352
streamfusion,binary_expressions,elt_arguments/scalar/16384/width=256/nulls=false/fixed_literal=false/literal_null=true/index=null,25,4265276,0,4196352
streamfusion,binary_expressions,elt_arguments/expanded_control/16384/width=256/nulls=false/fixed_literal=false/literal_null=true/index=null,17,4264912,0,4196352
streamfusion,binary_expressions,elt_arguments/scalar/16384/width=256/nulls=false/fixed_literal=true/literal_null=false/index=dynamic,18,4197899,0,4196352
streamfusion,binary_expressions,elt_arguments/expanded_control/16384/width=256/nulls=false/fixed_literal=true/literal_null=false/index=dynamic,11,4197080,0,4196352
streamfusion,binary_expressions,elt_arguments/scalar/16384/width=256/nulls=false/fixed_literal=true/literal_null=false/index=first,19,4261499,0,4194304
streamfusion,binary_expressions,elt_arguments/expanded_control/16384/width=256/nulls=false/fixed_literal=true/literal_null=false/index=first,12,4260680,0,4194304
streamfusion,binary_expressions,elt_arguments/scalar/16384/width=256/nulls=false/fixed_literal=true/literal_null=false/index=literal,19,4261499,0,4194304
streamfusion,binary_expressions,elt_arguments/expanded_control/16384/width=256/nulls=false/fixed_literal=true/literal_null=false/index=literal,12,4260680,0,4194304
streamfusion,binary_expressions,elt_arguments/scalar/16384/width=256/nulls=false/fixed_literal=true/literal_null=false/index=invalid,21,4263603,0,4196352
streamfusion,binary_expressions,elt_arguments/expanded_control/16384/width=256/nulls=false/fixed_literal=true/literal_null=false/index=invalid,14,4262784,0,4196352
streamfusion,binary_expressions,elt_arguments/scalar/16384/width=256/nulls=false/fixed_literal=true/literal_null=false/index=null,24,4265731,0,4196352
streamfusion,binary_expressions,elt_arguments/expanded_control/16384/width=256/nulls=false/fixed_literal=true/literal_null=false/index=null,17,4264912,0,4196352
streamfusion,binary_expressions,elt_arguments/scalar/16384/width=256/nulls=false/fixed_literal=true/literal_null=true/index=dynamic,17,4197580,0,4196352
streamfusion,binary_expressions,elt_arguments/expanded_control/16384/width=256/nulls=false/fixed_literal=true/literal_null=true/index=dynamic,11,4197080,0,4196352
streamfusion,binary_expressions,elt_arguments/scalar/16384/width=256/nulls=false/fixed_literal=true/literal_null=true/index=first,18,4261180,0,4194304
streamfusion,binary_expressions,elt_arguments/expanded_control/16384/width=256/nulls=false/fixed_literal=true/literal_null=true/index=first,12,4260680,0,4194304
streamfusion,binary_expressions,elt_arguments/scalar/16384/width=256/nulls=false/fixed_literal=true/literal_null=true/index=literal,20,4263284,0,4196352
streamfusion,binary_expressions,elt_arguments/expanded_control/16384/width=256/nulls=false/fixed_literal=true/literal_null=true/index=literal,14,4262784,0,4196352
streamfusion,binary_expressions,elt_arguments/scalar/16384/width=256/nulls=false/fixed_literal=true/literal_null=true/index=invalid,20,4263284,0,4196352
streamfusion,binary_expressions,elt_arguments/expanded_control/16384/width=256/nulls=false/fixed_literal=true/literal_null=true/index=invalid,14,4262784,0,4196352
streamfusion,binary_expressions,elt_arguments/scalar/16384/width=256/nulls=false/fixed_literal=true/literal_null=true/index=null,23,4265412,0,4196352
streamfusion,binary_expressions,elt_arguments/expanded_control/16384/width=256/nulls=false/fixed_literal=true/literal_null=true/index=null,17,4264912,0,4196352
streamfusion,binary_expressions,elt_arguments/scalar/16384/width=256/nulls=true/fixed_literal=false/literal_null=false/index=dynamic,18,4197851,0,4196352
streamfusion,binary_expressions,elt_arguments/expanded_control/16384/width=256/nulls=true/fixed_literal=false/literal_null=false/index=dynamic,11,4197080,0,4196352
streamfusion,binary_expressions,elt_arguments/scalar/16384/width=256/nulls=true/fixed_literal=false/literal_null=false/index=first,21,4263555,0,4196352
streamfusion,binary_expressions,elt_arguments/expanded_control/16384/width=256/nulls=true/fixed_literal=false/literal_null=false/index=first,14,4262784,0,4196352
streamfusion,binary_expressions,elt_arguments/scalar/16384/width=256/nulls=true/fixed_literal=false/literal_null=false/index=literal,19,4261451,0,4194304
streamfusion,binary_expressions,elt_arguments/expanded_control/16384/width=256/nulls=true/fixed_literal=false/literal_null=false/index=literal,12,4260680,0,4194304
streamfusion,binary_expressions,elt_arguments/scalar/16384/width=256/nulls=true/fixed_literal=false/literal_null=false/index=invalid,21,4263555,0,4196352
streamfusion,binary_expressions,elt_arguments/expanded_control/16384/width=256/nulls=true/fixed_literal=false/literal_null=false/index=invalid,14,4262784,0,4196352
streamfusion,binary_expressions,elt_arguments/scalar/16384/width=256/nulls=true/fixed_literal=false/literal_null=false/index=null,24,4265683,0,4196352
streamfusion,binary_expressions,elt_arguments/expanded_control/16384/width=256/nulls=true/fixed_literal=false/literal_null=false/index=null,17,4264912,0,4196352
streamfusion,binary_expressions,elt_arguments/scalar/16384/width=256/nulls=true/fixed_literal=false/literal_null=true/index=dynamic,19,4197444,0,4196352
streamfusion,binary_expressions,elt_arguments/expanded_control/16384/width=256/nulls=true/fixed_literal=false/literal_null=true/index=dynamic,11,4197080,0,4196352
streamfusion,binary_expressions,elt_arguments/scalar/16384/width=256/nulls=true/fixed_literal=false/literal_null=true/index=first,22,4263148,0,4196352
streamfusion,binary_expressions,elt_arguments/expanded_control/16384/width=256/nulls=true/fixed_literal=false/literal_null=true/index=first,14,4262784,0,4196352
streamfusion,binary_expressions,elt_arguments/scalar/16384/width=256/nulls=true/fixed_literal=false/literal_null=true/index=literal,22,4263148,0,4196352
streamfusion,binary_expressions,elt_arguments/expanded_control/16384/width=256/nulls=true/fixed_literal=false/literal_null=true/index=literal,14,4262784,0,4196352
streamfusion,binary_expressions,elt_arguments/scalar/16384/width=256/nulls=true/fixed_literal=false/literal_null=true/index=invalid,22,4263148,0,4196352
streamfusion,binary_expressions,elt_arguments/expanded_control/16384/width=256/nulls=true/fixed_literal=false/literal_null=true/index=invalid,14,4262784,0,4196352
streamfusion,binary_expressions,elt_arguments/scalar/16384/width=256/nulls=true/fixed_literal=false/literal_null=true/index=null,25,4265276,0,4196352
streamfusion,binary_expressions,elt_arguments/expanded_control/16384/width=256/nulls=true/fixed_literal=false/literal_null=true/index=null,17,4264912,0,4196352
streamfusion,binary_expressions,elt_arguments/scalar/16384/width=256/nulls=true/fixed_literal=true/literal_null=false/index=dynamic,18,4197899,0,4196352
streamfusion,binary_expressions,elt_arguments/expanded_control/16384/width=256/nulls=true/fixed_literal=true/literal_null=false/index=dynamic,11,4197080,0,4196352
streamfusion,binary_expressions,elt_arguments/scalar/16384/width=256/nulls=true/fixed_literal=true/literal_null=false/index=first,21,4263603,0,4196352
streamfusion,binary_expressions,elt_arguments/expanded_control/16384/width=256/nulls=true/fixed_literal=true/literal_null=false/index=first,14,4262784,0,4196352
streamfusion,binary_expressions,elt_arguments/scalar/16384/width=256/nulls=true/fixed_literal=true/literal_null=false/index=literal,19,4261499,0,4194304
streamfusion,binary_expressions,elt_arguments/expanded_control/16384/width=256/nulls=true/fixed_literal=true/literal_null=false/index=literal,12,4260680,0,4194304
streamfusion,binary_expressions,elt_arguments/scalar/16384/width=256/nulls=true/fixed_literal=true/literal_null=false/index=invalid,21,4263603,0,4196352
streamfusion,binary_expressions,elt_arguments/expanded_control/16384/width=256/nulls=true/fixed_literal=true/literal_null=false/index=invalid,14,4262784,0,4196352
streamfusion,binary_expressions,elt_arguments/scalar/16384/width=256/nulls=true/fixed_literal=true/literal_null=false/index=null,24,4265731,0,4196352
streamfusion,binary_expressions,elt_arguments/expanded_control/16384/width=256/nulls=true/fixed_literal=true/literal_null=false/index=null,17,4264912,0,4196352
streamfusion,binary_expressions,elt_arguments/scalar/16384/width=256/nulls=true/fixed_literal=true/literal_null=true/index=dynamic,17,4197580,0,4196352
streamfusion,binary_expressions,elt_arguments/expanded_control/16384/width=256/nulls=true/fixed_literal=true/literal_null=true/index=dynamic,11,4197080,0,4196352
streamfusion,binary_expressions,elt_arguments/scalar/16384/width=256/nulls=true/fixed_literal=true/literal_null=true/index=first,20,4263284,0,4196352
streamfusion,binary_expressions,elt_arguments/expanded_control/16384/width=256/nulls=true/fixed_literal=true/literal_null=true/index=first,14,4262784,0,4196352
streamfusion,binary_expressions,elt_arguments/scalar/16384/width=256/nulls=true/fixed_literal=true/literal_null=true/index=literal,20,4263284,0,4196352
streamfusion,binary_expressions,elt_arguments/expanded_control/16384/width=256/nulls=true/fixed_literal=true/literal_null=true/index=literal,14,4262784,0,4196352
streamfusion,binary_expressions,elt_arguments/scalar/16384/width=256/nulls=true/fixed_literal=true/literal_null=true/index=invalid,20,4263284,0,4196352
streamfusion,binary_expressions,elt_arguments/expanded_control/16384/width=256/nulls=true/fixed_literal=true/literal_null=true/index=invalid,14,4262784,0,4196352
streamfusion,binary_expressions,elt_arguments/scalar/16384/width=256/nulls=true/fixed_literal=true/literal_null=true/index=null,23,4265412,0,4196352
streamfusion,binary_expressions,elt_arguments/expanded_control/16384/width=256/nulls=true/fixed_literal=true/literal_null=true/index=null,17,4264912,0,4196352
streamfusion,binary_expressions,elt_all_scalar/width=0/values=1/fixed_literal=false/nulls=false/index=Some(-1),21,6392,0,0
streamfusion,binary_expressions,elt_all_scalar/width=0/values=1/fixed_literal=false/nulls=false/index=Some(0),21,6392,0,0
streamfusion,binary_expressions,elt_all_scalar/width=0/values=1/fixed_literal=false/nulls=false/index=Some(1),19,6208,0,0
streamfusion,binary_expressions,elt_all_scalar/width=0/values=1/fixed_literal=false/nulls=false/index=Some(2),21,6392,0,0
streamfusion,binary_expressions,elt_all_scalar/width=0/values=1/fixed_literal=false/nulls=false/index=Some(3),21,6392,0,0
streamfusion,binary_expressions,elt_all_scalar/width=0/values=1/fixed_literal=false/nulls=false/index=Some(4),21,6392,0,0
streamfusion,binary_expressions,elt_all_scalar/width=0/values=1/fixed_literal=false/nulls=false/index=None,24,6473,0,0
streamfusion,binary_expressions,elt_all_scalar/width=0/values=1/fixed_literal=false/nulls=true/index=Some(-1),24,6497,0,0
streamfusion,binary_expressions,elt_all_scalar/width=0/values=1/fixed_literal=false/nulls=true/index=Some(0),24,6497,0,0
streamfusion,binary_expressions,elt_all_scalar/width=0/values=1/fixed_literal=false/nulls=true/index=Some(1),24,6497,0,0
streamfusion,binary_expressions,elt_all_scalar/width=0/values=1/fixed_literal=false/nulls=true/index=Some(2),24,6497,0,0
streamfusion,binary_expressions,elt_all_scalar/width=0/values=1/fixed_literal=false/nulls=true/index=Some(3),24,6497,0,0
streamfusion,binary_expressions,elt_all_scalar/width=0/values=1/fixed_literal=false/nulls=true/index=Some(4),24,6497,0,0
streamfusion,binary_expressions,elt_all_scalar/width=0/values=1/fixed_literal=false/nulls=true/index=None,27,6578,0,0
streamfusion,binary_expressions,elt_all_scalar/width=0/values=1/fixed_literal=true/nulls=false/index=Some(-1),23,6505,0,0
streamfusion,binary_expressions,elt_all_scalar/width=0/values=1/fixed_literal=true/nulls=false/index=Some(0),23,6505,0,0
streamfusion,binary_expressions,elt_all_scalar/width=0/values=1/fixed_literal=true/nulls=false/index=Some(1),22,6322,0,0
streamfusion,binary_expressions,elt_all_scalar/width=0/values=1/fixed_literal=true/nulls=false/index=Some(2),23,6505,0,0
streamfusion,binary_expressions,elt_all_scalar/width=0/values=1/fixed_literal=true/nulls=false/index=Some(3),23,6505,0,0
streamfusion,binary_expressions,elt_all_scalar/width=0/values=1/fixed_literal=true/nulls=false/index=Some(4),23,6505,0,0
streamfusion,binary_expressions,elt_all_scalar/width=0/values=1/fixed_literal=true/nulls=false/index=None,26,6586,0,0
streamfusion,binary_expressions,elt_all_scalar/width=0/values=1/fixed_literal=true/nulls=true/index=Some(-1),22,6378,0,0
streamfusion,binary_expressions,elt_all_scalar/width=0/values=1/fixed_literal=true/nulls=true/index=Some(0),22,6378,0,0
streamfusion,binary_expressions,elt_all_scalar/width=0/values=1/fixed_literal=true/nulls=true/index=Some(1),22,6378,0,0
streamfusion,binary_expressions,elt_all_scalar/width=0/values=1/fixed_literal=true/nulls=true/index=Some(2),22,6378,0,0
streamfusion,binary_expressions,elt_all_scalar/width=0/values=1/fixed_literal=true/nulls=true/index=Some(3),22,6378,0,0
streamfusion,binary_expressions,elt_all_scalar/width=0/values=1/fixed_literal=true/nulls=true/index=Some(4),22,6378,0,0
streamfusion,binary_expressions,elt_all_scalar/width=0/values=1/fixed_literal=true/nulls=true/index=None,25,6459,0,0
streamfusion,binary_expressions,elt_all_scalar/width=0/values=3/fixed_literal=false/nulls=false/index=Some(-1),33,7227,0,0
streamfusion,binary_expressions,elt_all_scalar/width=0/values=3/fixed_literal=false/nulls=false/index=Some(0),33,7227,0,0
streamfusion,binary_expressions,elt_all_scalar/width=0/values=3/fixed_literal=false/nulls=false/index=Some(1),31,7043,0,0
streamfusion,binary_expressions,elt_all_scalar/width=0/values=3/fixed_literal=false/nulls=false/index=Some(2),32,7044,0,0
streamfusion,binary_expressions,elt_all_scalar/width=0/values=3/fixed_literal=false/nulls=false/index=Some(3),32,7045,0,0
streamfusion,binary_expressions,elt_all_scalar/width=0/values=3/fixed_literal=false/nulls=false/index=Some(4),33,7227,0,0
streamfusion,binary_expressions,elt_all_scalar/width=0/values=3/fixed_literal=false/nulls=false/index=None,36,7308,0,0
streamfusion,binary_expressions,elt_all_scalar/width=0/values=3/fixed_literal=false/nulls=true/index=Some(-1),37,7371,0,0
streamfusion,binary_expressions,elt_all_scalar/width=0/values=3/fixed_literal=false/nulls=true/index=Some(0),37,7371,0,0
streamfusion,binary_expressions,elt_all_scalar/width=0/values=3/fixed_literal=false/nulls=true/index=Some(1),37,7371,0,0
streamfusion,binary_expressions,elt_all_scalar/width=0/values=3/fixed_literal=false/nulls=true/index=Some(2),36,7188,0,0
streamfusion,binary_expressions,elt_all_scalar/width=0/values=3/fixed_literal=false/nulls=true/index=Some(3),37,7371,0,0
streamfusion,binary_expressions,elt_all_scalar/width=0/values=3/fixed_literal=false/nulls=true/index=Some(4),37,7371,0,0
streamfusion,binary_expressions,elt_all_scalar/width=0/values=3/fixed_literal=false/nulls=true/index=None,40,7452,0,0
streamfusion,binary_expressions,elt_all_scalar/width=0/values=3/fixed_literal=true/nulls=false/index=Some(-1),35,7438,0,0
streamfusion,binary_expressions,elt_all_scalar/width=0/values=3/fixed_literal=true/nulls=false/index=Some(0),35,7438,0,0
streamfusion,binary_expressions,elt_all_scalar/width=0/values=3/fixed_literal=true/nulls=false/index=Some(1),34,7255,0,0
streamfusion,binary_expressions,elt_all_scalar/width=0/values=3/fixed_literal=true/nulls=false/index=Some(2),34,7256,0,0
streamfusion,binary_expressions,elt_all_scalar/width=0/values=3/fixed_literal=true/nulls=false/index=Some(3),34,7257,0,0
streamfusion,binary_expressions,elt_all_scalar/width=0/values=3/fixed_literal=true/nulls=false/index=Some(4),35,7438,0,0
streamfusion,binary_expressions,elt_all_scalar/width=0/values=3/fixed_literal=true/nulls=false/index=None,38,7519,0,0
streamfusion,binary_expressions,elt_all_scalar/width=0/values=3/fixed_literal=true/nulls=true/index=Some(-1),33,7184,0,0
streamfusion,binary_expressions,elt_all_scalar/width=0/values=3/fixed_literal=true/nulls=true/index=Some(0),33,7184,0,0
streamfusion,binary_expressions,elt_all_scalar/width=0/values=3/fixed_literal=true/nulls=true/index=Some(1),33,7184,0,0
streamfusion,binary_expressions,elt_all_scalar/width=0/values=3/fixed_literal=true/nulls=true/index=Some(2),32,7002,0,0
streamfusion,binary_expressions,elt_all_scalar/width=0/values=3/fixed_literal=true/nulls=true/index=Some(3),33,7184,0,0
streamfusion,binary_expressions,elt_all_scalar/width=0/values=3/fixed_literal=true/nulls=true/index=Some(4),33,7184,0,0
streamfusion,binary_expressions,elt_all_scalar/width=0/values=3/fixed_literal=true/nulls=true/index=None,36,7265,0,0
streamfusion,binary_expressions,elt_all_scalar/width=1/values=1/fixed_literal=false/nulls=false/index=Some(-1),20,1190,0,0
streamfusion,binary_expressions,elt_all_scalar/width=1/values=1/fixed_literal=false/nulls=false/index=Some(0),20,1190,0,0
streamfusion,binary_expressions,elt_all_scalar/width=1/values=1/fixed_literal=false/nulls=false/index=Some(1),19,1071,0,0
streamfusion,binary_expressions,elt_all_scalar/width=1/values=1/fixed_literal=false/nulls=false/index=Some(2),20,1190,0,0
streamfusion,binary_expressions,elt_all_scalar/width=1/values=1/fixed_literal=false/nulls=false/index=Some(3),20,1190,0,0
streamfusion,binary_expressions,elt_all_scalar/width=1/values=1/fixed_literal=false/nulls=false/index=Some(4),20,1190,0,0
streamfusion,binary_expressions,elt_all_scalar/width=1/values=1/fixed_literal=false/nulls=false/index=None,23,1271,0,0
streamfusion,binary_expressions,elt_all_scalar/width=1/values=1/fixed_literal=false/nulls=true/index=Some(-1),21,1230,0,0
streamfusion,binary_expressions,elt_all_scalar/width=1/values=1/fixed_literal=false/nulls=true/index=Some(0),21,1230,0,0
streamfusion,binary_expressions,elt_all_scalar/width=1/values=1/fixed_literal=false/nulls=true/index=Some(1),21,1230,0,0
streamfusion,binary_expressions,elt_all_scalar/width=1/values=1/fixed_literal=false/nulls=true/index=Some(2),21,1230,0,0
streamfusion,binary_expressions,elt_all_scalar/width=1/values=1/fixed_literal=false/nulls=true/index=Some(3),21,1230,0,0
streamfusion,binary_expressions,elt_all_scalar/width=1/values=1/fixed_literal=false/nulls=true/index=Some(4),21,1230,0,0
streamfusion,binary_expressions,elt_all_scalar/width=1/values=1/fixed_literal=false/nulls=true/index=None,24,1311,0,0
streamfusion,binary_expressions,elt_all_scalar/width=1/values=1/fixed_literal=true/nulls=false/index=Some(-1),20,1238,0,0
streamfusion,binary_expressions,elt_all_scalar/width=1/values=1/fixed_literal=true/nulls=false/index=Some(0),20,1238,0,0
streamfusion,binary_expressions,elt_all_scalar/width=1/values=1/fixed_literal=true/nulls=false/index=Some(1),19,1119,0,0
streamfusion,binary_expressions,elt_all_scalar/width=1/values=1/fixed_literal=true/nulls=false/index=Some(2),20,1238,0,0
streamfusion,binary_expressions,elt_all_scalar/width=1/values=1/fixed_literal=true/nulls=false/index=Some(3),20,1238,0,0
streamfusion,binary_expressions,elt_all_scalar/width=1/values=1/fixed_literal=true/nulls=false/index=Some(4),20,1238,0,0
streamfusion,binary_expressions,elt_all_scalar/width=1/values=1/fixed_literal=true/nulls=false/index=None,23,1319,0,0
streamfusion,binary_expressions,elt_all_scalar/width=1/values=1/fixed_literal=true/nulls=true/index=Some(-1),19,1111,0,0
streamfusion,binary_expressions,elt_all_scalar/width=1/values=1/fixed_literal=true/nulls=true/index=Some(0),19,1111,0,0
streamfusion,binary_expressions,elt_all_scalar/width=1/values=1/fixed_literal=true/nulls=true/index=Some(1),19,1111,0,0
streamfusion,binary_expressions,elt_all_scalar/width=1/values=1/fixed_literal=true/nulls=true/index=Some(2),19,1111,0,0
streamfusion,binary_expressions,elt_all_scalar/width=1/values=1/fixed_literal=true/nulls=true/index=Some(3),19,1111,0,0
streamfusion,binary_expressions,elt_all_scalar/width=1/values=1/fixed_literal=true/nulls=true/index=Some(4),19,1111,0,0
streamfusion,binary_expressions,elt_all_scalar/width=1/values=1/fixed_literal=true/nulls=true/index=None,22,1192,0,0
streamfusion,binary_expressions,elt_all_scalar/width=1/values=3/fixed_literal=false/nulls=false/index=Some(-1),32,2024,0,0
streamfusion,binary_expressions,elt_all_scalar/width=1/values=3/fixed_literal=false/nulls=false/index=Some(0),32,2024,0,0
streamfusion,binary_expressions,elt_all_scalar/width=1/values=3/fixed_literal=false/nulls=false/index=Some(1),31,1905,0,0
streamfusion,binary_expressions,elt_all_scalar/width=1/values=3/fixed_literal=false/nulls=false/index=Some(2),31,1905,0,0
streamfusion,binary_expressions,elt_all_scalar/width=1/values=3/fixed_literal=false/nulls=false/index=Some(3),31,1905,0,0
streamfusion,binary_expressions,elt_all_scalar/width=1/values=3/fixed_literal=false/nulls=false/index=Some(4),32,2024,0,0
streamfusion,binary_expressions,elt_all_scalar/width=1/values=3/fixed_literal=false/nulls=false/index=None,35,2105,0,0
streamfusion,binary_expressions,elt_all_scalar/width=1/values=3/fixed_literal=false/nulls=true/index=Some(-1),34,2104,0,0
streamfusion,binary_expressions,elt_all_scalar/width=1/values=3/fixed_literal=false/nulls=true/index=Some(0),34,2104,0,0
streamfusion,binary_expressions,elt_all_scalar/width=1/values=3/fixed_literal=false/nulls=true/index=Some(1),34,2104,0,0
streamfusion,binary_expressions,elt_all_scalar/width=1/values=3/fixed_literal=false/nulls=true/index=Some(2),33,1985,0,0
streamfusion,binary_expressions,elt_all_scalar/width=1/values=3/fixed_literal=false/nulls=true/index=Some(3),34,2104,0,0
streamfusion,binary_expressions,elt_all_scalar/width=1/values=3/fixed_literal=false/nulls=true/index=Some(4),34,2104,0,0
streamfusion,binary_expressions,elt_all_scalar/width=1/values=3/fixed_literal=false/nulls=true/index=None,37,2185,0,0
streamfusion,binary_expressions,elt_all_scalar/width=1/values=3/fixed_literal=true/nulls=false/index=Some(-1),32,2168,0,0
streamfusion,binary_expressions,elt_all_scalar/width=1/values=3/fixed_literal=true/nulls=false/index=Some(0),32,2168,0,0
streamfusion,binary_expressions,elt_all_scalar/width=1/values=3/fixed_literal=true/nulls=false/index=Some(1),31,2049,0,0
streamfusion,binary_expressions,elt_all_scalar/width=1/values=3/fixed_literal=true/nulls=false/index=Some(2),31,2049,0,0
streamfusion,binary_expressions,elt_all_scalar/width=1/values=3/fixed_literal=true/nulls=false/index=Some(3),31,2049,0,0
streamfusion,binary_expressions,elt_all_scalar/width=1/values=3/fixed_literal=true/nulls=false/index=Some(4),32,2168,0,0
streamfusion,binary_expressions,elt_all_scalar/width=1/values=3/fixed_literal=true/nulls=false/index=None,35,2249,0,0
streamfusion,binary_expressions,elt_all_scalar/width=1/values=3/fixed_literal=true/nulls=true/index=Some(-1),30,1914,0,0
streamfusion,binary_expressions,elt_all_scalar/width=1/values=3/fixed_literal=true/nulls=true/index=Some(0),30,1914,0,0
streamfusion,binary_expressions,elt_all_scalar/width=1/values=3/fixed_literal=true/nulls=true/index=Some(1),30,1914,0,0
streamfusion,binary_expressions,elt_all_scalar/width=1/values=3/fixed_literal=true/nulls=true/index=Some(2),29,1795,0,0
streamfusion,binary_expressions,elt_all_scalar/width=1/values=3/fixed_literal=true/nulls=true/index=Some(3),30,1914,0,0
streamfusion,binary_expressions,elt_all_scalar/width=1/values=3/fixed_literal=true/nulls=true/index=Some(4),30,1914,0,0
streamfusion,binary_expressions,elt_all_scalar/width=1/values=3/fixed_literal=true/nulls=true/index=None,33,1995,0,0
streamfusion,binary_expressions,elt_all_scalar/width=16/values=1/fixed_literal=false/nulls=false/index=Some(-1),20,1220,0,0
streamfusion,binary_expressions,elt_all_scalar/width=16/values=1/fixed_literal=false/nulls=false/index=Some(0),20,1220,0,0
streamfusion,binary_expressions,elt_all_scalar/width=16/values=1/fixed_literal=false/nulls=false/index=Some(1),19,1116,0,0
streamfusion,binary_expressions,elt_all_scalar/width=16/values=1/fixed_literal=false/nulls=false/index=Some(2),20,1220,0,0
streamfusion,binary_expressions,elt_all_scalar/width=16/values=1/fixed_literal=false/nulls=false/index=Some(3),20,1220,0,0
streamfusion,binary_expressions,elt_all_scalar/width=16/values=1/fixed_literal=false/nulls=false/index=Some(4),20,1220,0,0
streamfusion,binary_expressions,elt_all_scalar/width=16/values=1/fixed_literal=false/nulls=false/index=None,23,1301,0,0
streamfusion,binary_expressions,elt_all_scalar/width=16/values=1/fixed_literal=false/nulls=true/index=Some(-1),21,1245,0,0
streamfusion,binary_expressions,elt_all_scalar/width=16/values=1/fixed_literal=false/nulls=true/index=Some(0),21,1245,0,0
streamfusion,binary_expressions,elt_all_scalar/width=16/values=1/fixed_literal=false/nulls=true/index=Some(1),21,1245,0,0
streamfusion,binary_expressions,elt_all_scalar/width=16/values=1/fixed_literal=false/nulls=true/index=Some(2),21,1245,0,0
streamfusion,binary_expressions,elt_all_scalar/width=16/values=1/fixed_literal=false/nulls=true/index=Some(3),21,1245,0,0
streamfusion,binary_expressions,elt_all_scalar/width=16/values=1/fixed_literal=false/nulls=true/index=Some(4),21,1245,0,0
streamfusion,binary_expressions,elt_all_scalar/width=16/values=1/fixed_literal=false/nulls=true/index=None,24,1326,0,0
streamfusion,binary_expressions,elt_all_scalar/width=16/values=1/fixed_literal=true/nulls=false/index=Some(-1),20,1268,0,0
streamfusion,binary_expressions,elt_all_scalar/width=16/values=1/fixed_literal=true/nulls=false/index=Some(0),20,1268,0,0
streamfusion,binary_expressions,elt_all_scalar/width=16/values=1/fixed_literal=true/nulls=false/index=Some(1),19,1164,0,0
streamfusion,binary_expressions,elt_all_scalar/width=16/values=1/fixed_literal=true/nulls=false/index=Some(2),20,1268,0,0
streamfusion,binary_expressions,elt_all_scalar/width=16/values=1/fixed_literal=true/nulls=false/index=Some(3),20,1268,0,0
streamfusion,binary_expressions,elt_all_scalar/width=16/values=1/fixed_literal=true/nulls=false/index=Some(4),20,1268,0,0
streamfusion,binary_expressions,elt_all_scalar/width=16/values=1/fixed_literal=true/nulls=false/index=None,23,1349,0,0
streamfusion,binary_expressions,elt_all_scalar/width=16/values=1/fixed_literal=true/nulls=true/index=Some(-1),19,1141,0,0
streamfusion,binary_expressions,elt_all_scalar/width=16/values=1/fixed_literal=true/nulls=true/index=Some(0),19,1141,0,0
streamfusion,binary_expressions,elt_all_scalar/width=16/values=1/fixed_literal=true/nulls=true/index=Some(1),19,1141,0,0
streamfusion,binary_expressions,elt_all_scalar/width=16/values=1/fixed_literal=true/nulls=true/index=Some(2),19,1141,0,0
streamfusion,binary_expressions,elt_all_scalar/width=16/values=1/fixed_literal=true/nulls=true/index=Some(3),19,1141,0,0
streamfusion,binary_expressions,elt_all_scalar/width=16/values=1/fixed_literal=true/nulls=true/index=Some(4),19,1141,0,0
streamfusion,binary_expressions,elt_all_scalar/width=16/values=1/fixed_literal=true/nulls=true/index=None,22,1222,0,0
streamfusion,binary_expressions,elt_all_scalar/width=16/values=3/fixed_literal=false/nulls=false/index=Some(-1),32,2084,0,0
streamfusion,binary_expressions,elt_all_scalar/width=16/values=3/fixed_literal=false/nulls=false/index=Some(0),32,2084,0,0
streamfusion,binary_expressions,elt_all_scalar/width=16/values=3/fixed_literal=false/nulls=false/index=Some(1),31,1980,0,0
streamfusion,binary_expressions,elt_all_scalar/width=16/values=3/fixed_literal=false/nulls=false/index=Some(2),31,1980,0,0
streamfusion,binary_expressions,elt_all_scalar/width=16/values=3/fixed_literal=false/nulls=false/index=Some(3),31,1980,0,0
streamfusion,binary_expressions,elt_all_scalar/width=16/values=3/fixed_literal=false/nulls=false/index=Some(4),32,2084,0,0
streamfusion,binary_expressions,elt_all_scalar/width=16/values=3/fixed_literal=false/nulls=false/index=None,35,2165,0,0
streamfusion,binary_expressions,elt_all_scalar/width=16/values=3/fixed_literal=false/nulls=true/index=Some(-1),34,2134,0,0
streamfusion,binary_expressions,elt_all_scalar/width=16/values=3/fixed_literal=false/nulls=true/index=Some(0),34,2134,0,0
streamfusion,binary_expressions,elt_all_scalar/width=16/values=3/fixed_literal=false/nulls=true/index=Some(1),34,2134,0,0
streamfusion,binary_expressions,elt_all_scalar/width=16/values=3/fixed_literal=false/nulls=true/index=Some(2),33,2030,0,0
streamfusion,binary_expressions,elt_all_scalar/width=16/values=3/fixed_literal=false/nulls=true/index=Some(3),34,2134,0,0
streamfusion,binary_expressions,elt_all_scalar/width=16/values=3/fixed_literal=false/nulls=true/index=Some(4),34,2134,0,0
streamfusion,binary_expressions,elt_all_scalar/width=16/values=3/fixed_literal=false/nulls=true/index=None,37,2215,0,0
streamfusion,binary_expressions,elt_all_scalar/width=16/values=3/fixed_literal=true/nulls=false/index=Some(-1),32,2228,0,0
streamfusion,binary_expressions,elt_all_scalar/width=16/values=3/fixed_literal=true/nulls=false/index=Some(0),32,2228,0,0
streamfusion,binary_expressions,elt_all_scalar/width=16/values=3/fixed_literal=true/nulls=false/index=Some(1),31,2124,0,0
streamfusion,binary_expressions,elt_all_scalar/width=16/values=3/fixed_literal=true/nulls=false/index=Some(2),31,2124,0,0
streamfusion,binary_expressions,elt_all_scalar/width=16/values=3/fixed_literal=true/nulls=false/index=Some(3),31,2124,0,0
streamfusion,binary_expressions,elt_all_scalar/width=16/values=3/fixed_literal=true/nulls=false/index=Some(4),32,2228,0,0
streamfusion,binary_expressions,elt_all_scalar/width=16/values=3/fixed_literal=true/nulls=false/index=None,35,2309,0,0
streamfusion,binary_expressions,elt_all_scalar/width=16/values=3/fixed_literal=true/nulls=true/index=Some(-1),30,1974,0,0
streamfusion,binary_expressions,elt_all_scalar/width=16/values=3/fixed_literal=true/nulls=true/index=Some(0),30,1974,0,0
streamfusion,binary_expressions,elt_all_scalar/width=16/values=3/fixed_literal=true/nulls=true/index=Some(1),30,1974,0,0
streamfusion,binary_expressions,elt_all_scalar/width=16/values=3/fixed_literal=true/nulls=true/index=Some(2),29,1870,0,0
streamfusion,binary_expressions,elt_all_scalar/width=16/values=3/fixed_literal=true/nulls=true/index=Some(3),30,1974,0,0
streamfusion,binary_expressions,elt_all_scalar/width=16/values=3/fixed_literal=true/nulls=true/index=Some(4),30,1974,0,0
streamfusion,binary_expressions,elt_all_scalar/width=16/values=3/fixed_literal=true/nulls=true/index=None,33,2055,0,0
