round,variant,case,sample,iterations,elapsed_ns,sampling_mode
1,candidate,engine/rocksdb/group_extrema/group_extrema/restore_aligned/16384/domain=16384/bytes=264/nulls=true,0,3.0,50389920.0,Flat
1,candidate,engine/rocksdb/group_extrema/group_extrema/restore_aligned/16384/domain=16384/bytes=264/nulls=true,1,3.0,53018132.0,Flat
1,candidate,engine/rocksdb/group_extrema/group_extrema/restore_aligned/16384/domain=16384/bytes=264/nulls=true,2,3.0,53714812.0,Flat
1,candidate,engine/rocksdb/group_extrema/group_extrema/restore_aligned/16384/domain=16384/bytes=264/nulls=true,3,3.0,51975086.0,Flat
1,candidate,engine/rocksdb/group_extrema/group_extrema/restore_aligned/16384/domain=16384/bytes=264/nulls=true,4,3.0,54882351.0,Flat
1,candidate,engine/rocksdb/group_extrema/group_extrema/restore_aligned/16384/domain=16384/bytes=264/nulls=true,5,3.0,48690290.0,Flat
1,candidate,engine/rocksdb/group_extrema/group_extrema/restore_aligned/16384/domain=16384/bytes=264/nulls=true,6,3.0,51945112.0,Flat
1,candidate,engine/rocksdb/group_extrema/group_extrema/restore_aligned/16384/domain=16384/bytes=264/nulls=true,7,3.0,49954280.0,Flat
1,candidate,engine/rocksdb/group_extrema/group_extrema/restore_aligned/16384/domain=16384/bytes=264/nulls=true,8,3.0,50404770.0,Flat
1,candidate,engine/rocksdb/group_extrema/group_extrema/restore_aligned/16384/domain=16384/bytes=264/nulls=true,9,3.0,48881115.0,Flat
1,candidate,engine/rocksdb/group_extrema/group_extrema/restore_aligned/16384/domain=16384/bytes=264/nulls=true,10,3.0,49608467.0,Flat
1,candidate,engine/rocksdb/group_extrema/group_extrema/restore_aligned/16384/domain=16384/bytes=264/nulls=true,11,3.0,49779859.0,Flat
1,candidate,engine/rocksdb/group_extrema/group_extrema/restore_aligned/16384/domain=16384/bytes=264/nulls=true,12,3.0,49609156.0,Flat
1,candidate,engine/rocksdb/group_extrema/group_extrema/restore_aligned/16384/domain=16384/bytes=264/nulls=true,13,3.0,51740273.0,Flat
1,candidate,engine/rocksdb/group_extrema/group_extrema/restore_aligned/16384/domain=16384/bytes=264/nulls=true,14,3.0,48369836.0,Flat
1,candidate,engine/rocksdb/group_extrema/group_extrema/restore_aligned/16384/domain=16384/bytes=264/nulls=true,15,3.0,60881722.0,Flat
1,candidate,engine/rocksdb/group_extrema/group_extrema/restore_aligned/16384/domain=16384/bytes=264/nulls=true,16,3.0,51144569.0,Flat
1,candidate,engine/rocksdb/group_extrema/group_extrema/restore_aligned/16384/domain=16384/bytes=264/nulls=true,17,3.0,50857919.0,Flat
1,candidate,engine/rocksdb/group_extrema/group_extrema/restore_aligned/16384/domain=16384/bytes=264/nulls=true,18,3.0,56325707.0,Flat
1,candidate,engine/rocksdb/group_extrema/group_extrema/restore_aligned/16384/domain=16384/bytes=264/nulls=true,19,3.0,53162996.0,Flat
1,candidate,engine/rocksdb/group_extrema/group_extrema/restore_aligned/16384/domain=16384/bytes=264/nulls=true,20,3.0,54423122.0,Flat
1,candidate,engine/rocksdb/group_extrema/group_extrema/restore_aligned/16384/domain=16384/bytes=264/nulls=true,21,3.0,58336463.0,Flat
1,candidate,engine/rocksdb/group_extrema/group_extrema/restore_aligned/16384/domain=16384/bytes=264/nulls=true,22,3.0,54367615.0,Flat
1,candidate,engine/rocksdb/group_extrema/group_extrema/restore_aligned/16384/domain=16384/bytes=264/nulls=true,23,3.0,66534649.0,Flat
1,candidate,engine/rocksdb/group_extrema/group_extrema/restore_aligned/16384/domain=16384/bytes=264/nulls=true,24,3.0,54118971.0,Flat
1,candidate,engine/rocksdb/group_extrema/group_extrema/restore_aligned/16384/domain=16384/bytes=264/nulls=true,25,3.0,52750196.0,Flat
1,candidate,engine/rocksdb/group_extrema/group_extrema/restore_aligned/16384/domain=16384/bytes=264/nulls=true,26,3.0,54198905.0,Flat
1,candidate,engine/rocksdb/group_extrema/group_extrema/restore_aligned/16384/domain=16384/bytes=264/nulls=true,27,3.0,55893505.0,Flat
1,candidate,engine/rocksdb/group_extrema/group_extrema/restore_aligned/16384/domain=16384/bytes=264/nulls=true,28,3.0,56423312.0,Flat
1,candidate,engine/rocksdb/group_extrema/group_extrema/restore_aligned/16384/domain=16384/bytes=264/nulls=true,29,3.0,53797241.0,Flat
1,candidate,engine/rocksdb/group_extrema/group_extrema/restore_aligned/16384/domain=16384/bytes=264/nulls=true,30,3.0,56659834.0,Flat
1,candidate,engine/rocksdb/group_extrema/group_extrema/restore_aligned/16384/domain=16384/bytes=264/nulls=true,31,3.0,55813936.0,Flat
1,candidate,engine/rocksdb/group_extrema/group_extrema/restore_aligned/16384/domain=16384/bytes=264/nulls=true,32,3.0,56053539.0,Flat
1,candidate,engine/rocksdb/group_extrema/group_extrema/restore_aligned/16384/domain=16384/bytes=264/nulls=true,33,3.0,50758596.0,Flat
1,candidate,engine/rocksdb/group_extrema/group_extrema/restore_aligned/16384/domain=16384/bytes=264/nulls=true,34,3.0,86601887.0,Flat
1,candidate,engine/rocksdb/group_extrema/group_extrema/restore_aligned/16384/domain=16384/bytes=264/nulls=true,35,3.0,58892555.0,Flat
1,candidate,engine/rocksdb/group_extrema/group_extrema/restore_aligned/16384/domain=16384/bytes=264/nulls=true,36,3.0,53250526.0,Flat
1,candidate,engine/rocksdb/group_extrema/group_extrema/restore_aligned/16384/domain=16384/bytes=264/nulls=true,37,3.0,50824503.0,Flat
1,candidate,engine/rocksdb/group_extrema/group_extrema/restore_aligned/16384/domain=16384/bytes=264/nulls=true,38,3.0,51028656.0,Flat
1,candidate,engine/rocksdb/group_extrema/group_extrema/restore_aligned/16384/domain=16384/bytes=264/nulls=true,39,3.0,50650755.0,Flat
1,candidate,engine/rocksdb/group_extrema/group_extrema/restore_aligned/16384/domain=16384/bytes=264/nulls=true,40,3.0,50059070.0,Flat
1,candidate,engine/rocksdb/group_extrema/group_extrema/restore_aligned/16384/domain=16384/bytes=264/nulls=true,41,3.0,54564569.0,Flat
1,candidate,engine/rocksdb/group_extrema/group_extrema/restore_aligned/16384/domain=16384/bytes=264/nulls=true,42,3.0,49922773.0,Flat
1,candidate,engine/rocksdb/group_extrema/group_extrema/restore_aligned/16384/domain=16384/bytes=264/nulls=true,43,3.0,52435823.0,Flat
1,candidate,engine/rocksdb/group_extrema/group_extrema/restore_aligned/16384/domain=16384/bytes=264/nulls=true,44,3.0,53494663.0,Flat
1,candidate,engine/rocksdb/group_extrema/group_extrema/restore_aligned/16384/domain=16384/bytes=264/nulls=true,45,3.0,51960566.0,Flat
1,candidate,engine/rocksdb/group_extrema/group_extrema/restore_aligned/16384/domain=16384/bytes=264/nulls=true,46,3.0,53747392.0,Flat
1,candidate,engine/rocksdb/group_extrema/group_extrema/restore_aligned/16384/domain=16384/bytes=264/nulls=true,47,3.0,53279358.0,Flat
1,candidate,engine/rocksdb/group_extrema/group_extrema/restore_aligned/16384/domain=16384/bytes=264/nulls=true,48,3.0,50024443.0,Flat
1,candidate,engine/rocksdb/group_extrema/group_extrema/restore_aligned/16384/domain=16384/bytes=264/nulls=true,49,3.0,48730518.0,Flat
1,candidate,engine/rocksdb/group_extrema/group_extrema/restore_aligned/16384/domain=16384/bytes=264/nulls=true,50,3.0,49937459.0,Flat
1,candidate,engine/rocksdb/group_extrema/group_extrema/restore_aligned/16384/domain=16384/bytes=264/nulls=true,51,3.0,51367747.0,Flat
1,candidate,engine/rocksdb/group_extrema/group_extrema/restore_aligned/16384/domain=16384/bytes=264/nulls=true,52,3.0,52872294.0,Flat
1,candidate,engine/rocksdb/group_extrema/group_extrema/restore_aligned/16384/domain=16384/bytes=264/nulls=true,53,3.0,50260738.0,Flat
1,candidate,engine/rocksdb/group_extrema/group_extrema/restore_aligned/16384/domain=16384/bytes=264/nulls=true,54,3.0,53832194.0,Flat
1,candidate,engine/rocksdb/group_extrema/group_extrema/restore_aligned/16384/domain=16384/bytes=264/nulls=true,55,3.0,49185753.0,Flat
1,candidate,engine/rocksdb/group_extrema/group_extrema/restore_aligned/16384/domain=16384/bytes=264/nulls=true,56,3.0,52519918.0,Flat
1,candidate,engine/rocksdb/group_extrema/group_extrema/restore_aligned/16384/domain=16384/bytes=264/nulls=true,57,3.0,50416750.0,Flat
1,candidate,engine/rocksdb/group_extrema/group_extrema/restore_aligned/16384/domain=16384/bytes=264/nulls=true,58,3.0,51597110.0,Flat
1,candidate,engine/rocksdb/group_extrema/group_extrema/restore_aligned/16384/domain=16384/bytes=264/nulls=true,59,3.0,55370050.0,Flat
1,candidate,engine/rocksdb/group_extrema/group_extrema/restore_aligned/16384/domain=16384/bytes=264/nulls=true,60,3.0,55441488.0,Flat
1,candidate,engine/rocksdb/group_extrema/group_extrema/restore_aligned/16384/domain=16384/bytes=264/nulls=true,61,3.0,52601278.0,Flat
1,candidate,engine/rocksdb/group_extrema/group_extrema/restore_aligned/16384/domain=16384/bytes=264/nulls=true,62,3.0,50831473.0,Flat
1,candidate,engine/rocksdb/group_extrema/group_extrema/restore_aligned/16384/domain=16384/bytes=264/nulls=true,63,3.0,48971972.0,Flat
1,candidate,engine/rocksdb/group_extrema/group_extrema/restore_aligned/16384/domain=16384/bytes=264/nulls=true,64,3.0,54558890.0,Flat
1,candidate,engine/rocksdb/group_extrema/group_extrema/restore_aligned/16384/domain=16384/bytes=264/nulls=true,65,3.0,50752398.0,Flat
1,candidate,engine/rocksdb/group_extrema/group_extrema/restore_aligned/16384/domain=16384/bytes=264/nulls=true,66,3.0,48962151.0,Flat
1,candidate,engine/rocksdb/group_extrema/group_extrema/restore_aligned/16384/domain=16384/bytes=264/nulls=true,67,3.0,53522208.0,Flat
1,candidate,engine/rocksdb/group_extrema/group_extrema/restore_aligned/16384/domain=16384/bytes=264/nulls=true,68,3.0,51496415.0,Flat
1,candidate,engine/rocksdb/group_extrema/group_extrema/restore_aligned/16384/domain=16384/bytes=264/nulls=true,69,3.0,50740710.0,Flat
1,candidate,engine/rocksdb/group_extrema/group_extrema/restore_aligned/16384/domain=16384/bytes=264/nulls=true,70,3.0,53858021.0,Flat
1,candidate,engine/rocksdb/group_extrema/group_extrema/restore_aligned/16384/domain=16384/bytes=264/nulls=true,71,3.0,50310281.0,Flat
1,candidate,engine/rocksdb/group_extrema/group_extrema/restore_aligned/16384/domain=16384/bytes=264/nulls=true,72,3.0,53612604.0,Flat
1,candidate,engine/rocksdb/group_extrema/group_extrema/restore_aligned/16384/domain=16384/bytes=264/nulls=true,73,3.0,49293861.0,Flat
1,candidate,engine/rocksdb/group_extrema/group_extrema/restore_aligned/16384/domain=16384/bytes=264/nulls=true,74,3.0,51099967.0,Flat
1,candidate,engine/rocksdb/group_extrema/group_extrema/restore_aligned/16384/domain=16384/bytes=264/nulls=true,75,3.0,49983211.0,Flat
1,candidate,engine/rocksdb/group_extrema/group_extrema/restore_aligned/16384/domain=16384/bytes=264/nulls=true,76,3.0,48888030.0,Flat
1,candidate,engine/rocksdb/group_extrema/group_extrema/restore_aligned/16384/domain=16384/bytes=264/nulls=true,77,3.0,55579748.0,Flat
1,candidate,engine/rocksdb/group_extrema/group_extrema/restore_aligned/16384/domain=16384/bytes=264/nulls=true,78,3.0,50985616.0,Flat
1,candidate,engine/rocksdb/group_extrema/group_extrema/restore_aligned/16384/domain=16384/bytes=264/nulls=true,79,3.0,55479965.0,Flat
1,candidate,engine/rocksdb/group_extrema/group_extrema/restore_aligned/16384/domain=16384/bytes=264/nulls=true,80,3.0,48594030.0,Flat
1,candidate,engine/rocksdb/group_extrema/group_extrema/restore_aligned/16384/domain=16384/bytes=264/nulls=true,81,3.0,55159969.0,Flat
1,candidate,engine/rocksdb/group_extrema/group_extrema/restore_aligned/16384/domain=16384/bytes=264/nulls=true,82,3.0,52657184.0,Flat
1,candidate,engine/rocksdb/group_extrema/group_extrema/restore_aligned/16384/domain=16384/bytes=264/nulls=true,83,3.0,46491858.0,Flat
1,candidate,engine/rocksdb/group_extrema/group_extrema/restore_aligned/16384/domain=16384/bytes=264/nulls=true,84,3.0,51303661.0,Flat
1,candidate,engine/rocksdb/group_extrema/group_extrema/restore_aligned/16384/domain=16384/bytes=264/nulls=true,85,3.0,55659764.0,Flat
1,candidate,engine/rocksdb/group_extrema/group_extrema/restore_aligned/16384/domain=16384/bytes=264/nulls=true,86,3.0,52316089.0,Flat
1,candidate,engine/rocksdb/group_extrema/group_extrema/restore_aligned/16384/domain=16384/bytes=264/nulls=true,87,3.0,53001918.0,Flat
1,candidate,engine/rocksdb/group_extrema/group_extrema/restore_aligned/16384/domain=16384/bytes=264/nulls=true,88,3.0,53427663.0,Flat
1,candidate,engine/rocksdb/group_extrema/group_extrema/restore_aligned/16384/domain=16384/bytes=264/nulls=true,89,3.0,57205111.0,Flat
1,candidate,engine/rocksdb/group_extrema/group_extrema/restore_aligned/16384/domain=16384/bytes=264/nulls=true,90,3.0,55624267.0,Flat
1,candidate,engine/rocksdb/group_extrema/group_extrema/restore_aligned/16384/domain=16384/bytes=264/nulls=true,91,3.0,55039995.0,Flat
1,candidate,engine/rocksdb/group_extrema/group_extrema/restore_aligned/16384/domain=16384/bytes=264/nulls=true,92,3.0,55300270.0,Flat
1,candidate,engine/rocksdb/group_extrema/group_extrema/restore_aligned/16384/domain=16384/bytes=264/nulls=true,93,3.0,53058353.0,Flat
1,candidate,engine/rocksdb/group_extrema/group_extrema/restore_aligned/16384/domain=16384/bytes=264/nulls=true,94,3.0,50928065.0,Flat
1,candidate,engine/rocksdb/group_extrema/group_extrema/restore_aligned/16384/domain=16384/bytes=264/nulls=true,95,3.0,54549368.0,Flat
1,candidate,engine/rocksdb/group_extrema/group_extrema/restore_aligned/16384/domain=16384/bytes=264/nulls=true,96,3.0,58292417.0,Flat
1,candidate,engine/rocksdb/group_extrema/group_extrema/restore_aligned/16384/domain=16384/bytes=264/nulls=true,97,3.0,51228727.0,Flat
1,candidate,engine/rocksdb/group_extrema/group_extrema/restore_aligned/16384/domain=16384/bytes=264/nulls=true,98,3.0,51528187.0,Flat
1,candidate,engine/rocksdb/group_extrema/group_extrema/restore_aligned/16384/domain=16384/bytes=264/nulls=true,99,3.0,52718320.0,Flat
1,candidate,engine/rocksdb/group_extrema/group_extrema/restore_rebuilt/16384/domain=16384/bytes=264/nulls=true,0,1.0,49865119.0,Flat
1,candidate,engine/rocksdb/group_extrema/group_extrema/restore_rebuilt/16384/domain=16384/bytes=264/nulls=true,1,1.0,45850310.0,Flat
1,candidate,engine/rocksdb/group_extrema/group_extrema/restore_rebuilt/16384/domain=16384/bytes=264/nulls=true,2,1.0,52211517.0,Flat
1,candidate,engine/rocksdb/group_extrema/group_extrema/restore_rebuilt/16384/domain=16384/bytes=264/nulls=true,3,1.0,49726315.0,Flat
1,candidate,engine/rocksdb/group_extrema/group_extrema/restore_rebuilt/16384/domain=16384/bytes=264/nulls=true,4,1.0,57155456.0,Flat
1,candidate,engine/rocksdb/group_extrema/group_extrema/restore_rebuilt/16384/domain=16384/bytes=264/nulls=true,5,1.0,50827151.0,Flat
1,candidate,engine/rocksdb/group_extrema/group_extrema/restore_rebuilt/16384/domain=16384/bytes=264/nulls=true,6,1.0,48891655.0,Flat
1,candidate,engine/rocksdb/group_extrema/group_extrema/restore_rebuilt/16384/domain=16384/bytes=264/nulls=true,7,1.0,52614335.0,Flat
1,candidate,engine/rocksdb/group_extrema/group_extrema/restore_rebuilt/16384/domain=16384/bytes=264/nulls=true,8,1.0,57625790.0,Flat
1,candidate,engine/rocksdb/group_extrema/group_extrema/restore_rebuilt/16384/domain=16384/bytes=264/nulls=true,9,1.0,51943407.0,Flat
1,candidate,engine/rocksdb/group_extrema/group_extrema/restore_rebuilt/16384/domain=16384/bytes=264/nulls=true,10,1.0,49270953.0,Flat
1,candidate,engine/rocksdb/group_extrema/group_extrema/restore_rebuilt/16384/domain=16384/bytes=264/nulls=true,11,1.0,45905343.0,Flat
1,candidate,engine/rocksdb/group_extrema/group_extrema/restore_rebuilt/16384/domain=16384/bytes=264/nulls=true,12,1.0,51097716.0,Flat
1,candidate,engine/rocksdb/group_extrema/group_extrema/restore_rebuilt/16384/domain=16384/bytes=264/nulls=true,13,1.0,50314962.0,Flat
1,candidate,engine/rocksdb/group_extrema/group_extrema/restore_rebuilt/16384/domain=16384/bytes=264/nulls=true,14,1.0,49647770.0,Flat
1,candidate,engine/rocksdb/group_extrema/group_extrema/restore_rebuilt/16384/domain=16384/bytes=264/nulls=true,15,1.0,51329723.0,Flat
1,candidate,engine/rocksdb/group_extrema/group_extrema/restore_rebuilt/16384/domain=16384/bytes=264/nulls=true,16,1.0,48621325.0,Flat
1,candidate,engine/rocksdb/group_extrema/group_extrema/restore_rebuilt/16384/domain=16384/bytes=264/nulls=true,17,1.0,49255035.0,Flat
1,candidate,engine/rocksdb/group_extrema/group_extrema/restore_rebuilt/16384/domain=16384/bytes=264/nulls=true,18,1.0,48462906.0,Flat
1,candidate,engine/rocksdb/group_extrema/group_extrema/restore_rebuilt/16384/domain=16384/bytes=264/nulls=true,19,1.0,47532070.0,Flat
1,candidate,engine/rocksdb/group_extrema/group_extrema/restore_rebuilt/16384/domain=16384/bytes=264/nulls=true,20,1.0,47806894.0,Flat
1,candidate,engine/rocksdb/group_extrema/group_extrema/restore_rebuilt/16384/domain=16384/bytes=264/nulls=true,21,1.0,49804858.0,Flat
1,candidate,engine/rocksdb/group_extrema/group_extrema/restore_rebuilt/16384/domain=16384/bytes=264/nulls=true,22,1.0,49177905.0,Flat
1,candidate,engine/rocksdb/group_extrema/group_extrema/restore_rebuilt/16384/domain=16384/bytes=264/nulls=true,23,1.0,51425450.0,Flat
1,candidate,engine/rocksdb/group_extrema/group_extrema/restore_rebuilt/16384/domain=16384/bytes=264/nulls=true,24,1.0,46615226.0,Flat
1,candidate,engine/rocksdb/group_extrema/group_extrema/restore_rebuilt/16384/domain=16384/bytes=264/nulls=true,25,1.0,48216222.0,Flat
1,candidate,engine/rocksdb/group_extrema/group_extrema/restore_rebuilt/16384/domain=16384/bytes=264/nulls=true,26,1.0,50393695.0,Flat
1,candidate,engine/rocksdb/group_extrema/group_extrema/restore_rebuilt/16384/domain=16384/bytes=264/nulls=true,27,1.0,46617447.0,Flat
1,candidate,engine/rocksdb/group_extrema/group_extrema/restore_rebuilt/16384/domain=16384/bytes=264/nulls=true,28,1.0,46085068.0,Flat
1,candidate,engine/rocksdb/group_extrema/group_extrema/restore_rebuilt/16384/domain=16384/bytes=264/nulls=true,29,1.0,45053842.0,Flat
1,candidate,engine/rocksdb/group_extrema/group_extrema/restore_rebuilt/16384/domain=16384/bytes=264/nulls=true,30,1.0,51559570.0,Flat
1,candidate,engine/rocksdb/group_extrema/group_extrema/restore_rebuilt/16384/domain=16384/bytes=264/nulls=true,31,1.0,48142270.0,Flat
1,candidate,engine/rocksdb/group_extrema/group_extrema/restore_rebuilt/16384/domain=16384/bytes=264/nulls=true,32,1.0,49691128.0,Flat
1,candidate,engine/rocksdb/group_extrema/group_extrema/restore_rebuilt/16384/domain=16384/bytes=264/nulls=true,33,1.0,46027506.0,Flat
1,candidate,engine/rocksdb/group_extrema/group_extrema/restore_rebuilt/16384/domain=16384/bytes=264/nulls=true,34,1.0,46681746.0,Flat
1,candidate,engine/rocksdb/group_extrema/group_extrema/restore_rebuilt/16384/domain=16384/bytes=264/nulls=true,35,1.0,46827130.0,Flat
1,candidate,engine/rocksdb/group_extrema/group_extrema/restore_rebuilt/16384/domain=16384/bytes=264/nulls=true,36,1.0,53288137.0,Flat
1,candidate,engine/rocksdb/group_extrema/group_extrema/restore_rebuilt/16384/domain=16384/bytes=264/nulls=true,37,1.0,84554456.0,Flat
1,candidate,engine/rocksdb/group_extrema/group_extrema/restore_rebuilt/16384/domain=16384/bytes=264/nulls=true,38,1.0,51348809.0,Flat
1,candidate,engine/rocksdb/group_extrema/group_extrema/restore_rebuilt/16384/domain=16384/bytes=264/nulls=true,39,1.0,50271514.0,Flat
1,candidate,engine/rocksdb/group_extrema/group_extrema/restore_rebuilt/16384/domain=16384/bytes=264/nulls=true,40,1.0,50314304.0,Flat
1,candidate,engine/rocksdb/group_extrema/group_extrema/restore_rebuilt/16384/domain=16384/bytes=264/nulls=true,41,1.0,50829876.0,Flat
1,candidate,engine/rocksdb/group_extrema/group_extrema/restore_rebuilt/16384/domain=16384/bytes=264/nulls=true,42,1.0,52133907.0,Flat
1,candidate,engine/rocksdb/group_extrema/group_extrema/restore_rebuilt/16384/domain=16384/bytes=264/nulls=true,43,1.0,50108408.0,Flat
1,candidate,engine/rocksdb/group_extrema/group_extrema/restore_rebuilt/16384/domain=16384/bytes=264/nulls=true,44,1.0,46496392.0,Flat
1,candidate,engine/rocksdb/group_extrema/group_extrema/restore_rebuilt/16384/domain=16384/bytes=264/nulls=true,45,1.0,46641051.0,Flat
1,candidate,engine/rocksdb/group_extrema/group_extrema/restore_rebuilt/16384/domain=16384/bytes=264/nulls=true,46,1.0,48208843.0,Flat
1,candidate,engine/rocksdb/group_extrema/group_extrema/restore_rebuilt/16384/domain=16384/bytes=264/nulls=true,47,1.0,47984114.0,Flat
1,candidate,engine/rocksdb/group_extrema/group_extrema/restore_rebuilt/16384/domain=16384/bytes=264/nulls=true,48,1.0,46880487.0,Flat
1,candidate,engine/rocksdb/group_extrema/group_extrema/restore_rebuilt/16384/domain=16384/bytes=264/nulls=true,49,1.0,47773792.0,Flat
1,candidate,engine/rocksdb/group_extrema/group_extrema/restore_rebuilt/16384/domain=16384/bytes=264/nulls=true,50,1.0,48223792.0,Flat
1,candidate,engine/rocksdb/group_extrema/group_extrema/restore_rebuilt/16384/domain=16384/bytes=264/nulls=true,51,1.0,46513651.0,Flat
1,candidate,engine/rocksdb/group_extrema/group_extrema/restore_rebuilt/16384/domain=16384/bytes=264/nulls=true,52,1.0,49203046.0,Flat
1,candidate,engine/rocksdb/group_extrema/group_extrema/restore_rebuilt/16384/domain=16384/bytes=264/nulls=true,53,1.0,49606182.0,Flat
1,candidate,engine/rocksdb/group_extrema/group_extrema/restore_rebuilt/16384/domain=16384/bytes=264/nulls=true,54,1.0,46959810.0,Flat
1,candidate,engine/rocksdb/group_extrema/group_extrema/restore_rebuilt/16384/domain=16384/bytes=264/nulls=true,55,1.0,47903859.0,Flat
1,candidate,engine/rocksdb/group_extrema/group_extrema/restore_rebuilt/16384/domain=16384/bytes=264/nulls=true,56,1.0,45201620.0,Flat
1,candidate,engine/rocksdb/group_extrema/group_extrema/restore_rebuilt/16384/domain=16384/bytes=264/nulls=true,57,1.0,52552781.0,Flat
1,candidate,engine/rocksdb/group_extrema/group_extrema/restore_rebuilt/16384/domain=16384/bytes=264/nulls=true,58,1.0,49648898.0,Flat
1,candidate,engine/rocksdb/group_extrema/group_extrema/restore_rebuilt/16384/domain=16384/bytes=264/nulls=true,59,1.0,46602885.0,Flat
1,candidate,engine/rocksdb/group_extrema/group_extrema/restore_rebuilt/16384/domain=16384/bytes=264/nulls=true,60,1.0,50991031.0,Flat
1,candidate,engine/rocksdb/group_extrema/group_extrema/restore_rebuilt/16384/domain=16384/bytes=264/nulls=true,61,1.0,46331387.0,Flat
1,candidate,engine/rocksdb/group_extrema/group_extrema/restore_rebuilt/16384/domain=16384/bytes=264/nulls=true,62,1.0,53808267.0,Flat
1,candidate,engine/rocksdb/group_extrema/group_extrema/restore_rebuilt/16384/domain=16384/bytes=264/nulls=true,63,1.0,50553756.0,Flat
1,candidate,engine/rocksdb/group_extrema/group_extrema/restore_rebuilt/16384/domain=16384/bytes=264/nulls=true,64,1.0,47115725.0,Flat
1,candidate,engine/rocksdb/group_extrema/group_extrema/restore_rebuilt/16384/domain=16384/bytes=264/nulls=true,65,1.0,51113047.0,Flat
1,candidate,engine/rocksdb/group_extrema/group_extrema/restore_rebuilt/16384/domain=16384/bytes=264/nulls=true,66,1.0,46994315.0,Flat
1,candidate,engine/rocksdb/group_extrema/group_extrema/restore_rebuilt/16384/domain=16384/bytes=264/nulls=true,67,1.0,43751634.0,Flat
1,candidate,engine/rocksdb/group_extrema/group_extrema/restore_rebuilt/16384/domain=16384/bytes=264/nulls=true,68,1.0,52711947.0,Flat
1,candidate,engine/rocksdb/group_extrema/group_extrema/restore_rebuilt/16384/domain=16384/bytes=264/nulls=true,69,1.0,50361017.0,Flat
1,candidate,engine/rocksdb/group_extrema/group_extrema/restore_rebuilt/16384/domain=16384/bytes=264/nulls=true,70,1.0,49930140.0,Flat
1,candidate,engine/rocksdb/group_extrema/group_extrema/restore_rebuilt/16384/domain=16384/bytes=264/nulls=true,71,1.0,44680510.0,Flat
1,candidate,engine/rocksdb/group_extrema/group_extrema/restore_rebuilt/16384/domain=16384/bytes=264/nulls=true,72,1.0,48032848.0,Flat
1,candidate,engine/rocksdb/group_extrema/group_extrema/restore_rebuilt/16384/domain=16384/bytes=264/nulls=true,73,1.0,62480679.0,Flat
1,candidate,engine/rocksdb/group_extrema/group_extrema/restore_rebuilt/16384/domain=16384/bytes=264/nulls=true,74,1.0,50020360.0,Flat
1,candidate,engine/rocksdb/group_extrema/group_extrema/restore_rebuilt/16384/domain=16384/bytes=264/nulls=true,75,1.0,45397802.0,Flat
1,candidate,engine/rocksdb/group_extrema/group_extrema/restore_rebuilt/16384/domain=16384/bytes=264/nulls=true,76,1.0,51508433.0,Flat
1,candidate,engine/rocksdb/group_extrema/group_extrema/restore_rebuilt/16384/domain=16384/bytes=264/nulls=true,77,1.0,46756512.0,Flat
1,candidate,engine/rocksdb/group_extrema/group_extrema/restore_rebuilt/16384/domain=16384/bytes=264/nulls=true,78,1.0,45157828.0,Flat
1,candidate,engine/rocksdb/group_extrema/group_extrema/restore_rebuilt/16384/domain=16384/bytes=264/nulls=true,79,1.0,50737314.0,Flat
1,candidate,engine/rocksdb/group_extrema/group_extrema/restore_rebuilt/16384/domain=16384/bytes=264/nulls=true,80,1.0,49095222.0,Flat
1,candidate,engine/rocksdb/group_extrema/group_extrema/restore_rebuilt/16384/domain=16384/bytes=264/nulls=true,81,1.0,48816653.0,Flat
1,candidate,engine/rocksdb/group_extrema/group_extrema/restore_rebuilt/16384/domain=16384/bytes=264/nulls=true,82,1.0,49435654.0,Flat
1,candidate,engine/rocksdb/group_extrema/group_extrema/restore_rebuilt/16384/domain=16384/bytes=264/nulls=true,83,1.0,48439598.0,Flat
1,candidate,engine/rocksdb/group_extrema/group_extrema/restore_rebuilt/16384/domain=16384/bytes=264/nulls=true,84,1.0,52690458.0,Flat
1,candidate,engine/rocksdb/group_extrema/group_extrema/restore_rebuilt/16384/domain=16384/bytes=264/nulls=true,85,1.0,49314792.0,Flat
1,candidate,engine/rocksdb/group_extrema/group_extrema/restore_rebuilt/16384/domain=16384/bytes=264/nulls=true,86,1.0,51455370.0,Flat
1,candidate,engine/rocksdb/group_extrema/group_extrema/restore_rebuilt/16384/domain=16384/bytes=264/nulls=true,87,1.0,45691723.0,Flat
1,candidate,engine/rocksdb/group_extrema/group_extrema/restore_rebuilt/16384/domain=16384/bytes=264/nulls=true,88,1.0,48954431.0,Flat
1,candidate,engine/rocksdb/group_extrema/group_extrema/restore_rebuilt/16384/domain=16384/bytes=264/nulls=true,89,1.0,47401419.0,Flat
1,candidate,engine/rocksdb/group_extrema/group_extrema/restore_rebuilt/16384/domain=16384/bytes=264/nulls=true,90,1.0,51068465.0,Flat
1,candidate,engine/rocksdb/group_extrema/group_extrema/restore_rebuilt/16384/domain=16384/bytes=264/nulls=true,91,1.0,47894852.0,Flat
1,candidate,engine/rocksdb/group_extrema/group_extrema/restore_rebuilt/16384/domain=16384/bytes=264/nulls=true,92,1.0,50809841.0,Flat
1,candidate,engine/rocksdb/group_extrema/group_extrema/restore_rebuilt/16384/domain=16384/bytes=264/nulls=true,93,1.0,48036850.0,Flat
1,candidate,engine/rocksdb/group_extrema/group_extrema/restore_rebuilt/16384/domain=16384/bytes=264/nulls=true,94,1.0,49241927.0,Flat
1,candidate,engine/rocksdb/group_extrema/group_extrema/restore_rebuilt/16384/domain=16384/bytes=264/nulls=true,95,1.0,50454321.0,Flat
1,candidate,engine/rocksdb/group_extrema/group_extrema/restore_rebuilt/16384/domain=16384/bytes=264/nulls=true,96,1.0,50155355.0,Flat
1,candidate,engine/rocksdb/group_extrema/group_extrema/restore_rebuilt/16384/domain=16384/bytes=264/nulls=true,97,1.0,50268266.0,Flat
1,candidate,engine/rocksdb/group_extrema/group_extrema/restore_rebuilt/16384/domain=16384/bytes=264/nulls=true,98,1.0,49018005.0,Flat
1,candidate,engine/rocksdb/group_extrema/group_extrema/restore_rebuilt/16384/domain=16384/bytes=264/nulls=true,99,1.0,48892860.0,Flat
2,original,engine/rocksdb/group_extrema/group_extrema/restore_aligned/16384/domain=16384/bytes=264/nulls=true,0,3.0,52567648.0,Flat
2,original,engine/rocksdb/group_extrema/group_extrema/restore_aligned/16384/domain=16384/bytes=264/nulls=true,1,3.0,54415457.0,Flat
2,original,engine/rocksdb/group_extrema/group_extrema/restore_aligned/16384/domain=16384/bytes=264/nulls=true,2,3.0,56633746.0,Flat
2,original,engine/rocksdb/group_extrema/group_extrema/restore_aligned/16384/domain=16384/bytes=264/nulls=true,3,3.0,53316890.0,Flat
2,original,engine/rocksdb/group_extrema/group_extrema/restore_aligned/16384/domain=16384/bytes=264/nulls=true,4,3.0,55326327.0,Flat
2,original,engine/rocksdb/group_extrema/group_extrema/restore_aligned/16384/domain=16384/bytes=264/nulls=true,5,3.0,53807086.0,Flat
2,original,engine/rocksdb/group_extrema/group_extrema/restore_aligned/16384/domain=16384/bytes=264/nulls=true,6,3.0,51904023.0,Flat
2,original,engine/rocksdb/group_extrema/group_extrema/restore_aligned/16384/domain=16384/bytes=264/nulls=true,7,3.0,54445932.0,Flat
2,original,engine/rocksdb/group_extrema/group_extrema/restore_aligned/16384/domain=16384/bytes=264/nulls=true,8,3.0,53340649.0,Flat
2,original,engine/rocksdb/group_extrema/group_extrema/restore_aligned/16384/domain=16384/bytes=264/nulls=true,9,3.0,53682002.0,Flat
2,original,engine/rocksdb/group_extrema/group_extrema/restore_aligned/16384/domain=16384/bytes=264/nulls=true,10,3.0,51322458.0,Flat
2,original,engine/rocksdb/group_extrema/group_extrema/restore_aligned/16384/domain=16384/bytes=264/nulls=true,11,3.0,52094790.0,Flat
2,original,engine/rocksdb/group_extrema/group_extrema/restore_aligned/16384/domain=16384/bytes=264/nulls=true,12,3.0,53176043.0,Flat
2,original,engine/rocksdb/group_extrema/group_extrema/restore_aligned/16384/domain=16384/bytes=264/nulls=true,13,3.0,51036309.0,Flat
2,original,engine/rocksdb/group_extrema/group_extrema/restore_aligned/16384/domain=16384/bytes=264/nulls=true,14,3.0,52388242.0,Flat
2,original,engine/rocksdb/group_extrema/group_extrema/restore_aligned/16384/domain=16384/bytes=264/nulls=true,15,3.0,54179316.0,Flat
2,original,engine/rocksdb/group_extrema/group_extrema/restore_aligned/16384/domain=16384/bytes=264/nulls=true,16,3.0,56684795.0,Flat
2,original,engine/rocksdb/group_extrema/group_extrema/restore_aligned/16384/domain=16384/bytes=264/nulls=true,17,3.0,52795736.0,Flat
2,original,engine/rocksdb/group_extrema/group_extrema/restore_aligned/16384/domain=16384/bytes=264/nulls=true,18,3.0,56002210.0,Flat
2,original,engine/rocksdb/group_extrema/group_extrema/restore_aligned/16384/domain=16384/bytes=264/nulls=true,19,3.0,51166788.0,Flat
2,original,engine/rocksdb/group_extrema/group_extrema/restore_aligned/16384/domain=16384/bytes=264/nulls=true,20,3.0,53081632.0,Flat
2,original,engine/rocksdb/group_extrema/group_extrema/restore_aligned/16384/domain=16384/bytes=264/nulls=true,21,3.0,52933845.0,Flat
2,original,engine/rocksdb/group_extrema/group_extrema/restore_aligned/16384/domain=16384/bytes=264/nulls=true,22,3.0,52993591.0,Flat
2,original,engine/rocksdb/group_extrema/group_extrema/restore_aligned/16384/domain=16384/bytes=264/nulls=true,23,3.0,56767348.0,Flat
2,original,engine/rocksdb/group_extrema/group_extrema/restore_aligned/16384/domain=16384/bytes=264/nulls=true,24,3.0,54147995.0,Flat
2,original,engine/rocksdb/group_extrema/group_extrema/restore_aligned/16384/domain=16384/bytes=264/nulls=true,25,3.0,50704153.0,Flat
2,original,engine/rocksdb/group_extrema/group_extrema/restore_aligned/16384/domain=16384/bytes=264/nulls=true,26,3.0,47543362.0,Flat
2,original,engine/rocksdb/group_extrema/group_extrema/restore_aligned/16384/domain=16384/bytes=264/nulls=true,27,3.0,53452029.0,Flat
2,original,engine/rocksdb/group_extrema/group_extrema/restore_aligned/16384/domain=16384/bytes=264/nulls=true,28,3.0,53159627.0,Flat
2,original,engine/rocksdb/group_extrema/group_extrema/restore_aligned/16384/domain=16384/bytes=264/nulls=true,29,3.0,50073390.0,Flat
2,original,engine/rocksdb/group_extrema/group_extrema/restore_aligned/16384/domain=16384/bytes=264/nulls=true,30,3.0,50841718.0,Flat
2,original,engine/rocksdb/group_extrema/group_extrema/restore_aligned/16384/domain=16384/bytes=264/nulls=true,31,3.0,51327894.0,Flat
2,original,engine/rocksdb/group_extrema/group_extrema/restore_aligned/16384/domain=16384/bytes=264/nulls=true,32,3.0,50871865.0,Flat
2,original,engine/rocksdb/group_extrema/group_extrema/restore_aligned/16384/domain=16384/bytes=264/nulls=true,33,3.0,53746459.0,Flat
2,original,engine/rocksdb/group_extrema/group_extrema/restore_aligned/16384/domain=16384/bytes=264/nulls=true,34,3.0,56551169.0,Flat
2,original,engine/rocksdb/group_extrema/group_extrema/restore_aligned/16384/domain=16384/bytes=264/nulls=true,35,3.0,51500316.0,Flat
2,original,engine/rocksdb/group_extrema/group_extrema/restore_aligned/16384/domain=16384/bytes=264/nulls=true,36,3.0,51909926.0,Flat
2,original,engine/rocksdb/group_extrema/group_extrema/restore_aligned/16384/domain=16384/bytes=264/nulls=true,37,3.0,54319457.0,Flat
2,original,engine/rocksdb/group_extrema/group_extrema/restore_aligned/16384/domain=16384/bytes=264/nulls=true,38,3.0,48932621.0,Flat
2,original,engine/rocksdb/group_extrema/group_extrema/restore_aligned/16384/domain=16384/bytes=264/nulls=true,39,3.0,53610634.0,Flat
2,original,engine/rocksdb/group_extrema/group_extrema/restore_aligned/16384/domain=16384/bytes=264/nulls=true,40,3.0,51605396.0,Flat
2,original,engine/rocksdb/group_extrema/group_extrema/restore_aligned/16384/domain=16384/bytes=264/nulls=true,41,3.0,54799114.0,Flat
2,original,engine/rocksdb/group_extrema/group_extrema/restore_aligned/16384/domain=16384/bytes=264/nulls=true,42,3.0,49320743.0,Flat
2,original,engine/rocksdb/group_extrema/group_extrema/restore_aligned/16384/domain=16384/bytes=264/nulls=true,43,3.0,55232965.0,Flat
2,original,engine/rocksdb/group_extrema/group_extrema/restore_aligned/16384/domain=16384/bytes=264/nulls=true,44,3.0,50667686.0,Flat
2,original,engine/rocksdb/group_extrema/group_extrema/restore_aligned/16384/domain=16384/bytes=264/nulls=true,45,3.0,50403078.0,Flat
2,original,engine/rocksdb/group_extrema/group_extrema/restore_aligned/16384/domain=16384/bytes=264/nulls=true,46,3.0,51980216.0,Flat
2,original,engine/rocksdb/group_extrema/group_extrema/restore_aligned/16384/domain=16384/bytes=264/nulls=true,47,3.0,54042735.0,Flat
2,original,engine/rocksdb/group_extrema/group_extrema/restore_aligned/16384/domain=16384/bytes=264/nulls=true,48,3.0,53751888.0,Flat
2,original,engine/rocksdb/group_extrema/group_extrema/restore_aligned/16384/domain=16384/bytes=264/nulls=true,49,3.0,49837475.0,Flat
2,original,engine/rocksdb/group_extrema/group_extrema/restore_aligned/16384/domain=16384/bytes=264/nulls=true,50,3.0,53202395.0,Flat
2,original,engine/rocksdb/group_extrema/group_extrema/restore_aligned/16384/domain=16384/bytes=264/nulls=true,51,3.0,54195615.0,Flat
2,original,engine/rocksdb/group_extrema/group_extrema/restore_aligned/16384/domain=16384/bytes=264/nulls=true,52,3.0,49350178.0,Flat
2,original,engine/rocksdb/group_extrema/group_extrema/restore_aligned/16384/domain=16384/bytes=264/nulls=true,53,3.0,52191790.0,Flat
2,original,engine/rocksdb/group_extrema/group_extrema/restore_aligned/16384/domain=16384/bytes=264/nulls=true,54,3.0,50009220.0,Flat
2,original,engine/rocksdb/group_extrema/group_extrema/restore_aligned/16384/domain=16384/bytes=264/nulls=true,55,3.0,52105441.0,Flat
2,original,engine/rocksdb/group_extrema/group_extrema/restore_aligned/16384/domain=16384/bytes=264/nulls=true,56,3.0,52122529.0,Flat
2,original,engine/rocksdb/group_extrema/group_extrema/restore_aligned/16384/domain=16384/bytes=264/nulls=true,57,3.0,51351073.0,Flat
2,original,engine/rocksdb/group_extrema/group_extrema/restore_aligned/16384/domain=16384/bytes=264/nulls=true,58,3.0,51106899.0,Flat
2,original,engine/rocksdb/group_extrema/group_extrema/restore_aligned/16384/domain=16384/bytes=264/nulls=true,59,3.0,56781670.0,Flat
2,original,engine/rocksdb/group_extrema/group_extrema/restore_aligned/16384/domain=16384/bytes=264/nulls=true,60,3.0,55774805.0,Flat
2,original,engine/rocksdb/group_extrema/group_extrema/restore_aligned/16384/domain=16384/bytes=264/nulls=true,61,3.0,54880290.0,Flat
2,original,engine/rocksdb/group_extrema/group_extrema/restore_aligned/16384/domain=16384/bytes=264/nulls=true,62,3.0,48761001.0,Flat
2,original,engine/rocksdb/group_extrema/group_extrema/restore_aligned/16384/domain=16384/bytes=264/nulls=true,63,3.0,51807455.0,Flat
2,original,engine/rocksdb/group_extrema/group_extrema/restore_aligned/16384/domain=16384/bytes=264/nulls=true,64,3.0,48180931.0,Flat
2,original,engine/rocksdb/group_extrema/group_extrema/restore_aligned/16384/domain=16384/bytes=264/nulls=true,65,3.0,53612122.0,Flat
2,original,engine/rocksdb/group_extrema/group_extrema/restore_aligned/16384/domain=16384/bytes=264/nulls=true,66,3.0,55626373.0,Flat
2,original,engine/rocksdb/group_extrema/group_extrema/restore_aligned/16384/domain=16384/bytes=264/nulls=true,67,3.0,50539712.0,Flat
2,original,engine/rocksdb/group_extrema/group_extrema/restore_aligned/16384/domain=16384/bytes=264/nulls=true,68,3.0,52840214.0,Flat
2,original,engine/rocksdb/group_extrema/group_extrema/restore_aligned/16384/domain=16384/bytes=264/nulls=true,69,3.0,53275390.0,Flat
2,original,engine/rocksdb/group_extrema/group_extrema/restore_aligned/16384/domain=16384/bytes=264/nulls=true,70,3.0,51895741.0,Flat
2,original,engine/rocksdb/group_extrema/group_extrema/restore_aligned/16384/domain=16384/bytes=264/nulls=true,71,3.0,49104103.0,Flat
2,original,engine/rocksdb/group_extrema/group_extrema/restore_aligned/16384/domain=16384/bytes=264/nulls=true,72,3.0,55420660.0,Flat
2,original,engine/rocksdb/group_extrema/group_extrema/restore_aligned/16384/domain=16384/bytes=264/nulls=true,73,3.0,56707503.0,Flat
2,original,engine/rocksdb/group_extrema/group_extrema/restore_aligned/16384/domain=16384/bytes=264/nulls=true,74,3.0,53034087.0,Flat
2,original,engine/rocksdb/group_extrema/group_extrema/restore_aligned/16384/domain=16384/bytes=264/nulls=true,75,3.0,56309872.0,Flat
2,original,engine/rocksdb/group_extrema/group_extrema/restore_aligned/16384/domain=16384/bytes=264/nulls=true,76,3.0,56157061.0,Flat
2,original,engine/rocksdb/group_extrema/group_extrema/restore_aligned/16384/domain=16384/bytes=264/nulls=true,77,3.0,54679500.0,Flat
2,original,engine/rocksdb/group_extrema/group_extrema/restore_aligned/16384/domain=16384/bytes=264/nulls=true,78,3.0,53034836.0,Flat
2,original,engine/rocksdb/group_extrema/group_extrema/restore_aligned/16384/domain=16384/bytes=264/nulls=true,79,3.0,52521763.0,Flat
2,original,engine/rocksdb/group_extrema/group_extrema/restore_aligned/16384/domain=16384/bytes=264/nulls=true,80,3.0,54908943.0,Flat
2,original,engine/rocksdb/group_extrema/group_extrema/restore_aligned/16384/domain=16384/bytes=264/nulls=true,81,3.0,51423796.0,Flat
2,original,engine/rocksdb/group_extrema/group_extrema/restore_aligned/16384/domain=16384/bytes=264/nulls=true,82,3.0,51428888.0,Flat
2,original,engine/rocksdb/group_extrema/group_extrema/restore_aligned/16384/domain=16384/bytes=264/nulls=true,83,3.0,137010090.0,Flat
2,original,engine/rocksdb/group_extrema/group_extrema/restore_aligned/16384/domain=16384/bytes=264/nulls=true,84,3.0,78440105.0,Flat
2,original,engine/rocksdb/group_extrema/group_extrema/restore_aligned/16384/domain=16384/bytes=264/nulls=true,85,3.0,74183035.0,Flat
2,original,engine/rocksdb/group_extrema/group_extrema/restore_aligned/16384/domain=16384/bytes=264/nulls=true,86,3.0,73775243.0,Flat
2,original,engine/rocksdb/group_extrema/group_extrema/restore_aligned/16384/domain=16384/bytes=264/nulls=true,87,3.0,81804670.0,Flat
2,original,engine/rocksdb/group_extrema/group_extrema/restore_aligned/16384/domain=16384/bytes=264/nulls=true,88,3.0,58459073.0,Flat
2,original,engine/rocksdb/group_extrema/group_extrema/restore_aligned/16384/domain=16384/bytes=264/nulls=true,89,3.0,79261316.0,Flat
2,original,engine/rocksdb/group_extrema/group_extrema/restore_aligned/16384/domain=16384/bytes=264/nulls=true,90,3.0,79446482.0,Flat
2,original,engine/rocksdb/group_extrema/group_extrema/restore_aligned/16384/domain=16384/bytes=264/nulls=true,91,3.0,80623371.0,Flat
2,original,engine/rocksdb/group_extrema/group_extrema/restore_aligned/16384/domain=16384/bytes=264/nulls=true,92,3.0,76692415.0,Flat
2,original,engine/rocksdb/group_extrema/group_extrema/restore_aligned/16384/domain=16384/bytes=264/nulls=true,93,3.0,75040632.0,Flat
2,original,engine/rocksdb/group_extrema/group_extrema/restore_aligned/16384/domain=16384/bytes=264/nulls=true,94,3.0,70313340.0,Flat
2,original,engine/rocksdb/group_extrema/group_extrema/restore_aligned/16384/domain=16384/bytes=264/nulls=true,95,3.0,70456726.0,Flat
2,original,engine/rocksdb/group_extrema/group_extrema/restore_aligned/16384/domain=16384/bytes=264/nulls=true,96,3.0,78965144.0,Flat
2,original,engine/rocksdb/group_extrema/group_extrema/restore_aligned/16384/domain=16384/bytes=264/nulls=true,97,3.0,78893470.0,Flat
2,original,engine/rocksdb/group_extrema/group_extrema/restore_aligned/16384/domain=16384/bytes=264/nulls=true,98,3.0,83282446.0,Flat
2,original,engine/rocksdb/group_extrema/group_extrema/restore_aligned/16384/domain=16384/bytes=264/nulls=true,99,3.0,76867833.0,Flat
2,original,engine/rocksdb/group_extrema/group_extrema/restore_rebuilt/16384/domain=16384/bytes=264/nulls=true,0,1.0,51663879.0,Flat
2,original,engine/rocksdb/group_extrema/group_extrema/restore_rebuilt/16384/domain=16384/bytes=264/nulls=true,1,1.0,42596484.0,Flat
2,original,engine/rocksdb/group_extrema/group_extrema/restore_rebuilt/16384/domain=16384/bytes=264/nulls=true,2,1.0,46500592.0,Flat
2,original,engine/rocksdb/group_extrema/group_extrema/restore_rebuilt/16384/domain=16384/bytes=264/nulls=true,3,1.0,46921283.0,Flat
2,original,engine/rocksdb/group_extrema/group_extrema/restore_rebuilt/16384/domain=16384/bytes=264/nulls=true,4,1.0,51239429.0,Flat
2,original,engine/rocksdb/group_extrema/group_extrema/restore_rebuilt/16384/domain=16384/bytes=264/nulls=true,5,1.0,47973390.0,Flat
2,original,engine/rocksdb/group_extrema/group_extrema/restore_rebuilt/16384/domain=16384/bytes=264/nulls=true,6,1.0,51402006.0,Flat
2,original,engine/rocksdb/group_extrema/group_extrema/restore_rebuilt/16384/domain=16384/bytes=264/nulls=true,7,1.0,51920476.0,Flat
2,original,engine/rocksdb/group_extrema/group_extrema/restore_rebuilt/16384/domain=16384/bytes=264/nulls=true,8,1.0,50259284.0,Flat
2,original,engine/rocksdb/group_extrema/group_extrema/restore_rebuilt/16384/domain=16384/bytes=264/nulls=true,9,1.0,46214930.0,Flat
2,original,engine/rocksdb/group_extrema/group_extrema/restore_rebuilt/16384/domain=16384/bytes=264/nulls=true,10,1.0,46085297.0,Flat
2,original,engine/rocksdb/group_extrema/group_extrema/restore_rebuilt/16384/domain=16384/bytes=264/nulls=true,11,1.0,44042133.0,Flat
2,original,engine/rocksdb/group_extrema/group_extrema/restore_rebuilt/16384/domain=16384/bytes=264/nulls=true,12,1.0,46746277.0,Flat
2,original,engine/rocksdb/group_extrema/group_extrema/restore_rebuilt/16384/domain=16384/bytes=264/nulls=true,13,1.0,49356271.0,Flat
2,original,engine/rocksdb/group_extrema/group_extrema/restore_rebuilt/16384/domain=16384/bytes=264/nulls=true,14,1.0,49890028.0,Flat
2,original,engine/rocksdb/group_extrema/group_extrema/restore_rebuilt/16384/domain=16384/bytes=264/nulls=true,15,1.0,49620284.0,Flat
2,original,engine/rocksdb/group_extrema/group_extrema/restore_rebuilt/16384/domain=16384/bytes=264/nulls=true,16,1.0,49122576.0,Flat
2,original,engine/rocksdb/group_extrema/group_extrema/restore_rebuilt/16384/domain=16384/bytes=264/nulls=true,17,1.0,49706056.0,Flat
2,original,engine/rocksdb/group_extrema/group_extrema/restore_rebuilt/16384/domain=16384/bytes=264/nulls=true,18,1.0,51409497.0,Flat
2,original,engine/rocksdb/group_extrema/group_extrema/restore_rebuilt/16384/domain=16384/bytes=264/nulls=true,19,1.0,45200488.0,Flat
2,original,engine/rocksdb/group_extrema/group_extrema/restore_rebuilt/16384/domain=16384/bytes=264/nulls=true,20,1.0,47236666.0,Flat
2,original,engine/rocksdb/group_extrema/group_extrema/restore_rebuilt/16384/domain=16384/bytes=264/nulls=true,21,1.0,51054366.0,Flat
2,original,engine/rocksdb/group_extrema/group_extrema/restore_rebuilt/16384/domain=16384/bytes=264/nulls=true,22,1.0,49424306.0,Flat
2,original,engine/rocksdb/group_extrema/group_extrema/restore_rebuilt/16384/domain=16384/bytes=264/nulls=true,23,1.0,50613537.0,Flat
2,original,engine/rocksdb/group_extrema/group_extrema/restore_rebuilt/16384/domain=16384/bytes=264/nulls=true,24,1.0,46442464.0,Flat
2,original,engine/rocksdb/group_extrema/group_extrema/restore_rebuilt/16384/domain=16384/bytes=264/nulls=true,25,1.0,47494925.0,Flat
2,original,engine/rocksdb/group_extrema/group_extrema/restore_rebuilt/16384/domain=16384/bytes=264/nulls=true,26,1.0,46677154.0,Flat
2,original,engine/rocksdb/group_extrema/group_extrema/restore_rebuilt/16384/domain=16384/bytes=264/nulls=true,27,1.0,50277250.0,Flat
2,original,engine/rocksdb/group_extrema/group_extrema/restore_rebuilt/16384/domain=16384/bytes=264/nulls=true,28,1.0,46470693.0,Flat
2,original,engine/rocksdb/group_extrema/group_extrema/restore_rebuilt/16384/domain=16384/bytes=264/nulls=true,29,1.0,49199835.0,Flat
2,original,engine/rocksdb/group_extrema/group_extrema/restore_rebuilt/16384/domain=16384/bytes=264/nulls=true,30,1.0,44870438.0,Flat
2,original,engine/rocksdb/group_extrema/group_extrema/restore_rebuilt/16384/domain=16384/bytes=264/nulls=true,31,1.0,47472679.0,Flat
2,original,engine/rocksdb/group_extrema/group_extrema/restore_rebuilt/16384/domain=16384/bytes=264/nulls=true,32,1.0,44488494.0,Flat
2,original,engine/rocksdb/group_extrema/group_extrema/restore_rebuilt/16384/domain=16384/bytes=264/nulls=true,33,1.0,44922280.0,Flat
2,original,engine/rocksdb/group_extrema/group_extrema/restore_rebuilt/16384/domain=16384/bytes=264/nulls=true,34,1.0,46674554.0,Flat
2,original,engine/rocksdb/group_extrema/group_extrema/restore_rebuilt/16384/domain=16384/bytes=264/nulls=true,35,1.0,45018480.0,Flat
2,original,engine/rocksdb/group_extrema/group_extrema/restore_rebuilt/16384/domain=16384/bytes=264/nulls=true,36,1.0,46278969.0,Flat
2,original,engine/rocksdb/group_extrema/group_extrema/restore_rebuilt/16384/domain=16384/bytes=264/nulls=true,37,1.0,49443128.0,Flat
2,original,engine/rocksdb/group_extrema/group_extrema/restore_rebuilt/16384/domain=16384/bytes=264/nulls=true,38,1.0,47446368.0,Flat
2,original,engine/rocksdb/group_extrema/group_extrema/restore_rebuilt/16384/domain=16384/bytes=264/nulls=true,39,1.0,49214582.0,Flat
2,original,engine/rocksdb/group_extrema/group_extrema/restore_rebuilt/16384/domain=16384/bytes=264/nulls=true,40,1.0,47525980.0,Flat
2,original,engine/rocksdb/group_extrema/group_extrema/restore_rebuilt/16384/domain=16384/bytes=264/nulls=true,41,1.0,49848679.0,Flat
2,original,engine/rocksdb/group_extrema/group_extrema/restore_rebuilt/16384/domain=16384/bytes=264/nulls=true,42,1.0,44572438.0,Flat
2,original,engine/rocksdb/group_extrema/group_extrema/restore_rebuilt/16384/domain=16384/bytes=264/nulls=true,43,1.0,46696882.0,Flat
2,original,engine/rocksdb/group_extrema/group_extrema/restore_rebuilt/16384/domain=16384/bytes=264/nulls=true,44,1.0,44994760.0,Flat
2,original,engine/rocksdb/group_extrema/group_extrema/restore_rebuilt/16384/domain=16384/bytes=264/nulls=true,45,1.0,51971266.0,Flat
2,original,engine/rocksdb/group_extrema/group_extrema/restore_rebuilt/16384/domain=16384/bytes=264/nulls=true,46,1.0,46733098.0,Flat
2,original,engine/rocksdb/group_extrema/group_extrema/restore_rebuilt/16384/domain=16384/bytes=264/nulls=true,47,1.0,53895214.0,Flat
2,original,engine/rocksdb/group_extrema/group_extrema/restore_rebuilt/16384/domain=16384/bytes=264/nulls=true,48,1.0,48752632.0,Flat
2,original,engine/rocksdb/group_extrema/group_extrema/restore_rebuilt/16384/domain=16384/bytes=264/nulls=true,49,1.0,53880895.0,Flat
2,original,engine/rocksdb/group_extrema/group_extrema/restore_rebuilt/16384/domain=16384/bytes=264/nulls=true,50,1.0,49876896.0,Flat
2,original,engine/rocksdb/group_extrema/group_extrema/restore_rebuilt/16384/domain=16384/bytes=264/nulls=true,51,1.0,50819927.0,Flat
2,original,engine/rocksdb/group_extrema/group_extrema/restore_rebuilt/16384/domain=16384/bytes=264/nulls=true,52,1.0,53089677.0,Flat
2,original,engine/rocksdb/group_extrema/group_extrema/restore_rebuilt/16384/domain=16384/bytes=264/nulls=true,53,1.0,44128977.0,Flat
2,original,engine/rocksdb/group_extrema/group_extrema/restore_rebuilt/16384/domain=16384/bytes=264/nulls=true,54,1.0,46223234.0,Flat
2,original,engine/rocksdb/group_extrema/group_extrema/restore_rebuilt/16384/domain=16384/bytes=264/nulls=true,55,1.0,50077248.0,Flat
2,original,engine/rocksdb/group_extrema/group_extrema/restore_rebuilt/16384/domain=16384/bytes=264/nulls=true,56,1.0,52097424.0,Flat
2,original,engine/rocksdb/group_extrema/group_extrema/restore_rebuilt/16384/domain=16384/bytes=264/nulls=true,57,1.0,53609233.0,Flat
2,original,engine/rocksdb/group_extrema/group_extrema/restore_rebuilt/16384/domain=16384/bytes=264/nulls=true,58,1.0,44879630.0,Flat
2,original,engine/rocksdb/group_extrema/group_extrema/restore_rebuilt/16384/domain=16384/bytes=264/nulls=true,59,1.0,44217154.0,Flat
2,original,engine/rocksdb/group_extrema/group_extrema/restore_rebuilt/16384/domain=16384/bytes=264/nulls=true,60,1.0,52496664.0,Flat
2,original,engine/rocksdb/group_extrema/group_extrema/restore_rebuilt/16384/domain=16384/bytes=264/nulls=true,61,1.0,44355377.0,Flat
2,original,engine/rocksdb/group_extrema/group_extrema/restore_rebuilt/16384/domain=16384/bytes=264/nulls=true,62,1.0,49991722.0,Flat
2,original,engine/rocksdb/group_extrema/group_extrema/restore_rebuilt/16384/domain=16384/bytes=264/nulls=true,63,1.0,49277716.0,Flat
2,original,engine/rocksdb/group_extrema/group_extrema/restore_rebuilt/16384/domain=16384/bytes=264/nulls=true,64,1.0,47942770.0,Flat
2,original,engine/rocksdb/group_extrema/group_extrema/restore_rebuilt/16384/domain=16384/bytes=264/nulls=true,65,1.0,49349548.0,Flat
2,original,engine/rocksdb/group_extrema/group_extrema/restore_rebuilt/16384/domain=16384/bytes=264/nulls=true,66,1.0,48978576.0,Flat
2,original,engine/rocksdb/group_extrema/group_extrema/restore_rebuilt/16384/domain=16384/bytes=264/nulls=true,67,1.0,43260824.0,Flat
2,original,engine/rocksdb/group_extrema/group_extrema/restore_rebuilt/16384/domain=16384/bytes=264/nulls=true,68,1.0,50726913.0,Flat
2,original,engine/rocksdb/group_extrema/group_extrema/restore_rebuilt/16384/domain=16384/bytes=264/nulls=true,69,1.0,46459643.0,Flat
2,original,engine/rocksdb/group_extrema/group_extrema/restore_rebuilt/16384/domain=16384/bytes=264/nulls=true,70,1.0,48319694.0,Flat
2,original,engine/rocksdb/group_extrema/group_extrema/restore_rebuilt/16384/domain=16384/bytes=264/nulls=true,71,1.0,46960420.0,Flat
2,original,engine/rocksdb/group_extrema/group_extrema/restore_rebuilt/16384/domain=16384/bytes=264/nulls=true,72,1.0,48010819.0,Flat
2,original,engine/rocksdb/group_extrema/group_extrema/restore_rebuilt/16384/domain=16384/bytes=264/nulls=true,73,1.0,46072657.0,Flat
2,original,engine/rocksdb/group_extrema/group_extrema/restore_rebuilt/16384/domain=16384/bytes=264/nulls=true,74,1.0,48107825.0,Flat
2,original,engine/rocksdb/group_extrema/group_extrema/restore_rebuilt/16384/domain=16384/bytes=264/nulls=true,75,1.0,48832118.0,Flat
2,original,engine/rocksdb/group_extrema/group_extrema/restore_rebuilt/16384/domain=16384/bytes=264/nulls=true,76,1.0,43904044.0,Flat
2,original,engine/rocksdb/group_extrema/group_extrema/restore_rebuilt/16384/domain=16384/bytes=264/nulls=true,77,1.0,46554126.0,Flat
2,original,engine/rocksdb/group_extrema/group_extrema/restore_rebuilt/16384/domain=16384/bytes=264/nulls=true,78,1.0,44906607.0,Flat
2,original,engine/rocksdb/group_extrema/group_extrema/restore_rebuilt/16384/domain=16384/bytes=264/nulls=true,79,1.0,51406792.0,Flat
2,original,engine/rocksdb/group_extrema/group_extrema/restore_rebuilt/16384/domain=16384/bytes=264/nulls=true,80,1.0,51316645.0,Flat
2,original,engine/rocksdb/group_extrema/group_extrema/restore_rebuilt/16384/domain=16384/bytes=264/nulls=true,81,1.0,48950031.0,Flat
2,original,engine/rocksdb/group_extrema/group_extrema/restore_rebuilt/16384/domain=16384/bytes=264/nulls=true,82,1.0,50704778.0,Flat
2,original,engine/rocksdb/group_extrema/group_extrema/restore_rebuilt/16384/domain=16384/bytes=264/nulls=true,83,1.0,49721657.0,Flat
2,original,engine/rocksdb/group_extrema/group_extrema/restore_rebuilt/16384/domain=16384/bytes=264/nulls=true,84,1.0,43119119.0,Flat
2,original,engine/rocksdb/group_extrema/group_extrema/restore_rebuilt/16384/domain=16384/bytes=264/nulls=true,85,1.0,50713626.0,Flat
2,original,engine/rocksdb/group_extrema/group_extrema/restore_rebuilt/16384/domain=16384/bytes=264/nulls=true,86,1.0,49840341.0,Flat
2,original,engine/rocksdb/group_extrema/group_extrema/restore_rebuilt/16384/domain=16384/bytes=264/nulls=true,87,1.0,48247210.0,Flat
2,original,engine/rocksdb/group_extrema/group_extrema/restore_rebuilt/16384/domain=16384/bytes=264/nulls=true,88,1.0,42819753.0,Flat
2,original,engine/rocksdb/group_extrema/group_extrema/restore_rebuilt/16384/domain=16384/bytes=264/nulls=true,89,1.0,45663612.0,Flat
2,original,engine/rocksdb/group_extrema/group_extrema/restore_rebuilt/16384/domain=16384/bytes=264/nulls=true,90,1.0,48759526.0,Flat
2,original,engine/rocksdb/group_extrema/group_extrema/restore_rebuilt/16384/domain=16384/bytes=264/nulls=true,91,1.0,51259484.0,Flat
2,original,engine/rocksdb/group_extrema/group_extrema/restore_rebuilt/16384/domain=16384/bytes=264/nulls=true,92,1.0,62596858.0,Flat
2,original,engine/rocksdb/group_extrema/group_extrema/restore_rebuilt/16384/domain=16384/bytes=264/nulls=true,93,1.0,46951332.0,Flat
2,original,engine/rocksdb/group_extrema/group_extrema/restore_rebuilt/16384/domain=16384/bytes=264/nulls=true,94,1.0,45107326.0,Flat
2,original,engine/rocksdb/group_extrema/group_extrema/restore_rebuilt/16384/domain=16384/bytes=264/nulls=true,95,1.0,45654741.0,Flat
2,original,engine/rocksdb/group_extrema/group_extrema/restore_rebuilt/16384/domain=16384/bytes=264/nulls=true,96,1.0,48053112.0,Flat
2,original,engine/rocksdb/group_extrema/group_extrema/restore_rebuilt/16384/domain=16384/bytes=264/nulls=true,97,1.0,46960833.0,Flat
2,original,engine/rocksdb/group_extrema/group_extrema/restore_rebuilt/16384/domain=16384/bytes=264/nulls=true,98,1.0,55919388.0,Flat
2,original,engine/rocksdb/group_extrema/group_extrema/restore_rebuilt/16384/domain=16384/bytes=264/nulls=true,99,1.0,54160156.0,Flat
3,original,engine/rocksdb/group_extrema/group_extrema/restore_aligned/16384/domain=16384/bytes=264/nulls=true,0,2.0,37712862.0,Flat
3,original,engine/rocksdb/group_extrema/group_extrema/restore_aligned/16384/domain=16384/bytes=264/nulls=true,1,2.0,33568086.0,Flat
3,original,engine/rocksdb/group_extrema/group_extrema/restore_aligned/16384/domain=16384/bytes=264/nulls=true,2,2.0,32564412.0,Flat
3,original,engine/rocksdb/group_extrema/group_extrema/restore_aligned/16384/domain=16384/bytes=264/nulls=true,3,2.0,44453964.0,Flat
3,original,engine/rocksdb/group_extrema/group_extrema/restore_aligned/16384/domain=16384/bytes=264/nulls=true,4,2.0,35284274.0,Flat
3,original,engine/rocksdb/group_extrema/group_extrema/restore_aligned/16384/domain=16384/bytes=264/nulls=true,5,2.0,34162332.0,Flat
3,original,engine/rocksdb/group_extrema/group_extrema/restore_aligned/16384/domain=16384/bytes=264/nulls=true,6,2.0,33498166.0,Flat
3,original,engine/rocksdb/group_extrema/group_extrema/restore_aligned/16384/domain=16384/bytes=264/nulls=true,7,2.0,35628719.0,Flat
3,original,engine/rocksdb/group_extrema/group_extrema/restore_aligned/16384/domain=16384/bytes=264/nulls=true,8,2.0,33884262.0,Flat
3,original,engine/rocksdb/group_extrema/group_extrema/restore_aligned/16384/domain=16384/bytes=264/nulls=true,9,2.0,34650020.0,Flat
3,original,engine/rocksdb/group_extrema/group_extrema/restore_aligned/16384/domain=16384/bytes=264/nulls=true,10,2.0,32984991.0,Flat
3,original,engine/rocksdb/group_extrema/group_extrema/restore_aligned/16384/domain=16384/bytes=264/nulls=true,11,2.0,31749561.0,Flat
3,original,engine/rocksdb/group_extrema/group_extrema/restore_aligned/16384/domain=16384/bytes=264/nulls=true,12,2.0,34212196.0,Flat
3,original,engine/rocksdb/group_extrema/group_extrema/restore_aligned/16384/domain=16384/bytes=264/nulls=true,13,2.0,32020061.0,Flat
3,original,engine/rocksdb/group_extrema/group_extrema/restore_aligned/16384/domain=16384/bytes=264/nulls=true,14,2.0,32589916.0,Flat
3,original,engine/rocksdb/group_extrema/group_extrema/restore_aligned/16384/domain=16384/bytes=264/nulls=true,15,2.0,31344914.0,Flat
3,original,engine/rocksdb/group_extrema/group_extrema/restore_aligned/16384/domain=16384/bytes=264/nulls=true,16,2.0,31506571.0,Flat
3,original,engine/rocksdb/group_extrema/group_extrema/restore_aligned/16384/domain=16384/bytes=264/nulls=true,17,2.0,37370805.0,Flat
3,original,engine/rocksdb/group_extrema/group_extrema/restore_aligned/16384/domain=16384/bytes=264/nulls=true,18,2.0,34645054.0,Flat
3,original,engine/rocksdb/group_extrema/group_extrema/restore_aligned/16384/domain=16384/bytes=264/nulls=true,19,2.0,33566983.0,Flat
3,original,engine/rocksdb/group_extrema/group_extrema/restore_aligned/16384/domain=16384/bytes=264/nulls=true,20,2.0,36268792.0,Flat
3,original,engine/rocksdb/group_extrema/group_extrema/restore_aligned/16384/domain=16384/bytes=264/nulls=true,21,2.0,34742960.0,Flat
3,original,engine/rocksdb/group_extrema/group_extrema/restore_aligned/16384/domain=16384/bytes=264/nulls=true,22,2.0,32702711.0,Flat
3,original,engine/rocksdb/group_extrema/group_extrema/restore_aligned/16384/domain=16384/bytes=264/nulls=true,23,2.0,33615941.0,Flat
3,original,engine/rocksdb/group_extrema/group_extrema/restore_aligned/16384/domain=16384/bytes=264/nulls=true,24,2.0,34955189.0,Flat
3,original,engine/rocksdb/group_extrema/group_extrema/restore_aligned/16384/domain=16384/bytes=264/nulls=true,25,2.0,33799645.0,Flat
3,original,engine/rocksdb/group_extrema/group_extrema/restore_aligned/16384/domain=16384/bytes=264/nulls=true,26,2.0,29906639.0,Flat
3,original,engine/rocksdb/group_extrema/group_extrema/restore_aligned/16384/domain=16384/bytes=264/nulls=true,27,2.0,32807411.0,Flat
3,original,engine/rocksdb/group_extrema/group_extrema/restore_aligned/16384/domain=16384/bytes=264/nulls=true,28,2.0,31550155.0,Flat
3,original,engine/rocksdb/group_extrema/group_extrema/restore_aligned/16384/domain=16384/bytes=264/nulls=true,29,2.0,33384856.0,Flat
3,original,engine/rocksdb/group_extrema/group_extrema/restore_aligned/16384/domain=16384/bytes=264/nulls=true,30,2.0,31285647.0,Flat
3,original,engine/rocksdb/group_extrema/group_extrema/restore_aligned/16384/domain=16384/bytes=264/nulls=true,31,2.0,35142821.0,Flat
3,original,engine/rocksdb/group_extrema/group_extrema/restore_aligned/16384/domain=16384/bytes=264/nulls=true,32,2.0,32495771.0,Flat
3,original,engine/rocksdb/group_extrema/group_extrema/restore_aligned/16384/domain=16384/bytes=264/nulls=true,33,2.0,37027170.0,Flat
3,original,engine/rocksdb/group_extrema/group_extrema/restore_aligned/16384/domain=16384/bytes=264/nulls=true,34,2.0,33591440.0,Flat
3,original,engine/rocksdb/group_extrema/group_extrema/restore_aligned/16384/domain=16384/bytes=264/nulls=true,35,2.0,33392844.0,Flat
3,original,engine/rocksdb/group_extrema/group_extrema/restore_aligned/16384/domain=16384/bytes=264/nulls=true,36,2.0,33061964.0,Flat
3,original,engine/rocksdb/group_extrema/group_extrema/restore_aligned/16384/domain=16384/bytes=264/nulls=true,37,2.0,31829501.0,Flat
3,original,engine/rocksdb/group_extrema/group_extrema/restore_aligned/16384/domain=16384/bytes=264/nulls=true,38,2.0,33319787.0,Flat
3,original,engine/rocksdb/group_extrema/group_extrema/restore_aligned/16384/domain=16384/bytes=264/nulls=true,39,2.0,33865060.0,Flat
3,original,engine/rocksdb/group_extrema/group_extrema/restore_aligned/16384/domain=16384/bytes=264/nulls=true,40,2.0,32460116.0,Flat
3,original,engine/rocksdb/group_extrema/group_extrema/restore_aligned/16384/domain=16384/bytes=264/nulls=true,41,2.0,35370108.0,Flat
3,original,engine/rocksdb/group_extrema/group_extrema/restore_aligned/16384/domain=16384/bytes=264/nulls=true,42,2.0,40954812.0,Flat
3,original,engine/rocksdb/group_extrema/group_extrema/restore_aligned/16384/domain=16384/bytes=264/nulls=true,43,2.0,35269051.0,Flat
3,original,engine/rocksdb/group_extrema/group_extrema/restore_aligned/16384/domain=16384/bytes=264/nulls=true,44,2.0,32533537.0,Flat
3,original,engine/rocksdb/group_extrema/group_extrema/restore_aligned/16384/domain=16384/bytes=264/nulls=true,45,2.0,31440293.0,Flat
3,original,engine/rocksdb/group_extrema/group_extrema/restore_aligned/16384/domain=16384/bytes=264/nulls=true,46,2.0,35067841.0,Flat
3,original,engine/rocksdb/group_extrema/group_extrema/restore_aligned/16384/domain=16384/bytes=264/nulls=true,47,2.0,48040993.0,Flat
3,original,engine/rocksdb/group_extrema/group_extrema/restore_aligned/16384/domain=16384/bytes=264/nulls=true,48,2.0,33512764.0,Flat
3,original,engine/rocksdb/group_extrema/group_extrema/restore_aligned/16384/domain=16384/bytes=264/nulls=true,49,2.0,32092948.0,Flat
3,original,engine/rocksdb/group_extrema/group_extrema/restore_aligned/16384/domain=16384/bytes=264/nulls=true,50,2.0,33555175.0,Flat
3,original,engine/rocksdb/group_extrema/group_extrema/restore_aligned/16384/domain=16384/bytes=264/nulls=true,51,2.0,30798264.0,Flat
3,original,engine/rocksdb/group_extrema/group_extrema/restore_aligned/16384/domain=16384/bytes=264/nulls=true,52,2.0,34037977.0,Flat
3,original,engine/rocksdb/group_extrema/group_extrema/restore_aligned/16384/domain=16384/bytes=264/nulls=true,53,2.0,37468639.0,Flat
3,original,engine/rocksdb/group_extrema/group_extrema/restore_aligned/16384/domain=16384/bytes=264/nulls=true,54,2.0,35239248.0,Flat
3,original,engine/rocksdb/group_extrema/group_extrema/restore_aligned/16384/domain=16384/bytes=264/nulls=true,55,2.0,33191180.0,Flat
3,original,engine/rocksdb/group_extrema/group_extrema/restore_aligned/16384/domain=16384/bytes=264/nulls=true,56,2.0,34135764.0,Flat
3,original,engine/rocksdb/group_extrema/group_extrema/restore_aligned/16384/domain=16384/bytes=264/nulls=true,57,2.0,33603018.0,Flat
3,original,engine/rocksdb/group_extrema/group_extrema/restore_aligned/16384/domain=16384/bytes=264/nulls=true,58,2.0,36410613.0,Flat
3,original,engine/rocksdb/group_extrema/group_extrema/restore_aligned/16384/domain=16384/bytes=264/nulls=true,59,2.0,32262267.0,Flat
3,original,engine/rocksdb/group_extrema/group_extrema/restore_aligned/16384/domain=16384/bytes=264/nulls=true,60,2.0,33501922.0,Flat
3,original,engine/rocksdb/group_extrema/group_extrema/restore_aligned/16384/domain=16384/bytes=264/nulls=true,61,2.0,31351479.0,Flat
3,original,engine/rocksdb/group_extrema/group_extrema/restore_aligned/16384/domain=16384/bytes=264/nulls=true,62,2.0,34194573.0,Flat
3,original,engine/rocksdb/group_extrema/group_extrema/restore_aligned/16384/domain=16384/bytes=264/nulls=true,63,2.0,33508364.0,Flat
3,original,engine/rocksdb/group_extrema/group_extrema/restore_aligned/16384/domain=16384/bytes=264/nulls=true,64,2.0,32451232.0,Flat
3,original,engine/rocksdb/group_extrema/group_extrema/restore_aligned/16384/domain=16384/bytes=264/nulls=true,65,2.0,31758222.0,Flat
3,original,engine/rocksdb/group_extrema/group_extrema/restore_aligned/16384/domain=16384/bytes=264/nulls=true,66,2.0,32772683.0,Flat
3,original,engine/rocksdb/group_extrema/group_extrema/restore_aligned/16384/domain=16384/bytes=264/nulls=true,67,2.0,34022657.0,Flat
3,original,engine/rocksdb/group_extrema/group_extrema/restore_aligned/16384/domain=16384/bytes=264/nulls=true,68,2.0,31180465.0,Flat
3,original,engine/rocksdb/group_extrema/group_extrema/restore_aligned/16384/domain=16384/bytes=264/nulls=true,69,2.0,37685989.0,Flat
3,original,engine/rocksdb/group_extrema/group_extrema/restore_aligned/16384/domain=16384/bytes=264/nulls=true,70,2.0,31852342.0,Flat
3,original,engine/rocksdb/group_extrema/group_extrema/restore_aligned/16384/domain=16384/bytes=264/nulls=true,71,2.0,37377309.0,Flat
3,original,engine/rocksdb/group_extrema/group_extrema/restore_aligned/16384/domain=16384/bytes=264/nulls=true,72,2.0,34750575.0,Flat
3,original,engine/rocksdb/group_extrema/group_extrema/restore_aligned/16384/domain=16384/bytes=264/nulls=true,73,2.0,35566312.0,Flat
3,original,engine/rocksdb/group_extrema/group_extrema/restore_aligned/16384/domain=16384/bytes=264/nulls=true,74,2.0,32883057.0,Flat
3,original,engine/rocksdb/group_extrema/group_extrema/restore_aligned/16384/domain=16384/bytes=264/nulls=true,75,2.0,36319466.0,Flat
3,original,engine/rocksdb/group_extrema/group_extrema/restore_aligned/16384/domain=16384/bytes=264/nulls=true,76,2.0,32355231.0,Flat
3,original,engine/rocksdb/group_extrema/group_extrema/restore_aligned/16384/domain=16384/bytes=264/nulls=true,77,2.0,41101089.0,Flat
3,original,engine/rocksdb/group_extrema/group_extrema/restore_aligned/16384/domain=16384/bytes=264/nulls=true,78,2.0,32677088.0,Flat
3,original,engine/rocksdb/group_extrema/group_extrema/restore_aligned/16384/domain=16384/bytes=264/nulls=true,79,2.0,33583732.0,Flat
3,original,engine/rocksdb/group_extrema/group_extrema/restore_aligned/16384/domain=16384/bytes=264/nulls=true,80,2.0,32060104.0,Flat
3,original,engine/rocksdb/group_extrema/group_extrema/restore_aligned/16384/domain=16384/bytes=264/nulls=true,81,2.0,36250775.0,Flat
3,original,engine/rocksdb/group_extrema/group_extrema/restore_aligned/16384/domain=16384/bytes=264/nulls=true,82,2.0,33813088.0,Flat
3,original,engine/rocksdb/group_extrema/group_extrema/restore_aligned/16384/domain=16384/bytes=264/nulls=true,83,2.0,35317812.0,Flat
3,original,engine/rocksdb/group_extrema/group_extrema/restore_aligned/16384/domain=16384/bytes=264/nulls=true,84,2.0,33123072.0,Flat
3,original,engine/rocksdb/group_extrema/group_extrema/restore_aligned/16384/domain=16384/bytes=264/nulls=true,85,2.0,35020114.0,Flat
3,original,engine/rocksdb/group_extrema/group_extrema/restore_aligned/16384/domain=16384/bytes=264/nulls=true,86,2.0,33332173.0,Flat
3,original,engine/rocksdb/group_extrema/group_extrema/restore_aligned/16384/domain=16384/bytes=264/nulls=true,87,2.0,33306832.0,Flat
3,original,engine/rocksdb/group_extrema/group_extrema/restore_aligned/16384/domain=16384/bytes=264/nulls=true,88,2.0,30993374.0,Flat
3,original,engine/rocksdb/group_extrema/group_extrema/restore_aligned/16384/domain=16384/bytes=264/nulls=true,89,2.0,33111571.0,Flat
3,original,engine/rocksdb/group_extrema/group_extrema/restore_aligned/16384/domain=16384/bytes=264/nulls=true,90,2.0,33885416.0,Flat
3,original,engine/rocksdb/group_extrema/group_extrema/restore_aligned/16384/domain=16384/bytes=264/nulls=true,91,2.0,32669017.0,Flat
3,original,engine/rocksdb/group_extrema/group_extrema/restore_aligned/16384/domain=16384/bytes=264/nulls=true,92,2.0,32245663.0,Flat
3,original,engine/rocksdb/group_extrema/group_extrema/restore_aligned/16384/domain=16384/bytes=264/nulls=true,93,2.0,36582123.0,Flat
3,original,engine/rocksdb/group_extrema/group_extrema/restore_aligned/16384/domain=16384/bytes=264/nulls=true,94,2.0,34412483.0,Flat
3,original,engine/rocksdb/group_extrema/group_extrema/restore_aligned/16384/domain=16384/bytes=264/nulls=true,95,2.0,35877922.0,Flat
3,original,engine/rocksdb/group_extrema/group_extrema/restore_aligned/16384/domain=16384/bytes=264/nulls=true,96,2.0,37493034.0,Flat
3,original,engine/rocksdb/group_extrema/group_extrema/restore_aligned/16384/domain=16384/bytes=264/nulls=true,97,2.0,35158031.0,Flat
3,original,engine/rocksdb/group_extrema/group_extrema/restore_aligned/16384/domain=16384/bytes=264/nulls=true,98,2.0,35507619.0,Flat
3,original,engine/rocksdb/group_extrema/group_extrema/restore_aligned/16384/domain=16384/bytes=264/nulls=true,99,2.0,34245708.0,Flat
3,original,engine/rocksdb/group_extrema/group_extrema/restore_rebuilt/16384/domain=16384/bytes=264/nulls=true,0,1.0,46587508.0,Flat
3,original,engine/rocksdb/group_extrema/group_extrema/restore_rebuilt/16384/domain=16384/bytes=264/nulls=true,1,1.0,43360180.0,Flat
3,original,engine/rocksdb/group_extrema/group_extrema/restore_rebuilt/16384/domain=16384/bytes=264/nulls=true,2,1.0,44222348.0,Flat
3,original,engine/rocksdb/group_extrema/group_extrema/restore_rebuilt/16384/domain=16384/bytes=264/nulls=true,3,1.0,44729412.0,Flat
3,original,engine/rocksdb/group_extrema/group_extrema/restore_rebuilt/16384/domain=16384/bytes=264/nulls=true,4,1.0,44540421.0,Flat
3,original,engine/rocksdb/group_extrema/group_extrema/restore_rebuilt/16384/domain=16384/bytes=264/nulls=true,5,1.0,45405344.0,Flat
3,original,engine/rocksdb/group_extrema/group_extrema/restore_rebuilt/16384/domain=16384/bytes=264/nulls=true,6,1.0,55117621.0,Flat
3,original,engine/rocksdb/group_extrema/group_extrema/restore_rebuilt/16384/domain=16384/bytes=264/nulls=true,7,1.0,43936483.0,Flat
3,original,engine/rocksdb/group_extrema/group_extrema/restore_rebuilt/16384/domain=16384/bytes=264/nulls=true,8,1.0,43944278.0,Flat
3,original,engine/rocksdb/group_extrema/group_extrema/restore_rebuilt/16384/domain=16384/bytes=264/nulls=true,9,1.0,48032970.0,Flat
3,original,engine/rocksdb/group_extrema/group_extrema/restore_rebuilt/16384/domain=16384/bytes=264/nulls=true,10,1.0,49496973.0,Flat
3,original,engine/rocksdb/group_extrema/group_extrema/restore_rebuilt/16384/domain=16384/bytes=264/nulls=true,11,1.0,51371839.0,Flat
3,original,engine/rocksdb/group_extrema/group_extrema/restore_rebuilt/16384/domain=16384/bytes=264/nulls=true,12,1.0,54212308.0,Flat
3,original,engine/rocksdb/group_extrema/group_extrema/restore_rebuilt/16384/domain=16384/bytes=264/nulls=true,13,1.0,49623861.0,Flat
3,original,engine/rocksdb/group_extrema/group_extrema/restore_rebuilt/16384/domain=16384/bytes=264/nulls=true,14,1.0,55165130.0,Flat
3,original,engine/rocksdb/group_extrema/group_extrema/restore_rebuilt/16384/domain=16384/bytes=264/nulls=true,15,1.0,47171820.0,Flat
3,original,engine/rocksdb/group_extrema/group_extrema/restore_rebuilt/16384/domain=16384/bytes=264/nulls=true,16,1.0,48815632.0,Flat
3,original,engine/rocksdb/group_extrema/group_extrema/restore_rebuilt/16384/domain=16384/bytes=264/nulls=true,17,1.0,45013544.0,Flat
3,original,engine/rocksdb/group_extrema/group_extrema/restore_rebuilt/16384/domain=16384/bytes=264/nulls=true,18,1.0,48195924.0,Flat
3,original,engine/rocksdb/group_extrema/group_extrema/restore_rebuilt/16384/domain=16384/bytes=264/nulls=true,19,1.0,45634615.0,Flat
3,original,engine/rocksdb/group_extrema/group_extrema/restore_rebuilt/16384/domain=16384/bytes=264/nulls=true,20,1.0,45866126.0,Flat
3,original,engine/rocksdb/group_extrema/group_extrema/restore_rebuilt/16384/domain=16384/bytes=264/nulls=true,21,1.0,47230239.0,Flat
3,original,engine/rocksdb/group_extrema/group_extrema/restore_rebuilt/16384/domain=16384/bytes=264/nulls=true,22,1.0,44429283.0,Flat
3,original,engine/rocksdb/group_extrema/group_extrema/restore_rebuilt/16384/domain=16384/bytes=264/nulls=true,23,1.0,45956825.0,Flat
3,original,engine/rocksdb/group_extrema/group_extrema/restore_rebuilt/16384/domain=16384/bytes=264/nulls=true,24,1.0,46249077.0,Flat
3,original,engine/rocksdb/group_extrema/group_extrema/restore_rebuilt/16384/domain=16384/bytes=264/nulls=true,25,1.0,43763643.0,Flat
3,original,engine/rocksdb/group_extrema/group_extrema/restore_rebuilt/16384/domain=16384/bytes=264/nulls=true,26,1.0,45550496.0,Flat
3,original,engine/rocksdb/group_extrema/group_extrema/restore_rebuilt/16384/domain=16384/bytes=264/nulls=true,27,1.0,45903610.0,Flat
3,original,engine/rocksdb/group_extrema/group_extrema/restore_rebuilt/16384/domain=16384/bytes=264/nulls=true,28,1.0,48262898.0,Flat
3,original,engine/rocksdb/group_extrema/group_extrema/restore_rebuilt/16384/domain=16384/bytes=264/nulls=true,29,1.0,44781763.0,Flat
3,original,engine/rocksdb/group_extrema/group_extrema/restore_rebuilt/16384/domain=16384/bytes=264/nulls=true,30,1.0,43525488.0,Flat
3,original,engine/rocksdb/group_extrema/group_extrema/restore_rebuilt/16384/domain=16384/bytes=264/nulls=true,31,1.0,45897757.0,Flat
3,original,engine/rocksdb/group_extrema/group_extrema/restore_rebuilt/16384/domain=16384/bytes=264/nulls=true,32,1.0,44882434.0,Flat
3,original,engine/rocksdb/group_extrema/group_extrema/restore_rebuilt/16384/domain=16384/bytes=264/nulls=true,33,1.0,43496443.0,Flat
3,original,engine/rocksdb/group_extrema/group_extrema/restore_rebuilt/16384/domain=16384/bytes=264/nulls=true,34,1.0,44810034.0,Flat
3,original,engine/rocksdb/group_extrema/group_extrema/restore_rebuilt/16384/domain=16384/bytes=264/nulls=true,35,1.0,42596786.0,Flat
3,original,engine/rocksdb/group_extrema/group_extrema/restore_rebuilt/16384/domain=16384/bytes=264/nulls=true,36,1.0,47331948.0,Flat
3,original,engine/rocksdb/group_extrema/group_extrema/restore_rebuilt/16384/domain=16384/bytes=264/nulls=true,37,1.0,46462829.0,Flat
3,original,engine/rocksdb/group_extrema/group_extrema/restore_rebuilt/16384/domain=16384/bytes=264/nulls=true,38,1.0,45975610.0,Flat
3,original,engine/rocksdb/group_extrema/group_extrema/restore_rebuilt/16384/domain=16384/bytes=264/nulls=true,39,1.0,47105164.0,Flat
3,original,engine/rocksdb/group_extrema/group_extrema/restore_rebuilt/16384/domain=16384/bytes=264/nulls=true,40,1.0,47511014.0,Flat
3,original,engine/rocksdb/group_extrema/group_extrema/restore_rebuilt/16384/domain=16384/bytes=264/nulls=true,41,1.0,45740542.0,Flat
3,original,engine/rocksdb/group_extrema/group_extrema/restore_rebuilt/16384/domain=16384/bytes=264/nulls=true,42,1.0,45648712.0,Flat
3,original,engine/rocksdb/group_extrema/group_extrema/restore_rebuilt/16384/domain=16384/bytes=264/nulls=true,43,1.0,44288607.0,Flat
3,original,engine/rocksdb/group_extrema/group_extrema/restore_rebuilt/16384/domain=16384/bytes=264/nulls=true,44,1.0,45249753.0,Flat
3,original,engine/rocksdb/group_extrema/group_extrema/restore_rebuilt/16384/domain=16384/bytes=264/nulls=true,45,1.0,43190377.0,Flat
3,original,engine/rocksdb/group_extrema/group_extrema/restore_rebuilt/16384/domain=16384/bytes=264/nulls=true,46,1.0,47850292.0,Flat
3,original,engine/rocksdb/group_extrema/group_extrema/restore_rebuilt/16384/domain=16384/bytes=264/nulls=true,47,1.0,47611913.0,Flat
3,original,engine/rocksdb/group_extrema/group_extrema/restore_rebuilt/16384/domain=16384/bytes=264/nulls=true,48,1.0,47035528.0,Flat
3,original,engine/rocksdb/group_extrema/group_extrema/restore_rebuilt/16384/domain=16384/bytes=264/nulls=true,49,1.0,46797023.0,Flat
3,original,engine/rocksdb/group_extrema/group_extrema/restore_rebuilt/16384/domain=16384/bytes=264/nulls=true,50,1.0,52656369.0,Flat
3,original,engine/rocksdb/group_extrema/group_extrema/restore_rebuilt/16384/domain=16384/bytes=264/nulls=true,51,1.0,48076810.0,Flat
3,original,engine/rocksdb/group_extrema/group_extrema/restore_rebuilt/16384/domain=16384/bytes=264/nulls=true,52,1.0,48574934.0,Flat
3,original,engine/rocksdb/group_extrema/group_extrema/restore_rebuilt/16384/domain=16384/bytes=264/nulls=true,53,1.0,43326729.0,Flat
3,original,engine/rocksdb/group_extrema/group_extrema/restore_rebuilt/16384/domain=16384/bytes=264/nulls=true,54,1.0,44928816.0,Flat
3,original,engine/rocksdb/group_extrema/group_extrema/restore_rebuilt/16384/domain=16384/bytes=264/nulls=true,55,1.0,43757517.0,Flat
3,original,engine/rocksdb/group_extrema/group_extrema/restore_rebuilt/16384/domain=16384/bytes=264/nulls=true,56,1.0,41489425.0,Flat
3,original,engine/rocksdb/group_extrema/group_extrema/restore_rebuilt/16384/domain=16384/bytes=264/nulls=true,57,1.0,46680739.0,Flat
3,original,engine/rocksdb/group_extrema/group_extrema/restore_rebuilt/16384/domain=16384/bytes=264/nulls=true,58,1.0,46974289.0,Flat
3,original,engine/rocksdb/group_extrema/group_extrema/restore_rebuilt/16384/domain=16384/bytes=264/nulls=true,59,1.0,46137579.0,Flat
3,original,engine/rocksdb/group_extrema/group_extrema/restore_rebuilt/16384/domain=16384/bytes=264/nulls=true,60,1.0,45792585.0,Flat
3,original,engine/rocksdb/group_extrema/group_extrema/restore_rebuilt/16384/domain=16384/bytes=264/nulls=true,61,1.0,43271082.0,Flat
3,original,engine/rocksdb/group_extrema/group_extrema/restore_rebuilt/16384/domain=16384/bytes=264/nulls=true,62,1.0,47165021.0,Flat
3,original,engine/rocksdb/group_extrema/group_extrema/restore_rebuilt/16384/domain=16384/bytes=264/nulls=true,63,1.0,45576408.0,Flat
3,original,engine/rocksdb/group_extrema/group_extrema/restore_rebuilt/16384/domain=16384/bytes=264/nulls=true,64,1.0,44156493.0,Flat
3,original,engine/rocksdb/group_extrema/group_extrema/restore_rebuilt/16384/domain=16384/bytes=264/nulls=true,65,1.0,43838800.0,Flat
3,original,engine/rocksdb/group_extrema/group_extrema/restore_rebuilt/16384/domain=16384/bytes=264/nulls=true,66,1.0,42817077.0,Flat
3,original,engine/rocksdb/group_extrema/group_extrema/restore_rebuilt/16384/domain=16384/bytes=264/nulls=true,67,1.0,43510685.0,Flat
3,original,engine/rocksdb/group_extrema/group_extrema/restore_rebuilt/16384/domain=16384/bytes=264/nulls=true,68,1.0,50850992.0,Flat
3,original,engine/rocksdb/group_extrema/group_extrema/restore_rebuilt/16384/domain=16384/bytes=264/nulls=true,69,1.0,45945913.0,Flat
3,original,engine/rocksdb/group_extrema/group_extrema/restore_rebuilt/16384/domain=16384/bytes=264/nulls=true,70,1.0,46118531.0,Flat
3,original,engine/rocksdb/group_extrema/group_extrema/restore_rebuilt/16384/domain=16384/bytes=264/nulls=true,71,1.0,45913761.0,Flat
3,original,engine/rocksdb/group_extrema/group_extrema/restore_rebuilt/16384/domain=16384/bytes=264/nulls=true,72,1.0,43040928.0,Flat
3,original,engine/rocksdb/group_extrema/group_extrema/restore_rebuilt/16384/domain=16384/bytes=264/nulls=true,73,1.0,44256837.0,Flat
3,original,engine/rocksdb/group_extrema/group_extrema/restore_rebuilt/16384/domain=16384/bytes=264/nulls=true,74,1.0,45034762.0,Flat
3,original,engine/rocksdb/group_extrema/group_extrema/restore_rebuilt/16384/domain=16384/bytes=264/nulls=true,75,1.0,44940561.0,Flat
3,original,engine/rocksdb/group_extrema/group_extrema/restore_rebuilt/16384/domain=16384/bytes=264/nulls=true,76,1.0,42535931.0,Flat
3,original,engine/rocksdb/group_extrema/group_extrema/restore_rebuilt/16384/domain=16384/bytes=264/nulls=true,77,1.0,45927509.0,Flat
3,original,engine/rocksdb/group_extrema/group_extrema/restore_rebuilt/16384/domain=16384/bytes=264/nulls=true,78,1.0,51273408.0,Flat
3,original,engine/rocksdb/group_extrema/group_extrema/restore_rebuilt/16384/domain=16384/bytes=264/nulls=true,79,1.0,47790535.0,Flat
3,original,engine/rocksdb/group_extrema/group_extrema/restore_rebuilt/16384/domain=16384/bytes=264/nulls=true,80,1.0,58084589.0,Flat
3,original,engine/rocksdb/group_extrema/group_extrema/restore_rebuilt/16384/domain=16384/bytes=264/nulls=true,81,1.0,46304762.0,Flat
3,original,engine/rocksdb/group_extrema/group_extrema/restore_rebuilt/16384/domain=16384/bytes=264/nulls=true,82,1.0,48261633.0,Flat
3,original,engine/rocksdb/group_extrema/group_extrema/restore_rebuilt/16384/domain=16384/bytes=264/nulls=true,83,1.0,46521969.0,Flat
3,original,engine/rocksdb/group_extrema/group_extrema/restore_rebuilt/16384/domain=16384/bytes=264/nulls=true,84,1.0,48452762.0,Flat
3,original,engine/rocksdb/group_extrema/group_extrema/restore_rebuilt/16384/domain=16384/bytes=264/nulls=true,85,1.0,45477893.0,Flat
3,original,engine/rocksdb/group_extrema/group_extrema/restore_rebuilt/16384/domain=16384/bytes=264/nulls=true,86,1.0,46933723.0,Flat
3,original,engine/rocksdb/group_extrema/group_extrema/restore_rebuilt/16384/domain=16384/bytes=264/nulls=true,87,1.0,43756618.0,Flat
3,original,engine/rocksdb/group_extrema/group_extrema/restore_rebuilt/16384/domain=16384/bytes=264/nulls=true,88,1.0,47575020.0,Flat
3,original,engine/rocksdb/group_extrema/group_extrema/restore_rebuilt/16384/domain=16384/bytes=264/nulls=true,89,1.0,50463335.0,Flat
3,original,engine/rocksdb/group_extrema/group_extrema/restore_rebuilt/16384/domain=16384/bytes=264/nulls=true,90,1.0,49882895.0,Flat
3,original,engine/rocksdb/group_extrema/group_extrema/restore_rebuilt/16384/domain=16384/bytes=264/nulls=true,91,1.0,43530731.0,Flat
3,original,engine/rocksdb/group_extrema/group_extrema/restore_rebuilt/16384/domain=16384/bytes=264/nulls=true,92,1.0,47646517.0,Flat
3,original,engine/rocksdb/group_extrema/group_extrema/restore_rebuilt/16384/domain=16384/bytes=264/nulls=true,93,1.0,52180825.0,Flat
3,original,engine/rocksdb/group_extrema/group_extrema/restore_rebuilt/16384/domain=16384/bytes=264/nulls=true,94,1.0,48298489.0,Flat
3,original,engine/rocksdb/group_extrema/group_extrema/restore_rebuilt/16384/domain=16384/bytes=264/nulls=true,95,1.0,45268842.0,Flat
3,original,engine/rocksdb/group_extrema/group_extrema/restore_rebuilt/16384/domain=16384/bytes=264/nulls=true,96,1.0,48316579.0,Flat
3,original,engine/rocksdb/group_extrema/group_extrema/restore_rebuilt/16384/domain=16384/bytes=264/nulls=true,97,1.0,45552440.0,Flat
3,original,engine/rocksdb/group_extrema/group_extrema/restore_rebuilt/16384/domain=16384/bytes=264/nulls=true,98,1.0,44965409.0,Flat
3,original,engine/rocksdb/group_extrema/group_extrema/restore_rebuilt/16384/domain=16384/bytes=264/nulls=true,99,1.0,46797324.0,Flat
4,candidate,engine/rocksdb/group_extrema/group_extrema/restore_aligned/16384/domain=16384/bytes=264/nulls=true,0,3.0,50295256.0,Flat
4,candidate,engine/rocksdb/group_extrema/group_extrema/restore_aligned/16384/domain=16384/bytes=264/nulls=true,1,3.0,50982662.0,Flat
4,candidate,engine/rocksdb/group_extrema/group_extrema/restore_aligned/16384/domain=16384/bytes=264/nulls=true,2,3.0,50761630.0,Flat
4,candidate,engine/rocksdb/group_extrema/group_extrema/restore_aligned/16384/domain=16384/bytes=264/nulls=true,3,3.0,47302082.0,Flat
4,candidate,engine/rocksdb/group_extrema/group_extrema/restore_aligned/16384/domain=16384/bytes=264/nulls=true,4,3.0,52823795.0,Flat
4,candidate,engine/rocksdb/group_extrema/group_extrema/restore_aligned/16384/domain=16384/bytes=264/nulls=true,5,3.0,49435543.0,Flat
4,candidate,engine/rocksdb/group_extrema/group_extrema/restore_aligned/16384/domain=16384/bytes=264/nulls=true,6,3.0,47095557.0,Flat
4,candidate,engine/rocksdb/group_extrema/group_extrema/restore_aligned/16384/domain=16384/bytes=264/nulls=true,7,3.0,48942882.0,Flat
4,candidate,engine/rocksdb/group_extrema/group_extrema/restore_aligned/16384/domain=16384/bytes=264/nulls=true,8,3.0,48283916.0,Flat
4,candidate,engine/rocksdb/group_extrema/group_extrema/restore_aligned/16384/domain=16384/bytes=264/nulls=true,9,3.0,48909276.0,Flat
4,candidate,engine/rocksdb/group_extrema/group_extrema/restore_aligned/16384/domain=16384/bytes=264/nulls=true,10,3.0,45926633.0,Flat
4,candidate,engine/rocksdb/group_extrema/group_extrema/restore_aligned/16384/domain=16384/bytes=264/nulls=true,11,3.0,84397163.0,Flat
4,candidate,engine/rocksdb/group_extrema/group_extrema/restore_aligned/16384/domain=16384/bytes=264/nulls=true,12,3.0,49284289.0,Flat
4,candidate,engine/rocksdb/group_extrema/group_extrema/restore_aligned/16384/domain=16384/bytes=264/nulls=true,13,3.0,49851041.0,Flat
4,candidate,engine/rocksdb/group_extrema/group_extrema/restore_aligned/16384/domain=16384/bytes=264/nulls=true,14,3.0,47388374.0,Flat
4,candidate,engine/rocksdb/group_extrema/group_extrema/restore_aligned/16384/domain=16384/bytes=264/nulls=true,15,3.0,47789864.0,Flat
4,candidate,engine/rocksdb/group_extrema/group_extrema/restore_aligned/16384/domain=16384/bytes=264/nulls=true,16,3.0,54356284.0,Flat
4,candidate,engine/rocksdb/group_extrema/group_extrema/restore_aligned/16384/domain=16384/bytes=264/nulls=true,17,3.0,51309217.0,Flat
4,candidate,engine/rocksdb/group_extrema/group_extrema/restore_aligned/16384/domain=16384/bytes=264/nulls=true,18,3.0,48278408.0,Flat
4,candidate,engine/rocksdb/group_extrema/group_extrema/restore_aligned/16384/domain=16384/bytes=264/nulls=true,19,3.0,47706254.0,Flat
4,candidate,engine/rocksdb/group_extrema/group_extrema/restore_aligned/16384/domain=16384/bytes=264/nulls=true,20,3.0,47318797.0,Flat
4,candidate,engine/rocksdb/group_extrema/group_extrema/restore_aligned/16384/domain=16384/bytes=264/nulls=true,21,3.0,47800908.0,Flat
4,candidate,engine/rocksdb/group_extrema/group_extrema/restore_aligned/16384/domain=16384/bytes=264/nulls=true,22,3.0,48268128.0,Flat
4,candidate,engine/rocksdb/group_extrema/group_extrema/restore_aligned/16384/domain=16384/bytes=264/nulls=true,23,3.0,47219102.0,Flat
4,candidate,engine/rocksdb/group_extrema/group_extrema/restore_aligned/16384/domain=16384/bytes=264/nulls=true,24,3.0,47823537.0,Flat
4,candidate,engine/rocksdb/group_extrema/group_extrema/restore_aligned/16384/domain=16384/bytes=264/nulls=true,25,3.0,48949750.0,Flat
4,candidate,engine/rocksdb/group_extrema/group_extrema/restore_aligned/16384/domain=16384/bytes=264/nulls=true,26,3.0,49661776.0,Flat
4,candidate,engine/rocksdb/group_extrema/group_extrema/restore_aligned/16384/domain=16384/bytes=264/nulls=true,27,3.0,47074849.0,Flat
4,candidate,engine/rocksdb/group_extrema/group_extrema/restore_aligned/16384/domain=16384/bytes=264/nulls=true,28,3.0,49564599.0,Flat
4,candidate,engine/rocksdb/group_extrema/group_extrema/restore_aligned/16384/domain=16384/bytes=264/nulls=true,29,3.0,48296342.0,Flat
4,candidate,engine/rocksdb/group_extrema/group_extrema/restore_aligned/16384/domain=16384/bytes=264/nulls=true,30,3.0,48090413.0,Flat
4,candidate,engine/rocksdb/group_extrema/group_extrema/restore_aligned/16384/domain=16384/bytes=264/nulls=true,31,3.0,45273104.0,Flat
4,candidate,engine/rocksdb/group_extrema/group_extrema/restore_aligned/16384/domain=16384/bytes=264/nulls=true,32,3.0,47136948.0,Flat
4,candidate,engine/rocksdb/group_extrema/group_extrema/restore_aligned/16384/domain=16384/bytes=264/nulls=true,33,3.0,48429471.0,Flat
4,candidate,engine/rocksdb/group_extrema/group_extrema/restore_aligned/16384/domain=16384/bytes=264/nulls=true,34,3.0,52344337.0,Flat
4,candidate,engine/rocksdb/group_extrema/group_extrema/restore_aligned/16384/domain=16384/bytes=264/nulls=true,35,3.0,50698627.0,Flat
4,candidate,engine/rocksdb/group_extrema/group_extrema/restore_aligned/16384/domain=16384/bytes=264/nulls=true,36,3.0,47768822.0,Flat
4,candidate,engine/rocksdb/group_extrema/group_extrema/restore_aligned/16384/domain=16384/bytes=264/nulls=true,37,3.0,50797843.0,Flat
4,candidate,engine/rocksdb/group_extrema/group_extrema/restore_aligned/16384/domain=16384/bytes=264/nulls=true,38,3.0,47740976.0,Flat
4,candidate,engine/rocksdb/group_extrema/group_extrema/restore_aligned/16384/domain=16384/bytes=264/nulls=true,39,3.0,49515652.0,Flat
4,candidate,engine/rocksdb/group_extrema/group_extrema/restore_aligned/16384/domain=16384/bytes=264/nulls=true,40,3.0,48030358.0,Flat
4,candidate,engine/rocksdb/group_extrema/group_extrema/restore_aligned/16384/domain=16384/bytes=264/nulls=true,41,3.0,46440008.0,Flat
4,candidate,engine/rocksdb/group_extrema/group_extrema/restore_aligned/16384/domain=16384/bytes=264/nulls=true,42,3.0,46631735.0,Flat
4,candidate,engine/rocksdb/group_extrema/group_extrema/restore_aligned/16384/domain=16384/bytes=264/nulls=true,43,3.0,49411954.0,Flat
4,candidate,engine/rocksdb/group_extrema/group_extrema/restore_aligned/16384/domain=16384/bytes=264/nulls=true,44,3.0,52921361.0,Flat
4,candidate,engine/rocksdb/group_extrema/group_extrema/restore_aligned/16384/domain=16384/bytes=264/nulls=true,45,3.0,49283729.0,Flat
4,candidate,engine/rocksdb/group_extrema/group_extrema/restore_aligned/16384/domain=16384/bytes=264/nulls=true,46,3.0,53615308.0,Flat
4,candidate,engine/rocksdb/group_extrema/group_extrema/restore_aligned/16384/domain=16384/bytes=264/nulls=true,47,3.0,48139766.0,Flat
4,candidate,engine/rocksdb/group_extrema/group_extrema/restore_aligned/16384/domain=16384/bytes=264/nulls=true,48,3.0,49139677.0,Flat
4,candidate,engine/rocksdb/group_extrema/group_extrema/restore_aligned/16384/domain=16384/bytes=264/nulls=true,49,3.0,54546996.0,Flat
4,candidate,engine/rocksdb/group_extrema/group_extrema/restore_aligned/16384/domain=16384/bytes=264/nulls=true,50,3.0,47939824.0,Flat
4,candidate,engine/rocksdb/group_extrema/group_extrema/restore_aligned/16384/domain=16384/bytes=264/nulls=true,51,3.0,54265329.0,Flat
4,candidate,engine/rocksdb/group_extrema/group_extrema/restore_aligned/16384/domain=16384/bytes=264/nulls=true,52,3.0,47293647.0,Flat
4,candidate,engine/rocksdb/group_extrema/group_extrema/restore_aligned/16384/domain=16384/bytes=264/nulls=true,53,3.0,52170643.0,Flat
4,candidate,engine/rocksdb/group_extrema/group_extrema/restore_aligned/16384/domain=16384/bytes=264/nulls=true,54,3.0,49185009.0,Flat
4,candidate,engine/rocksdb/group_extrema/group_extrema/restore_aligned/16384/domain=16384/bytes=264/nulls=true,55,3.0,46809995.0,Flat
4,candidate,engine/rocksdb/group_extrema/group_extrema/restore_aligned/16384/domain=16384/bytes=264/nulls=true,56,3.0,47215350.0,Flat
4,candidate,engine/rocksdb/group_extrema/group_extrema/restore_aligned/16384/domain=16384/bytes=264/nulls=true,57,3.0,51600981.0,Flat
4,candidate,engine/rocksdb/group_extrema/group_extrema/restore_aligned/16384/domain=16384/bytes=264/nulls=true,58,3.0,48403214.0,Flat
4,candidate,engine/rocksdb/group_extrema/group_extrema/restore_aligned/16384/domain=16384/bytes=264/nulls=true,59,3.0,47059220.0,Flat
4,candidate,engine/rocksdb/group_extrema/group_extrema/restore_aligned/16384/domain=16384/bytes=264/nulls=true,60,3.0,48156794.0,Flat
4,candidate,engine/rocksdb/group_extrema/group_extrema/restore_aligned/16384/domain=16384/bytes=264/nulls=true,61,3.0,51270593.0,Flat
4,candidate,engine/rocksdb/group_extrema/group_extrema/restore_aligned/16384/domain=16384/bytes=264/nulls=true,62,3.0,48909965.0,Flat
4,candidate,engine/rocksdb/group_extrema/group_extrema/restore_aligned/16384/domain=16384/bytes=264/nulls=true,63,3.0,49691216.0,Flat
4,candidate,engine/rocksdb/group_extrema/group_extrema/restore_aligned/16384/domain=16384/bytes=264/nulls=true,64,3.0,49003743.0,Flat
4,candidate,engine/rocksdb/group_extrema/group_extrema/restore_aligned/16384/domain=16384/bytes=264/nulls=true,65,3.0,51251502.0,Flat
4,candidate,engine/rocksdb/group_extrema/group_extrema/restore_aligned/16384/domain=16384/bytes=264/nulls=true,66,3.0,45320722.0,Flat
4,candidate,engine/rocksdb/group_extrema/group_extrema/restore_aligned/16384/domain=16384/bytes=264/nulls=true,67,3.0,48864275.0,Flat
4,candidate,engine/rocksdb/group_extrema/group_extrema/restore_aligned/16384/domain=16384/bytes=264/nulls=true,68,3.0,48964850.0,Flat
4,candidate,engine/rocksdb/group_extrema/group_extrema/restore_aligned/16384/domain=16384/bytes=264/nulls=true,69,3.0,48852738.0,Flat
4,candidate,engine/rocksdb/group_extrema/group_extrema/restore_aligned/16384/domain=16384/bytes=264/nulls=true,70,3.0,50728597.0,Flat
4,candidate,engine/rocksdb/group_extrema/group_extrema/restore_aligned/16384/domain=16384/bytes=264/nulls=true,71,3.0,49499319.0,Flat
4,candidate,engine/rocksdb/group_extrema/group_extrema/restore_aligned/16384/domain=16384/bytes=264/nulls=true,72,3.0,49109401.0,Flat
4,candidate,engine/rocksdb/group_extrema/group_extrema/restore_aligned/16384/domain=16384/bytes=264/nulls=true,73,3.0,47692299.0,Flat
4,candidate,engine/rocksdb/group_extrema/group_extrema/restore_aligned/16384/domain=16384/bytes=264/nulls=true,74,3.0,48868373.0,Flat
4,candidate,engine/rocksdb/group_extrema/group_extrema/restore_aligned/16384/domain=16384/bytes=264/nulls=true,75,3.0,47469911.0,Flat
4,candidate,engine/rocksdb/group_extrema/group_extrema/restore_aligned/16384/domain=16384/bytes=264/nulls=true,76,3.0,48205551.0,Flat
4,candidate,engine/rocksdb/group_extrema/group_extrema/restore_aligned/16384/domain=16384/bytes=264/nulls=true,77,3.0,51564025.0,Flat
4,candidate,engine/rocksdb/group_extrema/group_extrema/restore_aligned/16384/domain=16384/bytes=264/nulls=true,78,3.0,49075998.0,Flat
4,candidate,engine/rocksdb/group_extrema/group_extrema/restore_aligned/16384/domain=16384/bytes=264/nulls=true,79,3.0,49154211.0,Flat
4,candidate,engine/rocksdb/group_extrema/group_extrema/restore_aligned/16384/domain=16384/bytes=264/nulls=true,80,3.0,48645318.0,Flat
4,candidate,engine/rocksdb/group_extrema/group_extrema/restore_aligned/16384/domain=16384/bytes=264/nulls=true,81,3.0,49284297.0,Flat
4,candidate,engine/rocksdb/group_extrema/group_extrema/restore_aligned/16384/domain=16384/bytes=264/nulls=true,82,3.0,47653537.0,Flat
4,candidate,engine/rocksdb/group_extrema/group_extrema/restore_aligned/16384/domain=16384/bytes=264/nulls=true,83,3.0,48442525.0,Flat
4,candidate,engine/rocksdb/group_extrema/group_extrema/restore_aligned/16384/domain=16384/bytes=264/nulls=true,84,3.0,48339460.0,Flat
4,candidate,engine/rocksdb/group_extrema/group_extrema/restore_aligned/16384/domain=16384/bytes=264/nulls=true,85,3.0,45660096.0,Flat
4,candidate,engine/rocksdb/group_extrema/group_extrema/restore_aligned/16384/domain=16384/bytes=264/nulls=true,86,3.0,51406108.0,Flat
4,candidate,engine/rocksdb/group_extrema/group_extrema/restore_aligned/16384/domain=16384/bytes=264/nulls=true,87,3.0,47997791.0,Flat
4,candidate,engine/rocksdb/group_extrema/group_extrema/restore_aligned/16384/domain=16384/bytes=264/nulls=true,88,3.0,50783143.0,Flat
4,candidate,engine/rocksdb/group_extrema/group_extrema/restore_aligned/16384/domain=16384/bytes=264/nulls=true,89,3.0,45174580.0,Flat
4,candidate,engine/rocksdb/group_extrema/group_extrema/restore_aligned/16384/domain=16384/bytes=264/nulls=true,90,3.0,46826115.0,Flat
4,candidate,engine/rocksdb/group_extrema/group_extrema/restore_aligned/16384/domain=16384/bytes=264/nulls=true,91,3.0,49016344.0,Flat
4,candidate,engine/rocksdb/group_extrema/group_extrema/restore_aligned/16384/domain=16384/bytes=264/nulls=true,92,3.0,44446776.0,Flat
4,candidate,engine/rocksdb/group_extrema/group_extrema/restore_aligned/16384/domain=16384/bytes=264/nulls=true,93,3.0,51332845.0,Flat
4,candidate,engine/rocksdb/group_extrema/group_extrema/restore_aligned/16384/domain=16384/bytes=264/nulls=true,94,3.0,47425649.0,Flat
4,candidate,engine/rocksdb/group_extrema/group_extrema/restore_aligned/16384/domain=16384/bytes=264/nulls=true,95,3.0,46814604.0,Flat
4,candidate,engine/rocksdb/group_extrema/group_extrema/restore_aligned/16384/domain=16384/bytes=264/nulls=true,96,3.0,46741942.0,Flat
4,candidate,engine/rocksdb/group_extrema/group_extrema/restore_aligned/16384/domain=16384/bytes=264/nulls=true,97,3.0,48838588.0,Flat
4,candidate,engine/rocksdb/group_extrema/group_extrema/restore_aligned/16384/domain=16384/bytes=264/nulls=true,98,3.0,50218898.0,Flat
4,candidate,engine/rocksdb/group_extrema/group_extrema/restore_aligned/16384/domain=16384/bytes=264/nulls=true,99,3.0,45332803.0,Flat
4,candidate,engine/rocksdb/group_extrema/group_extrema/restore_rebuilt/16384/domain=16384/bytes=264/nulls=true,0,1.0,45811737.0,Flat
4,candidate,engine/rocksdb/group_extrema/group_extrema/restore_rebuilt/16384/domain=16384/bytes=264/nulls=true,1,1.0,44817810.0,Flat
4,candidate,engine/rocksdb/group_extrema/group_extrema/restore_rebuilt/16384/domain=16384/bytes=264/nulls=true,2,1.0,41640631.0,Flat
4,candidate,engine/rocksdb/group_extrema/group_extrema/restore_rebuilt/16384/domain=16384/bytes=264/nulls=true,3,1.0,45236511.0,Flat
4,candidate,engine/rocksdb/group_extrema/group_extrema/restore_rebuilt/16384/domain=16384/bytes=264/nulls=true,4,1.0,46304767.0,Flat
4,candidate,engine/rocksdb/group_extrema/group_extrema/restore_rebuilt/16384/domain=16384/bytes=264/nulls=true,5,1.0,46044744.0,Flat
4,candidate,engine/rocksdb/group_extrema/group_extrema/restore_rebuilt/16384/domain=16384/bytes=264/nulls=true,6,1.0,46586407.0,Flat
4,candidate,engine/rocksdb/group_extrema/group_extrema/restore_rebuilt/16384/domain=16384/bytes=264/nulls=true,7,1.0,46427421.0,Flat
4,candidate,engine/rocksdb/group_extrema/group_extrema/restore_rebuilt/16384/domain=16384/bytes=264/nulls=true,8,1.0,43040000.0,Flat
4,candidate,engine/rocksdb/group_extrema/group_extrema/restore_rebuilt/16384/domain=16384/bytes=264/nulls=true,9,1.0,43115659.0,Flat
4,candidate,engine/rocksdb/group_extrema/group_extrema/restore_rebuilt/16384/domain=16384/bytes=264/nulls=true,10,1.0,47966583.0,Flat
4,candidate,engine/rocksdb/group_extrema/group_extrema/restore_rebuilt/16384/domain=16384/bytes=264/nulls=true,11,1.0,46215109.0,Flat
4,candidate,engine/rocksdb/group_extrema/group_extrema/restore_rebuilt/16384/domain=16384/bytes=264/nulls=true,12,1.0,46341847.0,Flat
4,candidate,engine/rocksdb/group_extrema/group_extrema/restore_rebuilt/16384/domain=16384/bytes=264/nulls=true,13,1.0,44281438.0,Flat
4,candidate,engine/rocksdb/group_extrema/group_extrema/restore_rebuilt/16384/domain=16384/bytes=264/nulls=true,14,1.0,45963797.0,Flat
4,candidate,engine/rocksdb/group_extrema/group_extrema/restore_rebuilt/16384/domain=16384/bytes=264/nulls=true,15,1.0,48912566.0,Flat
4,candidate,engine/rocksdb/group_extrema/group_extrema/restore_rebuilt/16384/domain=16384/bytes=264/nulls=true,16,1.0,45940680.0,Flat
4,candidate,engine/rocksdb/group_extrema/group_extrema/restore_rebuilt/16384/domain=16384/bytes=264/nulls=true,17,1.0,47497256.0,Flat
4,candidate,engine/rocksdb/group_extrema/group_extrema/restore_rebuilt/16384/domain=16384/bytes=264/nulls=true,18,1.0,45470122.0,Flat
4,candidate,engine/rocksdb/group_extrema/group_extrema/restore_rebuilt/16384/domain=16384/bytes=264/nulls=true,19,1.0,45446958.0,Flat
4,candidate,engine/rocksdb/group_extrema/group_extrema/restore_rebuilt/16384/domain=16384/bytes=264/nulls=true,20,1.0,43806853.0,Flat
4,candidate,engine/rocksdb/group_extrema/group_extrema/restore_rebuilt/16384/domain=16384/bytes=264/nulls=true,21,1.0,47340698.0,Flat
4,candidate,engine/rocksdb/group_extrema/group_extrema/restore_rebuilt/16384/domain=16384/bytes=264/nulls=true,22,1.0,48122077.0,Flat
4,candidate,engine/rocksdb/group_extrema/group_extrema/restore_rebuilt/16384/domain=16384/bytes=264/nulls=true,23,1.0,46092623.0,Flat
4,candidate,engine/rocksdb/group_extrema/group_extrema/restore_rebuilt/16384/domain=16384/bytes=264/nulls=true,24,1.0,44053060.0,Flat
4,candidate,engine/rocksdb/group_extrema/group_extrema/restore_rebuilt/16384/domain=16384/bytes=264/nulls=true,25,1.0,46773266.0,Flat
4,candidate,engine/rocksdb/group_extrema/group_extrema/restore_rebuilt/16384/domain=16384/bytes=264/nulls=true,26,1.0,46018355.0,Flat
4,candidate,engine/rocksdb/group_extrema/group_extrema/restore_rebuilt/16384/domain=16384/bytes=264/nulls=true,27,1.0,50641666.0,Flat
4,candidate,engine/rocksdb/group_extrema/group_extrema/restore_rebuilt/16384/domain=16384/bytes=264/nulls=true,28,1.0,42538700.0,Flat
4,candidate,engine/rocksdb/group_extrema/group_extrema/restore_rebuilt/16384/domain=16384/bytes=264/nulls=true,29,1.0,45623614.0,Flat
4,candidate,engine/rocksdb/group_extrema/group_extrema/restore_rebuilt/16384/domain=16384/bytes=264/nulls=true,30,1.0,44520764.0,Flat
4,candidate,engine/rocksdb/group_extrema/group_extrema/restore_rebuilt/16384/domain=16384/bytes=264/nulls=true,31,1.0,46082077.0,Flat
4,candidate,engine/rocksdb/group_extrema/group_extrema/restore_rebuilt/16384/domain=16384/bytes=264/nulls=true,32,1.0,46699597.0,Flat
4,candidate,engine/rocksdb/group_extrema/group_extrema/restore_rebuilt/16384/domain=16384/bytes=264/nulls=true,33,1.0,44600742.0,Flat
4,candidate,engine/rocksdb/group_extrema/group_extrema/restore_rebuilt/16384/domain=16384/bytes=264/nulls=true,34,1.0,42637753.0,Flat
4,candidate,engine/rocksdb/group_extrema/group_extrema/restore_rebuilt/16384/domain=16384/bytes=264/nulls=true,35,1.0,48476609.0,Flat
4,candidate,engine/rocksdb/group_extrema/group_extrema/restore_rebuilt/16384/domain=16384/bytes=264/nulls=true,36,1.0,49415973.0,Flat
4,candidate,engine/rocksdb/group_extrema/group_extrema/restore_rebuilt/16384/domain=16384/bytes=264/nulls=true,37,1.0,46261796.0,Flat
4,candidate,engine/rocksdb/group_extrema/group_extrema/restore_rebuilt/16384/domain=16384/bytes=264/nulls=true,38,1.0,50983337.0,Flat
4,candidate,engine/rocksdb/group_extrema/group_extrema/restore_rebuilt/16384/domain=16384/bytes=264/nulls=true,39,1.0,46520619.0,Flat
4,candidate,engine/rocksdb/group_extrema/group_extrema/restore_rebuilt/16384/domain=16384/bytes=264/nulls=true,40,1.0,44518715.0,Flat
4,candidate,engine/rocksdb/group_extrema/group_extrema/restore_rebuilt/16384/domain=16384/bytes=264/nulls=true,41,1.0,44059357.0,Flat
4,candidate,engine/rocksdb/group_extrema/group_extrema/restore_rebuilt/16384/domain=16384/bytes=264/nulls=true,42,1.0,49088084.0,Flat
4,candidate,engine/rocksdb/group_extrema/group_extrema/restore_rebuilt/16384/domain=16384/bytes=264/nulls=true,43,1.0,46976465.0,Flat
4,candidate,engine/rocksdb/group_extrema/group_extrema/restore_rebuilt/16384/domain=16384/bytes=264/nulls=true,44,1.0,47602002.0,Flat
4,candidate,engine/rocksdb/group_extrema/group_extrema/restore_rebuilt/16384/domain=16384/bytes=264/nulls=true,45,1.0,45048784.0,Flat
4,candidate,engine/rocksdb/group_extrema/group_extrema/restore_rebuilt/16384/domain=16384/bytes=264/nulls=true,46,1.0,44763774.0,Flat
4,candidate,engine/rocksdb/group_extrema/group_extrema/restore_rebuilt/16384/domain=16384/bytes=264/nulls=true,47,1.0,46102123.0,Flat
4,candidate,engine/rocksdb/group_extrema/group_extrema/restore_rebuilt/16384/domain=16384/bytes=264/nulls=true,48,1.0,49207386.0,Flat
4,candidate,engine/rocksdb/group_extrema/group_extrema/restore_rebuilt/16384/domain=16384/bytes=264/nulls=true,49,1.0,47834905.0,Flat
4,candidate,engine/rocksdb/group_extrema/group_extrema/restore_rebuilt/16384/domain=16384/bytes=264/nulls=true,50,1.0,47397832.0,Flat
4,candidate,engine/rocksdb/group_extrema/group_extrema/restore_rebuilt/16384/domain=16384/bytes=264/nulls=true,51,1.0,42716875.0,Flat
4,candidate,engine/rocksdb/group_extrema/group_extrema/restore_rebuilt/16384/domain=16384/bytes=264/nulls=true,52,1.0,46056169.0,Flat
4,candidate,engine/rocksdb/group_extrema/group_extrema/restore_rebuilt/16384/domain=16384/bytes=264/nulls=true,53,1.0,41837150.0,Flat
4,candidate,engine/rocksdb/group_extrema/group_extrema/restore_rebuilt/16384/domain=16384/bytes=264/nulls=true,54,1.0,48301418.0,Flat
4,candidate,engine/rocksdb/group_extrema/group_extrema/restore_rebuilt/16384/domain=16384/bytes=264/nulls=true,55,1.0,43232168.0,Flat
4,candidate,engine/rocksdb/group_extrema/group_extrema/restore_rebuilt/16384/domain=16384/bytes=264/nulls=true,56,1.0,48942987.0,Flat
4,candidate,engine/rocksdb/group_extrema/group_extrema/restore_rebuilt/16384/domain=16384/bytes=264/nulls=true,57,1.0,43941141.0,Flat
4,candidate,engine/rocksdb/group_extrema/group_extrema/restore_rebuilt/16384/domain=16384/bytes=264/nulls=true,58,1.0,44324817.0,Flat
4,candidate,engine/rocksdb/group_extrema/group_extrema/restore_rebuilt/16384/domain=16384/bytes=264/nulls=true,59,1.0,44339611.0,Flat
4,candidate,engine/rocksdb/group_extrema/group_extrema/restore_rebuilt/16384/domain=16384/bytes=264/nulls=true,60,1.0,47137418.0,Flat
4,candidate,engine/rocksdb/group_extrema/group_extrema/restore_rebuilt/16384/domain=16384/bytes=264/nulls=true,61,1.0,44090758.0,Flat
4,candidate,engine/rocksdb/group_extrema/group_extrema/restore_rebuilt/16384/domain=16384/bytes=264/nulls=true,62,1.0,47562655.0,Flat
4,candidate,engine/rocksdb/group_extrema/group_extrema/restore_rebuilt/16384/domain=16384/bytes=264/nulls=true,63,1.0,45751520.0,Flat
4,candidate,engine/rocksdb/group_extrema/group_extrema/restore_rebuilt/16384/domain=16384/bytes=264/nulls=true,64,1.0,44146766.0,Flat
4,candidate,engine/rocksdb/group_extrema/group_extrema/restore_rebuilt/16384/domain=16384/bytes=264/nulls=true,65,1.0,46096817.0,Flat
4,candidate,engine/rocksdb/group_extrema/group_extrema/restore_rebuilt/16384/domain=16384/bytes=264/nulls=true,66,1.0,49835391.0,Flat
4,candidate,engine/rocksdb/group_extrema/group_extrema/restore_rebuilt/16384/domain=16384/bytes=264/nulls=true,67,1.0,49236325.0,Flat
4,candidate,engine/rocksdb/group_extrema/group_extrema/restore_rebuilt/16384/domain=16384/bytes=264/nulls=true,68,1.0,46346432.0,Flat
4,candidate,engine/rocksdb/group_extrema/group_extrema/restore_rebuilt/16384/domain=16384/bytes=264/nulls=true,69,1.0,43344696.0,Flat
4,candidate,engine/rocksdb/group_extrema/group_extrema/restore_rebuilt/16384/domain=16384/bytes=264/nulls=true,70,1.0,49256902.0,Flat
4,candidate,engine/rocksdb/group_extrema/group_extrema/restore_rebuilt/16384/domain=16384/bytes=264/nulls=true,71,1.0,44465134.0,Flat
4,candidate,engine/rocksdb/group_extrema/group_extrema/restore_rebuilt/16384/domain=16384/bytes=264/nulls=true,72,1.0,44536818.0,Flat
4,candidate,engine/rocksdb/group_extrema/group_extrema/restore_rebuilt/16384/domain=16384/bytes=264/nulls=true,73,1.0,44635575.0,Flat
4,candidate,engine/rocksdb/group_extrema/group_extrema/restore_rebuilt/16384/domain=16384/bytes=264/nulls=true,74,1.0,48276396.0,Flat
4,candidate,engine/rocksdb/group_extrema/group_extrema/restore_rebuilt/16384/domain=16384/bytes=264/nulls=true,75,1.0,46149241.0,Flat
4,candidate,engine/rocksdb/group_extrema/group_extrema/restore_rebuilt/16384/domain=16384/bytes=264/nulls=true,76,1.0,47774278.0,Flat
4,candidate,engine/rocksdb/group_extrema/group_extrema/restore_rebuilt/16384/domain=16384/bytes=264/nulls=true,77,1.0,46366003.0,Flat
4,candidate,engine/rocksdb/group_extrema/group_extrema/restore_rebuilt/16384/domain=16384/bytes=264/nulls=true,78,1.0,45745904.0,Flat
4,candidate,engine/rocksdb/group_extrema/group_extrema/restore_rebuilt/16384/domain=16384/bytes=264/nulls=true,79,1.0,45580757.0,Flat
4,candidate,engine/rocksdb/group_extrema/group_extrema/restore_rebuilt/16384/domain=16384/bytes=264/nulls=true,80,1.0,43557334.0,Flat
4,candidate,engine/rocksdb/group_extrema/group_extrema/restore_rebuilt/16384/domain=16384/bytes=264/nulls=true,81,1.0,46410852.0,Flat
4,candidate,engine/rocksdb/group_extrema/group_extrema/restore_rebuilt/16384/domain=16384/bytes=264/nulls=true,82,1.0,49627097.0,Flat
4,candidate,engine/rocksdb/group_extrema/group_extrema/restore_rebuilt/16384/domain=16384/bytes=264/nulls=true,83,1.0,45329278.0,Flat
4,candidate,engine/rocksdb/group_extrema/group_extrema/restore_rebuilt/16384/domain=16384/bytes=264/nulls=true,84,1.0,43254314.0,Flat
4,candidate,engine/rocksdb/group_extrema/group_extrema/restore_rebuilt/16384/domain=16384/bytes=264/nulls=true,85,1.0,42191142.0,Flat
4,candidate,engine/rocksdb/group_extrema/group_extrema/restore_rebuilt/16384/domain=16384/bytes=264/nulls=true,86,1.0,46184740.0,Flat
4,candidate,engine/rocksdb/group_extrema/group_extrema/restore_rebuilt/16384/domain=16384/bytes=264/nulls=true,87,1.0,42925793.0,Flat
4,candidate,engine/rocksdb/group_extrema/group_extrema/restore_rebuilt/16384/domain=16384/bytes=264/nulls=true,88,1.0,44565564.0,Flat
4,candidate,engine/rocksdb/group_extrema/group_extrema/restore_rebuilt/16384/domain=16384/bytes=264/nulls=true,89,1.0,46691710.0,Flat
4,candidate,engine/rocksdb/group_extrema/group_extrema/restore_rebuilt/16384/domain=16384/bytes=264/nulls=true,90,1.0,42880744.0,Flat
4,candidate,engine/rocksdb/group_extrema/group_extrema/restore_rebuilt/16384/domain=16384/bytes=264/nulls=true,91,1.0,45274110.0,Flat
4,candidate,engine/rocksdb/group_extrema/group_extrema/restore_rebuilt/16384/domain=16384/bytes=264/nulls=true,92,1.0,43826586.0,Flat
4,candidate,engine/rocksdb/group_extrema/group_extrema/restore_rebuilt/16384/domain=16384/bytes=264/nulls=true,93,1.0,49888763.0,Flat
4,candidate,engine/rocksdb/group_extrema/group_extrema/restore_rebuilt/16384/domain=16384/bytes=264/nulls=true,94,1.0,45497772.0,Flat
4,candidate,engine/rocksdb/group_extrema/group_extrema/restore_rebuilt/16384/domain=16384/bytes=264/nulls=true,95,1.0,45024122.0,Flat
4,candidate,engine/rocksdb/group_extrema/group_extrema/restore_rebuilt/16384/domain=16384/bytes=264/nulls=true,96,1.0,43100247.0,Flat
4,candidate,engine/rocksdb/group_extrema/group_extrema/restore_rebuilt/16384/domain=16384/bytes=264/nulls=true,97,1.0,48990021.0,Flat
4,candidate,engine/rocksdb/group_extrema/group_extrema/restore_rebuilt/16384/domain=16384/bytes=264/nulls=true,98,1.0,41686186.0,Flat
4,candidate,engine/rocksdb/group_extrema/group_extrema/restore_rebuilt/16384/domain=16384/bytes=264/nulls=true,99,1.0,44215346.0,Flat
