round,variant,case,sample,iterations,elapsed_ns,sampling_mode
1,candidate,engine/rocksdb/group_extrema/group_extrema/restore_aligned/16384/domain=16384/bytes=264/nulls=true,0,3.0,49689379.0,Flat
1,candidate,engine/rocksdb/group_extrema/group_extrema/restore_aligned/16384/domain=16384/bytes=264/nulls=true,1,3.0,49707471.0,Flat
1,candidate,engine/rocksdb/group_extrema/group_extrema/restore_aligned/16384/domain=16384/bytes=264/nulls=true,2,3.0,47167214.0,Flat
1,candidate,engine/rocksdb/group_extrema/group_extrema/restore_aligned/16384/domain=16384/bytes=264/nulls=true,3,3.0,50080507.0,Flat
1,candidate,engine/rocksdb/group_extrema/group_extrema/restore_aligned/16384/domain=16384/bytes=264/nulls=true,4,3.0,49124040.0,Flat
1,candidate,engine/rocksdb/group_extrema/group_extrema/restore_aligned/16384/domain=16384/bytes=264/nulls=true,5,3.0,49284941.0,Flat
1,candidate,engine/rocksdb/group_extrema/group_extrema/restore_aligned/16384/domain=16384/bytes=264/nulls=true,6,3.0,48189299.0,Flat
1,candidate,engine/rocksdb/group_extrema/group_extrema/restore_aligned/16384/domain=16384/bytes=264/nulls=true,7,3.0,47887712.0,Flat
1,candidate,engine/rocksdb/group_extrema/group_extrema/restore_aligned/16384/domain=16384/bytes=264/nulls=true,8,3.0,49093038.0,Flat
1,candidate,engine/rocksdb/group_extrema/group_extrema/restore_aligned/16384/domain=16384/bytes=264/nulls=true,9,3.0,48085456.0,Flat
1,candidate,engine/rocksdb/group_extrema/group_extrema/restore_aligned/16384/domain=16384/bytes=264/nulls=true,10,3.0,46245788.0,Flat
1,candidate,engine/rocksdb/group_extrema/group_extrema/restore_aligned/16384/domain=16384/bytes=264/nulls=true,11,3.0,50561951.0,Flat
1,candidate,engine/rocksdb/group_extrema/group_extrema/restore_aligned/16384/domain=16384/bytes=264/nulls=true,12,3.0,47480524.0,Flat
1,candidate,engine/rocksdb/group_extrema/group_extrema/restore_aligned/16384/domain=16384/bytes=264/nulls=true,13,3.0,48335527.0,Flat
1,candidate,engine/rocksdb/group_extrema/group_extrema/restore_aligned/16384/domain=16384/bytes=264/nulls=true,14,3.0,51236397.0,Flat
1,candidate,engine/rocksdb/group_extrema/group_extrema/restore_aligned/16384/domain=16384/bytes=264/nulls=true,15,3.0,48963286.0,Flat
1,candidate,engine/rocksdb/group_extrema/group_extrema/restore_aligned/16384/domain=16384/bytes=264/nulls=true,16,3.0,49828684.0,Flat
1,candidate,engine/rocksdb/group_extrema/group_extrema/restore_aligned/16384/domain=16384/bytes=264/nulls=true,17,3.0,45569254.0,Flat
1,candidate,engine/rocksdb/group_extrema/group_extrema/restore_aligned/16384/domain=16384/bytes=264/nulls=true,18,3.0,48188716.0,Flat
1,candidate,engine/rocksdb/group_extrema/group_extrema/restore_aligned/16384/domain=16384/bytes=264/nulls=true,19,3.0,47416233.0,Flat
1,candidate,engine/rocksdb/group_extrema/group_extrema/restore_aligned/16384/domain=16384/bytes=264/nulls=true,20,3.0,44954376.0,Flat
1,candidate,engine/rocksdb/group_extrema/group_extrema/restore_aligned/16384/domain=16384/bytes=264/nulls=true,21,3.0,50764747.0,Flat
1,candidate,engine/rocksdb/group_extrema/group_extrema/restore_aligned/16384/domain=16384/bytes=264/nulls=true,22,3.0,48427785.0,Flat
1,candidate,engine/rocksdb/group_extrema/group_extrema/restore_aligned/16384/domain=16384/bytes=264/nulls=true,23,3.0,44277987.0,Flat
1,candidate,engine/rocksdb/group_extrema/group_extrema/restore_aligned/16384/domain=16384/bytes=264/nulls=true,24,3.0,47283225.0,Flat
1,candidate,engine/rocksdb/group_extrema/group_extrema/restore_aligned/16384/domain=16384/bytes=264/nulls=true,25,3.0,45659073.0,Flat
1,candidate,engine/rocksdb/group_extrema/group_extrema/restore_aligned/16384/domain=16384/bytes=264/nulls=true,26,3.0,46381201.0,Flat
1,candidate,engine/rocksdb/group_extrema/group_extrema/restore_aligned/16384/domain=16384/bytes=264/nulls=true,27,3.0,49192815.0,Flat
1,candidate,engine/rocksdb/group_extrema/group_extrema/restore_aligned/16384/domain=16384/bytes=264/nulls=true,28,3.0,51251697.0,Flat
1,candidate,engine/rocksdb/group_extrema/group_extrema/restore_aligned/16384/domain=16384/bytes=264/nulls=true,29,3.0,49814262.0,Flat
1,candidate,engine/rocksdb/group_extrema/group_extrema/restore_aligned/16384/domain=16384/bytes=264/nulls=true,30,3.0,48218698.0,Flat
1,candidate,engine/rocksdb/group_extrema/group_extrema/restore_aligned/16384/domain=16384/bytes=264/nulls=true,31,3.0,49706795.0,Flat
1,candidate,engine/rocksdb/group_extrema/group_extrema/restore_aligned/16384/domain=16384/bytes=264/nulls=true,32,3.0,48199572.0,Flat
1,candidate,engine/rocksdb/group_extrema/group_extrema/restore_aligned/16384/domain=16384/bytes=264/nulls=true,33,3.0,50575840.0,Flat
1,candidate,engine/rocksdb/group_extrema/group_extrema/restore_aligned/16384/domain=16384/bytes=264/nulls=true,34,3.0,46141611.0,Flat
1,candidate,engine/rocksdb/group_extrema/group_extrema/restore_aligned/16384/domain=16384/bytes=264/nulls=true,35,3.0,49526609.0,Flat
1,candidate,engine/rocksdb/group_extrema/group_extrema/restore_aligned/16384/domain=16384/bytes=264/nulls=true,36,3.0,47839686.0,Flat
1,candidate,engine/rocksdb/group_extrema/group_extrema/restore_aligned/16384/domain=16384/bytes=264/nulls=true,37,3.0,45355010.0,Flat
1,candidate,engine/rocksdb/group_extrema/group_extrema/restore_aligned/16384/domain=16384/bytes=264/nulls=true,38,3.0,51361149.0,Flat
1,candidate,engine/rocksdb/group_extrema/group_extrema/restore_aligned/16384/domain=16384/bytes=264/nulls=true,39,3.0,47160071.0,Flat
1,candidate,engine/rocksdb/group_extrema/group_extrema/restore_aligned/16384/domain=16384/bytes=264/nulls=true,40,3.0,47039212.0,Flat
1,candidate,engine/rocksdb/group_extrema/group_extrema/restore_aligned/16384/domain=16384/bytes=264/nulls=true,41,3.0,45891179.0,Flat
1,candidate,engine/rocksdb/group_extrema/group_extrema/restore_aligned/16384/domain=16384/bytes=264/nulls=true,42,3.0,50942105.0,Flat
1,candidate,engine/rocksdb/group_extrema/group_extrema/restore_aligned/16384/domain=16384/bytes=264/nulls=true,43,3.0,47638980.0,Flat
1,candidate,engine/rocksdb/group_extrema/group_extrema/restore_aligned/16384/domain=16384/bytes=264/nulls=true,44,3.0,50886461.0,Flat
1,candidate,engine/rocksdb/group_extrema/group_extrema/restore_aligned/16384/domain=16384/bytes=264/nulls=true,45,3.0,49322091.0,Flat
1,candidate,engine/rocksdb/group_extrema/group_extrema/restore_aligned/16384/domain=16384/bytes=264/nulls=true,46,3.0,49001625.0,Flat
1,candidate,engine/rocksdb/group_extrema/group_extrema/restore_aligned/16384/domain=16384/bytes=264/nulls=true,47,3.0,50025004.0,Flat
1,candidate,engine/rocksdb/group_extrema/group_extrema/restore_aligned/16384/domain=16384/bytes=264/nulls=true,48,3.0,46392003.0,Flat
1,candidate,engine/rocksdb/group_extrema/group_extrema/restore_aligned/16384/domain=16384/bytes=264/nulls=true,49,3.0,49279251.0,Flat
1,candidate,engine/rocksdb/group_extrema/group_extrema/restore_aligned/16384/domain=16384/bytes=264/nulls=true,50,3.0,48467346.0,Flat
1,candidate,engine/rocksdb/group_extrema/group_extrema/restore_aligned/16384/domain=16384/bytes=264/nulls=true,51,3.0,47015393.0,Flat
1,candidate,engine/rocksdb/group_extrema/group_extrema/restore_aligned/16384/domain=16384/bytes=264/nulls=true,52,3.0,50122514.0,Flat
1,candidate,engine/rocksdb/group_extrema/group_extrema/restore_aligned/16384/domain=16384/bytes=264/nulls=true,53,3.0,52109875.0,Flat
1,candidate,engine/rocksdb/group_extrema/group_extrema/restore_aligned/16384/domain=16384/bytes=264/nulls=true,54,3.0,50251973.0,Flat
1,candidate,engine/rocksdb/group_extrema/group_extrema/restore_aligned/16384/domain=16384/bytes=264/nulls=true,55,3.0,47945893.0,Flat
1,candidate,engine/rocksdb/group_extrema/group_extrema/restore_aligned/16384/domain=16384/bytes=264/nulls=true,56,3.0,47569550.0,Flat
1,candidate,engine/rocksdb/group_extrema/group_extrema/restore_aligned/16384/domain=16384/bytes=264/nulls=true,57,3.0,46599444.0,Flat
1,candidate,engine/rocksdb/group_extrema/group_extrema/restore_aligned/16384/domain=16384/bytes=264/nulls=true,58,3.0,45940486.0,Flat
1,candidate,engine/rocksdb/group_extrema/group_extrema/restore_aligned/16384/domain=16384/bytes=264/nulls=true,59,3.0,45956966.0,Flat
1,candidate,engine/rocksdb/group_extrema/group_extrema/restore_aligned/16384/domain=16384/bytes=264/nulls=true,60,3.0,46757522.0,Flat
1,candidate,engine/rocksdb/group_extrema/group_extrema/restore_aligned/16384/domain=16384/bytes=264/nulls=true,61,3.0,50049486.0,Flat
1,candidate,engine/rocksdb/group_extrema/group_extrema/restore_aligned/16384/domain=16384/bytes=264/nulls=true,62,3.0,47717262.0,Flat
1,candidate,engine/rocksdb/group_extrema/group_extrema/restore_aligned/16384/domain=16384/bytes=264/nulls=true,63,3.0,52069453.0,Flat
1,candidate,engine/rocksdb/group_extrema/group_extrema/restore_aligned/16384/domain=16384/bytes=264/nulls=true,64,3.0,48259318.0,Flat
1,candidate,engine/rocksdb/group_extrema/group_extrema/restore_aligned/16384/domain=16384/bytes=264/nulls=true,65,3.0,46427583.0,Flat
1,candidate,engine/rocksdb/group_extrema/group_extrema/restore_aligned/16384/domain=16384/bytes=264/nulls=true,66,3.0,50581865.0,Flat
1,candidate,engine/rocksdb/group_extrema/group_extrema/restore_aligned/16384/domain=16384/bytes=264/nulls=true,67,3.0,49932500.0,Flat
1,candidate,engine/rocksdb/group_extrema/group_extrema/restore_aligned/16384/domain=16384/bytes=264/nulls=true,68,3.0,47903951.0,Flat
1,candidate,engine/rocksdb/group_extrema/group_extrema/restore_aligned/16384/domain=16384/bytes=264/nulls=true,69,3.0,45987714.0,Flat
1,candidate,engine/rocksdb/group_extrema/group_extrema/restore_aligned/16384/domain=16384/bytes=264/nulls=true,70,3.0,49108441.0,Flat
1,candidate,engine/rocksdb/group_extrema/group_extrema/restore_aligned/16384/domain=16384/bytes=264/nulls=true,71,3.0,49772419.0,Flat
1,candidate,engine/rocksdb/group_extrema/group_extrema/restore_aligned/16384/domain=16384/bytes=264/nulls=true,72,3.0,50190558.0,Flat
1,candidate,engine/rocksdb/group_extrema/group_extrema/restore_aligned/16384/domain=16384/bytes=264/nulls=true,73,3.0,49139801.0,Flat
1,candidate,engine/rocksdb/group_extrema/group_extrema/restore_aligned/16384/domain=16384/bytes=264/nulls=true,74,3.0,51012828.0,Flat
1,candidate,engine/rocksdb/group_extrema/group_extrema/restore_aligned/16384/domain=16384/bytes=264/nulls=true,75,3.0,51028917.0,Flat
1,candidate,engine/rocksdb/group_extrema/group_extrema/restore_aligned/16384/domain=16384/bytes=264/nulls=true,76,3.0,50680313.0,Flat
1,candidate,engine/rocksdb/group_extrema/group_extrema/restore_aligned/16384/domain=16384/bytes=264/nulls=true,77,3.0,46987987.0,Flat
1,candidate,engine/rocksdb/group_extrema/group_extrema/restore_aligned/16384/domain=16384/bytes=264/nulls=true,78,3.0,49297858.0,Flat
1,candidate,engine/rocksdb/group_extrema/group_extrema/restore_aligned/16384/domain=16384/bytes=264/nulls=true,79,3.0,52867272.0,Flat
1,candidate,engine/rocksdb/group_extrema/group_extrema/restore_aligned/16384/domain=16384/bytes=264/nulls=true,80,3.0,49955577.0,Flat
1,candidate,engine/rocksdb/group_extrema/group_extrema/restore_aligned/16384/domain=16384/bytes=264/nulls=true,81,3.0,55489134.0,Flat
1,candidate,engine/rocksdb/group_extrema/group_extrema/restore_aligned/16384/domain=16384/bytes=264/nulls=true,82,3.0,50310938.0,Flat
1,candidate,engine/rocksdb/group_extrema/group_extrema/restore_aligned/16384/domain=16384/bytes=264/nulls=true,83,3.0,47148123.0,Flat
1,candidate,engine/rocksdb/group_extrema/group_extrema/restore_aligned/16384/domain=16384/bytes=264/nulls=true,84,3.0,47839755.0,Flat
1,candidate,engine/rocksdb/group_extrema/group_extrema/restore_aligned/16384/domain=16384/bytes=264/nulls=true,85,3.0,51417817.0,Flat
1,candidate,engine/rocksdb/group_extrema/group_extrema/restore_aligned/16384/domain=16384/bytes=264/nulls=true,86,3.0,49583958.0,Flat
1,candidate,engine/rocksdb/group_extrema/group_extrema/restore_aligned/16384/domain=16384/bytes=264/nulls=true,87,3.0,50859209.0,Flat
1,candidate,engine/rocksdb/group_extrema/group_extrema/restore_aligned/16384/domain=16384/bytes=264/nulls=true,88,3.0,49665313.0,Flat
1,candidate,engine/rocksdb/group_extrema/group_extrema/restore_aligned/16384/domain=16384/bytes=264/nulls=true,89,3.0,49767667.0,Flat
1,candidate,engine/rocksdb/group_extrema/group_extrema/restore_aligned/16384/domain=16384/bytes=264/nulls=true,90,3.0,49143061.0,Flat
1,candidate,engine/rocksdb/group_extrema/group_extrema/restore_aligned/16384/domain=16384/bytes=264/nulls=true,91,3.0,48042277.0,Flat
1,candidate,engine/rocksdb/group_extrema/group_extrema/restore_aligned/16384/domain=16384/bytes=264/nulls=true,92,3.0,51079522.0,Flat
1,candidate,engine/rocksdb/group_extrema/group_extrema/restore_aligned/16384/domain=16384/bytes=264/nulls=true,93,3.0,48192161.0,Flat
1,candidate,engine/rocksdb/group_extrema/group_extrema/restore_aligned/16384/domain=16384/bytes=264/nulls=true,94,3.0,51012830.0,Flat
1,candidate,engine/rocksdb/group_extrema/group_extrema/restore_aligned/16384/domain=16384/bytes=264/nulls=true,95,3.0,50431648.0,Flat
1,candidate,engine/rocksdb/group_extrema/group_extrema/restore_aligned/16384/domain=16384/bytes=264/nulls=true,96,3.0,49460803.0,Flat
1,candidate,engine/rocksdb/group_extrema/group_extrema/restore_aligned/16384/domain=16384/bytes=264/nulls=true,97,3.0,46678964.0,Flat
1,candidate,engine/rocksdb/group_extrema/group_extrema/restore_aligned/16384/domain=16384/bytes=264/nulls=true,98,3.0,48016978.0,Flat
1,candidate,engine/rocksdb/group_extrema/group_extrema/restore_aligned/16384/domain=16384/bytes=264/nulls=true,99,3.0,48703824.0,Flat
1,candidate,engine/rocksdb/group_extrema/group_extrema/restore_rebuilt/16384/domain=16384/bytes=264/nulls=true,0,1.0,47809368.0,Flat
1,candidate,engine/rocksdb/group_extrema/group_extrema/restore_rebuilt/16384/domain=16384/bytes=264/nulls=true,1,1.0,46200116.0,Flat
1,candidate,engine/rocksdb/group_extrema/group_extrema/restore_rebuilt/16384/domain=16384/bytes=264/nulls=true,2,1.0,41004137.0,Flat
1,candidate,engine/rocksdb/group_extrema/group_extrema/restore_rebuilt/16384/domain=16384/bytes=264/nulls=true,3,1.0,45415332.0,Flat
1,candidate,engine/rocksdb/group_extrema/group_extrema/restore_rebuilt/16384/domain=16384/bytes=264/nulls=true,4,1.0,44023930.0,Flat
1,candidate,engine/rocksdb/group_extrema/group_extrema/restore_rebuilt/16384/domain=16384/bytes=264/nulls=true,5,1.0,45462485.0,Flat
1,candidate,engine/rocksdb/group_extrema/group_extrema/restore_rebuilt/16384/domain=16384/bytes=264/nulls=true,6,1.0,46754857.0,Flat
1,candidate,engine/rocksdb/group_extrema/group_extrema/restore_rebuilt/16384/domain=16384/bytes=264/nulls=true,7,1.0,51234896.0,Flat
1,candidate,engine/rocksdb/group_extrema/group_extrema/restore_rebuilt/16384/domain=16384/bytes=264/nulls=true,8,1.0,47033003.0,Flat
1,candidate,engine/rocksdb/group_extrema/group_extrema/restore_rebuilt/16384/domain=16384/bytes=264/nulls=true,9,1.0,46174947.0,Flat
1,candidate,engine/rocksdb/group_extrema/group_extrema/restore_rebuilt/16384/domain=16384/bytes=264/nulls=true,10,1.0,43450574.0,Flat
1,candidate,engine/rocksdb/group_extrema/group_extrema/restore_rebuilt/16384/domain=16384/bytes=264/nulls=true,11,1.0,44965180.0,Flat
1,candidate,engine/rocksdb/group_extrema/group_extrema/restore_rebuilt/16384/domain=16384/bytes=264/nulls=true,12,1.0,44215045.0,Flat
1,candidate,engine/rocksdb/group_extrema/group_extrema/restore_rebuilt/16384/domain=16384/bytes=264/nulls=true,13,1.0,48034020.0,Flat
1,candidate,engine/rocksdb/group_extrema/group_extrema/restore_rebuilt/16384/domain=16384/bytes=264/nulls=true,14,1.0,50502276.0,Flat
1,candidate,engine/rocksdb/group_extrema/group_extrema/restore_rebuilt/16384/domain=16384/bytes=264/nulls=true,15,1.0,45180467.0,Flat
1,candidate,engine/rocksdb/group_extrema/group_extrema/restore_rebuilt/16384/domain=16384/bytes=264/nulls=true,16,1.0,44416735.0,Flat
1,candidate,engine/rocksdb/group_extrema/group_extrema/restore_rebuilt/16384/domain=16384/bytes=264/nulls=true,17,1.0,44941375.0,Flat
1,candidate,engine/rocksdb/group_extrema/group_extrema/restore_rebuilt/16384/domain=16384/bytes=264/nulls=true,18,1.0,46820090.0,Flat
1,candidate,engine/rocksdb/group_extrema/group_extrema/restore_rebuilt/16384/domain=16384/bytes=264/nulls=true,19,1.0,45360932.0,Flat
1,candidate,engine/rocksdb/group_extrema/group_extrema/restore_rebuilt/16384/domain=16384/bytes=264/nulls=true,20,1.0,45211366.0,Flat
1,candidate,engine/rocksdb/group_extrema/group_extrema/restore_rebuilt/16384/domain=16384/bytes=264/nulls=true,21,1.0,44746415.0,Flat
1,candidate,engine/rocksdb/group_extrema/group_extrema/restore_rebuilt/16384/domain=16384/bytes=264/nulls=true,22,1.0,46058376.0,Flat
1,candidate,engine/rocksdb/group_extrema/group_extrema/restore_rebuilt/16384/domain=16384/bytes=264/nulls=true,23,1.0,51506240.0,Flat
1,candidate,engine/rocksdb/group_extrema/group_extrema/restore_rebuilt/16384/domain=16384/bytes=264/nulls=true,24,1.0,46306518.0,Flat
1,candidate,engine/rocksdb/group_extrema/group_extrema/restore_rebuilt/16384/domain=16384/bytes=264/nulls=true,25,1.0,53364774.0,Flat
1,candidate,engine/rocksdb/group_extrema/group_extrema/restore_rebuilt/16384/domain=16384/bytes=264/nulls=true,26,1.0,46443047.0,Flat
1,candidate,engine/rocksdb/group_extrema/group_extrema/restore_rebuilt/16384/domain=16384/bytes=264/nulls=true,27,1.0,45814434.0,Flat
1,candidate,engine/rocksdb/group_extrema/group_extrema/restore_rebuilt/16384/domain=16384/bytes=264/nulls=true,28,1.0,47634409.0,Flat
1,candidate,engine/rocksdb/group_extrema/group_extrema/restore_rebuilt/16384/domain=16384/bytes=264/nulls=true,29,1.0,49562081.0,Flat
1,candidate,engine/rocksdb/group_extrema/group_extrema/restore_rebuilt/16384/domain=16384/bytes=264/nulls=true,30,1.0,50781404.0,Flat
1,candidate,engine/rocksdb/group_extrema/group_extrema/restore_rebuilt/16384/domain=16384/bytes=264/nulls=true,31,1.0,46183050.0,Flat
1,candidate,engine/rocksdb/group_extrema/group_extrema/restore_rebuilt/16384/domain=16384/bytes=264/nulls=true,32,1.0,47174133.0,Flat
1,candidate,engine/rocksdb/group_extrema/group_extrema/restore_rebuilt/16384/domain=16384/bytes=264/nulls=true,33,1.0,47476165.0,Flat
1,candidate,engine/rocksdb/group_extrema/group_extrema/restore_rebuilt/16384/domain=16384/bytes=264/nulls=true,34,1.0,51410728.0,Flat
1,candidate,engine/rocksdb/group_extrema/group_extrema/restore_rebuilt/16384/domain=16384/bytes=264/nulls=true,35,1.0,44524027.0,Flat
1,candidate,engine/rocksdb/group_extrema/group_extrema/restore_rebuilt/16384/domain=16384/bytes=264/nulls=true,36,1.0,46335341.0,Flat
1,candidate,engine/rocksdb/group_extrema/group_extrema/restore_rebuilt/16384/domain=16384/bytes=264/nulls=true,37,1.0,47429973.0,Flat
1,candidate,engine/rocksdb/group_extrema/group_extrema/restore_rebuilt/16384/domain=16384/bytes=264/nulls=true,38,1.0,46677019.0,Flat
1,candidate,engine/rocksdb/group_extrema/group_extrema/restore_rebuilt/16384/domain=16384/bytes=264/nulls=true,39,1.0,45740594.0,Flat
1,candidate,engine/rocksdb/group_extrema/group_extrema/restore_rebuilt/16384/domain=16384/bytes=264/nulls=true,40,1.0,47185314.0,Flat
1,candidate,engine/rocksdb/group_extrema/group_extrema/restore_rebuilt/16384/domain=16384/bytes=264/nulls=true,41,1.0,51407734.0,Flat
1,candidate,engine/rocksdb/group_extrema/group_extrema/restore_rebuilt/16384/domain=16384/bytes=264/nulls=true,42,1.0,46154567.0,Flat
1,candidate,engine/rocksdb/group_extrema/group_extrema/restore_rebuilt/16384/domain=16384/bytes=264/nulls=true,43,1.0,49286636.0,Flat
1,candidate,engine/rocksdb/group_extrema/group_extrema/restore_rebuilt/16384/domain=16384/bytes=264/nulls=true,44,1.0,46118745.0,Flat
1,candidate,engine/rocksdb/group_extrema/group_extrema/restore_rebuilt/16384/domain=16384/bytes=264/nulls=true,45,1.0,48372267.0,Flat
1,candidate,engine/rocksdb/group_extrema/group_extrema/restore_rebuilt/16384/domain=16384/bytes=264/nulls=true,46,1.0,48207345.0,Flat
1,candidate,engine/rocksdb/group_extrema/group_extrema/restore_rebuilt/16384/domain=16384/bytes=264/nulls=true,47,1.0,47042048.0,Flat
1,candidate,engine/rocksdb/group_extrema/group_extrema/restore_rebuilt/16384/domain=16384/bytes=264/nulls=true,48,1.0,44290730.0,Flat
1,candidate,engine/rocksdb/group_extrema/group_extrema/restore_rebuilt/16384/domain=16384/bytes=264/nulls=true,49,1.0,47682551.0,Flat
1,candidate,engine/rocksdb/group_extrema/group_extrema/restore_rebuilt/16384/domain=16384/bytes=264/nulls=true,50,1.0,43049478.0,Flat
1,candidate,engine/rocksdb/group_extrema/group_extrema/restore_rebuilt/16384/domain=16384/bytes=264/nulls=true,51,1.0,47950965.0,Flat
1,candidate,engine/rocksdb/group_extrema/group_extrema/restore_rebuilt/16384/domain=16384/bytes=264/nulls=true,52,1.0,45551980.0,Flat
1,candidate,engine/rocksdb/group_extrema/group_extrema/restore_rebuilt/16384/domain=16384/bytes=264/nulls=true,53,1.0,43857064.0,Flat
1,candidate,engine/rocksdb/group_extrema/group_extrema/restore_rebuilt/16384/domain=16384/bytes=264/nulls=true,54,1.0,42479064.0,Flat
1,candidate,engine/rocksdb/group_extrema/group_extrema/restore_rebuilt/16384/domain=16384/bytes=264/nulls=true,55,1.0,44327132.0,Flat
1,candidate,engine/rocksdb/group_extrema/group_extrema/restore_rebuilt/16384/domain=16384/bytes=264/nulls=true,56,1.0,47089799.0,Flat
1,candidate,engine/rocksdb/group_extrema/group_extrema/restore_rebuilt/16384/domain=16384/bytes=264/nulls=true,57,1.0,46405875.0,Flat
1,candidate,engine/rocksdb/group_extrema/group_extrema/restore_rebuilt/16384/domain=16384/bytes=264/nulls=true,58,1.0,43263626.0,Flat
1,candidate,engine/rocksdb/group_extrema/group_extrema/restore_rebuilt/16384/domain=16384/bytes=264/nulls=true,59,1.0,45592478.0,Flat
1,candidate,engine/rocksdb/group_extrema/group_extrema/restore_rebuilt/16384/domain=16384/bytes=264/nulls=true,60,1.0,42284841.0,Flat
1,candidate,engine/rocksdb/group_extrema/group_extrema/restore_rebuilt/16384/domain=16384/bytes=264/nulls=true,61,1.0,47691370.0,Flat
1,candidate,engine/rocksdb/group_extrema/group_extrema/restore_rebuilt/16384/domain=16384/bytes=264/nulls=true,62,1.0,45568343.0,Flat
1,candidate,engine/rocksdb/group_extrema/group_extrema/restore_rebuilt/16384/domain=16384/bytes=264/nulls=true,63,1.0,45539671.0,Flat
1,candidate,engine/rocksdb/group_extrema/group_extrema/restore_rebuilt/16384/domain=16384/bytes=264/nulls=true,64,1.0,45020203.0,Flat
1,candidate,engine/rocksdb/group_extrema/group_extrema/restore_rebuilt/16384/domain=16384/bytes=264/nulls=true,65,1.0,45698960.0,Flat
1,candidate,engine/rocksdb/group_extrema/group_extrema/restore_rebuilt/16384/domain=16384/bytes=264/nulls=true,66,1.0,45253895.0,Flat
1,candidate,engine/rocksdb/group_extrema/group_extrema/restore_rebuilt/16384/domain=16384/bytes=264/nulls=true,67,1.0,46331729.0,Flat
1,candidate,engine/rocksdb/group_extrema/group_extrema/restore_rebuilt/16384/domain=16384/bytes=264/nulls=true,68,1.0,43557424.0,Flat
1,candidate,engine/rocksdb/group_extrema/group_extrema/restore_rebuilt/16384/domain=16384/bytes=264/nulls=true,69,1.0,45224080.0,Flat
1,candidate,engine/rocksdb/group_extrema/group_extrema/restore_rebuilt/16384/domain=16384/bytes=264/nulls=true,70,1.0,46174937.0,Flat
1,candidate,engine/rocksdb/group_extrema/group_extrema/restore_rebuilt/16384/domain=16384/bytes=264/nulls=true,71,1.0,45724785.0,Flat
1,candidate,engine/rocksdb/group_extrema/group_extrema/restore_rebuilt/16384/domain=16384/bytes=264/nulls=true,72,1.0,46609213.0,Flat
1,candidate,engine/rocksdb/group_extrema/group_extrema/restore_rebuilt/16384/domain=16384/bytes=264/nulls=true,73,1.0,48197009.0,Flat
1,candidate,engine/rocksdb/group_extrema/group_extrema/restore_rebuilt/16384/domain=16384/bytes=264/nulls=true,74,1.0,46759339.0,Flat
1,candidate,engine/rocksdb/group_extrema/group_extrema/restore_rebuilt/16384/domain=16384/bytes=264/nulls=true,75,1.0,47881784.0,Flat
1,candidate,engine/rocksdb/group_extrema/group_extrema/restore_rebuilt/16384/domain=16384/bytes=264/nulls=true,76,1.0,46327568.0,Flat
1,candidate,engine/rocksdb/group_extrema/group_extrema/restore_rebuilt/16384/domain=16384/bytes=264/nulls=true,77,1.0,45140061.0,Flat
1,candidate,engine/rocksdb/group_extrema/group_extrema/restore_rebuilt/16384/domain=16384/bytes=264/nulls=true,78,1.0,46206738.0,Flat
1,candidate,engine/rocksdb/group_extrema/group_extrema/restore_rebuilt/16384/domain=16384/bytes=264/nulls=true,79,1.0,47408268.0,Flat
1,candidate,engine/rocksdb/group_extrema/group_extrema/restore_rebuilt/16384/domain=16384/bytes=264/nulls=true,80,1.0,47226912.0,Flat
1,candidate,engine/rocksdb/group_extrema/group_extrema/restore_rebuilt/16384/domain=16384/bytes=264/nulls=true,81,1.0,43552110.0,Flat
1,candidate,engine/rocksdb/group_extrema/group_extrema/restore_rebuilt/16384/domain=16384/bytes=264/nulls=true,82,1.0,45143567.0,Flat
1,candidate,engine/rocksdb/group_extrema/group_extrema/restore_rebuilt/16384/domain=16384/bytes=264/nulls=true,83,1.0,45185339.0,Flat
1,candidate,engine/rocksdb/group_extrema/group_extrema/restore_rebuilt/16384/domain=16384/bytes=264/nulls=true,84,1.0,45957456.0,Flat
1,candidate,engine/rocksdb/group_extrema/group_extrema/restore_rebuilt/16384/domain=16384/bytes=264/nulls=true,85,1.0,43387986.0,Flat
1,candidate,engine/rocksdb/group_extrema/group_extrema/restore_rebuilt/16384/domain=16384/bytes=264/nulls=true,86,1.0,44335729.0,Flat
1,candidate,engine/rocksdb/group_extrema/group_extrema/restore_rebuilt/16384/domain=16384/bytes=264/nulls=true,87,1.0,45025554.0,Flat
1,candidate,engine/rocksdb/group_extrema/group_extrema/restore_rebuilt/16384/domain=16384/bytes=264/nulls=true,88,1.0,45509856.0,Flat
1,candidate,engine/rocksdb/group_extrema/group_extrema/restore_rebuilt/16384/domain=16384/bytes=264/nulls=true,89,1.0,47132295.0,Flat
1,candidate,engine/rocksdb/group_extrema/group_extrema/restore_rebuilt/16384/domain=16384/bytes=264/nulls=true,90,1.0,45615810.0,Flat
1,candidate,engine/rocksdb/group_extrema/group_extrema/restore_rebuilt/16384/domain=16384/bytes=264/nulls=true,91,1.0,44431462.0,Flat
1,candidate,engine/rocksdb/group_extrema/group_extrema/restore_rebuilt/16384/domain=16384/bytes=264/nulls=true,92,1.0,45044413.0,Flat
1,candidate,engine/rocksdb/group_extrema/group_extrema/restore_rebuilt/16384/domain=16384/bytes=264/nulls=true,93,1.0,45214799.0,Flat
1,candidate,engine/rocksdb/group_extrema/group_extrema/restore_rebuilt/16384/domain=16384/bytes=264/nulls=true,94,1.0,48025808.0,Flat
1,candidate,engine/rocksdb/group_extrema/group_extrema/restore_rebuilt/16384/domain=16384/bytes=264/nulls=true,95,1.0,45860542.0,Flat
1,candidate,engine/rocksdb/group_extrema/group_extrema/restore_rebuilt/16384/domain=16384/bytes=264/nulls=true,96,1.0,45041344.0,Flat
1,candidate,engine/rocksdb/group_extrema/group_extrema/restore_rebuilt/16384/domain=16384/bytes=264/nulls=true,97,1.0,45230830.0,Flat
1,candidate,engine/rocksdb/group_extrema/group_extrema/restore_rebuilt/16384/domain=16384/bytes=264/nulls=true,98,1.0,43899702.0,Flat
1,candidate,engine/rocksdb/group_extrema/group_extrema/restore_rebuilt/16384/domain=16384/bytes=264/nulls=true,99,1.0,44019231.0,Flat
1,candidate,engine/rocksdb/group_extrema/group_extrema/retract_all/16384/domain=16384/bytes=264/nulls=true,0,1.0,213087262.0,Flat
1,candidate,engine/rocksdb/group_extrema/group_extrema/retract_all/16384/domain=16384/bytes=264/nulls=true,1,1.0,228387916.0,Flat
1,candidate,engine/rocksdb/group_extrema/group_extrema/retract_all/16384/domain=16384/bytes=264/nulls=true,2,1.0,336603092.0,Flat
1,candidate,engine/rocksdb/group_extrema/group_extrema/retract_all/16384/domain=16384/bytes=264/nulls=true,3,1.0,508543122.0,Flat
1,candidate,engine/rocksdb/group_extrema/group_extrema/retract_all/16384/domain=16384/bytes=264/nulls=true,4,1.0,509358844.0,Flat
1,candidate,engine/rocksdb/group_extrema/group_extrema/retract_all/16384/domain=16384/bytes=264/nulls=true,5,1.0,470211421.0,Flat
1,candidate,engine/rocksdb/group_extrema/group_extrema/retract_all/16384/domain=16384/bytes=264/nulls=true,6,1.0,559006391.0,Flat
1,candidate,engine/rocksdb/group_extrema/group_extrema/retract_all/16384/domain=16384/bytes=264/nulls=true,7,1.0,393110235.0,Flat
1,candidate,engine/rocksdb/group_extrema/group_extrema/retract_all/16384/domain=16384/bytes=264/nulls=true,8,1.0,223941886.0,Flat
1,candidate,engine/rocksdb/group_extrema/group_extrema/retract_all/16384/domain=16384/bytes=264/nulls=true,9,1.0,216195908.0,Flat
1,candidate,engine/rocksdb/group_extrema/group_extrema/retract_all/16384/domain=16384/bytes=264/nulls=true,10,1.0,217639912.0,Flat
1,candidate,engine/rocksdb/group_extrema/group_extrema/retract_all/16384/domain=16384/bytes=264/nulls=true,11,1.0,224662782.0,Flat
1,candidate,engine/rocksdb/group_extrema/group_extrema/retract_all/16384/domain=16384/bytes=264/nulls=true,12,1.0,243504940.0,Flat
1,candidate,engine/rocksdb/group_extrema/group_extrema/retract_all/16384/domain=16384/bytes=264/nulls=true,13,1.0,225748224.0,Flat
1,candidate,engine/rocksdb/group_extrema/group_extrema/retract_all/16384/domain=16384/bytes=264/nulls=true,14,1.0,206057231.0,Flat
1,candidate,engine/rocksdb/group_extrema/group_extrema/retract_all/16384/domain=16384/bytes=264/nulls=true,15,1.0,222402361.0,Flat
1,candidate,engine/rocksdb/group_extrema/group_extrema/retract_all/16384/domain=16384/bytes=264/nulls=true,16,1.0,224223532.0,Flat
1,candidate,engine/rocksdb/group_extrema/group_extrema/retract_all/16384/domain=16384/bytes=264/nulls=true,17,1.0,222115589.0,Flat
1,candidate,engine/rocksdb/group_extrema/group_extrema/retract_all/16384/domain=16384/bytes=264/nulls=true,18,1.0,233610807.0,Flat
1,candidate,engine/rocksdb/group_extrema/group_extrema/retract_all/16384/domain=16384/bytes=264/nulls=true,19,1.0,217209728.0,Flat
1,candidate,engine/rocksdb/group_extrema/group_extrema/retract_all/16384/domain=16384/bytes=264/nulls=true,20,1.0,212454782.0,Flat
1,candidate,engine/rocksdb/group_extrema/group_extrema/retract_all/16384/domain=16384/bytes=264/nulls=true,21,1.0,210508192.0,Flat
1,candidate,engine/rocksdb/group_extrema/group_extrema/retract_all/16384/domain=16384/bytes=264/nulls=true,22,1.0,254263288.0,Flat
1,candidate,engine/rocksdb/group_extrema/group_extrema/retract_all/16384/domain=16384/bytes=264/nulls=true,23,1.0,213073619.0,Flat
1,candidate,engine/rocksdb/group_extrema/group_extrema/retract_all/16384/domain=16384/bytes=264/nulls=true,24,1.0,217388079.0,Flat
1,candidate,engine/rocksdb/group_extrema/group_extrema/retract_all/16384/domain=16384/bytes=264/nulls=true,25,1.0,214477812.0,Flat
1,candidate,engine/rocksdb/group_extrema/group_extrema/retract_all/16384/domain=16384/bytes=264/nulls=true,26,1.0,231540336.0,Flat
1,candidate,engine/rocksdb/group_extrema/group_extrema/retract_all/16384/domain=16384/bytes=264/nulls=true,27,1.0,213959447.0,Flat
1,candidate,engine/rocksdb/group_extrema/group_extrema/retract_all/16384/domain=16384/bytes=264/nulls=true,28,1.0,218456658.0,Flat
1,candidate,engine/rocksdb/group_extrema/group_extrema/retract_all/16384/domain=16384/bytes=264/nulls=true,29,1.0,210802899.0,Flat
1,candidate,engine/rocksdb/group_extrema/group_extrema/retract_all/16384/domain=16384/bytes=264/nulls=true,30,1.0,211458940.0,Flat
1,candidate,engine/rocksdb/group_extrema/group_extrema/retract_all/16384/domain=16384/bytes=264/nulls=true,31,1.0,219396115.0,Flat
1,candidate,engine/rocksdb/group_extrema/group_extrema/retract_all/16384/domain=16384/bytes=264/nulls=true,32,1.0,247539494.0,Flat
1,candidate,engine/rocksdb/group_extrema/group_extrema/retract_all/16384/domain=16384/bytes=264/nulls=true,33,1.0,216560113.0,Flat
1,candidate,engine/rocksdb/group_extrema/group_extrema/retract_all/16384/domain=16384/bytes=264/nulls=true,34,1.0,227067041.0,Flat
1,candidate,engine/rocksdb/group_extrema/group_extrema/retract_all/16384/domain=16384/bytes=264/nulls=true,35,1.0,206054271.0,Flat
1,candidate,engine/rocksdb/group_extrema/group_extrema/retract_all/16384/domain=16384/bytes=264/nulls=true,36,1.0,216928745.0,Flat
1,candidate,engine/rocksdb/group_extrema/group_extrema/retract_all/16384/domain=16384/bytes=264/nulls=true,37,1.0,205793576.0,Flat
1,candidate,engine/rocksdb/group_extrema/group_extrema/retract_all/16384/domain=16384/bytes=264/nulls=true,38,1.0,236109205.0,Flat
1,candidate,engine/rocksdb/group_extrema/group_extrema/retract_all/16384/domain=16384/bytes=264/nulls=true,39,1.0,223814708.0,Flat
1,candidate,engine/rocksdb/group_extrema/group_extrema/retract_all/16384/domain=16384/bytes=264/nulls=true,40,1.0,224298462.0,Flat
1,candidate,engine/rocksdb/group_extrema/group_extrema/retract_all/16384/domain=16384/bytes=264/nulls=true,41,1.0,223661480.0,Flat
1,candidate,engine/rocksdb/group_extrema/group_extrema/retract_all/16384/domain=16384/bytes=264/nulls=true,42,1.0,245932782.0,Flat
1,candidate,engine/rocksdb/group_extrema/group_extrema/retract_all/16384/domain=16384/bytes=264/nulls=true,43,1.0,209076759.0,Flat
1,candidate,engine/rocksdb/group_extrema/group_extrema/retract_all/16384/domain=16384/bytes=264/nulls=true,44,1.0,214593666.0,Flat
1,candidate,engine/rocksdb/group_extrema/group_extrema/retract_all/16384/domain=16384/bytes=264/nulls=true,45,1.0,215944590.0,Flat
1,candidate,engine/rocksdb/group_extrema/group_extrema/retract_all/16384/domain=16384/bytes=264/nulls=true,46,1.0,215990505.0,Flat
1,candidate,engine/rocksdb/group_extrema/group_extrema/retract_all/16384/domain=16384/bytes=264/nulls=true,47,1.0,212223388.0,Flat
1,candidate,engine/rocksdb/group_extrema/group_extrema/retract_all/16384/domain=16384/bytes=264/nulls=true,48,1.0,210773227.0,Flat
1,candidate,engine/rocksdb/group_extrema/group_extrema/retract_all/16384/domain=16384/bytes=264/nulls=true,49,1.0,220396263.0,Flat
1,candidate,engine/rocksdb/group_extrema/group_extrema/retract_all/16384/domain=16384/bytes=264/nulls=true,50,1.0,216635848.0,Flat
1,candidate,engine/rocksdb/group_extrema/group_extrema/retract_all/16384/domain=16384/bytes=264/nulls=true,51,1.0,219342266.0,Flat
1,candidate,engine/rocksdb/group_extrema/group_extrema/retract_all/16384/domain=16384/bytes=264/nulls=true,52,1.0,215612374.0,Flat
1,candidate,engine/rocksdb/group_extrema/group_extrema/retract_all/16384/domain=16384/bytes=264/nulls=true,53,1.0,210165318.0,Flat
1,candidate,engine/rocksdb/group_extrema/group_extrema/retract_all/16384/domain=16384/bytes=264/nulls=true,54,1.0,221038350.0,Flat
1,candidate,engine/rocksdb/group_extrema/group_extrema/retract_all/16384/domain=16384/bytes=264/nulls=true,55,1.0,221528835.0,Flat
1,candidate,engine/rocksdb/group_extrema/group_extrema/retract_all/16384/domain=16384/bytes=264/nulls=true,56,1.0,232249765.0,Flat
1,candidate,engine/rocksdb/group_extrema/group_extrema/retract_all/16384/domain=16384/bytes=264/nulls=true,57,1.0,223275905.0,Flat
1,candidate,engine/rocksdb/group_extrema/group_extrema/retract_all/16384/domain=16384/bytes=264/nulls=true,58,1.0,219390504.0,Flat
1,candidate,engine/rocksdb/group_extrema/group_extrema/retract_all/16384/domain=16384/bytes=264/nulls=true,59,1.0,209214808.0,Flat
1,candidate,engine/rocksdb/group_extrema/group_extrema/retract_all/16384/domain=16384/bytes=264/nulls=true,60,1.0,218428860.0,Flat
1,candidate,engine/rocksdb/group_extrema/group_extrema/retract_all/16384/domain=16384/bytes=264/nulls=true,61,1.0,207175342.0,Flat
1,candidate,engine/rocksdb/group_extrema/group_extrema/retract_all/16384/domain=16384/bytes=264/nulls=true,62,1.0,229490721.0,Flat
1,candidate,engine/rocksdb/group_extrema/group_extrema/retract_all/16384/domain=16384/bytes=264/nulls=true,63,1.0,232183935.0,Flat
1,candidate,engine/rocksdb/group_extrema/group_extrema/retract_all/16384/domain=16384/bytes=264/nulls=true,64,1.0,218768546.0,Flat
1,candidate,engine/rocksdb/group_extrema/group_extrema/retract_all/16384/domain=16384/bytes=264/nulls=true,65,1.0,221558077.0,Flat
1,candidate,engine/rocksdb/group_extrema/group_extrema/retract_all/16384/domain=16384/bytes=264/nulls=true,66,1.0,225308318.0,Flat
1,candidate,engine/rocksdb/group_extrema/group_extrema/retract_all/16384/domain=16384/bytes=264/nulls=true,67,1.0,218899275.0,Flat
1,candidate,engine/rocksdb/group_extrema/group_extrema/retract_all/16384/domain=16384/bytes=264/nulls=true,68,1.0,224428365.0,Flat
1,candidate,engine/rocksdb/group_extrema/group_extrema/retract_all/16384/domain=16384/bytes=264/nulls=true,69,1.0,214103783.0,Flat
1,candidate,engine/rocksdb/group_extrema/group_extrema/retract_all/16384/domain=16384/bytes=264/nulls=true,70,1.0,213500815.0,Flat
1,candidate,engine/rocksdb/group_extrema/group_extrema/retract_all/16384/domain=16384/bytes=264/nulls=true,71,1.0,221222711.0,Flat
1,candidate,engine/rocksdb/group_extrema/group_extrema/retract_all/16384/domain=16384/bytes=264/nulls=true,72,1.0,229671471.0,Flat
1,candidate,engine/rocksdb/group_extrema/group_extrema/retract_all/16384/domain=16384/bytes=264/nulls=true,73,1.0,213586336.0,Flat
1,candidate,engine/rocksdb/group_extrema/group_extrema/retract_all/16384/domain=16384/bytes=264/nulls=true,74,1.0,227433309.0,Flat
1,candidate,engine/rocksdb/group_extrema/group_extrema/retract_all/16384/domain=16384/bytes=264/nulls=true,75,1.0,222849541.0,Flat
1,candidate,engine/rocksdb/group_extrema/group_extrema/retract_all/16384/domain=16384/bytes=264/nulls=true,76,1.0,226955614.0,Flat
1,candidate,engine/rocksdb/group_extrema/group_extrema/retract_all/16384/domain=16384/bytes=264/nulls=true,77,1.0,218443087.0,Flat
1,candidate,engine/rocksdb/group_extrema/group_extrema/retract_all/16384/domain=16384/bytes=264/nulls=true,78,1.0,219066243.0,Flat
1,candidate,engine/rocksdb/group_extrema/group_extrema/retract_all/16384/domain=16384/bytes=264/nulls=true,79,1.0,232757939.0,Flat
1,candidate,engine/rocksdb/group_extrema/group_extrema/retract_all/16384/domain=16384/bytes=264/nulls=true,80,1.0,224193913.0,Flat
1,candidate,engine/rocksdb/group_extrema/group_extrema/retract_all/16384/domain=16384/bytes=264/nulls=true,81,1.0,215894934.0,Flat
1,candidate,engine/rocksdb/group_extrema/group_extrema/retract_all/16384/domain=16384/bytes=264/nulls=true,82,1.0,221524335.0,Flat
1,candidate,engine/rocksdb/group_extrema/group_extrema/retract_all/16384/domain=16384/bytes=264/nulls=true,83,1.0,209180289.0,Flat
1,candidate,engine/rocksdb/group_extrema/group_extrema/retract_all/16384/domain=16384/bytes=264/nulls=true,84,1.0,219904464.0,Flat
1,candidate,engine/rocksdb/group_extrema/group_extrema/retract_all/16384/domain=16384/bytes=264/nulls=true,85,1.0,230338480.0,Flat
1,candidate,engine/rocksdb/group_extrema/group_extrema/retract_all/16384/domain=16384/bytes=264/nulls=true,86,1.0,225759105.0,Flat
1,candidate,engine/rocksdb/group_extrema/group_extrema/retract_all/16384/domain=16384/bytes=264/nulls=true,87,1.0,220717916.0,Flat
1,candidate,engine/rocksdb/group_extrema/group_extrema/retract_all/16384/domain=16384/bytes=264/nulls=true,88,1.0,227620525.0,Flat
1,candidate,engine/rocksdb/group_extrema/group_extrema/retract_all/16384/domain=16384/bytes=264/nulls=true,89,1.0,230177286.0,Flat
1,candidate,engine/rocksdb/group_extrema/group_extrema/retract_all/16384/domain=16384/bytes=264/nulls=true,90,1.0,211645954.0,Flat
1,candidate,engine/rocksdb/group_extrema/group_extrema/retract_all/16384/domain=16384/bytes=264/nulls=true,91,1.0,217590880.0,Flat
1,candidate,engine/rocksdb/group_extrema/group_extrema/retract_all/16384/domain=16384/bytes=264/nulls=true,92,1.0,238173406.0,Flat
1,candidate,engine/rocksdb/group_extrema/group_extrema/retract_all/16384/domain=16384/bytes=264/nulls=true,93,1.0,211358878.0,Flat
1,candidate,engine/rocksdb/group_extrema/group_extrema/retract_all/16384/domain=16384/bytes=264/nulls=true,94,1.0,219216517.0,Flat
1,candidate,engine/rocksdb/group_extrema/group_extrema/retract_all/16384/domain=16384/bytes=264/nulls=true,95,1.0,220778817.0,Flat
1,candidate,engine/rocksdb/group_extrema/group_extrema/retract_all/16384/domain=16384/bytes=264/nulls=true,96,1.0,221770127.0,Flat
1,candidate,engine/rocksdb/group_extrema/group_extrema/retract_all/16384/domain=16384/bytes=264/nulls=true,97,1.0,213577624.0,Flat
1,candidate,engine/rocksdb/group_extrema/group_extrema/retract_all/16384/domain=16384/bytes=264/nulls=true,98,1.0,221889321.0,Flat
1,candidate,engine/rocksdb/group_extrema/group_extrema/retract_all/16384/domain=16384/bytes=264/nulls=true,99,1.0,206916742.0,Flat
1,candidate,engine/rocksdb/group_extrema/group_extrema/retract_all/16384/domain=8/bytes=264/nulls=true,0,2.0,30307231.0,Flat
1,candidate,engine/rocksdb/group_extrema/group_extrema/retract_all/16384/domain=8/bytes=264/nulls=true,1,2.0,30330913.0,Flat
1,candidate,engine/rocksdb/group_extrema/group_extrema/retract_all/16384/domain=8/bytes=264/nulls=true,2,2.0,29826771.0,Flat
1,candidate,engine/rocksdb/group_extrema/group_extrema/retract_all/16384/domain=8/bytes=264/nulls=true,3,2.0,29454703.0,Flat
1,candidate,engine/rocksdb/group_extrema/group_extrema/retract_all/16384/domain=8/bytes=264/nulls=true,4,2.0,28922211.0,Flat
1,candidate,engine/rocksdb/group_extrema/group_extrema/retract_all/16384/domain=8/bytes=264/nulls=true,5,2.0,31332509.0,Flat
1,candidate,engine/rocksdb/group_extrema/group_extrema/retract_all/16384/domain=8/bytes=264/nulls=true,6,2.0,30402556.0,Flat
1,candidate,engine/rocksdb/group_extrema/group_extrema/retract_all/16384/domain=8/bytes=264/nulls=true,7,2.0,30235595.0,Flat
1,candidate,engine/rocksdb/group_extrema/group_extrema/retract_all/16384/domain=8/bytes=264/nulls=true,8,2.0,31189669.0,Flat
1,candidate,engine/rocksdb/group_extrema/group_extrema/retract_all/16384/domain=8/bytes=264/nulls=true,9,2.0,29648536.0,Flat
1,candidate,engine/rocksdb/group_extrema/group_extrema/retract_all/16384/domain=8/bytes=264/nulls=true,10,2.0,30665199.0,Flat
1,candidate,engine/rocksdb/group_extrema/group_extrema/retract_all/16384/domain=8/bytes=264/nulls=true,11,2.0,30347415.0,Flat
1,candidate,engine/rocksdb/group_extrema/group_extrema/retract_all/16384/domain=8/bytes=264/nulls=true,12,2.0,28590482.0,Flat
1,candidate,engine/rocksdb/group_extrema/group_extrema/retract_all/16384/domain=8/bytes=264/nulls=true,13,2.0,29536179.0,Flat
1,candidate,engine/rocksdb/group_extrema/group_extrema/retract_all/16384/domain=8/bytes=264/nulls=true,14,2.0,30268444.0,Flat
1,candidate,engine/rocksdb/group_extrema/group_extrema/retract_all/16384/domain=8/bytes=264/nulls=true,15,2.0,29473943.0,Flat
1,candidate,engine/rocksdb/group_extrema/group_extrema/retract_all/16384/domain=8/bytes=264/nulls=true,16,2.0,30323782.0,Flat
1,candidate,engine/rocksdb/group_extrema/group_extrema/retract_all/16384/domain=8/bytes=264/nulls=true,17,2.0,30702045.0,Flat
1,candidate,engine/rocksdb/group_extrema/group_extrema/retract_all/16384/domain=8/bytes=264/nulls=true,18,2.0,29449595.0,Flat
1,candidate,engine/rocksdb/group_extrema/group_extrema/retract_all/16384/domain=8/bytes=264/nulls=true,19,2.0,29553503.0,Flat
1,candidate,engine/rocksdb/group_extrema/group_extrema/retract_all/16384/domain=8/bytes=264/nulls=true,20,2.0,29696558.0,Flat
1,candidate,engine/rocksdb/group_extrema/group_extrema/retract_all/16384/domain=8/bytes=264/nulls=true,21,2.0,29572203.0,Flat
1,candidate,engine/rocksdb/group_extrema/group_extrema/retract_all/16384/domain=8/bytes=264/nulls=true,22,2.0,30238737.0,Flat
1,candidate,engine/rocksdb/group_extrema/group_extrema/retract_all/16384/domain=8/bytes=264/nulls=true,23,2.0,30075659.0,Flat
1,candidate,engine/rocksdb/group_extrema/group_extrema/retract_all/16384/domain=8/bytes=264/nulls=true,24,2.0,29854540.0,Flat
1,candidate,engine/rocksdb/group_extrema/group_extrema/retract_all/16384/domain=8/bytes=264/nulls=true,25,2.0,29428251.0,Flat
1,candidate,engine/rocksdb/group_extrema/group_extrema/retract_all/16384/domain=8/bytes=264/nulls=true,26,2.0,30778231.0,Flat
1,candidate,engine/rocksdb/group_extrema/group_extrema/retract_all/16384/domain=8/bytes=264/nulls=true,27,2.0,29018984.0,Flat
1,candidate,engine/rocksdb/group_extrema/group_extrema/retract_all/16384/domain=8/bytes=264/nulls=true,28,2.0,28950601.0,Flat
1,candidate,engine/rocksdb/group_extrema/group_extrema/retract_all/16384/domain=8/bytes=264/nulls=true,29,2.0,29689668.0,Flat
1,candidate,engine/rocksdb/group_extrema/group_extrema/retract_all/16384/domain=8/bytes=264/nulls=true,30,2.0,30683802.0,Flat
1,candidate,engine/rocksdb/group_extrema/group_extrema/retract_all/16384/domain=8/bytes=264/nulls=true,31,2.0,28992974.0,Flat
1,candidate,engine/rocksdb/group_extrema/group_extrema/retract_all/16384/domain=8/bytes=264/nulls=true,32,2.0,31421330.0,Flat
1,candidate,engine/rocksdb/group_extrema/group_extrema/retract_all/16384/domain=8/bytes=264/nulls=true,33,2.0,28354229.0,Flat
1,candidate,engine/rocksdb/group_extrema/group_extrema/retract_all/16384/domain=8/bytes=264/nulls=true,34,2.0,29099003.0,Flat
1,candidate,engine/rocksdb/group_extrema/group_extrema/retract_all/16384/domain=8/bytes=264/nulls=true,35,2.0,28794292.0,Flat
1,candidate,engine/rocksdb/group_extrema/group_extrema/retract_all/16384/domain=8/bytes=264/nulls=true,36,2.0,30671803.0,Flat
1,candidate,engine/rocksdb/group_extrema/group_extrema/retract_all/16384/domain=8/bytes=264/nulls=true,37,2.0,30100409.0,Flat
1,candidate,engine/rocksdb/group_extrema/group_extrema/retract_all/16384/domain=8/bytes=264/nulls=true,38,2.0,31005167.0,Flat
1,candidate,engine/rocksdb/group_extrema/group_extrema/retract_all/16384/domain=8/bytes=264/nulls=true,39,2.0,31139427.0,Flat
1,candidate,engine/rocksdb/group_extrema/group_extrema/retract_all/16384/domain=8/bytes=264/nulls=true,40,2.0,29538798.0,Flat
1,candidate,engine/rocksdb/group_extrema/group_extrema/retract_all/16384/domain=8/bytes=264/nulls=true,41,2.0,29976024.0,Flat
1,candidate,engine/rocksdb/group_extrema/group_extrema/retract_all/16384/domain=8/bytes=264/nulls=true,42,2.0,29218163.0,Flat
1,candidate,engine/rocksdb/group_extrema/group_extrema/retract_all/16384/domain=8/bytes=264/nulls=true,43,2.0,29982981.0,Flat
1,candidate,engine/rocksdb/group_extrema/group_extrema/retract_all/16384/domain=8/bytes=264/nulls=true,44,2.0,30840604.0,Flat
1,candidate,engine/rocksdb/group_extrema/group_extrema/retract_all/16384/domain=8/bytes=264/nulls=true,45,2.0,29597721.0,Flat
1,candidate,engine/rocksdb/group_extrema/group_extrema/retract_all/16384/domain=8/bytes=264/nulls=true,46,2.0,30038465.0,Flat
1,candidate,engine/rocksdb/group_extrema/group_extrema/retract_all/16384/domain=8/bytes=264/nulls=true,47,2.0,30309817.0,Flat
1,candidate,engine/rocksdb/group_extrema/group_extrema/retract_all/16384/domain=8/bytes=264/nulls=true,48,2.0,30620044.0,Flat
1,candidate,engine/rocksdb/group_extrema/group_extrema/retract_all/16384/domain=8/bytes=264/nulls=true,49,2.0,29930561.0,Flat
1,candidate,engine/rocksdb/group_extrema/group_extrema/retract_all/16384/domain=8/bytes=264/nulls=true,50,2.0,29580780.0,Flat
1,candidate,engine/rocksdb/group_extrema/group_extrema/retract_all/16384/domain=8/bytes=264/nulls=true,51,2.0,29839912.0,Flat
1,candidate,engine/rocksdb/group_extrema/group_extrema/retract_all/16384/domain=8/bytes=264/nulls=true,52,2.0,28807881.0,Flat
1,candidate,engine/rocksdb/group_extrema/group_extrema/retract_all/16384/domain=8/bytes=264/nulls=true,53,2.0,30091922.0,Flat
1,candidate,engine/rocksdb/group_extrema/group_extrema/retract_all/16384/domain=8/bytes=264/nulls=true,54,2.0,28928148.0,Flat
1,candidate,engine/rocksdb/group_extrema/group_extrema/retract_all/16384/domain=8/bytes=264/nulls=true,55,2.0,29083098.0,Flat
1,candidate,engine/rocksdb/group_extrema/group_extrema/retract_all/16384/domain=8/bytes=264/nulls=true,56,2.0,28778773.0,Flat
1,candidate,engine/rocksdb/group_extrema/group_extrema/retract_all/16384/domain=8/bytes=264/nulls=true,57,2.0,29111805.0,Flat
1,candidate,engine/rocksdb/group_extrema/group_extrema/retract_all/16384/domain=8/bytes=264/nulls=true,58,2.0,28696088.0,Flat
1,candidate,engine/rocksdb/group_extrema/group_extrema/retract_all/16384/domain=8/bytes=264/nulls=true,59,2.0,29403056.0,Flat
1,candidate,engine/rocksdb/group_extrema/group_extrema/retract_all/16384/domain=8/bytes=264/nulls=true,60,2.0,29800575.0,Flat
1,candidate,engine/rocksdb/group_extrema/group_extrema/retract_all/16384/domain=8/bytes=264/nulls=true,61,2.0,29424083.0,Flat
1,candidate,engine/rocksdb/group_extrema/group_extrema/retract_all/16384/domain=8/bytes=264/nulls=true,62,2.0,29440213.0,Flat
1,candidate,engine/rocksdb/group_extrema/group_extrema/retract_all/16384/domain=8/bytes=264/nulls=true,63,2.0,29508630.0,Flat
1,candidate,engine/rocksdb/group_extrema/group_extrema/retract_all/16384/domain=8/bytes=264/nulls=true,64,2.0,29142369.0,Flat
1,candidate,engine/rocksdb/group_extrema/group_extrema/retract_all/16384/domain=8/bytes=264/nulls=true,65,2.0,29037371.0,Flat
1,candidate,engine/rocksdb/group_extrema/group_extrema/retract_all/16384/domain=8/bytes=264/nulls=true,66,2.0,29706349.0,Flat
1,candidate,engine/rocksdb/group_extrema/group_extrema/retract_all/16384/domain=8/bytes=264/nulls=true,67,2.0,30048997.0,Flat
1,candidate,engine/rocksdb/group_extrema/group_extrema/retract_all/16384/domain=8/bytes=264/nulls=true,68,2.0,29082904.0,Flat
1,candidate,engine/rocksdb/group_extrema/group_extrema/retract_all/16384/domain=8/bytes=264/nulls=true,69,2.0,30538126.0,Flat
1,candidate,engine/rocksdb/group_extrema/group_extrema/retract_all/16384/domain=8/bytes=264/nulls=true,70,2.0,29519829.0,Flat
1,candidate,engine/rocksdb/group_extrema/group_extrema/retract_all/16384/domain=8/bytes=264/nulls=true,71,2.0,29273201.0,Flat
1,candidate,engine/rocksdb/group_extrema/group_extrema/retract_all/16384/domain=8/bytes=264/nulls=true,72,2.0,29729028.0,Flat
1,candidate,engine/rocksdb/group_extrema/group_extrema/retract_all/16384/domain=8/bytes=264/nulls=true,73,2.0,29722325.0,Flat
1,candidate,engine/rocksdb/group_extrema/group_extrema/retract_all/16384/domain=8/bytes=264/nulls=true,74,2.0,30007726.0,Flat
1,candidate,engine/rocksdb/group_extrema/group_extrema/retract_all/16384/domain=8/bytes=264/nulls=true,75,2.0,29628695.0,Flat
1,candidate,engine/rocksdb/group_extrema/group_extrema/retract_all/16384/domain=8/bytes=264/nulls=true,76,2.0,29611700.0,Flat
1,candidate,engine/rocksdb/group_extrema/group_extrema/retract_all/16384/domain=8/bytes=264/nulls=true,77,2.0,29253485.0,Flat
1,candidate,engine/rocksdb/group_extrema/group_extrema/retract_all/16384/domain=8/bytes=264/nulls=true,78,2.0,29420533.0,Flat
1,candidate,engine/rocksdb/group_extrema/group_extrema/retract_all/16384/domain=8/bytes=264/nulls=true,79,2.0,29131176.0,Flat
1,candidate,engine/rocksdb/group_extrema/group_extrema/retract_all/16384/domain=8/bytes=264/nulls=true,80,2.0,30228209.0,Flat
1,candidate,engine/rocksdb/group_extrema/group_extrema/retract_all/16384/domain=8/bytes=264/nulls=true,81,2.0,29390299.0,Flat
1,candidate,engine/rocksdb/group_extrema/group_extrema/retract_all/16384/domain=8/bytes=264/nulls=true,82,2.0,32013542.0,Flat
1,candidate,engine/rocksdb/group_extrema/group_extrema/retract_all/16384/domain=8/bytes=264/nulls=true,83,2.0,29206712.0,Flat
1,candidate,engine/rocksdb/group_extrema/group_extrema/retract_all/16384/domain=8/bytes=264/nulls=true,84,2.0,30122473.0,Flat
1,candidate,engine/rocksdb/group_extrema/group_extrema/retract_all/16384/domain=8/bytes=264/nulls=true,85,2.0,29407289.0,Flat
1,candidate,engine/rocksdb/group_extrema/group_extrema/retract_all/16384/domain=8/bytes=264/nulls=true,86,2.0,29016977.0,Flat
1,candidate,engine/rocksdb/group_extrema/group_extrema/retract_all/16384/domain=8/bytes=264/nulls=true,87,2.0,29355314.0,Flat
1,candidate,engine/rocksdb/group_extrema/group_extrema/retract_all/16384/domain=8/bytes=264/nulls=true,88,2.0,30016130.0,Flat
1,candidate,engine/rocksdb/group_extrema/group_extrema/retract_all/16384/domain=8/bytes=264/nulls=true,89,2.0,29602203.0,Flat
1,candidate,engine/rocksdb/group_extrema/group_extrema/retract_all/16384/domain=8/bytes=264/nulls=true,90,2.0,29468965.0,Flat
1,candidate,engine/rocksdb/group_extrema/group_extrema/retract_all/16384/domain=8/bytes=264/nulls=true,91,2.0,29034284.0,Flat
1,candidate,engine/rocksdb/group_extrema/group_extrema/retract_all/16384/domain=8/bytes=264/nulls=true,92,2.0,29697503.0,Flat
1,candidate,engine/rocksdb/group_extrema/group_extrema/retract_all/16384/domain=8/bytes=264/nulls=true,93,2.0,29357889.0,Flat
1,candidate,engine/rocksdb/group_extrema/group_extrema/retract_all/16384/domain=8/bytes=264/nulls=true,94,2.0,29641053.0,Flat
1,candidate,engine/rocksdb/group_extrema/group_extrema/retract_all/16384/domain=8/bytes=264/nulls=true,95,2.0,28967366.0,Flat
1,candidate,engine/rocksdb/group_extrema/group_extrema/retract_all/16384/domain=8/bytes=264/nulls=true,96,2.0,29200693.0,Flat
1,candidate,engine/rocksdb/group_extrema/group_extrema/retract_all/16384/domain=8/bytes=264/nulls=true,97,2.0,29484925.0,Flat
1,candidate,engine/rocksdb/group_extrema/group_extrema/retract_all/16384/domain=8/bytes=264/nulls=true,98,2.0,29758254.0,Flat
1,candidate,engine/rocksdb/group_extrema/group_extrema/retract_all/16384/domain=8/bytes=264/nulls=true,99,2.0,31144333.0,Flat
1,candidate,engine/rocksdb/group_extrema/group_extrema/retract_half/16384/domain=16384/bytes=264/nulls=true,0,1.0,94884517.0,Flat
1,candidate,engine/rocksdb/group_extrema/group_extrema/retract_half/16384/domain=16384/bytes=264/nulls=true,1,1.0,89629562.0,Flat
1,candidate,engine/rocksdb/group_extrema/group_extrema/retract_half/16384/domain=16384/bytes=264/nulls=true,2,1.0,86850914.0,Flat
1,candidate,engine/rocksdb/group_extrema/group_extrema/retract_half/16384/domain=16384/bytes=264/nulls=true,3,1.0,87948369.0,Flat
1,candidate,engine/rocksdb/group_extrema/group_extrema/retract_half/16384/domain=16384/bytes=264/nulls=true,4,1.0,86053860.0,Flat
1,candidate,engine/rocksdb/group_extrema/group_extrema/retract_half/16384/domain=16384/bytes=264/nulls=true,5,1.0,92068977.0,Flat
1,candidate,engine/rocksdb/group_extrema/group_extrema/retract_half/16384/domain=16384/bytes=264/nulls=true,6,1.0,82654548.0,Flat
1,candidate,engine/rocksdb/group_extrema/group_extrema/retract_half/16384/domain=16384/bytes=264/nulls=true,7,1.0,91221890.0,Flat
1,candidate,engine/rocksdb/group_extrema/group_extrema/retract_half/16384/domain=16384/bytes=264/nulls=true,8,1.0,90451154.0,Flat
1,candidate,engine/rocksdb/group_extrema/group_extrema/retract_half/16384/domain=16384/bytes=264/nulls=true,9,1.0,83636300.0,Flat
1,candidate,engine/rocksdb/group_extrema/group_extrema/retract_half/16384/domain=16384/bytes=264/nulls=true,10,1.0,83214913.0,Flat
1,candidate,engine/rocksdb/group_extrema/group_extrema/retract_half/16384/domain=16384/bytes=264/nulls=true,11,1.0,84651343.0,Flat
1,candidate,engine/rocksdb/group_extrema/group_extrema/retract_half/16384/domain=16384/bytes=264/nulls=true,12,1.0,86327990.0,Flat
1,candidate,engine/rocksdb/group_extrema/group_extrema/retract_half/16384/domain=16384/bytes=264/nulls=true,13,1.0,82864844.0,Flat
1,candidate,engine/rocksdb/group_extrema/group_extrema/retract_half/16384/domain=16384/bytes=264/nulls=true,14,1.0,94882947.0,Flat
1,candidate,engine/rocksdb/group_extrema/group_extrema/retract_half/16384/domain=16384/bytes=264/nulls=true,15,1.0,85213571.0,Flat
1,candidate,engine/rocksdb/group_extrema/group_extrema/retract_half/16384/domain=16384/bytes=264/nulls=true,16,1.0,82523673.0,Flat
1,candidate,engine/rocksdb/group_extrema/group_extrema/retract_half/16384/domain=16384/bytes=264/nulls=true,17,1.0,86466001.0,Flat
1,candidate,engine/rocksdb/group_extrema/group_extrema/retract_half/16384/domain=16384/bytes=264/nulls=true,18,1.0,84282428.0,Flat
1,candidate,engine/rocksdb/group_extrema/group_extrema/retract_half/16384/domain=16384/bytes=264/nulls=true,19,1.0,84093441.0,Flat
1,candidate,engine/rocksdb/group_extrema/group_extrema/retract_half/16384/domain=16384/bytes=264/nulls=true,20,1.0,89399395.0,Flat
1,candidate,engine/rocksdb/group_extrema/group_extrema/retract_half/16384/domain=16384/bytes=264/nulls=true,21,1.0,85491120.0,Flat
1,candidate,engine/rocksdb/group_extrema/group_extrema/retract_half/16384/domain=16384/bytes=264/nulls=true,22,1.0,86719920.0,Flat
1,candidate,engine/rocksdb/group_extrema/group_extrema/retract_half/16384/domain=16384/bytes=264/nulls=true,23,1.0,87457895.0,Flat
1,candidate,engine/rocksdb/group_extrema/group_extrema/retract_half/16384/domain=16384/bytes=264/nulls=true,24,1.0,91070159.0,Flat
1,candidate,engine/rocksdb/group_extrema/group_extrema/retract_half/16384/domain=16384/bytes=264/nulls=true,25,1.0,87125422.0,Flat
1,candidate,engine/rocksdb/group_extrema/group_extrema/retract_half/16384/domain=16384/bytes=264/nulls=true,26,1.0,83752401.0,Flat
1,candidate,engine/rocksdb/group_extrema/group_extrema/retract_half/16384/domain=16384/bytes=264/nulls=true,27,1.0,83607837.0,Flat
1,candidate,engine/rocksdb/group_extrema/group_extrema/retract_half/16384/domain=16384/bytes=264/nulls=true,28,1.0,87580654.0,Flat
1,candidate,engine/rocksdb/group_extrema/group_extrema/retract_half/16384/domain=16384/bytes=264/nulls=true,29,1.0,88805356.0,Flat
1,candidate,engine/rocksdb/group_extrema/group_extrema/retract_half/16384/domain=16384/bytes=264/nulls=true,30,1.0,84154346.0,Flat
1,candidate,engine/rocksdb/group_extrema/group_extrema/retract_half/16384/domain=16384/bytes=264/nulls=true,31,1.0,87471119.0,Flat
1,candidate,engine/rocksdb/group_extrema/group_extrema/retract_half/16384/domain=16384/bytes=264/nulls=true,32,1.0,92769368.0,Flat
1,candidate,engine/rocksdb/group_extrema/group_extrema/retract_half/16384/domain=16384/bytes=264/nulls=true,33,1.0,89368409.0,Flat
1,candidate,engine/rocksdb/group_extrema/group_extrema/retract_half/16384/domain=16384/bytes=264/nulls=true,34,1.0,91770036.0,Flat
1,candidate,engine/rocksdb/group_extrema/group_extrema/retract_half/16384/domain=16384/bytes=264/nulls=true,35,1.0,84865077.0,Flat
1,candidate,engine/rocksdb/group_extrema/group_extrema/retract_half/16384/domain=16384/bytes=264/nulls=true,36,1.0,84201525.0,Flat
1,candidate,engine/rocksdb/group_extrema/group_extrema/retract_half/16384/domain=16384/bytes=264/nulls=true,37,1.0,88837496.0,Flat
1,candidate,engine/rocksdb/group_extrema/group_extrema/retract_half/16384/domain=16384/bytes=264/nulls=true,38,1.0,91523934.0,Flat
1,candidate,engine/rocksdb/group_extrema/group_extrema/retract_half/16384/domain=16384/bytes=264/nulls=true,39,1.0,85760923.0,Flat
1,candidate,engine/rocksdb/group_extrema/group_extrema/retract_half/16384/domain=16384/bytes=264/nulls=true,40,1.0,83317307.0,Flat
1,candidate,engine/rocksdb/group_extrema/group_extrema/retract_half/16384/domain=16384/bytes=264/nulls=true,41,1.0,90937542.0,Flat
1,candidate,engine/rocksdb/group_extrema/group_extrema/retract_half/16384/domain=16384/bytes=264/nulls=true,42,1.0,83811524.0,Flat
1,candidate,engine/rocksdb/group_extrema/group_extrema/retract_half/16384/domain=16384/bytes=264/nulls=true,43,1.0,97558298.0,Flat
1,candidate,engine/rocksdb/group_extrema/group_extrema/retract_half/16384/domain=16384/bytes=264/nulls=true,44,1.0,107072224.0,Flat
1,candidate,engine/rocksdb/group_extrema/group_extrema/retract_half/16384/domain=16384/bytes=264/nulls=true,45,1.0,103015535.0,Flat
1,candidate,engine/rocksdb/group_extrema/group_extrema/retract_half/16384/domain=16384/bytes=264/nulls=true,46,1.0,96077721.0,Flat
1,candidate,engine/rocksdb/group_extrema/group_extrema/retract_half/16384/domain=16384/bytes=264/nulls=true,47,1.0,124656870.0,Flat
1,candidate,engine/rocksdb/group_extrema/group_extrema/retract_half/16384/domain=16384/bytes=264/nulls=true,48,1.0,85860890.0,Flat
1,candidate,engine/rocksdb/group_extrema/group_extrema/retract_half/16384/domain=16384/bytes=264/nulls=true,49,1.0,88943712.0,Flat
1,candidate,engine/rocksdb/group_extrema/group_extrema/retract_half/16384/domain=16384/bytes=264/nulls=true,50,1.0,90077421.0,Flat
1,candidate,engine/rocksdb/group_extrema/group_extrema/retract_half/16384/domain=16384/bytes=264/nulls=true,51,1.0,86634992.0,Flat
1,candidate,engine/rocksdb/group_extrema/group_extrema/retract_half/16384/domain=16384/bytes=264/nulls=true,52,1.0,86031691.0,Flat
1,candidate,engine/rocksdb/group_extrema/group_extrema/retract_half/16384/domain=16384/bytes=264/nulls=true,53,1.0,90434790.0,Flat
1,candidate,engine/rocksdb/group_extrema/group_extrema/retract_half/16384/domain=16384/bytes=264/nulls=true,54,1.0,85728030.0,Flat
1,candidate,engine/rocksdb/group_extrema/group_extrema/retract_half/16384/domain=16384/bytes=264/nulls=true,55,1.0,87128955.0,Flat
1,candidate,engine/rocksdb/group_extrema/group_extrema/retract_half/16384/domain=16384/bytes=264/nulls=true,56,1.0,86105924.0,Flat
1,candidate,engine/rocksdb/group_extrema/group_extrema/retract_half/16384/domain=16384/bytes=264/nulls=true,57,1.0,85102852.0,Flat
1,candidate,engine/rocksdb/group_extrema/group_extrema/retract_half/16384/domain=16384/bytes=264/nulls=true,58,1.0,87387677.0,Flat
1,candidate,engine/rocksdb/group_extrema/group_extrema/retract_half/16384/domain=16384/bytes=264/nulls=true,59,1.0,89553027.0,Flat
1,candidate,engine/rocksdb/group_extrema/group_extrema/retract_half/16384/domain=16384/bytes=264/nulls=true,60,1.0,88405489.0,Flat
1,candidate,engine/rocksdb/group_extrema/group_extrema/retract_half/16384/domain=16384/bytes=264/nulls=true,61,1.0,86176242.0,Flat
1,candidate,engine/rocksdb/group_extrema/group_extrema/retract_half/16384/domain=16384/bytes=264/nulls=true,62,1.0,86092063.0,Flat
1,candidate,engine/rocksdb/group_extrema/group_extrema/retract_half/16384/domain=16384/bytes=264/nulls=true,63,1.0,86306897.0,Flat
1,candidate,engine/rocksdb/group_extrema/group_extrema/retract_half/16384/domain=16384/bytes=264/nulls=true,64,1.0,83613451.0,Flat
1,candidate,engine/rocksdb/group_extrema/group_extrema/retract_half/16384/domain=16384/bytes=264/nulls=true,65,1.0,91943047.0,Flat
1,candidate,engine/rocksdb/group_extrema/group_extrema/retract_half/16384/domain=16384/bytes=264/nulls=true,66,1.0,88145897.0,Flat
1,candidate,engine/rocksdb/group_extrema/group_extrema/retract_half/16384/domain=16384/bytes=264/nulls=true,67,1.0,84133391.0,Flat
1,candidate,engine/rocksdb/group_extrema/group_extrema/retract_half/16384/domain=16384/bytes=264/nulls=true,68,1.0,90959923.0,Flat
1,candidate,engine/rocksdb/group_extrema/group_extrema/retract_half/16384/domain=16384/bytes=264/nulls=true,69,1.0,84547772.0,Flat
1,candidate,engine/rocksdb/group_extrema/group_extrema/retract_half/16384/domain=16384/bytes=264/nulls=true,70,1.0,93342817.0,Flat
1,candidate,engine/rocksdb/group_extrema/group_extrema/retract_half/16384/domain=16384/bytes=264/nulls=true,71,1.0,86522666.0,Flat
1,candidate,engine/rocksdb/group_extrema/group_extrema/retract_half/16384/domain=16384/bytes=264/nulls=true,72,1.0,90682764.0,Flat
1,candidate,engine/rocksdb/group_extrema/group_extrema/retract_half/16384/domain=16384/bytes=264/nulls=true,73,1.0,85094647.0,Flat
1,candidate,engine/rocksdb/group_extrema/group_extrema/retract_half/16384/domain=16384/bytes=264/nulls=true,74,1.0,84351297.0,Flat
1,candidate,engine/rocksdb/group_extrema/group_extrema/retract_half/16384/domain=16384/bytes=264/nulls=true,75,1.0,87990280.0,Flat
1,candidate,engine/rocksdb/group_extrema/group_extrema/retract_half/16384/domain=16384/bytes=264/nulls=true,76,1.0,86461408.0,Flat
1,candidate,engine/rocksdb/group_extrema/group_extrema/retract_half/16384/domain=16384/bytes=264/nulls=true,77,1.0,86266985.0,Flat
1,candidate,engine/rocksdb/group_extrema/group_extrema/retract_half/16384/domain=16384/bytes=264/nulls=true,78,1.0,86218698.0,Flat
1,candidate,engine/rocksdb/group_extrema/group_extrema/retract_half/16384/domain=16384/bytes=264/nulls=true,79,1.0,94521939.0,Flat
1,candidate,engine/rocksdb/group_extrema/group_extrema/retract_half/16384/domain=16384/bytes=264/nulls=true,80,1.0,86194211.0,Flat
1,candidate,engine/rocksdb/group_extrema/group_extrema/retract_half/16384/domain=16384/bytes=264/nulls=true,81,1.0,85894749.0,Flat
1,candidate,engine/rocksdb/group_extrema/group_extrema/retract_half/16384/domain=16384/bytes=264/nulls=true,82,1.0,85056998.0,Flat
1,candidate,engine/rocksdb/group_extrema/group_extrema/retract_half/16384/domain=16384/bytes=264/nulls=true,83,1.0,88790113.0,Flat
1,candidate,engine/rocksdb/group_extrema/group_extrema/retract_half/16384/domain=16384/bytes=264/nulls=true,84,1.0,89645686.0,Flat
1,candidate,engine/rocksdb/group_extrema/group_extrema/retract_half/16384/domain=16384/bytes=264/nulls=true,85,1.0,89045553.0,Flat
1,candidate,engine/rocksdb/group_extrema/group_extrema/retract_half/16384/domain=16384/bytes=264/nulls=true,86,1.0,114659240.0,Flat
1,candidate,engine/rocksdb/group_extrema/group_extrema/retract_half/16384/domain=16384/bytes=264/nulls=true,87,1.0,90668745.0,Flat
1,candidate,engine/rocksdb/group_extrema/group_extrema/retract_half/16384/domain=16384/bytes=264/nulls=true,88,1.0,86392639.0,Flat
1,candidate,engine/rocksdb/group_extrema/group_extrema/retract_half/16384/domain=16384/bytes=264/nulls=true,89,1.0,84553139.0,Flat
1,candidate,engine/rocksdb/group_extrema/group_extrema/retract_half/16384/domain=16384/bytes=264/nulls=true,90,1.0,93800758.0,Flat
1,candidate,engine/rocksdb/group_extrema/group_extrema/retract_half/16384/domain=16384/bytes=264/nulls=true,91,1.0,84201149.0,Flat
1,candidate,engine/rocksdb/group_extrema/group_extrema/retract_half/16384/domain=16384/bytes=264/nulls=true,92,1.0,86010984.0,Flat
1,candidate,engine/rocksdb/group_extrema/group_extrema/retract_half/16384/domain=16384/bytes=264/nulls=true,93,1.0,85032327.0,Flat
1,candidate,engine/rocksdb/group_extrema/group_extrema/retract_half/16384/domain=16384/bytes=264/nulls=true,94,1.0,92637257.0,Flat
1,candidate,engine/rocksdb/group_extrema/group_extrema/retract_half/16384/domain=16384/bytes=264/nulls=true,95,1.0,90099442.0,Flat
1,candidate,engine/rocksdb/group_extrema/group_extrema/retract_half/16384/domain=16384/bytes=264/nulls=true,96,1.0,88987879.0,Flat
1,candidate,engine/rocksdb/group_extrema/group_extrema/retract_half/16384/domain=16384/bytes=264/nulls=true,97,1.0,97717782.0,Flat
1,candidate,engine/rocksdb/group_extrema/group_extrema/retract_half/16384/domain=16384/bytes=264/nulls=true,98,1.0,94753717.0,Flat
1,candidate,engine/rocksdb/group_extrema/group_extrema/retract_half/16384/domain=16384/bytes=264/nulls=true,99,1.0,90755171.0,Flat
1,candidate,engine/rocksdb/group_extrema/group_extrema/retract_half/16384/domain=8/bytes=264/nulls=true,0,2.0,15055767.0,Flat
1,candidate,engine/rocksdb/group_extrema/group_extrema/retract_half/16384/domain=8/bytes=264/nulls=true,1,2.0,14978530.0,Flat
1,candidate,engine/rocksdb/group_extrema/group_extrema/retract_half/16384/domain=8/bytes=264/nulls=true,2,2.0,15009751.0,Flat
1,candidate,engine/rocksdb/group_extrema/group_extrema/retract_half/16384/domain=8/bytes=264/nulls=true,3,2.0,14961667.0,Flat
1,candidate,engine/rocksdb/group_extrema/group_extrema/retract_half/16384/domain=8/bytes=264/nulls=true,4,2.0,18906204.0,Flat
1,candidate,engine/rocksdb/group_extrema/group_extrema/retract_half/16384/domain=8/bytes=264/nulls=true,5,2.0,16038372.0,Flat
1,candidate,engine/rocksdb/group_extrema/group_extrema/retract_half/16384/domain=8/bytes=264/nulls=true,6,2.0,15587624.0,Flat
1,candidate,engine/rocksdb/group_extrema/group_extrema/retract_half/16384/domain=8/bytes=264/nulls=true,7,2.0,15087101.0,Flat
1,candidate,engine/rocksdb/group_extrema/group_extrema/retract_half/16384/domain=8/bytes=264/nulls=true,8,2.0,14950893.0,Flat
1,candidate,engine/rocksdb/group_extrema/group_extrema/retract_half/16384/domain=8/bytes=264/nulls=true,9,2.0,14992998.0,Flat
1,candidate,engine/rocksdb/group_extrema/group_extrema/retract_half/16384/domain=8/bytes=264/nulls=true,10,2.0,15518929.0,Flat
1,candidate,engine/rocksdb/group_extrema/group_extrema/retract_half/16384/domain=8/bytes=264/nulls=true,11,2.0,16130858.0,Flat
1,candidate,engine/rocksdb/group_extrema/group_extrema/retract_half/16384/domain=8/bytes=264/nulls=true,12,2.0,15870274.0,Flat
1,candidate,engine/rocksdb/group_extrema/group_extrema/retract_half/16384/domain=8/bytes=264/nulls=true,13,2.0,15469758.0,Flat
1,candidate,engine/rocksdb/group_extrema/group_extrema/retract_half/16384/domain=8/bytes=264/nulls=true,14,2.0,15448770.0,Flat
1,candidate,engine/rocksdb/group_extrema/group_extrema/retract_half/16384/domain=8/bytes=264/nulls=true,15,2.0,15192207.0,Flat
1,candidate,engine/rocksdb/group_extrema/group_extrema/retract_half/16384/domain=8/bytes=264/nulls=true,16,2.0,15187217.0,Flat
1,candidate,engine/rocksdb/group_extrema/group_extrema/retract_half/16384/domain=8/bytes=264/nulls=true,17,2.0,14759008.0,Flat
1,candidate,engine/rocksdb/group_extrema/group_extrema/retract_half/16384/domain=8/bytes=264/nulls=true,18,2.0,14998068.0,Flat
1,candidate,engine/rocksdb/group_extrema/group_extrema/retract_half/16384/domain=8/bytes=264/nulls=true,19,2.0,15302553.0,Flat
1,candidate,engine/rocksdb/group_extrema/group_extrema/retract_half/16384/domain=8/bytes=264/nulls=true,20,2.0,15803245.0,Flat
1,candidate,engine/rocksdb/group_extrema/group_extrema/retract_half/16384/domain=8/bytes=264/nulls=true,21,2.0,14740157.0,Flat
1,candidate,engine/rocksdb/group_extrema/group_extrema/retract_half/16384/domain=8/bytes=264/nulls=true,22,2.0,15567159.0,Flat
1,candidate,engine/rocksdb/group_extrema/group_extrema/retract_half/16384/domain=8/bytes=264/nulls=true,23,2.0,15911328.0,Flat
1,candidate,engine/rocksdb/group_extrema/group_extrema/retract_half/16384/domain=8/bytes=264/nulls=true,24,2.0,15346369.0,Flat
1,candidate,engine/rocksdb/group_extrema/group_extrema/retract_half/16384/domain=8/bytes=264/nulls=true,25,2.0,15480044.0,Flat
1,candidate,engine/rocksdb/group_extrema/group_extrema/retract_half/16384/domain=8/bytes=264/nulls=true,26,2.0,15119144.0,Flat
1,candidate,engine/rocksdb/group_extrema/group_extrema/retract_half/16384/domain=8/bytes=264/nulls=true,27,2.0,15056847.0,Flat
1,candidate,engine/rocksdb/group_extrema/group_extrema/retract_half/16384/domain=8/bytes=264/nulls=true,28,2.0,15265193.0,Flat
1,candidate,engine/rocksdb/group_extrema/group_extrema/retract_half/16384/domain=8/bytes=264/nulls=true,29,2.0,15157524.0,Flat
1,candidate,engine/rocksdb/group_extrema/group_extrema/retract_half/16384/domain=8/bytes=264/nulls=true,30,2.0,14901995.0,Flat
1,candidate,engine/rocksdb/group_extrema/group_extrema/retract_half/16384/domain=8/bytes=264/nulls=true,31,2.0,15183453.0,Flat
1,candidate,engine/rocksdb/group_extrema/group_extrema/retract_half/16384/domain=8/bytes=264/nulls=true,32,2.0,20536386.0,Flat
1,candidate,engine/rocksdb/group_extrema/group_extrema/retract_half/16384/domain=8/bytes=264/nulls=true,33,2.0,16330409.0,Flat
1,candidate,engine/rocksdb/group_extrema/group_extrema/retract_half/16384/domain=8/bytes=264/nulls=true,34,2.0,15106049.0,Flat
1,candidate,engine/rocksdb/group_extrema/group_extrema/retract_half/16384/domain=8/bytes=264/nulls=true,35,2.0,15107736.0,Flat
1,candidate,engine/rocksdb/group_extrema/group_extrema/retract_half/16384/domain=8/bytes=264/nulls=true,36,2.0,16041404.0,Flat
1,candidate,engine/rocksdb/group_extrema/group_extrema/retract_half/16384/domain=8/bytes=264/nulls=true,37,2.0,15077565.0,Flat
1,candidate,engine/rocksdb/group_extrema/group_extrema/retract_half/16384/domain=8/bytes=264/nulls=true,38,2.0,15641366.0,Flat
1,candidate,engine/rocksdb/group_extrema/group_extrema/retract_half/16384/domain=8/bytes=264/nulls=true,39,2.0,15024849.0,Flat
1,candidate,engine/rocksdb/group_extrema/group_extrema/retract_half/16384/domain=8/bytes=264/nulls=true,40,2.0,18740026.0,Flat
1,candidate,engine/rocksdb/group_extrema/group_extrema/retract_half/16384/domain=8/bytes=264/nulls=true,41,2.0,15893846.0,Flat
1,candidate,engine/rocksdb/group_extrema/group_extrema/retract_half/16384/domain=8/bytes=264/nulls=true,42,2.0,16469070.0,Flat
1,candidate,engine/rocksdb/group_extrema/group_extrema/retract_half/16384/domain=8/bytes=264/nulls=true,43,2.0,15651397.0,Flat
1,candidate,engine/rocksdb/group_extrema/group_extrema/retract_half/16384/domain=8/bytes=264/nulls=true,44,2.0,16218302.0,Flat
1,candidate,engine/rocksdb/group_extrema/group_extrema/retract_half/16384/domain=8/bytes=264/nulls=true,45,2.0,16559380.0,Flat
1,candidate,engine/rocksdb/group_extrema/group_extrema/retract_half/16384/domain=8/bytes=264/nulls=true,46,2.0,16608756.0,Flat
1,candidate,engine/rocksdb/group_extrema/group_extrema/retract_half/16384/domain=8/bytes=264/nulls=true,47,2.0,15181700.0,Flat
1,candidate,engine/rocksdb/group_extrema/group_extrema/retract_half/16384/domain=8/bytes=264/nulls=true,48,2.0,15615352.0,Flat
1,candidate,engine/rocksdb/group_extrema/group_extrema/retract_half/16384/domain=8/bytes=264/nulls=true,49,2.0,15125746.0,Flat
1,candidate,engine/rocksdb/group_extrema/group_extrema/retract_half/16384/domain=8/bytes=264/nulls=true,50,2.0,17174882.0,Flat
1,candidate,engine/rocksdb/group_extrema/group_extrema/retract_half/16384/domain=8/bytes=264/nulls=true,51,2.0,17281381.0,Flat
1,candidate,engine/rocksdb/group_extrema/group_extrema/retract_half/16384/domain=8/bytes=264/nulls=true,52,2.0,15042065.0,Flat
1,candidate,engine/rocksdb/group_extrema/group_extrema/retract_half/16384/domain=8/bytes=264/nulls=true,53,2.0,15720444.0,Flat
1,candidate,engine/rocksdb/group_extrema/group_extrema/retract_half/16384/domain=8/bytes=264/nulls=true,54,2.0,15271032.0,Flat
1,candidate,engine/rocksdb/group_extrema/group_extrema/retract_half/16384/domain=8/bytes=264/nulls=true,55,2.0,15396991.0,Flat
1,candidate,engine/rocksdb/group_extrema/group_extrema/retract_half/16384/domain=8/bytes=264/nulls=true,56,2.0,14961577.0,Flat
1,candidate,engine/rocksdb/group_extrema/group_extrema/retract_half/16384/domain=8/bytes=264/nulls=true,57,2.0,15213540.0,Flat
1,candidate,engine/rocksdb/group_extrema/group_extrema/retract_half/16384/domain=8/bytes=264/nulls=true,58,2.0,16835528.0,Flat
1,candidate,engine/rocksdb/group_extrema/group_extrema/retract_half/16384/domain=8/bytes=264/nulls=true,59,2.0,17138066.0,Flat
1,candidate,engine/rocksdb/group_extrema/group_extrema/retract_half/16384/domain=8/bytes=264/nulls=true,60,2.0,15112853.0,Flat
1,candidate,engine/rocksdb/group_extrema/group_extrema/retract_half/16384/domain=8/bytes=264/nulls=true,61,2.0,15249395.0,Flat
1,candidate,engine/rocksdb/group_extrema/group_extrema/retract_half/16384/domain=8/bytes=264/nulls=true,62,2.0,15304620.0,Flat
1,candidate,engine/rocksdb/group_extrema/group_extrema/retract_half/16384/domain=8/bytes=264/nulls=true,63,2.0,14787623.0,Flat
1,candidate,engine/rocksdb/group_extrema/group_extrema/retract_half/16384/domain=8/bytes=264/nulls=true,64,2.0,14817731.0,Flat
1,candidate,engine/rocksdb/group_extrema/group_extrema/retract_half/16384/domain=8/bytes=264/nulls=true,65,2.0,15097012.0,Flat
1,candidate,engine/rocksdb/group_extrema/group_extrema/retract_half/16384/domain=8/bytes=264/nulls=true,66,2.0,15440767.0,Flat
1,candidate,engine/rocksdb/group_extrema/group_extrema/retract_half/16384/domain=8/bytes=264/nulls=true,67,2.0,14665743.0,Flat
1,candidate,engine/rocksdb/group_extrema/group_extrema/retract_half/16384/domain=8/bytes=264/nulls=true,68,2.0,15053539.0,Flat
1,candidate,engine/rocksdb/group_extrema/group_extrema/retract_half/16384/domain=8/bytes=264/nulls=true,69,2.0,14363560.0,Flat
1,candidate,engine/rocksdb/group_extrema/group_extrema/retract_half/16384/domain=8/bytes=264/nulls=true,70,2.0,15358741.0,Flat
1,candidate,engine/rocksdb/group_extrema/group_extrema/retract_half/16384/domain=8/bytes=264/nulls=true,71,2.0,14840751.0,Flat
1,candidate,engine/rocksdb/group_extrema/group_extrema/retract_half/16384/domain=8/bytes=264/nulls=true,72,2.0,15243244.0,Flat
1,candidate,engine/rocksdb/group_extrema/group_extrema/retract_half/16384/domain=8/bytes=264/nulls=true,73,2.0,15207310.0,Flat
1,candidate,engine/rocksdb/group_extrema/group_extrema/retract_half/16384/domain=8/bytes=264/nulls=true,74,2.0,15258419.0,Flat
1,candidate,engine/rocksdb/group_extrema/group_extrema/retract_half/16384/domain=8/bytes=264/nulls=true,75,2.0,16181305.0,Flat
1,candidate,engine/rocksdb/group_extrema/group_extrema/retract_half/16384/domain=8/bytes=264/nulls=true,76,2.0,15486957.0,Flat
1,candidate,engine/rocksdb/group_extrema/group_extrema/retract_half/16384/domain=8/bytes=264/nulls=true,77,2.0,15009211.0,Flat
1,candidate,engine/rocksdb/group_extrema/group_extrema/retract_half/16384/domain=8/bytes=264/nulls=true,78,2.0,14883982.0,Flat
1,candidate,engine/rocksdb/group_extrema/group_extrema/retract_half/16384/domain=8/bytes=264/nulls=true,79,2.0,14955737.0,Flat
1,candidate,engine/rocksdb/group_extrema/group_extrema/retract_half/16384/domain=8/bytes=264/nulls=true,80,2.0,15283209.0,Flat
1,candidate,engine/rocksdb/group_extrema/group_extrema/retract_half/16384/domain=8/bytes=264/nulls=true,81,2.0,16092359.0,Flat
1,candidate,engine/rocksdb/group_extrema/group_extrema/retract_half/16384/domain=8/bytes=264/nulls=true,82,2.0,14975442.0,Flat
1,candidate,engine/rocksdb/group_extrema/group_extrema/retract_half/16384/domain=8/bytes=264/nulls=true,83,2.0,14898623.0,Flat
1,candidate,engine/rocksdb/group_extrema/group_extrema/retract_half/16384/domain=8/bytes=264/nulls=true,84,2.0,14395233.0,Flat
1,candidate,engine/rocksdb/group_extrema/group_extrema/retract_half/16384/domain=8/bytes=264/nulls=true,85,2.0,15206135.0,Flat
1,candidate,engine/rocksdb/group_extrema/group_extrema/retract_half/16384/domain=8/bytes=264/nulls=true,86,2.0,15427136.0,Flat
1,candidate,engine/rocksdb/group_extrema/group_extrema/retract_half/16384/domain=8/bytes=264/nulls=true,87,2.0,15527599.0,Flat
1,candidate,engine/rocksdb/group_extrema/group_extrema/retract_half/16384/domain=8/bytes=264/nulls=true,88,2.0,15270360.0,Flat
1,candidate,engine/rocksdb/group_extrema/group_extrema/retract_half/16384/domain=8/bytes=264/nulls=true,89,2.0,14755386.0,Flat
1,candidate,engine/rocksdb/group_extrema/group_extrema/retract_half/16384/domain=8/bytes=264/nulls=true,90,2.0,14672257.0,Flat
1,candidate,engine/rocksdb/group_extrema/group_extrema/retract_half/16384/domain=8/bytes=264/nulls=true,91,2.0,14579910.0,Flat
1,candidate,engine/rocksdb/group_extrema/group_extrema/retract_half/16384/domain=8/bytes=264/nulls=true,92,2.0,14434705.0,Flat
1,candidate,engine/rocksdb/group_extrema/group_extrema/retract_half/16384/domain=8/bytes=264/nulls=true,93,2.0,15206148.0,Flat
1,candidate,engine/rocksdb/group_extrema/group_extrema/retract_half/16384/domain=8/bytes=264/nulls=true,94,2.0,14947908.0,Flat
1,candidate,engine/rocksdb/group_extrema/group_extrema/retract_half/16384/domain=8/bytes=264/nulls=true,95,2.0,16101248.0,Flat
1,candidate,engine/rocksdb/group_extrema/group_extrema/retract_half/16384/domain=8/bytes=264/nulls=true,96,2.0,15035297.0,Flat
1,candidate,engine/rocksdb/group_extrema/group_extrema/retract_half/16384/domain=8/bytes=264/nulls=true,97,2.0,15534800.0,Flat
1,candidate,engine/rocksdb/group_extrema/group_extrema/retract_half/16384/domain=8/bytes=264/nulls=true,98,2.0,16648373.0,Flat
1,candidate,engine/rocksdb/group_extrema/group_extrema/retract_half/16384/domain=8/bytes=264/nulls=true,99,2.0,16273198.0,Flat
2,original,engine/rocksdb/group_extrema/group_extrema/restore_aligned/16384/domain=16384/bytes=264/nulls=true,0,3.0,51984977.0,Flat
2,original,engine/rocksdb/group_extrema/group_extrema/restore_aligned/16384/domain=16384/bytes=264/nulls=true,1,3.0,53160034.0,Flat
2,original,engine/rocksdb/group_extrema/group_extrema/restore_aligned/16384/domain=16384/bytes=264/nulls=true,2,3.0,53032075.0,Flat
2,original,engine/rocksdb/group_extrema/group_extrema/restore_aligned/16384/domain=16384/bytes=264/nulls=true,3,3.0,51057558.0,Flat
2,original,engine/rocksdb/group_extrema/group_extrema/restore_aligned/16384/domain=16384/bytes=264/nulls=true,4,3.0,51415513.0,Flat
2,original,engine/rocksdb/group_extrema/group_extrema/restore_aligned/16384/domain=16384/bytes=264/nulls=true,5,3.0,49891752.0,Flat
2,original,engine/rocksdb/group_extrema/group_extrema/restore_aligned/16384/domain=16384/bytes=264/nulls=true,6,3.0,51240270.0,Flat
2,original,engine/rocksdb/group_extrema/group_extrema/restore_aligned/16384/domain=16384/bytes=264/nulls=true,7,3.0,51871928.0,Flat
2,original,engine/rocksdb/group_extrema/group_extrema/restore_aligned/16384/domain=16384/bytes=264/nulls=true,8,3.0,52718879.0,Flat
2,original,engine/rocksdb/group_extrema/group_extrema/restore_aligned/16384/domain=16384/bytes=264/nulls=true,9,3.0,61227725.0,Flat
2,original,engine/rocksdb/group_extrema/group_extrema/restore_aligned/16384/domain=16384/bytes=264/nulls=true,10,3.0,56163837.0,Flat
2,original,engine/rocksdb/group_extrema/group_extrema/restore_aligned/16384/domain=16384/bytes=264/nulls=true,11,3.0,52392160.0,Flat
2,original,engine/rocksdb/group_extrema/group_extrema/restore_aligned/16384/domain=16384/bytes=264/nulls=true,12,3.0,53124579.0,Flat
2,original,engine/rocksdb/group_extrema/group_extrema/restore_aligned/16384/domain=16384/bytes=264/nulls=true,13,3.0,51099246.0,Flat
2,original,engine/rocksdb/group_extrema/group_extrema/restore_aligned/16384/domain=16384/bytes=264/nulls=true,14,3.0,52085548.0,Flat
2,original,engine/rocksdb/group_extrema/group_extrema/restore_aligned/16384/domain=16384/bytes=264/nulls=true,15,3.0,52091417.0,Flat
2,original,engine/rocksdb/group_extrema/group_extrema/restore_aligned/16384/domain=16384/bytes=264/nulls=true,16,3.0,50461333.0,Flat
2,original,engine/rocksdb/group_extrema/group_extrema/restore_aligned/16384/domain=16384/bytes=264/nulls=true,17,3.0,51313105.0,Flat
2,original,engine/rocksdb/group_extrema/group_extrema/restore_aligned/16384/domain=16384/bytes=264/nulls=true,18,3.0,53111369.0,Flat
2,original,engine/rocksdb/group_extrema/group_extrema/restore_aligned/16384/domain=16384/bytes=264/nulls=true,19,3.0,50879677.0,Flat
2,original,engine/rocksdb/group_extrema/group_extrema/restore_aligned/16384/domain=16384/bytes=264/nulls=true,20,3.0,50945558.0,Flat
2,original,engine/rocksdb/group_extrema/group_extrema/restore_aligned/16384/domain=16384/bytes=264/nulls=true,21,3.0,50631853.0,Flat
2,original,engine/rocksdb/group_extrema/group_extrema/restore_aligned/16384/domain=16384/bytes=264/nulls=true,22,3.0,49260253.0,Flat
2,original,engine/rocksdb/group_extrema/group_extrema/restore_aligned/16384/domain=16384/bytes=264/nulls=true,23,3.0,54156624.0,Flat
2,original,engine/rocksdb/group_extrema/group_extrema/restore_aligned/16384/domain=16384/bytes=264/nulls=true,24,3.0,55055960.0,Flat
2,original,engine/rocksdb/group_extrema/group_extrema/restore_aligned/16384/domain=16384/bytes=264/nulls=true,25,3.0,52919842.0,Flat
2,original,engine/rocksdb/group_extrema/group_extrema/restore_aligned/16384/domain=16384/bytes=264/nulls=true,26,3.0,49457137.0,Flat
2,original,engine/rocksdb/group_extrema/group_extrema/restore_aligned/16384/domain=16384/bytes=264/nulls=true,27,3.0,49311554.0,Flat
2,original,engine/rocksdb/group_extrema/group_extrema/restore_aligned/16384/domain=16384/bytes=264/nulls=true,28,3.0,50723059.0,Flat
2,original,engine/rocksdb/group_extrema/group_extrema/restore_aligned/16384/domain=16384/bytes=264/nulls=true,29,3.0,52111096.0,Flat
2,original,engine/rocksdb/group_extrema/group_extrema/restore_aligned/16384/domain=16384/bytes=264/nulls=true,30,3.0,50248945.0,Flat
2,original,engine/rocksdb/group_extrema/group_extrema/restore_aligned/16384/domain=16384/bytes=264/nulls=true,31,3.0,49769673.0,Flat
2,original,engine/rocksdb/group_extrema/group_extrema/restore_aligned/16384/domain=16384/bytes=264/nulls=true,32,3.0,52619198.0,Flat
2,original,engine/rocksdb/group_extrema/group_extrema/restore_aligned/16384/domain=16384/bytes=264/nulls=true,33,3.0,51137593.0,Flat
2,original,engine/rocksdb/group_extrema/group_extrema/restore_aligned/16384/domain=16384/bytes=264/nulls=true,34,3.0,50548762.0,Flat
2,original,engine/rocksdb/group_extrema/group_extrema/restore_aligned/16384/domain=16384/bytes=264/nulls=true,35,3.0,48371016.0,Flat
2,original,engine/rocksdb/group_extrema/group_extrema/restore_aligned/16384/domain=16384/bytes=264/nulls=true,36,3.0,49219576.0,Flat
2,original,engine/rocksdb/group_extrema/group_extrema/restore_aligned/16384/domain=16384/bytes=264/nulls=true,37,3.0,48938363.0,Flat
2,original,engine/rocksdb/group_extrema/group_extrema/restore_aligned/16384/domain=16384/bytes=264/nulls=true,38,3.0,49231196.0,Flat
2,original,engine/rocksdb/group_extrema/group_extrema/restore_aligned/16384/domain=16384/bytes=264/nulls=true,39,3.0,52703966.0,Flat
2,original,engine/rocksdb/group_extrema/group_extrema/restore_aligned/16384/domain=16384/bytes=264/nulls=true,40,3.0,52751556.0,Flat
2,original,engine/rocksdb/group_extrema/group_extrema/restore_aligned/16384/domain=16384/bytes=264/nulls=true,41,3.0,48824806.0,Flat
2,original,engine/rocksdb/group_extrema/group_extrema/restore_aligned/16384/domain=16384/bytes=264/nulls=true,42,3.0,50146469.0,Flat
2,original,engine/rocksdb/group_extrema/group_extrema/restore_aligned/16384/domain=16384/bytes=264/nulls=true,43,3.0,52317849.0,Flat
2,original,engine/rocksdb/group_extrema/group_extrema/restore_aligned/16384/domain=16384/bytes=264/nulls=true,44,3.0,52051341.0,Flat
2,original,engine/rocksdb/group_extrema/group_extrema/restore_aligned/16384/domain=16384/bytes=264/nulls=true,45,3.0,50293917.0,Flat
2,original,engine/rocksdb/group_extrema/group_extrema/restore_aligned/16384/domain=16384/bytes=264/nulls=true,46,3.0,47957089.0,Flat
2,original,engine/rocksdb/group_extrema/group_extrema/restore_aligned/16384/domain=16384/bytes=264/nulls=true,47,3.0,50278237.0,Flat
2,original,engine/rocksdb/group_extrema/group_extrema/restore_aligned/16384/domain=16384/bytes=264/nulls=true,48,3.0,48509228.0,Flat
2,original,engine/rocksdb/group_extrema/group_extrema/restore_aligned/16384/domain=16384/bytes=264/nulls=true,49,3.0,47611640.0,Flat
2,original,engine/rocksdb/group_extrema/group_extrema/restore_aligned/16384/domain=16384/bytes=264/nulls=true,50,3.0,50717479.0,Flat
2,original,engine/rocksdb/group_extrema/group_extrema/restore_aligned/16384/domain=16384/bytes=264/nulls=true,51,3.0,49390919.0,Flat
2,original,engine/rocksdb/group_extrema/group_extrema/restore_aligned/16384/domain=16384/bytes=264/nulls=true,52,3.0,50904363.0,Flat
2,original,engine/rocksdb/group_extrema/group_extrema/restore_aligned/16384/domain=16384/bytes=264/nulls=true,53,3.0,50865525.0,Flat
2,original,engine/rocksdb/group_extrema/group_extrema/restore_aligned/16384/domain=16384/bytes=264/nulls=true,54,3.0,52710142.0,Flat
2,original,engine/rocksdb/group_extrema/group_extrema/restore_aligned/16384/domain=16384/bytes=264/nulls=true,55,3.0,49843744.0,Flat
2,original,engine/rocksdb/group_extrema/group_extrema/restore_aligned/16384/domain=16384/bytes=264/nulls=true,56,3.0,51095967.0,Flat
2,original,engine/rocksdb/group_extrema/group_extrema/restore_aligned/16384/domain=16384/bytes=264/nulls=true,57,3.0,56933127.0,Flat
2,original,engine/rocksdb/group_extrema/group_extrema/restore_aligned/16384/domain=16384/bytes=264/nulls=true,58,3.0,50582514.0,Flat
2,original,engine/rocksdb/group_extrema/group_extrema/restore_aligned/16384/domain=16384/bytes=264/nulls=true,59,3.0,52663511.0,Flat
2,original,engine/rocksdb/group_extrema/group_extrema/restore_aligned/16384/domain=16384/bytes=264/nulls=true,60,3.0,52864150.0,Flat
2,original,engine/rocksdb/group_extrema/group_extrema/restore_aligned/16384/domain=16384/bytes=264/nulls=true,61,3.0,52766806.0,Flat
2,original,engine/rocksdb/group_extrema/group_extrema/restore_aligned/16384/domain=16384/bytes=264/nulls=true,62,3.0,53087548.0,Flat
2,original,engine/rocksdb/group_extrema/group_extrema/restore_aligned/16384/domain=16384/bytes=264/nulls=true,63,3.0,56469334.0,Flat
2,original,engine/rocksdb/group_extrema/group_extrema/restore_aligned/16384/domain=16384/bytes=264/nulls=true,64,3.0,90310798.0,Flat
2,original,engine/rocksdb/group_extrema/group_extrema/restore_aligned/16384/domain=16384/bytes=264/nulls=true,65,3.0,51590391.0,Flat
2,original,engine/rocksdb/group_extrema/group_extrema/restore_aligned/16384/domain=16384/bytes=264/nulls=true,66,3.0,51753184.0,Flat
2,original,engine/rocksdb/group_extrema/group_extrema/restore_aligned/16384/domain=16384/bytes=264/nulls=true,67,3.0,51149308.0,Flat
2,original,engine/rocksdb/group_extrema/group_extrema/restore_aligned/16384/domain=16384/bytes=264/nulls=true,68,3.0,52622521.0,Flat
2,original,engine/rocksdb/group_extrema/group_extrema/restore_aligned/16384/domain=16384/bytes=264/nulls=true,69,3.0,50414816.0,Flat
2,original,engine/rocksdb/group_extrema/group_extrema/restore_aligned/16384/domain=16384/bytes=264/nulls=true,70,3.0,55081449.0,Flat
2,original,engine/rocksdb/group_extrema/group_extrema/restore_aligned/16384/domain=16384/bytes=264/nulls=true,71,3.0,53556704.0,Flat
2,original,engine/rocksdb/group_extrema/group_extrema/restore_aligned/16384/domain=16384/bytes=264/nulls=true,72,3.0,52125977.0,Flat
2,original,engine/rocksdb/group_extrema/group_extrema/restore_aligned/16384/domain=16384/bytes=264/nulls=true,73,3.0,52583240.0,Flat
2,original,engine/rocksdb/group_extrema/group_extrema/restore_aligned/16384/domain=16384/bytes=264/nulls=true,74,3.0,52742539.0,Flat
2,original,engine/rocksdb/group_extrema/group_extrema/restore_aligned/16384/domain=16384/bytes=264/nulls=true,75,3.0,49877702.0,Flat
2,original,engine/rocksdb/group_extrema/group_extrema/restore_aligned/16384/domain=16384/bytes=264/nulls=true,76,3.0,53226366.0,Flat
2,original,engine/rocksdb/group_extrema/group_extrema/restore_aligned/16384/domain=16384/bytes=264/nulls=true,77,3.0,50141985.0,Flat
2,original,engine/rocksdb/group_extrema/group_extrema/restore_aligned/16384/domain=16384/bytes=264/nulls=true,78,3.0,53942896.0,Flat
2,original,engine/rocksdb/group_extrema/group_extrema/restore_aligned/16384/domain=16384/bytes=264/nulls=true,79,3.0,51329199.0,Flat
2,original,engine/rocksdb/group_extrema/group_extrema/restore_aligned/16384/domain=16384/bytes=264/nulls=true,80,3.0,49317644.0,Flat
2,original,engine/rocksdb/group_extrema/group_extrema/restore_aligned/16384/domain=16384/bytes=264/nulls=true,81,3.0,51746936.0,Flat
2,original,engine/rocksdb/group_extrema/group_extrema/restore_aligned/16384/domain=16384/bytes=264/nulls=true,82,3.0,51544473.0,Flat
2,original,engine/rocksdb/group_extrema/group_extrema/restore_aligned/16384/domain=16384/bytes=264/nulls=true,83,3.0,48976606.0,Flat
2,original,engine/rocksdb/group_extrema/group_extrema/restore_aligned/16384/domain=16384/bytes=264/nulls=true,84,3.0,48198906.0,Flat
2,original,engine/rocksdb/group_extrema/group_extrema/restore_aligned/16384/domain=16384/bytes=264/nulls=true,85,3.0,49178924.0,Flat
2,original,engine/rocksdb/group_extrema/group_extrema/restore_aligned/16384/domain=16384/bytes=264/nulls=true,86,3.0,50724027.0,Flat
2,original,engine/rocksdb/group_extrema/group_extrema/restore_aligned/16384/domain=16384/bytes=264/nulls=true,87,3.0,47637602.0,Flat
2,original,engine/rocksdb/group_extrema/group_extrema/restore_aligned/16384/domain=16384/bytes=264/nulls=true,88,3.0,49103852.0,Flat
2,original,engine/rocksdb/group_extrema/group_extrema/restore_aligned/16384/domain=16384/bytes=264/nulls=true,89,3.0,51988928.0,Flat
2,original,engine/rocksdb/group_extrema/group_extrema/restore_aligned/16384/domain=16384/bytes=264/nulls=true,90,3.0,48825091.0,Flat
2,original,engine/rocksdb/group_extrema/group_extrema/restore_aligned/16384/domain=16384/bytes=264/nulls=true,91,3.0,48918134.0,Flat
2,original,engine/rocksdb/group_extrema/group_extrema/restore_aligned/16384/domain=16384/bytes=264/nulls=true,92,3.0,52333382.0,Flat
2,original,engine/rocksdb/group_extrema/group_extrema/restore_aligned/16384/domain=16384/bytes=264/nulls=true,93,3.0,55071117.0,Flat
2,original,engine/rocksdb/group_extrema/group_extrema/restore_aligned/16384/domain=16384/bytes=264/nulls=true,94,3.0,51097550.0,Flat
2,original,engine/rocksdb/group_extrema/group_extrema/restore_aligned/16384/domain=16384/bytes=264/nulls=true,95,3.0,50285090.0,Flat
2,original,engine/rocksdb/group_extrema/group_extrema/restore_aligned/16384/domain=16384/bytes=264/nulls=true,96,3.0,49564674.0,Flat
2,original,engine/rocksdb/group_extrema/group_extrema/restore_aligned/16384/domain=16384/bytes=264/nulls=true,97,3.0,49689507.0,Flat
2,original,engine/rocksdb/group_extrema/group_extrema/restore_aligned/16384/domain=16384/bytes=264/nulls=true,98,3.0,52533449.0,Flat
2,original,engine/rocksdb/group_extrema/group_extrema/restore_aligned/16384/domain=16384/bytes=264/nulls=true,99,3.0,49966121.0,Flat
2,original,engine/rocksdb/group_extrema/group_extrema/restore_rebuilt/16384/domain=16384/bytes=264/nulls=true,0,1.0,44585543.0,Flat
2,original,engine/rocksdb/group_extrema/group_extrema/restore_rebuilt/16384/domain=16384/bytes=264/nulls=true,1,1.0,51114442.0,Flat
2,original,engine/rocksdb/group_extrema/group_extrema/restore_rebuilt/16384/domain=16384/bytes=264/nulls=true,2,1.0,44083272.0,Flat
2,original,engine/rocksdb/group_extrema/group_extrema/restore_rebuilt/16384/domain=16384/bytes=264/nulls=true,3,1.0,48741088.0,Flat
2,original,engine/rocksdb/group_extrema/group_extrema/restore_rebuilt/16384/domain=16384/bytes=264/nulls=true,4,1.0,49263737.0,Flat
2,original,engine/rocksdb/group_extrema/group_extrema/restore_rebuilt/16384/domain=16384/bytes=264/nulls=true,5,1.0,46215105.0,Flat
2,original,engine/rocksdb/group_extrema/group_extrema/restore_rebuilt/16384/domain=16384/bytes=264/nulls=true,6,1.0,47058964.0,Flat
2,original,engine/rocksdb/group_extrema/group_extrema/restore_rebuilt/16384/domain=16384/bytes=264/nulls=true,7,1.0,43202931.0,Flat
2,original,engine/rocksdb/group_extrema/group_extrema/restore_rebuilt/16384/domain=16384/bytes=264/nulls=true,8,1.0,47352641.0,Flat
2,original,engine/rocksdb/group_extrema/group_extrema/restore_rebuilt/16384/domain=16384/bytes=264/nulls=true,9,1.0,49362182.0,Flat
2,original,engine/rocksdb/group_extrema/group_extrema/restore_rebuilt/16384/domain=16384/bytes=264/nulls=true,10,1.0,45424154.0,Flat
2,original,engine/rocksdb/group_extrema/group_extrema/restore_rebuilt/16384/domain=16384/bytes=264/nulls=true,11,1.0,56864109.0,Flat
2,original,engine/rocksdb/group_extrema/group_extrema/restore_rebuilt/16384/domain=16384/bytes=264/nulls=true,12,1.0,42361879.0,Flat
2,original,engine/rocksdb/group_extrema/group_extrema/restore_rebuilt/16384/domain=16384/bytes=264/nulls=true,13,1.0,49827651.0,Flat
2,original,engine/rocksdb/group_extrema/group_extrema/restore_rebuilt/16384/domain=16384/bytes=264/nulls=true,14,1.0,43568733.0,Flat
2,original,engine/rocksdb/group_extrema/group_extrema/restore_rebuilt/16384/domain=16384/bytes=264/nulls=true,15,1.0,45187974.0,Flat
2,original,engine/rocksdb/group_extrema/group_extrema/restore_rebuilt/16384/domain=16384/bytes=264/nulls=true,16,1.0,45141648.0,Flat
2,original,engine/rocksdb/group_extrema/group_extrema/restore_rebuilt/16384/domain=16384/bytes=264/nulls=true,17,1.0,45452511.0,Flat
2,original,engine/rocksdb/group_extrema/group_extrema/restore_rebuilt/16384/domain=16384/bytes=264/nulls=true,18,1.0,46104537.0,Flat
2,original,engine/rocksdb/group_extrema/group_extrema/restore_rebuilt/16384/domain=16384/bytes=264/nulls=true,19,1.0,42671019.0,Flat
2,original,engine/rocksdb/group_extrema/group_extrema/restore_rebuilt/16384/domain=16384/bytes=264/nulls=true,20,1.0,46684227.0,Flat
2,original,engine/rocksdb/group_extrema/group_extrema/restore_rebuilt/16384/domain=16384/bytes=264/nulls=true,21,1.0,45692831.0,Flat
2,original,engine/rocksdb/group_extrema/group_extrema/restore_rebuilt/16384/domain=16384/bytes=264/nulls=true,22,1.0,44568656.0,Flat
2,original,engine/rocksdb/group_extrema/group_extrema/restore_rebuilt/16384/domain=16384/bytes=264/nulls=true,23,1.0,43214509.0,Flat
2,original,engine/rocksdb/group_extrema/group_extrema/restore_rebuilt/16384/domain=16384/bytes=264/nulls=true,24,1.0,44003901.0,Flat
2,original,engine/rocksdb/group_extrema/group_extrema/restore_rebuilt/16384/domain=16384/bytes=264/nulls=true,25,1.0,47841347.0,Flat
2,original,engine/rocksdb/group_extrema/group_extrema/restore_rebuilt/16384/domain=16384/bytes=264/nulls=true,26,1.0,48820842.0,Flat
2,original,engine/rocksdb/group_extrema/group_extrema/restore_rebuilt/16384/domain=16384/bytes=264/nulls=true,27,1.0,43275483.0,Flat
2,original,engine/rocksdb/group_extrema/group_extrema/restore_rebuilt/16384/domain=16384/bytes=264/nulls=true,28,1.0,44419876.0,Flat
2,original,engine/rocksdb/group_extrema/group_extrema/restore_rebuilt/16384/domain=16384/bytes=264/nulls=true,29,1.0,45878945.0,Flat
2,original,engine/rocksdb/group_extrema/group_extrema/restore_rebuilt/16384/domain=16384/bytes=264/nulls=true,30,1.0,48037945.0,Flat
2,original,engine/rocksdb/group_extrema/group_extrema/restore_rebuilt/16384/domain=16384/bytes=264/nulls=true,31,1.0,49353549.0,Flat
2,original,engine/rocksdb/group_extrema/group_extrema/restore_rebuilt/16384/domain=16384/bytes=264/nulls=true,32,1.0,41832364.0,Flat
2,original,engine/rocksdb/group_extrema/group_extrema/restore_rebuilt/16384/domain=16384/bytes=264/nulls=true,33,1.0,44714117.0,Flat
2,original,engine/rocksdb/group_extrema/group_extrema/restore_rebuilt/16384/domain=16384/bytes=264/nulls=true,34,1.0,47756218.0,Flat
2,original,engine/rocksdb/group_extrema/group_extrema/restore_rebuilt/16384/domain=16384/bytes=264/nulls=true,35,1.0,45879512.0,Flat
2,original,engine/rocksdb/group_extrema/group_extrema/restore_rebuilt/16384/domain=16384/bytes=264/nulls=true,36,1.0,44930465.0,Flat
2,original,engine/rocksdb/group_extrema/group_extrema/restore_rebuilt/16384/domain=16384/bytes=264/nulls=true,37,1.0,49541349.0,Flat
2,original,engine/rocksdb/group_extrema/group_extrema/restore_rebuilt/16384/domain=16384/bytes=264/nulls=true,38,1.0,44993727.0,Flat
2,original,engine/rocksdb/group_extrema/group_extrema/restore_rebuilt/16384/domain=16384/bytes=264/nulls=true,39,1.0,45835763.0,Flat
2,original,engine/rocksdb/group_extrema/group_extrema/restore_rebuilt/16384/domain=16384/bytes=264/nulls=true,40,1.0,45234219.0,Flat
2,original,engine/rocksdb/group_extrema/group_extrema/restore_rebuilt/16384/domain=16384/bytes=264/nulls=true,41,1.0,43490762.0,Flat
2,original,engine/rocksdb/group_extrema/group_extrema/restore_rebuilt/16384/domain=16384/bytes=264/nulls=true,42,1.0,45096768.0,Flat
2,original,engine/rocksdb/group_extrema/group_extrema/restore_rebuilt/16384/domain=16384/bytes=264/nulls=true,43,1.0,44110266.0,Flat
2,original,engine/rocksdb/group_extrema/group_extrema/restore_rebuilt/16384/domain=16384/bytes=264/nulls=true,44,1.0,49654223.0,Flat
2,original,engine/rocksdb/group_extrema/group_extrema/restore_rebuilt/16384/domain=16384/bytes=264/nulls=true,45,1.0,46531813.0,Flat
2,original,engine/rocksdb/group_extrema/group_extrema/restore_rebuilt/16384/domain=16384/bytes=264/nulls=true,46,1.0,43993305.0,Flat
2,original,engine/rocksdb/group_extrema/group_extrema/restore_rebuilt/16384/domain=16384/bytes=264/nulls=true,47,1.0,45654722.0,Flat
2,original,engine/rocksdb/group_extrema/group_extrema/restore_rebuilt/16384/domain=16384/bytes=264/nulls=true,48,1.0,47637253.0,Flat
2,original,engine/rocksdb/group_extrema/group_extrema/restore_rebuilt/16384/domain=16384/bytes=264/nulls=true,49,1.0,43102150.0,Flat
2,original,engine/rocksdb/group_extrema/group_extrema/restore_rebuilt/16384/domain=16384/bytes=264/nulls=true,50,1.0,43773137.0,Flat
2,original,engine/rocksdb/group_extrema/group_extrema/restore_rebuilt/16384/domain=16384/bytes=264/nulls=true,51,1.0,48009397.0,Flat
2,original,engine/rocksdb/group_extrema/group_extrema/restore_rebuilt/16384/domain=16384/bytes=264/nulls=true,52,1.0,45788908.0,Flat
2,original,engine/rocksdb/group_extrema/group_extrema/restore_rebuilt/16384/domain=16384/bytes=264/nulls=true,53,1.0,47776930.0,Flat
2,original,engine/rocksdb/group_extrema/group_extrema/restore_rebuilt/16384/domain=16384/bytes=264/nulls=true,54,1.0,44479969.0,Flat
2,original,engine/rocksdb/group_extrema/group_extrema/restore_rebuilt/16384/domain=16384/bytes=264/nulls=true,55,1.0,46334173.0,Flat
2,original,engine/rocksdb/group_extrema/group_extrema/restore_rebuilt/16384/domain=16384/bytes=264/nulls=true,56,1.0,40965480.0,Flat
2,original,engine/rocksdb/group_extrema/group_extrema/restore_rebuilt/16384/domain=16384/bytes=264/nulls=true,57,1.0,43992056.0,Flat
2,original,engine/rocksdb/group_extrema/group_extrema/restore_rebuilt/16384/domain=16384/bytes=264/nulls=true,58,1.0,44355593.0,Flat
2,original,engine/rocksdb/group_extrema/group_extrema/restore_rebuilt/16384/domain=16384/bytes=264/nulls=true,59,1.0,47230981.0,Flat
2,original,engine/rocksdb/group_extrema/group_extrema/restore_rebuilt/16384/domain=16384/bytes=264/nulls=true,60,1.0,46872019.0,Flat
2,original,engine/rocksdb/group_extrema/group_extrema/restore_rebuilt/16384/domain=16384/bytes=264/nulls=true,61,1.0,46868999.0,Flat
2,original,engine/rocksdb/group_extrema/group_extrema/restore_rebuilt/16384/domain=16384/bytes=264/nulls=true,62,1.0,45210240.0,Flat
2,original,engine/rocksdb/group_extrema/group_extrema/restore_rebuilt/16384/domain=16384/bytes=264/nulls=true,63,1.0,46617249.0,Flat
2,original,engine/rocksdb/group_extrema/group_extrema/restore_rebuilt/16384/domain=16384/bytes=264/nulls=true,64,1.0,45461043.0,Flat
2,original,engine/rocksdb/group_extrema/group_extrema/restore_rebuilt/16384/domain=16384/bytes=264/nulls=true,65,1.0,45496848.0,Flat
2,original,engine/rocksdb/group_extrema/group_extrema/restore_rebuilt/16384/domain=16384/bytes=264/nulls=true,66,1.0,44686355.0,Flat
2,original,engine/rocksdb/group_extrema/group_extrema/restore_rebuilt/16384/domain=16384/bytes=264/nulls=true,67,1.0,45035469.0,Flat
2,original,engine/rocksdb/group_extrema/group_extrema/restore_rebuilt/16384/domain=16384/bytes=264/nulls=true,68,1.0,47637940.0,Flat
2,original,engine/rocksdb/group_extrema/group_extrema/restore_rebuilt/16384/domain=16384/bytes=264/nulls=true,69,1.0,50669886.0,Flat
2,original,engine/rocksdb/group_extrema/group_extrema/restore_rebuilt/16384/domain=16384/bytes=264/nulls=true,70,1.0,43618473.0,Flat
2,original,engine/rocksdb/group_extrema/group_extrema/restore_rebuilt/16384/domain=16384/bytes=264/nulls=true,71,1.0,45730320.0,Flat
2,original,engine/rocksdb/group_extrema/group_extrema/restore_rebuilt/16384/domain=16384/bytes=264/nulls=true,72,1.0,42723917.0,Flat
2,original,engine/rocksdb/group_extrema/group_extrema/restore_rebuilt/16384/domain=16384/bytes=264/nulls=true,73,1.0,43548822.0,Flat
2,original,engine/rocksdb/group_extrema/group_extrema/restore_rebuilt/16384/domain=16384/bytes=264/nulls=true,74,1.0,44725233.0,Flat
2,original,engine/rocksdb/group_extrema/group_extrema/restore_rebuilt/16384/domain=16384/bytes=264/nulls=true,75,1.0,45153450.0,Flat
2,original,engine/rocksdb/group_extrema/group_extrema/restore_rebuilt/16384/domain=16384/bytes=264/nulls=true,76,1.0,43070680.0,Flat
2,original,engine/rocksdb/group_extrema/group_extrema/restore_rebuilt/16384/domain=16384/bytes=264/nulls=true,77,1.0,46852103.0,Flat
2,original,engine/rocksdb/group_extrema/group_extrema/restore_rebuilt/16384/domain=16384/bytes=264/nulls=true,78,1.0,46244100.0,Flat
2,original,engine/rocksdb/group_extrema/group_extrema/restore_rebuilt/16384/domain=16384/bytes=264/nulls=true,79,1.0,41809826.0,Flat
2,original,engine/rocksdb/group_extrema/group_extrema/restore_rebuilt/16384/domain=16384/bytes=264/nulls=true,80,1.0,45562544.0,Flat
2,original,engine/rocksdb/group_extrema/group_extrema/restore_rebuilt/16384/domain=16384/bytes=264/nulls=true,81,1.0,45136641.0,Flat
2,original,engine/rocksdb/group_extrema/group_extrema/restore_rebuilt/16384/domain=16384/bytes=264/nulls=true,82,1.0,43438098.0,Flat
2,original,engine/rocksdb/group_extrema/group_extrema/restore_rebuilt/16384/domain=16384/bytes=264/nulls=true,83,1.0,44847406.0,Flat
2,original,engine/rocksdb/group_extrema/group_extrema/restore_rebuilt/16384/domain=16384/bytes=264/nulls=true,84,1.0,47044286.0,Flat
2,original,engine/rocksdb/group_extrema/group_extrema/restore_rebuilt/16384/domain=16384/bytes=264/nulls=true,85,1.0,45510945.0,Flat
2,original,engine/rocksdb/group_extrema/group_extrema/restore_rebuilt/16384/domain=16384/bytes=264/nulls=true,86,1.0,46120748.0,Flat
2,original,engine/rocksdb/group_extrema/group_extrema/restore_rebuilt/16384/domain=16384/bytes=264/nulls=true,87,1.0,45002803.0,Flat
2,original,engine/rocksdb/group_extrema/group_extrema/restore_rebuilt/16384/domain=16384/bytes=264/nulls=true,88,1.0,45372936.0,Flat
2,original,engine/rocksdb/group_extrema/group_extrema/restore_rebuilt/16384/domain=16384/bytes=264/nulls=true,89,1.0,47067108.0,Flat
2,original,engine/rocksdb/group_extrema/group_extrema/restore_rebuilt/16384/domain=16384/bytes=264/nulls=true,90,1.0,43711910.0,Flat
2,original,engine/rocksdb/group_extrema/group_extrema/restore_rebuilt/16384/domain=16384/bytes=264/nulls=true,91,1.0,47308301.0,Flat
2,original,engine/rocksdb/group_extrema/group_extrema/restore_rebuilt/16384/domain=16384/bytes=264/nulls=true,92,1.0,44872556.0,Flat
2,original,engine/rocksdb/group_extrema/group_extrema/restore_rebuilt/16384/domain=16384/bytes=264/nulls=true,93,1.0,48516687.0,Flat
2,original,engine/rocksdb/group_extrema/group_extrema/restore_rebuilt/16384/domain=16384/bytes=264/nulls=true,94,1.0,45338064.0,Flat
2,original,engine/rocksdb/group_extrema/group_extrema/restore_rebuilt/16384/domain=16384/bytes=264/nulls=true,95,1.0,44866011.0,Flat
2,original,engine/rocksdb/group_extrema/group_extrema/restore_rebuilt/16384/domain=16384/bytes=264/nulls=true,96,1.0,43936095.0,Flat
2,original,engine/rocksdb/group_extrema/group_extrema/restore_rebuilt/16384/domain=16384/bytes=264/nulls=true,97,1.0,46359303.0,Flat
2,original,engine/rocksdb/group_extrema/group_extrema/restore_rebuilt/16384/domain=16384/bytes=264/nulls=true,98,1.0,43536684.0,Flat
2,original,engine/rocksdb/group_extrema/group_extrema/restore_rebuilt/16384/domain=16384/bytes=264/nulls=true,99,1.0,47186948.0,Flat
2,original,engine/rocksdb/group_extrema/group_extrema/retract_all/16384/domain=16384/bytes=264/nulls=true,0,1.0,337341045.0,Flat
2,original,engine/rocksdb/group_extrema/group_extrema/retract_all/16384/domain=16384/bytes=264/nulls=true,1,1.0,355198228.0,Flat
2,original,engine/rocksdb/group_extrema/group_extrema/retract_all/16384/domain=16384/bytes=264/nulls=true,2,1.0,334319299.0,Flat
2,original,engine/rocksdb/group_extrema/group_extrema/retract_all/16384/domain=16384/bytes=264/nulls=true,3,1.0,325912515.0,Flat
2,original,engine/rocksdb/group_extrema/group_extrema/retract_all/16384/domain=16384/bytes=264/nulls=true,4,1.0,336315912.0,Flat
2,original,engine/rocksdb/group_extrema/group_extrema/retract_all/16384/domain=16384/bytes=264/nulls=true,5,1.0,347775358.0,Flat
2,original,engine/rocksdb/group_extrema/group_extrema/retract_all/16384/domain=16384/bytes=264/nulls=true,6,1.0,352692339.0,Flat
2,original,engine/rocksdb/group_extrema/group_extrema/retract_all/16384/domain=16384/bytes=264/nulls=true,7,1.0,350156647.0,Flat
2,original,engine/rocksdb/group_extrema/group_extrema/retract_all/16384/domain=16384/bytes=264/nulls=true,8,1.0,349386390.0,Flat
2,original,engine/rocksdb/group_extrema/group_extrema/retract_all/16384/domain=16384/bytes=264/nulls=true,9,1.0,337750885.0,Flat
2,original,engine/rocksdb/group_extrema/group_extrema/retract_all/16384/domain=16384/bytes=264/nulls=true,10,1.0,337843949.0,Flat
2,original,engine/rocksdb/group_extrema/group_extrema/retract_all/16384/domain=16384/bytes=264/nulls=true,11,1.0,339317480.0,Flat
2,original,engine/rocksdb/group_extrema/group_extrema/retract_all/16384/domain=16384/bytes=264/nulls=true,12,1.0,345343992.0,Flat
2,original,engine/rocksdb/group_extrema/group_extrema/retract_all/16384/domain=16384/bytes=264/nulls=true,13,1.0,354553876.0,Flat
2,original,engine/rocksdb/group_extrema/group_extrema/retract_all/16384/domain=16384/bytes=264/nulls=true,14,1.0,354434051.0,Flat
2,original,engine/rocksdb/group_extrema/group_extrema/retract_all/16384/domain=16384/bytes=264/nulls=true,15,1.0,339819370.0,Flat
2,original,engine/rocksdb/group_extrema/group_extrema/retract_all/16384/domain=16384/bytes=264/nulls=true,16,1.0,349010190.0,Flat
2,original,engine/rocksdb/group_extrema/group_extrema/retract_all/16384/domain=16384/bytes=264/nulls=true,17,1.0,348998710.0,Flat
2,original,engine/rocksdb/group_extrema/group_extrema/retract_all/16384/domain=16384/bytes=264/nulls=true,18,1.0,364296223.0,Flat
2,original,engine/rocksdb/group_extrema/group_extrema/retract_all/16384/domain=16384/bytes=264/nulls=true,19,1.0,332924791.0,Flat
2,original,engine/rocksdb/group_extrema/group_extrema/retract_all/16384/domain=16384/bytes=264/nulls=true,20,1.0,386418338.0,Flat
2,original,engine/rocksdb/group_extrema/group_extrema/retract_all/16384/domain=16384/bytes=264/nulls=true,21,1.0,353476437.0,Flat
2,original,engine/rocksdb/group_extrema/group_extrema/retract_all/16384/domain=16384/bytes=264/nulls=true,22,1.0,352331494.0,Flat
2,original,engine/rocksdb/group_extrema/group_extrema/retract_all/16384/domain=16384/bytes=264/nulls=true,23,1.0,344843457.0,Flat
2,original,engine/rocksdb/group_extrema/group_extrema/retract_all/16384/domain=16384/bytes=264/nulls=true,24,1.0,346175434.0,Flat
2,original,engine/rocksdb/group_extrema/group_extrema/retract_all/16384/domain=16384/bytes=264/nulls=true,25,1.0,340867386.0,Flat
2,original,engine/rocksdb/group_extrema/group_extrema/retract_all/16384/domain=16384/bytes=264/nulls=true,26,1.0,346757188.0,Flat
2,original,engine/rocksdb/group_extrema/group_extrema/retract_all/16384/domain=16384/bytes=264/nulls=true,27,1.0,329042069.0,Flat
2,original,engine/rocksdb/group_extrema/group_extrema/retract_all/16384/domain=16384/bytes=264/nulls=true,28,1.0,339464326.0,Flat
2,original,engine/rocksdb/group_extrema/group_extrema/retract_all/16384/domain=16384/bytes=264/nulls=true,29,1.0,360725728.0,Flat
2,original,engine/rocksdb/group_extrema/group_extrema/retract_all/16384/domain=16384/bytes=264/nulls=true,30,1.0,373825804.0,Flat
2,original,engine/rocksdb/group_extrema/group_extrema/retract_all/16384/domain=16384/bytes=264/nulls=true,31,1.0,337446157.0,Flat
2,original,engine/rocksdb/group_extrema/group_extrema/retract_all/16384/domain=16384/bytes=264/nulls=true,32,1.0,349494571.0,Flat
2,original,engine/rocksdb/group_extrema/group_extrema/retract_all/16384/domain=16384/bytes=264/nulls=true,33,1.0,343407783.0,Flat
2,original,engine/rocksdb/group_extrema/group_extrema/retract_all/16384/domain=16384/bytes=264/nulls=true,34,1.0,345315934.0,Flat
2,original,engine/rocksdb/group_extrema/group_extrema/retract_all/16384/domain=16384/bytes=264/nulls=true,35,1.0,345709761.0,Flat
2,original,engine/rocksdb/group_extrema/group_extrema/retract_all/16384/domain=16384/bytes=264/nulls=true,36,1.0,335964282.0,Flat
2,original,engine/rocksdb/group_extrema/group_extrema/retract_all/16384/domain=16384/bytes=264/nulls=true,37,1.0,335118198.0,Flat
2,original,engine/rocksdb/group_extrema/group_extrema/retract_all/16384/domain=16384/bytes=264/nulls=true,38,1.0,336361654.0,Flat
2,original,engine/rocksdb/group_extrema/group_extrema/retract_all/16384/domain=16384/bytes=264/nulls=true,39,1.0,341115741.0,Flat
2,original,engine/rocksdb/group_extrema/group_extrema/retract_all/16384/domain=16384/bytes=264/nulls=true,40,1.0,356580568.0,Flat
2,original,engine/rocksdb/group_extrema/group_extrema/retract_all/16384/domain=16384/bytes=264/nulls=true,41,1.0,350248328.0,Flat
2,original,engine/rocksdb/group_extrema/group_extrema/retract_all/16384/domain=16384/bytes=264/nulls=true,42,1.0,324896455.0,Flat
2,original,engine/rocksdb/group_extrema/group_extrema/retract_all/16384/domain=16384/bytes=264/nulls=true,43,1.0,331163499.0,Flat
2,original,engine/rocksdb/group_extrema/group_extrema/retract_all/16384/domain=16384/bytes=264/nulls=true,44,1.0,352461763.0,Flat
2,original,engine/rocksdb/group_extrema/group_extrema/retract_all/16384/domain=16384/bytes=264/nulls=true,45,1.0,351918018.0,Flat
2,original,engine/rocksdb/group_extrema/group_extrema/retract_all/16384/domain=16384/bytes=264/nulls=true,46,1.0,345296908.0,Flat
2,original,engine/rocksdb/group_extrema/group_extrema/retract_all/16384/domain=16384/bytes=264/nulls=true,47,1.0,341554628.0,Flat
2,original,engine/rocksdb/group_extrema/group_extrema/retract_all/16384/domain=16384/bytes=264/nulls=true,48,1.0,345579449.0,Flat
2,original,engine/rocksdb/group_extrema/group_extrema/retract_all/16384/domain=16384/bytes=264/nulls=true,49,1.0,346789775.0,Flat
2,original,engine/rocksdb/group_extrema/group_extrema/retract_all/16384/domain=16384/bytes=264/nulls=true,50,1.0,356368317.0,Flat
2,original,engine/rocksdb/group_extrema/group_extrema/retract_all/16384/domain=16384/bytes=264/nulls=true,51,1.0,331847717.0,Flat
2,original,engine/rocksdb/group_extrema/group_extrema/retract_all/16384/domain=16384/bytes=264/nulls=true,52,1.0,356701274.0,Flat
2,original,engine/rocksdb/group_extrema/group_extrema/retract_all/16384/domain=16384/bytes=264/nulls=true,53,1.0,340111148.0,Flat
2,original,engine/rocksdb/group_extrema/group_extrema/retract_all/16384/domain=16384/bytes=264/nulls=true,54,1.0,344227796.0,Flat
2,original,engine/rocksdb/group_extrema/group_extrema/retract_all/16384/domain=16384/bytes=264/nulls=true,55,1.0,339707290.0,Flat
2,original,engine/rocksdb/group_extrema/group_extrema/retract_all/16384/domain=16384/bytes=264/nulls=true,56,1.0,340528234.0,Flat
2,original,engine/rocksdb/group_extrema/group_extrema/retract_all/16384/domain=16384/bytes=264/nulls=true,57,1.0,353288472.0,Flat
2,original,engine/rocksdb/group_extrema/group_extrema/retract_all/16384/domain=16384/bytes=264/nulls=true,58,1.0,349918691.0,Flat
2,original,engine/rocksdb/group_extrema/group_extrema/retract_all/16384/domain=16384/bytes=264/nulls=true,59,1.0,334857141.0,Flat
2,original,engine/rocksdb/group_extrema/group_extrema/retract_all/16384/domain=16384/bytes=264/nulls=true,60,1.0,350017678.0,Flat
2,original,engine/rocksdb/group_extrema/group_extrema/retract_all/16384/domain=16384/bytes=264/nulls=true,61,1.0,335193116.0,Flat
2,original,engine/rocksdb/group_extrema/group_extrema/retract_all/16384/domain=16384/bytes=264/nulls=true,62,1.0,332733364.0,Flat
2,original,engine/rocksdb/group_extrema/group_extrema/retract_all/16384/domain=16384/bytes=264/nulls=true,63,1.0,333780129.0,Flat
2,original,engine/rocksdb/group_extrema/group_extrema/retract_all/16384/domain=16384/bytes=264/nulls=true,64,1.0,340721249.0,Flat
2,original,engine/rocksdb/group_extrema/group_extrema/retract_all/16384/domain=16384/bytes=264/nulls=true,65,1.0,330909377.0,Flat
2,original,engine/rocksdb/group_extrema/group_extrema/retract_all/16384/domain=16384/bytes=264/nulls=true,66,1.0,349170249.0,Flat
2,original,engine/rocksdb/group_extrema/group_extrema/retract_all/16384/domain=16384/bytes=264/nulls=true,67,1.0,351307042.0,Flat
2,original,engine/rocksdb/group_extrema/group_extrema/retract_all/16384/domain=16384/bytes=264/nulls=true,68,1.0,346662956.0,Flat
2,original,engine/rocksdb/group_extrema/group_extrema/retract_all/16384/domain=16384/bytes=264/nulls=true,69,1.0,324604756.0,Flat
2,original,engine/rocksdb/group_extrema/group_extrema/retract_all/16384/domain=16384/bytes=264/nulls=true,70,1.0,344580370.0,Flat
2,original,engine/rocksdb/group_extrema/group_extrema/retract_all/16384/domain=16384/bytes=264/nulls=true,71,1.0,339973352.0,Flat
2,original,engine/rocksdb/group_extrema/group_extrema/retract_all/16384/domain=16384/bytes=264/nulls=true,72,1.0,337137934.0,Flat
2,original,engine/rocksdb/group_extrema/group_extrema/retract_all/16384/domain=16384/bytes=264/nulls=true,73,1.0,340034664.0,Flat
2,original,engine/rocksdb/group_extrema/group_extrema/retract_all/16384/domain=16384/bytes=264/nulls=true,74,1.0,344536280.0,Flat
2,original,engine/rocksdb/group_extrema/group_extrema/retract_all/16384/domain=16384/bytes=264/nulls=true,75,1.0,332482729.0,Flat
2,original,engine/rocksdb/group_extrema/group_extrema/retract_all/16384/domain=16384/bytes=264/nulls=true,76,1.0,372289926.0,Flat
2,original,engine/rocksdb/group_extrema/group_extrema/retract_all/16384/domain=16384/bytes=264/nulls=true,77,1.0,330946304.0,Flat
2,original,engine/rocksdb/group_extrema/group_extrema/retract_all/16384/domain=16384/bytes=264/nulls=true,78,1.0,351593153.0,Flat
2,original,engine/rocksdb/group_extrema/group_extrema/retract_all/16384/domain=16384/bytes=264/nulls=true,79,1.0,328634474.0,Flat
2,original,engine/rocksdb/group_extrema/group_extrema/retract_all/16384/domain=16384/bytes=264/nulls=true,80,1.0,367731353.0,Flat
2,original,engine/rocksdb/group_extrema/group_extrema/retract_all/16384/domain=16384/bytes=264/nulls=true,81,1.0,384418631.0,Flat
2,original,engine/rocksdb/group_extrema/group_extrema/retract_all/16384/domain=16384/bytes=264/nulls=true,82,1.0,367611352.0,Flat
2,original,engine/rocksdb/group_extrema/group_extrema/retract_all/16384/domain=16384/bytes=264/nulls=true,83,1.0,353545583.0,Flat
2,original,engine/rocksdb/group_extrema/group_extrema/retract_all/16384/domain=16384/bytes=264/nulls=true,84,1.0,342353870.0,Flat
2,original,engine/rocksdb/group_extrema/group_extrema/retract_all/16384/domain=16384/bytes=264/nulls=true,85,1.0,344634001.0,Flat
2,original,engine/rocksdb/group_extrema/group_extrema/retract_all/16384/domain=16384/bytes=264/nulls=true,86,1.0,337466246.0,Flat
2,original,engine/rocksdb/group_extrema/group_extrema/retract_all/16384/domain=16384/bytes=264/nulls=true,87,1.0,340970453.0,Flat
2,original,engine/rocksdb/group_extrema/group_extrema/retract_all/16384/domain=16384/bytes=264/nulls=true,88,1.0,336062289.0,Flat
2,original,engine/rocksdb/group_extrema/group_extrema/retract_all/16384/domain=16384/bytes=264/nulls=true,89,1.0,360787149.0,Flat
2,original,engine/rocksdb/group_extrema/group_extrema/retract_all/16384/domain=16384/bytes=264/nulls=true,90,1.0,329584893.0,Flat
2,original,engine/rocksdb/group_extrema/group_extrema/retract_all/16384/domain=16384/bytes=264/nulls=true,91,1.0,333010736.0,Flat
2,original,engine/rocksdb/group_extrema/group_extrema/retract_all/16384/domain=16384/bytes=264/nulls=true,92,1.0,346972685.0,Flat
2,original,engine/rocksdb/group_extrema/group_extrema/retract_all/16384/domain=16384/bytes=264/nulls=true,93,1.0,351447240.0,Flat
2,original,engine/rocksdb/group_extrema/group_extrema/retract_all/16384/domain=16384/bytes=264/nulls=true,94,1.0,343133959.0,Flat
2,original,engine/rocksdb/group_extrema/group_extrema/retract_all/16384/domain=16384/bytes=264/nulls=true,95,1.0,336802716.0,Flat
2,original,engine/rocksdb/group_extrema/group_extrema/retract_all/16384/domain=16384/bytes=264/nulls=true,96,1.0,352524038.0,Flat
2,original,engine/rocksdb/group_extrema/group_extrema/retract_all/16384/domain=16384/bytes=264/nulls=true,97,1.0,328613873.0,Flat
2,original,engine/rocksdb/group_extrema/group_extrema/retract_all/16384/domain=16384/bytes=264/nulls=true,98,1.0,338902079.0,Flat
2,original,engine/rocksdb/group_extrema/group_extrema/retract_all/16384/domain=16384/bytes=264/nulls=true,99,1.0,357235280.0,Flat
2,original,engine/rocksdb/group_extrema/group_extrema/retract_all/16384/domain=8/bytes=264/nulls=true,0,2.0,32151291.0,Flat
2,original,engine/rocksdb/group_extrema/group_extrema/retract_all/16384/domain=8/bytes=264/nulls=true,1,2.0,30865601.0,Flat
2,original,engine/rocksdb/group_extrema/group_extrema/retract_all/16384/domain=8/bytes=264/nulls=true,2,2.0,30519730.0,Flat
2,original,engine/rocksdb/group_extrema/group_extrema/retract_all/16384/domain=8/bytes=264/nulls=true,3,2.0,30193689.0,Flat
2,original,engine/rocksdb/group_extrema/group_extrema/retract_all/16384/domain=8/bytes=264/nulls=true,4,2.0,30767852.0,Flat
2,original,engine/rocksdb/group_extrema/group_extrema/retract_all/16384/domain=8/bytes=264/nulls=true,5,2.0,31375315.0,Flat
2,original,engine/rocksdb/group_extrema/group_extrema/retract_all/16384/domain=8/bytes=264/nulls=true,6,2.0,30127625.0,Flat
2,original,engine/rocksdb/group_extrema/group_extrema/retract_all/16384/domain=8/bytes=264/nulls=true,7,2.0,30424839.0,Flat
2,original,engine/rocksdb/group_extrema/group_extrema/retract_all/16384/domain=8/bytes=264/nulls=true,8,2.0,30881851.0,Flat
2,original,engine/rocksdb/group_extrema/group_extrema/retract_all/16384/domain=8/bytes=264/nulls=true,9,2.0,30891619.0,Flat
2,original,engine/rocksdb/group_extrema/group_extrema/retract_all/16384/domain=8/bytes=264/nulls=true,10,2.0,30762453.0,Flat
2,original,engine/rocksdb/group_extrema/group_extrema/retract_all/16384/domain=8/bytes=264/nulls=true,11,2.0,33643469.0,Flat
2,original,engine/rocksdb/group_extrema/group_extrema/retract_all/16384/domain=8/bytes=264/nulls=true,12,2.0,29860314.0,Flat
2,original,engine/rocksdb/group_extrema/group_extrema/retract_all/16384/domain=8/bytes=264/nulls=true,13,2.0,30643078.0,Flat
2,original,engine/rocksdb/group_extrema/group_extrema/retract_all/16384/domain=8/bytes=264/nulls=true,14,2.0,30370559.0,Flat
2,original,engine/rocksdb/group_extrema/group_extrema/retract_all/16384/domain=8/bytes=264/nulls=true,15,2.0,30361713.0,Flat
2,original,engine/rocksdb/group_extrema/group_extrema/retract_all/16384/domain=8/bytes=264/nulls=true,16,2.0,30771030.0,Flat
2,original,engine/rocksdb/group_extrema/group_extrema/retract_all/16384/domain=8/bytes=264/nulls=true,17,2.0,30848446.0,Flat
2,original,engine/rocksdb/group_extrema/group_extrema/retract_all/16384/domain=8/bytes=264/nulls=true,18,2.0,32146762.0,Flat
2,original,engine/rocksdb/group_extrema/group_extrema/retract_all/16384/domain=8/bytes=264/nulls=true,19,2.0,30315144.0,Flat
2,original,engine/rocksdb/group_extrema/group_extrema/retract_all/16384/domain=8/bytes=264/nulls=true,20,2.0,30754983.0,Flat
2,original,engine/rocksdb/group_extrema/group_extrema/retract_all/16384/domain=8/bytes=264/nulls=true,21,2.0,31444241.0,Flat
2,original,engine/rocksdb/group_extrema/group_extrema/retract_all/16384/domain=8/bytes=264/nulls=true,22,2.0,30676182.0,Flat
2,original,engine/rocksdb/group_extrema/group_extrema/retract_all/16384/domain=8/bytes=264/nulls=true,23,2.0,32783878.0,Flat
2,original,engine/rocksdb/group_extrema/group_extrema/retract_all/16384/domain=8/bytes=264/nulls=true,24,2.0,29958741.0,Flat
2,original,engine/rocksdb/group_extrema/group_extrema/retract_all/16384/domain=8/bytes=264/nulls=true,25,2.0,31190109.0,Flat
2,original,engine/rocksdb/group_extrema/group_extrema/retract_all/16384/domain=8/bytes=264/nulls=true,26,2.0,30660029.0,Flat
2,original,engine/rocksdb/group_extrema/group_extrema/retract_all/16384/domain=8/bytes=264/nulls=true,27,2.0,31479526.0,Flat
2,original,engine/rocksdb/group_extrema/group_extrema/retract_all/16384/domain=8/bytes=264/nulls=true,28,2.0,31056616.0,Flat
2,original,engine/rocksdb/group_extrema/group_extrema/retract_all/16384/domain=8/bytes=264/nulls=true,29,2.0,30877341.0,Flat
2,original,engine/rocksdb/group_extrema/group_extrema/retract_all/16384/domain=8/bytes=264/nulls=true,30,2.0,32810637.0,Flat
2,original,engine/rocksdb/group_extrema/group_extrema/retract_all/16384/domain=8/bytes=264/nulls=true,31,2.0,30970099.0,Flat
2,original,engine/rocksdb/group_extrema/group_extrema/retract_all/16384/domain=8/bytes=264/nulls=true,32,2.0,30776896.0,Flat
2,original,engine/rocksdb/group_extrema/group_extrema/retract_all/16384/domain=8/bytes=264/nulls=true,33,2.0,31872756.0,Flat
2,original,engine/rocksdb/group_extrema/group_extrema/retract_all/16384/domain=8/bytes=264/nulls=true,34,2.0,32041846.0,Flat
2,original,engine/rocksdb/group_extrema/group_extrema/retract_all/16384/domain=8/bytes=264/nulls=true,35,2.0,30683608.0,Flat
2,original,engine/rocksdb/group_extrema/group_extrema/retract_all/16384/domain=8/bytes=264/nulls=true,36,2.0,31519756.0,Flat
2,original,engine/rocksdb/group_extrema/group_extrema/retract_all/16384/domain=8/bytes=264/nulls=true,37,2.0,30841012.0,Flat
2,original,engine/rocksdb/group_extrema/group_extrema/retract_all/16384/domain=8/bytes=264/nulls=true,38,2.0,31019228.0,Flat
2,original,engine/rocksdb/group_extrema/group_extrema/retract_all/16384/domain=8/bytes=264/nulls=true,39,2.0,31392009.0,Flat
2,original,engine/rocksdb/group_extrema/group_extrema/retract_all/16384/domain=8/bytes=264/nulls=true,40,2.0,30506766.0,Flat
2,original,engine/rocksdb/group_extrema/group_extrema/retract_all/16384/domain=8/bytes=264/nulls=true,41,2.0,31853726.0,Flat
2,original,engine/rocksdb/group_extrema/group_extrema/retract_all/16384/domain=8/bytes=264/nulls=true,42,2.0,31056517.0,Flat
2,original,engine/rocksdb/group_extrema/group_extrema/retract_all/16384/domain=8/bytes=264/nulls=true,43,2.0,31914918.0,Flat
2,original,engine/rocksdb/group_extrema/group_extrema/retract_all/16384/domain=8/bytes=264/nulls=true,44,2.0,30451101.0,Flat
2,original,engine/rocksdb/group_extrema/group_extrema/retract_all/16384/domain=8/bytes=264/nulls=true,45,2.0,33554749.0,Flat
2,original,engine/rocksdb/group_extrema/group_extrema/retract_all/16384/domain=8/bytes=264/nulls=true,46,2.0,30560665.0,Flat
2,original,engine/rocksdb/group_extrema/group_extrema/retract_all/16384/domain=8/bytes=264/nulls=true,47,2.0,32389649.0,Flat
2,original,engine/rocksdb/group_extrema/group_extrema/retract_all/16384/domain=8/bytes=264/nulls=true,48,2.0,30331075.0,Flat
2,original,engine/rocksdb/group_extrema/group_extrema/retract_all/16384/domain=8/bytes=264/nulls=true,49,2.0,30903457.0,Flat
2,original,engine/rocksdb/group_extrema/group_extrema/retract_all/16384/domain=8/bytes=264/nulls=true,50,2.0,30664699.0,Flat
2,original,engine/rocksdb/group_extrema/group_extrema/retract_all/16384/domain=8/bytes=264/nulls=true,51,2.0,30900109.0,Flat
2,original,engine/rocksdb/group_extrema/group_extrema/retract_all/16384/domain=8/bytes=264/nulls=true,52,2.0,30466937.0,Flat
2,original,engine/rocksdb/group_extrema/group_extrema/retract_all/16384/domain=8/bytes=264/nulls=true,53,2.0,31843784.0,Flat
2,original,engine/rocksdb/group_extrema/group_extrema/retract_all/16384/domain=8/bytes=264/nulls=true,54,2.0,30373708.0,Flat
2,original,engine/rocksdb/group_extrema/group_extrema/retract_all/16384/domain=8/bytes=264/nulls=true,55,2.0,30661760.0,Flat
2,original,engine/rocksdb/group_extrema/group_extrema/retract_all/16384/domain=8/bytes=264/nulls=true,56,2.0,31862250.0,Flat
2,original,engine/rocksdb/group_extrema/group_extrema/retract_all/16384/domain=8/bytes=264/nulls=true,57,2.0,30560370.0,Flat
2,original,engine/rocksdb/group_extrema/group_extrema/retract_all/16384/domain=8/bytes=264/nulls=true,58,2.0,31024945.0,Flat
2,original,engine/rocksdb/group_extrema/group_extrema/retract_all/16384/domain=8/bytes=264/nulls=true,59,2.0,31071322.0,Flat
2,original,engine/rocksdb/group_extrema/group_extrema/retract_all/16384/domain=8/bytes=264/nulls=true,60,2.0,30522963.0,Flat
2,original,engine/rocksdb/group_extrema/group_extrema/retract_all/16384/domain=8/bytes=264/nulls=true,61,2.0,31377298.0,Flat
2,original,engine/rocksdb/group_extrema/group_extrema/retract_all/16384/domain=8/bytes=264/nulls=true,62,2.0,31437656.0,Flat
2,original,engine/rocksdb/group_extrema/group_extrema/retract_all/16384/domain=8/bytes=264/nulls=true,63,2.0,31360480.0,Flat
2,original,engine/rocksdb/group_extrema/group_extrema/retract_all/16384/domain=8/bytes=264/nulls=true,64,2.0,31558301.0,Flat
2,original,engine/rocksdb/group_extrema/group_extrema/retract_all/16384/domain=8/bytes=264/nulls=true,65,2.0,31051566.0,Flat
2,original,engine/rocksdb/group_extrema/group_extrema/retract_all/16384/domain=8/bytes=264/nulls=true,66,2.0,32136032.0,Flat
2,original,engine/rocksdb/group_extrema/group_extrema/retract_all/16384/domain=8/bytes=264/nulls=true,67,2.0,33092493.0,Flat
2,original,engine/rocksdb/group_extrema/group_extrema/retract_all/16384/domain=8/bytes=264/nulls=true,68,2.0,31801109.0,Flat
2,original,engine/rocksdb/group_extrema/group_extrema/retract_all/16384/domain=8/bytes=264/nulls=true,69,2.0,30714080.0,Flat
2,original,engine/rocksdb/group_extrema/group_extrema/retract_all/16384/domain=8/bytes=264/nulls=true,70,2.0,29806517.0,Flat
2,original,engine/rocksdb/group_extrema/group_extrema/retract_all/16384/domain=8/bytes=264/nulls=true,71,2.0,31183831.0,Flat
2,original,engine/rocksdb/group_extrema/group_extrema/retract_all/16384/domain=8/bytes=264/nulls=true,72,2.0,31193926.0,Flat
2,original,engine/rocksdb/group_extrema/group_extrema/retract_all/16384/domain=8/bytes=264/nulls=true,73,2.0,32090116.0,Flat
2,original,engine/rocksdb/group_extrema/group_extrema/retract_all/16384/domain=8/bytes=264/nulls=true,74,2.0,31007675.0,Flat
2,original,engine/rocksdb/group_extrema/group_extrema/retract_all/16384/domain=8/bytes=264/nulls=true,75,2.0,30925020.0,Flat
2,original,engine/rocksdb/group_extrema/group_extrema/retract_all/16384/domain=8/bytes=264/nulls=true,76,2.0,30869345.0,Flat
2,original,engine/rocksdb/group_extrema/group_extrema/retract_all/16384/domain=8/bytes=264/nulls=true,77,2.0,30272353.0,Flat
2,original,engine/rocksdb/group_extrema/group_extrema/retract_all/16384/domain=8/bytes=264/nulls=true,78,2.0,32129668.0,Flat
2,original,engine/rocksdb/group_extrema/group_extrema/retract_all/16384/domain=8/bytes=264/nulls=true,79,2.0,30526777.0,Flat
2,original,engine/rocksdb/group_extrema/group_extrema/retract_all/16384/domain=8/bytes=264/nulls=true,80,2.0,31456887.0,Flat
2,original,engine/rocksdb/group_extrema/group_extrema/retract_all/16384/domain=8/bytes=264/nulls=true,81,2.0,30153458.0,Flat
2,original,engine/rocksdb/group_extrema/group_extrema/retract_all/16384/domain=8/bytes=264/nulls=true,82,2.0,31015260.0,Flat
2,original,engine/rocksdb/group_extrema/group_extrema/retract_all/16384/domain=8/bytes=264/nulls=true,83,2.0,30541766.0,Flat
2,original,engine/rocksdb/group_extrema/group_extrema/retract_all/16384/domain=8/bytes=264/nulls=true,84,2.0,31006929.0,Flat
2,original,engine/rocksdb/group_extrema/group_extrema/retract_all/16384/domain=8/bytes=264/nulls=true,85,2.0,31566449.0,Flat
2,original,engine/rocksdb/group_extrema/group_extrema/retract_all/16384/domain=8/bytes=264/nulls=true,86,2.0,30602550.0,Flat
2,original,engine/rocksdb/group_extrema/group_extrema/retract_all/16384/domain=8/bytes=264/nulls=true,87,2.0,31242385.0,Flat
2,original,engine/rocksdb/group_extrema/group_extrema/retract_all/16384/domain=8/bytes=264/nulls=true,88,2.0,31625298.0,Flat
2,original,engine/rocksdb/group_extrema/group_extrema/retract_all/16384/domain=8/bytes=264/nulls=true,89,2.0,29915508.0,Flat
2,original,engine/rocksdb/group_extrema/group_extrema/retract_all/16384/domain=8/bytes=264/nulls=true,90,2.0,30642230.0,Flat
2,original,engine/rocksdb/group_extrema/group_extrema/retract_all/16384/domain=8/bytes=264/nulls=true,91,2.0,30658718.0,Flat
2,original,engine/rocksdb/group_extrema/group_extrema/retract_all/16384/domain=8/bytes=264/nulls=true,92,2.0,30479163.0,Flat
2,original,engine/rocksdb/group_extrema/group_extrema/retract_all/16384/domain=8/bytes=264/nulls=true,93,2.0,31258624.0,Flat
2,original,engine/rocksdb/group_extrema/group_extrema/retract_all/16384/domain=8/bytes=264/nulls=true,94,2.0,30336327.0,Flat
2,original,engine/rocksdb/group_extrema/group_extrema/retract_all/16384/domain=8/bytes=264/nulls=true,95,2.0,30160574.0,Flat
2,original,engine/rocksdb/group_extrema/group_extrema/retract_all/16384/domain=8/bytes=264/nulls=true,96,2.0,31489850.0,Flat
2,original,engine/rocksdb/group_extrema/group_extrema/retract_all/16384/domain=8/bytes=264/nulls=true,97,2.0,30595885.0,Flat
2,original,engine/rocksdb/group_extrema/group_extrema/retract_all/16384/domain=8/bytes=264/nulls=true,98,2.0,31333841.0,Flat
2,original,engine/rocksdb/group_extrema/group_extrema/retract_all/16384/domain=8/bytes=264/nulls=true,99,2.0,30209920.0,Flat
2,original,engine/rocksdb/group_extrema/group_extrema/retract_half/16384/domain=16384/bytes=264/nulls=true,0,1.0,528812179.0,Flat
2,original,engine/rocksdb/group_extrema/group_extrema/retract_half/16384/domain=16384/bytes=264/nulls=true,1,1.0,160148807.0,Flat
2,original,engine/rocksdb/group_extrema/group_extrema/retract_half/16384/domain=16384/bytes=264/nulls=true,2,1.0,154514248.0,Flat
2,original,engine/rocksdb/group_extrema/group_extrema/retract_half/16384/domain=16384/bytes=264/nulls=true,3,1.0,146621582.0,Flat
2,original,engine/rocksdb/group_extrema/group_extrema/retract_half/16384/domain=16384/bytes=264/nulls=true,4,1.0,139742790.0,Flat
2,original,engine/rocksdb/group_extrema/group_extrema/retract_half/16384/domain=16384/bytes=264/nulls=true,5,1.0,146761391.0,Flat
2,original,engine/rocksdb/group_extrema/group_extrema/retract_half/16384/domain=16384/bytes=264/nulls=true,6,1.0,148135212.0,Flat
2,original,engine/rocksdb/group_extrema/group_extrema/retract_half/16384/domain=16384/bytes=264/nulls=true,7,1.0,143966155.0,Flat
2,original,engine/rocksdb/group_extrema/group_extrema/retract_half/16384/domain=16384/bytes=264/nulls=true,8,1.0,142411848.0,Flat
2,original,engine/rocksdb/group_extrema/group_extrema/retract_half/16384/domain=16384/bytes=264/nulls=true,9,1.0,148305764.0,Flat
2,original,engine/rocksdb/group_extrema/group_extrema/retract_half/16384/domain=16384/bytes=264/nulls=true,10,1.0,142949434.0,Flat
2,original,engine/rocksdb/group_extrema/group_extrema/retract_half/16384/domain=16384/bytes=264/nulls=true,11,1.0,147384755.0,Flat
2,original,engine/rocksdb/group_extrema/group_extrema/retract_half/16384/domain=16384/bytes=264/nulls=true,12,1.0,140500198.0,Flat
2,original,engine/rocksdb/group_extrema/group_extrema/retract_half/16384/domain=16384/bytes=264/nulls=true,13,1.0,177062999.0,Flat
2,original,engine/rocksdb/group_extrema/group_extrema/retract_half/16384/domain=16384/bytes=264/nulls=true,14,1.0,144477948.0,Flat
2,original,engine/rocksdb/group_extrema/group_extrema/retract_half/16384/domain=16384/bytes=264/nulls=true,15,1.0,146090992.0,Flat
2,original,engine/rocksdb/group_extrema/group_extrema/retract_half/16384/domain=16384/bytes=264/nulls=true,16,1.0,149285418.0,Flat
2,original,engine/rocksdb/group_extrema/group_extrema/retract_half/16384/domain=16384/bytes=264/nulls=true,17,1.0,151211623.0,Flat
2,original,engine/rocksdb/group_extrema/group_extrema/retract_half/16384/domain=16384/bytes=264/nulls=true,18,1.0,146537607.0,Flat
2,original,engine/rocksdb/group_extrema/group_extrema/retract_half/16384/domain=16384/bytes=264/nulls=true,19,1.0,142921510.0,Flat
2,original,engine/rocksdb/group_extrema/group_extrema/retract_half/16384/domain=16384/bytes=264/nulls=true,20,1.0,151443085.0,Flat
2,original,engine/rocksdb/group_extrema/group_extrema/retract_half/16384/domain=16384/bytes=264/nulls=true,21,1.0,151927666.0,Flat
2,original,engine/rocksdb/group_extrema/group_extrema/retract_half/16384/domain=16384/bytes=264/nulls=true,22,1.0,148157768.0,Flat
2,original,engine/rocksdb/group_extrema/group_extrema/retract_half/16384/domain=16384/bytes=264/nulls=true,23,1.0,154896590.0,Flat
2,original,engine/rocksdb/group_extrema/group_extrema/retract_half/16384/domain=16384/bytes=264/nulls=true,24,1.0,145982618.0,Flat
2,original,engine/rocksdb/group_extrema/group_extrema/retract_half/16384/domain=16384/bytes=264/nulls=true,25,1.0,142269139.0,Flat
2,original,engine/rocksdb/group_extrema/group_extrema/retract_half/16384/domain=16384/bytes=264/nulls=true,26,1.0,149542621.0,Flat
2,original,engine/rocksdb/group_extrema/group_extrema/retract_half/16384/domain=16384/bytes=264/nulls=true,27,1.0,145386818.0,Flat
2,original,engine/rocksdb/group_extrema/group_extrema/retract_half/16384/domain=16384/bytes=264/nulls=true,28,1.0,157802897.0,Flat
2,original,engine/rocksdb/group_extrema/group_extrema/retract_half/16384/domain=16384/bytes=264/nulls=true,29,1.0,148320388.0,Flat
2,original,engine/rocksdb/group_extrema/group_extrema/retract_half/16384/domain=16384/bytes=264/nulls=true,30,1.0,146707338.0,Flat
2,original,engine/rocksdb/group_extrema/group_extrema/retract_half/16384/domain=16384/bytes=264/nulls=true,31,1.0,154563939.0,Flat
2,original,engine/rocksdb/group_extrema/group_extrema/retract_half/16384/domain=16384/bytes=264/nulls=true,32,1.0,151692863.0,Flat
2,original,engine/rocksdb/group_extrema/group_extrema/retract_half/16384/domain=16384/bytes=264/nulls=true,33,1.0,149577460.0,Flat
2,original,engine/rocksdb/group_extrema/group_extrema/retract_half/16384/domain=16384/bytes=264/nulls=true,34,1.0,151562504.0,Flat
2,original,engine/rocksdb/group_extrema/group_extrema/retract_half/16384/domain=16384/bytes=264/nulls=true,35,1.0,146500636.0,Flat
2,original,engine/rocksdb/group_extrema/group_extrema/retract_half/16384/domain=16384/bytes=264/nulls=true,36,1.0,148895047.0,Flat
2,original,engine/rocksdb/group_extrema/group_extrema/retract_half/16384/domain=16384/bytes=264/nulls=true,37,1.0,145528672.0,Flat
2,original,engine/rocksdb/group_extrema/group_extrema/retract_half/16384/domain=16384/bytes=264/nulls=true,38,1.0,149840997.0,Flat
2,original,engine/rocksdb/group_extrema/group_extrema/retract_half/16384/domain=16384/bytes=264/nulls=true,39,1.0,146200573.0,Flat
2,original,engine/rocksdb/group_extrema/group_extrema/retract_half/16384/domain=16384/bytes=264/nulls=true,40,1.0,161245231.0,Flat
2,original,engine/rocksdb/group_extrema/group_extrema/retract_half/16384/domain=16384/bytes=264/nulls=true,41,1.0,146210512.0,Flat
2,original,engine/rocksdb/group_extrema/group_extrema/retract_half/16384/domain=16384/bytes=264/nulls=true,42,1.0,150714879.0,Flat
2,original,engine/rocksdb/group_extrema/group_extrema/retract_half/16384/domain=16384/bytes=264/nulls=true,43,1.0,171027826.0,Flat
2,original,engine/rocksdb/group_extrema/group_extrema/retract_half/16384/domain=16384/bytes=264/nulls=true,44,1.0,162195482.0,Flat
2,original,engine/rocksdb/group_extrema/group_extrema/retract_half/16384/domain=16384/bytes=264/nulls=true,45,1.0,147081275.0,Flat
2,original,engine/rocksdb/group_extrema/group_extrema/retract_half/16384/domain=16384/bytes=264/nulls=true,46,1.0,148427270.0,Flat
2,original,engine/rocksdb/group_extrema/group_extrema/retract_half/16384/domain=16384/bytes=264/nulls=true,47,1.0,150697869.0,Flat
2,original,engine/rocksdb/group_extrema/group_extrema/retract_half/16384/domain=16384/bytes=264/nulls=true,48,1.0,154132645.0,Flat
2,original,engine/rocksdb/group_extrema/group_extrema/retract_half/16384/domain=16384/bytes=264/nulls=true,49,1.0,152350516.0,Flat
2,original,engine/rocksdb/group_extrema/group_extrema/retract_half/16384/domain=16384/bytes=264/nulls=true,50,1.0,160352282.0,Flat
2,original,engine/rocksdb/group_extrema/group_extrema/retract_half/16384/domain=16384/bytes=264/nulls=true,51,1.0,148722791.0,Flat
2,original,engine/rocksdb/group_extrema/group_extrema/retract_half/16384/domain=16384/bytes=264/nulls=true,52,1.0,151635575.0,Flat
2,original,engine/rocksdb/group_extrema/group_extrema/retract_half/16384/domain=16384/bytes=264/nulls=true,53,1.0,157969001.0,Flat
2,original,engine/rocksdb/group_extrema/group_extrema/retract_half/16384/domain=16384/bytes=264/nulls=true,54,1.0,153202960.0,Flat
2,original,engine/rocksdb/group_extrema/group_extrema/retract_half/16384/domain=16384/bytes=264/nulls=true,55,1.0,167793078.0,Flat
2,original,engine/rocksdb/group_extrema/group_extrema/retract_half/16384/domain=16384/bytes=264/nulls=true,56,1.0,150396614.0,Flat
2,original,engine/rocksdb/group_extrema/group_extrema/retract_half/16384/domain=16384/bytes=264/nulls=true,57,1.0,165769921.0,Flat
2,original,engine/rocksdb/group_extrema/group_extrema/retract_half/16384/domain=16384/bytes=264/nulls=true,58,1.0,163512678.0,Flat
2,original,engine/rocksdb/group_extrema/group_extrema/retract_half/16384/domain=16384/bytes=264/nulls=true,59,1.0,161293438.0,Flat
2,original,engine/rocksdb/group_extrema/group_extrema/retract_half/16384/domain=16384/bytes=264/nulls=true,60,1.0,160236913.0,Flat
2,original,engine/rocksdb/group_extrema/group_extrema/retract_half/16384/domain=16384/bytes=264/nulls=true,61,1.0,150558588.0,Flat
2,original,engine/rocksdb/group_extrema/group_extrema/retract_half/16384/domain=16384/bytes=264/nulls=true,62,1.0,148817741.0,Flat
2,original,engine/rocksdb/group_extrema/group_extrema/retract_half/16384/domain=16384/bytes=264/nulls=true,63,1.0,152412526.0,Flat
2,original,engine/rocksdb/group_extrema/group_extrema/retract_half/16384/domain=16384/bytes=264/nulls=true,64,1.0,154434840.0,Flat
2,original,engine/rocksdb/group_extrema/group_extrema/retract_half/16384/domain=16384/bytes=264/nulls=true,65,1.0,154678512.0,Flat
2,original,engine/rocksdb/group_extrema/group_extrema/retract_half/16384/domain=16384/bytes=264/nulls=true,66,1.0,153506839.0,Flat
2,original,engine/rocksdb/group_extrema/group_extrema/retract_half/16384/domain=16384/bytes=264/nulls=true,67,1.0,161185773.0,Flat
2,original,engine/rocksdb/group_extrema/group_extrema/retract_half/16384/domain=16384/bytes=264/nulls=true,68,1.0,150169207.0,Flat
2,original,engine/rocksdb/group_extrema/group_extrema/retract_half/16384/domain=16384/bytes=264/nulls=true,69,1.0,157029776.0,Flat
2,original,engine/rocksdb/group_extrema/group_extrema/retract_half/16384/domain=16384/bytes=264/nulls=true,70,1.0,145026176.0,Flat
2,original,engine/rocksdb/group_extrema/group_extrema/retract_half/16384/domain=16384/bytes=264/nulls=true,71,1.0,157404832.0,Flat
2,original,engine/rocksdb/group_extrema/group_extrema/retract_half/16384/domain=16384/bytes=264/nulls=true,72,1.0,153119243.0,Flat
2,original,engine/rocksdb/group_extrema/group_extrema/retract_half/16384/domain=16384/bytes=264/nulls=true,73,1.0,152396418.0,Flat
2,original,engine/rocksdb/group_extrema/group_extrema/retract_half/16384/domain=16384/bytes=264/nulls=true,74,1.0,143355694.0,Flat
2,original,engine/rocksdb/group_extrema/group_extrema/retract_half/16384/domain=16384/bytes=264/nulls=true,75,1.0,153065451.0,Flat
2,original,engine/rocksdb/group_extrema/group_extrema/retract_half/16384/domain=16384/bytes=264/nulls=true,76,1.0,148311552.0,Flat
2,original,engine/rocksdb/group_extrema/group_extrema/retract_half/16384/domain=16384/bytes=264/nulls=true,77,1.0,151170045.0,Flat
2,original,engine/rocksdb/group_extrema/group_extrema/retract_half/16384/domain=16384/bytes=264/nulls=true,78,1.0,152988415.0,Flat
2,original,engine/rocksdb/group_extrema/group_extrema/retract_half/16384/domain=16384/bytes=264/nulls=true,79,1.0,145607000.0,Flat
2,original,engine/rocksdb/group_extrema/group_extrema/retract_half/16384/domain=16384/bytes=264/nulls=true,80,1.0,146699118.0,Flat
2,original,engine/rocksdb/group_extrema/group_extrema/retract_half/16384/domain=16384/bytes=264/nulls=true,81,1.0,152701824.0,Flat
2,original,engine/rocksdb/group_extrema/group_extrema/retract_half/16384/domain=16384/bytes=264/nulls=true,82,1.0,146904697.0,Flat
2,original,engine/rocksdb/group_extrema/group_extrema/retract_half/16384/domain=16384/bytes=264/nulls=true,83,1.0,158445401.0,Flat
2,original,engine/rocksdb/group_extrema/group_extrema/retract_half/16384/domain=16384/bytes=264/nulls=true,84,1.0,158042957.0,Flat
2,original,engine/rocksdb/group_extrema/group_extrema/retract_half/16384/domain=16384/bytes=264/nulls=true,85,1.0,147365097.0,Flat
2,original,engine/rocksdb/group_extrema/group_extrema/retract_half/16384/domain=16384/bytes=264/nulls=true,86,1.0,150788649.0,Flat
2,original,engine/rocksdb/group_extrema/group_extrema/retract_half/16384/domain=16384/bytes=264/nulls=true,87,1.0,151503667.0,Flat
2,original,engine/rocksdb/group_extrema/group_extrema/retract_half/16384/domain=16384/bytes=264/nulls=true,88,1.0,151593973.0,Flat
2,original,engine/rocksdb/group_extrema/group_extrema/retract_half/16384/domain=16384/bytes=264/nulls=true,89,1.0,148663493.0,Flat
2,original,engine/rocksdb/group_extrema/group_extrema/retract_half/16384/domain=16384/bytes=264/nulls=true,90,1.0,147172358.0,Flat
2,original,engine/rocksdb/group_extrema/group_extrema/retract_half/16384/domain=16384/bytes=264/nulls=true,91,1.0,148174666.0,Flat
2,original,engine/rocksdb/group_extrema/group_extrema/retract_half/16384/domain=16384/bytes=264/nulls=true,92,1.0,158133575.0,Flat
2,original,engine/rocksdb/group_extrema/group_extrema/retract_half/16384/domain=16384/bytes=264/nulls=true,93,1.0,146935564.0,Flat
2,original,engine/rocksdb/group_extrema/group_extrema/retract_half/16384/domain=16384/bytes=264/nulls=true,94,1.0,156020076.0,Flat
2,original,engine/rocksdb/group_extrema/group_extrema/retract_half/16384/domain=16384/bytes=264/nulls=true,95,1.0,160905041.0,Flat
2,original,engine/rocksdb/group_extrema/group_extrema/retract_half/16384/domain=16384/bytes=264/nulls=true,96,1.0,162447893.0,Flat
2,original,engine/rocksdb/group_extrema/group_extrema/retract_half/16384/domain=16384/bytes=264/nulls=true,97,1.0,149362633.0,Flat
2,original,engine/rocksdb/group_extrema/group_extrema/retract_half/16384/domain=16384/bytes=264/nulls=true,98,1.0,152634242.0,Flat
2,original,engine/rocksdb/group_extrema/group_extrema/retract_half/16384/domain=16384/bytes=264/nulls=true,99,1.0,150116898.0,Flat
2,original,engine/rocksdb/group_extrema/group_extrema/retract_half/16384/domain=8/bytes=264/nulls=true,0,2.0,14996796.0,Flat
2,original,engine/rocksdb/group_extrema/group_extrema/retract_half/16384/domain=8/bytes=264/nulls=true,1,2.0,14454730.0,Flat
2,original,engine/rocksdb/group_extrema/group_extrema/retract_half/16384/domain=8/bytes=264/nulls=true,2,2.0,14681869.0,Flat
2,original,engine/rocksdb/group_extrema/group_extrema/retract_half/16384/domain=8/bytes=264/nulls=true,3,2.0,15480625.0,Flat
2,original,engine/rocksdb/group_extrema/group_extrema/retract_half/16384/domain=8/bytes=264/nulls=true,4,2.0,14695493.0,Flat
2,original,engine/rocksdb/group_extrema/group_extrema/retract_half/16384/domain=8/bytes=264/nulls=true,5,2.0,15092406.0,Flat
2,original,engine/rocksdb/group_extrema/group_extrema/retract_half/16384/domain=8/bytes=264/nulls=true,6,2.0,15236440.0,Flat
2,original,engine/rocksdb/group_extrema/group_extrema/retract_half/16384/domain=8/bytes=264/nulls=true,7,2.0,15540352.0,Flat
2,original,engine/rocksdb/group_extrema/group_extrema/retract_half/16384/domain=8/bytes=264/nulls=true,8,2.0,14808824.0,Flat
2,original,engine/rocksdb/group_extrema/group_extrema/retract_half/16384/domain=8/bytes=264/nulls=true,9,2.0,14647255.0,Flat
2,original,engine/rocksdb/group_extrema/group_extrema/retract_half/16384/domain=8/bytes=264/nulls=true,10,2.0,14726464.0,Flat
2,original,engine/rocksdb/group_extrema/group_extrema/retract_half/16384/domain=8/bytes=264/nulls=true,11,2.0,15596951.0,Flat
2,original,engine/rocksdb/group_extrema/group_extrema/retract_half/16384/domain=8/bytes=264/nulls=true,12,2.0,14697666.0,Flat
2,original,engine/rocksdb/group_extrema/group_extrema/retract_half/16384/domain=8/bytes=264/nulls=true,13,2.0,16390887.0,Flat
2,original,engine/rocksdb/group_extrema/group_extrema/retract_half/16384/domain=8/bytes=264/nulls=true,14,2.0,14581363.0,Flat
2,original,engine/rocksdb/group_extrema/group_extrema/retract_half/16384/domain=8/bytes=264/nulls=true,15,2.0,14597107.0,Flat
2,original,engine/rocksdb/group_extrema/group_extrema/retract_half/16384/domain=8/bytes=264/nulls=true,16,2.0,15132147.0,Flat
2,original,engine/rocksdb/group_extrema/group_extrema/retract_half/16384/domain=8/bytes=264/nulls=true,17,2.0,14782036.0,Flat
2,original,engine/rocksdb/group_extrema/group_extrema/retract_half/16384/domain=8/bytes=264/nulls=true,18,2.0,14977485.0,Flat
2,original,engine/rocksdb/group_extrema/group_extrema/retract_half/16384/domain=8/bytes=264/nulls=true,19,2.0,14604681.0,Flat
2,original,engine/rocksdb/group_extrema/group_extrema/retract_half/16384/domain=8/bytes=264/nulls=true,20,2.0,15143900.0,Flat
2,original,engine/rocksdb/group_extrema/group_extrema/retract_half/16384/domain=8/bytes=264/nulls=true,21,2.0,15224639.0,Flat
2,original,engine/rocksdb/group_extrema/group_extrema/retract_half/16384/domain=8/bytes=264/nulls=true,22,2.0,14286679.0,Flat
2,original,engine/rocksdb/group_extrema/group_extrema/retract_half/16384/domain=8/bytes=264/nulls=true,23,2.0,15703408.0,Flat
2,original,engine/rocksdb/group_extrema/group_extrema/retract_half/16384/domain=8/bytes=264/nulls=true,24,2.0,14483233.0,Flat
2,original,engine/rocksdb/group_extrema/group_extrema/retract_half/16384/domain=8/bytes=264/nulls=true,25,2.0,14800160.0,Flat
2,original,engine/rocksdb/group_extrema/group_extrema/retract_half/16384/domain=8/bytes=264/nulls=true,26,2.0,14586606.0,Flat
2,original,engine/rocksdb/group_extrema/group_extrema/retract_half/16384/domain=8/bytes=264/nulls=true,27,2.0,14900585.0,Flat
2,original,engine/rocksdb/group_extrema/group_extrema/retract_half/16384/domain=8/bytes=264/nulls=true,28,2.0,15508095.0,Flat
2,original,engine/rocksdb/group_extrema/group_extrema/retract_half/16384/domain=8/bytes=264/nulls=true,29,2.0,14850256.0,Flat
2,original,engine/rocksdb/group_extrema/group_extrema/retract_half/16384/domain=8/bytes=264/nulls=true,30,2.0,15068532.0,Flat
2,original,engine/rocksdb/group_extrema/group_extrema/retract_half/16384/domain=8/bytes=264/nulls=true,31,2.0,15132116.0,Flat
2,original,engine/rocksdb/group_extrema/group_extrema/retract_half/16384/domain=8/bytes=264/nulls=true,32,2.0,15125214.0,Flat
2,original,engine/rocksdb/group_extrema/group_extrema/retract_half/16384/domain=8/bytes=264/nulls=true,33,2.0,14680406.0,Flat
2,original,engine/rocksdb/group_extrema/group_extrema/retract_half/16384/domain=8/bytes=264/nulls=true,34,2.0,15092196.0,Flat
2,original,engine/rocksdb/group_extrema/group_extrema/retract_half/16384/domain=8/bytes=264/nulls=true,35,2.0,14853792.0,Flat
2,original,engine/rocksdb/group_extrema/group_extrema/retract_half/16384/domain=8/bytes=264/nulls=true,36,2.0,14451340.0,Flat
2,original,engine/rocksdb/group_extrema/group_extrema/retract_half/16384/domain=8/bytes=264/nulls=true,37,2.0,14692733.0,Flat
2,original,engine/rocksdb/group_extrema/group_extrema/retract_half/16384/domain=8/bytes=264/nulls=true,38,2.0,14380819.0,Flat
2,original,engine/rocksdb/group_extrema/group_extrema/retract_half/16384/domain=8/bytes=264/nulls=true,39,2.0,14546394.0,Flat
2,original,engine/rocksdb/group_extrema/group_extrema/retract_half/16384/domain=8/bytes=264/nulls=true,40,2.0,15293542.0,Flat
2,original,engine/rocksdb/group_extrema/group_extrema/retract_half/16384/domain=8/bytes=264/nulls=true,41,2.0,14270463.0,Flat
2,original,engine/rocksdb/group_extrema/group_extrema/retract_half/16384/domain=8/bytes=264/nulls=true,42,2.0,15052589.0,Flat
2,original,engine/rocksdb/group_extrema/group_extrema/retract_half/16384/domain=8/bytes=264/nulls=true,43,2.0,15144786.0,Flat
2,original,engine/rocksdb/group_extrema/group_extrema/retract_half/16384/domain=8/bytes=264/nulls=true,44,2.0,14778369.0,Flat
2,original,engine/rocksdb/group_extrema/group_extrema/retract_half/16384/domain=8/bytes=264/nulls=true,45,2.0,15816380.0,Flat
2,original,engine/rocksdb/group_extrema/group_extrema/retract_half/16384/domain=8/bytes=264/nulls=true,46,2.0,14806782.0,Flat
2,original,engine/rocksdb/group_extrema/group_extrema/retract_half/16384/domain=8/bytes=264/nulls=true,47,2.0,15192355.0,Flat
2,original,engine/rocksdb/group_extrema/group_extrema/retract_half/16384/domain=8/bytes=264/nulls=true,48,2.0,15730364.0,Flat
2,original,engine/rocksdb/group_extrema/group_extrema/retract_half/16384/domain=8/bytes=264/nulls=true,49,2.0,14410392.0,Flat
2,original,engine/rocksdb/group_extrema/group_extrema/retract_half/16384/domain=8/bytes=264/nulls=true,50,2.0,14260189.0,Flat
2,original,engine/rocksdb/group_extrema/group_extrema/retract_half/16384/domain=8/bytes=264/nulls=true,51,2.0,14746609.0,Flat
2,original,engine/rocksdb/group_extrema/group_extrema/retract_half/16384/domain=8/bytes=264/nulls=true,52,2.0,14766638.0,Flat
2,original,engine/rocksdb/group_extrema/group_extrema/retract_half/16384/domain=8/bytes=264/nulls=true,53,2.0,15583121.0,Flat
2,original,engine/rocksdb/group_extrema/group_extrema/retract_half/16384/domain=8/bytes=264/nulls=true,54,2.0,14564071.0,Flat
2,original,engine/rocksdb/group_extrema/group_extrema/retract_half/16384/domain=8/bytes=264/nulls=true,55,2.0,15020304.0,Flat
2,original,engine/rocksdb/group_extrema/group_extrema/retract_half/16384/domain=8/bytes=264/nulls=true,56,2.0,15243331.0,Flat
2,original,engine/rocksdb/group_extrema/group_extrema/retract_half/16384/domain=8/bytes=264/nulls=true,57,2.0,15054298.0,Flat
2,original,engine/rocksdb/group_extrema/group_extrema/retract_half/16384/domain=8/bytes=264/nulls=true,58,2.0,15291206.0,Flat
2,original,engine/rocksdb/group_extrema/group_extrema/retract_half/16384/domain=8/bytes=264/nulls=true,59,2.0,15226894.0,Flat
2,original,engine/rocksdb/group_extrema/group_extrema/retract_half/16384/domain=8/bytes=264/nulls=true,60,2.0,14508496.0,Flat
2,original,engine/rocksdb/group_extrema/group_extrema/retract_half/16384/domain=8/bytes=264/nulls=true,61,2.0,15103449.0,Flat
2,original,engine/rocksdb/group_extrema/group_extrema/retract_half/16384/domain=8/bytes=264/nulls=true,62,2.0,14662343.0,Flat
2,original,engine/rocksdb/group_extrema/group_extrema/retract_half/16384/domain=8/bytes=264/nulls=true,63,2.0,14737346.0,Flat
2,original,engine/rocksdb/group_extrema/group_extrema/retract_half/16384/domain=8/bytes=264/nulls=true,64,2.0,15200160.0,Flat
2,original,engine/rocksdb/group_extrema/group_extrema/retract_half/16384/domain=8/bytes=264/nulls=true,65,2.0,15310563.0,Flat
2,original,engine/rocksdb/group_extrema/group_extrema/retract_half/16384/domain=8/bytes=264/nulls=true,66,2.0,14903505.0,Flat
2,original,engine/rocksdb/group_extrema/group_extrema/retract_half/16384/domain=8/bytes=264/nulls=true,67,2.0,15349437.0,Flat
2,original,engine/rocksdb/group_extrema/group_extrema/retract_half/16384/domain=8/bytes=264/nulls=true,68,2.0,14981676.0,Flat
2,original,engine/rocksdb/group_extrema/group_extrema/retract_half/16384/domain=8/bytes=264/nulls=true,69,2.0,14433699.0,Flat
2,original,engine/rocksdb/group_extrema/group_extrema/retract_half/16384/domain=8/bytes=264/nulls=true,70,2.0,16008568.0,Flat
2,original,engine/rocksdb/group_extrema/group_extrema/retract_half/16384/domain=8/bytes=264/nulls=true,71,2.0,14964493.0,Flat
2,original,engine/rocksdb/group_extrema/group_extrema/retract_half/16384/domain=8/bytes=264/nulls=true,72,2.0,15323183.0,Flat
2,original,engine/rocksdb/group_extrema/group_extrema/retract_half/16384/domain=8/bytes=264/nulls=true,73,2.0,15968609.0,Flat
2,original,engine/rocksdb/group_extrema/group_extrema/retract_half/16384/domain=8/bytes=264/nulls=true,74,2.0,14654487.0,Flat
2,original,engine/rocksdb/group_extrema/group_extrema/retract_half/16384/domain=8/bytes=264/nulls=true,75,2.0,15640458.0,Flat
2,original,engine/rocksdb/group_extrema/group_extrema/retract_half/16384/domain=8/bytes=264/nulls=true,76,2.0,15859765.0,Flat
2,original,engine/rocksdb/group_extrema/group_extrema/retract_half/16384/domain=8/bytes=264/nulls=true,77,2.0,14940956.0,Flat
2,original,engine/rocksdb/group_extrema/group_extrema/retract_half/16384/domain=8/bytes=264/nulls=true,78,2.0,14441129.0,Flat
2,original,engine/rocksdb/group_extrema/group_extrema/retract_half/16384/domain=8/bytes=264/nulls=true,79,2.0,15131489.0,Flat
2,original,engine/rocksdb/group_extrema/group_extrema/retract_half/16384/domain=8/bytes=264/nulls=true,80,2.0,14430243.0,Flat
2,original,engine/rocksdb/group_extrema/group_extrema/retract_half/16384/domain=8/bytes=264/nulls=true,81,2.0,14427685.0,Flat
2,original,engine/rocksdb/group_extrema/group_extrema/retract_half/16384/domain=8/bytes=264/nulls=true,82,2.0,14359152.0,Flat
2,original,engine/rocksdb/group_extrema/group_extrema/retract_half/16384/domain=8/bytes=264/nulls=true,83,2.0,14464100.0,Flat
2,original,engine/rocksdb/group_extrema/group_extrema/retract_half/16384/domain=8/bytes=264/nulls=true,84,2.0,14695521.0,Flat
2,original,engine/rocksdb/group_extrema/group_extrema/retract_half/16384/domain=8/bytes=264/nulls=true,85,2.0,15308395.0,Flat
2,original,engine/rocksdb/group_extrema/group_extrema/retract_half/16384/domain=8/bytes=264/nulls=true,86,2.0,14951400.0,Flat
2,original,engine/rocksdb/group_extrema/group_extrema/retract_half/16384/domain=8/bytes=264/nulls=true,87,2.0,14769596.0,Flat
2,original,engine/rocksdb/group_extrema/group_extrema/retract_half/16384/domain=8/bytes=264/nulls=true,88,2.0,15318280.0,Flat
2,original,engine/rocksdb/group_extrema/group_extrema/retract_half/16384/domain=8/bytes=264/nulls=true,89,2.0,15343075.0,Flat
2,original,engine/rocksdb/group_extrema/group_extrema/retract_half/16384/domain=8/bytes=264/nulls=true,90,2.0,14575755.0,Flat
2,original,engine/rocksdb/group_extrema/group_extrema/retract_half/16384/domain=8/bytes=264/nulls=true,91,2.0,14756472.0,Flat
2,original,engine/rocksdb/group_extrema/group_extrema/retract_half/16384/domain=8/bytes=264/nulls=true,92,2.0,14838558.0,Flat
2,original,engine/rocksdb/group_extrema/group_extrema/retract_half/16384/domain=8/bytes=264/nulls=true,93,2.0,14936761.0,Flat
2,original,engine/rocksdb/group_extrema/group_extrema/retract_half/16384/domain=8/bytes=264/nulls=true,94,2.0,14746249.0,Flat
2,original,engine/rocksdb/group_extrema/group_extrema/retract_half/16384/domain=8/bytes=264/nulls=true,95,2.0,14806299.0,Flat
2,original,engine/rocksdb/group_extrema/group_extrema/retract_half/16384/domain=8/bytes=264/nulls=true,96,2.0,15012657.0,Flat
2,original,engine/rocksdb/group_extrema/group_extrema/retract_half/16384/domain=8/bytes=264/nulls=true,97,2.0,14510650.0,Flat
2,original,engine/rocksdb/group_extrema/group_extrema/retract_half/16384/domain=8/bytes=264/nulls=true,98,2.0,14168008.0,Flat
2,original,engine/rocksdb/group_extrema/group_extrema/retract_half/16384/domain=8/bytes=264/nulls=true,99,2.0,15591330.0,Flat
3,original,engine/rocksdb/group_extrema/group_extrema/restore_aligned/16384/domain=16384/bytes=264/nulls=true,0,3.0,50004637.0,Flat
3,original,engine/rocksdb/group_extrema/group_extrema/restore_aligned/16384/domain=16384/bytes=264/nulls=true,1,3.0,52920725.0,Flat
3,original,engine/rocksdb/group_extrema/group_extrema/restore_aligned/16384/domain=16384/bytes=264/nulls=true,2,3.0,51520954.0,Flat
3,original,engine/rocksdb/group_extrema/group_extrema/restore_aligned/16384/domain=16384/bytes=264/nulls=true,3,3.0,55678235.0,Flat
3,original,engine/rocksdb/group_extrema/group_extrema/restore_aligned/16384/domain=16384/bytes=264/nulls=true,4,3.0,55864655.0,Flat
3,original,engine/rocksdb/group_extrema/group_extrema/restore_aligned/16384/domain=16384/bytes=264/nulls=true,5,3.0,49708195.0,Flat
3,original,engine/rocksdb/group_extrema/group_extrema/restore_aligned/16384/domain=16384/bytes=264/nulls=true,6,3.0,49304872.0,Flat
3,original,engine/rocksdb/group_extrema/group_extrema/restore_aligned/16384/domain=16384/bytes=264/nulls=true,7,3.0,50729705.0,Flat
3,original,engine/rocksdb/group_extrema/group_extrema/restore_aligned/16384/domain=16384/bytes=264/nulls=true,8,3.0,54424028.0,Flat
3,original,engine/rocksdb/group_extrema/group_extrema/restore_aligned/16384/domain=16384/bytes=264/nulls=true,9,3.0,50424903.0,Flat
3,original,engine/rocksdb/group_extrema/group_extrema/restore_aligned/16384/domain=16384/bytes=264/nulls=true,10,3.0,50021057.0,Flat
3,original,engine/rocksdb/group_extrema/group_extrema/restore_aligned/16384/domain=16384/bytes=264/nulls=true,11,3.0,51078412.0,Flat
3,original,engine/rocksdb/group_extrema/group_extrema/restore_aligned/16384/domain=16384/bytes=264/nulls=true,12,3.0,54087197.0,Flat
3,original,engine/rocksdb/group_extrema/group_extrema/restore_aligned/16384/domain=16384/bytes=264/nulls=true,13,3.0,48381323.0,Flat
3,original,engine/rocksdb/group_extrema/group_extrema/restore_aligned/16384/domain=16384/bytes=264/nulls=true,14,3.0,49398441.0,Flat
3,original,engine/rocksdb/group_extrema/group_extrema/restore_aligned/16384/domain=16384/bytes=264/nulls=true,15,3.0,48939016.0,Flat
3,original,engine/rocksdb/group_extrema/group_extrema/restore_aligned/16384/domain=16384/bytes=264/nulls=true,16,3.0,44376329.0,Flat
3,original,engine/rocksdb/group_extrema/group_extrema/restore_aligned/16384/domain=16384/bytes=264/nulls=true,17,3.0,48015305.0,Flat
3,original,engine/rocksdb/group_extrema/group_extrema/restore_aligned/16384/domain=16384/bytes=264/nulls=true,18,3.0,49306323.0,Flat
3,original,engine/rocksdb/group_extrema/group_extrema/restore_aligned/16384/domain=16384/bytes=264/nulls=true,19,3.0,51847510.0,Flat
3,original,engine/rocksdb/group_extrema/group_extrema/restore_aligned/16384/domain=16384/bytes=264/nulls=true,20,3.0,48731122.0,Flat
3,original,engine/rocksdb/group_extrema/group_extrema/restore_aligned/16384/domain=16384/bytes=264/nulls=true,21,3.0,49671652.0,Flat
3,original,engine/rocksdb/group_extrema/group_extrema/restore_aligned/16384/domain=16384/bytes=264/nulls=true,22,3.0,46207444.0,Flat
3,original,engine/rocksdb/group_extrema/group_extrema/restore_aligned/16384/domain=16384/bytes=264/nulls=true,23,3.0,46630545.0,Flat
3,original,engine/rocksdb/group_extrema/group_extrema/restore_aligned/16384/domain=16384/bytes=264/nulls=true,24,3.0,52198744.0,Flat
3,original,engine/rocksdb/group_extrema/group_extrema/restore_aligned/16384/domain=16384/bytes=264/nulls=true,25,3.0,46451749.0,Flat
3,original,engine/rocksdb/group_extrema/group_extrema/restore_aligned/16384/domain=16384/bytes=264/nulls=true,26,3.0,52982781.0,Flat
3,original,engine/rocksdb/group_extrema/group_extrema/restore_aligned/16384/domain=16384/bytes=264/nulls=true,27,3.0,47227366.0,Flat
3,original,engine/rocksdb/group_extrema/group_extrema/restore_aligned/16384/domain=16384/bytes=264/nulls=true,28,3.0,48821226.0,Flat
3,original,engine/rocksdb/group_extrema/group_extrema/restore_aligned/16384/domain=16384/bytes=264/nulls=true,29,3.0,47459393.0,Flat
3,original,engine/rocksdb/group_extrema/group_extrema/restore_aligned/16384/domain=16384/bytes=264/nulls=true,30,3.0,53276650.0,Flat
3,original,engine/rocksdb/group_extrema/group_extrema/restore_aligned/16384/domain=16384/bytes=264/nulls=true,31,3.0,53633598.0,Flat
3,original,engine/rocksdb/group_extrema/group_extrema/restore_aligned/16384/domain=16384/bytes=264/nulls=true,32,3.0,53022623.0,Flat
3,original,engine/rocksdb/group_extrema/group_extrema/restore_aligned/16384/domain=16384/bytes=264/nulls=true,33,3.0,49235261.0,Flat
3,original,engine/rocksdb/group_extrema/group_extrema/restore_aligned/16384/domain=16384/bytes=264/nulls=true,34,3.0,47504228.0,Flat
3,original,engine/rocksdb/group_extrema/group_extrema/restore_aligned/16384/domain=16384/bytes=264/nulls=true,35,3.0,50709758.0,Flat
3,original,engine/rocksdb/group_extrema/group_extrema/restore_aligned/16384/domain=16384/bytes=264/nulls=true,36,3.0,47315277.0,Flat
3,original,engine/rocksdb/group_extrema/group_extrema/restore_aligned/16384/domain=16384/bytes=264/nulls=true,37,3.0,49837404.0,Flat
3,original,engine/rocksdb/group_extrema/group_extrema/restore_aligned/16384/domain=16384/bytes=264/nulls=true,38,3.0,51616405.0,Flat
3,original,engine/rocksdb/group_extrema/group_extrema/restore_aligned/16384/domain=16384/bytes=264/nulls=true,39,3.0,48655434.0,Flat
3,original,engine/rocksdb/group_extrema/group_extrema/restore_aligned/16384/domain=16384/bytes=264/nulls=true,40,3.0,48606272.0,Flat
3,original,engine/rocksdb/group_extrema/group_extrema/restore_aligned/16384/domain=16384/bytes=264/nulls=true,41,3.0,47205378.0,Flat
3,original,engine/rocksdb/group_extrema/group_extrema/restore_aligned/16384/domain=16384/bytes=264/nulls=true,42,3.0,49618809.0,Flat
3,original,engine/rocksdb/group_extrema/group_extrema/restore_aligned/16384/domain=16384/bytes=264/nulls=true,43,3.0,47931360.0,Flat
3,original,engine/rocksdb/group_extrema/group_extrema/restore_aligned/16384/domain=16384/bytes=264/nulls=true,44,3.0,49053604.0,Flat
3,original,engine/rocksdb/group_extrema/group_extrema/restore_aligned/16384/domain=16384/bytes=264/nulls=true,45,3.0,48464296.0,Flat
3,original,engine/rocksdb/group_extrema/group_extrema/restore_aligned/16384/domain=16384/bytes=264/nulls=true,46,3.0,52486777.0,Flat
3,original,engine/rocksdb/group_extrema/group_extrema/restore_aligned/16384/domain=16384/bytes=264/nulls=true,47,3.0,52630659.0,Flat
3,original,engine/rocksdb/group_extrema/group_extrema/restore_aligned/16384/domain=16384/bytes=264/nulls=true,48,3.0,50411281.0,Flat
3,original,engine/rocksdb/group_extrema/group_extrema/restore_aligned/16384/domain=16384/bytes=264/nulls=true,49,3.0,51146181.0,Flat
3,original,engine/rocksdb/group_extrema/group_extrema/restore_aligned/16384/domain=16384/bytes=264/nulls=true,50,3.0,52155221.0,Flat
3,original,engine/rocksdb/group_extrema/group_extrema/restore_aligned/16384/domain=16384/bytes=264/nulls=true,51,3.0,47961262.0,Flat
3,original,engine/rocksdb/group_extrema/group_extrema/restore_aligned/16384/domain=16384/bytes=264/nulls=true,52,3.0,49663858.0,Flat
3,original,engine/rocksdb/group_extrema/group_extrema/restore_aligned/16384/domain=16384/bytes=264/nulls=true,53,3.0,49299997.0,Flat
3,original,engine/rocksdb/group_extrema/group_extrema/restore_aligned/16384/domain=16384/bytes=264/nulls=true,54,3.0,48430288.0,Flat
3,original,engine/rocksdb/group_extrema/group_extrema/restore_aligned/16384/domain=16384/bytes=264/nulls=true,55,3.0,50187072.0,Flat
3,original,engine/rocksdb/group_extrema/group_extrema/restore_aligned/16384/domain=16384/bytes=264/nulls=true,56,3.0,59096611.0,Flat
3,original,engine/rocksdb/group_extrema/group_extrema/restore_aligned/16384/domain=16384/bytes=264/nulls=true,57,3.0,50386743.0,Flat
3,original,engine/rocksdb/group_extrema/group_extrema/restore_aligned/16384/domain=16384/bytes=264/nulls=true,58,3.0,48421608.0,Flat
3,original,engine/rocksdb/group_extrema/group_extrema/restore_aligned/16384/domain=16384/bytes=264/nulls=true,59,3.0,55267382.0,Flat
3,original,engine/rocksdb/group_extrema/group_extrema/restore_aligned/16384/domain=16384/bytes=264/nulls=true,60,3.0,51361203.0,Flat
3,original,engine/rocksdb/group_extrema/group_extrema/restore_aligned/16384/domain=16384/bytes=264/nulls=true,61,3.0,51202211.0,Flat
3,original,engine/rocksdb/group_extrema/group_extrema/restore_aligned/16384/domain=16384/bytes=264/nulls=true,62,3.0,47481285.0,Flat
3,original,engine/rocksdb/group_extrema/group_extrema/restore_aligned/16384/domain=16384/bytes=264/nulls=true,63,3.0,50552502.0,Flat
3,original,engine/rocksdb/group_extrema/group_extrema/restore_aligned/16384/domain=16384/bytes=264/nulls=true,64,3.0,51292415.0,Flat
3,original,engine/rocksdb/group_extrema/group_extrema/restore_aligned/16384/domain=16384/bytes=264/nulls=true,65,3.0,50264015.0,Flat
3,original,engine/rocksdb/group_extrema/group_extrema/restore_aligned/16384/domain=16384/bytes=264/nulls=true,66,3.0,52090957.0,Flat
3,original,engine/rocksdb/group_extrema/group_extrema/restore_aligned/16384/domain=16384/bytes=264/nulls=true,67,3.0,50285124.0,Flat
3,original,engine/rocksdb/group_extrema/group_extrema/restore_aligned/16384/domain=16384/bytes=264/nulls=true,68,3.0,49300092.0,Flat
3,original,engine/rocksdb/group_extrema/group_extrema/restore_aligned/16384/domain=16384/bytes=264/nulls=true,69,3.0,49473663.0,Flat
3,original,engine/rocksdb/group_extrema/group_extrema/restore_aligned/16384/domain=16384/bytes=264/nulls=true,70,3.0,52651897.0,Flat
3,original,engine/rocksdb/group_extrema/group_extrema/restore_aligned/16384/domain=16384/bytes=264/nulls=true,71,3.0,51585443.0,Flat
3,original,engine/rocksdb/group_extrema/group_extrema/restore_aligned/16384/domain=16384/bytes=264/nulls=true,72,3.0,50527276.0,Flat
3,original,engine/rocksdb/group_extrema/group_extrema/restore_aligned/16384/domain=16384/bytes=264/nulls=true,73,3.0,55664163.0,Flat
3,original,engine/rocksdb/group_extrema/group_extrema/restore_aligned/16384/domain=16384/bytes=264/nulls=true,74,3.0,54963180.0,Flat
3,original,engine/rocksdb/group_extrema/group_extrema/restore_aligned/16384/domain=16384/bytes=264/nulls=true,75,3.0,50127988.0,Flat
3,original,engine/rocksdb/group_extrema/group_extrema/restore_aligned/16384/domain=16384/bytes=264/nulls=true,76,3.0,45329645.0,Flat
3,original,engine/rocksdb/group_extrema/group_extrema/restore_aligned/16384/domain=16384/bytes=264/nulls=true,77,3.0,47580421.0,Flat
3,original,engine/rocksdb/group_extrema/group_extrema/restore_aligned/16384/domain=16384/bytes=264/nulls=true,78,3.0,52713109.0,Flat
3,original,engine/rocksdb/group_extrema/group_extrema/restore_aligned/16384/domain=16384/bytes=264/nulls=true,79,3.0,50230071.0,Flat
3,original,engine/rocksdb/group_extrema/group_extrema/restore_aligned/16384/domain=16384/bytes=264/nulls=true,80,3.0,47302418.0,Flat
3,original,engine/rocksdb/group_extrema/group_extrema/restore_aligned/16384/domain=16384/bytes=264/nulls=true,81,3.0,52043446.0,Flat
3,original,engine/rocksdb/group_extrema/group_extrema/restore_aligned/16384/domain=16384/bytes=264/nulls=true,82,3.0,47248813.0,Flat
3,original,engine/rocksdb/group_extrema/group_extrema/restore_aligned/16384/domain=16384/bytes=264/nulls=true,83,3.0,46259779.0,Flat
3,original,engine/rocksdb/group_extrema/group_extrema/restore_aligned/16384/domain=16384/bytes=264/nulls=true,84,3.0,47692898.0,Flat
3,original,engine/rocksdb/group_extrema/group_extrema/restore_aligned/16384/domain=16384/bytes=264/nulls=true,85,3.0,47840939.0,Flat
3,original,engine/rocksdb/group_extrema/group_extrema/restore_aligned/16384/domain=16384/bytes=264/nulls=true,86,3.0,48544130.0,Flat
3,original,engine/rocksdb/group_extrema/group_extrema/restore_aligned/16384/domain=16384/bytes=264/nulls=true,87,3.0,49980798.0,Flat
3,original,engine/rocksdb/group_extrema/group_extrema/restore_aligned/16384/domain=16384/bytes=264/nulls=true,88,3.0,51011599.0,Flat
3,original,engine/rocksdb/group_extrema/group_extrema/restore_aligned/16384/domain=16384/bytes=264/nulls=true,89,3.0,49408286.0,Flat
3,original,engine/rocksdb/group_extrema/group_extrema/restore_aligned/16384/domain=16384/bytes=264/nulls=true,90,3.0,51102974.0,Flat
3,original,engine/rocksdb/group_extrema/group_extrema/restore_aligned/16384/domain=16384/bytes=264/nulls=true,91,3.0,52126060.0,Flat
3,original,engine/rocksdb/group_extrema/group_extrema/restore_aligned/16384/domain=16384/bytes=264/nulls=true,92,3.0,50318503.0,Flat
3,original,engine/rocksdb/group_extrema/group_extrema/restore_aligned/16384/domain=16384/bytes=264/nulls=true,93,3.0,47307425.0,Flat
3,original,engine/rocksdb/group_extrema/group_extrema/restore_aligned/16384/domain=16384/bytes=264/nulls=true,94,3.0,52736695.0,Flat
3,original,engine/rocksdb/group_extrema/group_extrema/restore_aligned/16384/domain=16384/bytes=264/nulls=true,95,3.0,48107290.0,Flat
3,original,engine/rocksdb/group_extrema/group_extrema/restore_aligned/16384/domain=16384/bytes=264/nulls=true,96,3.0,50987544.0,Flat
3,original,engine/rocksdb/group_extrema/group_extrema/restore_aligned/16384/domain=16384/bytes=264/nulls=true,97,3.0,47311489.0,Flat
3,original,engine/rocksdb/group_extrema/group_extrema/restore_aligned/16384/domain=16384/bytes=264/nulls=true,98,3.0,49323051.0,Flat
3,original,engine/rocksdb/group_extrema/group_extrema/restore_aligned/16384/domain=16384/bytes=264/nulls=true,99,3.0,51588867.0,Flat
3,original,engine/rocksdb/group_extrema/group_extrema/restore_rebuilt/16384/domain=16384/bytes=264/nulls=true,0,1.0,52146296.0,Flat
3,original,engine/rocksdb/group_extrema/group_extrema/restore_rebuilt/16384/domain=16384/bytes=264/nulls=true,1,1.0,50351019.0,Flat
3,original,engine/rocksdb/group_extrema/group_extrema/restore_rebuilt/16384/domain=16384/bytes=264/nulls=true,2,1.0,48721765.0,Flat
3,original,engine/rocksdb/group_extrema/group_extrema/restore_rebuilt/16384/domain=16384/bytes=264/nulls=true,3,1.0,47173626.0,Flat
3,original,engine/rocksdb/group_extrema/group_extrema/restore_rebuilt/16384/domain=16384/bytes=264/nulls=true,4,1.0,45841280.0,Flat
3,original,engine/rocksdb/group_extrema/group_extrema/restore_rebuilt/16384/domain=16384/bytes=264/nulls=true,5,1.0,47081657.0,Flat
3,original,engine/rocksdb/group_extrema/group_extrema/restore_rebuilt/16384/domain=16384/bytes=264/nulls=true,6,1.0,50479165.0,Flat
3,original,engine/rocksdb/group_extrema/group_extrema/restore_rebuilt/16384/domain=16384/bytes=264/nulls=true,7,1.0,46333040.0,Flat
3,original,engine/rocksdb/group_extrema/group_extrema/restore_rebuilt/16384/domain=16384/bytes=264/nulls=true,8,1.0,50450405.0,Flat
3,original,engine/rocksdb/group_extrema/group_extrema/restore_rebuilt/16384/domain=16384/bytes=264/nulls=true,9,1.0,47797775.0,Flat
3,original,engine/rocksdb/group_extrema/group_extrema/restore_rebuilt/16384/domain=16384/bytes=264/nulls=true,10,1.0,46407469.0,Flat
3,original,engine/rocksdb/group_extrema/group_extrema/restore_rebuilt/16384/domain=16384/bytes=264/nulls=true,11,1.0,46948713.0,Flat
3,original,engine/rocksdb/group_extrema/group_extrema/restore_rebuilt/16384/domain=16384/bytes=264/nulls=true,12,1.0,47461822.0,Flat
3,original,engine/rocksdb/group_extrema/group_extrema/restore_rebuilt/16384/domain=16384/bytes=264/nulls=true,13,1.0,46898327.0,Flat
3,original,engine/rocksdb/group_extrema/group_extrema/restore_rebuilt/16384/domain=16384/bytes=264/nulls=true,14,1.0,51254216.0,Flat
3,original,engine/rocksdb/group_extrema/group_extrema/restore_rebuilt/16384/domain=16384/bytes=264/nulls=true,15,1.0,47974981.0,Flat
3,original,engine/rocksdb/group_extrema/group_extrema/restore_rebuilt/16384/domain=16384/bytes=264/nulls=true,16,1.0,47746572.0,Flat
3,original,engine/rocksdb/group_extrema/group_extrema/restore_rebuilt/16384/domain=16384/bytes=264/nulls=true,17,1.0,46180856.0,Flat
3,original,engine/rocksdb/group_extrema/group_extrema/restore_rebuilt/16384/domain=16384/bytes=264/nulls=true,18,1.0,51746463.0,Flat
3,original,engine/rocksdb/group_extrema/group_extrema/restore_rebuilt/16384/domain=16384/bytes=264/nulls=true,19,1.0,48209422.0,Flat
3,original,engine/rocksdb/group_extrema/group_extrema/restore_rebuilt/16384/domain=16384/bytes=264/nulls=true,20,1.0,48686856.0,Flat
3,original,engine/rocksdb/group_extrema/group_extrema/restore_rebuilt/16384/domain=16384/bytes=264/nulls=true,21,1.0,50527891.0,Flat
3,original,engine/rocksdb/group_extrema/group_extrema/restore_rebuilt/16384/domain=16384/bytes=264/nulls=true,22,1.0,52039379.0,Flat
3,original,engine/rocksdb/group_extrema/group_extrema/restore_rebuilt/16384/domain=16384/bytes=264/nulls=true,23,1.0,46786784.0,Flat
3,original,engine/rocksdb/group_extrema/group_extrema/restore_rebuilt/16384/domain=16384/bytes=264/nulls=true,24,1.0,48049335.0,Flat
3,original,engine/rocksdb/group_extrema/group_extrema/restore_rebuilt/16384/domain=16384/bytes=264/nulls=true,25,1.0,49152003.0,Flat
3,original,engine/rocksdb/group_extrema/group_extrema/restore_rebuilt/16384/domain=16384/bytes=264/nulls=true,26,1.0,61644270.0,Flat
3,original,engine/rocksdb/group_extrema/group_extrema/restore_rebuilt/16384/domain=16384/bytes=264/nulls=true,27,1.0,50951919.0,Flat
3,original,engine/rocksdb/group_extrema/group_extrema/restore_rebuilt/16384/domain=16384/bytes=264/nulls=true,28,1.0,49425512.0,Flat
3,original,engine/rocksdb/group_extrema/group_extrema/restore_rebuilt/16384/domain=16384/bytes=264/nulls=true,29,1.0,46079678.0,Flat
3,original,engine/rocksdb/group_extrema/group_extrema/restore_rebuilt/16384/domain=16384/bytes=264/nulls=true,30,1.0,48528992.0,Flat
3,original,engine/rocksdb/group_extrema/group_extrema/restore_rebuilt/16384/domain=16384/bytes=264/nulls=true,31,1.0,48562936.0,Flat
3,original,engine/rocksdb/group_extrema/group_extrema/restore_rebuilt/16384/domain=16384/bytes=264/nulls=true,32,1.0,51896860.0,Flat
3,original,engine/rocksdb/group_extrema/group_extrema/restore_rebuilt/16384/domain=16384/bytes=264/nulls=true,33,1.0,48743917.0,Flat
3,original,engine/rocksdb/group_extrema/group_extrema/restore_rebuilt/16384/domain=16384/bytes=264/nulls=true,34,1.0,46277161.0,Flat
3,original,engine/rocksdb/group_extrema/group_extrema/restore_rebuilt/16384/domain=16384/bytes=264/nulls=true,35,1.0,48673818.0,Flat
3,original,engine/rocksdb/group_extrema/group_extrema/restore_rebuilt/16384/domain=16384/bytes=264/nulls=true,36,1.0,47414027.0,Flat
3,original,engine/rocksdb/group_extrema/group_extrema/restore_rebuilt/16384/domain=16384/bytes=264/nulls=true,37,1.0,46690114.0,Flat
3,original,engine/rocksdb/group_extrema/group_extrema/restore_rebuilt/16384/domain=16384/bytes=264/nulls=true,38,1.0,45686950.0,Flat
3,original,engine/rocksdb/group_extrema/group_extrema/restore_rebuilt/16384/domain=16384/bytes=264/nulls=true,39,1.0,46183152.0,Flat
3,original,engine/rocksdb/group_extrema/group_extrema/restore_rebuilt/16384/domain=16384/bytes=264/nulls=true,40,1.0,50742860.0,Flat
3,original,engine/rocksdb/group_extrema/group_extrema/restore_rebuilt/16384/domain=16384/bytes=264/nulls=true,41,1.0,47082855.0,Flat
3,original,engine/rocksdb/group_extrema/group_extrema/restore_rebuilt/16384/domain=16384/bytes=264/nulls=true,42,1.0,46595115.0,Flat
3,original,engine/rocksdb/group_extrema/group_extrema/restore_rebuilt/16384/domain=16384/bytes=264/nulls=true,43,1.0,45286331.0,Flat
3,original,engine/rocksdb/group_extrema/group_extrema/restore_rebuilt/16384/domain=16384/bytes=264/nulls=true,44,1.0,47263646.0,Flat
3,original,engine/rocksdb/group_extrema/group_extrema/restore_rebuilt/16384/domain=16384/bytes=264/nulls=true,45,1.0,42606156.0,Flat
3,original,engine/rocksdb/group_extrema/group_extrema/restore_rebuilt/16384/domain=16384/bytes=264/nulls=true,46,1.0,45121109.0,Flat
3,original,engine/rocksdb/group_extrema/group_extrema/restore_rebuilt/16384/domain=16384/bytes=264/nulls=true,47,1.0,47944486.0,Flat
3,original,engine/rocksdb/group_extrema/group_extrema/restore_rebuilt/16384/domain=16384/bytes=264/nulls=true,48,1.0,41891153.0,Flat
3,original,engine/rocksdb/group_extrema/group_extrema/restore_rebuilt/16384/domain=16384/bytes=264/nulls=true,49,1.0,41936323.0,Flat
3,original,engine/rocksdb/group_extrema/group_extrema/restore_rebuilt/16384/domain=16384/bytes=264/nulls=true,50,1.0,47721563.0,Flat
3,original,engine/rocksdb/group_extrema/group_extrema/restore_rebuilt/16384/domain=16384/bytes=264/nulls=true,51,1.0,44108086.0,Flat
3,original,engine/rocksdb/group_extrema/group_extrema/restore_rebuilt/16384/domain=16384/bytes=264/nulls=true,52,1.0,46902282.0,Flat
3,original,engine/rocksdb/group_extrema/group_extrema/restore_rebuilt/16384/domain=16384/bytes=264/nulls=true,53,1.0,44560095.0,Flat
3,original,engine/rocksdb/group_extrema/group_extrema/restore_rebuilt/16384/domain=16384/bytes=264/nulls=true,54,1.0,43642472.0,Flat
3,original,engine/rocksdb/group_extrema/group_extrema/restore_rebuilt/16384/domain=16384/bytes=264/nulls=true,55,1.0,45360497.0,Flat
3,original,engine/rocksdb/group_extrema/group_extrema/restore_rebuilt/16384/domain=16384/bytes=264/nulls=true,56,1.0,45504253.0,Flat
3,original,engine/rocksdb/group_extrema/group_extrema/restore_rebuilt/16384/domain=16384/bytes=264/nulls=true,57,1.0,44032020.0,Flat
3,original,engine/rocksdb/group_extrema/group_extrema/restore_rebuilt/16384/domain=16384/bytes=264/nulls=true,58,1.0,47449288.0,Flat
3,original,engine/rocksdb/group_extrema/group_extrema/restore_rebuilt/16384/domain=16384/bytes=264/nulls=true,59,1.0,47071494.0,Flat
3,original,engine/rocksdb/group_extrema/group_extrema/restore_rebuilt/16384/domain=16384/bytes=264/nulls=true,60,1.0,49460518.0,Flat
3,original,engine/rocksdb/group_extrema/group_extrema/restore_rebuilt/16384/domain=16384/bytes=264/nulls=true,61,1.0,45821874.0,Flat
3,original,engine/rocksdb/group_extrema/group_extrema/restore_rebuilt/16384/domain=16384/bytes=264/nulls=true,62,1.0,46981471.0,Flat
3,original,engine/rocksdb/group_extrema/group_extrema/restore_rebuilt/16384/domain=16384/bytes=264/nulls=true,63,1.0,48933738.0,Flat
3,original,engine/rocksdb/group_extrema/group_extrema/restore_rebuilt/16384/domain=16384/bytes=264/nulls=true,64,1.0,44915482.0,Flat
3,original,engine/rocksdb/group_extrema/group_extrema/restore_rebuilt/16384/domain=16384/bytes=264/nulls=true,65,1.0,45312410.0,Flat
3,original,engine/rocksdb/group_extrema/group_extrema/restore_rebuilt/16384/domain=16384/bytes=264/nulls=true,66,1.0,47155838.0,Flat
3,original,engine/rocksdb/group_extrema/group_extrema/restore_rebuilt/16384/domain=16384/bytes=264/nulls=true,67,1.0,46471806.0,Flat
3,original,engine/rocksdb/group_extrema/group_extrema/restore_rebuilt/16384/domain=16384/bytes=264/nulls=true,68,1.0,51655552.0,Flat
3,original,engine/rocksdb/group_extrema/group_extrema/restore_rebuilt/16384/domain=16384/bytes=264/nulls=true,69,1.0,87193307.0,Flat
3,original,engine/rocksdb/group_extrema/group_extrema/restore_rebuilt/16384/domain=16384/bytes=264/nulls=true,70,1.0,50032112.0,Flat
3,original,engine/rocksdb/group_extrema/group_extrema/restore_rebuilt/16384/domain=16384/bytes=264/nulls=true,71,1.0,49164604.0,Flat
3,original,engine/rocksdb/group_extrema/group_extrema/restore_rebuilt/16384/domain=16384/bytes=264/nulls=true,72,1.0,46013816.0,Flat
3,original,engine/rocksdb/group_extrema/group_extrema/restore_rebuilt/16384/domain=16384/bytes=264/nulls=true,73,1.0,45735665.0,Flat
3,original,engine/rocksdb/group_extrema/group_extrema/restore_rebuilt/16384/domain=16384/bytes=264/nulls=true,74,1.0,48376277.0,Flat
3,original,engine/rocksdb/group_extrema/group_extrema/restore_rebuilt/16384/domain=16384/bytes=264/nulls=true,75,1.0,47626439.0,Flat
3,original,engine/rocksdb/group_extrema/group_extrema/restore_rebuilt/16384/domain=16384/bytes=264/nulls=true,76,1.0,53385723.0,Flat
3,original,engine/rocksdb/group_extrema/group_extrema/restore_rebuilt/16384/domain=16384/bytes=264/nulls=true,77,1.0,52314809.0,Flat
3,original,engine/rocksdb/group_extrema/group_extrema/restore_rebuilt/16384/domain=16384/bytes=264/nulls=true,78,1.0,46750509.0,Flat
3,original,engine/rocksdb/group_extrema/group_extrema/restore_rebuilt/16384/domain=16384/bytes=264/nulls=true,79,1.0,45884529.0,Flat
3,original,engine/rocksdb/group_extrema/group_extrema/restore_rebuilt/16384/domain=16384/bytes=264/nulls=true,80,1.0,45776240.0,Flat
3,original,engine/rocksdb/group_extrema/group_extrema/restore_rebuilt/16384/domain=16384/bytes=264/nulls=true,81,1.0,44785431.0,Flat
3,original,engine/rocksdb/group_extrema/group_extrema/restore_rebuilt/16384/domain=16384/bytes=264/nulls=true,82,1.0,45962954.0,Flat
3,original,engine/rocksdb/group_extrema/group_extrema/restore_rebuilt/16384/domain=16384/bytes=264/nulls=true,83,1.0,46240186.0,Flat
3,original,engine/rocksdb/group_extrema/group_extrema/restore_rebuilt/16384/domain=16384/bytes=264/nulls=true,84,1.0,45517059.0,Flat
3,original,engine/rocksdb/group_extrema/group_extrema/restore_rebuilt/16384/domain=16384/bytes=264/nulls=true,85,1.0,45890811.0,Flat
3,original,engine/rocksdb/group_extrema/group_extrema/restore_rebuilt/16384/domain=16384/bytes=264/nulls=true,86,1.0,44812226.0,Flat
3,original,engine/rocksdb/group_extrema/group_extrema/restore_rebuilt/16384/domain=16384/bytes=264/nulls=true,87,1.0,47733397.0,Flat
3,original,engine/rocksdb/group_extrema/group_extrema/restore_rebuilt/16384/domain=16384/bytes=264/nulls=true,88,1.0,47268145.0,Flat
3,original,engine/rocksdb/group_extrema/group_extrema/restore_rebuilt/16384/domain=16384/bytes=264/nulls=true,89,1.0,52386943.0,Flat
3,original,engine/rocksdb/group_extrema/group_extrema/restore_rebuilt/16384/domain=16384/bytes=264/nulls=true,90,1.0,52827278.0,Flat
3,original,engine/rocksdb/group_extrema/group_extrema/restore_rebuilt/16384/domain=16384/bytes=264/nulls=true,91,1.0,54602287.0,Flat
3,original,engine/rocksdb/group_extrema/group_extrema/restore_rebuilt/16384/domain=16384/bytes=264/nulls=true,92,1.0,45630661.0,Flat
3,original,engine/rocksdb/group_extrema/group_extrema/restore_rebuilt/16384/domain=16384/bytes=264/nulls=true,93,1.0,46492143.0,Flat
3,original,engine/rocksdb/group_extrema/group_extrema/restore_rebuilt/16384/domain=16384/bytes=264/nulls=true,94,1.0,46751395.0,Flat
3,original,engine/rocksdb/group_extrema/group_extrema/restore_rebuilt/16384/domain=16384/bytes=264/nulls=true,95,1.0,47433525.0,Flat
3,original,engine/rocksdb/group_extrema/group_extrema/restore_rebuilt/16384/domain=16384/bytes=264/nulls=true,96,1.0,48425729.0,Flat
3,original,engine/rocksdb/group_extrema/group_extrema/restore_rebuilt/16384/domain=16384/bytes=264/nulls=true,97,1.0,47398853.0,Flat
3,original,engine/rocksdb/group_extrema/group_extrema/restore_rebuilt/16384/domain=16384/bytes=264/nulls=true,98,1.0,46325438.0,Flat
3,original,engine/rocksdb/group_extrema/group_extrema/restore_rebuilt/16384/domain=16384/bytes=264/nulls=true,99,1.0,46106560.0,Flat
3,original,engine/rocksdb/group_extrema/group_extrema/retract_all/16384/domain=16384/bytes=264/nulls=true,0,1.0,350109695.0,Flat
3,original,engine/rocksdb/group_extrema/group_extrema/retract_all/16384/domain=16384/bytes=264/nulls=true,1,1.0,343752404.0,Flat
3,original,engine/rocksdb/group_extrema/group_extrema/retract_all/16384/domain=16384/bytes=264/nulls=true,2,1.0,354401873.0,Flat
3,original,engine/rocksdb/group_extrema/group_extrema/retract_all/16384/domain=16384/bytes=264/nulls=true,3,1.0,349820036.0,Flat
3,original,engine/rocksdb/group_extrema/group_extrema/retract_all/16384/domain=16384/bytes=264/nulls=true,4,1.0,335917626.0,Flat
3,original,engine/rocksdb/group_extrema/group_extrema/retract_all/16384/domain=16384/bytes=264/nulls=true,5,1.0,382685102.0,Flat
3,original,engine/rocksdb/group_extrema/group_extrema/retract_all/16384/domain=16384/bytes=264/nulls=true,6,1.0,357621603.0,Flat
3,original,engine/rocksdb/group_extrema/group_extrema/retract_all/16384/domain=16384/bytes=264/nulls=true,7,1.0,342968451.0,Flat
3,original,engine/rocksdb/group_extrema/group_extrema/retract_all/16384/domain=16384/bytes=264/nulls=true,8,1.0,347080971.0,Flat
3,original,engine/rocksdb/group_extrema/group_extrema/retract_all/16384/domain=16384/bytes=264/nulls=true,9,1.0,348334179.0,Flat
3,original,engine/rocksdb/group_extrema/group_extrema/retract_all/16384/domain=16384/bytes=264/nulls=true,10,1.0,350966856.0,Flat
3,original,engine/rocksdb/group_extrema/group_extrema/retract_all/16384/domain=16384/bytes=264/nulls=true,11,1.0,351139018.0,Flat
3,original,engine/rocksdb/group_extrema/group_extrema/retract_all/16384/domain=16384/bytes=264/nulls=true,12,1.0,347631352.0,Flat
3,original,engine/rocksdb/group_extrema/group_extrema/retract_all/16384/domain=16384/bytes=264/nulls=true,13,1.0,364952770.0,Flat
3,original,engine/rocksdb/group_extrema/group_extrema/retract_all/16384/domain=16384/bytes=264/nulls=true,14,1.0,343327519.0,Flat
3,original,engine/rocksdb/group_extrema/group_extrema/retract_all/16384/domain=16384/bytes=264/nulls=true,15,1.0,370184799.0,Flat
3,original,engine/rocksdb/group_extrema/group_extrema/retract_all/16384/domain=16384/bytes=264/nulls=true,16,1.0,367840053.0,Flat
3,original,engine/rocksdb/group_extrema/group_extrema/retract_all/16384/domain=16384/bytes=264/nulls=true,17,1.0,358292266.0,Flat
3,original,engine/rocksdb/group_extrema/group_extrema/retract_all/16384/domain=16384/bytes=264/nulls=true,18,1.0,352715866.0,Flat
3,original,engine/rocksdb/group_extrema/group_extrema/retract_all/16384/domain=16384/bytes=264/nulls=true,19,1.0,349891291.0,Flat
3,original,engine/rocksdb/group_extrema/group_extrema/retract_all/16384/domain=16384/bytes=264/nulls=true,20,1.0,341435273.0,Flat
3,original,engine/rocksdb/group_extrema/group_extrema/retract_all/16384/domain=16384/bytes=264/nulls=true,21,1.0,347399687.0,Flat
3,original,engine/rocksdb/group_extrema/group_extrema/retract_all/16384/domain=16384/bytes=264/nulls=true,22,1.0,352856559.0,Flat
3,original,engine/rocksdb/group_extrema/group_extrema/retract_all/16384/domain=16384/bytes=264/nulls=true,23,1.0,332379894.0,Flat
3,original,engine/rocksdb/group_extrema/group_extrema/retract_all/16384/domain=16384/bytes=264/nulls=true,24,1.0,332735612.0,Flat
3,original,engine/rocksdb/group_extrema/group_extrema/retract_all/16384/domain=16384/bytes=264/nulls=true,25,1.0,345658859.0,Flat
3,original,engine/rocksdb/group_extrema/group_extrema/retract_all/16384/domain=16384/bytes=264/nulls=true,26,1.0,360019874.0,Flat
3,original,engine/rocksdb/group_extrema/group_extrema/retract_all/16384/domain=16384/bytes=264/nulls=true,27,1.0,348469551.0,Flat
3,original,engine/rocksdb/group_extrema/group_extrema/retract_all/16384/domain=16384/bytes=264/nulls=true,28,1.0,343237160.0,Flat
3,original,engine/rocksdb/group_extrema/group_extrema/retract_all/16384/domain=16384/bytes=264/nulls=true,29,1.0,332266580.0,Flat
3,original,engine/rocksdb/group_extrema/group_extrema/retract_all/16384/domain=16384/bytes=264/nulls=true,30,1.0,339333005.0,Flat
3,original,engine/rocksdb/group_extrema/group_extrema/retract_all/16384/domain=16384/bytes=264/nulls=true,31,1.0,342854166.0,Flat
3,original,engine/rocksdb/group_extrema/group_extrema/retract_all/16384/domain=16384/bytes=264/nulls=true,32,1.0,347603366.0,Flat
3,original,engine/rocksdb/group_extrema/group_extrema/retract_all/16384/domain=16384/bytes=264/nulls=true,33,1.0,339399012.0,Flat
3,original,engine/rocksdb/group_extrema/group_extrema/retract_all/16384/domain=16384/bytes=264/nulls=true,34,1.0,335654619.0,Flat
3,original,engine/rocksdb/group_extrema/group_extrema/retract_all/16384/domain=16384/bytes=264/nulls=true,35,1.0,363464941.0,Flat
3,original,engine/rocksdb/group_extrema/group_extrema/retract_all/16384/domain=16384/bytes=264/nulls=true,36,1.0,347675710.0,Flat
3,original,engine/rocksdb/group_extrema/group_extrema/retract_all/16384/domain=16384/bytes=264/nulls=true,37,1.0,356794781.0,Flat
3,original,engine/rocksdb/group_extrema/group_extrema/retract_all/16384/domain=16384/bytes=264/nulls=true,38,1.0,341438590.0,Flat
3,original,engine/rocksdb/group_extrema/group_extrema/retract_all/16384/domain=16384/bytes=264/nulls=true,39,1.0,365807755.0,Flat
3,original,engine/rocksdb/group_extrema/group_extrema/retract_all/16384/domain=16384/bytes=264/nulls=true,40,1.0,333819857.0,Flat
3,original,engine/rocksdb/group_extrema/group_extrema/retract_all/16384/domain=16384/bytes=264/nulls=true,41,1.0,353264680.0,Flat
3,original,engine/rocksdb/group_extrema/group_extrema/retract_all/16384/domain=16384/bytes=264/nulls=true,42,1.0,349561116.0,Flat
3,original,engine/rocksdb/group_extrema/group_extrema/retract_all/16384/domain=16384/bytes=264/nulls=true,43,1.0,347701610.0,Flat
3,original,engine/rocksdb/group_extrema/group_extrema/retract_all/16384/domain=16384/bytes=264/nulls=true,44,1.0,352320743.0,Flat
3,original,engine/rocksdb/group_extrema/group_extrema/retract_all/16384/domain=16384/bytes=264/nulls=true,45,1.0,389620165.0,Flat
3,original,engine/rocksdb/group_extrema/group_extrema/retract_all/16384/domain=16384/bytes=264/nulls=true,46,1.0,379565743.0,Flat
3,original,engine/rocksdb/group_extrema/group_extrema/retract_all/16384/domain=16384/bytes=264/nulls=true,47,1.0,390002043.0,Flat
3,original,engine/rocksdb/group_extrema/group_extrema/retract_all/16384/domain=16384/bytes=264/nulls=true,48,1.0,346954432.0,Flat
3,original,engine/rocksdb/group_extrema/group_extrema/retract_all/16384/domain=16384/bytes=264/nulls=true,49,1.0,332198461.0,Flat
3,original,engine/rocksdb/group_extrema/group_extrema/retract_all/16384/domain=16384/bytes=264/nulls=true,50,1.0,346785621.0,Flat
3,original,engine/rocksdb/group_extrema/group_extrema/retract_all/16384/domain=16384/bytes=264/nulls=true,51,1.0,339359087.0,Flat
3,original,engine/rocksdb/group_extrema/group_extrema/retract_all/16384/domain=16384/bytes=264/nulls=true,52,1.0,336976428.0,Flat
3,original,engine/rocksdb/group_extrema/group_extrema/retract_all/16384/domain=16384/bytes=264/nulls=true,53,1.0,352384403.0,Flat
3,original,engine/rocksdb/group_extrema/group_extrema/retract_all/16384/domain=16384/bytes=264/nulls=true,54,1.0,359567113.0,Flat
3,original,engine/rocksdb/group_extrema/group_extrema/retract_all/16384/domain=16384/bytes=264/nulls=true,55,1.0,339636651.0,Flat
3,original,engine/rocksdb/group_extrema/group_extrema/retract_all/16384/domain=16384/bytes=264/nulls=true,56,1.0,342992850.0,Flat
3,original,engine/rocksdb/group_extrema/group_extrema/retract_all/16384/domain=16384/bytes=264/nulls=true,57,1.0,354732637.0,Flat
3,original,engine/rocksdb/group_extrema/group_extrema/retract_all/16384/domain=16384/bytes=264/nulls=true,58,1.0,349319019.0,Flat
3,original,engine/rocksdb/group_extrema/group_extrema/retract_all/16384/domain=16384/bytes=264/nulls=true,59,1.0,345444986.0,Flat
3,original,engine/rocksdb/group_extrema/group_extrema/retract_all/16384/domain=16384/bytes=264/nulls=true,60,1.0,342385076.0,Flat
3,original,engine/rocksdb/group_extrema/group_extrema/retract_all/16384/domain=16384/bytes=264/nulls=true,61,1.0,354251832.0,Flat
3,original,engine/rocksdb/group_extrema/group_extrema/retract_all/16384/domain=16384/bytes=264/nulls=true,62,1.0,344534846.0,Flat
3,original,engine/rocksdb/group_extrema/group_extrema/retract_all/16384/domain=16384/bytes=264/nulls=true,63,1.0,342648406.0,Flat
3,original,engine/rocksdb/group_extrema/group_extrema/retract_all/16384/domain=16384/bytes=264/nulls=true,64,1.0,343716884.0,Flat
3,original,engine/rocksdb/group_extrema/group_extrema/retract_all/16384/domain=16384/bytes=264/nulls=true,65,1.0,362596001.0,Flat
3,original,engine/rocksdb/group_extrema/group_extrema/retract_all/16384/domain=16384/bytes=264/nulls=true,66,1.0,345632538.0,Flat
3,original,engine/rocksdb/group_extrema/group_extrema/retract_all/16384/domain=16384/bytes=264/nulls=true,67,1.0,350980339.0,Flat
3,original,engine/rocksdb/group_extrema/group_extrema/retract_all/16384/domain=16384/bytes=264/nulls=true,68,1.0,352171482.0,Flat
3,original,engine/rocksdb/group_extrema/group_extrema/retract_all/16384/domain=16384/bytes=264/nulls=true,69,1.0,354472609.0,Flat
3,original,engine/rocksdb/group_extrema/group_extrema/retract_all/16384/domain=16384/bytes=264/nulls=true,70,1.0,342433482.0,Flat
3,original,engine/rocksdb/group_extrema/group_extrema/retract_all/16384/domain=16384/bytes=264/nulls=true,71,1.0,345375243.0,Flat
3,original,engine/rocksdb/group_extrema/group_extrema/retract_all/16384/domain=16384/bytes=264/nulls=true,72,1.0,346812427.0,Flat
3,original,engine/rocksdb/group_extrema/group_extrema/retract_all/16384/domain=16384/bytes=264/nulls=true,73,1.0,384244589.0,Flat
3,original,engine/rocksdb/group_extrema/group_extrema/retract_all/16384/domain=16384/bytes=264/nulls=true,74,1.0,369656489.0,Flat
3,original,engine/rocksdb/group_extrema/group_extrema/retract_all/16384/domain=16384/bytes=264/nulls=true,75,1.0,492410225.0,Flat
3,original,engine/rocksdb/group_extrema/group_extrema/retract_all/16384/domain=16384/bytes=264/nulls=true,76,1.0,354512018.0,Flat
3,original,engine/rocksdb/group_extrema/group_extrema/retract_all/16384/domain=16384/bytes=264/nulls=true,77,1.0,345942225.0,Flat
3,original,engine/rocksdb/group_extrema/group_extrema/retract_all/16384/domain=16384/bytes=264/nulls=true,78,1.0,367133820.0,Flat
3,original,engine/rocksdb/group_extrema/group_extrema/retract_all/16384/domain=16384/bytes=264/nulls=true,79,1.0,346013128.0,Flat
3,original,engine/rocksdb/group_extrema/group_extrema/retract_all/16384/domain=16384/bytes=264/nulls=true,80,1.0,348640262.0,Flat
3,original,engine/rocksdb/group_extrema/group_extrema/retract_all/16384/domain=16384/bytes=264/nulls=true,81,1.0,345115275.0,Flat
3,original,engine/rocksdb/group_extrema/group_extrema/retract_all/16384/domain=16384/bytes=264/nulls=true,82,1.0,361732285.0,Flat
3,original,engine/rocksdb/group_extrema/group_extrema/retract_all/16384/domain=16384/bytes=264/nulls=true,83,1.0,364697814.0,Flat
3,original,engine/rocksdb/group_extrema/group_extrema/retract_all/16384/domain=16384/bytes=264/nulls=true,84,1.0,341438635.0,Flat
3,original,engine/rocksdb/group_extrema/group_extrema/retract_all/16384/domain=16384/bytes=264/nulls=true,85,1.0,338221531.0,Flat
3,original,engine/rocksdb/group_extrema/group_extrema/retract_all/16384/domain=16384/bytes=264/nulls=true,86,1.0,343228312.0,Flat
3,original,engine/rocksdb/group_extrema/group_extrema/retract_all/16384/domain=16384/bytes=264/nulls=true,87,1.0,345986594.0,Flat
3,original,engine/rocksdb/group_extrema/group_extrema/retract_all/16384/domain=16384/bytes=264/nulls=true,88,1.0,359206283.0,Flat
3,original,engine/rocksdb/group_extrema/group_extrema/retract_all/16384/domain=16384/bytes=264/nulls=true,89,1.0,361208949.0,Flat
3,original,engine/rocksdb/group_extrema/group_extrema/retract_all/16384/domain=16384/bytes=264/nulls=true,90,1.0,344808440.0,Flat
3,original,engine/rocksdb/group_extrema/group_extrema/retract_all/16384/domain=16384/bytes=264/nulls=true,91,1.0,350619262.0,Flat
3,original,engine/rocksdb/group_extrema/group_extrema/retract_all/16384/domain=16384/bytes=264/nulls=true,92,1.0,352449519.0,Flat
3,original,engine/rocksdb/group_extrema/group_extrema/retract_all/16384/domain=16384/bytes=264/nulls=true,93,1.0,342121461.0,Flat
3,original,engine/rocksdb/group_extrema/group_extrema/retract_all/16384/domain=16384/bytes=264/nulls=true,94,1.0,350493058.0,Flat
3,original,engine/rocksdb/group_extrema/group_extrema/retract_all/16384/domain=16384/bytes=264/nulls=true,95,1.0,352230172.0,Flat
3,original,engine/rocksdb/group_extrema/group_extrema/retract_all/16384/domain=16384/bytes=264/nulls=true,96,1.0,348873326.0,Flat
3,original,engine/rocksdb/group_extrema/group_extrema/retract_all/16384/domain=16384/bytes=264/nulls=true,97,1.0,334681126.0,Flat
3,original,engine/rocksdb/group_extrema/group_extrema/retract_all/16384/domain=16384/bytes=264/nulls=true,98,1.0,360423254.0,Flat
3,original,engine/rocksdb/group_extrema/group_extrema/retract_all/16384/domain=16384/bytes=264/nulls=true,99,1.0,338120081.0,Flat
3,original,engine/rocksdb/group_extrema/group_extrema/retract_all/16384/domain=8/bytes=264/nulls=true,0,1.0,15279395.0,Flat
3,original,engine/rocksdb/group_extrema/group_extrema/retract_all/16384/domain=8/bytes=264/nulls=true,1,1.0,15271582.0,Flat
3,original,engine/rocksdb/group_extrema/group_extrema/retract_all/16384/domain=8/bytes=264/nulls=true,2,1.0,15151020.0,Flat
3,original,engine/rocksdb/group_extrema/group_extrema/retract_all/16384/domain=8/bytes=264/nulls=true,3,1.0,16178472.0,Flat
3,original,engine/rocksdb/group_extrema/group_extrema/retract_all/16384/domain=8/bytes=264/nulls=true,4,1.0,15576621.0,Flat
3,original,engine/rocksdb/group_extrema/group_extrema/retract_all/16384/domain=8/bytes=264/nulls=true,5,1.0,15625123.0,Flat
3,original,engine/rocksdb/group_extrema/group_extrema/retract_all/16384/domain=8/bytes=264/nulls=true,6,1.0,15434702.0,Flat
3,original,engine/rocksdb/group_extrema/group_extrema/retract_all/16384/domain=8/bytes=264/nulls=true,7,1.0,17294214.0,Flat
3,original,engine/rocksdb/group_extrema/group_extrema/retract_all/16384/domain=8/bytes=264/nulls=true,8,1.0,15388747.0,Flat
3,original,engine/rocksdb/group_extrema/group_extrema/retract_all/16384/domain=8/bytes=264/nulls=true,9,1.0,15228375.0,Flat
3,original,engine/rocksdb/group_extrema/group_extrema/retract_all/16384/domain=8/bytes=264/nulls=true,10,1.0,15332629.0,Flat
3,original,engine/rocksdb/group_extrema/group_extrema/retract_all/16384/domain=8/bytes=264/nulls=true,11,1.0,15454420.0,Flat
3,original,engine/rocksdb/group_extrema/group_extrema/retract_all/16384/domain=8/bytes=264/nulls=true,12,1.0,15859266.0,Flat
3,original,engine/rocksdb/group_extrema/group_extrema/retract_all/16384/domain=8/bytes=264/nulls=true,13,1.0,15641909.0,Flat
3,original,engine/rocksdb/group_extrema/group_extrema/retract_all/16384/domain=8/bytes=264/nulls=true,14,1.0,18748188.0,Flat
3,original,engine/rocksdb/group_extrema/group_extrema/retract_all/16384/domain=8/bytes=264/nulls=true,15,1.0,15407611.0,Flat
3,original,engine/rocksdb/group_extrema/group_extrema/retract_all/16384/domain=8/bytes=264/nulls=true,16,1.0,17694814.0,Flat
3,original,engine/rocksdb/group_extrema/group_extrema/retract_all/16384/domain=8/bytes=264/nulls=true,17,1.0,15876550.0,Flat
3,original,engine/rocksdb/group_extrema/group_extrema/retract_all/16384/domain=8/bytes=264/nulls=true,18,1.0,15539703.0,Flat
3,original,engine/rocksdb/group_extrema/group_extrema/retract_all/16384/domain=8/bytes=264/nulls=true,19,1.0,15048971.0,Flat
3,original,engine/rocksdb/group_extrema/group_extrema/retract_all/16384/domain=8/bytes=264/nulls=true,20,1.0,15178482.0,Flat
3,original,engine/rocksdb/group_extrema/group_extrema/retract_all/16384/domain=8/bytes=264/nulls=true,21,1.0,15237104.0,Flat
3,original,engine/rocksdb/group_extrema/group_extrema/retract_all/16384/domain=8/bytes=264/nulls=true,22,1.0,15108477.0,Flat
3,original,engine/rocksdb/group_extrema/group_extrema/retract_all/16384/domain=8/bytes=264/nulls=true,23,1.0,15262188.0,Flat
3,original,engine/rocksdb/group_extrema/group_extrema/retract_all/16384/domain=8/bytes=264/nulls=true,24,1.0,14975165.0,Flat
3,original,engine/rocksdb/group_extrema/group_extrema/retract_all/16384/domain=8/bytes=264/nulls=true,25,1.0,16070436.0,Flat
3,original,engine/rocksdb/group_extrema/group_extrema/retract_all/16384/domain=8/bytes=264/nulls=true,26,1.0,15995525.0,Flat
3,original,engine/rocksdb/group_extrema/group_extrema/retract_all/16384/domain=8/bytes=264/nulls=true,27,1.0,16114382.0,Flat
3,original,engine/rocksdb/group_extrema/group_extrema/retract_all/16384/domain=8/bytes=264/nulls=true,28,1.0,15713340.0,Flat
3,original,engine/rocksdb/group_extrema/group_extrema/retract_all/16384/domain=8/bytes=264/nulls=true,29,1.0,15240084.0,Flat
3,original,engine/rocksdb/group_extrema/group_extrema/retract_all/16384/domain=8/bytes=264/nulls=true,30,1.0,17298429.0,Flat
3,original,engine/rocksdb/group_extrema/group_extrema/retract_all/16384/domain=8/bytes=264/nulls=true,31,1.0,17018542.0,Flat
3,original,engine/rocksdb/group_extrema/group_extrema/retract_all/16384/domain=8/bytes=264/nulls=true,32,1.0,15303143.0,Flat
3,original,engine/rocksdb/group_extrema/group_extrema/retract_all/16384/domain=8/bytes=264/nulls=true,33,1.0,15354793.0,Flat
3,original,engine/rocksdb/group_extrema/group_extrema/retract_all/16384/domain=8/bytes=264/nulls=true,34,1.0,15268006.0,Flat
3,original,engine/rocksdb/group_extrema/group_extrema/retract_all/16384/domain=8/bytes=264/nulls=true,35,1.0,15357358.0,Flat
3,original,engine/rocksdb/group_extrema/group_extrema/retract_all/16384/domain=8/bytes=264/nulls=true,36,1.0,15076974.0,Flat
3,original,engine/rocksdb/group_extrema/group_extrema/retract_all/16384/domain=8/bytes=264/nulls=true,37,1.0,15346000.0,Flat
3,original,engine/rocksdb/group_extrema/group_extrema/retract_all/16384/domain=8/bytes=264/nulls=true,38,1.0,15535067.0,Flat
3,original,engine/rocksdb/group_extrema/group_extrema/retract_all/16384/domain=8/bytes=264/nulls=true,39,1.0,16243233.0,Flat
3,original,engine/rocksdb/group_extrema/group_extrema/retract_all/16384/domain=8/bytes=264/nulls=true,40,1.0,15940117.0,Flat
3,original,engine/rocksdb/group_extrema/group_extrema/retract_all/16384/domain=8/bytes=264/nulls=true,41,1.0,15699762.0,Flat
3,original,engine/rocksdb/group_extrema/group_extrema/retract_all/16384/domain=8/bytes=264/nulls=true,42,1.0,15430283.0,Flat
3,original,engine/rocksdb/group_extrema/group_extrema/retract_all/16384/domain=8/bytes=264/nulls=true,43,1.0,16013449.0,Flat
3,original,engine/rocksdb/group_extrema/group_extrema/retract_all/16384/domain=8/bytes=264/nulls=true,44,1.0,16091614.0,Flat
3,original,engine/rocksdb/group_extrema/group_extrema/retract_all/16384/domain=8/bytes=264/nulls=true,45,1.0,15532495.0,Flat
3,original,engine/rocksdb/group_extrema/group_extrema/retract_all/16384/domain=8/bytes=264/nulls=true,46,1.0,16387458.0,Flat
3,original,engine/rocksdb/group_extrema/group_extrema/retract_all/16384/domain=8/bytes=264/nulls=true,47,1.0,16350703.0,Flat
3,original,engine/rocksdb/group_extrema/group_extrema/retract_all/16384/domain=8/bytes=264/nulls=true,48,1.0,16115833.0,Flat
3,original,engine/rocksdb/group_extrema/group_extrema/retract_all/16384/domain=8/bytes=264/nulls=true,49,1.0,15794837.0,Flat
3,original,engine/rocksdb/group_extrema/group_extrema/retract_all/16384/domain=8/bytes=264/nulls=true,50,1.0,15523820.0,Flat
3,original,engine/rocksdb/group_extrema/group_extrema/retract_all/16384/domain=8/bytes=264/nulls=true,51,1.0,16910679.0,Flat
3,original,engine/rocksdb/group_extrema/group_extrema/retract_all/16384/domain=8/bytes=264/nulls=true,52,1.0,15821609.0,Flat
3,original,engine/rocksdb/group_extrema/group_extrema/retract_all/16384/domain=8/bytes=264/nulls=true,53,1.0,15333018.0,Flat
3,original,engine/rocksdb/group_extrema/group_extrema/retract_all/16384/domain=8/bytes=264/nulls=true,54,1.0,16578291.0,Flat
3,original,engine/rocksdb/group_extrema/group_extrema/retract_all/16384/domain=8/bytes=264/nulls=true,55,1.0,15274119.0,Flat
3,original,engine/rocksdb/group_extrema/group_extrema/retract_all/16384/domain=8/bytes=264/nulls=true,56,1.0,15958989.0,Flat
3,original,engine/rocksdb/group_extrema/group_extrema/retract_all/16384/domain=8/bytes=264/nulls=true,57,1.0,15198335.0,Flat
3,original,engine/rocksdb/group_extrema/group_extrema/retract_all/16384/domain=8/bytes=264/nulls=true,58,1.0,15456245.0,Flat
3,original,engine/rocksdb/group_extrema/group_extrema/retract_all/16384/domain=8/bytes=264/nulls=true,59,1.0,15709946.0,Flat
3,original,engine/rocksdb/group_extrema/group_extrema/retract_all/16384/domain=8/bytes=264/nulls=true,60,1.0,17094229.0,Flat
3,original,engine/rocksdb/group_extrema/group_extrema/retract_all/16384/domain=8/bytes=264/nulls=true,61,1.0,15522284.0,Flat
3,original,engine/rocksdb/group_extrema/group_extrema/retract_all/16384/domain=8/bytes=264/nulls=true,62,1.0,14999046.0,Flat
3,original,engine/rocksdb/group_extrema/group_extrema/retract_all/16384/domain=8/bytes=264/nulls=true,63,1.0,15556537.0,Flat
3,original,engine/rocksdb/group_extrema/group_extrema/retract_all/16384/domain=8/bytes=264/nulls=true,64,1.0,15895499.0,Flat
3,original,engine/rocksdb/group_extrema/group_extrema/retract_all/16384/domain=8/bytes=264/nulls=true,65,1.0,15498652.0,Flat
3,original,engine/rocksdb/group_extrema/group_extrema/retract_all/16384/domain=8/bytes=264/nulls=true,66,1.0,15249097.0,Flat
3,original,engine/rocksdb/group_extrema/group_extrema/retract_all/16384/domain=8/bytes=264/nulls=true,67,1.0,16279027.0,Flat
3,original,engine/rocksdb/group_extrema/group_extrema/retract_all/16384/domain=8/bytes=264/nulls=true,68,1.0,15390032.0,Flat
3,original,engine/rocksdb/group_extrema/group_extrema/retract_all/16384/domain=8/bytes=264/nulls=true,69,1.0,15088096.0,Flat
3,original,engine/rocksdb/group_extrema/group_extrema/retract_all/16384/domain=8/bytes=264/nulls=true,70,1.0,15277404.0,Flat
3,original,engine/rocksdb/group_extrema/group_extrema/retract_all/16384/domain=8/bytes=264/nulls=true,71,1.0,15883865.0,Flat
3,original,engine/rocksdb/group_extrema/group_extrema/retract_all/16384/domain=8/bytes=264/nulls=true,72,1.0,17301453.0,Flat
3,original,engine/rocksdb/group_extrema/group_extrema/retract_all/16384/domain=8/bytes=264/nulls=true,73,1.0,16567350.0,Flat
3,original,engine/rocksdb/group_extrema/group_extrema/retract_all/16384/domain=8/bytes=264/nulls=true,74,1.0,15346694.0,Flat
3,original,engine/rocksdb/group_extrema/group_extrema/retract_all/16384/domain=8/bytes=264/nulls=true,75,1.0,15715753.0,Flat
3,original,engine/rocksdb/group_extrema/group_extrema/retract_all/16384/domain=8/bytes=264/nulls=true,76,1.0,15621815.0,Flat
3,original,engine/rocksdb/group_extrema/group_extrema/retract_all/16384/domain=8/bytes=264/nulls=true,77,1.0,17072820.0,Flat
3,original,engine/rocksdb/group_extrema/group_extrema/retract_all/16384/domain=8/bytes=264/nulls=true,78,1.0,15616998.0,Flat
3,original,engine/rocksdb/group_extrema/group_extrema/retract_all/16384/domain=8/bytes=264/nulls=true,79,1.0,15254950.0,Flat
3,original,engine/rocksdb/group_extrema/group_extrema/retract_all/16384/domain=8/bytes=264/nulls=true,80,1.0,15508822.0,Flat
3,original,engine/rocksdb/group_extrema/group_extrema/retract_all/16384/domain=8/bytes=264/nulls=true,81,1.0,15546174.0,Flat
3,original,engine/rocksdb/group_extrema/group_extrema/retract_all/16384/domain=8/bytes=264/nulls=true,82,1.0,16932213.0,Flat
3,original,engine/rocksdb/group_extrema/group_extrema/retract_all/16384/domain=8/bytes=264/nulls=true,83,1.0,15959333.0,Flat
3,original,engine/rocksdb/group_extrema/group_extrema/retract_all/16384/domain=8/bytes=264/nulls=true,84,1.0,15767806.0,Flat
3,original,engine/rocksdb/group_extrema/group_extrema/retract_all/16384/domain=8/bytes=264/nulls=true,85,1.0,15582427.0,Flat
3,original,engine/rocksdb/group_extrema/group_extrema/retract_all/16384/domain=8/bytes=264/nulls=true,86,1.0,16040453.0,Flat
3,original,engine/rocksdb/group_extrema/group_extrema/retract_all/16384/domain=8/bytes=264/nulls=true,87,1.0,16380851.0,Flat
3,original,engine/rocksdb/group_extrema/group_extrema/retract_all/16384/domain=8/bytes=264/nulls=true,88,1.0,15444243.0,Flat
3,original,engine/rocksdb/group_extrema/group_extrema/retract_all/16384/domain=8/bytes=264/nulls=true,89,1.0,15877722.0,Flat
3,original,engine/rocksdb/group_extrema/group_extrema/retract_all/16384/domain=8/bytes=264/nulls=true,90,1.0,15663729.0,Flat
3,original,engine/rocksdb/group_extrema/group_extrema/retract_all/16384/domain=8/bytes=264/nulls=true,91,1.0,15606602.0,Flat
3,original,engine/rocksdb/group_extrema/group_extrema/retract_all/16384/domain=8/bytes=264/nulls=true,92,1.0,15570046.0,Flat
3,original,engine/rocksdb/group_extrema/group_extrema/retract_all/16384/domain=8/bytes=264/nulls=true,93,1.0,15690316.0,Flat
3,original,engine/rocksdb/group_extrema/group_extrema/retract_all/16384/domain=8/bytes=264/nulls=true,94,1.0,15958999.0,Flat
3,original,engine/rocksdb/group_extrema/group_extrema/retract_all/16384/domain=8/bytes=264/nulls=true,95,1.0,15291522.0,Flat
3,original,engine/rocksdb/group_extrema/group_extrema/retract_all/16384/domain=8/bytes=264/nulls=true,96,1.0,15375731.0,Flat
3,original,engine/rocksdb/group_extrema/group_extrema/retract_all/16384/domain=8/bytes=264/nulls=true,97,1.0,15238341.0,Flat
3,original,engine/rocksdb/group_extrema/group_extrema/retract_all/16384/domain=8/bytes=264/nulls=true,98,1.0,15768892.0,Flat
3,original,engine/rocksdb/group_extrema/group_extrema/retract_all/16384/domain=8/bytes=264/nulls=true,99,1.0,15459274.0,Flat
3,original,engine/rocksdb/group_extrema/group_extrema/retract_half/16384/domain=16384/bytes=264/nulls=true,0,1.0,155584590.0,Flat
3,original,engine/rocksdb/group_extrema/group_extrema/retract_half/16384/domain=16384/bytes=264/nulls=true,1,1.0,148040463.0,Flat
3,original,engine/rocksdb/group_extrema/group_extrema/retract_half/16384/domain=16384/bytes=264/nulls=true,2,1.0,155051898.0,Flat
3,original,engine/rocksdb/group_extrema/group_extrema/retract_half/16384/domain=16384/bytes=264/nulls=true,3,1.0,163563310.0,Flat
3,original,engine/rocksdb/group_extrema/group_extrema/retract_half/16384/domain=16384/bytes=264/nulls=true,4,1.0,148044825.0,Flat
3,original,engine/rocksdb/group_extrema/group_extrema/retract_half/16384/domain=16384/bytes=264/nulls=true,5,1.0,151507142.0,Flat
3,original,engine/rocksdb/group_extrema/group_extrema/retract_half/16384/domain=16384/bytes=264/nulls=true,6,1.0,155278283.0,Flat
3,original,engine/rocksdb/group_extrema/group_extrema/retract_half/16384/domain=16384/bytes=264/nulls=true,7,1.0,156581561.0,Flat
3,original,engine/rocksdb/group_extrema/group_extrema/retract_half/16384/domain=16384/bytes=264/nulls=true,8,1.0,154819656.0,Flat
3,original,engine/rocksdb/group_extrema/group_extrema/retract_half/16384/domain=16384/bytes=264/nulls=true,9,1.0,157094621.0,Flat
3,original,engine/rocksdb/group_extrema/group_extrema/retract_half/16384/domain=16384/bytes=264/nulls=true,10,1.0,150569126.0,Flat
3,original,engine/rocksdb/group_extrema/group_extrema/retract_half/16384/domain=16384/bytes=264/nulls=true,11,1.0,156671890.0,Flat
3,original,engine/rocksdb/group_extrema/group_extrema/retract_half/16384/domain=16384/bytes=264/nulls=true,12,1.0,157427454.0,Flat
3,original,engine/rocksdb/group_extrema/group_extrema/retract_half/16384/domain=16384/bytes=264/nulls=true,13,1.0,164845588.0,Flat
3,original,engine/rocksdb/group_extrema/group_extrema/retract_half/16384/domain=16384/bytes=264/nulls=true,14,1.0,158344749.0,Flat
3,original,engine/rocksdb/group_extrema/group_extrema/retract_half/16384/domain=16384/bytes=264/nulls=true,15,1.0,154442822.0,Flat
3,original,engine/rocksdb/group_extrema/group_extrema/retract_half/16384/domain=16384/bytes=264/nulls=true,16,1.0,159805717.0,Flat
3,original,engine/rocksdb/group_extrema/group_extrema/retract_half/16384/domain=16384/bytes=264/nulls=true,17,1.0,161617284.0,Flat
3,original,engine/rocksdb/group_extrema/group_extrema/retract_half/16384/domain=16384/bytes=264/nulls=true,18,1.0,155007543.0,Flat
3,original,engine/rocksdb/group_extrema/group_extrema/retract_half/16384/domain=16384/bytes=264/nulls=true,19,1.0,153245404.0,Flat
3,original,engine/rocksdb/group_extrema/group_extrema/retract_half/16384/domain=16384/bytes=264/nulls=true,20,1.0,146635290.0,Flat
3,original,engine/rocksdb/group_extrema/group_extrema/retract_half/16384/domain=16384/bytes=264/nulls=true,21,1.0,159651713.0,Flat
3,original,engine/rocksdb/group_extrema/group_extrema/retract_half/16384/domain=16384/bytes=264/nulls=true,22,1.0,152288741.0,Flat
3,original,engine/rocksdb/group_extrema/group_extrema/retract_half/16384/domain=16384/bytes=264/nulls=true,23,1.0,152067364.0,Flat
3,original,engine/rocksdb/group_extrema/group_extrema/retract_half/16384/domain=16384/bytes=264/nulls=true,24,1.0,150566996.0,Flat
3,original,engine/rocksdb/group_extrema/group_extrema/retract_half/16384/domain=16384/bytes=264/nulls=true,25,1.0,156583575.0,Flat
3,original,engine/rocksdb/group_extrema/group_extrema/retract_half/16384/domain=16384/bytes=264/nulls=true,26,1.0,145365597.0,Flat
3,original,engine/rocksdb/group_extrema/group_extrema/retract_half/16384/domain=16384/bytes=264/nulls=true,27,1.0,142343884.0,Flat
3,original,engine/rocksdb/group_extrema/group_extrema/retract_half/16384/domain=16384/bytes=264/nulls=true,28,1.0,162979543.0,Flat
3,original,engine/rocksdb/group_extrema/group_extrema/retract_half/16384/domain=16384/bytes=264/nulls=true,29,1.0,148809926.0,Flat
3,original,engine/rocksdb/group_extrema/group_extrema/retract_half/16384/domain=16384/bytes=264/nulls=true,30,1.0,158641035.0,Flat
3,original,engine/rocksdb/group_extrema/group_extrema/retract_half/16384/domain=16384/bytes=264/nulls=true,31,1.0,162842695.0,Flat
3,original,engine/rocksdb/group_extrema/group_extrema/retract_half/16384/domain=16384/bytes=264/nulls=true,32,1.0,148102505.0,Flat
3,original,engine/rocksdb/group_extrema/group_extrema/retract_half/16384/domain=16384/bytes=264/nulls=true,33,1.0,237229392.0,Flat
3,original,engine/rocksdb/group_extrema/group_extrema/retract_half/16384/domain=16384/bytes=264/nulls=true,34,1.0,197800248.0,Flat
3,original,engine/rocksdb/group_extrema/group_extrema/retract_half/16384/domain=16384/bytes=264/nulls=true,35,1.0,221322065.0,Flat
3,original,engine/rocksdb/group_extrema/group_extrema/retract_half/16384/domain=16384/bytes=264/nulls=true,36,1.0,201881404.0,Flat
3,original,engine/rocksdb/group_extrema/group_extrema/retract_half/16384/domain=16384/bytes=264/nulls=true,37,1.0,210794411.0,Flat
3,original,engine/rocksdb/group_extrema/group_extrema/retract_half/16384/domain=16384/bytes=264/nulls=true,38,1.0,267186087.0,Flat
3,original,engine/rocksdb/group_extrema/group_extrema/retract_half/16384/domain=16384/bytes=264/nulls=true,39,1.0,152531417.0,Flat
3,original,engine/rocksdb/group_extrema/group_extrema/retract_half/16384/domain=16384/bytes=264/nulls=true,40,1.0,154126744.0,Flat
3,original,engine/rocksdb/group_extrema/group_extrema/retract_half/16384/domain=16384/bytes=264/nulls=true,41,1.0,146911387.0,Flat
3,original,engine/rocksdb/group_extrema/group_extrema/retract_half/16384/domain=16384/bytes=264/nulls=true,42,1.0,149259334.0,Flat
3,original,engine/rocksdb/group_extrema/group_extrema/retract_half/16384/domain=16384/bytes=264/nulls=true,43,1.0,154115937.0,Flat
3,original,engine/rocksdb/group_extrema/group_extrema/retract_half/16384/domain=16384/bytes=264/nulls=true,44,1.0,146735699.0,Flat
3,original,engine/rocksdb/group_extrema/group_extrema/retract_half/16384/domain=16384/bytes=264/nulls=true,45,1.0,148132553.0,Flat
3,original,engine/rocksdb/group_extrema/group_extrema/retract_half/16384/domain=16384/bytes=264/nulls=true,46,1.0,152344151.0,Flat
3,original,engine/rocksdb/group_extrema/group_extrema/retract_half/16384/domain=16384/bytes=264/nulls=true,47,1.0,151536522.0,Flat
3,original,engine/rocksdb/group_extrema/group_extrema/retract_half/16384/domain=16384/bytes=264/nulls=true,48,1.0,154993095.0,Flat
3,original,engine/rocksdb/group_extrema/group_extrema/retract_half/16384/domain=16384/bytes=264/nulls=true,49,1.0,157149765.0,Flat
3,original,engine/rocksdb/group_extrema/group_extrema/retract_half/16384/domain=16384/bytes=264/nulls=true,50,1.0,156542664.0,Flat
3,original,engine/rocksdb/group_extrema/group_extrema/retract_half/16384/domain=16384/bytes=264/nulls=true,51,1.0,148081735.0,Flat
3,original,engine/rocksdb/group_extrema/group_extrema/retract_half/16384/domain=16384/bytes=264/nulls=true,52,1.0,156691889.0,Flat
3,original,engine/rocksdb/group_extrema/group_extrema/retract_half/16384/domain=16384/bytes=264/nulls=true,53,1.0,156949539.0,Flat
3,original,engine/rocksdb/group_extrema/group_extrema/retract_half/16384/domain=16384/bytes=264/nulls=true,54,1.0,160783700.0,Flat
3,original,engine/rocksdb/group_extrema/group_extrema/retract_half/16384/domain=16384/bytes=264/nulls=true,55,1.0,145791889.0,Flat
3,original,engine/rocksdb/group_extrema/group_extrema/retract_half/16384/domain=16384/bytes=264/nulls=true,56,1.0,155683995.0,Flat
3,original,engine/rocksdb/group_extrema/group_extrema/retract_half/16384/domain=16384/bytes=264/nulls=true,57,1.0,154325928.0,Flat
3,original,engine/rocksdb/group_extrema/group_extrema/retract_half/16384/domain=16384/bytes=264/nulls=true,58,1.0,151400622.0,Flat
3,original,engine/rocksdb/group_extrema/group_extrema/retract_half/16384/domain=16384/bytes=264/nulls=true,59,1.0,161379748.0,Flat
3,original,engine/rocksdb/group_extrema/group_extrema/retract_half/16384/domain=16384/bytes=264/nulls=true,60,1.0,153895282.0,Flat
3,original,engine/rocksdb/group_extrema/group_extrema/retract_half/16384/domain=16384/bytes=264/nulls=true,61,1.0,163220488.0,Flat
3,original,engine/rocksdb/group_extrema/group_extrema/retract_half/16384/domain=16384/bytes=264/nulls=true,62,1.0,147357780.0,Flat
3,original,engine/rocksdb/group_extrema/group_extrema/retract_half/16384/domain=16384/bytes=264/nulls=true,63,1.0,162012016.0,Flat
3,original,engine/rocksdb/group_extrema/group_extrema/retract_half/16384/domain=16384/bytes=264/nulls=true,64,1.0,148280711.0,Flat
3,original,engine/rocksdb/group_extrema/group_extrema/retract_half/16384/domain=16384/bytes=264/nulls=true,65,1.0,160636575.0,Flat
3,original,engine/rocksdb/group_extrema/group_extrema/retract_half/16384/domain=16384/bytes=264/nulls=true,66,1.0,148505966.0,Flat
3,original,engine/rocksdb/group_extrema/group_extrema/retract_half/16384/domain=16384/bytes=264/nulls=true,67,1.0,149528771.0,Flat
3,original,engine/rocksdb/group_extrema/group_extrema/retract_half/16384/domain=16384/bytes=264/nulls=true,68,1.0,153819642.0,Flat
3,original,engine/rocksdb/group_extrema/group_extrema/retract_half/16384/domain=16384/bytes=264/nulls=true,69,1.0,156514722.0,Flat
3,original,engine/rocksdb/group_extrema/group_extrema/retract_half/16384/domain=16384/bytes=264/nulls=true,70,1.0,161441802.0,Flat
3,original,engine/rocksdb/group_extrema/group_extrema/retract_half/16384/domain=16384/bytes=264/nulls=true,71,1.0,150740773.0,Flat
3,original,engine/rocksdb/group_extrema/group_extrema/retract_half/16384/domain=16384/bytes=264/nulls=true,72,1.0,157636672.0,Flat
3,original,engine/rocksdb/group_extrema/group_extrema/retract_half/16384/domain=16384/bytes=264/nulls=true,73,1.0,157066385.0,Flat
3,original,engine/rocksdb/group_extrema/group_extrema/retract_half/16384/domain=16384/bytes=264/nulls=true,74,1.0,152200559.0,Flat
3,original,engine/rocksdb/group_extrema/group_extrema/retract_half/16384/domain=16384/bytes=264/nulls=true,75,1.0,160530226.0,Flat
3,original,engine/rocksdb/group_extrema/group_extrema/retract_half/16384/domain=16384/bytes=264/nulls=true,76,1.0,167237622.0,Flat
3,original,engine/rocksdb/group_extrema/group_extrema/retract_half/16384/domain=16384/bytes=264/nulls=true,77,1.0,154605691.0,Flat
3,original,engine/rocksdb/group_extrema/group_extrema/retract_half/16384/domain=16384/bytes=264/nulls=true,78,1.0,154705889.0,Flat
3,original,engine/rocksdb/group_extrema/group_extrema/retract_half/16384/domain=16384/bytes=264/nulls=true,79,1.0,156325661.0,Flat
3,original,engine/rocksdb/group_extrema/group_extrema/retract_half/16384/domain=16384/bytes=264/nulls=true,80,1.0,153937478.0,Flat
3,original,engine/rocksdb/group_extrema/group_extrema/retract_half/16384/domain=16384/bytes=264/nulls=true,81,1.0,152584243.0,Flat
3,original,engine/rocksdb/group_extrema/group_extrema/retract_half/16384/domain=16384/bytes=264/nulls=true,82,1.0,156479896.0,Flat
3,original,engine/rocksdb/group_extrema/group_extrema/retract_half/16384/domain=16384/bytes=264/nulls=true,83,1.0,160850577.0,Flat
3,original,engine/rocksdb/group_extrema/group_extrema/retract_half/16384/domain=16384/bytes=264/nulls=true,84,1.0,164597849.0,Flat
3,original,engine/rocksdb/group_extrema/group_extrema/retract_half/16384/domain=16384/bytes=264/nulls=true,85,1.0,147841153.0,Flat
3,original,engine/rocksdb/group_extrema/group_extrema/retract_half/16384/domain=16384/bytes=264/nulls=true,86,1.0,149725396.0,Flat
3,original,engine/rocksdb/group_extrema/group_extrema/retract_half/16384/domain=16384/bytes=264/nulls=true,87,1.0,158483491.0,Flat
3,original,engine/rocksdb/group_extrema/group_extrema/retract_half/16384/domain=16384/bytes=264/nulls=true,88,1.0,152303270.0,Flat
3,original,engine/rocksdb/group_extrema/group_extrema/retract_half/16384/domain=16384/bytes=264/nulls=true,89,1.0,159478332.0,Flat
3,original,engine/rocksdb/group_extrema/group_extrema/retract_half/16384/domain=16384/bytes=264/nulls=true,90,1.0,149597001.0,Flat
3,original,engine/rocksdb/group_extrema/group_extrema/retract_half/16384/domain=16384/bytes=264/nulls=true,91,1.0,147387861.0,Flat
3,original,engine/rocksdb/group_extrema/group_extrema/retract_half/16384/domain=16384/bytes=264/nulls=true,92,1.0,155473941.0,Flat
3,original,engine/rocksdb/group_extrema/group_extrema/retract_half/16384/domain=16384/bytes=264/nulls=true,93,1.0,160924602.0,Flat
3,original,engine/rocksdb/group_extrema/group_extrema/retract_half/16384/domain=16384/bytes=264/nulls=true,94,1.0,155112045.0,Flat
3,original,engine/rocksdb/group_extrema/group_extrema/retract_half/16384/domain=16384/bytes=264/nulls=true,95,1.0,153344285.0,Flat
3,original,engine/rocksdb/group_extrema/group_extrema/retract_half/16384/domain=16384/bytes=264/nulls=true,96,1.0,156686099.0,Flat
3,original,engine/rocksdb/group_extrema/group_extrema/retract_half/16384/domain=16384/bytes=264/nulls=true,97,1.0,154651070.0,Flat
3,original,engine/rocksdb/group_extrema/group_extrema/retract_half/16384/domain=16384/bytes=264/nulls=true,98,1.0,161770106.0,Flat
3,original,engine/rocksdb/group_extrema/group_extrema/retract_half/16384/domain=16384/bytes=264/nulls=true,99,1.0,162868761.0,Flat
3,original,engine/rocksdb/group_extrema/group_extrema/retract_half/16384/domain=8/bytes=264/nulls=true,0,1.0,7422485.0,Flat
3,original,engine/rocksdb/group_extrema/group_extrema/retract_half/16384/domain=8/bytes=264/nulls=true,1,1.0,7758756.0,Flat
3,original,engine/rocksdb/group_extrema/group_extrema/retract_half/16384/domain=8/bytes=264/nulls=true,2,1.0,7467110.0,Flat
3,original,engine/rocksdb/group_extrema/group_extrema/retract_half/16384/domain=8/bytes=264/nulls=true,3,1.0,7826032.0,Flat
3,original,engine/rocksdb/group_extrema/group_extrema/retract_half/16384/domain=8/bytes=264/nulls=true,4,1.0,7558573.0,Flat
3,original,engine/rocksdb/group_extrema/group_extrema/retract_half/16384/domain=8/bytes=264/nulls=true,5,1.0,7659624.0,Flat
3,original,engine/rocksdb/group_extrema/group_extrema/retract_half/16384/domain=8/bytes=264/nulls=true,6,1.0,7903906.0,Flat
3,original,engine/rocksdb/group_extrema/group_extrema/retract_half/16384/domain=8/bytes=264/nulls=true,7,1.0,7519443.0,Flat
3,original,engine/rocksdb/group_extrema/group_extrema/retract_half/16384/domain=8/bytes=264/nulls=true,8,1.0,7616277.0,Flat
3,original,engine/rocksdb/group_extrema/group_extrema/retract_half/16384/domain=8/bytes=264/nulls=true,9,1.0,7810599.0,Flat
3,original,engine/rocksdb/group_extrema/group_extrema/retract_half/16384/domain=8/bytes=264/nulls=true,10,1.0,7510959.0,Flat
3,original,engine/rocksdb/group_extrema/group_extrema/retract_half/16384/domain=8/bytes=264/nulls=true,11,1.0,7275596.0,Flat
3,original,engine/rocksdb/group_extrema/group_extrema/retract_half/16384/domain=8/bytes=264/nulls=true,12,1.0,8027254.0,Flat
3,original,engine/rocksdb/group_extrema/group_extrema/retract_half/16384/domain=8/bytes=264/nulls=true,13,1.0,7745512.0,Flat
3,original,engine/rocksdb/group_extrema/group_extrema/retract_half/16384/domain=8/bytes=264/nulls=true,14,1.0,7390801.0,Flat
3,original,engine/rocksdb/group_extrema/group_extrema/retract_half/16384/domain=8/bytes=264/nulls=true,15,1.0,7668620.0,Flat
3,original,engine/rocksdb/group_extrema/group_extrema/retract_half/16384/domain=8/bytes=264/nulls=true,16,1.0,7759320.0,Flat
3,original,engine/rocksdb/group_extrema/group_extrema/retract_half/16384/domain=8/bytes=264/nulls=true,17,1.0,7738228.0,Flat
3,original,engine/rocksdb/group_extrema/group_extrema/retract_half/16384/domain=8/bytes=264/nulls=true,18,1.0,8338542.0,Flat
3,original,engine/rocksdb/group_extrema/group_extrema/retract_half/16384/domain=8/bytes=264/nulls=true,19,1.0,7905428.0,Flat
3,original,engine/rocksdb/group_extrema/group_extrema/retract_half/16384/domain=8/bytes=264/nulls=true,20,1.0,7797068.0,Flat
3,original,engine/rocksdb/group_extrema/group_extrema/retract_half/16384/domain=8/bytes=264/nulls=true,21,1.0,8039623.0,Flat
3,original,engine/rocksdb/group_extrema/group_extrema/retract_half/16384/domain=8/bytes=264/nulls=true,22,1.0,7536109.0,Flat
3,original,engine/rocksdb/group_extrema/group_extrema/retract_half/16384/domain=8/bytes=264/nulls=true,23,1.0,7668450.0,Flat
3,original,engine/rocksdb/group_extrema/group_extrema/retract_half/16384/domain=8/bytes=264/nulls=true,24,1.0,8340394.0,Flat
3,original,engine/rocksdb/group_extrema/group_extrema/retract_half/16384/domain=8/bytes=264/nulls=true,25,1.0,9208691.0,Flat
3,original,engine/rocksdb/group_extrema/group_extrema/retract_half/16384/domain=8/bytes=264/nulls=true,26,1.0,8489182.0,Flat
3,original,engine/rocksdb/group_extrema/group_extrema/retract_half/16384/domain=8/bytes=264/nulls=true,27,1.0,7421393.0,Flat
3,original,engine/rocksdb/group_extrema/group_extrema/retract_half/16384/domain=8/bytes=264/nulls=true,28,1.0,7682313.0,Flat
3,original,engine/rocksdb/group_extrema/group_extrema/retract_half/16384/domain=8/bytes=264/nulls=true,29,1.0,7989792.0,Flat
3,original,engine/rocksdb/group_extrema/group_extrema/retract_half/16384/domain=8/bytes=264/nulls=true,30,1.0,7581132.0,Flat
3,original,engine/rocksdb/group_extrema/group_extrema/retract_half/16384/domain=8/bytes=264/nulls=true,31,1.0,8222365.0,Flat
3,original,engine/rocksdb/group_extrema/group_extrema/retract_half/16384/domain=8/bytes=264/nulls=true,32,1.0,7545122.0,Flat
3,original,engine/rocksdb/group_extrema/group_extrema/retract_half/16384/domain=8/bytes=264/nulls=true,33,1.0,7952756.0,Flat
3,original,engine/rocksdb/group_extrema/group_extrema/retract_half/16384/domain=8/bytes=264/nulls=true,34,1.0,7664207.0,Flat
3,original,engine/rocksdb/group_extrema/group_extrema/retract_half/16384/domain=8/bytes=264/nulls=true,35,1.0,7863411.0,Flat
3,original,engine/rocksdb/group_extrema/group_extrema/retract_half/16384/domain=8/bytes=264/nulls=true,36,1.0,7564035.0,Flat
3,original,engine/rocksdb/group_extrema/group_extrema/retract_half/16384/domain=8/bytes=264/nulls=true,37,1.0,7506789.0,Flat
3,original,engine/rocksdb/group_extrema/group_extrema/retract_half/16384/domain=8/bytes=264/nulls=true,38,1.0,7556657.0,Flat
3,original,engine/rocksdb/group_extrema/group_extrema/retract_half/16384/domain=8/bytes=264/nulls=true,39,1.0,7598884.0,Flat
3,original,engine/rocksdb/group_extrema/group_extrema/retract_half/16384/domain=8/bytes=264/nulls=true,40,1.0,7637327.0,Flat
3,original,engine/rocksdb/group_extrema/group_extrema/retract_half/16384/domain=8/bytes=264/nulls=true,41,1.0,7821554.0,Flat
3,original,engine/rocksdb/group_extrema/group_extrema/retract_half/16384/domain=8/bytes=264/nulls=true,42,1.0,7603693.0,Flat
3,original,engine/rocksdb/group_extrema/group_extrema/retract_half/16384/domain=8/bytes=264/nulls=true,43,1.0,7385231.0,Flat
3,original,engine/rocksdb/group_extrema/group_extrema/retract_half/16384/domain=8/bytes=264/nulls=true,44,1.0,7494035.0,Flat
3,original,engine/rocksdb/group_extrema/group_extrema/retract_half/16384/domain=8/bytes=264/nulls=true,45,1.0,8539569.0,Flat
3,original,engine/rocksdb/group_extrema/group_extrema/retract_half/16384/domain=8/bytes=264/nulls=true,46,1.0,7458784.0,Flat
3,original,engine/rocksdb/group_extrema/group_extrema/retract_half/16384/domain=8/bytes=264/nulls=true,47,1.0,7624058.0,Flat
3,original,engine/rocksdb/group_extrema/group_extrema/retract_half/16384/domain=8/bytes=264/nulls=true,48,1.0,7743165.0,Flat
3,original,engine/rocksdb/group_extrema/group_extrema/retract_half/16384/domain=8/bytes=264/nulls=true,49,1.0,7982832.0,Flat
3,original,engine/rocksdb/group_extrema/group_extrema/retract_half/16384/domain=8/bytes=264/nulls=true,50,1.0,7844290.0,Flat
3,original,engine/rocksdb/group_extrema/group_extrema/retract_half/16384/domain=8/bytes=264/nulls=true,51,1.0,7432737.0,Flat
3,original,engine/rocksdb/group_extrema/group_extrema/retract_half/16384/domain=8/bytes=264/nulls=true,52,1.0,7905276.0,Flat
3,original,engine/rocksdb/group_extrema/group_extrema/retract_half/16384/domain=8/bytes=264/nulls=true,53,1.0,7354533.0,Flat
3,original,engine/rocksdb/group_extrema/group_extrema/retract_half/16384/domain=8/bytes=264/nulls=true,54,1.0,7503175.0,Flat
3,original,engine/rocksdb/group_extrema/group_extrema/retract_half/16384/domain=8/bytes=264/nulls=true,55,1.0,8267361.0,Flat
3,original,engine/rocksdb/group_extrema/group_extrema/retract_half/16384/domain=8/bytes=264/nulls=true,56,1.0,8234837.0,Flat
3,original,engine/rocksdb/group_extrema/group_extrema/retract_half/16384/domain=8/bytes=264/nulls=true,57,1.0,7943263.0,Flat
3,original,engine/rocksdb/group_extrema/group_extrema/retract_half/16384/domain=8/bytes=264/nulls=true,58,1.0,7441962.0,Flat
3,original,engine/rocksdb/group_extrema/group_extrema/retract_half/16384/domain=8/bytes=264/nulls=true,59,1.0,7502510.0,Flat
3,original,engine/rocksdb/group_extrema/group_extrema/retract_half/16384/domain=8/bytes=264/nulls=true,60,1.0,7402853.0,Flat
3,original,engine/rocksdb/group_extrema/group_extrema/retract_half/16384/domain=8/bytes=264/nulls=true,61,1.0,7567964.0,Flat
3,original,engine/rocksdb/group_extrema/group_extrema/retract_half/16384/domain=8/bytes=264/nulls=true,62,1.0,8085543.0,Flat
3,original,engine/rocksdb/group_extrema/group_extrema/retract_half/16384/domain=8/bytes=264/nulls=true,63,1.0,7527799.0,Flat
3,original,engine/rocksdb/group_extrema/group_extrema/retract_half/16384/domain=8/bytes=264/nulls=true,64,1.0,7858205.0,Flat
3,original,engine/rocksdb/group_extrema/group_extrema/retract_half/16384/domain=8/bytes=264/nulls=true,65,1.0,7309914.0,Flat
3,original,engine/rocksdb/group_extrema/group_extrema/retract_half/16384/domain=8/bytes=264/nulls=true,66,1.0,7734392.0,Flat
3,original,engine/rocksdb/group_extrema/group_extrema/retract_half/16384/domain=8/bytes=264/nulls=true,67,1.0,7589094.0,Flat
3,original,engine/rocksdb/group_extrema/group_extrema/retract_half/16384/domain=8/bytes=264/nulls=true,68,1.0,7296336.0,Flat
3,original,engine/rocksdb/group_extrema/group_extrema/retract_half/16384/domain=8/bytes=264/nulls=true,69,1.0,9309810.0,Flat
3,original,engine/rocksdb/group_extrema/group_extrema/retract_half/16384/domain=8/bytes=264/nulls=true,70,1.0,7335156.0,Flat
3,original,engine/rocksdb/group_extrema/group_extrema/retract_half/16384/domain=8/bytes=264/nulls=true,71,1.0,7593614.0,Flat
3,original,engine/rocksdb/group_extrema/group_extrema/retract_half/16384/domain=8/bytes=264/nulls=true,72,1.0,9128640.0,Flat
3,original,engine/rocksdb/group_extrema/group_extrema/retract_half/16384/domain=8/bytes=264/nulls=true,73,1.0,8079925.0,Flat
3,original,engine/rocksdb/group_extrema/group_extrema/retract_half/16384/domain=8/bytes=264/nulls=true,74,1.0,7931798.0,Flat
3,original,engine/rocksdb/group_extrema/group_extrema/retract_half/16384/domain=8/bytes=264/nulls=true,75,1.0,7609345.0,Flat
3,original,engine/rocksdb/group_extrema/group_extrema/retract_half/16384/domain=8/bytes=264/nulls=true,76,1.0,7227081.0,Flat
3,original,engine/rocksdb/group_extrema/group_extrema/retract_half/16384/domain=8/bytes=264/nulls=true,77,1.0,7347669.0,Flat
3,original,engine/rocksdb/group_extrema/group_extrema/retract_half/16384/domain=8/bytes=264/nulls=true,78,1.0,7485560.0,Flat
3,original,engine/rocksdb/group_extrema/group_extrema/retract_half/16384/domain=8/bytes=264/nulls=true,79,1.0,7908114.0,Flat
3,original,engine/rocksdb/group_extrema/group_extrema/retract_half/16384/domain=8/bytes=264/nulls=true,80,1.0,7281473.0,Flat
3,original,engine/rocksdb/group_extrema/group_extrema/retract_half/16384/domain=8/bytes=264/nulls=true,81,1.0,7763381.0,Flat
3,original,engine/rocksdb/group_extrema/group_extrema/retract_half/16384/domain=8/bytes=264/nulls=true,82,1.0,8012335.0,Flat
3,original,engine/rocksdb/group_extrema/group_extrema/retract_half/16384/domain=8/bytes=264/nulls=true,83,1.0,8161178.0,Flat
3,original,engine/rocksdb/group_extrema/group_extrema/retract_half/16384/domain=8/bytes=264/nulls=true,84,1.0,7797075.0,Flat
3,original,engine/rocksdb/group_extrema/group_extrema/retract_half/16384/domain=8/bytes=264/nulls=true,85,1.0,7949197.0,Flat
3,original,engine/rocksdb/group_extrema/group_extrema/retract_half/16384/domain=8/bytes=264/nulls=true,86,1.0,9040835.0,Flat
3,original,engine/rocksdb/group_extrema/group_extrema/retract_half/16384/domain=8/bytes=264/nulls=true,87,1.0,7670677.0,Flat
3,original,engine/rocksdb/group_extrema/group_extrema/retract_half/16384/domain=8/bytes=264/nulls=true,88,1.0,7762604.0,Flat
3,original,engine/rocksdb/group_extrema/group_extrema/retract_half/16384/domain=8/bytes=264/nulls=true,89,1.0,7800824.0,Flat
3,original,engine/rocksdb/group_extrema/group_extrema/retract_half/16384/domain=8/bytes=264/nulls=true,90,1.0,7449548.0,Flat
3,original,engine/rocksdb/group_extrema/group_extrema/retract_half/16384/domain=8/bytes=264/nulls=true,91,1.0,7453614.0,Flat
3,original,engine/rocksdb/group_extrema/group_extrema/retract_half/16384/domain=8/bytes=264/nulls=true,92,1.0,7556581.0,Flat
3,original,engine/rocksdb/group_extrema/group_extrema/retract_half/16384/domain=8/bytes=264/nulls=true,93,1.0,7876141.0,Flat
3,original,engine/rocksdb/group_extrema/group_extrema/retract_half/16384/domain=8/bytes=264/nulls=true,94,1.0,8348072.0,Flat
3,original,engine/rocksdb/group_extrema/group_extrema/retract_half/16384/domain=8/bytes=264/nulls=true,95,1.0,7519317.0,Flat
3,original,engine/rocksdb/group_extrema/group_extrema/retract_half/16384/domain=8/bytes=264/nulls=true,96,1.0,7848696.0,Flat
3,original,engine/rocksdb/group_extrema/group_extrema/retract_half/16384/domain=8/bytes=264/nulls=true,97,1.0,7597630.0,Flat
3,original,engine/rocksdb/group_extrema/group_extrema/retract_half/16384/domain=8/bytes=264/nulls=true,98,1.0,7831812.0,Flat
3,original,engine/rocksdb/group_extrema/group_extrema/retract_half/16384/domain=8/bytes=264/nulls=true,99,1.0,7570091.0,Flat
4,candidate,engine/rocksdb/group_extrema/group_extrema/restore_aligned/16384/domain=16384/bytes=264/nulls=true,0,3.0,49898100.0,Flat
4,candidate,engine/rocksdb/group_extrema/group_extrema/restore_aligned/16384/domain=16384/bytes=264/nulls=true,1,3.0,46566602.0,Flat
4,candidate,engine/rocksdb/group_extrema/group_extrema/restore_aligned/16384/domain=16384/bytes=264/nulls=true,2,3.0,47957006.0,Flat
4,candidate,engine/rocksdb/group_extrema/group_extrema/restore_aligned/16384/domain=16384/bytes=264/nulls=true,3,3.0,48011447.0,Flat
4,candidate,engine/rocksdb/group_extrema/group_extrema/restore_aligned/16384/domain=16384/bytes=264/nulls=true,4,3.0,46532894.0,Flat
4,candidate,engine/rocksdb/group_extrema/group_extrema/restore_aligned/16384/domain=16384/bytes=264/nulls=true,5,3.0,48360835.0,Flat
4,candidate,engine/rocksdb/group_extrema/group_extrema/restore_aligned/16384/domain=16384/bytes=264/nulls=true,6,3.0,47491688.0,Flat
4,candidate,engine/rocksdb/group_extrema/group_extrema/restore_aligned/16384/domain=16384/bytes=264/nulls=true,7,3.0,48926135.0,Flat
4,candidate,engine/rocksdb/group_extrema/group_extrema/restore_aligned/16384/domain=16384/bytes=264/nulls=true,8,3.0,47538542.0,Flat
4,candidate,engine/rocksdb/group_extrema/group_extrema/restore_aligned/16384/domain=16384/bytes=264/nulls=true,9,3.0,48333829.0,Flat
4,candidate,engine/rocksdb/group_extrema/group_extrema/restore_aligned/16384/domain=16384/bytes=264/nulls=true,10,3.0,46261594.0,Flat
4,candidate,engine/rocksdb/group_extrema/group_extrema/restore_aligned/16384/domain=16384/bytes=264/nulls=true,11,3.0,84849545.0,Flat
4,candidate,engine/rocksdb/group_extrema/group_extrema/restore_aligned/16384/domain=16384/bytes=264/nulls=true,12,3.0,54012003.0,Flat
4,candidate,engine/rocksdb/group_extrema/group_extrema/restore_aligned/16384/domain=16384/bytes=264/nulls=true,13,3.0,51278097.0,Flat
4,candidate,engine/rocksdb/group_extrema/group_extrema/restore_aligned/16384/domain=16384/bytes=264/nulls=true,14,3.0,53374882.0,Flat
4,candidate,engine/rocksdb/group_extrema/group_extrema/restore_aligned/16384/domain=16384/bytes=264/nulls=true,15,3.0,52100284.0,Flat
4,candidate,engine/rocksdb/group_extrema/group_extrema/restore_aligned/16384/domain=16384/bytes=264/nulls=true,16,3.0,53377849.0,Flat
4,candidate,engine/rocksdb/group_extrema/group_extrema/restore_aligned/16384/domain=16384/bytes=264/nulls=true,17,3.0,54254902.0,Flat
4,candidate,engine/rocksdb/group_extrema/group_extrema/restore_aligned/16384/domain=16384/bytes=264/nulls=true,18,3.0,54925184.0,Flat
4,candidate,engine/rocksdb/group_extrema/group_extrema/restore_aligned/16384/domain=16384/bytes=264/nulls=true,19,3.0,51889313.0,Flat
4,candidate,engine/rocksdb/group_extrema/group_extrema/restore_aligned/16384/domain=16384/bytes=264/nulls=true,20,3.0,47609100.0,Flat
4,candidate,engine/rocksdb/group_extrema/group_extrema/restore_aligned/16384/domain=16384/bytes=264/nulls=true,21,3.0,47420043.0,Flat
4,candidate,engine/rocksdb/group_extrema/group_extrema/restore_aligned/16384/domain=16384/bytes=264/nulls=true,22,3.0,46771891.0,Flat
4,candidate,engine/rocksdb/group_extrema/group_extrema/restore_aligned/16384/domain=16384/bytes=264/nulls=true,23,3.0,45273074.0,Flat
4,candidate,engine/rocksdb/group_extrema/group_extrema/restore_aligned/16384/domain=16384/bytes=264/nulls=true,24,3.0,52329311.0,Flat
4,candidate,engine/rocksdb/group_extrema/group_extrema/restore_aligned/16384/domain=16384/bytes=264/nulls=true,25,3.0,49465235.0,Flat
4,candidate,engine/rocksdb/group_extrema/group_extrema/restore_aligned/16384/domain=16384/bytes=264/nulls=true,26,3.0,45187593.0,Flat
4,candidate,engine/rocksdb/group_extrema/group_extrema/restore_aligned/16384/domain=16384/bytes=264/nulls=true,27,3.0,52552219.0,Flat
4,candidate,engine/rocksdb/group_extrema/group_extrema/restore_aligned/16384/domain=16384/bytes=264/nulls=true,28,3.0,46353326.0,Flat
4,candidate,engine/rocksdb/group_extrema/group_extrema/restore_aligned/16384/domain=16384/bytes=264/nulls=true,29,3.0,44679881.0,Flat
4,candidate,engine/rocksdb/group_extrema/group_extrema/restore_aligned/16384/domain=16384/bytes=264/nulls=true,30,3.0,45848713.0,Flat
4,candidate,engine/rocksdb/group_extrema/group_extrema/restore_aligned/16384/domain=16384/bytes=264/nulls=true,31,3.0,45724038.0,Flat
4,candidate,engine/rocksdb/group_extrema/group_extrema/restore_aligned/16384/domain=16384/bytes=264/nulls=true,32,3.0,46446468.0,Flat
4,candidate,engine/rocksdb/group_extrema/group_extrema/restore_aligned/16384/domain=16384/bytes=264/nulls=true,33,3.0,45068774.0,Flat
4,candidate,engine/rocksdb/group_extrema/group_extrema/restore_aligned/16384/domain=16384/bytes=264/nulls=true,34,3.0,51955228.0,Flat
4,candidate,engine/rocksdb/group_extrema/group_extrema/restore_aligned/16384/domain=16384/bytes=264/nulls=true,35,3.0,49150921.0,Flat
4,candidate,engine/rocksdb/group_extrema/group_extrema/restore_aligned/16384/domain=16384/bytes=264/nulls=true,36,3.0,48148230.0,Flat
4,candidate,engine/rocksdb/group_extrema/group_extrema/restore_aligned/16384/domain=16384/bytes=264/nulls=true,37,3.0,48877863.0,Flat
4,candidate,engine/rocksdb/group_extrema/group_extrema/restore_aligned/16384/domain=16384/bytes=264/nulls=true,38,3.0,47126681.0,Flat
4,candidate,engine/rocksdb/group_extrema/group_extrema/restore_aligned/16384/domain=16384/bytes=264/nulls=true,39,3.0,49060753.0,Flat
4,candidate,engine/rocksdb/group_extrema/group_extrema/restore_aligned/16384/domain=16384/bytes=264/nulls=true,40,3.0,49065743.0,Flat
4,candidate,engine/rocksdb/group_extrema/group_extrema/restore_aligned/16384/domain=16384/bytes=264/nulls=true,41,3.0,46640712.0,Flat
4,candidate,engine/rocksdb/group_extrema/group_extrema/restore_aligned/16384/domain=16384/bytes=264/nulls=true,42,3.0,49731885.0,Flat
4,candidate,engine/rocksdb/group_extrema/group_extrema/restore_aligned/16384/domain=16384/bytes=264/nulls=true,43,3.0,49027615.0,Flat
4,candidate,engine/rocksdb/group_extrema/group_extrema/restore_aligned/16384/domain=16384/bytes=264/nulls=true,44,3.0,46355824.0,Flat
4,candidate,engine/rocksdb/group_extrema/group_extrema/restore_aligned/16384/domain=16384/bytes=264/nulls=true,45,3.0,49900430.0,Flat
4,candidate,engine/rocksdb/group_extrema/group_extrema/restore_aligned/16384/domain=16384/bytes=264/nulls=true,46,3.0,51578015.0,Flat
4,candidate,engine/rocksdb/group_extrema/group_extrema/restore_aligned/16384/domain=16384/bytes=264/nulls=true,47,3.0,46704388.0,Flat
4,candidate,engine/rocksdb/group_extrema/group_extrema/restore_aligned/16384/domain=16384/bytes=264/nulls=true,48,3.0,46297141.0,Flat
4,candidate,engine/rocksdb/group_extrema/group_extrema/restore_aligned/16384/domain=16384/bytes=264/nulls=true,49,3.0,47598739.0,Flat
4,candidate,engine/rocksdb/group_extrema/group_extrema/restore_aligned/16384/domain=16384/bytes=264/nulls=true,50,3.0,50489064.0,Flat
4,candidate,engine/rocksdb/group_extrema/group_extrema/restore_aligned/16384/domain=16384/bytes=264/nulls=true,51,3.0,48451247.0,Flat
4,candidate,engine/rocksdb/group_extrema/group_extrema/restore_aligned/16384/domain=16384/bytes=264/nulls=true,52,3.0,48358046.0,Flat
4,candidate,engine/rocksdb/group_extrema/group_extrema/restore_aligned/16384/domain=16384/bytes=264/nulls=true,53,3.0,48123099.0,Flat
4,candidate,engine/rocksdb/group_extrema/group_extrema/restore_aligned/16384/domain=16384/bytes=264/nulls=true,54,3.0,48279384.0,Flat
4,candidate,engine/rocksdb/group_extrema/group_extrema/restore_aligned/16384/domain=16384/bytes=264/nulls=true,55,3.0,48038310.0,Flat
4,candidate,engine/rocksdb/group_extrema/group_extrema/restore_aligned/16384/domain=16384/bytes=264/nulls=true,56,3.0,47461318.0,Flat
4,candidate,engine/rocksdb/group_extrema/group_extrema/restore_aligned/16384/domain=16384/bytes=264/nulls=true,57,3.0,47288943.0,Flat
4,candidate,engine/rocksdb/group_extrema/group_extrema/restore_aligned/16384/domain=16384/bytes=264/nulls=true,58,3.0,45824560.0,Flat
4,candidate,engine/rocksdb/group_extrema/group_extrema/restore_aligned/16384/domain=16384/bytes=264/nulls=true,59,3.0,59020608.0,Flat
4,candidate,engine/rocksdb/group_extrema/group_extrema/restore_aligned/16384/domain=16384/bytes=264/nulls=true,60,3.0,51303488.0,Flat
4,candidate,engine/rocksdb/group_extrema/group_extrema/restore_aligned/16384/domain=16384/bytes=264/nulls=true,61,3.0,48499369.0,Flat
4,candidate,engine/rocksdb/group_extrema/group_extrema/restore_aligned/16384/domain=16384/bytes=264/nulls=true,62,3.0,46797875.0,Flat
4,candidate,engine/rocksdb/group_extrema/group_extrema/restore_aligned/16384/domain=16384/bytes=264/nulls=true,63,3.0,48359858.0,Flat
4,candidate,engine/rocksdb/group_extrema/group_extrema/restore_aligned/16384/domain=16384/bytes=264/nulls=true,64,3.0,49294361.0,Flat
4,candidate,engine/rocksdb/group_extrema/group_extrema/restore_aligned/16384/domain=16384/bytes=264/nulls=true,65,3.0,45944259.0,Flat
4,candidate,engine/rocksdb/group_extrema/group_extrema/restore_aligned/16384/domain=16384/bytes=264/nulls=true,66,3.0,52143754.0,Flat
4,candidate,engine/rocksdb/group_extrema/group_extrema/restore_aligned/16384/domain=16384/bytes=264/nulls=true,67,3.0,50070513.0,Flat
4,candidate,engine/rocksdb/group_extrema/group_extrema/restore_aligned/16384/domain=16384/bytes=264/nulls=true,68,3.0,48883590.0,Flat
4,candidate,engine/rocksdb/group_extrema/group_extrema/restore_aligned/16384/domain=16384/bytes=264/nulls=true,69,3.0,48652081.0,Flat
4,candidate,engine/rocksdb/group_extrema/group_extrema/restore_aligned/16384/domain=16384/bytes=264/nulls=true,70,3.0,46604414.0,Flat
4,candidate,engine/rocksdb/group_extrema/group_extrema/restore_aligned/16384/domain=16384/bytes=264/nulls=true,71,3.0,48438795.0,Flat
4,candidate,engine/rocksdb/group_extrema/group_extrema/restore_aligned/16384/domain=16384/bytes=264/nulls=true,72,3.0,48769677.0,Flat
4,candidate,engine/rocksdb/group_extrema/group_extrema/restore_aligned/16384/domain=16384/bytes=264/nulls=true,73,3.0,46693398.0,Flat
4,candidate,engine/rocksdb/group_extrema/group_extrema/restore_aligned/16384/domain=16384/bytes=264/nulls=true,74,3.0,49374636.0,Flat
4,candidate,engine/rocksdb/group_extrema/group_extrema/restore_aligned/16384/domain=16384/bytes=264/nulls=true,75,3.0,45722112.0,Flat
4,candidate,engine/rocksdb/group_extrema/group_extrema/restore_aligned/16384/domain=16384/bytes=264/nulls=true,76,3.0,49511435.0,Flat
4,candidate,engine/rocksdb/group_extrema/group_extrema/restore_aligned/16384/domain=16384/bytes=264/nulls=true,77,3.0,49341037.0,Flat
4,candidate,engine/rocksdb/group_extrema/group_extrema/restore_aligned/16384/domain=16384/bytes=264/nulls=true,78,3.0,49664059.0,Flat
4,candidate,engine/rocksdb/group_extrema/group_extrema/restore_aligned/16384/domain=16384/bytes=264/nulls=true,79,3.0,47735811.0,Flat
4,candidate,engine/rocksdb/group_extrema/group_extrema/restore_aligned/16384/domain=16384/bytes=264/nulls=true,80,3.0,50956461.0,Flat
4,candidate,engine/rocksdb/group_extrema/group_extrema/restore_aligned/16384/domain=16384/bytes=264/nulls=true,81,3.0,46984079.0,Flat
4,candidate,engine/rocksdb/group_extrema/group_extrema/restore_aligned/16384/domain=16384/bytes=264/nulls=true,82,3.0,47568095.0,Flat
4,candidate,engine/rocksdb/group_extrema/group_extrema/restore_aligned/16384/domain=16384/bytes=264/nulls=true,83,3.0,49486665.0,Flat
4,candidate,engine/rocksdb/group_extrema/group_extrema/restore_aligned/16384/domain=16384/bytes=264/nulls=true,84,3.0,46059074.0,Flat
4,candidate,engine/rocksdb/group_extrema/group_extrema/restore_aligned/16384/domain=16384/bytes=264/nulls=true,85,3.0,46356321.0,Flat
4,candidate,engine/rocksdb/group_extrema/group_extrema/restore_aligned/16384/domain=16384/bytes=264/nulls=true,86,3.0,46908066.0,Flat
4,candidate,engine/rocksdb/group_extrema/group_extrema/restore_aligned/16384/domain=16384/bytes=264/nulls=true,87,3.0,43786573.0,Flat
4,candidate,engine/rocksdb/group_extrema/group_extrema/restore_aligned/16384/domain=16384/bytes=264/nulls=true,88,3.0,48090900.0,Flat
4,candidate,engine/rocksdb/group_extrema/group_extrema/restore_aligned/16384/domain=16384/bytes=264/nulls=true,89,3.0,47407493.0,Flat
4,candidate,engine/rocksdb/group_extrema/group_extrema/restore_aligned/16384/domain=16384/bytes=264/nulls=true,90,3.0,49867229.0,Flat
4,candidate,engine/rocksdb/group_extrema/group_extrema/restore_aligned/16384/domain=16384/bytes=264/nulls=true,91,3.0,50015111.0,Flat
4,candidate,engine/rocksdb/group_extrema/group_extrema/restore_aligned/16384/domain=16384/bytes=264/nulls=true,92,3.0,47997892.0,Flat
4,candidate,engine/rocksdb/group_extrema/group_extrema/restore_aligned/16384/domain=16384/bytes=264/nulls=true,93,3.0,48005903.0,Flat
4,candidate,engine/rocksdb/group_extrema/group_extrema/restore_aligned/16384/domain=16384/bytes=264/nulls=true,94,3.0,52172901.0,Flat
4,candidate,engine/rocksdb/group_extrema/group_extrema/restore_aligned/16384/domain=16384/bytes=264/nulls=true,95,3.0,51457701.0,Flat
4,candidate,engine/rocksdb/group_extrema/group_extrema/restore_aligned/16384/domain=16384/bytes=264/nulls=true,96,3.0,56694688.0,Flat
4,candidate,engine/rocksdb/group_extrema/group_extrema/restore_aligned/16384/domain=16384/bytes=264/nulls=true,97,3.0,52994288.0,Flat
4,candidate,engine/rocksdb/group_extrema/group_extrema/restore_aligned/16384/domain=16384/bytes=264/nulls=true,98,3.0,55129619.0,Flat
4,candidate,engine/rocksdb/group_extrema/group_extrema/restore_aligned/16384/domain=16384/bytes=264/nulls=true,99,3.0,48005217.0,Flat
4,candidate,engine/rocksdb/group_extrema/group_extrema/restore_rebuilt/16384/domain=16384/bytes=264/nulls=true,0,1.0,101321586.0,Flat
4,candidate,engine/rocksdb/group_extrema/group_extrema/restore_rebuilt/16384/domain=16384/bytes=264/nulls=true,1,1.0,103541649.0,Flat
4,candidate,engine/rocksdb/group_extrema/group_extrema/restore_rebuilt/16384/domain=16384/bytes=264/nulls=true,2,1.0,97846727.0,Flat
4,candidate,engine/rocksdb/group_extrema/group_extrema/restore_rebuilt/16384/domain=16384/bytes=264/nulls=true,3,1.0,91604899.0,Flat
4,candidate,engine/rocksdb/group_extrema/group_extrema/restore_rebuilt/16384/domain=16384/bytes=264/nulls=true,4,1.0,99187569.0,Flat
4,candidate,engine/rocksdb/group_extrema/group_extrema/restore_rebuilt/16384/domain=16384/bytes=264/nulls=true,5,1.0,101276514.0,Flat
4,candidate,engine/rocksdb/group_extrema/group_extrema/restore_rebuilt/16384/domain=16384/bytes=264/nulls=true,6,1.0,130258383.0,Flat
4,candidate,engine/rocksdb/group_extrema/group_extrema/restore_rebuilt/16384/domain=16384/bytes=264/nulls=true,7,1.0,101336640.0,Flat
4,candidate,engine/rocksdb/group_extrema/group_extrema/restore_rebuilt/16384/domain=16384/bytes=264/nulls=true,8,1.0,103547936.0,Flat
4,candidate,engine/rocksdb/group_extrema/group_extrema/restore_rebuilt/16384/domain=16384/bytes=264/nulls=true,9,1.0,135502237.0,Flat
4,candidate,engine/rocksdb/group_extrema/group_extrema/restore_rebuilt/16384/domain=16384/bytes=264/nulls=true,10,1.0,76700583.0,Flat
4,candidate,engine/rocksdb/group_extrema/group_extrema/restore_rebuilt/16384/domain=16384/bytes=264/nulls=true,11,1.0,109039759.0,Flat
4,candidate,engine/rocksdb/group_extrema/group_extrema/restore_rebuilt/16384/domain=16384/bytes=264/nulls=true,12,1.0,107961156.0,Flat
4,candidate,engine/rocksdb/group_extrema/group_extrema/restore_rebuilt/16384/domain=16384/bytes=264/nulls=true,13,1.0,96816533.0,Flat
4,candidate,engine/rocksdb/group_extrema/group_extrema/restore_rebuilt/16384/domain=16384/bytes=264/nulls=true,14,1.0,98685172.0,Flat
4,candidate,engine/rocksdb/group_extrema/group_extrema/restore_rebuilt/16384/domain=16384/bytes=264/nulls=true,15,1.0,106572993.0,Flat
4,candidate,engine/rocksdb/group_extrema/group_extrema/restore_rebuilt/16384/domain=16384/bytes=264/nulls=true,16,1.0,97787781.0,Flat
4,candidate,engine/rocksdb/group_extrema/group_extrema/restore_rebuilt/16384/domain=16384/bytes=264/nulls=true,17,1.0,93701846.0,Flat
4,candidate,engine/rocksdb/group_extrema/group_extrema/restore_rebuilt/16384/domain=16384/bytes=264/nulls=true,18,1.0,96102559.0,Flat
4,candidate,engine/rocksdb/group_extrema/group_extrema/restore_rebuilt/16384/domain=16384/bytes=264/nulls=true,19,1.0,96534688.0,Flat
4,candidate,engine/rocksdb/group_extrema/group_extrema/restore_rebuilt/16384/domain=16384/bytes=264/nulls=true,20,1.0,99555003.0,Flat
4,candidate,engine/rocksdb/group_extrema/group_extrema/restore_rebuilt/16384/domain=16384/bytes=264/nulls=true,21,1.0,102535479.0,Flat
4,candidate,engine/rocksdb/group_extrema/group_extrema/restore_rebuilt/16384/domain=16384/bytes=264/nulls=true,22,1.0,98803569.0,Flat
4,candidate,engine/rocksdb/group_extrema/group_extrema/restore_rebuilt/16384/domain=16384/bytes=264/nulls=true,23,1.0,99583821.0,Flat
4,candidate,engine/rocksdb/group_extrema/group_extrema/restore_rebuilt/16384/domain=16384/bytes=264/nulls=true,24,1.0,96788224.0,Flat
4,candidate,engine/rocksdb/group_extrema/group_extrema/restore_rebuilt/16384/domain=16384/bytes=264/nulls=true,25,1.0,108136903.0,Flat
4,candidate,engine/rocksdb/group_extrema/group_extrema/restore_rebuilt/16384/domain=16384/bytes=264/nulls=true,26,1.0,164372381.0,Flat
4,candidate,engine/rocksdb/group_extrema/group_extrema/restore_rebuilt/16384/domain=16384/bytes=264/nulls=true,27,1.0,103579145.0,Flat
4,candidate,engine/rocksdb/group_extrema/group_extrema/restore_rebuilt/16384/domain=16384/bytes=264/nulls=true,28,1.0,112852887.0,Flat
4,candidate,engine/rocksdb/group_extrema/group_extrema/restore_rebuilt/16384/domain=16384/bytes=264/nulls=true,29,1.0,105513421.0,Flat
4,candidate,engine/rocksdb/group_extrema/group_extrema/restore_rebuilt/16384/domain=16384/bytes=264/nulls=true,30,1.0,125749069.0,Flat
4,candidate,engine/rocksdb/group_extrema/group_extrema/restore_rebuilt/16384/domain=16384/bytes=264/nulls=true,31,1.0,167354050.0,Flat
4,candidate,engine/rocksdb/group_extrema/group_extrema/restore_rebuilt/16384/domain=16384/bytes=264/nulls=true,32,1.0,157704400.0,Flat
4,candidate,engine/rocksdb/group_extrema/group_extrema/restore_rebuilt/16384/domain=16384/bytes=264/nulls=true,33,1.0,119734645.0,Flat
4,candidate,engine/rocksdb/group_extrema/group_extrema/restore_rebuilt/16384/domain=16384/bytes=264/nulls=true,34,1.0,145786400.0,Flat
4,candidate,engine/rocksdb/group_extrema/group_extrema/restore_rebuilt/16384/domain=16384/bytes=264/nulls=true,35,1.0,132559392.0,Flat
4,candidate,engine/rocksdb/group_extrema/group_extrema/restore_rebuilt/16384/domain=16384/bytes=264/nulls=true,36,1.0,119833579.0,Flat
4,candidate,engine/rocksdb/group_extrema/group_extrema/restore_rebuilt/16384/domain=16384/bytes=264/nulls=true,37,1.0,128534635.0,Flat
4,candidate,engine/rocksdb/group_extrema/group_extrema/restore_rebuilt/16384/domain=16384/bytes=264/nulls=true,38,1.0,121199039.0,Flat
4,candidate,engine/rocksdb/group_extrema/group_extrema/restore_rebuilt/16384/domain=16384/bytes=264/nulls=true,39,1.0,128814470.0,Flat
4,candidate,engine/rocksdb/group_extrema/group_extrema/restore_rebuilt/16384/domain=16384/bytes=264/nulls=true,40,1.0,124420821.0,Flat
4,candidate,engine/rocksdb/group_extrema/group_extrema/restore_rebuilt/16384/domain=16384/bytes=264/nulls=true,41,1.0,125050587.0,Flat
4,candidate,engine/rocksdb/group_extrema/group_extrema/restore_rebuilt/16384/domain=16384/bytes=264/nulls=true,42,1.0,125654846.0,Flat
4,candidate,engine/rocksdb/group_extrema/group_extrema/restore_rebuilt/16384/domain=16384/bytes=264/nulls=true,43,1.0,133851108.0,Flat
4,candidate,engine/rocksdb/group_extrema/group_extrema/restore_rebuilt/16384/domain=16384/bytes=264/nulls=true,44,1.0,124260192.0,Flat
4,candidate,engine/rocksdb/group_extrema/group_extrema/restore_rebuilt/16384/domain=16384/bytes=264/nulls=true,45,1.0,204355950.0,Flat
4,candidate,engine/rocksdb/group_extrema/group_extrema/restore_rebuilt/16384/domain=16384/bytes=264/nulls=true,46,1.0,100114119.0,Flat
4,candidate,engine/rocksdb/group_extrema/group_extrema/restore_rebuilt/16384/domain=16384/bytes=264/nulls=true,47,1.0,146108448.0,Flat
4,candidate,engine/rocksdb/group_extrema/group_extrema/restore_rebuilt/16384/domain=16384/bytes=264/nulls=true,48,1.0,129046416.0,Flat
4,candidate,engine/rocksdb/group_extrema/group_extrema/restore_rebuilt/16384/domain=16384/bytes=264/nulls=true,49,1.0,125602970.0,Flat
4,candidate,engine/rocksdb/group_extrema/group_extrema/restore_rebuilt/16384/domain=16384/bytes=264/nulls=true,50,1.0,121031765.0,Flat
4,candidate,engine/rocksdb/group_extrema/group_extrema/restore_rebuilt/16384/domain=16384/bytes=264/nulls=true,51,1.0,127182756.0,Flat
4,candidate,engine/rocksdb/group_extrema/group_extrema/restore_rebuilt/16384/domain=16384/bytes=264/nulls=true,52,1.0,118005278.0,Flat
4,candidate,engine/rocksdb/group_extrema/group_extrema/restore_rebuilt/16384/domain=16384/bytes=264/nulls=true,53,1.0,130768404.0,Flat
4,candidate,engine/rocksdb/group_extrema/group_extrema/restore_rebuilt/16384/domain=16384/bytes=264/nulls=true,54,1.0,116718403.0,Flat
4,candidate,engine/rocksdb/group_extrema/group_extrema/restore_rebuilt/16384/domain=16384/bytes=264/nulls=true,55,1.0,147050648.0,Flat
4,candidate,engine/rocksdb/group_extrema/group_extrema/restore_rebuilt/16384/domain=16384/bytes=264/nulls=true,56,1.0,120877343.0,Flat
4,candidate,engine/rocksdb/group_extrema/group_extrema/restore_rebuilt/16384/domain=16384/bytes=264/nulls=true,57,1.0,127994012.0,Flat
4,candidate,engine/rocksdb/group_extrema/group_extrema/restore_rebuilt/16384/domain=16384/bytes=264/nulls=true,58,1.0,131377628.0,Flat
4,candidate,engine/rocksdb/group_extrema/group_extrema/restore_rebuilt/16384/domain=16384/bytes=264/nulls=true,59,1.0,168779287.0,Flat
4,candidate,engine/rocksdb/group_extrema/group_extrema/restore_rebuilt/16384/domain=16384/bytes=264/nulls=true,60,1.0,106596328.0,Flat
4,candidate,engine/rocksdb/group_extrema/group_extrema/restore_rebuilt/16384/domain=16384/bytes=264/nulls=true,61,1.0,131906275.0,Flat
4,candidate,engine/rocksdb/group_extrema/group_extrema/restore_rebuilt/16384/domain=16384/bytes=264/nulls=true,62,1.0,128687519.0,Flat
4,candidate,engine/rocksdb/group_extrema/group_extrema/restore_rebuilt/16384/domain=16384/bytes=264/nulls=true,63,1.0,134201478.0,Flat
4,candidate,engine/rocksdb/group_extrema/group_extrema/restore_rebuilt/16384/domain=16384/bytes=264/nulls=true,64,1.0,125830612.0,Flat
4,candidate,engine/rocksdb/group_extrema/group_extrema/restore_rebuilt/16384/domain=16384/bytes=264/nulls=true,65,1.0,150517854.0,Flat
4,candidate,engine/rocksdb/group_extrema/group_extrema/restore_rebuilt/16384/domain=16384/bytes=264/nulls=true,66,1.0,128624747.0,Flat
4,candidate,engine/rocksdb/group_extrema/group_extrema/restore_rebuilt/16384/domain=16384/bytes=264/nulls=true,67,1.0,125512886.0,Flat
4,candidate,engine/rocksdb/group_extrema/group_extrema/restore_rebuilt/16384/domain=16384/bytes=264/nulls=true,68,1.0,121005595.0,Flat
4,candidate,engine/rocksdb/group_extrema/group_extrema/restore_rebuilt/16384/domain=16384/bytes=264/nulls=true,69,1.0,121969711.0,Flat
4,candidate,engine/rocksdb/group_extrema/group_extrema/restore_rebuilt/16384/domain=16384/bytes=264/nulls=true,70,1.0,132243136.0,Flat
4,candidate,engine/rocksdb/group_extrema/group_extrema/restore_rebuilt/16384/domain=16384/bytes=264/nulls=true,71,1.0,127875388.0,Flat
4,candidate,engine/rocksdb/group_extrema/group_extrema/restore_rebuilt/16384/domain=16384/bytes=264/nulls=true,72,1.0,142249109.0,Flat
4,candidate,engine/rocksdb/group_extrema/group_extrema/restore_rebuilt/16384/domain=16384/bytes=264/nulls=true,73,1.0,136122908.0,Flat
4,candidate,engine/rocksdb/group_extrema/group_extrema/restore_rebuilt/16384/domain=16384/bytes=264/nulls=true,74,1.0,166598988.0,Flat
4,candidate,engine/rocksdb/group_extrema/group_extrema/restore_rebuilt/16384/domain=16384/bytes=264/nulls=true,75,1.0,45706255.0,Flat
4,candidate,engine/rocksdb/group_extrema/group_extrema/restore_rebuilt/16384/domain=16384/bytes=264/nulls=true,76,1.0,45825735.0,Flat
4,candidate,engine/rocksdb/group_extrema/group_extrema/restore_rebuilt/16384/domain=16384/bytes=264/nulls=true,77,1.0,45046960.0,Flat
4,candidate,engine/rocksdb/group_extrema/group_extrema/restore_rebuilt/16384/domain=16384/bytes=264/nulls=true,78,1.0,48047037.0,Flat
4,candidate,engine/rocksdb/group_extrema/group_extrema/restore_rebuilt/16384/domain=16384/bytes=264/nulls=true,79,1.0,44984305.0,Flat
4,candidate,engine/rocksdb/group_extrema/group_extrema/restore_rebuilt/16384/domain=16384/bytes=264/nulls=true,80,1.0,45319414.0,Flat
4,candidate,engine/rocksdb/group_extrema/group_extrema/restore_rebuilt/16384/domain=16384/bytes=264/nulls=true,81,1.0,43109195.0,Flat
4,candidate,engine/rocksdb/group_extrema/group_extrema/restore_rebuilt/16384/domain=16384/bytes=264/nulls=true,82,1.0,44304812.0,Flat
4,candidate,engine/rocksdb/group_extrema/group_extrema/restore_rebuilt/16384/domain=16384/bytes=264/nulls=true,83,1.0,48464773.0,Flat
4,candidate,engine/rocksdb/group_extrema/group_extrema/restore_rebuilt/16384/domain=16384/bytes=264/nulls=true,84,1.0,45749829.0,Flat
4,candidate,engine/rocksdb/group_extrema/group_extrema/restore_rebuilt/16384/domain=16384/bytes=264/nulls=true,85,1.0,46721097.0,Flat
4,candidate,engine/rocksdb/group_extrema/group_extrema/restore_rebuilt/16384/domain=16384/bytes=264/nulls=true,86,1.0,45960770.0,Flat
4,candidate,engine/rocksdb/group_extrema/group_extrema/restore_rebuilt/16384/domain=16384/bytes=264/nulls=true,87,1.0,44561428.0,Flat
4,candidate,engine/rocksdb/group_extrema/group_extrema/restore_rebuilt/16384/domain=16384/bytes=264/nulls=true,88,1.0,48740748.0,Flat
4,candidate,engine/rocksdb/group_extrema/group_extrema/restore_rebuilt/16384/domain=16384/bytes=264/nulls=true,89,1.0,44757362.0,Flat
4,candidate,engine/rocksdb/group_extrema/group_extrema/restore_rebuilt/16384/domain=16384/bytes=264/nulls=true,90,1.0,43367712.0,Flat
4,candidate,engine/rocksdb/group_extrema/group_extrema/restore_rebuilt/16384/domain=16384/bytes=264/nulls=true,91,1.0,45696816.0,Flat
4,candidate,engine/rocksdb/group_extrema/group_extrema/restore_rebuilt/16384/domain=16384/bytes=264/nulls=true,92,1.0,43317016.0,Flat
4,candidate,engine/rocksdb/group_extrema/group_extrema/restore_rebuilt/16384/domain=16384/bytes=264/nulls=true,93,1.0,52598709.0,Flat
4,candidate,engine/rocksdb/group_extrema/group_extrema/restore_rebuilt/16384/domain=16384/bytes=264/nulls=true,94,1.0,51649871.0,Flat
4,candidate,engine/rocksdb/group_extrema/group_extrema/restore_rebuilt/16384/domain=16384/bytes=264/nulls=true,95,1.0,44162730.0,Flat
4,candidate,engine/rocksdb/group_extrema/group_extrema/restore_rebuilt/16384/domain=16384/bytes=264/nulls=true,96,1.0,45293639.0,Flat
4,candidate,engine/rocksdb/group_extrema/group_extrema/restore_rebuilt/16384/domain=16384/bytes=264/nulls=true,97,1.0,45792944.0,Flat
4,candidate,engine/rocksdb/group_extrema/group_extrema/restore_rebuilt/16384/domain=16384/bytes=264/nulls=true,98,1.0,53652264.0,Flat
4,candidate,engine/rocksdb/group_extrema/group_extrema/restore_rebuilt/16384/domain=16384/bytes=264/nulls=true,99,1.0,45858233.0,Flat
4,candidate,engine/rocksdb/group_extrema/group_extrema/retract_all/16384/domain=16384/bytes=264/nulls=true,0,1.0,208356679.0,Flat
4,candidate,engine/rocksdb/group_extrema/group_extrema/retract_all/16384/domain=16384/bytes=264/nulls=true,1,1.0,216917873.0,Flat
4,candidate,engine/rocksdb/group_extrema/group_extrema/retract_all/16384/domain=16384/bytes=264/nulls=true,2,1.0,216274802.0,Flat
4,candidate,engine/rocksdb/group_extrema/group_extrema/retract_all/16384/domain=16384/bytes=264/nulls=true,3,1.0,211492997.0,Flat
4,candidate,engine/rocksdb/group_extrema/group_extrema/retract_all/16384/domain=16384/bytes=264/nulls=true,4,1.0,223169432.0,Flat
4,candidate,engine/rocksdb/group_extrema/group_extrema/retract_all/16384/domain=16384/bytes=264/nulls=true,5,1.0,220581036.0,Flat
4,candidate,engine/rocksdb/group_extrema/group_extrema/retract_all/16384/domain=16384/bytes=264/nulls=true,6,1.0,214774194.0,Flat
4,candidate,engine/rocksdb/group_extrema/group_extrema/retract_all/16384/domain=16384/bytes=264/nulls=true,7,1.0,228459392.0,Flat
4,candidate,engine/rocksdb/group_extrema/group_extrema/retract_all/16384/domain=16384/bytes=264/nulls=true,8,1.0,234262060.0,Flat
4,candidate,engine/rocksdb/group_extrema/group_extrema/retract_all/16384/domain=16384/bytes=264/nulls=true,9,1.0,246441632.0,Flat
4,candidate,engine/rocksdb/group_extrema/group_extrema/retract_all/16384/domain=16384/bytes=264/nulls=true,10,1.0,229001150.0,Flat
4,candidate,engine/rocksdb/group_extrema/group_extrema/retract_all/16384/domain=16384/bytes=264/nulls=true,11,1.0,214924525.0,Flat
4,candidate,engine/rocksdb/group_extrema/group_extrema/retract_all/16384/domain=16384/bytes=264/nulls=true,12,1.0,221952936.0,Flat
4,candidate,engine/rocksdb/group_extrema/group_extrema/retract_all/16384/domain=16384/bytes=264/nulls=true,13,1.0,225914183.0,Flat
4,candidate,engine/rocksdb/group_extrema/group_extrema/retract_all/16384/domain=16384/bytes=264/nulls=true,14,1.0,213485504.0,Flat
4,candidate,engine/rocksdb/group_extrema/group_extrema/retract_all/16384/domain=16384/bytes=264/nulls=true,15,1.0,226057244.0,Flat
4,candidate,engine/rocksdb/group_extrema/group_extrema/retract_all/16384/domain=16384/bytes=264/nulls=true,16,1.0,230402540.0,Flat
4,candidate,engine/rocksdb/group_extrema/group_extrema/retract_all/16384/domain=16384/bytes=264/nulls=true,17,1.0,213898500.0,Flat
4,candidate,engine/rocksdb/group_extrema/group_extrema/retract_all/16384/domain=16384/bytes=264/nulls=true,18,1.0,222668878.0,Flat
4,candidate,engine/rocksdb/group_extrema/group_extrema/retract_all/16384/domain=16384/bytes=264/nulls=true,19,1.0,250010213.0,Flat
4,candidate,engine/rocksdb/group_extrema/group_extrema/retract_all/16384/domain=16384/bytes=264/nulls=true,20,1.0,226679148.0,Flat
4,candidate,engine/rocksdb/group_extrema/group_extrema/retract_all/16384/domain=16384/bytes=264/nulls=true,21,1.0,216896596.0,Flat
4,candidate,engine/rocksdb/group_extrema/group_extrema/retract_all/16384/domain=16384/bytes=264/nulls=true,22,1.0,224978929.0,Flat
4,candidate,engine/rocksdb/group_extrema/group_extrema/retract_all/16384/domain=16384/bytes=264/nulls=true,23,1.0,232193260.0,Flat
4,candidate,engine/rocksdb/group_extrema/group_extrema/retract_all/16384/domain=16384/bytes=264/nulls=true,24,1.0,221667235.0,Flat
4,candidate,engine/rocksdb/group_extrema/group_extrema/retract_all/16384/domain=16384/bytes=264/nulls=true,25,1.0,208976994.0,Flat
4,candidate,engine/rocksdb/group_extrema/group_extrema/retract_all/16384/domain=16384/bytes=264/nulls=true,26,1.0,230440453.0,Flat
4,candidate,engine/rocksdb/group_extrema/group_extrema/retract_all/16384/domain=16384/bytes=264/nulls=true,27,1.0,210019297.0,Flat
4,candidate,engine/rocksdb/group_extrema/group_extrema/retract_all/16384/domain=16384/bytes=264/nulls=true,28,1.0,226863745.0,Flat
4,candidate,engine/rocksdb/group_extrema/group_extrema/retract_all/16384/domain=16384/bytes=264/nulls=true,29,1.0,221761334.0,Flat
4,candidate,engine/rocksdb/group_extrema/group_extrema/retract_all/16384/domain=16384/bytes=264/nulls=true,30,1.0,227989877.0,Flat
4,candidate,engine/rocksdb/group_extrema/group_extrema/retract_all/16384/domain=16384/bytes=264/nulls=true,31,1.0,215208584.0,Flat
4,candidate,engine/rocksdb/group_extrema/group_extrema/retract_all/16384/domain=16384/bytes=264/nulls=true,32,1.0,218328791.0,Flat
4,candidate,engine/rocksdb/group_extrema/group_extrema/retract_all/16384/domain=16384/bytes=264/nulls=true,33,1.0,228950234.0,Flat
4,candidate,engine/rocksdb/group_extrema/group_extrema/retract_all/16384/domain=16384/bytes=264/nulls=true,34,1.0,230593359.0,Flat
4,candidate,engine/rocksdb/group_extrema/group_extrema/retract_all/16384/domain=16384/bytes=264/nulls=true,35,1.0,227553245.0,Flat
4,candidate,engine/rocksdb/group_extrema/group_extrema/retract_all/16384/domain=16384/bytes=264/nulls=true,36,1.0,227408248.0,Flat
4,candidate,engine/rocksdb/group_extrema/group_extrema/retract_all/16384/domain=16384/bytes=264/nulls=true,37,1.0,222450194.0,Flat
4,candidate,engine/rocksdb/group_extrema/group_extrema/retract_all/16384/domain=16384/bytes=264/nulls=true,38,1.0,220856111.0,Flat
4,candidate,engine/rocksdb/group_extrema/group_extrema/retract_all/16384/domain=16384/bytes=264/nulls=true,39,1.0,223730294.0,Flat
4,candidate,engine/rocksdb/group_extrema/group_extrema/retract_all/16384/domain=16384/bytes=264/nulls=true,40,1.0,218113574.0,Flat
4,candidate,engine/rocksdb/group_extrema/group_extrema/retract_all/16384/domain=16384/bytes=264/nulls=true,41,1.0,212013448.0,Flat
4,candidate,engine/rocksdb/group_extrema/group_extrema/retract_all/16384/domain=16384/bytes=264/nulls=true,42,1.0,206669044.0,Flat
4,candidate,engine/rocksdb/group_extrema/group_extrema/retract_all/16384/domain=16384/bytes=264/nulls=true,43,1.0,209019657.0,Flat
4,candidate,engine/rocksdb/group_extrema/group_extrema/retract_all/16384/domain=16384/bytes=264/nulls=true,44,1.0,218527087.0,Flat
4,candidate,engine/rocksdb/group_extrema/group_extrema/retract_all/16384/domain=16384/bytes=264/nulls=true,45,1.0,209144312.0,Flat
4,candidate,engine/rocksdb/group_extrema/group_extrema/retract_all/16384/domain=16384/bytes=264/nulls=true,46,1.0,216827018.0,Flat
4,candidate,engine/rocksdb/group_extrema/group_extrema/retract_all/16384/domain=16384/bytes=264/nulls=true,47,1.0,206925313.0,Flat
4,candidate,engine/rocksdb/group_extrema/group_extrema/retract_all/16384/domain=16384/bytes=264/nulls=true,48,1.0,213770501.0,Flat
4,candidate,engine/rocksdb/group_extrema/group_extrema/retract_all/16384/domain=16384/bytes=264/nulls=true,49,1.0,221455004.0,Flat
4,candidate,engine/rocksdb/group_extrema/group_extrema/retract_all/16384/domain=16384/bytes=264/nulls=true,50,1.0,220532002.0,Flat
4,candidate,engine/rocksdb/group_extrema/group_extrema/retract_all/16384/domain=16384/bytes=264/nulls=true,51,1.0,210570220.0,Flat
4,candidate,engine/rocksdb/group_extrema/group_extrema/retract_all/16384/domain=16384/bytes=264/nulls=true,52,1.0,218839702.0,Flat
4,candidate,engine/rocksdb/group_extrema/group_extrema/retract_all/16384/domain=16384/bytes=264/nulls=true,53,1.0,204908407.0,Flat
4,candidate,engine/rocksdb/group_extrema/group_extrema/retract_all/16384/domain=16384/bytes=264/nulls=true,54,1.0,223979000.0,Flat
4,candidate,engine/rocksdb/group_extrema/group_extrema/retract_all/16384/domain=16384/bytes=264/nulls=true,55,1.0,218714774.0,Flat
4,candidate,engine/rocksdb/group_extrema/group_extrema/retract_all/16384/domain=16384/bytes=264/nulls=true,56,1.0,219809255.0,Flat
4,candidate,engine/rocksdb/group_extrema/group_extrema/retract_all/16384/domain=16384/bytes=264/nulls=true,57,1.0,210971440.0,Flat
4,candidate,engine/rocksdb/group_extrema/group_extrema/retract_all/16384/domain=16384/bytes=264/nulls=true,58,1.0,210108067.0,Flat
4,candidate,engine/rocksdb/group_extrema/group_extrema/retract_all/16384/domain=16384/bytes=264/nulls=true,59,1.0,228742538.0,Flat
4,candidate,engine/rocksdb/group_extrema/group_extrema/retract_all/16384/domain=16384/bytes=264/nulls=true,60,1.0,228056154.0,Flat
4,candidate,engine/rocksdb/group_extrema/group_extrema/retract_all/16384/domain=16384/bytes=264/nulls=true,61,1.0,207393692.0,Flat
4,candidate,engine/rocksdb/group_extrema/group_extrema/retract_all/16384/domain=16384/bytes=264/nulls=true,62,1.0,208539308.0,Flat
4,candidate,engine/rocksdb/group_extrema/group_extrema/retract_all/16384/domain=16384/bytes=264/nulls=true,63,1.0,210621494.0,Flat
4,candidate,engine/rocksdb/group_extrema/group_extrema/retract_all/16384/domain=16384/bytes=264/nulls=true,64,1.0,204649216.0,Flat
4,candidate,engine/rocksdb/group_extrema/group_extrema/retract_all/16384/domain=16384/bytes=264/nulls=true,65,1.0,213088990.0,Flat
4,candidate,engine/rocksdb/group_extrema/group_extrema/retract_all/16384/domain=16384/bytes=264/nulls=true,66,1.0,203476306.0,Flat
4,candidate,engine/rocksdb/group_extrema/group_extrema/retract_all/16384/domain=16384/bytes=264/nulls=true,67,1.0,217647253.0,Flat
4,candidate,engine/rocksdb/group_extrema/group_extrema/retract_all/16384/domain=16384/bytes=264/nulls=true,68,1.0,208737983.0,Flat
4,candidate,engine/rocksdb/group_extrema/group_extrema/retract_all/16384/domain=16384/bytes=264/nulls=true,69,1.0,239104733.0,Flat
4,candidate,engine/rocksdb/group_extrema/group_extrema/retract_all/16384/domain=16384/bytes=264/nulls=true,70,1.0,236124678.0,Flat
4,candidate,engine/rocksdb/group_extrema/group_extrema/retract_all/16384/domain=16384/bytes=264/nulls=true,71,1.0,245298649.0,Flat
4,candidate,engine/rocksdb/group_extrema/group_extrema/retract_all/16384/domain=16384/bytes=264/nulls=true,72,1.0,218190308.0,Flat
4,candidate,engine/rocksdb/group_extrema/group_extrema/retract_all/16384/domain=16384/bytes=264/nulls=true,73,1.0,210641083.0,Flat
4,candidate,engine/rocksdb/group_extrema/group_extrema/retract_all/16384/domain=16384/bytes=264/nulls=true,74,1.0,215940122.0,Flat
4,candidate,engine/rocksdb/group_extrema/group_extrema/retract_all/16384/domain=16384/bytes=264/nulls=true,75,1.0,214242656.0,Flat
4,candidate,engine/rocksdb/group_extrema/group_extrema/retract_all/16384/domain=16384/bytes=264/nulls=true,76,1.0,219815130.0,Flat
4,candidate,engine/rocksdb/group_extrema/group_extrema/retract_all/16384/domain=16384/bytes=264/nulls=true,77,1.0,205550871.0,Flat
4,candidate,engine/rocksdb/group_extrema/group_extrema/retract_all/16384/domain=16384/bytes=264/nulls=true,78,1.0,217487784.0,Flat
4,candidate,engine/rocksdb/group_extrema/group_extrema/retract_all/16384/domain=16384/bytes=264/nulls=true,79,1.0,212436817.0,Flat
4,candidate,engine/rocksdb/group_extrema/group_extrema/retract_all/16384/domain=16384/bytes=264/nulls=true,80,1.0,206857548.0,Flat
4,candidate,engine/rocksdb/group_extrema/group_extrema/retract_all/16384/domain=16384/bytes=264/nulls=true,81,1.0,217011025.0,Flat
4,candidate,engine/rocksdb/group_extrema/group_extrema/retract_all/16384/domain=16384/bytes=264/nulls=true,82,1.0,211338971.0,Flat
4,candidate,engine/rocksdb/group_extrema/group_extrema/retract_all/16384/domain=16384/bytes=264/nulls=true,83,1.0,210778864.0,Flat
4,candidate,engine/rocksdb/group_extrema/group_extrema/retract_all/16384/domain=16384/bytes=264/nulls=true,84,1.0,211716974.0,Flat
4,candidate,engine/rocksdb/group_extrema/group_extrema/retract_all/16384/domain=16384/bytes=264/nulls=true,85,1.0,214872290.0,Flat
4,candidate,engine/rocksdb/group_extrema/group_extrema/retract_all/16384/domain=16384/bytes=264/nulls=true,86,1.0,217310558.0,Flat
4,candidate,engine/rocksdb/group_extrema/group_extrema/retract_all/16384/domain=16384/bytes=264/nulls=true,87,1.0,209662353.0,Flat
4,candidate,engine/rocksdb/group_extrema/group_extrema/retract_all/16384/domain=16384/bytes=264/nulls=true,88,1.0,209669130.0,Flat
4,candidate,engine/rocksdb/group_extrema/group_extrema/retract_all/16384/domain=16384/bytes=264/nulls=true,89,1.0,220323925.0,Flat
4,candidate,engine/rocksdb/group_extrema/group_extrema/retract_all/16384/domain=16384/bytes=264/nulls=true,90,1.0,210479209.0,Flat
4,candidate,engine/rocksdb/group_extrema/group_extrema/retract_all/16384/domain=16384/bytes=264/nulls=true,91,1.0,211972877.0,Flat
4,candidate,engine/rocksdb/group_extrema/group_extrema/retract_all/16384/domain=16384/bytes=264/nulls=true,92,1.0,211845266.0,Flat
4,candidate,engine/rocksdb/group_extrema/group_extrema/retract_all/16384/domain=16384/bytes=264/nulls=true,93,1.0,221287040.0,Flat
4,candidate,engine/rocksdb/group_extrema/group_extrema/retract_all/16384/domain=16384/bytes=264/nulls=true,94,1.0,222139811.0,Flat
4,candidate,engine/rocksdb/group_extrema/group_extrema/retract_all/16384/domain=16384/bytes=264/nulls=true,95,1.0,214878176.0,Flat
4,candidate,engine/rocksdb/group_extrema/group_extrema/retract_all/16384/domain=16384/bytes=264/nulls=true,96,1.0,208169612.0,Flat
4,candidate,engine/rocksdb/group_extrema/group_extrema/retract_all/16384/domain=16384/bytes=264/nulls=true,97,1.0,219175599.0,Flat
4,candidate,engine/rocksdb/group_extrema/group_extrema/retract_all/16384/domain=16384/bytes=264/nulls=true,98,1.0,246505793.0,Flat
4,candidate,engine/rocksdb/group_extrema/group_extrema/retract_all/16384/domain=16384/bytes=264/nulls=true,99,1.0,259934182.0,Flat
4,candidate,engine/rocksdb/group_extrema/group_extrema/retract_all/16384/domain=8/bytes=264/nulls=true,0,1.0,14245555.0,Flat
4,candidate,engine/rocksdb/group_extrema/group_extrema/retract_all/16384/domain=8/bytes=264/nulls=true,1,1.0,14256930.0,Flat
4,candidate,engine/rocksdb/group_extrema/group_extrema/retract_all/16384/domain=8/bytes=264/nulls=true,2,1.0,14925401.0,Flat
4,candidate,engine/rocksdb/group_extrema/group_extrema/retract_all/16384/domain=8/bytes=264/nulls=true,3,1.0,14532252.0,Flat
4,candidate,engine/rocksdb/group_extrema/group_extrema/retract_all/16384/domain=8/bytes=264/nulls=true,4,1.0,14590699.0,Flat
4,candidate,engine/rocksdb/group_extrema/group_extrema/retract_all/16384/domain=8/bytes=264/nulls=true,5,1.0,15535298.0,Flat
4,candidate,engine/rocksdb/group_extrema/group_extrema/retract_all/16384/domain=8/bytes=264/nulls=true,6,1.0,14851906.0,Flat
4,candidate,engine/rocksdb/group_extrema/group_extrema/retract_all/16384/domain=8/bytes=264/nulls=true,7,1.0,14450736.0,Flat
4,candidate,engine/rocksdb/group_extrema/group_extrema/retract_all/16384/domain=8/bytes=264/nulls=true,8,1.0,14580748.0,Flat
4,candidate,engine/rocksdb/group_extrema/group_extrema/retract_all/16384/domain=8/bytes=264/nulls=true,9,1.0,14665256.0,Flat
4,candidate,engine/rocksdb/group_extrema/group_extrema/retract_all/16384/domain=8/bytes=264/nulls=true,10,1.0,14732090.0,Flat
4,candidate,engine/rocksdb/group_extrema/group_extrema/retract_all/16384/domain=8/bytes=264/nulls=true,11,1.0,14610783.0,Flat
4,candidate,engine/rocksdb/group_extrema/group_extrema/retract_all/16384/domain=8/bytes=264/nulls=true,12,1.0,14888090.0,Flat
4,candidate,engine/rocksdb/group_extrema/group_extrema/retract_all/16384/domain=8/bytes=264/nulls=true,13,1.0,15168916.0,Flat
4,candidate,engine/rocksdb/group_extrema/group_extrema/retract_all/16384/domain=8/bytes=264/nulls=true,14,1.0,16744561.0,Flat
4,candidate,engine/rocksdb/group_extrema/group_extrema/retract_all/16384/domain=8/bytes=264/nulls=true,15,1.0,14691002.0,Flat
4,candidate,engine/rocksdb/group_extrema/group_extrema/retract_all/16384/domain=8/bytes=264/nulls=true,16,1.0,14541222.0,Flat
4,candidate,engine/rocksdb/group_extrema/group_extrema/retract_all/16384/domain=8/bytes=264/nulls=true,17,1.0,14596715.0,Flat
4,candidate,engine/rocksdb/group_extrema/group_extrema/retract_all/16384/domain=8/bytes=264/nulls=true,18,1.0,14803472.0,Flat
4,candidate,engine/rocksdb/group_extrema/group_extrema/retract_all/16384/domain=8/bytes=264/nulls=true,19,1.0,14880425.0,Flat
4,candidate,engine/rocksdb/group_extrema/group_extrema/retract_all/16384/domain=8/bytes=264/nulls=true,20,1.0,14653725.0,Flat
4,candidate,engine/rocksdb/group_extrema/group_extrema/retract_all/16384/domain=8/bytes=264/nulls=true,21,1.0,15283324.0,Flat
4,candidate,engine/rocksdb/group_extrema/group_extrema/retract_all/16384/domain=8/bytes=264/nulls=true,22,1.0,14497230.0,Flat
4,candidate,engine/rocksdb/group_extrema/group_extrema/retract_all/16384/domain=8/bytes=264/nulls=true,23,1.0,14536667.0,Flat
4,candidate,engine/rocksdb/group_extrema/group_extrema/retract_all/16384/domain=8/bytes=264/nulls=true,24,1.0,14959124.0,Flat
4,candidate,engine/rocksdb/group_extrema/group_extrema/retract_all/16384/domain=8/bytes=264/nulls=true,25,1.0,14476952.0,Flat
4,candidate,engine/rocksdb/group_extrema/group_extrema/retract_all/16384/domain=8/bytes=264/nulls=true,26,1.0,14324406.0,Flat
4,candidate,engine/rocksdb/group_extrema/group_extrema/retract_all/16384/domain=8/bytes=264/nulls=true,27,1.0,14897188.0,Flat
4,candidate,engine/rocksdb/group_extrema/group_extrema/retract_all/16384/domain=8/bytes=264/nulls=true,28,1.0,14509464.0,Flat
4,candidate,engine/rocksdb/group_extrema/group_extrema/retract_all/16384/domain=8/bytes=264/nulls=true,29,1.0,14372062.0,Flat
4,candidate,engine/rocksdb/group_extrema/group_extrema/retract_all/16384/domain=8/bytes=264/nulls=true,30,1.0,14266137.0,Flat
4,candidate,engine/rocksdb/group_extrema/group_extrema/retract_all/16384/domain=8/bytes=264/nulls=true,31,1.0,16198145.0,Flat
4,candidate,engine/rocksdb/group_extrema/group_extrema/retract_all/16384/domain=8/bytes=264/nulls=true,32,1.0,14744333.0,Flat
4,candidate,engine/rocksdb/group_extrema/group_extrema/retract_all/16384/domain=8/bytes=264/nulls=true,33,1.0,14673649.0,Flat
4,candidate,engine/rocksdb/group_extrema/group_extrema/retract_all/16384/domain=8/bytes=264/nulls=true,34,1.0,15606370.0,Flat
4,candidate,engine/rocksdb/group_extrema/group_extrema/retract_all/16384/domain=8/bytes=264/nulls=true,35,1.0,17727191.0,Flat
4,candidate,engine/rocksdb/group_extrema/group_extrema/retract_all/16384/domain=8/bytes=264/nulls=true,36,1.0,15424661.0,Flat
4,candidate,engine/rocksdb/group_extrema/group_extrema/retract_all/16384/domain=8/bytes=264/nulls=true,37,1.0,14309627.0,Flat
4,candidate,engine/rocksdb/group_extrema/group_extrema/retract_all/16384/domain=8/bytes=264/nulls=true,38,1.0,14700258.0,Flat
4,candidate,engine/rocksdb/group_extrema/group_extrema/retract_all/16384/domain=8/bytes=264/nulls=true,39,1.0,14668247.0,Flat
4,candidate,engine/rocksdb/group_extrema/group_extrema/retract_all/16384/domain=8/bytes=264/nulls=true,40,1.0,14632955.0,Flat
4,candidate,engine/rocksdb/group_extrema/group_extrema/retract_all/16384/domain=8/bytes=264/nulls=true,41,1.0,14492285.0,Flat
4,candidate,engine/rocksdb/group_extrema/group_extrema/retract_all/16384/domain=8/bytes=264/nulls=true,42,1.0,15022259.0,Flat
4,candidate,engine/rocksdb/group_extrema/group_extrema/retract_all/16384/domain=8/bytes=264/nulls=true,43,1.0,14253962.0,Flat
4,candidate,engine/rocksdb/group_extrema/group_extrema/retract_all/16384/domain=8/bytes=264/nulls=true,44,1.0,14468375.0,Flat
4,candidate,engine/rocksdb/group_extrema/group_extrema/retract_all/16384/domain=8/bytes=264/nulls=true,45,1.0,14653083.0,Flat
4,candidate,engine/rocksdb/group_extrema/group_extrema/retract_all/16384/domain=8/bytes=264/nulls=true,46,1.0,14802355.0,Flat
4,candidate,engine/rocksdb/group_extrema/group_extrema/retract_all/16384/domain=8/bytes=264/nulls=true,47,1.0,15837993.0,Flat
4,candidate,engine/rocksdb/group_extrema/group_extrema/retract_all/16384/domain=8/bytes=264/nulls=true,48,1.0,14692969.0,Flat
4,candidate,engine/rocksdb/group_extrema/group_extrema/retract_all/16384/domain=8/bytes=264/nulls=true,49,1.0,14903547.0,Flat
4,candidate,engine/rocksdb/group_extrema/group_extrema/retract_all/16384/domain=8/bytes=264/nulls=true,50,1.0,14205819.0,Flat
4,candidate,engine/rocksdb/group_extrema/group_extrema/retract_all/16384/domain=8/bytes=264/nulls=true,51,1.0,14414170.0,Flat
4,candidate,engine/rocksdb/group_extrema/group_extrema/retract_all/16384/domain=8/bytes=264/nulls=true,52,1.0,15081321.0,Flat
4,candidate,engine/rocksdb/group_extrema/group_extrema/retract_all/16384/domain=8/bytes=264/nulls=true,53,1.0,14890583.0,Flat
4,candidate,engine/rocksdb/group_extrema/group_extrema/retract_all/16384/domain=8/bytes=264/nulls=true,54,1.0,14374197.0,Flat
4,candidate,engine/rocksdb/group_extrema/group_extrema/retract_all/16384/domain=8/bytes=264/nulls=true,55,1.0,14748804.0,Flat
4,candidate,engine/rocksdb/group_extrema/group_extrema/retract_all/16384/domain=8/bytes=264/nulls=true,56,1.0,14783006.0,Flat
4,candidate,engine/rocksdb/group_extrema/group_extrema/retract_all/16384/domain=8/bytes=264/nulls=true,57,1.0,14747945.0,Flat
4,candidate,engine/rocksdb/group_extrema/group_extrema/retract_all/16384/domain=8/bytes=264/nulls=true,58,1.0,14623563.0,Flat
4,candidate,engine/rocksdb/group_extrema/group_extrema/retract_all/16384/domain=8/bytes=264/nulls=true,59,1.0,14713452.0,Flat
4,candidate,engine/rocksdb/group_extrema/group_extrema/retract_all/16384/domain=8/bytes=264/nulls=true,60,1.0,14324966.0,Flat
4,candidate,engine/rocksdb/group_extrema/group_extrema/retract_all/16384/domain=8/bytes=264/nulls=true,61,1.0,14862464.0,Flat
4,candidate,engine/rocksdb/group_extrema/group_extrema/retract_all/16384/domain=8/bytes=264/nulls=true,62,1.0,14642993.0,Flat
4,candidate,engine/rocksdb/group_extrema/group_extrema/retract_all/16384/domain=8/bytes=264/nulls=true,63,1.0,14474717.0,Flat
4,candidate,engine/rocksdb/group_extrema/group_extrema/retract_all/16384/domain=8/bytes=264/nulls=true,64,1.0,14994030.0,Flat
4,candidate,engine/rocksdb/group_extrema/group_extrema/retract_all/16384/domain=8/bytes=264/nulls=true,65,1.0,14682495.0,Flat
4,candidate,engine/rocksdb/group_extrema/group_extrema/retract_all/16384/domain=8/bytes=264/nulls=true,66,1.0,16490316.0,Flat
4,candidate,engine/rocksdb/group_extrema/group_extrema/retract_all/16384/domain=8/bytes=264/nulls=true,67,1.0,15130046.0,Flat
4,candidate,engine/rocksdb/group_extrema/group_extrema/retract_all/16384/domain=8/bytes=264/nulls=true,68,1.0,14363665.0,Flat
4,candidate,engine/rocksdb/group_extrema/group_extrema/retract_all/16384/domain=8/bytes=264/nulls=true,69,1.0,15383111.0,Flat
4,candidate,engine/rocksdb/group_extrema/group_extrema/retract_all/16384/domain=8/bytes=264/nulls=true,70,1.0,14753060.0,Flat
4,candidate,engine/rocksdb/group_extrema/group_extrema/retract_all/16384/domain=8/bytes=264/nulls=true,71,1.0,15463432.0,Flat
4,candidate,engine/rocksdb/group_extrema/group_extrema/retract_all/16384/domain=8/bytes=264/nulls=true,72,1.0,14889296.0,Flat
4,candidate,engine/rocksdb/group_extrema/group_extrema/retract_all/16384/domain=8/bytes=264/nulls=true,73,1.0,15117067.0,Flat
4,candidate,engine/rocksdb/group_extrema/group_extrema/retract_all/16384/domain=8/bytes=264/nulls=true,74,1.0,14730881.0,Flat
4,candidate,engine/rocksdb/group_extrema/group_extrema/retract_all/16384/domain=8/bytes=264/nulls=true,75,1.0,14982969.0,Flat
4,candidate,engine/rocksdb/group_extrema/group_extrema/retract_all/16384/domain=8/bytes=264/nulls=true,76,1.0,14438751.0,Flat
4,candidate,engine/rocksdb/group_extrema/group_extrema/retract_all/16384/domain=8/bytes=264/nulls=true,77,1.0,15396177.0,Flat
4,candidate,engine/rocksdb/group_extrema/group_extrema/retract_all/16384/domain=8/bytes=264/nulls=true,78,1.0,15084562.0,Flat
4,candidate,engine/rocksdb/group_extrema/group_extrema/retract_all/16384/domain=8/bytes=264/nulls=true,79,1.0,16682591.0,Flat
4,candidate,engine/rocksdb/group_extrema/group_extrema/retract_all/16384/domain=8/bytes=264/nulls=true,80,1.0,15181620.0,Flat
4,candidate,engine/rocksdb/group_extrema/group_extrema/retract_all/16384/domain=8/bytes=264/nulls=true,81,1.0,14351551.0,Flat
4,candidate,engine/rocksdb/group_extrema/group_extrema/retract_all/16384/domain=8/bytes=264/nulls=true,82,1.0,15090681.0,Flat
4,candidate,engine/rocksdb/group_extrema/group_extrema/retract_all/16384/domain=8/bytes=264/nulls=true,83,1.0,14936546.0,Flat
4,candidate,engine/rocksdb/group_extrema/group_extrema/retract_all/16384/domain=8/bytes=264/nulls=true,84,1.0,15606929.0,Flat
4,candidate,engine/rocksdb/group_extrema/group_extrema/retract_all/16384/domain=8/bytes=264/nulls=true,85,1.0,14933295.0,Flat
4,candidate,engine/rocksdb/group_extrema/group_extrema/retract_all/16384/domain=8/bytes=264/nulls=true,86,1.0,14944536.0,Flat
4,candidate,engine/rocksdb/group_extrema/group_extrema/retract_all/16384/domain=8/bytes=264/nulls=true,87,1.0,14567056.0,Flat
4,candidate,engine/rocksdb/group_extrema/group_extrema/retract_all/16384/domain=8/bytes=264/nulls=true,88,1.0,14799317.0,Flat
4,candidate,engine/rocksdb/group_extrema/group_extrema/retract_all/16384/domain=8/bytes=264/nulls=true,89,1.0,15438047.0,Flat
4,candidate,engine/rocksdb/group_extrema/group_extrema/retract_all/16384/domain=8/bytes=264/nulls=true,90,1.0,14541274.0,Flat
4,candidate,engine/rocksdb/group_extrema/group_extrema/retract_all/16384/domain=8/bytes=264/nulls=true,91,1.0,14532514.0,Flat
4,candidate,engine/rocksdb/group_extrema/group_extrema/retract_all/16384/domain=8/bytes=264/nulls=true,92,1.0,14554844.0,Flat
4,candidate,engine/rocksdb/group_extrema/group_extrema/retract_all/16384/domain=8/bytes=264/nulls=true,93,1.0,15029010.0,Flat
4,candidate,engine/rocksdb/group_extrema/group_extrema/retract_all/16384/domain=8/bytes=264/nulls=true,94,1.0,16980484.0,Flat
4,candidate,engine/rocksdb/group_extrema/group_extrema/retract_all/16384/domain=8/bytes=264/nulls=true,95,1.0,14971223.0,Flat
4,candidate,engine/rocksdb/group_extrema/group_extrema/retract_all/16384/domain=8/bytes=264/nulls=true,96,1.0,14998939.0,Flat
4,candidate,engine/rocksdb/group_extrema/group_extrema/retract_all/16384/domain=8/bytes=264/nulls=true,97,1.0,14415912.0,Flat
4,candidate,engine/rocksdb/group_extrema/group_extrema/retract_all/16384/domain=8/bytes=264/nulls=true,98,1.0,16096543.0,Flat
4,candidate,engine/rocksdb/group_extrema/group_extrema/retract_all/16384/domain=8/bytes=264/nulls=true,99,1.0,15706548.0,Flat
4,candidate,engine/rocksdb/group_extrema/group_extrema/retract_half/16384/domain=16384/bytes=264/nulls=true,0,1.0,93169021.0,Flat
4,candidate,engine/rocksdb/group_extrema/group_extrema/retract_half/16384/domain=16384/bytes=264/nulls=true,1,1.0,88312476.0,Flat
4,candidate,engine/rocksdb/group_extrema/group_extrema/retract_half/16384/domain=16384/bytes=264/nulls=true,2,1.0,83754461.0,Flat
4,candidate,engine/rocksdb/group_extrema/group_extrema/retract_half/16384/domain=16384/bytes=264/nulls=true,3,1.0,89142973.0,Flat
4,candidate,engine/rocksdb/group_extrema/group_extrema/retract_half/16384/domain=16384/bytes=264/nulls=true,4,1.0,93198065.0,Flat
4,candidate,engine/rocksdb/group_extrema/group_extrema/retract_half/16384/domain=16384/bytes=264/nulls=true,5,1.0,95135898.0,Flat
4,candidate,engine/rocksdb/group_extrema/group_extrema/retract_half/16384/domain=16384/bytes=264/nulls=true,6,1.0,92428145.0,Flat
4,candidate,engine/rocksdb/group_extrema/group_extrema/retract_half/16384/domain=16384/bytes=264/nulls=true,7,1.0,94504348.0,Flat
4,candidate,engine/rocksdb/group_extrema/group_extrema/retract_half/16384/domain=16384/bytes=264/nulls=true,8,1.0,91560623.0,Flat
4,candidate,engine/rocksdb/group_extrema/group_extrema/retract_half/16384/domain=16384/bytes=264/nulls=true,9,1.0,93686482.0,Flat
4,candidate,engine/rocksdb/group_extrema/group_extrema/retract_half/16384/domain=16384/bytes=264/nulls=true,10,1.0,97728368.0,Flat
4,candidate,engine/rocksdb/group_extrema/group_extrema/retract_half/16384/domain=16384/bytes=264/nulls=true,11,1.0,88854103.0,Flat
4,candidate,engine/rocksdb/group_extrema/group_extrema/retract_half/16384/domain=16384/bytes=264/nulls=true,12,1.0,91080283.0,Flat
4,candidate,engine/rocksdb/group_extrema/group_extrema/retract_half/16384/domain=16384/bytes=264/nulls=true,13,1.0,89087659.0,Flat
4,candidate,engine/rocksdb/group_extrema/group_extrema/retract_half/16384/domain=16384/bytes=264/nulls=true,14,1.0,101695652.0,Flat
4,candidate,engine/rocksdb/group_extrema/group_extrema/retract_half/16384/domain=16384/bytes=264/nulls=true,15,1.0,99833693.0,Flat
4,candidate,engine/rocksdb/group_extrema/group_extrema/retract_half/16384/domain=16384/bytes=264/nulls=true,16,1.0,99723403.0,Flat
4,candidate,engine/rocksdb/group_extrema/group_extrema/retract_half/16384/domain=16384/bytes=264/nulls=true,17,1.0,91893090.0,Flat
4,candidate,engine/rocksdb/group_extrema/group_extrema/retract_half/16384/domain=16384/bytes=264/nulls=true,18,1.0,93297988.0,Flat
4,candidate,engine/rocksdb/group_extrema/group_extrema/retract_half/16384/domain=16384/bytes=264/nulls=true,19,1.0,106848912.0,Flat
4,candidate,engine/rocksdb/group_extrema/group_extrema/retract_half/16384/domain=16384/bytes=264/nulls=true,20,1.0,198450160.0,Flat
4,candidate,engine/rocksdb/group_extrema/group_extrema/retract_half/16384/domain=16384/bytes=264/nulls=true,21,1.0,141114534.0,Flat
4,candidate,engine/rocksdb/group_extrema/group_extrema/retract_half/16384/domain=16384/bytes=264/nulls=true,22,1.0,147527335.0,Flat
4,candidate,engine/rocksdb/group_extrema/group_extrema/retract_half/16384/domain=16384/bytes=264/nulls=true,23,1.0,138231720.0,Flat
4,candidate,engine/rocksdb/group_extrema/group_extrema/retract_half/16384/domain=16384/bytes=264/nulls=true,24,1.0,138458913.0,Flat
4,candidate,engine/rocksdb/group_extrema/group_extrema/retract_half/16384/domain=16384/bytes=264/nulls=true,25,1.0,162250749.0,Flat
4,candidate,engine/rocksdb/group_extrema/group_extrema/retract_half/16384/domain=16384/bytes=264/nulls=true,26,1.0,161243035.0,Flat
4,candidate,engine/rocksdb/group_extrema/group_extrema/retract_half/16384/domain=16384/bytes=264/nulls=true,27,1.0,140314299.0,Flat
4,candidate,engine/rocksdb/group_extrema/group_extrema/retract_half/16384/domain=16384/bytes=264/nulls=true,28,1.0,162915015.0,Flat
4,candidate,engine/rocksdb/group_extrema/group_extrema/retract_half/16384/domain=16384/bytes=264/nulls=true,29,1.0,128444954.0,Flat
4,candidate,engine/rocksdb/group_extrema/group_extrema/retract_half/16384/domain=16384/bytes=264/nulls=true,30,1.0,228103057.0,Flat
4,candidate,engine/rocksdb/group_extrema/group_extrema/retract_half/16384/domain=16384/bytes=264/nulls=true,31,1.0,101156934.0,Flat
4,candidate,engine/rocksdb/group_extrema/group_extrema/retract_half/16384/domain=16384/bytes=264/nulls=true,32,1.0,96375409.0,Flat
4,candidate,engine/rocksdb/group_extrema/group_extrema/retract_half/16384/domain=16384/bytes=264/nulls=true,33,1.0,91331342.0,Flat
4,candidate,engine/rocksdb/group_extrema/group_extrema/retract_half/16384/domain=16384/bytes=264/nulls=true,34,1.0,97571624.0,Flat
4,candidate,engine/rocksdb/group_extrema/group_extrema/retract_half/16384/domain=16384/bytes=264/nulls=true,35,1.0,92543589.0,Flat
4,candidate,engine/rocksdb/group_extrema/group_extrema/retract_half/16384/domain=16384/bytes=264/nulls=true,36,1.0,93464859.0,Flat
4,candidate,engine/rocksdb/group_extrema/group_extrema/retract_half/16384/domain=16384/bytes=264/nulls=true,37,1.0,91919960.0,Flat
4,candidate,engine/rocksdb/group_extrema/group_extrema/retract_half/16384/domain=16384/bytes=264/nulls=true,38,1.0,92867743.0,Flat
4,candidate,engine/rocksdb/group_extrema/group_extrema/retract_half/16384/domain=16384/bytes=264/nulls=true,39,1.0,85363054.0,Flat
4,candidate,engine/rocksdb/group_extrema/group_extrema/retract_half/16384/domain=16384/bytes=264/nulls=true,40,1.0,89658012.0,Flat
4,candidate,engine/rocksdb/group_extrema/group_extrema/retract_half/16384/domain=16384/bytes=264/nulls=true,41,1.0,91257247.0,Flat
4,candidate,engine/rocksdb/group_extrema/group_extrema/retract_half/16384/domain=16384/bytes=264/nulls=true,42,1.0,94238948.0,Flat
4,candidate,engine/rocksdb/group_extrema/group_extrema/retract_half/16384/domain=16384/bytes=264/nulls=true,43,1.0,91761712.0,Flat
4,candidate,engine/rocksdb/group_extrema/group_extrema/retract_half/16384/domain=16384/bytes=264/nulls=true,44,1.0,92208212.0,Flat
4,candidate,engine/rocksdb/group_extrema/group_extrema/retract_half/16384/domain=16384/bytes=264/nulls=true,45,1.0,98220181.0,Flat
4,candidate,engine/rocksdb/group_extrema/group_extrema/retract_half/16384/domain=16384/bytes=264/nulls=true,46,1.0,99061385.0,Flat
4,candidate,engine/rocksdb/group_extrema/group_extrema/retract_half/16384/domain=16384/bytes=264/nulls=true,47,1.0,98522732.0,Flat
4,candidate,engine/rocksdb/group_extrema/group_extrema/retract_half/16384/domain=16384/bytes=264/nulls=true,48,1.0,95299221.0,Flat
4,candidate,engine/rocksdb/group_extrema/group_extrema/retract_half/16384/domain=16384/bytes=264/nulls=true,49,1.0,93909081.0,Flat
4,candidate,engine/rocksdb/group_extrema/group_extrema/retract_half/16384/domain=16384/bytes=264/nulls=true,50,1.0,87445371.0,Flat
4,candidate,engine/rocksdb/group_extrema/group_extrema/retract_half/16384/domain=16384/bytes=264/nulls=true,51,1.0,100343947.0,Flat
4,candidate,engine/rocksdb/group_extrema/group_extrema/retract_half/16384/domain=16384/bytes=264/nulls=true,52,1.0,85289142.0,Flat
4,candidate,engine/rocksdb/group_extrema/group_extrema/retract_half/16384/domain=16384/bytes=264/nulls=true,53,1.0,90744804.0,Flat
4,candidate,engine/rocksdb/group_extrema/group_extrema/retract_half/16384/domain=16384/bytes=264/nulls=true,54,1.0,91182889.0,Flat
4,candidate,engine/rocksdb/group_extrema/group_extrema/retract_half/16384/domain=16384/bytes=264/nulls=true,55,1.0,98007798.0,Flat
4,candidate,engine/rocksdb/group_extrema/group_extrema/retract_half/16384/domain=16384/bytes=264/nulls=true,56,1.0,88922140.0,Flat
4,candidate,engine/rocksdb/group_extrema/group_extrema/retract_half/16384/domain=16384/bytes=264/nulls=true,57,1.0,87792356.0,Flat
4,candidate,engine/rocksdb/group_extrema/group_extrema/retract_half/16384/domain=16384/bytes=264/nulls=true,58,1.0,86940736.0,Flat
4,candidate,engine/rocksdb/group_extrema/group_extrema/retract_half/16384/domain=16384/bytes=264/nulls=true,59,1.0,91531562.0,Flat
4,candidate,engine/rocksdb/group_extrema/group_extrema/retract_half/16384/domain=16384/bytes=264/nulls=true,60,1.0,89221878.0,Flat
4,candidate,engine/rocksdb/group_extrema/group_extrema/retract_half/16384/domain=16384/bytes=264/nulls=true,61,1.0,93658138.0,Flat
4,candidate,engine/rocksdb/group_extrema/group_extrema/retract_half/16384/domain=16384/bytes=264/nulls=true,62,1.0,88431274.0,Flat
4,candidate,engine/rocksdb/group_extrema/group_extrema/retract_half/16384/domain=16384/bytes=264/nulls=true,63,1.0,103056981.0,Flat
4,candidate,engine/rocksdb/group_extrema/group_extrema/retract_half/16384/domain=16384/bytes=264/nulls=true,64,1.0,115561626.0,Flat
4,candidate,engine/rocksdb/group_extrema/group_extrema/retract_half/16384/domain=16384/bytes=264/nulls=true,65,1.0,90160406.0,Flat
4,candidate,engine/rocksdb/group_extrema/group_extrema/retract_half/16384/domain=16384/bytes=264/nulls=true,66,1.0,96085800.0,Flat
4,candidate,engine/rocksdb/group_extrema/group_extrema/retract_half/16384/domain=16384/bytes=264/nulls=true,67,1.0,92006625.0,Flat
4,candidate,engine/rocksdb/group_extrema/group_extrema/retract_half/16384/domain=16384/bytes=264/nulls=true,68,1.0,90947261.0,Flat
4,candidate,engine/rocksdb/group_extrema/group_extrema/retract_half/16384/domain=16384/bytes=264/nulls=true,69,1.0,97145379.0,Flat
4,candidate,engine/rocksdb/group_extrema/group_extrema/retract_half/16384/domain=16384/bytes=264/nulls=true,70,1.0,91969569.0,Flat
4,candidate,engine/rocksdb/group_extrema/group_extrema/retract_half/16384/domain=16384/bytes=264/nulls=true,71,1.0,97571540.0,Flat
4,candidate,engine/rocksdb/group_extrema/group_extrema/retract_half/16384/domain=16384/bytes=264/nulls=true,72,1.0,93284143.0,Flat
4,candidate,engine/rocksdb/group_extrema/group_extrema/retract_half/16384/domain=16384/bytes=264/nulls=true,73,1.0,89659393.0,Flat
4,candidate,engine/rocksdb/group_extrema/group_extrema/retract_half/16384/domain=16384/bytes=264/nulls=true,74,1.0,86676345.0,Flat
4,candidate,engine/rocksdb/group_extrema/group_extrema/retract_half/16384/domain=16384/bytes=264/nulls=true,75,1.0,97668341.0,Flat
4,candidate,engine/rocksdb/group_extrema/group_extrema/retract_half/16384/domain=16384/bytes=264/nulls=true,76,1.0,90838026.0,Flat
4,candidate,engine/rocksdb/group_extrema/group_extrema/retract_half/16384/domain=16384/bytes=264/nulls=true,77,1.0,96895611.0,Flat
4,candidate,engine/rocksdb/group_extrema/group_extrema/retract_half/16384/domain=16384/bytes=264/nulls=true,78,1.0,85625514.0,Flat
4,candidate,engine/rocksdb/group_extrema/group_extrema/retract_half/16384/domain=16384/bytes=264/nulls=true,79,1.0,95482408.0,Flat
4,candidate,engine/rocksdb/group_extrema/group_extrema/retract_half/16384/domain=16384/bytes=264/nulls=true,80,1.0,87745469.0,Flat
4,candidate,engine/rocksdb/group_extrema/group_extrema/retract_half/16384/domain=16384/bytes=264/nulls=true,81,1.0,97195384.0,Flat
4,candidate,engine/rocksdb/group_extrema/group_extrema/retract_half/16384/domain=16384/bytes=264/nulls=true,82,1.0,90237342.0,Flat
4,candidate,engine/rocksdb/group_extrema/group_extrema/retract_half/16384/domain=16384/bytes=264/nulls=true,83,1.0,93836837.0,Flat
4,candidate,engine/rocksdb/group_extrema/group_extrema/retract_half/16384/domain=16384/bytes=264/nulls=true,84,1.0,95825824.0,Flat
4,candidate,engine/rocksdb/group_extrema/group_extrema/retract_half/16384/domain=16384/bytes=264/nulls=true,85,1.0,92924002.0,Flat
4,candidate,engine/rocksdb/group_extrema/group_extrema/retract_half/16384/domain=16384/bytes=264/nulls=true,86,1.0,94540172.0,Flat
4,candidate,engine/rocksdb/group_extrema/group_extrema/retract_half/16384/domain=16384/bytes=264/nulls=true,87,1.0,93965104.0,Flat
4,candidate,engine/rocksdb/group_extrema/group_extrema/retract_half/16384/domain=16384/bytes=264/nulls=true,88,1.0,92063514.0,Flat
4,candidate,engine/rocksdb/group_extrema/group_extrema/retract_half/16384/domain=16384/bytes=264/nulls=true,89,1.0,87268890.0,Flat
4,candidate,engine/rocksdb/group_extrema/group_extrema/retract_half/16384/domain=16384/bytes=264/nulls=true,90,1.0,96817184.0,Flat
4,candidate,engine/rocksdb/group_extrema/group_extrema/retract_half/16384/domain=16384/bytes=264/nulls=true,91,1.0,90038532.0,Flat
4,candidate,engine/rocksdb/group_extrema/group_extrema/retract_half/16384/domain=16384/bytes=264/nulls=true,92,1.0,99918144.0,Flat
4,candidate,engine/rocksdb/group_extrema/group_extrema/retract_half/16384/domain=16384/bytes=264/nulls=true,93,1.0,90388008.0,Flat
4,candidate,engine/rocksdb/group_extrema/group_extrema/retract_half/16384/domain=16384/bytes=264/nulls=true,94,1.0,95650884.0,Flat
4,candidate,engine/rocksdb/group_extrema/group_extrema/retract_half/16384/domain=16384/bytes=264/nulls=true,95,1.0,102135616.0,Flat
4,candidate,engine/rocksdb/group_extrema/group_extrema/retract_half/16384/domain=16384/bytes=264/nulls=true,96,1.0,92836636.0,Flat
4,candidate,engine/rocksdb/group_extrema/group_extrema/retract_half/16384/domain=16384/bytes=264/nulls=true,97,1.0,88109924.0,Flat
4,candidate,engine/rocksdb/group_extrema/group_extrema/retract_half/16384/domain=16384/bytes=264/nulls=true,98,1.0,96661326.0,Flat
4,candidate,engine/rocksdb/group_extrema/group_extrema/retract_half/16384/domain=16384/bytes=264/nulls=true,99,1.0,94179611.0,Flat
4,candidate,engine/rocksdb/group_extrema/group_extrema/retract_half/16384/domain=8/bytes=264/nulls=true,0,1.0,7547635.0,Flat
4,candidate,engine/rocksdb/group_extrema/group_extrema/retract_half/16384/domain=8/bytes=264/nulls=true,1,1.0,7353795.0,Flat
4,candidate,engine/rocksdb/group_extrema/group_extrema/retract_half/16384/domain=8/bytes=264/nulls=true,2,1.0,8843388.0,Flat
4,candidate,engine/rocksdb/group_extrema/group_extrema/retract_half/16384/domain=8/bytes=264/nulls=true,3,1.0,8103057.0,Flat
4,candidate,engine/rocksdb/group_extrema/group_extrema/retract_half/16384/domain=8/bytes=264/nulls=true,4,1.0,7724464.0,Flat
4,candidate,engine/rocksdb/group_extrema/group_extrema/retract_half/16384/domain=8/bytes=264/nulls=true,5,1.0,8144786.0,Flat
4,candidate,engine/rocksdb/group_extrema/group_extrema/retract_half/16384/domain=8/bytes=264/nulls=true,6,1.0,8439155.0,Flat
4,candidate,engine/rocksdb/group_extrema/group_extrema/retract_half/16384/domain=8/bytes=264/nulls=true,7,1.0,7638570.0,Flat
4,candidate,engine/rocksdb/group_extrema/group_extrema/retract_half/16384/domain=8/bytes=264/nulls=true,8,1.0,7834982.0,Flat
4,candidate,engine/rocksdb/group_extrema/group_extrema/retract_half/16384/domain=8/bytes=264/nulls=true,9,1.0,7911030.0,Flat
4,candidate,engine/rocksdb/group_extrema/group_extrema/retract_half/16384/domain=8/bytes=264/nulls=true,10,1.0,8710188.0,Flat
4,candidate,engine/rocksdb/group_extrema/group_extrema/retract_half/16384/domain=8/bytes=264/nulls=true,11,1.0,7916855.0,Flat
4,candidate,engine/rocksdb/group_extrema/group_extrema/retract_half/16384/domain=8/bytes=264/nulls=true,12,1.0,7510149.0,Flat
4,candidate,engine/rocksdb/group_extrema/group_extrema/retract_half/16384/domain=8/bytes=264/nulls=true,13,1.0,7890431.0,Flat
4,candidate,engine/rocksdb/group_extrema/group_extrema/retract_half/16384/domain=8/bytes=264/nulls=true,14,1.0,7516639.0,Flat
4,candidate,engine/rocksdb/group_extrema/group_extrema/retract_half/16384/domain=8/bytes=264/nulls=true,15,1.0,9630697.0,Flat
4,candidate,engine/rocksdb/group_extrema/group_extrema/retract_half/16384/domain=8/bytes=264/nulls=true,16,1.0,7294505.0,Flat
4,candidate,engine/rocksdb/group_extrema/group_extrema/retract_half/16384/domain=8/bytes=264/nulls=true,17,1.0,7664100.0,Flat
4,candidate,engine/rocksdb/group_extrema/group_extrema/retract_half/16384/domain=8/bytes=264/nulls=true,18,1.0,8559655.0,Flat
4,candidate,engine/rocksdb/group_extrema/group_extrema/retract_half/16384/domain=8/bytes=264/nulls=true,19,1.0,7799396.0,Flat
4,candidate,engine/rocksdb/group_extrema/group_extrema/retract_half/16384/domain=8/bytes=264/nulls=true,20,1.0,7640238.0,Flat
4,candidate,engine/rocksdb/group_extrema/group_extrema/retract_half/16384/domain=8/bytes=264/nulls=true,21,1.0,7134622.0,Flat
4,candidate,engine/rocksdb/group_extrema/group_extrema/retract_half/16384/domain=8/bytes=264/nulls=true,22,1.0,7654584.0,Flat
4,candidate,engine/rocksdb/group_extrema/group_extrema/retract_half/16384/domain=8/bytes=264/nulls=true,23,1.0,7672219.0,Flat
4,candidate,engine/rocksdb/group_extrema/group_extrema/retract_half/16384/domain=8/bytes=264/nulls=true,24,1.0,7534725.0,Flat
4,candidate,engine/rocksdb/group_extrema/group_extrema/retract_half/16384/domain=8/bytes=264/nulls=true,25,1.0,7675800.0,Flat
4,candidate,engine/rocksdb/group_extrema/group_extrema/retract_half/16384/domain=8/bytes=264/nulls=true,26,1.0,7762831.0,Flat
4,candidate,engine/rocksdb/group_extrema/group_extrema/retract_half/16384/domain=8/bytes=264/nulls=true,27,1.0,7611627.0,Flat
4,candidate,engine/rocksdb/group_extrema/group_extrema/retract_half/16384/domain=8/bytes=264/nulls=true,28,1.0,7700363.0,Flat
4,candidate,engine/rocksdb/group_extrema/group_extrema/retract_half/16384/domain=8/bytes=264/nulls=true,29,1.0,7913386.0,Flat
4,candidate,engine/rocksdb/group_extrema/group_extrema/retract_half/16384/domain=8/bytes=264/nulls=true,30,1.0,8244092.0,Flat
4,candidate,engine/rocksdb/group_extrema/group_extrema/retract_half/16384/domain=8/bytes=264/nulls=true,31,1.0,7523821.0,Flat
4,candidate,engine/rocksdb/group_extrema/group_extrema/retract_half/16384/domain=8/bytes=264/nulls=true,32,1.0,8112565.0,Flat
4,candidate,engine/rocksdb/group_extrema/group_extrema/retract_half/16384/domain=8/bytes=264/nulls=true,33,1.0,7685511.0,Flat
4,candidate,engine/rocksdb/group_extrema/group_extrema/retract_half/16384/domain=8/bytes=264/nulls=true,34,1.0,8904154.0,Flat
4,candidate,engine/rocksdb/group_extrema/group_extrema/retract_half/16384/domain=8/bytes=264/nulls=true,35,1.0,7611869.0,Flat
4,candidate,engine/rocksdb/group_extrema/group_extrema/retract_half/16384/domain=8/bytes=264/nulls=true,36,1.0,7936998.0,Flat
4,candidate,engine/rocksdb/group_extrema/group_extrema/retract_half/16384/domain=8/bytes=264/nulls=true,37,1.0,7463647.0,Flat
4,candidate,engine/rocksdb/group_extrema/group_extrema/retract_half/16384/domain=8/bytes=264/nulls=true,38,1.0,7415978.0,Flat
4,candidate,engine/rocksdb/group_extrema/group_extrema/retract_half/16384/domain=8/bytes=264/nulls=true,39,1.0,7321342.0,Flat
4,candidate,engine/rocksdb/group_extrema/group_extrema/retract_half/16384/domain=8/bytes=264/nulls=true,40,1.0,7863208.0,Flat
4,candidate,engine/rocksdb/group_extrema/group_extrema/retract_half/16384/domain=8/bytes=264/nulls=true,41,1.0,7663677.0,Flat
4,candidate,engine/rocksdb/group_extrema/group_extrema/retract_half/16384/domain=8/bytes=264/nulls=true,42,1.0,10181689.0,Flat
4,candidate,engine/rocksdb/group_extrema/group_extrema/retract_half/16384/domain=8/bytes=264/nulls=true,43,1.0,8723015.0,Flat
4,candidate,engine/rocksdb/group_extrema/group_extrema/retract_half/16384/domain=8/bytes=264/nulls=true,44,1.0,7783374.0,Flat
4,candidate,engine/rocksdb/group_extrema/group_extrema/retract_half/16384/domain=8/bytes=264/nulls=true,45,1.0,7641547.0,Flat
4,candidate,engine/rocksdb/group_extrema/group_extrema/retract_half/16384/domain=8/bytes=264/nulls=true,46,1.0,8296481.0,Flat
4,candidate,engine/rocksdb/group_extrema/group_extrema/retract_half/16384/domain=8/bytes=264/nulls=true,47,1.0,7928067.0,Flat
4,candidate,engine/rocksdb/group_extrema/group_extrema/retract_half/16384/domain=8/bytes=264/nulls=true,48,1.0,7431032.0,Flat
4,candidate,engine/rocksdb/group_extrema/group_extrema/retract_half/16384/domain=8/bytes=264/nulls=true,49,1.0,7635362.0,Flat
4,candidate,engine/rocksdb/group_extrema/group_extrema/retract_half/16384/domain=8/bytes=264/nulls=true,50,1.0,7531132.0,Flat
4,candidate,engine/rocksdb/group_extrema/group_extrema/retract_half/16384/domain=8/bytes=264/nulls=true,51,1.0,7834269.0,Flat
4,candidate,engine/rocksdb/group_extrema/group_extrema/retract_half/16384/domain=8/bytes=264/nulls=true,52,1.0,7970995.0,Flat
4,candidate,engine/rocksdb/group_extrema/group_extrema/retract_half/16384/domain=8/bytes=264/nulls=true,53,1.0,8017812.0,Flat
4,candidate,engine/rocksdb/group_extrema/group_extrema/retract_half/16384/domain=8/bytes=264/nulls=true,54,1.0,7575309.0,Flat
4,candidate,engine/rocksdb/group_extrema/group_extrema/retract_half/16384/domain=8/bytes=264/nulls=true,55,1.0,7939860.0,Flat
4,candidate,engine/rocksdb/group_extrema/group_extrema/retract_half/16384/domain=8/bytes=264/nulls=true,56,1.0,7684834.0,Flat
4,candidate,engine/rocksdb/group_extrema/group_extrema/retract_half/16384/domain=8/bytes=264/nulls=true,57,1.0,8003359.0,Flat
4,candidate,engine/rocksdb/group_extrema/group_extrema/retract_half/16384/domain=8/bytes=264/nulls=true,58,1.0,8105099.0,Flat
4,candidate,engine/rocksdb/group_extrema/group_extrema/retract_half/16384/domain=8/bytes=264/nulls=true,59,1.0,7885819.0,Flat
4,candidate,engine/rocksdb/group_extrema/group_extrema/retract_half/16384/domain=8/bytes=264/nulls=true,60,1.0,7610068.0,Flat
4,candidate,engine/rocksdb/group_extrema/group_extrema/retract_half/16384/domain=8/bytes=264/nulls=true,61,1.0,8337972.0,Flat
4,candidate,engine/rocksdb/group_extrema/group_extrema/retract_half/16384/domain=8/bytes=264/nulls=true,62,1.0,7623331.0,Flat
4,candidate,engine/rocksdb/group_extrema/group_extrema/retract_half/16384/domain=8/bytes=264/nulls=true,63,1.0,7378275.0,Flat
4,candidate,engine/rocksdb/group_extrema/group_extrema/retract_half/16384/domain=8/bytes=264/nulls=true,64,1.0,8302141.0,Flat
4,candidate,engine/rocksdb/group_extrema/group_extrema/retract_half/16384/domain=8/bytes=264/nulls=true,65,1.0,7306608.0,Flat
4,candidate,engine/rocksdb/group_extrema/group_extrema/retract_half/16384/domain=8/bytes=264/nulls=true,66,1.0,7490157.0,Flat
4,candidate,engine/rocksdb/group_extrema/group_extrema/retract_half/16384/domain=8/bytes=264/nulls=true,67,1.0,8249490.0,Flat
4,candidate,engine/rocksdb/group_extrema/group_extrema/retract_half/16384/domain=8/bytes=264/nulls=true,68,1.0,7466743.0,Flat
4,candidate,engine/rocksdb/group_extrema/group_extrema/retract_half/16384/domain=8/bytes=264/nulls=true,69,1.0,7454691.0,Flat
4,candidate,engine/rocksdb/group_extrema/group_extrema/retract_half/16384/domain=8/bytes=264/nulls=true,70,1.0,7544216.0,Flat
4,candidate,engine/rocksdb/group_extrema/group_extrema/retract_half/16384/domain=8/bytes=264/nulls=true,71,1.0,7376924.0,Flat
4,candidate,engine/rocksdb/group_extrema/group_extrema/retract_half/16384/domain=8/bytes=264/nulls=true,72,1.0,8452174.0,Flat
4,candidate,engine/rocksdb/group_extrema/group_extrema/retract_half/16384/domain=8/bytes=264/nulls=true,73,1.0,7406801.0,Flat
4,candidate,engine/rocksdb/group_extrema/group_extrema/retract_half/16384/domain=8/bytes=264/nulls=true,74,1.0,7741726.0,Flat
4,candidate,engine/rocksdb/group_extrema/group_extrema/retract_half/16384/domain=8/bytes=264/nulls=true,75,1.0,7840794.0,Flat
4,candidate,engine/rocksdb/group_extrema/group_extrema/retract_half/16384/domain=8/bytes=264/nulls=true,76,1.0,9984522.0,Flat
4,candidate,engine/rocksdb/group_extrema/group_extrema/retract_half/16384/domain=8/bytes=264/nulls=true,77,1.0,7611124.0,Flat
4,candidate,engine/rocksdb/group_extrema/group_extrema/retract_half/16384/domain=8/bytes=264/nulls=true,78,1.0,7974155.0,Flat
4,candidate,engine/rocksdb/group_extrema/group_extrema/retract_half/16384/domain=8/bytes=264/nulls=true,79,1.0,7507090.0,Flat
4,candidate,engine/rocksdb/group_extrema/group_extrema/retract_half/16384/domain=8/bytes=264/nulls=true,80,1.0,7248503.0,Flat
4,candidate,engine/rocksdb/group_extrema/group_extrema/retract_half/16384/domain=8/bytes=264/nulls=true,81,1.0,7933843.0,Flat
4,candidate,engine/rocksdb/group_extrema/group_extrema/retract_half/16384/domain=8/bytes=264/nulls=true,82,1.0,10888184.0,Flat
4,candidate,engine/rocksdb/group_extrema/group_extrema/retract_half/16384/domain=8/bytes=264/nulls=true,83,1.0,7358838.0,Flat
4,candidate,engine/rocksdb/group_extrema/group_extrema/retract_half/16384/domain=8/bytes=264/nulls=true,84,1.0,7732256.0,Flat
4,candidate,engine/rocksdb/group_extrema/group_extrema/retract_half/16384/domain=8/bytes=264/nulls=true,85,1.0,8762616.0,Flat
4,candidate,engine/rocksdb/group_extrema/group_extrema/retract_half/16384/domain=8/bytes=264/nulls=true,86,1.0,7551421.0,Flat
4,candidate,engine/rocksdb/group_extrema/group_extrema/retract_half/16384/domain=8/bytes=264/nulls=true,87,1.0,7643078.0,Flat
4,candidate,engine/rocksdb/group_extrema/group_extrema/retract_half/16384/domain=8/bytes=264/nulls=true,88,1.0,7542454.0,Flat
4,candidate,engine/rocksdb/group_extrema/group_extrema/retract_half/16384/domain=8/bytes=264/nulls=true,89,1.0,7938739.0,Flat
4,candidate,engine/rocksdb/group_extrema/group_extrema/retract_half/16384/domain=8/bytes=264/nulls=true,90,1.0,8318147.0,Flat
4,candidate,engine/rocksdb/group_extrema/group_extrema/retract_half/16384/domain=8/bytes=264/nulls=true,91,1.0,8052686.0,Flat
4,candidate,engine/rocksdb/group_extrema/group_extrema/retract_half/16384/domain=8/bytes=264/nulls=true,92,1.0,7584710.0,Flat
4,candidate,engine/rocksdb/group_extrema/group_extrema/retract_half/16384/domain=8/bytes=264/nulls=true,93,1.0,7703570.0,Flat
4,candidate,engine/rocksdb/group_extrema/group_extrema/retract_half/16384/domain=8/bytes=264/nulls=true,94,1.0,7798557.0,Flat
4,candidate,engine/rocksdb/group_extrema/group_extrema/retract_half/16384/domain=8/bytes=264/nulls=true,95,1.0,7693713.0,Flat
4,candidate,engine/rocksdb/group_extrema/group_extrema/retract_half/16384/domain=8/bytes=264/nulls=true,96,1.0,8066842.0,Flat
4,candidate,engine/rocksdb/group_extrema/group_extrema/retract_half/16384/domain=8/bytes=264/nulls=true,97,1.0,7970091.0,Flat
4,candidate,engine/rocksdb/group_extrema/group_extrema/retract_half/16384/domain=8/bytes=264/nulls=true,98,1.0,8505539.0,Flat
4,candidate,engine/rocksdb/group_extrema/group_extrema/retract_half/16384/domain=8/bytes=264/nulls=true,99,1.0,7964325.0,Flat
