round,variant,case,sample,elapsed_ns,iterations,ns_per_iteration
0,candidate,hyperbolic_typed_expressions/i64/sinh/16384/nulls=false/offset=0/fused,0,5005814.0,42.0,119186.04761904762
0,candidate,hyperbolic_typed_expressions/i64/sinh/16384/nulls=false/offset=0/fused,1,11237682.0,84.0,133781.92857142858
0,candidate,hyperbolic_typed_expressions/i64/sinh/16384/nulls=false/offset=0/fused,2,14643641.0,126.0,116219.37301587302
0,candidate,hyperbolic_typed_expressions/i64/sinh/16384/nulls=false/offset=0/fused,3,19165783.0,168.0,114082.04166666667
0,candidate,hyperbolic_typed_expressions/i64/sinh/16384/nulls=false/offset=0/fused,4,24135081.0,210.0,114928.95714285714
0,candidate,hyperbolic_typed_expressions/i64/sinh/16384/nulls=false/offset=0/fused,5,28769617.0,252.0,114165.14682539682
0,candidate,hyperbolic_typed_expressions/i64/sinh/16384/nulls=false/offset=0/fused,6,34100476.0,294.0,115988.01360544217
0,candidate,hyperbolic_typed_expressions/i64/sinh/16384/nulls=false/offset=0/fused,7,38307343.0,336.0,114009.94940476191
0,candidate,hyperbolic_typed_expressions/i64/sinh/16384/nulls=false/offset=0/fused,8,44116456.0,378.0,116710.20105820106
0,candidate,hyperbolic_typed_expressions/i64/sinh/16384/nulls=false/offset=0/fused,9,48013490.0,420.0,114317.83333333333
0,candidate,hyperbolic_typed_expressions/i64/sinh/16384/nulls=false/offset=0/fused,10,53284330.0,462.0,115334.04761904762
0,candidate,hyperbolic_typed_expressions/i64/sinh/16384/nulls=false/offset=0/fused,11,60003130.0,504.0,119053.82936507936
0,candidate,hyperbolic_typed_expressions/i64/sinh/16384/nulls=false/offset=0/fused,12,62775826.0,546.0,114974.04029304029
0,candidate,hyperbolic_typed_expressions/i64/sinh/16384/nulls=false/offset=0/fused,13,67084118.0,588.0,114088.63605442178
0,candidate,hyperbolic_typed_expressions/i64/sinh/16384/nulls=false/offset=0/fused,14,73532219.0,630.0,116717.80793650793
0,candidate,hyperbolic_typed_expressions/i64/sinh/16384/nulls=false/offset=0/fused,15,77193532.0,672.0,114871.32738095238
0,candidate,hyperbolic_typed_expressions/i64/sinh/16384/nulls=false/offset=0/fused,16,82270592.0,714.0,115224.918767507
0,candidate,hyperbolic_typed_expressions/i64/sinh/16384/nulls=false/offset=0/fused,17,86711785.0,756.0,114698.12830687831
0,candidate,hyperbolic_typed_expressions/i64/sinh/16384/nulls=false/offset=0/fused,18,92634860.0,798.0,116083.78446115289
0,candidate,hyperbolic_typed_expressions/i64/sinh/16384/nulls=false/offset=0/fused,19,96338371.0,840.0,114688.5369047619
0,candidate,hyperbolic_typed_expressions/i16/sinh/16384/nulls=false/offset=0/fused,0,4745289.0,40.0,118632.225
0,candidate,hyperbolic_typed_expressions/i16/sinh/16384/nulls=false/offset=0/fused,1,9536435.0,80.0,119205.4375
0,candidate,hyperbolic_typed_expressions/i16/sinh/16384/nulls=false/offset=0/fused,2,14363686.0,120.0,119697.38333333333
0,candidate,hyperbolic_typed_expressions/i16/sinh/16384/nulls=false/offset=0/fused,3,19637905.0,160.0,122736.90625
0,candidate,hyperbolic_typed_expressions/i16/sinh/16384/nulls=false/offset=0/fused,4,24127991.0,200.0,120639.955
0,candidate,hyperbolic_typed_expressions/i16/sinh/16384/nulls=false/offset=0/fused,5,28525826.0,240.0,118857.60833333334
0,candidate,hyperbolic_typed_expressions/i16/sinh/16384/nulls=false/offset=0/fused,6,34727499.0,280.0,124026.78214285715
0,candidate,hyperbolic_typed_expressions/i16/sinh/16384/nulls=false/offset=0/fused,7,43779247.0,320.0,136810.146875
0,candidate,hyperbolic_typed_expressions/i16/sinh/16384/nulls=false/offset=0/fused,8,45089480.0,360.0,125248.55555555556
0,candidate,hyperbolic_typed_expressions/i16/sinh/16384/nulls=false/offset=0/fused,9,49301908.0,400.0,123254.77
0,candidate,hyperbolic_typed_expressions/i16/sinh/16384/nulls=false/offset=0/fused,10,56492379.0,440.0,128391.77045454546
0,candidate,hyperbolic_typed_expressions/i16/sinh/16384/nulls=false/offset=0/fused,11,61974670.0,480.0,129113.89583333333
0,candidate,hyperbolic_typed_expressions/i16/sinh/16384/nulls=false/offset=0/fused,12,63703378.0,520.0,122506.49615384615
0,candidate,hyperbolic_typed_expressions/i16/sinh/16384/nulls=false/offset=0/fused,13,68491458.0,560.0,122306.175
0,candidate,hyperbolic_typed_expressions/i16/sinh/16384/nulls=false/offset=0/fused,14,71611918.0,600.0,119353.19666666667
0,candidate,hyperbolic_typed_expressions/i16/sinh/16384/nulls=false/offset=0/fused,15,77691023.0,640.0,121392.2234375
0,candidate,hyperbolic_typed_expressions/i16/sinh/16384/nulls=false/offset=0/fused,16,81998672.0,680.0,120586.28235294118
0,candidate,hyperbolic_typed_expressions/i16/sinh/16384/nulls=false/offset=0/fused,17,87178826.0,720.0,121081.70277777778
0,candidate,hyperbolic_typed_expressions/i16/sinh/16384/nulls=false/offset=0/fused,18,91114680.0,760.0,119887.73684210527
0,candidate,hyperbolic_typed_expressions/i16/sinh/16384/nulls=false/offset=0/fused,19,96204136.0,800.0,120255.17
0,candidate,hyperbolic_typed_expressions/i32/tanh/16384/nulls=false/offset=0/fused,0,4654025.0,76.0,61237.17105263158
0,candidate,hyperbolic_typed_expressions/i32/tanh/16384/nulls=false/offset=0/fused,1,9687023.0,152.0,63730.41447368421
0,candidate,hyperbolic_typed_expressions/i32/tanh/16384/nulls=false/offset=0/fused,2,14095361.0,228.0,61821.758771929824
0,candidate,hyperbolic_typed_expressions/i32/tanh/16384/nulls=false/offset=0/fused,3,18963686.0,304.0,62380.54605263158
0,candidate,hyperbolic_typed_expressions/i32/tanh/16384/nulls=false/offset=0/fused,4,23551253.0,380.0,61976.981578947365
0,candidate,hyperbolic_typed_expressions/i32/tanh/16384/nulls=false/offset=0/fused,5,28214658.0,456.0,61874.25
0,candidate,hyperbolic_typed_expressions/i32/tanh/16384/nulls=false/offset=0/fused,6,33545302.0,532.0,63055.07894736842
0,candidate,hyperbolic_typed_expressions/i32/tanh/16384/nulls=false/offset=0/fused,7,38196442.0,608.0,62823.09539473684
0,candidate,hyperbolic_typed_expressions/i32/tanh/16384/nulls=false/offset=0/fused,8,42762562.0,684.0,62518.365497076025
0,candidate,hyperbolic_typed_expressions/i32/tanh/16384/nulls=false/offset=0/fused,9,46938861.0,760.0,61761.65921052632
0,candidate,hyperbolic_typed_expressions/i32/tanh/16384/nulls=false/offset=0/fused,10,52733296.0,836.0,63078.10526315789
0,candidate,hyperbolic_typed_expressions/i32/tanh/16384/nulls=false/offset=0/fused,11,57215306.0,912.0,62736.08114035088
0,candidate,hyperbolic_typed_expressions/i32/tanh/16384/nulls=false/offset=0/fused,12,60927456.0,988.0,61667.465587044535
0,candidate,hyperbolic_typed_expressions/i32/tanh/16384/nulls=false/offset=0/fused,13,66281298.0,1064.0,62294.453007518794
0,candidate,hyperbolic_typed_expressions/i32/tanh/16384/nulls=false/offset=0/fused,14,70920219.0,1140.0,62210.71842105263
0,candidate,hyperbolic_typed_expressions/i32/tanh/16384/nulls=false/offset=0/fused,15,75641948.0,1216.0,62205.54934210526
0,candidate,hyperbolic_typed_expressions/i32/tanh/16384/nulls=false/offset=0/fused,16,80756943.0,1292.0,62505.37383900929
0,candidate,hyperbolic_typed_expressions/i32/tanh/16384/nulls=false/offset=0/fused,17,85524570.0,1368.0,62517.96052631579
0,candidate,hyperbolic_typed_expressions/i32/tanh/16384/nulls=false/offset=0/fused,18,89814752.0,1444.0,62198.581717451525
0,candidate,hyperbolic_typed_expressions/i32/tanh/16384/nulls=false/offset=0/fused,19,95137424.0,1520.0,62590.41052631579
0,candidate,hyperbolic_typed_expressions/i8/cosh/16384/nulls=false/offset=0/fused,0,5086620.0,44.0,115605.0
0,candidate,hyperbolic_typed_expressions/i8/cosh/16384/nulls=false/offset=0/fused,1,9659951.0,88.0,109772.17045454546
0,candidate,hyperbolic_typed_expressions/i8/cosh/16384/nulls=false/offset=0/fused,2,14164516.0,132.0,107306.93939393939
0,candidate,hyperbolic_typed_expressions/i8/cosh/16384/nulls=false/offset=0/fused,3,19093872.0,176.0,108487.90909090909
0,candidate,hyperbolic_typed_expressions/i8/cosh/16384/nulls=false/offset=0/fused,4,23708997.0,220.0,107768.16818181818
0,candidate,hyperbolic_typed_expressions/i8/cosh/16384/nulls=false/offset=0/fused,5,28548009.0,264.0,108136.39772727272
0,candidate,hyperbolic_typed_expressions/i8/cosh/16384/nulls=false/offset=0/fused,6,33834717.0,308.0,109852.97727272728
0,candidate,hyperbolic_typed_expressions/i8/cosh/16384/nulls=false/offset=0/fused,7,38597860.0,352.0,109653.01136363637
0,candidate,hyperbolic_typed_expressions/i8/cosh/16384/nulls=false/offset=0/fused,8,43086145.0,396.0,108803.39646464646
0,candidate,hyperbolic_typed_expressions/i8/cosh/16384/nulls=false/offset=0/fused,9,47424936.0,440.0,107783.94545454545
0,candidate,hyperbolic_typed_expressions/i8/cosh/16384/nulls=false/offset=0/fused,10,52851953.0,484.0,109198.25
0,candidate,hyperbolic_typed_expressions/i8/cosh/16384/nulls=false/offset=0/fused,11,58117675.0,528.0,110071.35416666667
0,candidate,hyperbolic_typed_expressions/i8/cosh/16384/nulls=false/offset=0/fused,12,63015613.0,572.0,110167.15559440559
0,candidate,hyperbolic_typed_expressions/i8/cosh/16384/nulls=false/offset=0/fused,13,67343718.0,616.0,109324.21753246753
0,candidate,hyperbolic_typed_expressions/i8/cosh/16384/nulls=false/offset=0/fused,14,73736799.0,660.0,111722.42272727273
0,candidate,hyperbolic_typed_expressions/i8/cosh/16384/nulls=false/offset=0/fused,15,76638375.0,704.0,108861.328125
0,candidate,hyperbolic_typed_expressions/i8/cosh/16384/nulls=false/offset=0/fused,16,82756879.0,748.0,110637.53877005348
0,candidate,hyperbolic_typed_expressions/i8/cosh/16384/nulls=false/offset=0/fused,17,87061704.0,792.0,109926.39393939394
0,candidate,hyperbolic_typed_expressions/i8/cosh/16384/nulls=false/offset=0/fused,18,93005367.0,836.0,111250.43899521531
0,candidate,hyperbolic_typed_expressions/i8/cosh/16384/nulls=false/offset=0/fused,19,98593196.0,880.0,112037.72272727273
0,candidate,hyperbolic_typed_expressions/f32/cosh/16384/nulls=false/offset=0/fused,0,4823845.0,45.0,107196.55555555556
0,candidate,hyperbolic_typed_expressions/f32/cosh/16384/nulls=false/offset=0/fused,1,9502163.0,90.0,105579.58888888889
0,candidate,hyperbolic_typed_expressions/f32/cosh/16384/nulls=false/offset=0/fused,2,14287606.0,135.0,105834.11851851852
0,candidate,hyperbolic_typed_expressions/f32/cosh/16384/nulls=false/offset=0/fused,3,19646690.0,180.0,109148.27777777778
0,candidate,hyperbolic_typed_expressions/f32/cosh/16384/nulls=false/offset=0/fused,4,23817465.0,225.0,105855.4
0,candidate,hyperbolic_typed_expressions/f32/cosh/16384/nulls=false/offset=0/fused,5,28828173.0,270.0,106771.01111111112
0,candidate,hyperbolic_typed_expressions/f32/cosh/16384/nulls=false/offset=0/fused,6,33429515.0,315.0,106125.44444444444
0,candidate,hyperbolic_typed_expressions/f32/cosh/16384/nulls=false/offset=0/fused,7,38408773.0,360.0,106691.03611111111
0,candidate,hyperbolic_typed_expressions/f32/cosh/16384/nulls=false/offset=0/fused,8,43222066.0,405.0,106721.15061728394
0,candidate,hyperbolic_typed_expressions/f32/cosh/16384/nulls=false/offset=0/fused,9,48207639.0,450.0,107128.08666666667
0,candidate,hyperbolic_typed_expressions/f32/cosh/16384/nulls=false/offset=0/fused,10,52415623.0,495.0,105890.14747474747
0,candidate,hyperbolic_typed_expressions/f32/cosh/16384/nulls=false/offset=0/fused,11,57659795.0,540.0,106777.39814814815
0,candidate,hyperbolic_typed_expressions/f32/cosh/16384/nulls=false/offset=0/fused,12,62345635.0,585.0,106573.73504273505
0,candidate,hyperbolic_typed_expressions/f32/cosh/16384/nulls=false/offset=0/fused,13,67501245.0,630.0,107144.83333333333
0,candidate,hyperbolic_typed_expressions/f32/cosh/16384/nulls=false/offset=0/fused,14,71683189.0,675.0,106197.31703703704
0,candidate,hyperbolic_typed_expressions/f32/cosh/16384/nulls=false/offset=0/fused,15,76750680.0,720.0,106598.16666666667
0,candidate,hyperbolic_typed_expressions/f32/cosh/16384/nulls=false/offset=0/fused,16,82786653.0,765.0,108217.84705882354
0,candidate,hyperbolic_typed_expressions/f32/cosh/16384/nulls=false/offset=0/fused,17,87099281.0,810.0,107529.97654320988
0,candidate,hyperbolic_typed_expressions/f32/cosh/16384/nulls=false/offset=0/fused,18,92582484.0,855.0,108283.60701754387
0,candidate,hyperbolic_typed_expressions/f32/cosh/16384/nulls=false/offset=0/fused,19,96078989.0,900.0,106754.43222222223
0,candidate,hyperbolic_typed_expressions/i16/tanh/16384/nulls=false/offset=0/fused,0,4764401.0,76.0,62689.48684210526
0,candidate,hyperbolic_typed_expressions/i16/tanh/16384/nulls=false/offset=0/fused,1,9433278.0,152.0,62061.03947368421
0,candidate,hyperbolic_typed_expressions/i16/tanh/16384/nulls=false/offset=0/fused,2,14126544.0,228.0,61958.52631578947
0,candidate,hyperbolic_typed_expressions/i16/tanh/16384/nulls=false/offset=0/fused,3,18832400.0,304.0,61948.68421052631
0,candidate,hyperbolic_typed_expressions/i16/tanh/16384/nulls=false/offset=0/fused,4,23496185.0,380.0,61832.06578947369
0,candidate,hyperbolic_typed_expressions/i16/tanh/16384/nulls=false/offset=0/fused,5,28159130.0,456.0,61752.478070175435
0,candidate,hyperbolic_typed_expressions/i16/tanh/16384/nulls=false/offset=0/fused,6,33025022.0,532.0,62077.10902255639
0,candidate,hyperbolic_typed_expressions/i16/tanh/16384/nulls=false/offset=0/fused,7,38938317.0,608.0,64043.28453947369
0,candidate,hyperbolic_typed_expressions/i16/tanh/16384/nulls=false/offset=0/fused,8,44960075.0,684.0,65731.1038011696
0,candidate,hyperbolic_typed_expressions/i16/tanh/16384/nulls=false/offset=0/fused,9,47774325.0,760.0,62860.95394736842
0,candidate,hyperbolic_typed_expressions/i16/tanh/16384/nulls=false/offset=0/fused,10,52292110.0,836.0,62550.37081339713
0,candidate,hyperbolic_typed_expressions/i16/tanh/16384/nulls=false/offset=0/fused,11,56783497.0,912.0,62262.60635964912
0,candidate,hyperbolic_typed_expressions/i16/tanh/16384/nulls=false/offset=0/fused,12,61121028.0,988.0,61863.38866396761
0,candidate,hyperbolic_typed_expressions/i16/tanh/16384/nulls=false/offset=0/fused,13,66272042.0,1064.0,62285.753759398496
0,candidate,hyperbolic_typed_expressions/i16/tanh/16384/nulls=false/offset=0/fused,14,71908483.0,1140.0,63077.61666666667
0,candidate,hyperbolic_typed_expressions/i16/tanh/16384/nulls=false/offset=0/fused,15,75200906.0,1216.0,61842.85032894737
0,candidate,hyperbolic_typed_expressions/i16/tanh/16384/nulls=false/offset=0/fused,16,81302968.0,1292.0,62927.993808049534
0,candidate,hyperbolic_typed_expressions/i16/tanh/16384/nulls=false/offset=0/fused,17,85717944.0,1368.0,62659.31578947369
0,candidate,hyperbolic_typed_expressions/i16/tanh/16384/nulls=false/offset=0/fused,18,92334907.0,1444.0,63943.84141274238
0,candidate,hyperbolic_typed_expressions/i16/tanh/16384/nulls=false/offset=0/fused,19,95717351.0,1520.0,62971.94144736842
0,candidate,hyperbolic_typed_expressions/i32/sinh/16384/nulls=false/offset=0/fused,0,4670799.0,40.0,116769.975
0,candidate,hyperbolic_typed_expressions/i32/sinh/16384/nulls=false/offset=0/fused,1,9353759.0,80.0,116921.9875
0,candidate,hyperbolic_typed_expressions/i32/sinh/16384/nulls=false/offset=0/fused,2,13966134.0,120.0,116384.45
0,candidate,hyperbolic_typed_expressions/i32/sinh/16384/nulls=false/offset=0/fused,3,18677525.0,160.0,116734.53125
0,candidate,hyperbolic_typed_expressions/i32/sinh/16384/nulls=false/offset=0/fused,4,24654853.0,200.0,123274.265
0,candidate,hyperbolic_typed_expressions/i32/sinh/16384/nulls=false/offset=0/fused,5,28399190.0,240.0,118329.95833333333
0,candidate,hyperbolic_typed_expressions/i32/sinh/16384/nulls=false/offset=0/fused,6,32963611.0,280.0,117727.18214285714
0,candidate,hyperbolic_typed_expressions/i32/sinh/16384/nulls=false/offset=0/fused,7,38613267.0,320.0,120666.459375
0,candidate,hyperbolic_typed_expressions/i32/sinh/16384/nulls=false/offset=0/fused,8,42593902.0,360.0,118316.39444444445
0,candidate,hyperbolic_typed_expressions/i32/sinh/16384/nulls=false/offset=0/fused,9,48160145.0,400.0,120400.3625
0,candidate,hyperbolic_typed_expressions/i32/sinh/16384/nulls=false/offset=0/fused,10,52121626.0,440.0,118458.2409090909
0,candidate,hyperbolic_typed_expressions/i32/sinh/16384/nulls=false/offset=0/fused,11,56801824.0,480.0,118337.13333333333
0,candidate,hyperbolic_typed_expressions/i32/sinh/16384/nulls=false/offset=0/fused,12,61824395.0,520.0,118893.06730769231
0,candidate,hyperbolic_typed_expressions/i32/sinh/16384/nulls=false/offset=0/fused,13,68431737.0,560.0,122199.53035714285
0,candidate,hyperbolic_typed_expressions/i32/sinh/16384/nulls=false/offset=0/fused,14,72011562.0,600.0,120019.27
0,candidate,hyperbolic_typed_expressions/i32/sinh/16384/nulls=false/offset=0/fused,15,75769340.0,640.0,118389.59375
0,candidate,hyperbolic_typed_expressions/i32/sinh/16384/nulls=false/offset=0/fused,16,80641583.0,680.0,118590.56323529412
0,candidate,hyperbolic_typed_expressions/i32/sinh/16384/nulls=false/offset=0/fused,17,84973138.0,720.0,118018.24722222223
0,candidate,hyperbolic_typed_expressions/i32/sinh/16384/nulls=false/offset=0/fused,18,90243967.0,760.0,118742.06184210526
0,candidate,hyperbolic_typed_expressions/i32/sinh/16384/nulls=false/offset=0/fused,19,94269233.0,800.0,117836.54125
0,candidate,hyperbolic_typed_expressions/i16/cosh/16384/nulls=false/offset=0/fused,0,5356143.0,44.0,121730.52272727272
0,candidate,hyperbolic_typed_expressions/i16/cosh/16384/nulls=false/offset=0/fused,1,9630062.0,88.0,109432.52272727272
0,candidate,hyperbolic_typed_expressions/i16/cosh/16384/nulls=false/offset=0/fused,2,14247573.0,132.0,107936.15909090909
0,candidate,hyperbolic_typed_expressions/i16/cosh/16384/nulls=false/offset=0/fused,3,19385029.0,176.0,110142.21022727272
0,candidate,hyperbolic_typed_expressions/i16/cosh/16384/nulls=false/offset=0/fused,4,26390040.0,220.0,119954.72727272728
0,candidate,hyperbolic_typed_expressions/i16/cosh/16384/nulls=false/offset=0/fused,5,28755933.0,264.0,108923.98863636363
0,candidate,hyperbolic_typed_expressions/i16/cosh/16384/nulls=false/offset=0/fused,6,33688079.0,308.0,109376.87987012987
0,candidate,hyperbolic_typed_expressions/i16/cosh/16384/nulls=false/offset=0/fused,7,38447416.0,352.0,109225.61363636363
0,candidate,hyperbolic_typed_expressions/i16/cosh/16384/nulls=false/offset=0/fused,8,42155216.0,396.0,106452.56565656565
0,candidate,hyperbolic_typed_expressions/i16/cosh/16384/nulls=false/offset=0/fused,9,47578840.0,440.0,108133.72727272728
0,candidate,hyperbolic_typed_expressions/i16/cosh/16384/nulls=false/offset=0/fused,10,52090690.0,484.0,107625.39256198348
0,candidate,hyperbolic_typed_expressions/i16/cosh/16384/nulls=false/offset=0/fused,11,57863549.0,528.0,109590.05492424243
0,candidate,hyperbolic_typed_expressions/i16/cosh/16384/nulls=false/offset=0/fused,12,61774612.0,572.0,107997.57342657342
0,candidate,hyperbolic_typed_expressions/i16/cosh/16384/nulls=false/offset=0/fused,13,66619007.0,616.0,108147.73863636363
0,candidate,hyperbolic_typed_expressions/i16/cosh/16384/nulls=false/offset=0/fused,14,70861921.0,660.0,107366.54696969697
0,candidate,hyperbolic_typed_expressions/i16/cosh/16384/nulls=false/offset=0/fused,15,77584102.0,704.0,110204.69034090909
0,candidate,hyperbolic_typed_expressions/i16/cosh/16384/nulls=false/offset=0/fused,16,80561104.0,748.0,107702.01069518717
0,candidate,hyperbolic_typed_expressions/i16/cosh/16384/nulls=false/offset=0/fused,17,85765648.0,792.0,108289.95959595959
0,candidate,hyperbolic_typed_expressions/i16/cosh/16384/nulls=false/offset=0/fused,18,90149997.0,836.0,107834.92464114832
0,candidate,hyperbolic_typed_expressions/i16/cosh/16384/nulls=false/offset=0/fused,19,94755426.0,880.0,107676.62045454545
0,candidate,hyperbolic_typed_expressions/i8/sinh/16384/nulls=false/offset=0/fused,0,4704217.0,39.0,120620.94871794872
0,candidate,hyperbolic_typed_expressions/i8/sinh/16384/nulls=false/offset=0/fused,1,9671446.0,78.0,123992.89743589744
0,candidate,hyperbolic_typed_expressions/i8/sinh/16384/nulls=false/offset=0/fused,2,14091836.0,117.0,120443.04273504273
0,candidate,hyperbolic_typed_expressions/i8/sinh/16384/nulls=false/offset=0/fused,3,18760393.0,156.0,120258.92948717948
0,candidate,hyperbolic_typed_expressions/i8/sinh/16384/nulls=false/offset=0/fused,4,23419913.0,195.0,120102.11794871795
0,candidate,hyperbolic_typed_expressions/i8/sinh/16384/nulls=false/offset=0/fused,5,28390131.0,234.0,121325.34615384616
0,candidate,hyperbolic_typed_expressions/i8/sinh/16384/nulls=false/offset=0/fused,6,33433675.0,273.0,122467.673992674
0,candidate,hyperbolic_typed_expressions/i8/sinh/16384/nulls=false/offset=0/fused,7,38089235.0,312.0,122080.8814102564
0,candidate,hyperbolic_typed_expressions/i8/sinh/16384/nulls=false/offset=0/fused,8,43159531.0,351.0,122961.62678062679
0,candidate,hyperbolic_typed_expressions/i8/sinh/16384/nulls=false/offset=0/fused,9,48202758.0,390.0,123596.81538461539
0,candidate,hyperbolic_typed_expressions/i8/sinh/16384/nulls=false/offset=0/fused,10,51138999.0,429.0,119205.12587412588
0,candidate,hyperbolic_typed_expressions/i8/sinh/16384/nulls=false/offset=0/fused,11,55989873.0,468.0,119636.48076923077
0,candidate,hyperbolic_typed_expressions/i8/sinh/16384/nulls=false/offset=0/fused,12,61352460.0,507.0,121010.76923076923
0,candidate,hyperbolic_typed_expressions/i8/sinh/16384/nulls=false/offset=0/fused,13,65502872.0,546.0,119968.63003663004
0,candidate,hyperbolic_typed_expressions/i8/sinh/16384/nulls=false/offset=0/fused,14,70989339.0,585.0,121349.29743589743
0,candidate,hyperbolic_typed_expressions/i8/sinh/16384/nulls=false/offset=0/fused,15,76182271.0,624.0,122086.97275641025
0,candidate,hyperbolic_typed_expressions/i8/sinh/16384/nulls=false/offset=0/fused,16,80300494.0,663.0,121116.8838612368
0,candidate,hyperbolic_typed_expressions/i8/sinh/16384/nulls=false/offset=0/fused,17,84419625.0,702.0,120255.87606837606
0,candidate,hyperbolic_typed_expressions/i8/sinh/16384/nulls=false/offset=0/fused,18,90278596.0,741.0,121833.4628879892
0,candidate,hyperbolic_typed_expressions/i8/sinh/16384/nulls=false/offset=0/fused,19,95376011.0,780.0,122276.93717948718
0,candidate,hyperbolic_typed_expressions/i64/cosh/16384/nulls=false/offset=0/fused,0,4819751.0,46.0,104777.19565217392
0,candidate,hyperbolic_typed_expressions/i64/cosh/16384/nulls=false/offset=0/fused,1,9445305.0,92.0,102666.35869565218
0,candidate,hyperbolic_typed_expressions/i64/cosh/16384/nulls=false/offset=0/fused,2,13992663.0,138.0,101396.10869565218
0,candidate,hyperbolic_typed_expressions/i64/cosh/16384/nulls=false/offset=0/fused,3,21778092.0,184.0,118359.19565217392
0,candidate,hyperbolic_typed_expressions/i64/cosh/16384/nulls=false/offset=0/fused,4,23830659.0,230.0,103611.56086956522
0,candidate,hyperbolic_typed_expressions/i64/cosh/16384/nulls=false/offset=0/fused,5,29138484.0,276.0,105574.21739130435
0,candidate,hyperbolic_typed_expressions/i64/cosh/16384/nulls=false/offset=0/fused,6,33717437.0,322.0,104712.53726708074
0,candidate,hyperbolic_typed_expressions/i64/cosh/16384/nulls=false/offset=0/fused,7,37787760.0,368.0,102684.13043478261
0,candidate,hyperbolic_typed_expressions/i64/cosh/16384/nulls=false/offset=0/fused,8,42798459.0,414.0,103377.92028985507
0,candidate,hyperbolic_typed_expressions/i64/cosh/16384/nulls=false/offset=0/fused,9,49011205.0,460.0,106546.09782608696
0,candidate,hyperbolic_typed_expressions/i64/cosh/16384/nulls=false/offset=0/fused,10,52865417.0,506.0,104477.10869565218
0,candidate,hyperbolic_typed_expressions/i64/cosh/16384/nulls=false/offset=0/fused,11,56861441.0,552.0,103009.85688405797
0,candidate,hyperbolic_typed_expressions/i64/cosh/16384/nulls=false/offset=0/fused,12,61170219.0,598.0,102291.33612040133
0,candidate,hyperbolic_typed_expressions/i64/cosh/16384/nulls=false/offset=0/fused,13,66220984.0,644.0,102827.6149068323
0,candidate,hyperbolic_typed_expressions/i64/cosh/16384/nulls=false/offset=0/fused,14,71628521.0,690.0,103809.45072463767
0,candidate,hyperbolic_typed_expressions/i64/cosh/16384/nulls=false/offset=0/fused,15,76537760.0,736.0,103991.52173913043
0,candidate,hyperbolic_typed_expressions/i64/cosh/16384/nulls=false/offset=0/fused,16,81227444.0,782.0,103871.41176470589
0,candidate,hyperbolic_typed_expressions/i64/cosh/16384/nulls=false/offset=0/fused,17,85860747.0,828.0,103696.55434782608
0,candidate,hyperbolic_typed_expressions/i64/cosh/16384/nulls=false/offset=0/fused,18,89989487.0,874.0,102962.79977116705
0,candidate,hyperbolic_typed_expressions/i64/cosh/16384/nulls=false/offset=0/fused,19,95902845.0,920.0,104242.22282608696
0,candidate,hyperbolic_typed_expressions/i32/cosh/16384/nulls=false/offset=0/fused,0,4806760.0,45.0,106816.88888888889
0,candidate,hyperbolic_typed_expressions/i32/cosh/16384/nulls=false/offset=0/fused,1,9854002.0,90.0,109488.91111111111
0,candidate,hyperbolic_typed_expressions/i32/cosh/16384/nulls=false/offset=0/fused,2,14114042.0,135.0,104548.45925925925
0,candidate,hyperbolic_typed_expressions/i32/cosh/16384/nulls=false/offset=0/fused,3,19566433.0,180.0,108702.40555555555
0,candidate,hyperbolic_typed_expressions/i32/cosh/16384/nulls=false/offset=0/fused,4,23683447.0,225.0,105259.76444444444
0,candidate,hyperbolic_typed_expressions/i32/cosh/16384/nulls=false/offset=0/fused,5,28611335.0,270.0,105967.9074074074
0,candidate,hyperbolic_typed_expressions/i32/cosh/16384/nulls=false/offset=0/fused,6,33065336.0,315.0,104969.32063492063
0,candidate,hyperbolic_typed_expressions/i32/cosh/16384/nulls=false/offset=0/fused,7,37803561.0,360.0,105009.89166666666
0,candidate,hyperbolic_typed_expressions/i32/cosh/16384/nulls=false/offset=0/fused,8,42816053.0,405.0,105718.64938271604
0,candidate,hyperbolic_typed_expressions/i32/cosh/16384/nulls=false/offset=0/fused,9,48934035.0,450.0,108742.3
0,candidate,hyperbolic_typed_expressions/i32/cosh/16384/nulls=false/offset=0/fused,10,57435870.0,495.0,116032.06060606061
0,candidate,hyperbolic_typed_expressions/i32/cosh/16384/nulls=false/offset=0/fused,11,57405566.0,540.0,106306.6037037037
0,candidate,hyperbolic_typed_expressions/i32/cosh/16384/nulls=false/offset=0/fused,12,61971321.0,585.0,105933.88205128205
0,candidate,hyperbolic_typed_expressions/i32/cosh/16384/nulls=false/offset=0/fused,13,67643282.0,630.0,107370.28888888888
0,candidate,hyperbolic_typed_expressions/i32/cosh/16384/nulls=false/offset=0/fused,14,71677633.0,675.0,106189.08592592593
0,candidate,hyperbolic_typed_expressions/i32/cosh/16384/nulls=false/offset=0/fused,15,75372305.0,720.0,104683.75694444444
0,candidate,hyperbolic_typed_expressions/i32/cosh/16384/nulls=false/offset=0/fused,16,82682001.0,765.0,108081.04705882353
0,candidate,hyperbolic_typed_expressions/i32/cosh/16384/nulls=false/offset=0/fused,17,86287475.0,810.0,106527.74691358025
0,candidate,hyperbolic_typed_expressions/i32/cosh/16384/nulls=false/offset=0/fused,18,89764374.0,855.0,104987.57192982457
0,candidate,hyperbolic_typed_expressions/i32/cosh/16384/nulls=false/offset=0/fused,19,96773229.0,900.0,107525.81
0,candidate,hyperbolic_typed_expressions/f32/tanh/16384/nulls=false/offset=0/fused,0,4975422.0,35.0,142154.91428571427
0,candidate,hyperbolic_typed_expressions/f32/tanh/16384/nulls=false/offset=0/fused,1,9931728.0,70.0,141881.82857142857
0,candidate,hyperbolic_typed_expressions/f32/tanh/16384/nulls=false/offset=0/fused,2,15900206.0,105.0,151430.53333333333
0,candidate,hyperbolic_typed_expressions/f32/tanh/16384/nulls=false/offset=0/fused,3,19220247.0,140.0,137287.47857142857
0,candidate,hyperbolic_typed_expressions/f32/tanh/16384/nulls=false/offset=0/fused,4,24267171.0,175.0,138669.54857142858
0,candidate,hyperbolic_typed_expressions/f32/tanh/16384/nulls=false/offset=0/fused,5,28839381.0,210.0,137330.38571428572
0,candidate,hyperbolic_typed_expressions/f32/tanh/16384/nulls=false/offset=0/fused,6,33496856.0,245.0,136721.8612244898
0,candidate,hyperbolic_typed_expressions/f32/tanh/16384/nulls=false/offset=0/fused,7,38446268.0,280.0,137308.1
0,candidate,hyperbolic_typed_expressions/f32/tanh/16384/nulls=false/offset=0/fused,8,42895272.0,315.0,136175.46666666667
0,candidate,hyperbolic_typed_expressions/f32/tanh/16384/nulls=false/offset=0/fused,9,47197830.0,350.0,134850.94285714286
0,candidate,hyperbolic_typed_expressions/f32/tanh/16384/nulls=false/offset=0/fused,10,53163262.0,385.0,138086.3948051948
0,candidate,hyperbolic_typed_expressions/f32/tanh/16384/nulls=false/offset=0/fused,11,57511814.0,420.0,136932.89047619049
0,candidate,hyperbolic_typed_expressions/f32/tanh/16384/nulls=false/offset=0/fused,12,61187247.0,455.0,134477.46593406593
0,candidate,hyperbolic_typed_expressions/f32/tanh/16384/nulls=false/offset=0/fused,13,67402468.0,490.0,137556.05714285714
0,candidate,hyperbolic_typed_expressions/f32/tanh/16384/nulls=false/offset=0/fused,14,71622272.0,525.0,136423.37523809524
0,candidate,hyperbolic_typed_expressions/f32/tanh/16384/nulls=false/offset=0/fused,15,76904431.0,560.0,137329.3410714286
0,candidate,hyperbolic_typed_expressions/f32/tanh/16384/nulls=false/offset=0/fused,16,81441629.0,595.0,136876.687394958
0,candidate,hyperbolic_typed_expressions/f32/tanh/16384/nulls=false/offset=0/fused,17,86809941.0,630.0,137793.55714285714
0,candidate,hyperbolic_typed_expressions/f32/tanh/16384/nulls=false/offset=0/fused,18,90711691.0,665.0,136408.55789473685
0,candidate,hyperbolic_typed_expressions/f32/tanh/16384/nulls=false/offset=0/fused,19,95931963.0,700.0,137045.66142857142
0,candidate,hyperbolic_typed_expressions/i8/tanh/16384/nulls=false/offset=0/fused,0,5022294.0,75.0,66963.92
0,candidate,hyperbolic_typed_expressions/i8/tanh/16384/nulls=false/offset=0/fused,1,9266436.0,150.0,61776.24
0,candidate,hyperbolic_typed_expressions/i8/tanh/16384/nulls=false/offset=0/fused,2,13907681.0,225.0,61811.915555555555
0,candidate,hyperbolic_typed_expressions/i8/tanh/16384/nulls=false/offset=0/fused,3,18900088.0,300.0,63000.293333333335
0,candidate,hyperbolic_typed_expressions/i8/tanh/16384/nulls=false/offset=0/fused,4,25886208.0,375.0,69029.888
0,candidate,hyperbolic_typed_expressions/i8/tanh/16384/nulls=false/offset=0/fused,5,28012202.0,450.0,62249.33777777778
0,candidate,hyperbolic_typed_expressions/i8/tanh/16384/nulls=false/offset=0/fused,6,32720783.0,525.0,62325.30095238095
0,candidate,hyperbolic_typed_expressions/i8/tanh/16384/nulls=false/offset=0/fused,7,37828877.0,600.0,63048.128333333334
0,candidate,hyperbolic_typed_expressions/i8/tanh/16384/nulls=false/offset=0/fused,8,42365959.0,675.0,62764.3837037037
0,candidate,hyperbolic_typed_expressions/i8/tanh/16384/nulls=false/offset=0/fused,9,46945216.0,750.0,62593.621333333336
0,candidate,hyperbolic_typed_expressions/i8/tanh/16384/nulls=false/offset=0/fused,10,51288632.0,825.0,62168.03878787879
0,candidate,hyperbolic_typed_expressions/i8/tanh/16384/nulls=false/offset=0/fused,11,56705208.0,900.0,63005.78666666667
0,candidate,hyperbolic_typed_expressions/i8/tanh/16384/nulls=false/offset=0/fused,12,61062823.0,975.0,62628.53641025641
0,candidate,hyperbolic_typed_expressions/i8/tanh/16384/nulls=false/offset=0/fused,13,65269800.0,1050.0,62161.71428571428
0,candidate,hyperbolic_typed_expressions/i8/tanh/16384/nulls=false/offset=0/fused,14,70633068.0,1125.0,62784.94933333333
0,candidate,hyperbolic_typed_expressions/i8/tanh/16384/nulls=false/offset=0/fused,15,76368109.0,1200.0,63640.090833333335
0,candidate,hyperbolic_typed_expressions/i8/tanh/16384/nulls=false/offset=0/fused,16,80716410.0,1275.0,63306.98823529412
0,candidate,hyperbolic_typed_expressions/i8/tanh/16384/nulls=false/offset=0/fused,17,85032018.0,1350.0,62986.68
0,candidate,hyperbolic_typed_expressions/i8/tanh/16384/nulls=false/offset=0/fused,18,90406407.0,1425.0,63443.09263157895
0,candidate,hyperbolic_typed_expressions/i8/tanh/16384/nulls=false/offset=0/fused,19,95403584.0,1500.0,63602.38933333333
0,candidate,hyperbolic_typed_expressions/f32/sinh/16384/nulls=false/offset=0/fused,0,4637577.0,33.0,140532.63636363635
0,candidate,hyperbolic_typed_expressions/f32/sinh/16384/nulls=false/offset=0/fused,1,9346381.0,66.0,141611.83333333334
0,candidate,hyperbolic_typed_expressions/f32/sinh/16384/nulls=false/offset=0/fused,2,13986456.0,99.0,141277.33333333334
0,candidate,hyperbolic_typed_expressions/f32/sinh/16384/nulls=false/offset=0/fused,3,18919888.0,132.0,143332.48484848486
0,candidate,hyperbolic_typed_expressions/f32/sinh/16384/nulls=false/offset=0/fused,4,23471160.0,165.0,142249.45454545456
0,candidate,hyperbolic_typed_expressions/f32/sinh/16384/nulls=false/offset=0/fused,5,28507952.0,198.0,143979.55555555556
0,candidate,hyperbolic_typed_expressions/f32/sinh/16384/nulls=false/offset=0/fused,6,33776761.0,231.0,146219.7445887446
0,candidate,hyperbolic_typed_expressions/f32/sinh/16384/nulls=false/offset=0/fused,7,37684204.0,264.0,142743.19696969696
0,candidate,hyperbolic_typed_expressions/f32/sinh/16384/nulls=false/offset=0/fused,8,41986748.0,297.0,141369.52188552188
0,candidate,hyperbolic_typed_expressions/f32/sinh/16384/nulls=false/offset=0/fused,9,47236669.0,330.0,143141.4212121212
0,candidate,hyperbolic_typed_expressions/f32/sinh/16384/nulls=false/offset=0/fused,10,51710948.0,363.0,142454.40220385676
0,candidate,hyperbolic_typed_expressions/f32/sinh/16384/nulls=false/offset=0/fused,11,57607984.0,396.0,145474.70707070708
0,candidate,hyperbolic_typed_expressions/f32/sinh/16384/nulls=false/offset=0/fused,12,60887955.0,429.0,141929.96503496505
0,candidate,hyperbolic_typed_expressions/f32/sinh/16384/nulls=false/offset=0/fused,13,65286603.0,462.0,141312.9935064935
0,candidate,hyperbolic_typed_expressions/f32/sinh/16384/nulls=false/offset=0/fused,14,69834528.0,495.0,141079.85454545455
0,candidate,hyperbolic_typed_expressions/f32/sinh/16384/nulls=false/offset=0/fused,15,76571192.0,528.0,145021.19696969696
0,candidate,hyperbolic_typed_expressions/f32/sinh/16384/nulls=false/offset=0/fused,16,80659588.0,561.0,143778.23172905526
0,candidate,hyperbolic_typed_expressions/f32/sinh/16384/nulls=false/offset=0/fused,17,86874887.0,594.0,146254.0185185185
0,candidate,hyperbolic_typed_expressions/f32/sinh/16384/nulls=false/offset=0/fused,18,90561202.0,627.0,144435.7288676236
0,candidate,hyperbolic_typed_expressions/f32/sinh/16384/nulls=false/offset=0/fused,19,93532275.0,660.0,141715.56818181818
0,candidate,hyperbolic_typed_expressions/i64/tanh/16384/nulls=false/offset=0/fused,0,4792305.0,77.0,62237.72727272727
0,candidate,hyperbolic_typed_expressions/i64/tanh/16384/nulls=false/offset=0/fused,1,9392227.0,154.0,60988.48701298701
0,candidate,hyperbolic_typed_expressions/i64/tanh/16384/nulls=false/offset=0/fused,2,14125877.0,231.0,61150.982683982686
0,candidate,hyperbolic_typed_expressions/i64/tanh/16384/nulls=false/offset=0/fused,3,19089771.0,308.0,61979.77597402597
0,candidate,hyperbolic_typed_expressions/i64/tanh/16384/nulls=false/offset=0/fused,4,23357373.0,385.0,60668.501298701296
0,candidate,hyperbolic_typed_expressions/i64/tanh/16384/nulls=false/offset=0/fused,5,28125083.0,462.0,60876.80303030303
0,candidate,hyperbolic_typed_expressions/i64/tanh/16384/nulls=false/offset=0/fused,6,32663658.0,539.0,60600.47866419295
0,candidate,hyperbolic_typed_expressions/i64/tanh/16384/nulls=false/offset=0/fused,7,38732364.0,616.0,62877.21428571428
0,candidate,hyperbolic_typed_expressions/i64/tanh/16384/nulls=false/offset=0/fused,8,42191122.0,693.0,60881.84992784993
0,candidate,hyperbolic_typed_expressions/i64/tanh/16384/nulls=false/offset=0/fused,9,47890192.0,770.0,62195.05454545454
0,candidate,hyperbolic_typed_expressions/i64/tanh/16384/nulls=false/offset=0/fused,10,52747078.0,847.0,62275.180637544276
0,candidate,hyperbolic_typed_expressions/i64/tanh/16384/nulls=false/offset=0/fused,11,57476221.0,924.0,62203.70238095238
0,candidate,hyperbolic_typed_expressions/i64/tanh/16384/nulls=false/offset=0/fused,12,61290238.0,1001.0,61229.00899100899
0,candidate,hyperbolic_typed_expressions/i64/tanh/16384/nulls=false/offset=0/fused,13,67158998.0,1078.0,62299.62708719852
0,candidate,hyperbolic_typed_expressions/i64/tanh/16384/nulls=false/offset=0/fused,14,70467891.0,1155.0,61011.161038961036
0,candidate,hyperbolic_typed_expressions/i64/tanh/16384/nulls=false/offset=0/fused,15,75716664.0,1232.0,61458.331168831166
0,candidate,hyperbolic_typed_expressions/i64/tanh/16384/nulls=false/offset=0/fused,16,81459577.0,1309.0,62230.387318563786
0,candidate,hyperbolic_typed_expressions/i64/tanh/16384/nulls=false/offset=0/fused,17,85803384.0,1386.0,61907.20346320346
0,candidate,hyperbolic_typed_expressions/i64/tanh/16384/nulls=false/offset=0/fused,18,90962135.0,1463.0,62175.075187969924
0,candidate,hyperbolic_typed_expressions/i64/tanh/16384/nulls=false/offset=0/fused,19,96634527.0,1540.0,62749.69285714286
1,original,hyperbolic_typed_expressions/i64/sinh/16384/nulls=false/offset=0/fused,0,4789838.0,40.0,119745.95
1,original,hyperbolic_typed_expressions/i64/sinh/16384/nulls=false/offset=0/fused,1,9594839.0,80.0,119935.4875
1,original,hyperbolic_typed_expressions/i64/sinh/16384/nulls=false/offset=0/fused,2,14762879.0,120.0,123023.99166666667
1,original,hyperbolic_typed_expressions/i64/sinh/16384/nulls=false/offset=0/fused,3,19636856.0,160.0,122730.35
1,original,hyperbolic_typed_expressions/i64/sinh/16384/nulls=false/offset=0/fused,4,24667855.0,200.0,123339.275
1,original,hyperbolic_typed_expressions/i64/sinh/16384/nulls=false/offset=0/fused,5,29724746.0,240.0,123853.10833333334
1,original,hyperbolic_typed_expressions/i64/sinh/16384/nulls=false/offset=0/fused,6,34380662.0,280.0,122788.07857142857
1,original,hyperbolic_typed_expressions/i64/sinh/16384/nulls=false/offset=0/fused,7,39424513.0,320.0,123201.603125
1,original,hyperbolic_typed_expressions/i64/sinh/16384/nulls=false/offset=0/fused,8,43539820.0,360.0,120943.94444444444
1,original,hyperbolic_typed_expressions/i64/sinh/16384/nulls=false/offset=0/fused,9,48011235.0,400.0,120028.0875
1,original,hyperbolic_typed_expressions/i64/sinh/16384/nulls=false/offset=0/fused,10,52527954.0,440.0,119381.71363636364
1,original,hyperbolic_typed_expressions/i64/sinh/16384/nulls=false/offset=0/fused,11,58046630.0,480.0,120930.47916666667
1,original,hyperbolic_typed_expressions/i64/sinh/16384/nulls=false/offset=0/fused,12,62323196.0,520.0,119852.3
1,original,hyperbolic_typed_expressions/i64/sinh/16384/nulls=false/offset=0/fused,13,68468037.0,560.0,122264.35178571429
1,original,hyperbolic_typed_expressions/i64/sinh/16384/nulls=false/offset=0/fused,14,73158147.0,600.0,121930.245
1,original,hyperbolic_typed_expressions/i64/sinh/16384/nulls=false/offset=0/fused,15,77899735.0,640.0,121718.3359375
1,original,hyperbolic_typed_expressions/i64/sinh/16384/nulls=false/offset=0/fused,16,81852297.0,680.0,120371.025
1,original,hyperbolic_typed_expressions/i64/sinh/16384/nulls=false/offset=0/fused,17,87334007.0,720.0,121297.23194444444
1,original,hyperbolic_typed_expressions/i64/sinh/16384/nulls=false/offset=0/fused,18,91310449.0,760.0,120145.32763157894
1,original,hyperbolic_typed_expressions/i64/sinh/16384/nulls=false/offset=0/fused,19,96479762.0,800.0,120599.7025
1,original,hyperbolic_typed_expressions/i16/sinh/16384/nulls=false/offset=0/fused,0,4643882.0,38.0,122207.42105263157
1,original,hyperbolic_typed_expressions/i16/sinh/16384/nulls=false/offset=0/fused,1,9326843.0,76.0,122721.61842105263
1,original,hyperbolic_typed_expressions/i16/sinh/16384/nulls=false/offset=0/fused,2,14191537.0,114.0,124487.16666666667
1,original,hyperbolic_typed_expressions/i16/sinh/16384/nulls=false/offset=0/fused,3,18706305.0,152.0,123067.79605263157
1,original,hyperbolic_typed_expressions/i16/sinh/16384/nulls=false/offset=0/fused,4,23460978.0,190.0,123478.83157894737
1,original,hyperbolic_typed_expressions/i16/sinh/16384/nulls=false/offset=0/fused,5,27895784.0,228.0,122349.9298245614
1,original,hyperbolic_typed_expressions/i16/sinh/16384/nulls=false/offset=0/fused,6,33704607.0,266.0,126709.04887218046
1,original,hyperbolic_typed_expressions/i16/sinh/16384/nulls=false/offset=0/fused,7,37883170.0,304.0,124615.69078947368
1,original,hyperbolic_typed_expressions/i16/sinh/16384/nulls=false/offset=0/fused,8,42506957.0,342.0,124289.34795321638
1,original,hyperbolic_typed_expressions/i16/sinh/16384/nulls=false/offset=0/fused,9,47192493.0,380.0,124190.77105263158
1,original,hyperbolic_typed_expressions/i16/sinh/16384/nulls=false/offset=0/fused,10,51884359.0,418.0,124125.26076555024
1,original,hyperbolic_typed_expressions/i16/sinh/16384/nulls=false/offset=0/fused,11,56776032.0,456.0,124508.84210526316
1,original,hyperbolic_typed_expressions/i16/sinh/16384/nulls=false/offset=0/fused,12,61572374.0,494.0,124640.43319838056
1,original,hyperbolic_typed_expressions/i16/sinh/16384/nulls=false/offset=0/fused,13,66359806.0,532.0,124736.47744360902
1,original,hyperbolic_typed_expressions/i16/sinh/16384/nulls=false/offset=0/fused,14,70364775.0,570.0,123446.97368421052
1,original,hyperbolic_typed_expressions/i16/sinh/16384/nulls=false/offset=0/fused,15,76405751.0,608.0,125667.35361842105
1,original,hyperbolic_typed_expressions/i16/sinh/16384/nulls=false/offset=0/fused,16,80763010.0,646.0,125020.13931888544
1,original,hyperbolic_typed_expressions/i16/sinh/16384/nulls=false/offset=0/fused,17,85699963.0,684.0,125292.34356725146
1,original,hyperbolic_typed_expressions/i16/sinh/16384/nulls=false/offset=0/fused,18,90417359.0,722.0,125231.79916897506
1,original,hyperbolic_typed_expressions/i16/sinh/16384/nulls=false/offset=0/fused,19,95673837.0,760.0,125886.62763157894
1,original,hyperbolic_typed_expressions/i32/tanh/16384/nulls=false/offset=0/fused,0,4873716.0,67.0,72742.02985074627
1,original,hyperbolic_typed_expressions/i32/tanh/16384/nulls=false/offset=0/fused,1,9600623.0,134.0,71646.44029850746
1,original,hyperbolic_typed_expressions/i32/tanh/16384/nulls=false/offset=0/fused,2,14560877.0,201.0,72442.17412935324
1,original,hyperbolic_typed_expressions/i32/tanh/16384/nulls=false/offset=0/fused,3,19424100.0,268.0,72477.98507462686
1,original,hyperbolic_typed_expressions/i32/tanh/16384/nulls=false/offset=0/fused,4,24804105.0,335.0,74042.10447761194
1,original,hyperbolic_typed_expressions/i32/tanh/16384/nulls=false/offset=0/fused,5,29056514.0,402.0,72279.8855721393
1,original,hyperbolic_typed_expressions/i32/tanh/16384/nulls=false/offset=0/fused,6,33621203.0,469.0,71687.0
1,original,hyperbolic_typed_expressions/i32/tanh/16384/nulls=false/offset=0/fused,7,40050168.0,536.0,74720.46268656716
1,original,hyperbolic_typed_expressions/i32/tanh/16384/nulls=false/offset=0/fused,8,43087412.0,603.0,71455.07794361525
1,original,hyperbolic_typed_expressions/i32/tanh/16384/nulls=false/offset=0/fused,9,48670491.0,670.0,72642.52388059701
1,original,hyperbolic_typed_expressions/i32/tanh/16384/nulls=false/offset=0/fused,10,54040831.0,737.0,73325.41519674356
1,original,hyperbolic_typed_expressions/i32/tanh/16384/nulls=false/offset=0/fused,11,59819516.0,804.0,74402.38308457712
1,original,hyperbolic_typed_expressions/i32/tanh/16384/nulls=false/offset=0/fused,12,63195146.0,871.0,72554.70264064294
1,original,hyperbolic_typed_expressions/i32/tanh/16384/nulls=false/offset=0/fused,13,68058039.0,938.0,72556.54477611941
1,original,hyperbolic_typed_expressions/i32/tanh/16384/nulls=false/offset=0/fused,14,72852820.0,1005.0,72490.36815920398
1,original,hyperbolic_typed_expressions/i32/tanh/16384/nulls=false/offset=0/fused,15,77217072.0,1072.0,72030.85074626865
1,original,hyperbolic_typed_expressions/i32/tanh/16384/nulls=false/offset=0/fused,16,82582743.0,1139.0,72504.60316066725
1,original,hyperbolic_typed_expressions/i32/tanh/16384/nulls=false/offset=0/fused,17,89058442.0,1206.0,73846.1376451078
1,original,hyperbolic_typed_expressions/i32/tanh/16384/nulls=false/offset=0/fused,18,91837941.0,1273.0,72142.92301649647
1,original,hyperbolic_typed_expressions/i32/tanh/16384/nulls=false/offset=0/fused,19,98331495.0,1340.0,73381.71268656716
1,original,hyperbolic_typed_expressions/i8/cosh/16384/nulls=false/offset=0/fused,0,4885611.0,41.0,119161.24390243902
1,original,hyperbolic_typed_expressions/i8/cosh/16384/nulls=false/offset=0/fused,1,9560072.0,82.0,116586.24390243902
1,original,hyperbolic_typed_expressions/i8/cosh/16384/nulls=false/offset=0/fused,2,14299653.0,123.0,116257.34146341463
1,original,hyperbolic_typed_expressions/i8/cosh/16384/nulls=false/offset=0/fused,3,19114206.0,164.0,116550.03658536586
1,original,hyperbolic_typed_expressions/i8/cosh/16384/nulls=false/offset=0/fused,4,23825559.0,205.0,116222.23902439025
1,original,hyperbolic_typed_expressions/i8/cosh/16384/nulls=false/offset=0/fused,5,28574241.0,246.0,116155.4512195122
1,original,hyperbolic_typed_expressions/i8/cosh/16384/nulls=false/offset=0/fused,6,33265741.0,287.0,115908.50522648083
1,original,hyperbolic_typed_expressions/i8/cosh/16384/nulls=false/offset=0/fused,7,38049737.0,328.0,116005.29573170732
1,original,hyperbolic_typed_expressions/i8/cosh/16384/nulls=false/offset=0/fused,8,43423726.0,369.0,117679.47425474254
1,original,hyperbolic_typed_expressions/i8/cosh/16384/nulls=false/offset=0/fused,9,47652546.0,410.0,116225.72195121952
1,original,hyperbolic_typed_expressions/i8/cosh/16384/nulls=false/offset=0/fused,10,53037987.0,451.0,117600.85809312639
1,original,hyperbolic_typed_expressions/i8/cosh/16384/nulls=false/offset=0/fused,11,57210041.0,492.0,116280.57113821138
1,original,hyperbolic_typed_expressions/i8/cosh/16384/nulls=false/offset=0/fused,12,62972150.0,533.0,118146.62288930581
1,original,hyperbolic_typed_expressions/i8/cosh/16384/nulls=false/offset=0/fused,13,67080760.0,574.0,116865.43554006968
1,original,hyperbolic_typed_expressions/i8/cosh/16384/nulls=false/offset=0/fused,14,71064420.0,615.0,115551.90243902439
1,original,hyperbolic_typed_expressions/i8/cosh/16384/nulls=false/offset=0/fused,15,76188080.0,656.0,116140.36585365854
1,original,hyperbolic_typed_expressions/i8/cosh/16384/nulls=false/offset=0/fused,16,81247059.0,697.0,116566.79913916787
1,original,hyperbolic_typed_expressions/i8/cosh/16384/nulls=false/offset=0/fused,17,87064609.0,738.0,117973.72493224932
1,original,hyperbolic_typed_expressions/i8/cosh/16384/nulls=false/offset=0/fused,18,91608612.0,779.0,117597.70474967908
1,original,hyperbolic_typed_expressions/i8/cosh/16384/nulls=false/offset=0/fused,19,96495491.0,820.0,117677.4280487805
1,original,hyperbolic_typed_expressions/f32/cosh/16384/nulls=false/offset=0/fused,0,5206347.0,42.0,123960.64285714286
1,original,hyperbolic_typed_expressions/f32/cosh/16384/nulls=false/offset=0/fused,1,9681156.0,84.0,115251.85714285714
1,original,hyperbolic_typed_expressions/f32/cosh/16384/nulls=false/offset=0/fused,2,14708738.0,126.0,116736.01587301587
1,original,hyperbolic_typed_expressions/f32/cosh/16384/nulls=false/offset=0/fused,3,19509614.0,168.0,116128.65476190476
1,original,hyperbolic_typed_expressions/f32/cosh/16384/nulls=false/offset=0/fused,4,24249797.0,210.0,115475.22380952381
1,original,hyperbolic_typed_expressions/f32/cosh/16384/nulls=false/offset=0/fused,5,29124327.0,252.0,115572.72619047618
1,original,hyperbolic_typed_expressions/f32/cosh/16384/nulls=false/offset=0/fused,6,34012722.0,294.0,115689.5306122449
1,original,hyperbolic_typed_expressions/f32/cosh/16384/nulls=false/offset=0/fused,7,39075464.0,336.0,116296.02380952382
1,original,hyperbolic_typed_expressions/f32/cosh/16384/nulls=false/offset=0/fused,8,43854586.0,378.0,116017.42328042327
1,original,hyperbolic_typed_expressions/f32/cosh/16384/nulls=false/offset=0/fused,9,48044814.0,420.0,114392.41428571429
1,original,hyperbolic_typed_expressions/f32/cosh/16384/nulls=false/offset=0/fused,10,52928552.0,462.0,114563.96536796537
1,original,hyperbolic_typed_expressions/f32/cosh/16384/nulls=false/offset=0/fused,11,58656706.0,504.0,116382.35317460318
1,original,hyperbolic_typed_expressions/f32/cosh/16384/nulls=false/offset=0/fused,12,63369936.0,546.0,116062.15384615384
1,original,hyperbolic_typed_expressions/f32/cosh/16384/nulls=false/offset=0/fused,13,67307814.0,588.0,114469.07142857143
1,original,hyperbolic_typed_expressions/f32/cosh/16384/nulls=false/offset=0/fused,14,73494954.0,630.0,116658.65714285715
1,original,hyperbolic_typed_expressions/f32/cosh/16384/nulls=false/offset=0/fused,15,77581895.0,672.0,115449.24851190476
1,original,hyperbolic_typed_expressions/f32/cosh/16384/nulls=false/offset=0/fused,16,81515810.0,714.0,114167.80112044817
1,original,hyperbolic_typed_expressions/f32/cosh/16384/nulls=false/offset=0/fused,17,87464344.0,756.0,115693.57671957673
1,original,hyperbolic_typed_expressions/f32/cosh/16384/nulls=false/offset=0/fused,18,91902304.0,798.0,115165.79448621554
1,original,hyperbolic_typed_expressions/f32/cosh/16384/nulls=false/offset=0/fused,19,96969309.0,840.0,115439.65357142857
1,original,hyperbolic_typed_expressions/i16/tanh/16384/nulls=false/offset=0/fused,0,4831796.0,66.0,73209.0303030303
1,original,hyperbolic_typed_expressions/i16/tanh/16384/nulls=false/offset=0/fused,1,9774167.0,132.0,74046.7196969697
1,original,hyperbolic_typed_expressions/i16/tanh/16384/nulls=false/offset=0/fused,2,14267854.0,198.0,72059.8686868687
1,original,hyperbolic_typed_expressions/i16/tanh/16384/nulls=false/offset=0/fused,3,18904457.0,264.0,71607.79166666667
1,original,hyperbolic_typed_expressions/i16/tanh/16384/nulls=false/offset=0/fused,4,23967369.0,330.0,72628.39090909091
1,original,hyperbolic_typed_expressions/i16/tanh/16384/nulls=false/offset=0/fused,5,28687460.0,396.0,72443.0808080808
1,original,hyperbolic_typed_expressions/i16/tanh/16384/nulls=false/offset=0/fused,6,33290005.0,462.0,72056.28787878787
1,original,hyperbolic_typed_expressions/i16/tanh/16384/nulls=false/offset=0/fused,7,38071310.0,528.0,72104.75378787878
1,original,hyperbolic_typed_expressions/i16/tanh/16384/nulls=false/offset=0/fused,8,42647145.0,594.0,71796.54040404041
1,original,hyperbolic_typed_expressions/i16/tanh/16384/nulls=false/offset=0/fused,9,48257147.0,660.0,73116.88939393939
1,original,hyperbolic_typed_expressions/i16/tanh/16384/nulls=false/offset=0/fused,10,52575886.0,726.0,72418.57575757576
1,original,hyperbolic_typed_expressions/i16/tanh/16384/nulls=false/offset=0/fused,11,57601348.0,792.0,72728.97474747474
1,original,hyperbolic_typed_expressions/i16/tanh/16384/nulls=false/offset=0/fused,12,62597001.0,858.0,72956.87762237762
1,original,hyperbolic_typed_expressions/i16/tanh/16384/nulls=false/offset=0/fused,13,67822251.0,924.0,73400.70454545454
1,original,hyperbolic_typed_expressions/i16/tanh/16384/nulls=false/offset=0/fused,14,71759675.0,990.0,72484.5202020202
1,original,hyperbolic_typed_expressions/i16/tanh/16384/nulls=false/offset=0/fused,15,76109868.0,1056.0,72073.73863636363
1,original,hyperbolic_typed_expressions/i16/tanh/16384/nulls=false/offset=0/fused,16,81418794.0,1122.0,72565.77005347594
1,original,hyperbolic_typed_expressions/i16/tanh/16384/nulls=false/offset=0/fused,17,89275529.0,1188.0,75147.75168350169
1,original,hyperbolic_typed_expressions/i16/tanh/16384/nulls=false/offset=0/fused,18,92386014.0,1254.0,73673.05741626794
1,original,hyperbolic_typed_expressions/i16/tanh/16384/nulls=false/offset=0/fused,19,98322539.0,1320.0,74486.77196969697
1,original,hyperbolic_typed_expressions/i32/sinh/16384/nulls=false/offset=0/fused,0,4790116.0,40.0,119752.9
1,original,hyperbolic_typed_expressions/i32/sinh/16384/nulls=false/offset=0/fused,1,9913454.0,80.0,123918.175
1,original,hyperbolic_typed_expressions/i32/sinh/16384/nulls=false/offset=0/fused,2,14417063.0,120.0,120142.19166666667
1,original,hyperbolic_typed_expressions/i32/sinh/16384/nulls=false/offset=0/fused,3,19536366.0,160.0,122102.2875
1,original,hyperbolic_typed_expressions/i32/sinh/16384/nulls=false/offset=0/fused,4,24890357.0,200.0,124451.785
1,original,hyperbolic_typed_expressions/i32/sinh/16384/nulls=false/offset=0/fused,5,29384083.0,240.0,122433.67916666667
1,original,hyperbolic_typed_expressions/i32/sinh/16384/nulls=false/offset=0/fused,6,33955291.0,280.0,121268.89642857143
1,original,hyperbolic_typed_expressions/i32/sinh/16384/nulls=false/offset=0/fused,7,39018378.0,320.0,121932.43125
1,original,hyperbolic_typed_expressions/i32/sinh/16384/nulls=false/offset=0/fused,8,43967031.0,360.0,122130.64166666666
1,original,hyperbolic_typed_expressions/i32/sinh/16384/nulls=false/offset=0/fused,9,48135291.0,400.0,120338.2275
1,original,hyperbolic_typed_expressions/i32/sinh/16384/nulls=false/offset=0/fused,10,53451728.0,440.0,121481.2
1,original,hyperbolic_typed_expressions/i32/sinh/16384/nulls=false/offset=0/fused,11,57824206.0,480.0,120467.09583333334
1,original,hyperbolic_typed_expressions/i32/sinh/16384/nulls=false/offset=0/fused,12,62955858.0,520.0,121068.9576923077
1,original,hyperbolic_typed_expressions/i32/sinh/16384/nulls=false/offset=0/fused,13,69065633.0,560.0,123331.4875
1,original,hyperbolic_typed_expressions/i32/sinh/16384/nulls=false/offset=0/fused,14,73850007.0,600.0,123083.345
1,original,hyperbolic_typed_expressions/i32/sinh/16384/nulls=false/offset=0/fused,15,78579388.0,640.0,122780.29375
1,original,hyperbolic_typed_expressions/i32/sinh/16384/nulls=false/offset=0/fused,16,84435605.0,680.0,124170.00735294117
1,original,hyperbolic_typed_expressions/i32/sinh/16384/nulls=false/offset=0/fused,17,86832306.0,720.0,120600.425
1,original,hyperbolic_typed_expressions/i32/sinh/16384/nulls=false/offset=0/fused,18,92740253.0,760.0,122026.64868421052
1,original,hyperbolic_typed_expressions/i32/sinh/16384/nulls=false/offset=0/fused,19,98198867.0,800.0,122748.58375
1,original,hyperbolic_typed_expressions/i16/cosh/16384/nulls=false/offset=0/fused,0,5524570.0,41.0,134745.60975609755
1,original,hyperbolic_typed_expressions/i16/cosh/16384/nulls=false/offset=0/fused,1,9428974.0,82.0,114987.48780487805
1,original,hyperbolic_typed_expressions/i16/cosh/16384/nulls=false/offset=0/fused,2,14124834.0,123.0,114836.0487804878
1,original,hyperbolic_typed_expressions/i16/cosh/16384/nulls=false/offset=0/fused,3,18947453.0,164.0,115533.25
1,original,hyperbolic_typed_expressions/i16/cosh/16384/nulls=false/offset=0/fused,4,23557023.0,205.0,114912.30731707317
1,original,hyperbolic_typed_expressions/i16/cosh/16384/nulls=false/offset=0/fused,5,28501435.0,246.0,115859.4918699187
1,original,hyperbolic_typed_expressions/i16/cosh/16384/nulls=false/offset=0/fused,6,33758048.0,287.0,117623.8606271777
1,original,hyperbolic_typed_expressions/i16/cosh/16384/nulls=false/offset=0/fused,7,39074495.0,328.0,119129.55792682926
1,original,hyperbolic_typed_expressions/i16/cosh/16384/nulls=false/offset=0/fused,8,43129563.0,369.0,116882.28455284552
1,original,hyperbolic_typed_expressions/i16/cosh/16384/nulls=false/offset=0/fused,9,47771834.0,410.0,116516.66829268292
1,original,hyperbolic_typed_expressions/i16/cosh/16384/nulls=false/offset=0/fused,10,51940521.0,451.0,115167.45232815965
1,original,hyperbolic_typed_expressions/i16/cosh/16384/nulls=false/offset=0/fused,11,58962496.0,492.0,119842.47154471544
1,original,hyperbolic_typed_expressions/i16/cosh/16384/nulls=false/offset=0/fused,12,63592163.0,533.0,119309.87429643527
1,original,hyperbolic_typed_expressions/i16/cosh/16384/nulls=false/offset=0/fused,13,67513134.0,574.0,117618.70034843206
1,original,hyperbolic_typed_expressions/i16/cosh/16384/nulls=false/offset=0/fused,14,71829893.0,615.0,116796.57398373984
1,original,hyperbolic_typed_expressions/i16/cosh/16384/nulls=false/offset=0/fused,15,76642661.0,656.0,116833.32469512195
1,original,hyperbolic_typed_expressions/i16/cosh/16384/nulls=false/offset=0/fused,16,82292722.0,697.0,118067.03299856528
1,original,hyperbolic_typed_expressions/i16/cosh/16384/nulls=false/offset=0/fused,17,85594182.0,738.0,115981.27642276423
1,original,hyperbolic_typed_expressions/i16/cosh/16384/nulls=false/offset=0/fused,18,91086131.0,779.0,116926.9974326059
1,original,hyperbolic_typed_expressions/i16/cosh/16384/nulls=false/offset=0/fused,19,96606061.0,820.0,117812.26951219513
1,original,hyperbolic_typed_expressions/i8/sinh/16384/nulls=false/offset=0/fused,0,5056713.0,39.0,129659.30769230769
1,original,hyperbolic_typed_expressions/i8/sinh/16384/nulls=false/offset=0/fused,1,9632220.0,78.0,123490.0
1,original,hyperbolic_typed_expressions/i8/sinh/16384/nulls=false/offset=0/fused,2,14632081.0,117.0,125060.52136752137
1,original,hyperbolic_typed_expressions/i8/sinh/16384/nulls=false/offset=0/fused,3,19432886.0,156.0,124569.78205128205
1,original,hyperbolic_typed_expressions/i8/sinh/16384/nulls=false/offset=0/fused,4,24332666.0,195.0,124782.90256410257
1,original,hyperbolic_typed_expressions/i8/sinh/16384/nulls=false/offset=0/fused,5,29098869.0,234.0,124354.14102564103
1,original,hyperbolic_typed_expressions/i8/sinh/16384/nulls=false/offset=0/fused,6,33622338.0,273.0,123158.74725274726
1,original,hyperbolic_typed_expressions/i8/sinh/16384/nulls=false/offset=0/fused,7,39129140.0,312.0,125413.91025641025
1,original,hyperbolic_typed_expressions/i8/sinh/16384/nulls=false/offset=0/fused,8,44258199.0,351.0,126091.73504273505
1,original,hyperbolic_typed_expressions/i8/sinh/16384/nulls=false/offset=0/fused,9,51115331.0,390.0,131064.95128205128
1,original,hyperbolic_typed_expressions/i8/sinh/16384/nulls=false/offset=0/fused,10,53101595.0,429.0,123779.94172494173
1,original,hyperbolic_typed_expressions/i8/sinh/16384/nulls=false/offset=0/fused,11,58094001.0,468.0,124132.48076923077
1,original,hyperbolic_typed_expressions/i8/sinh/16384/nulls=false/offset=0/fused,12,65300338.0,507.0,128797.51084812623
1,original,hyperbolic_typed_expressions/i8/sinh/16384/nulls=false/offset=0/fused,13,68903687.0,546.0,126197.22893772894
1,original,hyperbolic_typed_expressions/i8/sinh/16384/nulls=false/offset=0/fused,14,74722959.0,585.0,127731.55384615385
1,original,hyperbolic_typed_expressions/i8/sinh/16384/nulls=false/offset=0/fused,15,79650051.0,624.0,127644.3125
1,original,hyperbolic_typed_expressions/i8/sinh/16384/nulls=false/offset=0/fused,16,83875945.0,663.0,126509.7209653092
1,original,hyperbolic_typed_expressions/i8/sinh/16384/nulls=false/offset=0/fused,17,91324606.0,702.0,130092.03133903134
1,original,hyperbolic_typed_expressions/i8/sinh/16384/nulls=false/offset=0/fused,18,93755677.0,741.0,126525.87989203779
1,original,hyperbolic_typed_expressions/i8/sinh/16384/nulls=false/offset=0/fused,19,97390895.0,780.0,124860.1217948718
1,original,hyperbolic_typed_expressions/i64/cosh/16384/nulls=false/offset=0/fused,0,4691329.0,43.0,109100.67441860466
1,original,hyperbolic_typed_expressions/i64/cosh/16384/nulls=false/offset=0/fused,1,9340961.0,86.0,108615.82558139534
1,original,hyperbolic_typed_expressions/i64/cosh/16384/nulls=false/offset=0/fused,2,14059161.0,129.0,108985.74418604652
1,original,hyperbolic_typed_expressions/i64/cosh/16384/nulls=false/offset=0/fused,3,18725511.0,172.0,108869.25
1,original,hyperbolic_typed_expressions/i64/cosh/16384/nulls=false/offset=0/fused,4,24212250.0,215.0,112615.11627906977
1,original,hyperbolic_typed_expressions/i64/cosh/16384/nulls=false/offset=0/fused,5,28379618.0,258.0,109998.51937984496
1,original,hyperbolic_typed_expressions/i64/cosh/16384/nulls=false/offset=0/fused,6,32906977.0,301.0,109325.5049833887
1,original,hyperbolic_typed_expressions/i64/cosh/16384/nulls=false/offset=0/fused,7,39043068.0,344.0,113497.29069767441
1,original,hyperbolic_typed_expressions/i64/cosh/16384/nulls=false/offset=0/fused,8,42281071.0,387.0,109253.41343669251
1,original,hyperbolic_typed_expressions/i64/cosh/16384/nulls=false/offset=0/fused,9,47320188.0,430.0,110046.9488372093
1,original,hyperbolic_typed_expressions/i64/cosh/16384/nulls=false/offset=0/fused,10,52629999.0,473.0,111268.49682875264
1,original,hyperbolic_typed_expressions/i64/cosh/16384/nulls=false/offset=0/fused,11,58119885.0,516.0,112635.43604651163
1,original,hyperbolic_typed_expressions/i64/cosh/16384/nulls=false/offset=0/fused,12,62398824.0,559.0,111625.80322003578
1,original,hyperbolic_typed_expressions/i64/cosh/16384/nulls=false/offset=0/fused,13,67661556.0,602.0,112394.61129568107
1,original,hyperbolic_typed_expressions/i64/cosh/16384/nulls=false/offset=0/fused,14,71853697.0,645.0,111401.08062015504
1,original,hyperbolic_typed_expressions/i64/cosh/16384/nulls=false/offset=0/fused,15,75738405.0,688.0,110084.89098837209
1,original,hyperbolic_typed_expressions/i64/cosh/16384/nulls=false/offset=0/fused,16,81441004.0,731.0,111410.4021887825
1,original,hyperbolic_typed_expressions/i64/cosh/16384/nulls=false/offset=0/fused,17,85349660.0,774.0,110270.87855297158
1,original,hyperbolic_typed_expressions/i64/cosh/16384/nulls=false/offset=0/fused,18,90925389.0,817.0,111291.78580171359
1,original,hyperbolic_typed_expressions/i64/cosh/16384/nulls=false/offset=0/fused,19,94851256.0,860.0,110292.15813953488
1,original,hyperbolic_typed_expressions/i32/cosh/16384/nulls=false/offset=0/fused,0,4803749.0,43.0,111715.09302325582
1,original,hyperbolic_typed_expressions/i32/cosh/16384/nulls=false/offset=0/fused,1,9492963.0,86.0,110383.29069767441
1,original,hyperbolic_typed_expressions/i32/cosh/16384/nulls=false/offset=0/fused,2,14430647.0,129.0,111865.48062015504
1,original,hyperbolic_typed_expressions/i32/cosh/16384/nulls=false/offset=0/fused,3,19256275.0,172.0,111955.08720930232
1,original,hyperbolic_typed_expressions/i32/cosh/16384/nulls=false/offset=0/fused,4,24834685.0,215.0,115510.16279069768
1,original,hyperbolic_typed_expressions/i32/cosh/16384/nulls=false/offset=0/fused,5,28965301.0,258.0,112268.60852713179
1,original,hyperbolic_typed_expressions/i32/cosh/16384/nulls=false/offset=0/fused,6,36014548.0,301.0,119649.6611295681
1,original,hyperbolic_typed_expressions/i32/cosh/16384/nulls=false/offset=0/fused,7,38410305.0,344.0,111657.86337209302
1,original,hyperbolic_typed_expressions/i32/cosh/16384/nulls=false/offset=0/fused,8,42952944.0,387.0,110989.51937984496
1,original,hyperbolic_typed_expressions/i32/cosh/16384/nulls=false/offset=0/fused,9,47951634.0,430.0,111515.42790697675
1,original,hyperbolic_typed_expressions/i32/cosh/16384/nulls=false/offset=0/fused,10,53110182.0,473.0,112283.68287526428
1,original,hyperbolic_typed_expressions/i32/cosh/16384/nulls=false/offset=0/fused,11,59425238.0,516.0,115165.18992248063
1,original,hyperbolic_typed_expressions/i32/cosh/16384/nulls=false/offset=0/fused,12,62988582.0,559.0,112680.82647584974
1,original,hyperbolic_typed_expressions/i32/cosh/16384/nulls=false/offset=0/fused,13,67815086.0,602.0,112649.64451827243
1,original,hyperbolic_typed_expressions/i32/cosh/16384/nulls=false/offset=0/fused,14,73317515.0,645.0,113670.56589147287
1,original,hyperbolic_typed_expressions/i32/cosh/16384/nulls=false/offset=0/fused,15,77074636.0,688.0,112027.08720930232
1,original,hyperbolic_typed_expressions/i32/cosh/16384/nulls=false/offset=0/fused,16,82865383.0,731.0,113358.93707250342
1,original,hyperbolic_typed_expressions/i32/cosh/16384/nulls=false/offset=0/fused,17,86415065.0,774.0,111647.3708010336
1,original,hyperbolic_typed_expressions/i32/cosh/16384/nulls=false/offset=0/fused,18,91505860.0,817.0,112002.27662178702
1,original,hyperbolic_typed_expressions/i32/cosh/16384/nulls=false/offset=0/fused,19,97394951.0,860.0,113249.94302325581
1,original,hyperbolic_typed_expressions/f32/tanh/16384/nulls=false/offset=0/fused,0,4836516.0,35.0,138186.17142857143
1,original,hyperbolic_typed_expressions/f32/tanh/16384/nulls=false/offset=0/fused,1,9993312.0,70.0,142761.6
1,original,hyperbolic_typed_expressions/f32/tanh/16384/nulls=false/offset=0/fused,2,14788578.0,105.0,140843.6
1,original,hyperbolic_typed_expressions/f32/tanh/16384/nulls=false/offset=0/fused,3,19563316.0,140.0,139737.9714285714
1,original,hyperbolic_typed_expressions/f32/tanh/16384/nulls=false/offset=0/fused,4,24980950.0,175.0,142748.2857142857
1,original,hyperbolic_typed_expressions/f32/tanh/16384/nulls=false/offset=0/fused,5,29461846.0,210.0,140294.50476190477
1,original,hyperbolic_typed_expressions/f32/tanh/16384/nulls=false/offset=0/fused,6,35074854.0,245.0,143162.6693877551
1,original,hyperbolic_typed_expressions/f32/tanh/16384/nulls=false/offset=0/fused,7,39187742.0,280.0,139956.2214285714
1,original,hyperbolic_typed_expressions/f32/tanh/16384/nulls=false/offset=0/fused,8,44190024.0,315.0,140285.79047619048
1,original,hyperbolic_typed_expressions/f32/tanh/16384/nulls=false/offset=0/fused,9,49092734.0,350.0,140264.95428571428
1,original,hyperbolic_typed_expressions/f32/tanh/16384/nulls=false/offset=0/fused,10,53522950.0,385.0,139020.64935064936
1,original,hyperbolic_typed_expressions/f32/tanh/16384/nulls=false/offset=0/fused,11,58721733.0,420.0,139813.65
1,original,hyperbolic_typed_expressions/f32/tanh/16384/nulls=false/offset=0/fused,12,64274055.0,455.0,141261.65934065933
1,original,hyperbolic_typed_expressions/f32/tanh/16384/nulls=false/offset=0/fused,13,70625007.0,490.0,144132.66734693878
1,original,hyperbolic_typed_expressions/f32/tanh/16384/nulls=false/offset=0/fused,14,73078052.0,525.0,139196.28952380954
1,original,hyperbolic_typed_expressions/f32/tanh/16384/nulls=false/offset=0/fused,15,78024350.0,560.0,139329.19642857142
1,original,hyperbolic_typed_expressions/f32/tanh/16384/nulls=false/offset=0/fused,16,84367287.0,595.0,141793.75966386555
1,original,hyperbolic_typed_expressions/f32/tanh/16384/nulls=false/offset=0/fused,17,88316227.0,630.0,140184.4873015873
1,original,hyperbolic_typed_expressions/f32/tanh/16384/nulls=false/offset=0/fused,18,92557600.0,665.0,139184.36090225563
1,original,hyperbolic_typed_expressions/f32/tanh/16384/nulls=false/offset=0/fused,19,98650412.0,700.0,140929.16
1,original,hyperbolic_typed_expressions/i8/tanh/16384/nulls=false/offset=0/fused,0,4990793.0,67.0,74489.44776119402
1,original,hyperbolic_typed_expressions/i8/tanh/16384/nulls=false/offset=0/fused,1,9800990.0,134.0,73141.71641791044
1,original,hyperbolic_typed_expressions/i8/tanh/16384/nulls=false/offset=0/fused,2,14528168.0,201.0,72279.44278606965
1,original,hyperbolic_typed_expressions/i8/tanh/16384/nulls=false/offset=0/fused,3,19569035.0,268.0,73018.78731343284
1,original,hyperbolic_typed_expressions/i8/tanh/16384/nulls=false/offset=0/fused,4,24130691.0,335.0,72031.91343283582
1,original,hyperbolic_typed_expressions/i8/tanh/16384/nulls=false/offset=0/fused,5,29614941.0,402.0,73669.00746268657
1,original,hyperbolic_typed_expressions/i8/tanh/16384/nulls=false/offset=0/fused,6,34468898.0,469.0,73494.45202558636
1,original,hyperbolic_typed_expressions/i8/tanh/16384/nulls=false/offset=0/fused,7,38246055.0,536.0,71354.58022388059
1,original,hyperbolic_typed_expressions/i8/tanh/16384/nulls=false/offset=0/fused,8,43770052.0,603.0,72587.15091210614
1,original,hyperbolic_typed_expressions/i8/tanh/16384/nulls=false/offset=0/fused,9,48060797.0,670.0,71732.5328358209
1,original,hyperbolic_typed_expressions/i8/tanh/16384/nulls=false/offset=0/fused,10,52899397.0,737.0,71776.65807327001
1,original,hyperbolic_typed_expressions/i8/tanh/16384/nulls=false/offset=0/fused,11,57877638.0,804.0,71987.1119402985
1,original,hyperbolic_typed_expressions/i8/tanh/16384/nulls=false/offset=0/fused,12,63732215.0,871.0,73171.31458094144
1,original,hyperbolic_typed_expressions/i8/tanh/16384/nulls=false/offset=0/fused,13,67427317.0,938.0,71884.13326226013
1,original,hyperbolic_typed_expressions/i8/tanh/16384/nulls=false/offset=0/fused,14,73131523.0,1005.0,72767.68457711443
1,original,hyperbolic_typed_expressions/i8/tanh/16384/nulls=false/offset=0/fused,15,77804311.0,1072.0,72578.64832089552
1,original,hyperbolic_typed_expressions/i8/tanh/16384/nulls=false/offset=0/fused,16,83124415.0,1139.0,72980.17120280948
1,original,hyperbolic_typed_expressions/i8/tanh/16384/nulls=false/offset=0/fused,17,86479430.0,1206.0,71707.65339966833
1,original,hyperbolic_typed_expressions/i8/tanh/16384/nulls=false/offset=0/fused,18,92420699.0,1273.0,72600.70620581304
1,original,hyperbolic_typed_expressions/i8/tanh/16384/nulls=false/offset=0/fused,19,98006638.0,1340.0,73139.28208955225
1,original,hyperbolic_typed_expressions/f32/sinh/16384/nulls=false/offset=0/fused,0,4718791.0,33.0,142993.66666666666
1,original,hyperbolic_typed_expressions/f32/sinh/16384/nulls=false/offset=0/fused,1,9291832.0,66.0,140785.33333333334
1,original,hyperbolic_typed_expressions/f32/sinh/16384/nulls=false/offset=0/fused,2,14155000.0,99.0,142979.797979798
1,original,hyperbolic_typed_expressions/f32/sinh/16384/nulls=false/offset=0/fused,3,18793127.0,132.0,142372.17424242425
1,original,hyperbolic_typed_expressions/f32/sinh/16384/nulls=false/offset=0/fused,4,24176321.0,165.0,146523.15757575756
1,original,hyperbolic_typed_expressions/f32/sinh/16384/nulls=false/offset=0/fused,5,28304942.0,198.0,142954.25252525252
1,original,hyperbolic_typed_expressions/f32/sinh/16384/nulls=false/offset=0/fused,6,32619360.0,231.0,141209.35064935064
1,original,hyperbolic_typed_expressions/f32/sinh/16384/nulls=false/offset=0/fused,7,37384432.0,264.0,141607.69696969696
1,original,hyperbolic_typed_expressions/f32/sinh/16384/nulls=false/offset=0/fused,8,42651665.0,297.0,143608.29966329967
1,original,hyperbolic_typed_expressions/f32/sinh/16384/nulls=false/offset=0/fused,9,47488888.0,330.0,143905.72121212122
1,original,hyperbolic_typed_expressions/f32/sinh/16384/nulls=false/offset=0/fused,10,52046531.0,363.0,143378.87327823692
1,original,hyperbolic_typed_expressions/f32/sinh/16384/nulls=false/offset=0/fused,11,55908331.0,396.0,141182.65404040404
1,original,hyperbolic_typed_expressions/f32/sinh/16384/nulls=false/offset=0/fused,12,60885126.0,429.0,141923.37062937062
1,original,hyperbolic_typed_expressions/f32/sinh/16384/nulls=false/offset=0/fused,13,65304914.0,462.0,141352.6277056277
1,original,hyperbolic_typed_expressions/f32/sinh/16384/nulls=false/offset=0/fused,14,70607331.0,495.0,142641.07272727272
1,original,hyperbolic_typed_expressions/f32/sinh/16384/nulls=false/offset=0/fused,15,74534505.0,528.0,141163.83522727274
1,original,hyperbolic_typed_expressions/f32/sinh/16384/nulls=false/offset=0/fused,16,81596793.0,561.0,145448.82887700535
1,original,hyperbolic_typed_expressions/f32/sinh/16384/nulls=false/offset=0/fused,17,84717699.0,594.0,142622.38888888888
1,original,hyperbolic_typed_expressions/f32/sinh/16384/nulls=false/offset=0/fused,18,89678151.0,627.0,143027.35406698566
1,original,hyperbolic_typed_expressions/f32/sinh/16384/nulls=false/offset=0/fused,19,93761787.0,660.0,142063.31363636363
1,original,hyperbolic_typed_expressions/i64/tanh/16384/nulls=false/offset=0/fused,0,4726658.0,68.0,69509.67647058824
1,original,hyperbolic_typed_expressions/i64/tanh/16384/nulls=false/offset=0/fused,1,9498053.0,136.0,69838.625
1,original,hyperbolic_typed_expressions/i64/tanh/16384/nulls=false/offset=0/fused,2,14523489.0,204.0,71193.57352941176
1,original,hyperbolic_typed_expressions/i64/tanh/16384/nulls=false/offset=0/fused,3,19211235.0,272.0,70629.54044117648
1,original,hyperbolic_typed_expressions/i64/tanh/16384/nulls=false/offset=0/fused,4,24524138.0,340.0,72129.81764705882
1,original,hyperbolic_typed_expressions/i64/tanh/16384/nulls=false/offset=0/fused,5,28751179.0,408.0,70468.57598039215
1,original,hyperbolic_typed_expressions/i64/tanh/16384/nulls=false/offset=0/fused,6,33836534.0,476.0,71085.15546218488
1,original,hyperbolic_typed_expressions/i64/tanh/16384/nulls=false/offset=0/fused,7,38981494.0,544.0,71657.1580882353
1,original,hyperbolic_typed_expressions/i64/tanh/16384/nulls=false/offset=0/fused,8,43807957.0,612.0,71581.62908496732
1,original,hyperbolic_typed_expressions/i64/tanh/16384/nulls=false/offset=0/fused,9,47857911.0,680.0,70379.28088235293
1,original,hyperbolic_typed_expressions/i64/tanh/16384/nulls=false/offset=0/fused,10,52401978.0,748.0,70056.12032085561
1,original,hyperbolic_typed_expressions/i64/tanh/16384/nulls=false/offset=0/fused,11,58399355.0,816.0,71567.83700980392
1,original,hyperbolic_typed_expressions/i64/tanh/16384/nulls=false/offset=0/fused,12,63005476.0,884.0,71273.1628959276
1,original,hyperbolic_typed_expressions/i64/tanh/16384/nulls=false/offset=0/fused,13,67356967.0,952.0,70753.11659663866
1,original,hyperbolic_typed_expressions/i64/tanh/16384/nulls=false/offset=0/fused,14,72599320.0,1020.0,71175.80392156863
1,original,hyperbolic_typed_expressions/i64/tanh/16384/nulls=false/offset=0/fused,15,77047259.0,1088.0,70815.49540441176
1,original,hyperbolic_typed_expressions/i64/tanh/16384/nulls=false/offset=0/fused,16,82614333.0,1156.0,71465.68598615917
1,original,hyperbolic_typed_expressions/i64/tanh/16384/nulls=false/offset=0/fused,17,88254532.0,1224.0,72103.37581699346
1,original,hyperbolic_typed_expressions/i64/tanh/16384/nulls=false/offset=0/fused,18,91624781.0,1292.0,70917.01315789473
1,original,hyperbolic_typed_expressions/i64/tanh/16384/nulls=false/offset=0/fused,19,98153738.0,1360.0,72171.86617647059
2,original,hyperbolic_typed_expressions/i64/sinh/16384/nulls=false/offset=0/fused,0,4985570.0,40.0,124639.25
2,original,hyperbolic_typed_expressions/i64/sinh/16384/nulls=false/offset=0/fused,1,9533616.0,80.0,119170.2
2,original,hyperbolic_typed_expressions/i64/sinh/16384/nulls=false/offset=0/fused,2,14401352.0,120.0,120011.26666666666
2,original,hyperbolic_typed_expressions/i64/sinh/16384/nulls=false/offset=0/fused,3,19073583.0,160.0,119209.89375
2,original,hyperbolic_typed_expressions/i64/sinh/16384/nulls=false/offset=0/fused,4,24343464.0,200.0,121717.32
2,original,hyperbolic_typed_expressions/i64/sinh/16384/nulls=false/offset=0/fused,5,28523483.0,240.0,118847.84583333334
2,original,hyperbolic_typed_expressions/i64/sinh/16384/nulls=false/offset=0/fused,6,34125968.0,280.0,121878.45714285714
2,original,hyperbolic_typed_expressions/i64/sinh/16384/nulls=false/offset=0/fused,7,38894556.0,320.0,121545.4875
2,original,hyperbolic_typed_expressions/i64/sinh/16384/nulls=false/offset=0/fused,8,43368522.0,360.0,120468.11666666667
2,original,hyperbolic_typed_expressions/i64/sinh/16384/nulls=false/offset=0/fused,9,47785233.0,400.0,119463.0825
2,original,hyperbolic_typed_expressions/i64/sinh/16384/nulls=false/offset=0/fused,10,52625677.0,440.0,119603.81136363637
2,original,hyperbolic_typed_expressions/i64/sinh/16384/nulls=false/offset=0/fused,11,57315196.0,480.0,119406.65833333334
2,original,hyperbolic_typed_expressions/i64/sinh/16384/nulls=false/offset=0/fused,12,62539376.0,520.0,120268.03076923077
2,original,hyperbolic_typed_expressions/i64/sinh/16384/nulls=false/offset=0/fused,13,67596602.0,560.0,120708.21785714285
2,original,hyperbolic_typed_expressions/i64/sinh/16384/nulls=false/offset=0/fused,14,72122586.0,600.0,120204.31
2,original,hyperbolic_typed_expressions/i64/sinh/16384/nulls=false/offset=0/fused,15,77644329.0,640.0,121319.2640625
2,original,hyperbolic_typed_expressions/i64/sinh/16384/nulls=false/offset=0/fused,16,80993659.0,680.0,119108.32205882353
2,original,hyperbolic_typed_expressions/i64/sinh/16384/nulls=false/offset=0/fused,17,86218460.0,720.0,119747.86111111111
2,original,hyperbolic_typed_expressions/i64/sinh/16384/nulls=false/offset=0/fused,18,91104678.0,760.0,119874.57631578947
2,original,hyperbolic_typed_expressions/i64/sinh/16384/nulls=false/offset=0/fused,19,97215824.0,800.0,121519.78
2,original,hyperbolic_typed_expressions/i16/sinh/16384/nulls=false/offset=0/fused,0,4859711.0,39.0,124607.97435897436
2,original,hyperbolic_typed_expressions/i16/sinh/16384/nulls=false/offset=0/fused,1,9538907.0,78.0,122293.67948717948
2,original,hyperbolic_typed_expressions/i16/sinh/16384/nulls=false/offset=0/fused,2,14209717.0,117.0,121450.57264957266
2,original,hyperbolic_typed_expressions/i16/sinh/16384/nulls=false/offset=0/fused,3,19605058.0,156.0,125673.44871794872
2,original,hyperbolic_typed_expressions/i16/sinh/16384/nulls=false/offset=0/fused,4,25330136.0,195.0,129898.13333333333
2,original,hyperbolic_typed_expressions/i16/sinh/16384/nulls=false/offset=0/fused,5,29646761.0,234.0,126695.55982905983
2,original,hyperbolic_typed_expressions/i16/sinh/16384/nulls=false/offset=0/fused,6,33770770.0,273.0,123702.4542124542
2,original,hyperbolic_typed_expressions/i16/sinh/16384/nulls=false/offset=0/fused,7,38372491.0,312.0,122988.7532051282
2,original,hyperbolic_typed_expressions/i16/sinh/16384/nulls=false/offset=0/fused,8,43547566.0,351.0,124067.1396011396
2,original,hyperbolic_typed_expressions/i16/sinh/16384/nulls=false/offset=0/fused,9,48226829.0,390.0,123658.5358974359
2,original,hyperbolic_typed_expressions/i16/sinh/16384/nulls=false/offset=0/fused,10,52638837.0,429.0,122701.25174825174
2,original,hyperbolic_typed_expressions/i16/sinh/16384/nulls=false/offset=0/fused,11,58398106.0,468.0,124782.27777777778
2,original,hyperbolic_typed_expressions/i16/sinh/16384/nulls=false/offset=0/fused,12,63688079.0,507.0,125617.51282051283
2,original,hyperbolic_typed_expressions/i16/sinh/16384/nulls=false/offset=0/fused,13,67025777.0,546.0,122757.83333333333
2,original,hyperbolic_typed_expressions/i16/sinh/16384/nulls=false/offset=0/fused,14,73474952.0,585.0,125598.20854700854
2,original,hyperbolic_typed_expressions/i16/sinh/16384/nulls=false/offset=0/fused,15,76967982.0,624.0,123346.125
2,original,hyperbolic_typed_expressions/i16/sinh/16384/nulls=false/offset=0/fused,16,81463544.0,663.0,122871.10708898945
2,original,hyperbolic_typed_expressions/i16/sinh/16384/nulls=false/offset=0/fused,17,86541396.0,702.0,123278.34188034188
2,original,hyperbolic_typed_expressions/i16/sinh/16384/nulls=false/offset=0/fused,18,91709686.0,741.0,123764.75843454791
2,original,hyperbolic_typed_expressions/i16/sinh/16384/nulls=false/offset=0/fused,19,95955025.0,780.0,123019.26282051283
2,original,hyperbolic_typed_expressions/i32/tanh/16384/nulls=false/offset=0/fused,0,4880211.0,67.0,72838.97014925373
2,original,hyperbolic_typed_expressions/i32/tanh/16384/nulls=false/offset=0/fused,1,9471559.0,134.0,70683.27611940299
2,original,hyperbolic_typed_expressions/i32/tanh/16384/nulls=false/offset=0/fused,2,14262157.0,201.0,70956.00497512438
2,original,hyperbolic_typed_expressions/i32/tanh/16384/nulls=false/offset=0/fused,3,19005400.0,268.0,70915.67164179105
2,original,hyperbolic_typed_expressions/i32/tanh/16384/nulls=false/offset=0/fused,4,25024615.0,335.0,74700.34328358209
2,original,hyperbolic_typed_expressions/i32/tanh/16384/nulls=false/offset=0/fused,5,28575743.0,402.0,71083.93781094527
2,original,hyperbolic_typed_expressions/i32/tanh/16384/nulls=false/offset=0/fused,6,33112006.0,469.0,70601.2921108742
2,original,hyperbolic_typed_expressions/i32/tanh/16384/nulls=false/offset=0/fused,7,38204538.0,536.0,71277.12313432836
2,original,hyperbolic_typed_expressions/i32/tanh/16384/nulls=false/offset=0/fused,8,42513347.0,603.0,70503.06301824212
2,original,hyperbolic_typed_expressions/i32/tanh/16384/nulls=false/offset=0/fused,9,49546448.0,670.0,73949.9223880597
2,original,hyperbolic_typed_expressions/i32/tanh/16384/nulls=false/offset=0/fused,10,52738110.0,737.0,71557.81546811397
2,original,hyperbolic_typed_expressions/i32/tanh/16384/nulls=false/offset=0/fused,11,57747412.0,804.0,71825.13930348259
2,original,hyperbolic_typed_expressions/i32/tanh/16384/nulls=false/offset=0/fused,12,63106007.0,871.0,72452.3616532721
2,original,hyperbolic_typed_expressions/i32/tanh/16384/nulls=false/offset=0/fused,13,67893989.0,938.0,72381.6513859275
2,original,hyperbolic_typed_expressions/i32/tanh/16384/nulls=false/offset=0/fused,14,72077504.0,1005.0,71718.90945273632
2,original,hyperbolic_typed_expressions/i32/tanh/16384/nulls=false/offset=0/fused,15,75827090.0,1072.0,70734.22574626865
2,original,hyperbolic_typed_expressions/i32/tanh/16384/nulls=false/offset=0/fused,16,80897637.0,1139.0,71025.14223002634
2,original,hyperbolic_typed_expressions/i32/tanh/16384/nulls=false/offset=0/fused,17,85603974.0,1206.0,70981.73631840796
2,original,hyperbolic_typed_expressions/i32/tanh/16384/nulls=false/offset=0/fused,18,91238812.0,1273.0,71672.27965435978
2,original,hyperbolic_typed_expressions/i32/tanh/16384/nulls=false/offset=0/fused,19,96332748.0,1340.0,71890.1104477612
2,original,hyperbolic_typed_expressions/i8/cosh/16384/nulls=false/offset=0/fused,0,4734350.0,41.0,115471.9512195122
2,original,hyperbolic_typed_expressions/i8/cosh/16384/nulls=false/offset=0/fused,1,9426776.0,82.0,114960.68292682926
2,original,hyperbolic_typed_expressions/i8/cosh/16384/nulls=false/offset=0/fused,2,14761735.0,123.0,120014.10569105692
2,original,hyperbolic_typed_expressions/i8/cosh/16384/nulls=false/offset=0/fused,3,18943904.0,164.0,115511.60975609756
2,original,hyperbolic_typed_expressions/i8/cosh/16384/nulls=false/offset=0/fused,4,23694602.0,205.0,115583.4243902439
2,original,hyperbolic_typed_expressions/i8/cosh/16384/nulls=false/offset=0/fused,5,29153143.0,246.0,118508.71138211382
2,original,hyperbolic_typed_expressions/i8/cosh/16384/nulls=false/offset=0/fused,6,33156034.0,287.0,115526.25087108013
2,original,hyperbolic_typed_expressions/i8/cosh/16384/nulls=false/offset=0/fused,7,37896043.0,328.0,115536.71646341463
2,original,hyperbolic_typed_expressions/i8/cosh/16384/nulls=false/offset=0/fused,8,43311398.0,369.0,117375.0623306233
2,original,hyperbolic_typed_expressions/i8/cosh/16384/nulls=false/offset=0/fused,9,47876728.0,410.0,116772.50731707318
2,original,hyperbolic_typed_expressions/i8/cosh/16384/nulls=false/offset=0/fused,10,53560482.0,451.0,118759.38359201774
2,original,hyperbolic_typed_expressions/i8/cosh/16384/nulls=false/offset=0/fused,11,57312465.0,492.0,116488.75
2,original,hyperbolic_typed_expressions/i8/cosh/16384/nulls=false/offset=0/fused,12,63316156.0,533.0,118792.03752345216
2,original,hyperbolic_typed_expressions/i8/cosh/16384/nulls=false/offset=0/fused,13,67266935.0,574.0,117189.78222996516
2,original,hyperbolic_typed_expressions/i8/cosh/16384/nulls=false/offset=0/fused,14,71601005.0,615.0,116424.39837398374
2,original,hyperbolic_typed_expressions/i8/cosh/16384/nulls=false/offset=0/fused,15,76369301.0,656.0,116416.61737804877
2,original,hyperbolic_typed_expressions/i8/cosh/16384/nulls=false/offset=0/fused,16,81848345.0,697.0,117429.47632711621
2,original,hyperbolic_typed_expressions/i8/cosh/16384/nulls=false/offset=0/fused,17,86681133.0,738.0,117454.10975609756
2,original,hyperbolic_typed_expressions/i8/cosh/16384/nulls=false/offset=0/fused,18,91325930.0,779.0,117234.82670089859
2,original,hyperbolic_typed_expressions/i8/cosh/16384/nulls=false/offset=0/fused,19,95243513.0,820.0,116150.6256097561
2,original,hyperbolic_typed_expressions/f32/cosh/16384/nulls=false/offset=0/fused,0,4766881.0,42.0,113497.16666666667
2,original,hyperbolic_typed_expressions/f32/cosh/16384/nulls=false/offset=0/fused,1,9496276.0,84.0,113050.90476190476
2,original,hyperbolic_typed_expressions/f32/cosh/16384/nulls=false/offset=0/fused,2,14334883.0,126.0,113768.91269841269
2,original,hyperbolic_typed_expressions/f32/cosh/16384/nulls=false/offset=0/fused,3,19532234.0,168.0,116263.29761904762
2,original,hyperbolic_typed_expressions/f32/cosh/16384/nulls=false/offset=0/fused,4,24422994.0,210.0,116299.97142857143
2,original,hyperbolic_typed_expressions/f32/cosh/16384/nulls=false/offset=0/fused,5,28849555.0,252.0,114482.36111111111
2,original,hyperbolic_typed_expressions/f32/cosh/16384/nulls=false/offset=0/fused,6,33449122.0,294.0,113772.52380952382
2,original,hyperbolic_typed_expressions/f32/cosh/16384/nulls=false/offset=0/fused,7,39458788.0,336.0,117436.86904761905
2,original,hyperbolic_typed_expressions/f32/cosh/16384/nulls=false/offset=0/fused,8,43043341.0,378.0,113871.27248677249
2,original,hyperbolic_typed_expressions/f32/cosh/16384/nulls=false/offset=0/fused,9,48362781.0,420.0,115149.47857142857
2,original,hyperbolic_typed_expressions/f32/cosh/16384/nulls=false/offset=0/fused,10,52688215.0,462.0,114043.7554112554
2,original,hyperbolic_typed_expressions/f32/cosh/16384/nulls=false/offset=0/fused,11,58382094.0,504.0,115837.48809523809
2,original,hyperbolic_typed_expressions/f32/cosh/16384/nulls=false/offset=0/fused,12,62597583.0,546.0,114647.58791208791
2,original,hyperbolic_typed_expressions/f32/cosh/16384/nulls=false/offset=0/fused,13,67896673.0,588.0,115470.53231292516
2,original,hyperbolic_typed_expressions/f32/cosh/16384/nulls=false/offset=0/fused,14,73407626.0,630.0,116520.04126984127
2,original,hyperbolic_typed_expressions/f32/cosh/16384/nulls=false/offset=0/fused,15,77431026.0,672.0,115224.74107142857
2,original,hyperbolic_typed_expressions/f32/cosh/16384/nulls=false/offset=0/fused,16,81571146.0,714.0,114245.3025210084
2,original,hyperbolic_typed_expressions/f32/cosh/16384/nulls=false/offset=0/fused,17,86924050.0,756.0,114978.90211640211
2,original,hyperbolic_typed_expressions/f32/cosh/16384/nulls=false/offset=0/fused,18,92405864.0,798.0,115796.82205513785
2,original,hyperbolic_typed_expressions/f32/cosh/16384/nulls=false/offset=0/fused,19,96589724.0,840.0,114987.76666666666
2,original,hyperbolic_typed_expressions/i16/tanh/16384/nulls=false/offset=0/fused,0,4814552.0,66.0,72947.75757575757
2,original,hyperbolic_typed_expressions/i16/tanh/16384/nulls=false/offset=0/fused,1,9385791.0,132.0,71104.47727272728
2,original,hyperbolic_typed_expressions/i16/tanh/16384/nulls=false/offset=0/fused,2,14109173.0,198.0,71258.4494949495
2,original,hyperbolic_typed_expressions/i16/tanh/16384/nulls=false/offset=0/fused,3,18972714.0,264.0,71866.34090909091
2,original,hyperbolic_typed_expressions/i16/tanh/16384/nulls=false/offset=0/fused,4,23640838.0,330.0,71638.90303030303
2,original,hyperbolic_typed_expressions/i16/tanh/16384/nulls=false/offset=0/fused,5,28255447.0,396.0,71352.13888888889
2,original,hyperbolic_typed_expressions/i16/tanh/16384/nulls=false/offset=0/fused,6,33177255.0,462.0,71812.24025974025
2,original,hyperbolic_typed_expressions/i16/tanh/16384/nulls=false/offset=0/fused,7,39023809.0,528.0,73908.72916666667
2,original,hyperbolic_typed_expressions/i16/tanh/16384/nulls=false/offset=0/fused,8,42475806.0,594.0,71508.09090909091
2,original,hyperbolic_typed_expressions/i16/tanh/16384/nulls=false/offset=0/fused,9,48284737.0,660.0,73158.69242424243
2,original,hyperbolic_typed_expressions/i16/tanh/16384/nulls=false/offset=0/fused,10,53909388.0,726.0,74255.35537190082
2,original,hyperbolic_typed_expressions/i16/tanh/16384/nulls=false/offset=0/fused,11,60979108.0,792.0,76993.82323232324
2,original,hyperbolic_typed_expressions/i16/tanh/16384/nulls=false/offset=0/fused,12,62566832.0,858.0,72921.71561771561
2,original,hyperbolic_typed_expressions/i16/tanh/16384/nulls=false/offset=0/fused,13,66840714.0,924.0,72338.43506493507
2,original,hyperbolic_typed_expressions/i16/tanh/16384/nulls=false/offset=0/fused,14,78077580.0,990.0,78866.24242424243
2,original,hyperbolic_typed_expressions/i16/tanh/16384/nulls=false/offset=0/fused,15,75710481.0,1056.0,71695.53125
2,original,hyperbolic_typed_expressions/i16/tanh/16384/nulls=false/offset=0/fused,16,80874768.0,1122.0,72080.89839572193
2,original,hyperbolic_typed_expressions/i16/tanh/16384/nulls=false/offset=0/fused,17,88008631.0,1188.0,74081.33922558922
2,original,hyperbolic_typed_expressions/i16/tanh/16384/nulls=false/offset=0/fused,18,89989597.0,1254.0,71762.03907496012
2,original,hyperbolic_typed_expressions/i16/tanh/16384/nulls=false/offset=0/fused,19,95859206.0,1320.0,72620.61060606061
2,original,hyperbolic_typed_expressions/i32/sinh/16384/nulls=false/offset=0/fused,0,4735874.0,39.0,121432.66666666667
2,original,hyperbolic_typed_expressions/i32/sinh/16384/nulls=false/offset=0/fused,1,9351806.0,78.0,119894.94871794872
2,original,hyperbolic_typed_expressions/i32/sinh/16384/nulls=false/offset=0/fused,2,14029279.0,117.0,119908.36752136752
2,original,hyperbolic_typed_expressions/i32/sinh/16384/nulls=false/offset=0/fused,3,19277293.0,156.0,123572.39102564103
2,original,hyperbolic_typed_expressions/i32/sinh/16384/nulls=false/offset=0/fused,4,24209341.0,195.0,124150.46666666666
2,original,hyperbolic_typed_expressions/i32/sinh/16384/nulls=false/offset=0/fused,5,28790308.0,234.0,123035.50427350428
2,original,hyperbolic_typed_expressions/i32/sinh/16384/nulls=false/offset=0/fused,6,33135055.0,273.0,121373.82783882784
2,original,hyperbolic_typed_expressions/i32/sinh/16384/nulls=false/offset=0/fused,7,37360241.0,312.0,119744.36217948717
2,original,hyperbolic_typed_expressions/i32/sinh/16384/nulls=false/offset=0/fused,8,42973729.0,351.0,122432.27635327635
2,original,hyperbolic_typed_expressions/i32/sinh/16384/nulls=false/offset=0/fused,9,47795428.0,390.0,122552.37948717948
2,original,hyperbolic_typed_expressions/i32/sinh/16384/nulls=false/offset=0/fused,10,51663826.0,429.0,120428.49883449884
2,original,hyperbolic_typed_expressions/i32/sinh/16384/nulls=false/offset=0/fused,11,57038047.0,468.0,121876.1688034188
2,original,hyperbolic_typed_expressions/i32/sinh/16384/nulls=false/offset=0/fused,12,62426733.0,507.0,123129.65088757397
2,original,hyperbolic_typed_expressions/i32/sinh/16384/nulls=false/offset=0/fused,13,65964601.0,546.0,120814.28754578755
2,original,hyperbolic_typed_expressions/i32/sinh/16384/nulls=false/offset=0/fused,14,70910905.0,585.0,121215.22222222222
2,original,hyperbolic_typed_expressions/i32/sinh/16384/nulls=false/offset=0/fused,15,77288228.0,624.0,123859.33974358975
2,original,hyperbolic_typed_expressions/i32/sinh/16384/nulls=false/offset=0/fused,16,81391503.0,663.0,122762.4479638009
2,original,hyperbolic_typed_expressions/i32/sinh/16384/nulls=false/offset=0/fused,17,85721645.0,702.0,122110.60541310541
2,original,hyperbolic_typed_expressions/i32/sinh/16384/nulls=false/offset=0/fused,18,94438897.0,741.0,127447.90418353576
2,original,hyperbolic_typed_expressions/i32/sinh/16384/nulls=false/offset=0/fused,19,95382987.0,780.0,122285.88076923077
2,original,hyperbolic_typed_expressions/i16/cosh/16384/nulls=false/offset=0/fused,0,4772998.0,41.0,116414.58536585367
2,original,hyperbolic_typed_expressions/i16/cosh/16384/nulls=false/offset=0/fused,1,9584606.0,82.0,116885.43902439025
2,original,hyperbolic_typed_expressions/i16/cosh/16384/nulls=false/offset=0/fused,2,15190909.0,123.0,123503.32520325204
2,original,hyperbolic_typed_expressions/i16/cosh/16384/nulls=false/offset=0/fused,3,19073050.0,164.0,116299.08536585367
2,original,hyperbolic_typed_expressions/i16/cosh/16384/nulls=false/offset=0/fused,4,25454998.0,205.0,124170.72195121952
2,original,hyperbolic_typed_expressions/i16/cosh/16384/nulls=false/offset=0/fused,5,28540561.0,246.0,116018.5406504065
2,original,hyperbolic_typed_expressions/i16/cosh/16384/nulls=false/offset=0/fused,6,33744644.0,287.0,117577.15679442509
2,original,hyperbolic_typed_expressions/i16/cosh/16384/nulls=false/offset=0/fused,7,37970402.0,328.0,115763.42073170732
2,original,hyperbolic_typed_expressions/i16/cosh/16384/nulls=false/offset=0/fused,8,42973674.0,369.0,116459.82113821138
2,original,hyperbolic_typed_expressions/i16/cosh/16384/nulls=false/offset=0/fused,9,49488057.0,410.0,120702.57804878049
2,original,hyperbolic_typed_expressions/i16/cosh/16384/nulls=false/offset=0/fused,10,53103792.0,451.0,117746.76718403547
2,original,hyperbolic_typed_expressions/i16/cosh/16384/nulls=false/offset=0/fused,11,57186980.0,492.0,116233.69918699187
2,original,hyperbolic_typed_expressions/i16/cosh/16384/nulls=false/offset=0/fused,12,62948924.0,533.0,118103.0469043152
2,original,hyperbolic_typed_expressions/i16/cosh/16384/nulls=false/offset=0/fused,13,67110305.0,574.0,116916.90766550522
2,original,hyperbolic_typed_expressions/i16/cosh/16384/nulls=false/offset=0/fused,14,71458628.0,615.0,116192.89105691056
2,original,hyperbolic_typed_expressions/i16/cosh/16384/nulls=false/offset=0/fused,15,77416461.0,656.0,118012.89786585367
2,original,hyperbolic_typed_expressions/i16/cosh/16384/nulls=false/offset=0/fused,16,80727704.0,697.0,115821.6700143472
2,original,hyperbolic_typed_expressions/i16/cosh/16384/nulls=false/offset=0/fused,17,85449564.0,738.0,115785.31707317074
2,original,hyperbolic_typed_expressions/i16/cosh/16384/nulls=false/offset=0/fused,18,91161471.0,779.0,117023.71116816431
2,original,hyperbolic_typed_expressions/i16/cosh/16384/nulls=false/offset=0/fused,19,95012838.0,820.0,115869.31463414634
2,original,hyperbolic_typed_expressions/i8/sinh/16384/nulls=false/offset=0/fused,0,4765531.0,39.0,122193.10256410256
2,original,hyperbolic_typed_expressions/i8/sinh/16384/nulls=false/offset=0/fused,1,9558449.0,78.0,122544.21794871795
2,original,hyperbolic_typed_expressions/i8/sinh/16384/nulls=false/offset=0/fused,2,14886403.0,117.0,127234.21367521367
2,original,hyperbolic_typed_expressions/i8/sinh/16384/nulls=false/offset=0/fused,3,19235778.0,156.0,123306.26923076923
2,original,hyperbolic_typed_expressions/i8/sinh/16384/nulls=false/offset=0/fused,4,24110133.0,195.0,123641.7076923077
2,original,hyperbolic_typed_expressions/i8/sinh/16384/nulls=false/offset=0/fused,5,28958039.0,234.0,123752.30341880342
2,original,hyperbolic_typed_expressions/i8/sinh/16384/nulls=false/offset=0/fused,6,34179679.0,273.0,125200.28937728937
2,original,hyperbolic_typed_expressions/i8/sinh/16384/nulls=false/offset=0/fused,7,41175982.0,312.0,131974.30128205128
2,original,hyperbolic_typed_expressions/i8/sinh/16384/nulls=false/offset=0/fused,8,45260558.0,351.0,128947.45868945868
2,original,hyperbolic_typed_expressions/i8/sinh/16384/nulls=false/offset=0/fused,9,50359864.0,390.0,129127.85641025641
2,original,hyperbolic_typed_expressions/i8/sinh/16384/nulls=false/offset=0/fused,10,53591382.0,429.0,124921.63636363637
2,original,hyperbolic_typed_expressions/i8/sinh/16384/nulls=false/offset=0/fused,11,57545713.0,468.0,122960.92521367522
2,original,hyperbolic_typed_expressions/i8/sinh/16384/nulls=false/offset=0/fused,12,62359664.0,507.0,122997.36489151874
2,original,hyperbolic_typed_expressions/i8/sinh/16384/nulls=false/offset=0/fused,13,68527350.0,546.0,125507.96703296703
2,original,hyperbolic_typed_expressions/i8/sinh/16384/nulls=false/offset=0/fused,14,72821018.0,585.0,124480.37264957264
2,original,hyperbolic_typed_expressions/i8/sinh/16384/nulls=false/offset=0/fused,15,78057085.0,624.0,125091.48237179487
2,original,hyperbolic_typed_expressions/i8/sinh/16384/nulls=false/offset=0/fused,16,83188892.0,663.0,125473.4419306184
2,original,hyperbolic_typed_expressions/i8/sinh/16384/nulls=false/offset=0/fused,17,87839290.0,702.0,125127.19373219373
2,original,hyperbolic_typed_expressions/i8/sinh/16384/nulls=false/offset=0/fused,18,91528057.0,741.0,123519.64507422403
2,original,hyperbolic_typed_expressions/i8/sinh/16384/nulls=false/offset=0/fused,19,99283629.0,780.0,127286.70384615385
2,original,hyperbolic_typed_expressions/i64/cosh/16384/nulls=false/offset=0/fused,0,4914110.0,43.0,114281.62790697675
2,original,hyperbolic_typed_expressions/i64/cosh/16384/nulls=false/offset=0/fused,1,9576800.0,86.0,111358.13953488372
2,original,hyperbolic_typed_expressions/i64/cosh/16384/nulls=false/offset=0/fused,2,14151745.0,129.0,109703.4496124031
2,original,hyperbolic_typed_expressions/i64/cosh/16384/nulls=false/offset=0/fused,3,18891025.0,172.0,109831.54069767441
2,original,hyperbolic_typed_expressions/i64/cosh/16384/nulls=false/offset=0/fused,4,23691257.0,215.0,110191.89302325582
2,original,hyperbolic_typed_expressions/i64/cosh/16384/nulls=false/offset=0/fused,5,29924831.0,258.0,115987.71705426357
2,original,hyperbolic_typed_expressions/i64/cosh/16384/nulls=false/offset=0/fused,6,33461975.0,301.0,111169.35215946844
2,original,hyperbolic_typed_expressions/i64/cosh/16384/nulls=false/offset=0/fused,7,37989140.0,344.0,110433.54651162791
2,original,hyperbolic_typed_expressions/i64/cosh/16384/nulls=false/offset=0/fused,8,43467392.0,387.0,112318.84237726098
2,original,hyperbolic_typed_expressions/i64/cosh/16384/nulls=false/offset=0/fused,9,47322373.0,430.0,110052.03023255814
2,original,hyperbolic_typed_expressions/i64/cosh/16384/nulls=false/offset=0/fused,10,52315927.0,473.0,110604.49682875264
2,original,hyperbolic_typed_expressions/i64/cosh/16384/nulls=false/offset=0/fused,11,56217901.0,516.0,108949.42054263566
2,original,hyperbolic_typed_expressions/i64/cosh/16384/nulls=false/offset=0/fused,12,62006329.0,559.0,110923.66547406082
2,original,hyperbolic_typed_expressions/i64/cosh/16384/nulls=false/offset=0/fused,13,66007819.0,602.0,109647.53986710963
2,original,hyperbolic_typed_expressions/i64/cosh/16384/nulls=false/offset=0/fused,14,71573748.0,645.0,110967.0511627907
2,original,hyperbolic_typed_expressions/i64/cosh/16384/nulls=false/offset=0/fused,15,75993714.0,688.0,110455.9796511628
2,original,hyperbolic_typed_expressions/i64/cosh/16384/nulls=false/offset=0/fused,16,81361490.0,731.0,111301.62790697675
2,original,hyperbolic_typed_expressions/i64/cosh/16384/nulls=false/offset=0/fused,17,84365404.0,774.0,108999.2299741602
2,original,hyperbolic_typed_expressions/i64/cosh/16384/nulls=false/offset=0/fused,18,89912933.0,817.0,110052.54957160342
2,original,hyperbolic_typed_expressions/i64/cosh/16384/nulls=false/offset=0/fused,19,95046192.0,860.0,110518.82790697674
2,original,hyperbolic_typed_expressions/i32/cosh/16384/nulls=false/offset=0/fused,0,4684229.0,42.0,111529.26190476191
2,original,hyperbolic_typed_expressions/i32/cosh/16384/nulls=false/offset=0/fused,1,9705030.0,84.0,115536.07142857143
2,original,hyperbolic_typed_expressions/i32/cosh/16384/nulls=false/offset=0/fused,2,14373778.0,126.0,114077.60317460318
2,original,hyperbolic_typed_expressions/i32/cosh/16384/nulls=false/offset=0/fused,3,18820922.0,168.0,112029.29761904762
2,original,hyperbolic_typed_expressions/i32/cosh/16384/nulls=false/offset=0/fused,4,24341266.0,210.0,115910.79047619048
2,original,hyperbolic_typed_expressions/i32/cosh/16384/nulls=false/offset=0/fused,5,29451886.0,252.0,116872.56349206349
2,original,hyperbolic_typed_expressions/i32/cosh/16384/nulls=false/offset=0/fused,6,33814369.0,294.0,115014.86054421769
2,original,hyperbolic_typed_expressions/i32/cosh/16384/nulls=false/offset=0/fused,7,37645423.0,336.0,112039.94940476191
2,original,hyperbolic_typed_expressions/i32/cosh/16384/nulls=false/offset=0/fused,8,42436492.0,378.0,112265.85185185185
2,original,hyperbolic_typed_expressions/i32/cosh/16384/nulls=false/offset=0/fused,9,47855923.0,420.0,113942.67380952381
2,original,hyperbolic_typed_expressions/i32/cosh/16384/nulls=false/offset=0/fused,10,51819520.0,462.0,112163.46320346321
2,original,hyperbolic_typed_expressions/i32/cosh/16384/nulls=false/offset=0/fused,11,57249222.0,504.0,113589.72619047618
2,original,hyperbolic_typed_expressions/i32/cosh/16384/nulls=false/offset=0/fused,12,61348320.0,546.0,112359.56043956045
2,original,hyperbolic_typed_expressions/i32/cosh/16384/nulls=false/offset=0/fused,13,67106611.0,588.0,114126.88945578231
2,original,hyperbolic_typed_expressions/i32/cosh/16384/nulls=false/offset=0/fused,14,72409121.0,630.0,114935.1126984127
2,original,hyperbolic_typed_expressions/i32/cosh/16384/nulls=false/offset=0/fused,15,75872010.0,672.0,112904.77678571429
2,original,hyperbolic_typed_expressions/i32/cosh/16384/nulls=false/offset=0/fused,16,80861297.0,714.0,113251.1162464986
2,original,hyperbolic_typed_expressions/i32/cosh/16384/nulls=false/offset=0/fused,17,85577711.0,756.0,113198.03042328042
2,original,hyperbolic_typed_expressions/i32/cosh/16384/nulls=false/offset=0/fused,18,89850399.0,798.0,112594.48496240602
2,original,hyperbolic_typed_expressions/i32/cosh/16384/nulls=false/offset=0/fused,19,95738107.0,840.0,113973.93690476191
2,original,hyperbolic_typed_expressions/f32/tanh/16384/nulls=false/offset=0/fused,0,4984338.0,35.0,142409.65714285715
2,original,hyperbolic_typed_expressions/f32/tanh/16384/nulls=false/offset=0/fused,1,9579056.0,70.0,136843.65714285715
2,original,hyperbolic_typed_expressions/f32/tanh/16384/nulls=false/offset=0/fused,2,14550882.0,105.0,138579.82857142857
2,original,hyperbolic_typed_expressions/f32/tanh/16384/nulls=false/offset=0/fused,3,19577909.0,140.0,139842.20714285714
2,original,hyperbolic_typed_expressions/f32/tanh/16384/nulls=false/offset=0/fused,4,23879842.0,175.0,136456.24
2,original,hyperbolic_typed_expressions/f32/tanh/16384/nulls=false/offset=0/fused,5,29319614.0,210.0,139617.20952380952
2,original,hyperbolic_typed_expressions/f32/tanh/16384/nulls=false/offset=0/fused,6,33713680.0,245.0,137606.85714285713
2,original,hyperbolic_typed_expressions/f32/tanh/16384/nulls=false/offset=0/fused,7,39331944.0,280.0,140471.22857142857
2,original,hyperbolic_typed_expressions/f32/tanh/16384/nulls=false/offset=0/fused,8,44579854.0,315.0,141523.34603174604
2,original,hyperbolic_typed_expressions/f32/tanh/16384/nulls=false/offset=0/fused,9,49872288.0,350.0,142492.25142857144
2,original,hyperbolic_typed_expressions/f32/tanh/16384/nulls=false/offset=0/fused,10,53504459.0,385.0,138972.62077922077
2,original,hyperbolic_typed_expressions/f32/tanh/16384/nulls=false/offset=0/fused,11,58030982.0,420.0,138169.00476190477
2,original,hyperbolic_typed_expressions/f32/tanh/16384/nulls=false/offset=0/fused,12,63339002.0,455.0,139206.5978021978
2,original,hyperbolic_typed_expressions/f32/tanh/16384/nulls=false/offset=0/fused,13,67124993.0,490.0,136989.78163265306
2,original,hyperbolic_typed_expressions/f32/tanh/16384/nulls=false/offset=0/fused,14,73207859.0,525.0,139443.54095238095
2,original,hyperbolic_typed_expressions/f32/tanh/16384/nulls=false/offset=0/fused,15,78398297.0,560.0,139996.95892857143
2,original,hyperbolic_typed_expressions/f32/tanh/16384/nulls=false/offset=0/fused,16,82367979.0,595.0,138433.5781512605
2,original,hyperbolic_typed_expressions/f32/tanh/16384/nulls=false/offset=0/fused,17,87695038.0,630.0,139198.47301587302
2,original,hyperbolic_typed_expressions/f32/tanh/16384/nulls=false/offset=0/fused,18,92876597.0,665.0,139664.05563909776
2,original,hyperbolic_typed_expressions/f32/tanh/16384/nulls=false/offset=0/fused,19,97076238.0,700.0,138680.34
2,original,hyperbolic_typed_expressions/i8/tanh/16384/nulls=false/offset=0/fused,0,4664826.0,66.0,70679.18181818182
2,original,hyperbolic_typed_expressions/i8/tanh/16384/nulls=false/offset=0/fused,1,9586079.0,132.0,72621.81060606061
2,original,hyperbolic_typed_expressions/i8/tanh/16384/nulls=false/offset=0/fused,2,14064054.0,198.0,71030.57575757576
2,original,hyperbolic_typed_expressions/i8/tanh/16384/nulls=false/offset=0/fused,3,18788724.0,264.0,71169.40909090909
2,original,hyperbolic_typed_expressions/i8/tanh/16384/nulls=false/offset=0/fused,4,23561349.0,330.0,71398.02727272727
2,original,hyperbolic_typed_expressions/i8/tanh/16384/nulls=false/offset=0/fused,5,28766203.0,396.0,72641.92676767676
2,original,hyperbolic_typed_expressions/i8/tanh/16384/nulls=false/offset=0/fused,6,32923229.0,462.0,71262.40043290044
2,original,hyperbolic_typed_expressions/i8/tanh/16384/nulls=false/offset=0/fused,7,37751283.0,528.0,71498.64204545454
2,original,hyperbolic_typed_expressions/i8/tanh/16384/nulls=false/offset=0/fused,8,42808694.0,594.0,72068.50841750842
2,original,hyperbolic_typed_expressions/i8/tanh/16384/nulls=false/offset=0/fused,9,47879035.0,660.0,72543.99242424243
2,original,hyperbolic_typed_expressions/i8/tanh/16384/nulls=false/offset=0/fused,10,53449941.0,726.0,73622.50826446281
2,original,hyperbolic_typed_expressions/i8/tanh/16384/nulls=false/offset=0/fused,11,56490461.0,792.0,71326.33964646465
2,original,hyperbolic_typed_expressions/i8/tanh/16384/nulls=false/offset=0/fused,12,61870484.0,858.0,72110.12121212122
2,original,hyperbolic_typed_expressions/i8/tanh/16384/nulls=false/offset=0/fused,13,68119293.0,924.0,73722.17857142857
2,original,hyperbolic_typed_expressions/i8/tanh/16384/nulls=false/offset=0/fused,14,72255840.0,990.0,72985.69696969698
2,original,hyperbolic_typed_expressions/i8/tanh/16384/nulls=false/offset=0/fused,15,76008890.0,1056.0,71978.11553030302
2,original,hyperbolic_typed_expressions/i8/tanh/16384/nulls=false/offset=0/fused,16,81823888.0,1122.0,72926.81639928698
2,original,hyperbolic_typed_expressions/i8/tanh/16384/nulls=false/offset=0/fused,17,86276745.0,1188.0,72623.52272727272
2,original,hyperbolic_typed_expressions/i8/tanh/16384/nulls=false/offset=0/fused,18,89533845.0,1254.0,71398.6004784689
2,original,hyperbolic_typed_expressions/i8/tanh/16384/nulls=false/offset=0/fused,19,95747403.0,1320.0,72535.91136363636
2,original,hyperbolic_typed_expressions/f32/sinh/16384/nulls=false/offset=0/fused,0,4773278.0,34.0,140390.5294117647
2,original,hyperbolic_typed_expressions/f32/sinh/16384/nulls=false/offset=0/fused,1,9726123.0,68.0,143031.2205882353
2,original,hyperbolic_typed_expressions/f32/sinh/16384/nulls=false/offset=0/fused,2,14352838.0,102.0,140714.0980392157
2,original,hyperbolic_typed_expressions/f32/sinh/16384/nulls=false/offset=0/fused,3,19186152.0,136.0,141074.64705882352
2,original,hyperbolic_typed_expressions/f32/sinh/16384/nulls=false/offset=0/fused,4,24040043.0,170.0,141412.01764705882
2,original,hyperbolic_typed_expressions/f32/sinh/16384/nulls=false/offset=0/fused,5,28693345.0,204.0,140653.6519607843
2,original,hyperbolic_typed_expressions/f32/sinh/16384/nulls=false/offset=0/fused,6,33754781.0,238.0,141826.81092436975
2,original,hyperbolic_typed_expressions/f32/sinh/16384/nulls=false/offset=0/fused,7,38385326.0,272.0,141122.52205882352
2,original,hyperbolic_typed_expressions/f32/sinh/16384/nulls=false/offset=0/fused,8,43111796.0,306.0,140888.22222222222
2,original,hyperbolic_typed_expressions/f32/sinh/16384/nulls=false/offset=0/fused,9,48165474.0,340.0,141663.1588235294
2,original,hyperbolic_typed_expressions/f32/sinh/16384/nulls=false/offset=0/fused,10,53205821.0,374.0,142261.55347593583
2,original,hyperbolic_typed_expressions/f32/sinh/16384/nulls=false/offset=0/fused,11,58092320.0,408.0,142383.13725490196
2,original,hyperbolic_typed_expressions/f32/sinh/16384/nulls=false/offset=0/fused,12,65524658.0,442.0,148245.83257918552
2,original,hyperbolic_typed_expressions/f32/sinh/16384/nulls=false/offset=0/fused,13,69213265.0,476.0,145406.01890756303
2,original,hyperbolic_typed_expressions/f32/sinh/16384/nulls=false/offset=0/fused,14,72808028.0,510.0,142760.83921568628
2,original,hyperbolic_typed_expressions/f32/sinh/16384/nulls=false/offset=0/fused,15,78071056.0,544.0,143512.9705882353
2,original,hyperbolic_typed_expressions/f32/sinh/16384/nulls=false/offset=0/fused,16,81224481.0,578.0,140526.78373702423
2,original,hyperbolic_typed_expressions/f32/sinh/16384/nulls=false/offset=0/fused,17,87634459.0,612.0,143193.56045751635
2,original,hyperbolic_typed_expressions/f32/sinh/16384/nulls=false/offset=0/fused,18,91272942.0,646.0,141289.3839009288
2,original,hyperbolic_typed_expressions/f32/sinh/16384/nulls=false/offset=0/fused,19,96605267.0,680.0,142066.56911764707
2,original,hyperbolic_typed_expressions/i64/tanh/16384/nulls=false/offset=0/fused,0,4698975.0,68.0,69102.57352941176
2,original,hyperbolic_typed_expressions/i64/tanh/16384/nulls=false/offset=0/fused,1,9420206.0,136.0,69266.2205882353
2,original,hyperbolic_typed_expressions/i64/tanh/16384/nulls=false/offset=0/fused,2,14411754.0,204.0,70645.85294117648
2,original,hyperbolic_typed_expressions/i64/tanh/16384/nulls=false/offset=0/fused,3,18889993.0,272.0,69448.50367647059
2,original,hyperbolic_typed_expressions/i64/tanh/16384/nulls=false/offset=0/fused,4,24317900.0,340.0,71523.23529411765
2,original,hyperbolic_typed_expressions/i64/tanh/16384/nulls=false/offset=0/fused,5,28773181.0,408.0,70522.50245098039
2,original,hyperbolic_typed_expressions/i64/tanh/16384/nulls=false/offset=0/fused,6,33606269.0,476.0,70601.40546218488
2,original,hyperbolic_typed_expressions/i64/tanh/16384/nulls=false/offset=0/fused,7,37960992.0,544.0,69781.23529411765
2,original,hyperbolic_typed_expressions/i64/tanh/16384/nulls=false/offset=0/fused,8,43634230.0,612.0,71297.7614379085
2,original,hyperbolic_typed_expressions/i64/tanh/16384/nulls=false/offset=0/fused,9,47505230.0,680.0,69860.63235294117
2,original,hyperbolic_typed_expressions/i64/tanh/16384/nulls=false/offset=0/fused,10,52755024.0,748.0,70528.10695187165
2,original,hyperbolic_typed_expressions/i64/tanh/16384/nulls=false/offset=0/fused,11,56946254.0,816.0,69787.07598039215
2,original,hyperbolic_typed_expressions/i64/tanh/16384/nulls=false/offset=0/fused,12,62602644.0,884.0,70817.4705882353
2,original,hyperbolic_typed_expressions/i64/tanh/16384/nulls=false/offset=0/fused,13,69870397.0,952.0,73393.27415966387
2,original,hyperbolic_typed_expressions/i64/tanh/16384/nulls=false/offset=0/fused,14,70857403.0,1020.0,69468.04215686275
2,original,hyperbolic_typed_expressions/i64/tanh/16384/nulls=false/offset=0/fused,15,76794225.0,1088.0,70582.92738970589
2,original,hyperbolic_typed_expressions/i64/tanh/16384/nulls=false/offset=0/fused,16,80577038.0,1156.0,69703.32006920416
2,original,hyperbolic_typed_expressions/i64/tanh/16384/nulls=false/offset=0/fused,17,85383614.0,1224.0,69757.8545751634
2,original,hyperbolic_typed_expressions/i64/tanh/16384/nulls=false/offset=0/fused,18,90788226.0,1292.0,70269.52476780186
2,original,hyperbolic_typed_expressions/i64/tanh/16384/nulls=false/offset=0/fused,19,96267668.0,1360.0,70785.05
3,candidate,hyperbolic_typed_expressions/i64/sinh/16384/nulls=false/offset=0/fused,0,4899296.0,41.0,119495.0243902439
3,candidate,hyperbolic_typed_expressions/i64/sinh/16384/nulls=false/offset=0/fused,1,9541526.0,82.0,116360.0731707317
3,candidate,hyperbolic_typed_expressions/i64/sinh/16384/nulls=false/offset=0/fused,2,14144201.0,123.0,114993.50406504064
3,candidate,hyperbolic_typed_expressions/i64/sinh/16384/nulls=false/offset=0/fused,3,19456548.0,164.0,118637.48780487805
3,candidate,hyperbolic_typed_expressions/i64/sinh/16384/nulls=false/offset=0/fused,4,23862774.0,205.0,116403.77560975609
3,candidate,hyperbolic_typed_expressions/i64/sinh/16384/nulls=false/offset=0/fused,5,28539853.0,246.0,116015.66260162601
3,candidate,hyperbolic_typed_expressions/i64/sinh/16384/nulls=false/offset=0/fused,6,33575660.0,287.0,116988.36236933798
3,candidate,hyperbolic_typed_expressions/i64/sinh/16384/nulls=false/offset=0/fused,7,38396577.0,328.0,117062.73475609756
3,candidate,hyperbolic_typed_expressions/i64/sinh/16384/nulls=false/offset=0/fused,8,42911798.0,369.0,116292.13550135502
3,candidate,hyperbolic_typed_expressions/i64/sinh/16384/nulls=false/offset=0/fused,9,48606254.0,410.0,118551.83902439024
3,candidate,hyperbolic_typed_expressions/i64/sinh/16384/nulls=false/offset=0/fused,10,52383337.0,451.0,116149.30598669623
3,candidate,hyperbolic_typed_expressions/i64/sinh/16384/nulls=false/offset=0/fused,11,56551118.0,492.0,114941.29674796748
3,candidate,hyperbolic_typed_expressions/i64/sinh/16384/nulls=false/offset=0/fused,12,61136870.0,533.0,114703.32082551594
3,candidate,hyperbolic_typed_expressions/i64/sinh/16384/nulls=false/offset=0/fused,13,67460757.0,574.0,117527.4512195122
3,candidate,hyperbolic_typed_expressions/i64/sinh/16384/nulls=false/offset=0/fused,14,70859330.0,615.0,115218.42276422764
3,candidate,hyperbolic_typed_expressions/i64/sinh/16384/nulls=false/offset=0/fused,15,75858711.0,656.0,115638.27896341463
3,candidate,hyperbolic_typed_expressions/i64/sinh/16384/nulls=false/offset=0/fused,16,80826789.0,697.0,115963.82926829268
3,candidate,hyperbolic_typed_expressions/i64/sinh/16384/nulls=false/offset=0/fused,17,84818821.0,738.0,114930.65176151761
3,candidate,hyperbolic_typed_expressions/i64/sinh/16384/nulls=false/offset=0/fused,18,90458407.0,779.0,116121.18998716303
3,candidate,hyperbolic_typed_expressions/i64/sinh/16384/nulls=false/offset=0/fused,19,94980879.0,820.0,115830.34024390244
3,candidate,hyperbolic_typed_expressions/i16/sinh/16384/nulls=false/offset=0/fused,0,4748360.0,40.0,118709.0
3,candidate,hyperbolic_typed_expressions/i16/sinh/16384/nulls=false/offset=0/fused,1,9475787.0,80.0,118447.3375
3,candidate,hyperbolic_typed_expressions/i16/sinh/16384/nulls=false/offset=0/fused,2,14169132.0,120.0,118076.1
3,candidate,hyperbolic_typed_expressions/i16/sinh/16384/nulls=false/offset=0/fused,3,18830415.0,160.0,117690.09375
3,candidate,hyperbolic_typed_expressions/i16/sinh/16384/nulls=false/offset=0/fused,4,23604406.0,200.0,118022.03
3,candidate,hyperbolic_typed_expressions/i16/sinh/16384/nulls=false/offset=0/fused,5,28619668.0,240.0,119248.61666666667
3,candidate,hyperbolic_typed_expressions/i16/sinh/16384/nulls=false/offset=0/fused,6,33245782.0,280.0,118734.93571428572
3,candidate,hyperbolic_typed_expressions/i16/sinh/16384/nulls=false/offset=0/fused,7,39084556.0,320.0,122139.2375
3,candidate,hyperbolic_typed_expressions/i16/sinh/16384/nulls=false/offset=0/fused,8,43712488.0,360.0,121423.57777777778
3,candidate,hyperbolic_typed_expressions/i16/sinh/16384/nulls=false/offset=0/fused,9,47598976.0,400.0,118997.44
3,candidate,hyperbolic_typed_expressions/i16/sinh/16384/nulls=false/offset=0/fused,10,53390881.0,440.0,121342.91136363636
3,candidate,hyperbolic_typed_expressions/i16/sinh/16384/nulls=false/offset=0/fused,11,57419242.0,480.0,119623.42083333334
3,candidate,hyperbolic_typed_expressions/i16/sinh/16384/nulls=false/offset=0/fused,12,62850106.0,520.0,120865.58846153846
3,candidate,hyperbolic_typed_expressions/i16/sinh/16384/nulls=false/offset=0/fused,13,67140004.0,560.0,119892.86428571428
3,candidate,hyperbolic_typed_expressions/i16/sinh/16384/nulls=false/offset=0/fused,14,73064572.0,600.0,121774.28666666667
3,candidate,hyperbolic_typed_expressions/i16/sinh/16384/nulls=false/offset=0/fused,15,76329960.0,640.0,119265.5625
3,candidate,hyperbolic_typed_expressions/i16/sinh/16384/nulls=false/offset=0/fused,16,82592593.0,680.0,121459.69558823529
3,candidate,hyperbolic_typed_expressions/i16/sinh/16384/nulls=false/offset=0/fused,17,86160967.0,720.0,119668.00972222222
3,candidate,hyperbolic_typed_expressions/i16/sinh/16384/nulls=false/offset=0/fused,18,90283333.0,760.0,118793.85921052631
3,candidate,hyperbolic_typed_expressions/i16/sinh/16384/nulls=false/offset=0/fused,19,96410182.0,800.0,120512.7275
3,candidate,hyperbolic_typed_expressions/i32/tanh/16384/nulls=false/offset=0/fused,0,4719165.0,77.0,61287.857142857145
3,candidate,hyperbolic_typed_expressions/i32/tanh/16384/nulls=false/offset=0/fused,1,9775208.0,154.0,63475.37662337662
3,candidate,hyperbolic_typed_expressions/i32/tanh/16384/nulls=false/offset=0/fused,2,14842050.0,231.0,64251.2987012987
3,candidate,hyperbolic_typed_expressions/i32/tanh/16384/nulls=false/offset=0/fused,3,19242608.0,308.0,62476.0
3,candidate,hyperbolic_typed_expressions/i32/tanh/16384/nulls=false/offset=0/fused,4,23978826.0,385.0,62282.66493506494
3,candidate,hyperbolic_typed_expressions/i32/tanh/16384/nulls=false/offset=0/fused,5,29692526.0,462.0,64269.5367965368
3,candidate,hyperbolic_typed_expressions/i32/tanh/16384/nulls=false/offset=0/fused,6,34025075.0,539.0,63126.2987012987
3,candidate,hyperbolic_typed_expressions/i32/tanh/16384/nulls=false/offset=0/fused,7,38916377.0,616.0,63175.93668831169
3,candidate,hyperbolic_typed_expressions/i32/tanh/16384/nulls=false/offset=0/fused,8,43869063.0,693.0,63303.121212121216
3,candidate,hyperbolic_typed_expressions/i32/tanh/16384/nulls=false/offset=0/fused,9,47917696.0,770.0,62230.774025974024
3,candidate,hyperbolic_typed_expressions/i32/tanh/16384/nulls=false/offset=0/fused,10,52467592.0,847.0,61945.208972845336
3,candidate,hyperbolic_typed_expressions/i32/tanh/16384/nulls=false/offset=0/fused,11,58112962.0,924.0,62892.816017316014
3,candidate,hyperbolic_typed_expressions/i32/tanh/16384/nulls=false/offset=0/fused,12,62595807.0,1001.0,62533.27372627373
3,candidate,hyperbolic_typed_expressions/i32/tanh/16384/nulls=false/offset=0/fused,13,66411589.0,1078.0,61606.297773654915
3,candidate,hyperbolic_typed_expressions/i32/tanh/16384/nulls=false/offset=0/fused,14,71757172.0,1155.0,62127.42164502165
3,candidate,hyperbolic_typed_expressions/i32/tanh/16384/nulls=false/offset=0/fused,15,77011954.0,1232.0,62509.70292207792
3,candidate,hyperbolic_typed_expressions/i32/tanh/16384/nulls=false/offset=0/fused,16,83137814.0,1309.0,63512.46294881589
3,candidate,hyperbolic_typed_expressions/i32/tanh/16384/nulls=false/offset=0/fused,17,87676373.0,1386.0,63258.566378066374
3,candidate,hyperbolic_typed_expressions/i32/tanh/16384/nulls=false/offset=0/fused,18,92683874.0,1463.0,63351.930280246066
3,candidate,hyperbolic_typed_expressions/i32/tanh/16384/nulls=false/offset=0/fused,19,96476428.0,1540.0,62647.03116883117
3,candidate,hyperbolic_typed_expressions/i8/cosh/16384/nulls=false/offset=0/fused,0,4708662.0,44.0,107015.04545454546
3,candidate,hyperbolic_typed_expressions/i8/cosh/16384/nulls=false/offset=0/fused,1,11082839.0,88.0,125941.35227272728
3,candidate,hyperbolic_typed_expressions/i8/cosh/16384/nulls=false/offset=0/fused,2,14499325.0,132.0,109843.37121212122
3,candidate,hyperbolic_typed_expressions/i8/cosh/16384/nulls=false/offset=0/fused,3,19379798.0,176.0,110112.48863636363
3,candidate,hyperbolic_typed_expressions/i8/cosh/16384/nulls=false/offset=0/fused,4,23849211.0,220.0,108405.50454545455
3,candidate,hyperbolic_typed_expressions/i8/cosh/16384/nulls=false/offset=0/fused,5,28433139.0,264.0,107701.28409090909
3,candidate,hyperbolic_typed_expressions/i8/cosh/16384/nulls=false/offset=0/fused,6,34379373.0,308.0,111621.34090909091
3,candidate,hyperbolic_typed_expressions/i8/cosh/16384/nulls=false/offset=0/fused,7,38227640.0,352.0,108601.25
3,candidate,hyperbolic_typed_expressions/i8/cosh/16384/nulls=false/offset=0/fused,8,43304741.0,396.0,109355.40656565657
3,candidate,hyperbolic_typed_expressions/i8/cosh/16384/nulls=false/offset=0/fused,9,47292570.0,440.0,107483.11363636363
3,candidate,hyperbolic_typed_expressions/i8/cosh/16384/nulls=false/offset=0/fused,10,52790999.0,484.0,109072.31198347108
3,candidate,hyperbolic_typed_expressions/i8/cosh/16384/nulls=false/offset=0/fused,11,57273809.0,528.0,108473.12310606061
3,candidate,hyperbolic_typed_expressions/i8/cosh/16384/nulls=false/offset=0/fused,12,62694832.0,572.0,109606.34965034966
3,candidate,hyperbolic_typed_expressions/i8/cosh/16384/nulls=false/offset=0/fused,13,66521442.0,616.0,107989.3538961039
3,candidate,hyperbolic_typed_expressions/i8/cosh/16384/nulls=false/offset=0/fused,14,71860020.0,660.0,108878.81818181818
3,candidate,hyperbolic_typed_expressions/i8/cosh/16384/nulls=false/offset=0/fused,15,76759402.0,704.0,109033.24147727272
3,candidate,hyperbolic_typed_expressions/i8/cosh/16384/nulls=false/offset=0/fused,16,80754513.0,748.0,107960.57887700535
3,candidate,hyperbolic_typed_expressions/i8/cosh/16384/nulls=false/offset=0/fused,17,86067696.0,792.0,108671.33333333333
3,candidate,hyperbolic_typed_expressions/i8/cosh/16384/nulls=false/offset=0/fused,18,90436999.0,836.0,108178.22846889953
3,candidate,hyperbolic_typed_expressions/i8/cosh/16384/nulls=false/offset=0/fused,19,95742033.0,880.0,108797.76477272727
3,candidate,hyperbolic_typed_expressions/f32/cosh/16384/nulls=false/offset=0/fused,0,4717993.0,45.0,104844.28888888888
3,candidate,hyperbolic_typed_expressions/f32/cosh/16384/nulls=false/offset=0/fused,1,9659320.0,90.0,107325.77777777778
3,candidate,hyperbolic_typed_expressions/f32/cosh/16384/nulls=false/offset=0/fused,2,14936334.0,135.0,110639.51111111112
3,candidate,hyperbolic_typed_expressions/f32/cosh/16384/nulls=false/offset=0/fused,3,18959814.0,180.0,105332.3
3,candidate,hyperbolic_typed_expressions/f32/cosh/16384/nulls=false/offset=0/fused,4,24636139.0,225.0,109493.9511111111
3,candidate,hyperbolic_typed_expressions/f32/cosh/16384/nulls=false/offset=0/fused,5,28489811.0,270.0,105517.81851851851
3,candidate,hyperbolic_typed_expressions/f32/cosh/16384/nulls=false/offset=0/fused,6,35572110.0,315.0,112927.33333333333
3,candidate,hyperbolic_typed_expressions/f32/cosh/16384/nulls=false/offset=0/fused,7,38698378.0,360.0,107495.49444444444
3,candidate,hyperbolic_typed_expressions/f32/cosh/16384/nulls=false/offset=0/fused,8,43668397.0,405.0,107823.20246913581
3,candidate,hyperbolic_typed_expressions/f32/cosh/16384/nulls=false/offset=0/fused,9,48402689.0,450.0,107561.53111111111
3,candidate,hyperbolic_typed_expressions/f32/cosh/16384/nulls=false/offset=0/fused,10,53214292.0,495.0,107503.6202020202
3,candidate,hyperbolic_typed_expressions/f32/cosh/16384/nulls=false/offset=0/fused,11,57515388.0,540.0,106509.97777777778
3,candidate,hyperbolic_typed_expressions/f32/cosh/16384/nulls=false/offset=0/fused,12,62125959.0,585.0,106198.22051282051
3,candidate,hyperbolic_typed_expressions/f32/cosh/16384/nulls=false/offset=0/fused,13,67187942.0,630.0,106647.52698412699
3,candidate,hyperbolic_typed_expressions/f32/cosh/16384/nulls=false/offset=0/fused,14,72405239.0,675.0,107267.02074074074
3,candidate,hyperbolic_typed_expressions/f32/cosh/16384/nulls=false/offset=0/fused,15,78201131.0,720.0,108612.68194444444
3,candidate,hyperbolic_typed_expressions/f32/cosh/16384/nulls=false/offset=0/fused,16,81620298.0,765.0,106693.2
3,candidate,hyperbolic_typed_expressions/f32/cosh/16384/nulls=false/offset=0/fused,17,86749262.0,810.0,107097.85432098765
3,candidate,hyperbolic_typed_expressions/f32/cosh/16384/nulls=false/offset=0/fused,18,91794644.0,855.0,107362.1567251462
3,candidate,hyperbolic_typed_expressions/f32/cosh/16384/nulls=false/offset=0/fused,19,96495692.0,900.0,107217.43555555555
3,candidate,hyperbolic_typed_expressions/i16/tanh/16384/nulls=false/offset=0/fused,0,4751460.0,77.0,61707.27272727273
3,candidate,hyperbolic_typed_expressions/i16/tanh/16384/nulls=false/offset=0/fused,1,9969758.0,154.0,64738.68831168831
3,candidate,hyperbolic_typed_expressions/i16/tanh/16384/nulls=false/offset=0/fused,2,14350187.0,231.0,62122.02164502165
3,candidate,hyperbolic_typed_expressions/i16/tanh/16384/nulls=false/offset=0/fused,3,19489813.0,308.0,63278.61363636364
3,candidate,hyperbolic_typed_expressions/i16/tanh/16384/nulls=false/offset=0/fused,4,24447369.0,385.0,63499.65974025974
3,candidate,hyperbolic_typed_expressions/i16/tanh/16384/nulls=false/offset=0/fused,5,28717464.0,462.0,62159.01298701299
3,candidate,hyperbolic_typed_expressions/i16/tanh/16384/nulls=false/offset=0/fused,6,33627520.0,539.0,62388.71985157699
3,candidate,hyperbolic_typed_expressions/i16/tanh/16384/nulls=false/offset=0/fused,7,38016721.0,616.0,61715.456168831166
3,candidate,hyperbolic_typed_expressions/i16/tanh/16384/nulls=false/offset=0/fused,8,43932565.0,693.0,63394.75468975469
3,candidate,hyperbolic_typed_expressions/i16/tanh/16384/nulls=false/offset=0/fused,9,47352719.0,770.0,61497.037662337665
3,candidate,hyperbolic_typed_expressions/i16/tanh/16384/nulls=false/offset=0/fused,10,52078057.0,847.0,61485.3093270366
3,candidate,hyperbolic_typed_expressions/i16/tanh/16384/nulls=false/offset=0/fused,11,58117672.0,924.0,62897.91341991342
3,candidate,hyperbolic_typed_expressions/i16/tanh/16384/nulls=false/offset=0/fused,12,62912574.0,1001.0,62849.72427572428
3,candidate,hyperbolic_typed_expressions/i16/tanh/16384/nulls=false/offset=0/fused,13,66625101.0,1078.0,61804.360853432285
3,candidate,hyperbolic_typed_expressions/i16/tanh/16384/nulls=false/offset=0/fused,14,72189940.0,1155.0,62502.11255411255
3,candidate,hyperbolic_typed_expressions/i16/tanh/16384/nulls=false/offset=0/fused,15,76758602.0,1232.0,62304.06006493507
3,candidate,hyperbolic_typed_expressions/i16/tanh/16384/nulls=false/offset=0/fused,16,82624984.0,1309.0,63120.69060351414
3,candidate,hyperbolic_typed_expressions/i16/tanh/16384/nulls=false/offset=0/fused,17,85279105.0,1386.0,61528.93578643579
3,candidate,hyperbolic_typed_expressions/i16/tanh/16384/nulls=false/offset=0/fused,18,92451754.0,1463.0,63193.26999316473
3,candidate,hyperbolic_typed_expressions/i16/tanh/16384/nulls=false/offset=0/fused,19,95864205.0,1540.0,62249.48376623377
3,candidate,hyperbolic_typed_expressions/i32/sinh/16384/nulls=false/offset=0/fused,0,4861224.0,41.0,118566.43902439025
3,candidate,hyperbolic_typed_expressions/i32/sinh/16384/nulls=false/offset=0/fused,1,9905450.0,82.0,120798.17073170732
3,candidate,hyperbolic_typed_expressions/i32/sinh/16384/nulls=false/offset=0/fused,2,14813539.0,123.0,120435.27642276423
3,candidate,hyperbolic_typed_expressions/i32/sinh/16384/nulls=false/offset=0/fused,3,19265129.0,164.0,117470.2987804878
3,candidate,hyperbolic_typed_expressions/i32/sinh/16384/nulls=false/offset=0/fused,4,24266092.0,205.0,118371.18048780487
3,candidate,hyperbolic_typed_expressions/i32/sinh/16384/nulls=false/offset=0/fused,5,28901955.0,246.0,117487.62195121951
3,candidate,hyperbolic_typed_expressions/i32/sinh/16384/nulls=false/offset=0/fused,6,34218127.0,287.0,119226.92334494773
3,candidate,hyperbolic_typed_expressions/i32/sinh/16384/nulls=false/offset=0/fused,7,40111419.0,328.0,122290.91158536586
3,candidate,hyperbolic_typed_expressions/i32/sinh/16384/nulls=false/offset=0/fused,8,43384828.0,369.0,117574.0596205962
3,candidate,hyperbolic_typed_expressions/i32/sinh/16384/nulls=false/offset=0/fused,9,48425583.0,410.0,118111.1780487805
3,candidate,hyperbolic_typed_expressions/i32/sinh/16384/nulls=false/offset=0/fused,10,53418437.0,451.0,118444.42793791574
3,candidate,hyperbolic_typed_expressions/i32/sinh/16384/nulls=false/offset=0/fused,11,59647176.0,492.0,121234.09756097561
3,candidate,hyperbolic_typed_expressions/i32/sinh/16384/nulls=false/offset=0/fused,12,62626439.0,533.0,117498.00938086303
3,candidate,hyperbolic_typed_expressions/i32/sinh/16384/nulls=false/offset=0/fused,13,69491590.0,574.0,121065.48780487805
3,candidate,hyperbolic_typed_expressions/i32/sinh/16384/nulls=false/offset=0/fused,14,72810160.0,615.0,118390.50406504064
3,candidate,hyperbolic_typed_expressions/i32/sinh/16384/nulls=false/offset=0/fused,15,79361861.0,656.0,120978.44664634146
3,candidate,hyperbolic_typed_expressions/i32/sinh/16384/nulls=false/offset=0/fused,16,84083278.0,697.0,120635.97991391679
3,candidate,hyperbolic_typed_expressions/i32/sinh/16384/nulls=false/offset=0/fused,17,87916318.0,738.0,119127.80216802168
3,candidate,hyperbolic_typed_expressions/i32/sinh/16384/nulls=false/offset=0/fused,18,91665451.0,779.0,117670.66880616175
3,candidate,hyperbolic_typed_expressions/i32/sinh/16384/nulls=false/offset=0/fused,19,98154293.0,820.0,119700.35731707317
3,candidate,hyperbolic_typed_expressions/i16/cosh/16384/nulls=false/offset=0/fused,0,4665451.0,44.0,106032.97727272728
3,candidate,hyperbolic_typed_expressions/i16/cosh/16384/nulls=false/offset=0/fused,1,9564597.0,88.0,108688.60227272728
3,candidate,hyperbolic_typed_expressions/i16/cosh/16384/nulls=false/offset=0/fused,2,14653574.0,132.0,111011.92424242424
3,candidate,hyperbolic_typed_expressions/i16/cosh/16384/nulls=false/offset=0/fused,3,19461662.0,176.0,110577.625
3,candidate,hyperbolic_typed_expressions/i16/cosh/16384/nulls=false/offset=0/fused,4,23501289.0,220.0,106824.04090909091
3,candidate,hyperbolic_typed_expressions/i16/cosh/16384/nulls=false/offset=0/fused,5,29251899.0,264.0,110802.64772727272
3,candidate,hyperbolic_typed_expressions/i16/cosh/16384/nulls=false/offset=0/fused,6,33029004.0,308.0,107237.02597402598
3,candidate,hyperbolic_typed_expressions/i16/cosh/16384/nulls=false/offset=0/fused,7,37925176.0,352.0,107741.97727272728
3,candidate,hyperbolic_typed_expressions/i16/cosh/16384/nulls=false/offset=0/fused,8,42552297.0,396.0,107455.29545454546
3,candidate,hyperbolic_typed_expressions/i16/cosh/16384/nulls=false/offset=0/fused,9,47539593.0,440.0,108044.52954545454
3,candidate,hyperbolic_typed_expressions/i16/cosh/16384/nulls=false/offset=0/fused,10,53232326.0,484.0,109984.14462809918
3,candidate,hyperbolic_typed_expressions/i16/cosh/16384/nulls=false/offset=0/fused,11,57386876.0,528.0,108687.26515151515
3,candidate,hyperbolic_typed_expressions/i16/cosh/16384/nulls=false/offset=0/fused,12,61755292.0,572.0,107963.7972027972
3,candidate,hyperbolic_typed_expressions/i16/cosh/16384/nulls=false/offset=0/fused,13,67671158.0,616.0,109855.77597402598
3,candidate,hyperbolic_typed_expressions/i16/cosh/16384/nulls=false/offset=0/fused,14,71229234.0,660.0,107923.08181818182
3,candidate,hyperbolic_typed_expressions/i16/cosh/16384/nulls=false/offset=0/fused,15,75919639.0,704.0,107840.39630681818
3,candidate,hyperbolic_typed_expressions/i16/cosh/16384/nulls=false/offset=0/fused,16,81742684.0,748.0,109281.66310160428
3,candidate,hyperbolic_typed_expressions/i16/cosh/16384/nulls=false/offset=0/fused,17,85930325.0,792.0,108497.8851010101
3,candidate,hyperbolic_typed_expressions/i16/cosh/16384/nulls=false/offset=0/fused,18,89991533.0,836.0,107645.37440191387
3,candidate,hyperbolic_typed_expressions/i16/cosh/16384/nulls=false/offset=0/fused,19,94734410.0,880.0,107652.73863636363
3,candidate,hyperbolic_typed_expressions/i8/sinh/16384/nulls=false/offset=0/fused,0,5283527.0,40.0,132088.175
3,candidate,hyperbolic_typed_expressions/i8/sinh/16384/nulls=false/offset=0/fused,1,9529274.0,80.0,119115.925
3,candidate,hyperbolic_typed_expressions/i8/sinh/16384/nulls=false/offset=0/fused,2,14311863.0,120.0,119265.525
3,candidate,hyperbolic_typed_expressions/i8/sinh/16384/nulls=false/offset=0/fused,3,19425772.0,160.0,121411.075
3,candidate,hyperbolic_typed_expressions/i8/sinh/16384/nulls=false/offset=0/fused,4,24106587.0,200.0,120532.935
3,candidate,hyperbolic_typed_expressions/i8/sinh/16384/nulls=false/offset=0/fused,5,28749778.0,240.0,119790.74166666667
3,candidate,hyperbolic_typed_expressions/i8/sinh/16384/nulls=false/offset=0/fused,6,33524901.0,280.0,119731.78928571429
3,candidate,hyperbolic_typed_expressions/i8/sinh/16384/nulls=false/offset=0/fused,7,39280119.0,320.0,122750.371875
3,candidate,hyperbolic_typed_expressions/i8/sinh/16384/nulls=false/offset=0/fused,8,43873069.0,360.0,121869.63611111112
3,candidate,hyperbolic_typed_expressions/i8/sinh/16384/nulls=false/offset=0/fused,9,48234124.0,400.0,120585.31
3,candidate,hyperbolic_typed_expressions/i8/sinh/16384/nulls=false/offset=0/fused,10,53690578.0,440.0,122024.04090909091
3,candidate,hyperbolic_typed_expressions/i8/sinh/16384/nulls=false/offset=0/fused,11,59584996.0,480.0,124135.40833333334
3,candidate,hyperbolic_typed_expressions/i8/sinh/16384/nulls=false/offset=0/fused,12,63649325.0,520.0,122402.54807692308
3,candidate,hyperbolic_typed_expressions/i8/sinh/16384/nulls=false/offset=0/fused,13,68021864.0,560.0,121467.61428571428
3,candidate,hyperbolic_typed_expressions/i8/sinh/16384/nulls=false/offset=0/fused,14,73213163.0,600.0,122021.93833333334
3,candidate,hyperbolic_typed_expressions/i8/sinh/16384/nulls=false/offset=0/fused,15,77457336.0,640.0,121027.0875
3,candidate,hyperbolic_typed_expressions/i8/sinh/16384/nulls=false/offset=0/fused,16,82659994.0,680.0,121558.81470588235
3,candidate,hyperbolic_typed_expressions/i8/sinh/16384/nulls=false/offset=0/fused,17,86833229.0,720.0,120601.70694444445
3,candidate,hyperbolic_typed_expressions/i8/sinh/16384/nulls=false/offset=0/fused,18,97609441.0,760.0,128433.475
3,candidate,hyperbolic_typed_expressions/i8/sinh/16384/nulls=false/offset=0/fused,19,98128526.0,800.0,122660.6575
3,candidate,hyperbolic_typed_expressions/i64/cosh/16384/nulls=false/offset=0/fused,0,4799954.0,47.0,102126.68085106384
3,candidate,hyperbolic_typed_expressions/i64/cosh/16384/nulls=false/offset=0/fused,1,10854241.0,94.0,115470.64893617021
3,candidate,hyperbolic_typed_expressions/i64/cosh/16384/nulls=false/offset=0/fused,2,14284988.0,141.0,101311.97163120567
3,candidate,hyperbolic_typed_expressions/i64/cosh/16384/nulls=false/offset=0/fused,3,19746082.0,188.0,105032.35106382979
3,candidate,hyperbolic_typed_expressions/i64/cosh/16384/nulls=false/offset=0/fused,4,24278646.0,235.0,103313.38723404256
3,candidate,hyperbolic_typed_expressions/i64/cosh/16384/nulls=false/offset=0/fused,5,28771203.0,282.0,102025.5425531915
3,candidate,hyperbolic_typed_expressions/i64/cosh/16384/nulls=false/offset=0/fused,6,34018766.0,329.0,103400.50455927051
3,candidate,hyperbolic_typed_expressions/i64/cosh/16384/nulls=false/offset=0/fused,7,38600080.0,376.0,102659.78723404255
3,candidate,hyperbolic_typed_expressions/i64/cosh/16384/nulls=false/offset=0/fused,8,43668129.0,423.0,103234.3475177305
3,candidate,hyperbolic_typed_expressions/i64/cosh/16384/nulls=false/offset=0/fused,9,48182357.0,470.0,102515.65319148936
3,candidate,hyperbolic_typed_expressions/i64/cosh/16384/nulls=false/offset=0/fused,10,52567538.0,517.0,101678.02321083173
3,candidate,hyperbolic_typed_expressions/i64/cosh/16384/nulls=false/offset=0/fused,11,57793069.0,564.0,102469.9804964539
3,candidate,hyperbolic_typed_expressions/i64/cosh/16384/nulls=false/offset=0/fused,12,63179744.0,611.0,103403.83633387889
3,candidate,hyperbolic_typed_expressions/i64/cosh/16384/nulls=false/offset=0/fused,13,67976466.0,658.0,103307.69908814589
3,candidate,hyperbolic_typed_expressions/i64/cosh/16384/nulls=false/offset=0/fused,14,73258942.0,705.0,103913.39290780142
3,candidate,hyperbolic_typed_expressions/i64/cosh/16384/nulls=false/offset=0/fused,15,76888406.0,752.0,102245.22074468085
3,candidate,hyperbolic_typed_expressions/i64/cosh/16384/nulls=false/offset=0/fused,16,82790306.0,799.0,103617.40425531915
3,candidate,hyperbolic_typed_expressions/i64/cosh/16384/nulls=false/offset=0/fused,17,87883820.0,846.0,103881.58392434988
3,candidate,hyperbolic_typed_expressions/i64/cosh/16384/nulls=false/offset=0/fused,18,91643596.0,893.0,102624.40761478164
3,candidate,hyperbolic_typed_expressions/i64/cosh/16384/nulls=false/offset=0/fused,19,96994396.0,940.0,103185.52765957447
3,candidate,hyperbolic_typed_expressions/i32/cosh/16384/nulls=false/offset=0/fused,0,4707878.0,45.0,104619.51111111112
3,candidate,hyperbolic_typed_expressions/i32/cosh/16384/nulls=false/offset=0/fused,1,9455082.0,90.0,105056.46666666666
3,candidate,hyperbolic_typed_expressions/i32/cosh/16384/nulls=false/offset=0/fused,2,14286572.0,135.0,105826.45925925925
3,candidate,hyperbolic_typed_expressions/i32/cosh/16384/nulls=false/offset=0/fused,3,19415243.0,180.0,107862.46111111112
3,candidate,hyperbolic_typed_expressions/i32/cosh/16384/nulls=false/offset=0/fused,4,23590268.0,225.0,104845.63555555555
3,candidate,hyperbolic_typed_expressions/i32/cosh/16384/nulls=false/offset=0/fused,5,28723465.0,270.0,106383.20370370371
3,candidate,hyperbolic_typed_expressions/i32/cosh/16384/nulls=false/offset=0/fused,6,33929021.0,315.0,107711.17777777778
3,candidate,hyperbolic_typed_expressions/i32/cosh/16384/nulls=false/offset=0/fused,7,38215555.0,360.0,106154.31944444444
3,candidate,hyperbolic_typed_expressions/i32/cosh/16384/nulls=false/offset=0/fused,8,42897807.0,405.0,105920.51111111112
3,candidate,hyperbolic_typed_expressions/i32/cosh/16384/nulls=false/offset=0/fused,9,47496023.0,450.0,105546.71777777778
3,candidate,hyperbolic_typed_expressions/i32/cosh/16384/nulls=false/offset=0/fused,10,52141233.0,495.0,105335.82424242425
3,candidate,hyperbolic_typed_expressions/i32/cosh/16384/nulls=false/offset=0/fused,11,57295084.0,540.0,106102.00740740741
3,candidate,hyperbolic_typed_expressions/i32/cosh/16384/nulls=false/offset=0/fused,12,61362507.0,585.0,104893.17435897436
3,candidate,hyperbolic_typed_expressions/i32/cosh/16384/nulls=false/offset=0/fused,13,67164757.0,630.0,106610.7253968254
3,candidate,hyperbolic_typed_expressions/i32/cosh/16384/nulls=false/offset=0/fused,14,71372746.0,675.0,105737.40148148149
3,candidate,hyperbolic_typed_expressions/i32/cosh/16384/nulls=false/offset=0/fused,15,76518105.0,720.0,106275.14583333333
3,candidate,hyperbolic_typed_expressions/i32/cosh/16384/nulls=false/offset=0/fused,16,81441463.0,765.0,106459.42875816993
3,candidate,hyperbolic_typed_expressions/i32/cosh/16384/nulls=false/offset=0/fused,17,86649658.0,810.0,106974.8864197531
3,candidate,hyperbolic_typed_expressions/i32/cosh/16384/nulls=false/offset=0/fused,18,91127463.0,855.0,106581.82807017544
3,candidate,hyperbolic_typed_expressions/i32/cosh/16384/nulls=false/offset=0/fused,19,96226282.0,900.0,106918.0911111111
3,candidate,hyperbolic_typed_expressions/f32/tanh/16384/nulls=false/offset=0/fused,0,4682482.0,35.0,133785.2
3,candidate,hyperbolic_typed_expressions/f32/tanh/16384/nulls=false/offset=0/fused,1,9532636.0,70.0,136180.51428571428
3,candidate,hyperbolic_typed_expressions/f32/tanh/16384/nulls=false/offset=0/fused,2,14719185.0,105.0,140182.7142857143
3,candidate,hyperbolic_typed_expressions/f32/tanh/16384/nulls=false/offset=0/fused,3,19235546.0,140.0,137396.75714285715
3,candidate,hyperbolic_typed_expressions/f32/tanh/16384/nulls=false/offset=0/fused,4,24349975.0,175.0,139142.7142857143
3,candidate,hyperbolic_typed_expressions/f32/tanh/16384/nulls=false/offset=0/fused,5,29110111.0,210.0,138619.5761904762
3,candidate,hyperbolic_typed_expressions/f32/tanh/16384/nulls=false/offset=0/fused,6,33385292.0,245.0,136266.49795918367
3,candidate,hyperbolic_typed_expressions/f32/tanh/16384/nulls=false/offset=0/fused,7,37625353.0,280.0,134376.26071428572
3,candidate,hyperbolic_typed_expressions/f32/tanh/16384/nulls=false/offset=0/fused,8,44051473.0,315.0,139845.94603174602
3,candidate,hyperbolic_typed_expressions/f32/tanh/16384/nulls=false/offset=0/fused,9,48323740.0,350.0,138067.82857142857
3,candidate,hyperbolic_typed_expressions/f32/tanh/16384/nulls=false/offset=0/fused,10,53065914.0,385.0,137833.54285714286
3,candidate,hyperbolic_typed_expressions/f32/tanh/16384/nulls=false/offset=0/fused,11,57986932.0,420.0,138064.12380952382
3,candidate,hyperbolic_typed_expressions/f32/tanh/16384/nulls=false/offset=0/fused,12,63238221.0,455.0,138985.1010989011
3,candidate,hyperbolic_typed_expressions/f32/tanh/16384/nulls=false/offset=0/fused,13,67719176.0,490.0,138202.4
3,candidate,hyperbolic_typed_expressions/f32/tanh/16384/nulls=false/offset=0/fused,14,73299878.0,525.0,139618.81523809524
3,candidate,hyperbolic_typed_expressions/f32/tanh/16384/nulls=false/offset=0/fused,15,77314854.0,560.0,138062.23928571428
3,candidate,hyperbolic_typed_expressions/f32/tanh/16384/nulls=false/offset=0/fused,16,81498017.0,595.0,136971.45714285714
3,candidate,hyperbolic_typed_expressions/f32/tanh/16384/nulls=false/offset=0/fused,17,86257395.0,630.0,136916.5
3,candidate,hyperbolic_typed_expressions/f32/tanh/16384/nulls=false/offset=0/fused,18,91128912.0,665.0,137035.95789473684
3,candidate,hyperbolic_typed_expressions/f32/tanh/16384/nulls=false/offset=0/fused,19,95309189.0,700.0,136155.98428571428
3,candidate,hyperbolic_typed_expressions/i8/tanh/16384/nulls=false/offset=0/fused,0,4816409.0,77.0,62550.76623376623
3,candidate,hyperbolic_typed_expressions/i8/tanh/16384/nulls=false/offset=0/fused,1,9578449.0,154.0,62197.72077922078
3,candidate,hyperbolic_typed_expressions/i8/tanh/16384/nulls=false/offset=0/fused,2,14741546.0,231.0,63816.21645021645
3,candidate,hyperbolic_typed_expressions/i8/tanh/16384/nulls=false/offset=0/fused,3,19127613.0,308.0,62102.63961038961
3,candidate,hyperbolic_typed_expressions/i8/tanh/16384/nulls=false/offset=0/fused,4,24093963.0,385.0,62581.72207792208
3,candidate,hyperbolic_typed_expressions/i8/tanh/16384/nulls=false/offset=0/fused,5,29452901.0,462.0,63750.867965367965
3,candidate,hyperbolic_typed_expressions/i8/tanh/16384/nulls=false/offset=0/fused,6,33487701.0,539.0,62129.31539888683
3,candidate,hyperbolic_typed_expressions/i8/tanh/16384/nulls=false/offset=0/fused,7,38868922.0,616.0,63098.89935064935
3,candidate,hyperbolic_typed_expressions/i8/tanh/16384/nulls=false/offset=0/fused,8,43387408.0,693.0,62608.09235209235
3,candidate,hyperbolic_typed_expressions/i8/tanh/16384/nulls=false/offset=0/fused,9,48285255.0,770.0,62708.12337662338
3,candidate,hyperbolic_typed_expressions/i8/tanh/16384/nulls=false/offset=0/fused,10,54318981.0,847.0,64131.02833530106
3,candidate,hyperbolic_typed_expressions/i8/tanh/16384/nulls=false/offset=0/fused,11,58582476.0,924.0,63400.94805194805
3,candidate,hyperbolic_typed_expressions/i8/tanh/16384/nulls=false/offset=0/fused,12,64018350.0,1001.0,63954.395604395606
3,candidate,hyperbolic_typed_expressions/i8/tanh/16384/nulls=false/offset=0/fused,13,67825359.0,1078.0,62917.77272727273
3,candidate,hyperbolic_typed_expressions/i8/tanh/16384/nulls=false/offset=0/fused,14,72046758.0,1155.0,62378.145454545454
3,candidate,hyperbolic_typed_expressions/i8/tanh/16384/nulls=false/offset=0/fused,15,78287119.0,1232.0,63544.73944805195
3,candidate,hyperbolic_typed_expressions/i8/tanh/16384/nulls=false/offset=0/fused,16,81427436.0,1309.0,62205.83346065699
3,candidate,hyperbolic_typed_expressions/i8/tanh/16384/nulls=false/offset=0/fused,17,85853724.0,1386.0,61943.52380952381
3,candidate,hyperbolic_typed_expressions/i8/tanh/16384/nulls=false/offset=0/fused,18,91361964.0,1463.0,62448.36910457963
3,candidate,hyperbolic_typed_expressions/i8/tanh/16384/nulls=false/offset=0/fused,19,96560275.0,1540.0,62701.47727272727
3,candidate,hyperbolic_typed_expressions/f32/sinh/16384/nulls=false/offset=0/fused,0,4816044.0,34.0,141648.35294117648
3,candidate,hyperbolic_typed_expressions/f32/sinh/16384/nulls=false/offset=0/fused,1,10112003.0,68.0,148705.92647058822
3,candidate,hyperbolic_typed_expressions/f32/sinh/16384/nulls=false/offset=0/fused,2,14510083.0,102.0,142255.71568627452
3,candidate,hyperbolic_typed_expressions/f32/sinh/16384/nulls=false/offset=0/fused,3,19107745.0,136.0,140498.125
3,candidate,hyperbolic_typed_expressions/f32/sinh/16384/nulls=false/offset=0/fused,4,24394627.0,170.0,143497.80588235293
3,candidate,hyperbolic_typed_expressions/f32/sinh/16384/nulls=false/offset=0/fused,5,29374824.0,204.0,143994.23529411765
3,candidate,hyperbolic_typed_expressions/f32/sinh/16384/nulls=false/offset=0/fused,6,33630226.0,238.0,141303.4705882353
3,candidate,hyperbolic_typed_expressions/f32/sinh/16384/nulls=false/offset=0/fused,7,38281583.0,272.0,140741.11397058822
3,candidate,hyperbolic_typed_expressions/f32/sinh/16384/nulls=false/offset=0/fused,8,44167328.0,306.0,144337.6732026144
3,candidate,hyperbolic_typed_expressions/f32/sinh/16384/nulls=false/offset=0/fused,9,48807139.0,340.0,143550.4088235294
3,candidate,hyperbolic_typed_expressions/f32/sinh/16384/nulls=false/offset=0/fused,10,60643821.0,374.0,162149.25401069518
3,candidate,hyperbolic_typed_expressions/f32/sinh/16384/nulls=false/offset=0/fused,11,62172062.0,408.0,152382.50490196078
3,candidate,hyperbolic_typed_expressions/f32/sinh/16384/nulls=false/offset=0/fused,12,65413962.0,442.0,147995.3891402715
3,candidate,hyperbolic_typed_expressions/f32/sinh/16384/nulls=false/offset=0/fused,13,67419821.0,476.0,141638.2794117647
3,candidate,hyperbolic_typed_expressions/f32/sinh/16384/nulls=false/offset=0/fused,14,73826602.0,510.0,144758.0431372549
3,candidate,hyperbolic_typed_expressions/f32/sinh/16384/nulls=false/offset=0/fused,15,77959477.0,544.0,143307.86213235295
3,candidate,hyperbolic_typed_expressions/f32/sinh/16384/nulls=false/offset=0/fused,16,84019368.0,578.0,145362.2283737024
3,candidate,hyperbolic_typed_expressions/f32/sinh/16384/nulls=false/offset=0/fused,17,88856169.0,612.0,145189.818627451
3,candidate,hyperbolic_typed_expressions/f32/sinh/16384/nulls=false/offset=0/fused,18,91710067.0,646.0,141966.0479876161
3,candidate,hyperbolic_typed_expressions/f32/sinh/16384/nulls=false/offset=0/fused,19,98656944.0,680.0,145083.7411764706
3,candidate,hyperbolic_typed_expressions/i64/tanh/16384/nulls=false/offset=0/fused,0,4725865.0,77.0,61374.87012987013
3,candidate,hyperbolic_typed_expressions/i64/tanh/16384/nulls=false/offset=0/fused,1,10234103.0,154.0,66455.21428571429
3,candidate,hyperbolic_typed_expressions/i64/tanh/16384/nulls=false/offset=0/fused,2,14585600.0,231.0,63141.12554112554
3,candidate,hyperbolic_typed_expressions/i64/tanh/16384/nulls=false/offset=0/fused,3,19240589.0,308.0,62469.444805194806
3,candidate,hyperbolic_typed_expressions/i64/tanh/16384/nulls=false/offset=0/fused,4,23766798.0,385.0,61731.94285714286
3,candidate,hyperbolic_typed_expressions/i64/tanh/16384/nulls=false/offset=0/fused,5,28702326.0,462.0,62126.246753246756
3,candidate,hyperbolic_typed_expressions/i64/tanh/16384/nulls=false/offset=0/fused,6,34106863.0,539.0,63278.03896103896
3,candidate,hyperbolic_typed_expressions/i64/tanh/16384/nulls=false/offset=0/fused,7,38052654.0,616.0,61773.78896103896
3,candidate,hyperbolic_typed_expressions/i64/tanh/16384/nulls=false/offset=0/fused,8,43045492.0,693.0,62114.707070707074
3,candidate,hyperbolic_typed_expressions/i64/tanh/16384/nulls=false/offset=0/fused,9,47593880.0,770.0,61810.23376623377
3,candidate,hyperbolic_typed_expressions/i64/tanh/16384/nulls=false/offset=0/fused,10,55009926.0,847.0,64946.7839433294
3,candidate,hyperbolic_typed_expressions/i64/tanh/16384/nulls=false/offset=0/fused,11,57832165.0,924.0,62588.92316017316
3,candidate,hyperbolic_typed_expressions/i64/tanh/16384/nulls=false/offset=0/fused,12,63938386.0,1001.0,63874.51148851149
3,candidate,hyperbolic_typed_expressions/i64/tanh/16384/nulls=false/offset=0/fused,13,67705697.0,1078.0,62806.76901669759
3,candidate,hyperbolic_typed_expressions/i64/tanh/16384/nulls=false/offset=0/fused,14,72438868.0,1155.0,62717.634632034635
3,candidate,hyperbolic_typed_expressions/i64/tanh/16384/nulls=false/offset=0/fused,15,77628435.0,1232.0,63010.093344155845
3,candidate,hyperbolic_typed_expressions/i64/tanh/16384/nulls=false/offset=0/fused,16,83073157.0,1309.0,63463.068754774635
3,candidate,hyperbolic_typed_expressions/i64/tanh/16384/nulls=false/offset=0/fused,17,87456651.0,1386.0,63100.0367965368
3,candidate,hyperbolic_typed_expressions/i64/tanh/16384/nulls=false/offset=0/fused,18,90195257.0,1463.0,61650.89336978811
3,candidate,hyperbolic_typed_expressions/i64/tanh/16384/nulls=false/offset=0/fused,19,96141225.0,1540.0,62429.36688311688
