config_rows,distribution,round,variant,function,input,output_type,payload_bytes,json_fields,unicode,null_every,scale_null_every,rows,engine,trial,seconds,binary_width
10000000,TINYINT,0,candidate,BASELINE_tt_hyperbolic_tinyint,tt_hyperbolic_tinyint,TINYINT,264,0,false,0,0,10000000,flink,0,0.774658,0
10000000,TINYINT,0,candidate,BASELINE_tt_hyperbolic_tinyint,tt_hyperbolic_tinyint,TINYINT,264,0,false,0,0,10000000,native,0,0.983703,0
10000000,TINYINT,0,candidate,BASELINE_tt_hyperbolic_tinyint,tt_hyperbolic_tinyint,TINYINT,264,0,false,0,0,10000000,native,1,0.951728,0
10000000,TINYINT,0,candidate,BASELINE_tt_hyperbolic_tinyint,tt_hyperbolic_tinyint,TINYINT,264,0,false,0,0,10000000,flink,1,0.776471,0
10000000,TINYINT,0,candidate,BASELINE_tt_hyperbolic_tinyint,tt_hyperbolic_tinyint,TINYINT,264,0,false,0,0,10000000,flink,2,0.807797,0
10000000,TINYINT,0,candidate,BASELINE_tt_hyperbolic_tinyint,tt_hyperbolic_tinyint,TINYINT,264,0,false,0,0,10000000,native,2,0.968110,0
10000000,TINYINT,0,candidate,BASELINE_tt_hyperbolic_tinyint,tt_hyperbolic_tinyint,TINYINT,264,0,false,0,0,10000000,native,3,0.978003,0
10000000,TINYINT,0,candidate,BASELINE_tt_hyperbolic_tinyint,tt_hyperbolic_tinyint,TINYINT,264,0,false,0,0,10000000,flink,3,0.801457,0
10000000,TINYINT,0,candidate,BASELINE_tt_hyperbolic_tinyint,tt_hyperbolic_tinyint,TINYINT,264,0,false,0,0,10000000,flink,4,0.815399,0
10000000,TINYINT,0,candidate,BASELINE_tt_hyperbolic_tinyint,tt_hyperbolic_tinyint,TINYINT,264,0,false,0,0,10000000,native,4,0.966404,0
10000000,TINYINT,0,candidate,COSH_TINYINT,tt_hyperbolic_tinyint,DOUBLE,264,0,false,0,0,10000000,flink,0,1.115244,0
10000000,TINYINT,0,candidate,COSH_TINYINT,tt_hyperbolic_tinyint,DOUBLE,264,0,false,0,0,10000000,native,0,1.089449,0
10000000,TINYINT,0,candidate,COSH_TINYINT,tt_hyperbolic_tinyint,DOUBLE,264,0,false,0,0,10000000,native,1,1.065629,0
10000000,TINYINT,0,candidate,COSH_TINYINT,tt_hyperbolic_tinyint,DOUBLE,264,0,false,0,0,10000000,flink,1,1.083733,0
10000000,TINYINT,0,candidate,COSH_TINYINT,tt_hyperbolic_tinyint,DOUBLE,264,0,false,0,0,10000000,flink,2,1.087394,0
10000000,TINYINT,0,candidate,COSH_TINYINT,tt_hyperbolic_tinyint,DOUBLE,264,0,false,0,0,10000000,native,2,1.068584,0
10000000,TINYINT,0,candidate,COSH_TINYINT,tt_hyperbolic_tinyint,DOUBLE,264,0,false,0,0,10000000,native,3,1.071714,0
10000000,TINYINT,0,candidate,COSH_TINYINT,tt_hyperbolic_tinyint,DOUBLE,264,0,false,0,0,10000000,flink,3,1.089319,0
10000000,TINYINT,0,candidate,COSH_TINYINT,tt_hyperbolic_tinyint,DOUBLE,264,0,false,0,0,10000000,flink,4,1.096094,0
10000000,TINYINT,0,candidate,COSH_TINYINT,tt_hyperbolic_tinyint,DOUBLE,264,0,false,0,0,10000000,native,4,1.091062,0
10000000,TINYINT,0,candidate,SINH_TINYINT,tt_hyperbolic_tinyint,DOUBLE,264,0,false,0,0,10000000,flink,0,1.091009,0
10000000,TINYINT,0,candidate,SINH_TINYINT,tt_hyperbolic_tinyint,DOUBLE,264,0,false,0,0,10000000,native,0,1.073393,0
10000000,TINYINT,0,candidate,SINH_TINYINT,tt_hyperbolic_tinyint,DOUBLE,264,0,false,0,0,10000000,native,1,1.083991,0
10000000,TINYINT,0,candidate,SINH_TINYINT,tt_hyperbolic_tinyint,DOUBLE,264,0,false,0,0,10000000,flink,1,1.125542,0
10000000,TINYINT,0,candidate,SINH_TINYINT,tt_hyperbolic_tinyint,DOUBLE,264,0,false,0,0,10000000,flink,2,1.099698,0
10000000,TINYINT,0,candidate,SINH_TINYINT,tt_hyperbolic_tinyint,DOUBLE,264,0,false,0,0,10000000,native,2,1.068497,0
10000000,TINYINT,0,candidate,SINH_TINYINT,tt_hyperbolic_tinyint,DOUBLE,264,0,false,0,0,10000000,native,3,1.074503,0
10000000,TINYINT,0,candidate,SINH_TINYINT,tt_hyperbolic_tinyint,DOUBLE,264,0,false,0,0,10000000,flink,3,1.099637,0
10000000,TINYINT,0,candidate,SINH_TINYINT,tt_hyperbolic_tinyint,DOUBLE,264,0,false,0,0,10000000,flink,4,1.133081,0
10000000,TINYINT,0,candidate,SINH_TINYINT,tt_hyperbolic_tinyint,DOUBLE,264,0,false,0,0,10000000,native,4,1.078629,0
10000000,TINYINT,0,candidate,TANH_TINYINT,tt_hyperbolic_tinyint,DOUBLE,264,0,false,0,0,10000000,flink,0,0.977017,0
10000000,TINYINT,0,candidate,TANH_TINYINT,tt_hyperbolic_tinyint,DOUBLE,264,0,false,0,0,10000000,native,0,1.033613,0
10000000,TINYINT,0,candidate,TANH_TINYINT,tt_hyperbolic_tinyint,DOUBLE,264,0,false,0,0,10000000,native,1,1.022366,0
10000000,TINYINT,0,candidate,TANH_TINYINT,tt_hyperbolic_tinyint,DOUBLE,264,0,false,0,0,10000000,flink,1,0.978319,0
10000000,TINYINT,0,candidate,TANH_TINYINT,tt_hyperbolic_tinyint,DOUBLE,264,0,false,0,0,10000000,flink,2,0.979412,0
10000000,TINYINT,0,candidate,TANH_TINYINT,tt_hyperbolic_tinyint,DOUBLE,264,0,false,0,0,10000000,native,2,1.048324,0
10000000,TINYINT,0,candidate,TANH_TINYINT,tt_hyperbolic_tinyint,DOUBLE,264,0,false,0,0,10000000,native,3,1.061818,0
10000000,TINYINT,0,candidate,TANH_TINYINT,tt_hyperbolic_tinyint,DOUBLE,264,0,false,0,0,10000000,flink,3,0.967543,0
10000000,TINYINT,0,candidate,TANH_TINYINT,tt_hyperbolic_tinyint,DOUBLE,264,0,false,0,0,10000000,flink,4,0.987268,0
10000000,TINYINT,0,candidate,TANH_TINYINT,tt_hyperbolic_tinyint,DOUBLE,264,0,false,0,0,10000000,native,4,1.052065,0
10000000,TINYINT,1,previous,BASELINE_tt_hyperbolic_tinyint,tt_hyperbolic_tinyint,TINYINT,264,0,false,0,0,10000000,flink,0,0.775735,0
10000000,TINYINT,1,previous,BASELINE_tt_hyperbolic_tinyint,tt_hyperbolic_tinyint,TINYINT,264,0,false,0,0,10000000,native,0,0.974547,0
10000000,TINYINT,1,previous,BASELINE_tt_hyperbolic_tinyint,tt_hyperbolic_tinyint,TINYINT,264,0,false,0,0,10000000,native,1,0.962679,0
10000000,TINYINT,1,previous,BASELINE_tt_hyperbolic_tinyint,tt_hyperbolic_tinyint,TINYINT,264,0,false,0,0,10000000,flink,1,0.778562,0
10000000,TINYINT,1,previous,BASELINE_tt_hyperbolic_tinyint,tt_hyperbolic_tinyint,TINYINT,264,0,false,0,0,10000000,flink,2,0.780670,0
10000000,TINYINT,1,previous,BASELINE_tt_hyperbolic_tinyint,tt_hyperbolic_tinyint,TINYINT,264,0,false,0,0,10000000,native,2,0.964949,0
10000000,TINYINT,1,previous,BASELINE_tt_hyperbolic_tinyint,tt_hyperbolic_tinyint,TINYINT,264,0,false,0,0,10000000,native,3,0.962851,0
10000000,TINYINT,1,previous,BASELINE_tt_hyperbolic_tinyint,tt_hyperbolic_tinyint,TINYINT,264,0,false,0,0,10000000,flink,3,0.781794,0
10000000,TINYINT,1,previous,BASELINE_tt_hyperbolic_tinyint,tt_hyperbolic_tinyint,TINYINT,264,0,false,0,0,10000000,flink,4,0.795197,0
10000000,TINYINT,1,previous,BASELINE_tt_hyperbolic_tinyint,tt_hyperbolic_tinyint,TINYINT,264,0,false,0,0,10000000,native,4,0.969378,0
10000000,TINYINT,1,previous,COSH_TINYINT,tt_hyperbolic_tinyint,DOUBLE,264,0,false,0,0,10000000,flink,0,1.086716,0
10000000,TINYINT,1,previous,COSH_TINYINT,tt_hyperbolic_tinyint,DOUBLE,264,0,false,0,0,10000000,native,0,1.077344,0
10000000,TINYINT,1,previous,COSH_TINYINT,tt_hyperbolic_tinyint,DOUBLE,264,0,false,0,0,10000000,native,1,1.081121,0
10000000,TINYINT,1,previous,COSH_TINYINT,tt_hyperbolic_tinyint,DOUBLE,264,0,false,0,0,10000000,flink,1,1.074617,0
10000000,TINYINT,1,previous,COSH_TINYINT,tt_hyperbolic_tinyint,DOUBLE,264,0,false,0,0,10000000,flink,2,1.087340,0
10000000,TINYINT,1,previous,COSH_TINYINT,tt_hyperbolic_tinyint,DOUBLE,264,0,false,0,0,10000000,native,2,1.081225,0
10000000,TINYINT,1,previous,COSH_TINYINT,tt_hyperbolic_tinyint,DOUBLE,264,0,false,0,0,10000000,native,3,1.075895,0
10000000,TINYINT,1,previous,COSH_TINYINT,tt_hyperbolic_tinyint,DOUBLE,264,0,false,0,0,10000000,flink,3,1.095962,0
10000000,TINYINT,1,previous,COSH_TINYINT,tt_hyperbolic_tinyint,DOUBLE,264,0,false,0,0,10000000,flink,4,1.087610,0
10000000,TINYINT,1,previous,COSH_TINYINT,tt_hyperbolic_tinyint,DOUBLE,264,0,false,0,0,10000000,native,4,1.079684,0
10000000,TINYINT,1,previous,SINH_TINYINT,tt_hyperbolic_tinyint,DOUBLE,264,0,false,0,0,10000000,flink,0,1.120712,0
10000000,TINYINT,1,previous,SINH_TINYINT,tt_hyperbolic_tinyint,DOUBLE,264,0,false,0,0,10000000,native,0,1.091938,0
10000000,TINYINT,1,previous,SINH_TINYINT,tt_hyperbolic_tinyint,DOUBLE,264,0,false,0,0,10000000,native,1,1.078286,0
10000000,TINYINT,1,previous,SINH_TINYINT,tt_hyperbolic_tinyint,DOUBLE,264,0,false,0,0,10000000,flink,1,1.109285,0
10000000,TINYINT,1,previous,SINH_TINYINT,tt_hyperbolic_tinyint,DOUBLE,264,0,false,0,0,10000000,flink,2,1.118875,0
10000000,TINYINT,1,previous,SINH_TINYINT,tt_hyperbolic_tinyint,DOUBLE,264,0,false,0,0,10000000,native,2,1.071369,0
10000000,TINYINT,1,previous,SINH_TINYINT,tt_hyperbolic_tinyint,DOUBLE,264,0,false,0,0,10000000,native,3,1.090688,0
10000000,TINYINT,1,previous,SINH_TINYINT,tt_hyperbolic_tinyint,DOUBLE,264,0,false,0,0,10000000,flink,3,1.096248,0
10000000,TINYINT,1,previous,SINH_TINYINT,tt_hyperbolic_tinyint,DOUBLE,264,0,false,0,0,10000000,flink,4,1.089848,0
10000000,TINYINT,1,previous,SINH_TINYINT,tt_hyperbolic_tinyint,DOUBLE,264,0,false,0,0,10000000,native,4,1.057308,0
10000000,TINYINT,1,previous,TANH_TINYINT,tt_hyperbolic_tinyint,DOUBLE,264,0,false,0,0,10000000,flink,0,0.967188,0
10000000,TINYINT,1,previous,TANH_TINYINT,tt_hyperbolic_tinyint,DOUBLE,264,0,false,0,0,10000000,native,0,1.027592,0
10000000,TINYINT,1,previous,TANH_TINYINT,tt_hyperbolic_tinyint,DOUBLE,264,0,false,0,0,10000000,native,1,1.042908,0
10000000,TINYINT,1,previous,TANH_TINYINT,tt_hyperbolic_tinyint,DOUBLE,264,0,false,0,0,10000000,flink,1,0.977933,0
10000000,TINYINT,1,previous,TANH_TINYINT,tt_hyperbolic_tinyint,DOUBLE,264,0,false,0,0,10000000,flink,2,0.972016,0
10000000,TINYINT,1,previous,TANH_TINYINT,tt_hyperbolic_tinyint,DOUBLE,264,0,false,0,0,10000000,native,2,1.030987,0
10000000,TINYINT,1,previous,TANH_TINYINT,tt_hyperbolic_tinyint,DOUBLE,264,0,false,0,0,10000000,native,3,1.043397,0
10000000,TINYINT,1,previous,TANH_TINYINT,tt_hyperbolic_tinyint,DOUBLE,264,0,false,0,0,10000000,flink,3,0.973019,0
10000000,TINYINT,1,previous,TANH_TINYINT,tt_hyperbolic_tinyint,DOUBLE,264,0,false,0,0,10000000,flink,4,0.959771,0
10000000,TINYINT,1,previous,TANH_TINYINT,tt_hyperbolic_tinyint,DOUBLE,264,0,false,0,0,10000000,native,4,1.048706,0
10000000,TINYINT,2,original,BASELINE_tt_hyperbolic_tinyint,tt_hyperbolic_tinyint,TINYINT,264,0,false,0,0,10000000,flink,0,0.778618,0
10000000,TINYINT,2,original,BASELINE_tt_hyperbolic_tinyint,tt_hyperbolic_tinyint,TINYINT,264,0,false,0,0,10000000,native,0,1.006390,0
10000000,TINYINT,2,original,BASELINE_tt_hyperbolic_tinyint,tt_hyperbolic_tinyint,TINYINT,264,0,false,0,0,10000000,native,1,0.988056,0
10000000,TINYINT,2,original,BASELINE_tt_hyperbolic_tinyint,tt_hyperbolic_tinyint,TINYINT,264,0,false,0,0,10000000,flink,1,0.796244,0
10000000,TINYINT,2,original,BASELINE_tt_hyperbolic_tinyint,tt_hyperbolic_tinyint,TINYINT,264,0,false,0,0,10000000,flink,2,0.776743,0
10000000,TINYINT,2,original,BASELINE_tt_hyperbolic_tinyint,tt_hyperbolic_tinyint,TINYINT,264,0,false,0,0,10000000,native,2,0.977189,0
10000000,TINYINT,2,original,BASELINE_tt_hyperbolic_tinyint,tt_hyperbolic_tinyint,TINYINT,264,0,false,0,0,10000000,native,3,0.975218,0
10000000,TINYINT,2,original,BASELINE_tt_hyperbolic_tinyint,tt_hyperbolic_tinyint,TINYINT,264,0,false,0,0,10000000,flink,3,0.785217,0
10000000,TINYINT,2,original,BASELINE_tt_hyperbolic_tinyint,tt_hyperbolic_tinyint,TINYINT,264,0,false,0,0,10000000,flink,4,0.779893,0
10000000,TINYINT,2,original,BASELINE_tt_hyperbolic_tinyint,tt_hyperbolic_tinyint,TINYINT,264,0,false,0,0,10000000,native,4,0.985578,0
10000000,TINYINT,2,original,COSH_TINYINT,tt_hyperbolic_tinyint,DOUBLE,264,0,false,0,0,10000000,flink,0,1.095678,0
10000000,TINYINT,2,original,COSH_TINYINT,tt_hyperbolic_tinyint,DOUBLE,264,0,false,0,0,10000000,native,0,1.101410,0
10000000,TINYINT,2,original,COSH_TINYINT,tt_hyperbolic_tinyint,DOUBLE,264,0,false,0,0,10000000,native,1,1.093945,0
10000000,TINYINT,2,original,COSH_TINYINT,tt_hyperbolic_tinyint,DOUBLE,264,0,false,0,0,10000000,flink,1,1.095081,0
10000000,TINYINT,2,original,COSH_TINYINT,tt_hyperbolic_tinyint,DOUBLE,264,0,false,0,0,10000000,flink,2,1.102104,0
10000000,TINYINT,2,original,COSH_TINYINT,tt_hyperbolic_tinyint,DOUBLE,264,0,false,0,0,10000000,native,2,1.094489,0
10000000,TINYINT,2,original,COSH_TINYINT,tt_hyperbolic_tinyint,DOUBLE,264,0,false,0,0,10000000,native,3,1.085481,0
10000000,TINYINT,2,original,COSH_TINYINT,tt_hyperbolic_tinyint,DOUBLE,264,0,false,0,0,10000000,flink,3,1.111098,0
10000000,TINYINT,2,original,COSH_TINYINT,tt_hyperbolic_tinyint,DOUBLE,264,0,false,0,0,10000000,flink,4,1.075284,0
10000000,TINYINT,2,original,COSH_TINYINT,tt_hyperbolic_tinyint,DOUBLE,264,0,false,0,0,10000000,native,4,1.098240,0
10000000,TINYINT,2,original,SINH_TINYINT,tt_hyperbolic_tinyint,DOUBLE,264,0,false,0,0,10000000,flink,0,1.132374,0
10000000,TINYINT,2,original,SINH_TINYINT,tt_hyperbolic_tinyint,DOUBLE,264,0,false,0,0,10000000,native,0,1.129949,0
10000000,TINYINT,2,original,SINH_TINYINT,tt_hyperbolic_tinyint,DOUBLE,264,0,false,0,0,10000000,native,1,1.105359,0
10000000,TINYINT,2,original,SINH_TINYINT,tt_hyperbolic_tinyint,DOUBLE,264,0,false,0,0,10000000,flink,1,1.124312,0
10000000,TINYINT,2,original,SINH_TINYINT,tt_hyperbolic_tinyint,DOUBLE,264,0,false,0,0,10000000,flink,2,1.122332,0
10000000,TINYINT,2,original,SINH_TINYINT,tt_hyperbolic_tinyint,DOUBLE,264,0,false,0,0,10000000,native,2,1.119291,0
10000000,TINYINT,2,original,SINH_TINYINT,tt_hyperbolic_tinyint,DOUBLE,264,0,false,0,0,10000000,native,3,1.111972,0
10000000,TINYINT,2,original,SINH_TINYINT,tt_hyperbolic_tinyint,DOUBLE,264,0,false,0,0,10000000,flink,3,1.099035,0
10000000,TINYINT,2,original,SINH_TINYINT,tt_hyperbolic_tinyint,DOUBLE,264,0,false,0,0,10000000,flink,4,1.139130,0
10000000,TINYINT,2,original,SINH_TINYINT,tt_hyperbolic_tinyint,DOUBLE,264,0,false,0,0,10000000,native,4,1.118586,0
10000000,TINYINT,2,original,TANH_TINYINT,tt_hyperbolic_tinyint,DOUBLE,264,0,false,0,0,10000000,flink,0,0.993295,0
10000000,TINYINT,2,original,TANH_TINYINT,tt_hyperbolic_tinyint,DOUBLE,264,0,false,0,0,10000000,native,0,0.989186,0
10000000,TINYINT,2,original,TANH_TINYINT,tt_hyperbolic_tinyint,DOUBLE,264,0,false,0,0,10000000,native,1,0.992707,0
10000000,TINYINT,2,original,TANH_TINYINT,tt_hyperbolic_tinyint,DOUBLE,264,0,false,0,0,10000000,flink,1,0.981419,0
10000000,TINYINT,2,original,TANH_TINYINT,tt_hyperbolic_tinyint,DOUBLE,264,0,false,0,0,10000000,flink,2,0.993026,0
10000000,TINYINT,2,original,TANH_TINYINT,tt_hyperbolic_tinyint,DOUBLE,264,0,false,0,0,10000000,native,2,0.985432,0
10000000,TINYINT,2,original,TANH_TINYINT,tt_hyperbolic_tinyint,DOUBLE,264,0,false,0,0,10000000,native,3,1.005817,0
10000000,TINYINT,2,original,TANH_TINYINT,tt_hyperbolic_tinyint,DOUBLE,264,0,false,0,0,10000000,flink,3,1.018290,0
10000000,TINYINT,2,original,TANH_TINYINT,tt_hyperbolic_tinyint,DOUBLE,264,0,false,0,0,10000000,flink,4,1.016860,0
10000000,TINYINT,2,original,TANH_TINYINT,tt_hyperbolic_tinyint,DOUBLE,264,0,false,0,0,10000000,native,4,1.000465,0
10000000,TINYINT,3,original,BASELINE_tt_hyperbolic_tinyint,tt_hyperbolic_tinyint,TINYINT,264,0,false,0,0,10000000,flink,0,0.789359,0
10000000,TINYINT,3,original,BASELINE_tt_hyperbolic_tinyint,tt_hyperbolic_tinyint,TINYINT,264,0,false,0,0,10000000,native,0,1.004542,0
10000000,TINYINT,3,original,BASELINE_tt_hyperbolic_tinyint,tt_hyperbolic_tinyint,TINYINT,264,0,false,0,0,10000000,native,1,0.960140,0
10000000,TINYINT,3,original,BASELINE_tt_hyperbolic_tinyint,tt_hyperbolic_tinyint,TINYINT,264,0,false,0,0,10000000,flink,1,0.819730,0
10000000,TINYINT,3,original,BASELINE_tt_hyperbolic_tinyint,tt_hyperbolic_tinyint,TINYINT,264,0,false,0,0,10000000,flink,2,0.813858,0
10000000,TINYINT,3,original,BASELINE_tt_hyperbolic_tinyint,tt_hyperbolic_tinyint,TINYINT,264,0,false,0,0,10000000,native,2,0.964010,0
10000000,TINYINT,3,original,BASELINE_tt_hyperbolic_tinyint,tt_hyperbolic_tinyint,TINYINT,264,0,false,0,0,10000000,native,3,0.966589,0
10000000,TINYINT,3,original,BASELINE_tt_hyperbolic_tinyint,tt_hyperbolic_tinyint,TINYINT,264,0,false,0,0,10000000,flink,3,0.796236,0
10000000,TINYINT,3,original,BASELINE_tt_hyperbolic_tinyint,tt_hyperbolic_tinyint,TINYINT,264,0,false,0,0,10000000,flink,4,0.796829,0
10000000,TINYINT,3,original,BASELINE_tt_hyperbolic_tinyint,tt_hyperbolic_tinyint,TINYINT,264,0,false,0,0,10000000,native,4,0.968346,0
10000000,TINYINT,3,original,COSH_TINYINT,tt_hyperbolic_tinyint,DOUBLE,264,0,false,0,0,10000000,flink,0,1.122124,0
10000000,TINYINT,3,original,COSH_TINYINT,tt_hyperbolic_tinyint,DOUBLE,264,0,false,0,0,10000000,native,0,1.112162,0
10000000,TINYINT,3,original,COSH_TINYINT,tt_hyperbolic_tinyint,DOUBLE,264,0,false,0,0,10000000,native,1,1.133760,0
10000000,TINYINT,3,original,COSH_TINYINT,tt_hyperbolic_tinyint,DOUBLE,264,0,false,0,0,10000000,flink,1,1.109613,0
10000000,TINYINT,3,original,COSH_TINYINT,tt_hyperbolic_tinyint,DOUBLE,264,0,false,0,0,10000000,flink,2,1.138119,0
10000000,TINYINT,3,original,COSH_TINYINT,tt_hyperbolic_tinyint,DOUBLE,264,0,false,0,0,10000000,native,2,1.107205,0
10000000,TINYINT,3,original,COSH_TINYINT,tt_hyperbolic_tinyint,DOUBLE,264,0,false,0,0,10000000,native,3,1.120076,0
10000000,TINYINT,3,original,COSH_TINYINT,tt_hyperbolic_tinyint,DOUBLE,264,0,false,0,0,10000000,flink,3,1.090362,0
10000000,TINYINT,3,original,COSH_TINYINT,tt_hyperbolic_tinyint,DOUBLE,264,0,false,0,0,10000000,flink,4,1.124397,0
10000000,TINYINT,3,original,COSH_TINYINT,tt_hyperbolic_tinyint,DOUBLE,264,0,false,0,0,10000000,native,4,1.125447,0
10000000,TINYINT,3,original,SINH_TINYINT,tt_hyperbolic_tinyint,DOUBLE,264,0,false,0,0,10000000,flink,0,1.159321,0
10000000,TINYINT,3,original,SINH_TINYINT,tt_hyperbolic_tinyint,DOUBLE,264,0,false,0,0,10000000,native,0,1.115302,0
10000000,TINYINT,3,original,SINH_TINYINT,tt_hyperbolic_tinyint,DOUBLE,264,0,false,0,0,10000000,native,1,1.122289,0
10000000,TINYINT,3,original,SINH_TINYINT,tt_hyperbolic_tinyint,DOUBLE,264,0,false,0,0,10000000,flink,1,1.115309,0
10000000,TINYINT,3,original,SINH_TINYINT,tt_hyperbolic_tinyint,DOUBLE,264,0,false,0,0,10000000,flink,2,1.112545,0
10000000,TINYINT,3,original,SINH_TINYINT,tt_hyperbolic_tinyint,DOUBLE,264,0,false,0,0,10000000,native,2,1.102756,0
10000000,TINYINT,3,original,SINH_TINYINT,tt_hyperbolic_tinyint,DOUBLE,264,0,false,0,0,10000000,native,3,1.115887,0
10000000,TINYINT,3,original,SINH_TINYINT,tt_hyperbolic_tinyint,DOUBLE,264,0,false,0,0,10000000,flink,3,1.109373,0
10000000,TINYINT,3,original,SINH_TINYINT,tt_hyperbolic_tinyint,DOUBLE,264,0,false,0,0,10000000,flink,4,1.130664,0
10000000,TINYINT,3,original,SINH_TINYINT,tt_hyperbolic_tinyint,DOUBLE,264,0,false,0,0,10000000,native,4,1.115990,0
10000000,TINYINT,3,original,TANH_TINYINT,tt_hyperbolic_tinyint,DOUBLE,264,0,false,0,0,10000000,flink,0,0.992331,0
10000000,TINYINT,3,original,TANH_TINYINT,tt_hyperbolic_tinyint,DOUBLE,264,0,false,0,0,10000000,native,0,0.976154,0
10000000,TINYINT,3,original,TANH_TINYINT,tt_hyperbolic_tinyint,DOUBLE,264,0,false,0,0,10000000,native,1,0.999165,0
10000000,TINYINT,3,original,TANH_TINYINT,tt_hyperbolic_tinyint,DOUBLE,264,0,false,0,0,10000000,flink,1,1.013879,0
10000000,TINYINT,3,original,TANH_TINYINT,tt_hyperbolic_tinyint,DOUBLE,264,0,false,0,0,10000000,flink,2,1.018787,0
10000000,TINYINT,3,original,TANH_TINYINT,tt_hyperbolic_tinyint,DOUBLE,264,0,false,0,0,10000000,native,2,0.992219,0
10000000,TINYINT,3,original,TANH_TINYINT,tt_hyperbolic_tinyint,DOUBLE,264,0,false,0,0,10000000,native,3,1.011575,0
10000000,TINYINT,3,original,TANH_TINYINT,tt_hyperbolic_tinyint,DOUBLE,264,0,false,0,0,10000000,flink,3,1.009953,0
10000000,TINYINT,3,original,TANH_TINYINT,tt_hyperbolic_tinyint,DOUBLE,264,0,false,0,0,10000000,flink,4,1.002514,0
10000000,TINYINT,3,original,TANH_TINYINT,tt_hyperbolic_tinyint,DOUBLE,264,0,false,0,0,10000000,native,4,1.009704,0
10000000,TINYINT,4,previous,BASELINE_tt_hyperbolic_tinyint,tt_hyperbolic_tinyint,TINYINT,264,0,false,0,0,10000000,flink,0,0.787369,0
10000000,TINYINT,4,previous,BASELINE_tt_hyperbolic_tinyint,tt_hyperbolic_tinyint,TINYINT,264,0,false,0,0,10000000,native,0,1.011164,0
10000000,TINYINT,4,previous,BASELINE_tt_hyperbolic_tinyint,tt_hyperbolic_tinyint,TINYINT,264,0,false,0,0,10000000,native,1,1.008570,0
10000000,TINYINT,4,previous,BASELINE_tt_hyperbolic_tinyint,tt_hyperbolic_tinyint,TINYINT,264,0,false,0,0,10000000,flink,1,0.794729,0
10000000,TINYINT,4,previous,BASELINE_tt_hyperbolic_tinyint,tt_hyperbolic_tinyint,TINYINT,264,0,false,0,0,10000000,flink,2,0.797913,0
10000000,TINYINT,4,previous,BASELINE_tt_hyperbolic_tinyint,tt_hyperbolic_tinyint,TINYINT,264,0,false,0,0,10000000,native,2,0.991344,0
10000000,TINYINT,4,previous,BASELINE_tt_hyperbolic_tinyint,tt_hyperbolic_tinyint,TINYINT,264,0,false,0,0,10000000,native,3,0.992059,0
10000000,TINYINT,4,previous,BASELINE_tt_hyperbolic_tinyint,tt_hyperbolic_tinyint,TINYINT,264,0,false,0,0,10000000,flink,3,0.807042,0
10000000,TINYINT,4,previous,BASELINE_tt_hyperbolic_tinyint,tt_hyperbolic_tinyint,TINYINT,264,0,false,0,0,10000000,flink,4,0.800455,0
10000000,TINYINT,4,previous,BASELINE_tt_hyperbolic_tinyint,tt_hyperbolic_tinyint,TINYINT,264,0,false,0,0,10000000,native,4,0.969880,0
10000000,TINYINT,4,previous,COSH_TINYINT,tt_hyperbolic_tinyint,DOUBLE,264,0,false,0,0,10000000,flink,0,1.125535,0
10000000,TINYINT,4,previous,COSH_TINYINT,tt_hyperbolic_tinyint,DOUBLE,264,0,false,0,0,10000000,native,0,1.084754,0
10000000,TINYINT,4,previous,COSH_TINYINT,tt_hyperbolic_tinyint,DOUBLE,264,0,false,0,0,10000000,native,1,1.084320,0
10000000,TINYINT,4,previous,COSH_TINYINT,tt_hyperbolic_tinyint,DOUBLE,264,0,false,0,0,10000000,flink,1,1.105446,0
10000000,TINYINT,4,previous,COSH_TINYINT,tt_hyperbolic_tinyint,DOUBLE,264,0,false,0,0,10000000,flink,2,1.108955,0
10000000,TINYINT,4,previous,COSH_TINYINT,tt_hyperbolic_tinyint,DOUBLE,264,0,false,0,0,10000000,native,2,1.085862,0
10000000,TINYINT,4,previous,COSH_TINYINT,tt_hyperbolic_tinyint,DOUBLE,264,0,false,0,0,10000000,native,3,1.075017,0
10000000,TINYINT,4,previous,COSH_TINYINT,tt_hyperbolic_tinyint,DOUBLE,264,0,false,0,0,10000000,flink,3,1.122374,0
10000000,TINYINT,4,previous,COSH_TINYINT,tt_hyperbolic_tinyint,DOUBLE,264,0,false,0,0,10000000,flink,4,1.087304,0
10000000,TINYINT,4,previous,COSH_TINYINT,tt_hyperbolic_tinyint,DOUBLE,264,0,false,0,0,10000000,native,4,1.095031,0
10000000,TINYINT,4,previous,SINH_TINYINT,tt_hyperbolic_tinyint,DOUBLE,264,0,false,0,0,10000000,flink,0,1.105662,0
10000000,TINYINT,4,previous,SINH_TINYINT,tt_hyperbolic_tinyint,DOUBLE,264,0,false,0,0,10000000,native,0,1.075201,0
10000000,TINYINT,4,previous,SINH_TINYINT,tt_hyperbolic_tinyint,DOUBLE,264,0,false,0,0,10000000,native,1,1.085480,0
10000000,TINYINT,4,previous,SINH_TINYINT,tt_hyperbolic_tinyint,DOUBLE,264,0,false,0,0,10000000,flink,1,1.120242,0
10000000,TINYINT,4,previous,SINH_TINYINT,tt_hyperbolic_tinyint,DOUBLE,264,0,false,0,0,10000000,flink,2,1.103208,0
10000000,TINYINT,4,previous,SINH_TINYINT,tt_hyperbolic_tinyint,DOUBLE,264,0,false,0,0,10000000,native,2,1.082097,0
10000000,TINYINT,4,previous,SINH_TINYINT,tt_hyperbolic_tinyint,DOUBLE,264,0,false,0,0,10000000,native,3,1.100179,0
10000000,TINYINT,4,previous,SINH_TINYINT,tt_hyperbolic_tinyint,DOUBLE,264,0,false,0,0,10000000,flink,3,1.121702,0
10000000,TINYINT,4,previous,SINH_TINYINT,tt_hyperbolic_tinyint,DOUBLE,264,0,false,0,0,10000000,flink,4,1.110549,0
10000000,TINYINT,4,previous,SINH_TINYINT,tt_hyperbolic_tinyint,DOUBLE,264,0,false,0,0,10000000,native,4,1.084167,0
10000000,TINYINT,4,previous,TANH_TINYINT,tt_hyperbolic_tinyint,DOUBLE,264,0,false,0,0,10000000,flink,0,0.980862,0
10000000,TINYINT,4,previous,TANH_TINYINT,tt_hyperbolic_tinyint,DOUBLE,264,0,false,0,0,10000000,native,0,1.063964,0
10000000,TINYINT,4,previous,TANH_TINYINT,tt_hyperbolic_tinyint,DOUBLE,264,0,false,0,0,10000000,native,1,1.051069,0
10000000,TINYINT,4,previous,TANH_TINYINT,tt_hyperbolic_tinyint,DOUBLE,264,0,false,0,0,10000000,flink,1,0.971474,0
10000000,TINYINT,4,previous,TANH_TINYINT,tt_hyperbolic_tinyint,DOUBLE,264,0,false,0,0,10000000,flink,2,0.966297,0
10000000,TINYINT,4,previous,TANH_TINYINT,tt_hyperbolic_tinyint,DOUBLE,264,0,false,0,0,10000000,native,2,1.069317,0
10000000,TINYINT,4,previous,TANH_TINYINT,tt_hyperbolic_tinyint,DOUBLE,264,0,false,0,0,10000000,native,3,1.128795,0
10000000,TINYINT,4,previous,TANH_TINYINT,tt_hyperbolic_tinyint,DOUBLE,264,0,false,0,0,10000000,flink,3,0.984608,0
10000000,TINYINT,4,previous,TANH_TINYINT,tt_hyperbolic_tinyint,DOUBLE,264,0,false,0,0,10000000,flink,4,0.970408,0
10000000,TINYINT,4,previous,TANH_TINYINT,tt_hyperbolic_tinyint,DOUBLE,264,0,false,0,0,10000000,native,4,1.051966,0
10000000,TINYINT,5,candidate,BASELINE_tt_hyperbolic_tinyint,tt_hyperbolic_tinyint,TINYINT,264,0,false,0,0,10000000,flink,0,0.791161,0
10000000,TINYINT,5,candidate,BASELINE_tt_hyperbolic_tinyint,tt_hyperbolic_tinyint,TINYINT,264,0,false,0,0,10000000,native,0,0.983048,0
10000000,TINYINT,5,candidate,BASELINE_tt_hyperbolic_tinyint,tt_hyperbolic_tinyint,TINYINT,264,0,false,0,0,10000000,native,1,0.978550,0
10000000,TINYINT,5,candidate,BASELINE_tt_hyperbolic_tinyint,tt_hyperbolic_tinyint,TINYINT,264,0,false,0,0,10000000,flink,1,0.784338,0
10000000,TINYINT,5,candidate,BASELINE_tt_hyperbolic_tinyint,tt_hyperbolic_tinyint,TINYINT,264,0,false,0,0,10000000,flink,2,0.801693,0
10000000,TINYINT,5,candidate,BASELINE_tt_hyperbolic_tinyint,tt_hyperbolic_tinyint,TINYINT,264,0,false,0,0,10000000,native,2,0.961468,0
10000000,TINYINT,5,candidate,BASELINE_tt_hyperbolic_tinyint,tt_hyperbolic_tinyint,TINYINT,264,0,false,0,0,10000000,native,3,0.970328,0
10000000,TINYINT,5,candidate,BASELINE_tt_hyperbolic_tinyint,tt_hyperbolic_tinyint,TINYINT,264,0,false,0,0,10000000,flink,3,0.795640,0
10000000,TINYINT,5,candidate,BASELINE_tt_hyperbolic_tinyint,tt_hyperbolic_tinyint,TINYINT,264,0,false,0,0,10000000,flink,4,0.795244,0
10000000,TINYINT,5,candidate,BASELINE_tt_hyperbolic_tinyint,tt_hyperbolic_tinyint,TINYINT,264,0,false,0,0,10000000,native,4,0.976881,0
10000000,TINYINT,5,candidate,COSH_TINYINT,tt_hyperbolic_tinyint,DOUBLE,264,0,false,0,0,10000000,flink,0,1.256978,0
10000000,TINYINT,5,candidate,COSH_TINYINT,tt_hyperbolic_tinyint,DOUBLE,264,0,false,0,0,10000000,native,0,1.075549,0
10000000,TINYINT,5,candidate,COSH_TINYINT,tt_hyperbolic_tinyint,DOUBLE,264,0,false,0,0,10000000,native,1,1.060905,0
10000000,TINYINT,5,candidate,COSH_TINYINT,tt_hyperbolic_tinyint,DOUBLE,264,0,false,0,0,10000000,flink,1,1.094266,0
10000000,TINYINT,5,candidate,COSH_TINYINT,tt_hyperbolic_tinyint,DOUBLE,264,0,false,0,0,10000000,flink,2,1.086730,0
10000000,TINYINT,5,candidate,COSH_TINYINT,tt_hyperbolic_tinyint,DOUBLE,264,0,false,0,0,10000000,native,2,1.066490,0
10000000,TINYINT,5,candidate,COSH_TINYINT,tt_hyperbolic_tinyint,DOUBLE,264,0,false,0,0,10000000,native,3,1.058248,0
10000000,TINYINT,5,candidate,COSH_TINYINT,tt_hyperbolic_tinyint,DOUBLE,264,0,false,0,0,10000000,flink,3,1.098853,0
10000000,TINYINT,5,candidate,COSH_TINYINT,tt_hyperbolic_tinyint,DOUBLE,264,0,false,0,0,10000000,flink,4,1.093352,0
10000000,TINYINT,5,candidate,COSH_TINYINT,tt_hyperbolic_tinyint,DOUBLE,264,0,false,0,0,10000000,native,4,1.053556,0
10000000,TINYINT,5,candidate,SINH_TINYINT,tt_hyperbolic_tinyint,DOUBLE,264,0,false,0,0,10000000,flink,0,1.102253,0
10000000,TINYINT,5,candidate,SINH_TINYINT,tt_hyperbolic_tinyint,DOUBLE,264,0,false,0,0,10000000,native,0,1.079174,0
10000000,TINYINT,5,candidate,SINH_TINYINT,tt_hyperbolic_tinyint,DOUBLE,264,0,false,0,0,10000000,native,1,1.076120,0
10000000,TINYINT,5,candidate,SINH_TINYINT,tt_hyperbolic_tinyint,DOUBLE,264,0,false,0,0,10000000,flink,1,1.102355,0
10000000,TINYINT,5,candidate,SINH_TINYINT,tt_hyperbolic_tinyint,DOUBLE,264,0,false,0,0,10000000,flink,2,1.112021,0
10000000,TINYINT,5,candidate,SINH_TINYINT,tt_hyperbolic_tinyint,DOUBLE,264,0,false,0,0,10000000,native,2,1.072039,0
10000000,TINYINT,5,candidate,SINH_TINYINT,tt_hyperbolic_tinyint,DOUBLE,264,0,false,0,0,10000000,native,3,1.070855,0
10000000,TINYINT,5,candidate,SINH_TINYINT,tt_hyperbolic_tinyint,DOUBLE,264,0,false,0,0,10000000,flink,3,1.144913,0
10000000,TINYINT,5,candidate,SINH_TINYINT,tt_hyperbolic_tinyint,DOUBLE,264,0,false,0,0,10000000,flink,4,1.107725,0
10000000,TINYINT,5,candidate,SINH_TINYINT,tt_hyperbolic_tinyint,DOUBLE,264,0,false,0,0,10000000,native,4,1.078973,0
10000000,TINYINT,5,candidate,TANH_TINYINT,tt_hyperbolic_tinyint,DOUBLE,264,0,false,0,0,10000000,flink,0,0.972495,0
10000000,TINYINT,5,candidate,TANH_TINYINT,tt_hyperbolic_tinyint,DOUBLE,264,0,false,0,0,10000000,native,0,1.034207,0
10000000,TINYINT,5,candidate,TANH_TINYINT,tt_hyperbolic_tinyint,DOUBLE,264,0,false,0,0,10000000,native,1,1.043589,0
10000000,TINYINT,5,candidate,TANH_TINYINT,tt_hyperbolic_tinyint,DOUBLE,264,0,false,0,0,10000000,flink,1,0.965166,0
10000000,TINYINT,5,candidate,TANH_TINYINT,tt_hyperbolic_tinyint,DOUBLE,264,0,false,0,0,10000000,flink,2,0.975844,0
10000000,TINYINT,5,candidate,TANH_TINYINT,tt_hyperbolic_tinyint,DOUBLE,264,0,false,0,0,10000000,native,2,1.032381,0
10000000,TINYINT,5,candidate,TANH_TINYINT,tt_hyperbolic_tinyint,DOUBLE,264,0,false,0,0,10000000,native,3,1.041644,0
10000000,TINYINT,5,candidate,TANH_TINYINT,tt_hyperbolic_tinyint,DOUBLE,264,0,false,0,0,10000000,flink,3,0.975889,0
10000000,TINYINT,5,candidate,TANH_TINYINT,tt_hyperbolic_tinyint,DOUBLE,264,0,false,0,0,10000000,flink,4,0.948816,0
10000000,TINYINT,5,candidate,TANH_TINYINT,tt_hyperbolic_tinyint,DOUBLE,264,0,false,0,0,10000000,native,4,1.045989,0
10000000,SMALLINT,0,candidate,BASELINE_tt_hyperbolic_smallint,tt_hyperbolic_smallint,SMALLINT,264,0,false,7,0,10000000,flink,0,0.808450,0
10000000,SMALLINT,0,candidate,BASELINE_tt_hyperbolic_smallint,tt_hyperbolic_smallint,SMALLINT,264,0,false,7,0,10000000,native,0,1.019901,0
10000000,SMALLINT,0,candidate,BASELINE_tt_hyperbolic_smallint,tt_hyperbolic_smallint,SMALLINT,264,0,false,7,0,10000000,native,1,1.043733,0
10000000,SMALLINT,0,candidate,BASELINE_tt_hyperbolic_smallint,tt_hyperbolic_smallint,SMALLINT,264,0,false,7,0,10000000,flink,1,0.818627,0
10000000,SMALLINT,0,candidate,BASELINE_tt_hyperbolic_smallint,tt_hyperbolic_smallint,SMALLINT,264,0,false,7,0,10000000,flink,2,0.821347,0
10000000,SMALLINT,0,candidate,BASELINE_tt_hyperbolic_smallint,tt_hyperbolic_smallint,SMALLINT,264,0,false,7,0,10000000,native,2,1.010722,0
10000000,SMALLINT,0,candidate,BASELINE_tt_hyperbolic_smallint,tt_hyperbolic_smallint,SMALLINT,264,0,false,7,0,10000000,native,3,1.017319,0
10000000,SMALLINT,0,candidate,BASELINE_tt_hyperbolic_smallint,tt_hyperbolic_smallint,SMALLINT,264,0,false,7,0,10000000,flink,3,0.825959,0
10000000,SMALLINT,0,candidate,BASELINE_tt_hyperbolic_smallint,tt_hyperbolic_smallint,SMALLINT,264,0,false,7,0,10000000,flink,4,0.845859,0
10000000,SMALLINT,0,candidate,BASELINE_tt_hyperbolic_smallint,tt_hyperbolic_smallint,SMALLINT,264,0,false,7,0,10000000,native,4,1.051296,0
10000000,SMALLINT,0,candidate,COSH_SMALLINT,tt_hyperbolic_smallint,DOUBLE,264,0,false,7,0,10000000,flink,0,1.109582,0
10000000,SMALLINT,0,candidate,COSH_SMALLINT,tt_hyperbolic_smallint,DOUBLE,264,0,false,7,0,10000000,native,0,1.123087,0
10000000,SMALLINT,0,candidate,COSH_SMALLINT,tt_hyperbolic_smallint,DOUBLE,264,0,false,7,0,10000000,native,1,1.123578,0
10000000,SMALLINT,0,candidate,COSH_SMALLINT,tt_hyperbolic_smallint,DOUBLE,264,0,false,7,0,10000000,flink,1,1.150508,0
10000000,SMALLINT,0,candidate,COSH_SMALLINT,tt_hyperbolic_smallint,DOUBLE,264,0,false,7,0,10000000,flink,2,1.100745,0
10000000,SMALLINT,0,candidate,COSH_SMALLINT,tt_hyperbolic_smallint,DOUBLE,264,0,false,7,0,10000000,native,2,1.119547,0
10000000,SMALLINT,0,candidate,COSH_SMALLINT,tt_hyperbolic_smallint,DOUBLE,264,0,false,7,0,10000000,native,3,1.146887,0
10000000,SMALLINT,0,candidate,COSH_SMALLINT,tt_hyperbolic_smallint,DOUBLE,264,0,false,7,0,10000000,flink,3,1.111256,0
10000000,SMALLINT,0,candidate,COSH_SMALLINT,tt_hyperbolic_smallint,DOUBLE,264,0,false,7,0,10000000,flink,4,1.130625,0
10000000,SMALLINT,0,candidate,COSH_SMALLINT,tt_hyperbolic_smallint,DOUBLE,264,0,false,7,0,10000000,native,4,1.114563,0
10000000,SMALLINT,0,candidate,SINH_SMALLINT,tt_hyperbolic_smallint,DOUBLE,264,0,false,7,0,10000000,flink,0,1.131459,0
10000000,SMALLINT,0,candidate,SINH_SMALLINT,tt_hyperbolic_smallint,DOUBLE,264,0,false,7,0,10000000,native,0,1.121218,0
10000000,SMALLINT,0,candidate,SINH_SMALLINT,tt_hyperbolic_smallint,DOUBLE,264,0,false,7,0,10000000,native,1,1.113843,0
10000000,SMALLINT,0,candidate,SINH_SMALLINT,tt_hyperbolic_smallint,DOUBLE,264,0,false,7,0,10000000,flink,1,1.125272,0
10000000,SMALLINT,0,candidate,SINH_SMALLINT,tt_hyperbolic_smallint,DOUBLE,264,0,false,7,0,10000000,flink,2,1.133173,0
10000000,SMALLINT,0,candidate,SINH_SMALLINT,tt_hyperbolic_smallint,DOUBLE,264,0,false,7,0,10000000,native,2,1.125503,0
10000000,SMALLINT,0,candidate,SINH_SMALLINT,tt_hyperbolic_smallint,DOUBLE,264,0,false,7,0,10000000,native,3,1.120181,0
10000000,SMALLINT,0,candidate,SINH_SMALLINT,tt_hyperbolic_smallint,DOUBLE,264,0,false,7,0,10000000,flink,3,1.153244,0
10000000,SMALLINT,0,candidate,SINH_SMALLINT,tt_hyperbolic_smallint,DOUBLE,264,0,false,7,0,10000000,flink,4,1.150026,0
10000000,SMALLINT,0,candidate,SINH_SMALLINT,tt_hyperbolic_smallint,DOUBLE,264,0,false,7,0,10000000,native,4,1.138726,0
10000000,SMALLINT,0,candidate,TANH_SMALLINT,tt_hyperbolic_smallint,DOUBLE,264,0,false,7,0,10000000,flink,0,0.999601,0
10000000,SMALLINT,0,candidate,TANH_SMALLINT,tt_hyperbolic_smallint,DOUBLE,264,0,false,7,0,10000000,native,0,1.097514,0
10000000,SMALLINT,0,candidate,TANH_SMALLINT,tt_hyperbolic_smallint,DOUBLE,264,0,false,7,0,10000000,native,1,1.091423,0
10000000,SMALLINT,0,candidate,TANH_SMALLINT,tt_hyperbolic_smallint,DOUBLE,264,0,false,7,0,10000000,flink,1,1.040688,0
10000000,SMALLINT,0,candidate,TANH_SMALLINT,tt_hyperbolic_smallint,DOUBLE,264,0,false,7,0,10000000,flink,2,1.015840,0
10000000,SMALLINT,0,candidate,TANH_SMALLINT,tt_hyperbolic_smallint,DOUBLE,264,0,false,7,0,10000000,native,2,1.092579,0
10000000,SMALLINT,0,candidate,TANH_SMALLINT,tt_hyperbolic_smallint,DOUBLE,264,0,false,7,0,10000000,native,3,1.127129,0
10000000,SMALLINT,0,candidate,TANH_SMALLINT,tt_hyperbolic_smallint,DOUBLE,264,0,false,7,0,10000000,flink,3,1.005141,0
10000000,SMALLINT,0,candidate,TANH_SMALLINT,tt_hyperbolic_smallint,DOUBLE,264,0,false,7,0,10000000,flink,4,0.995434,0
10000000,SMALLINT,0,candidate,TANH_SMALLINT,tt_hyperbolic_smallint,DOUBLE,264,0,false,7,0,10000000,native,4,1.077230,0
10000000,SMALLINT,1,previous,BASELINE_tt_hyperbolic_smallint,tt_hyperbolic_smallint,SMALLINT,264,0,false,7,0,10000000,flink,0,0.834038,0
10000000,SMALLINT,1,previous,BASELINE_tt_hyperbolic_smallint,tt_hyperbolic_smallint,SMALLINT,264,0,false,7,0,10000000,native,0,1.055782,0
10000000,SMALLINT,1,previous,BASELINE_tt_hyperbolic_smallint,tt_hyperbolic_smallint,SMALLINT,264,0,false,7,0,10000000,native,1,1.029431,0
10000000,SMALLINT,1,previous,BASELINE_tt_hyperbolic_smallint,tt_hyperbolic_smallint,SMALLINT,264,0,false,7,0,10000000,flink,1,0.829092,0
10000000,SMALLINT,1,previous,BASELINE_tt_hyperbolic_smallint,tt_hyperbolic_smallint,SMALLINT,264,0,false,7,0,10000000,flink,2,0.820230,0
10000000,SMALLINT,1,previous,BASELINE_tt_hyperbolic_smallint,tt_hyperbolic_smallint,SMALLINT,264,0,false,7,0,10000000,native,2,1.044155,0
10000000,SMALLINT,1,previous,BASELINE_tt_hyperbolic_smallint,tt_hyperbolic_smallint,SMALLINT,264,0,false,7,0,10000000,native,3,1.040344,0
10000000,SMALLINT,1,previous,BASELINE_tt_hyperbolic_smallint,tt_hyperbolic_smallint,SMALLINT,264,0,false,7,0,10000000,flink,3,0.839311,0
10000000,SMALLINT,1,previous,BASELINE_tt_hyperbolic_smallint,tt_hyperbolic_smallint,SMALLINT,264,0,false,7,0,10000000,flink,4,0.841869,0
10000000,SMALLINT,1,previous,BASELINE_tt_hyperbolic_smallint,tt_hyperbolic_smallint,SMALLINT,264,0,false,7,0,10000000,native,4,1.046362,0
10000000,SMALLINT,1,previous,COSH_SMALLINT,tt_hyperbolic_smallint,DOUBLE,264,0,false,7,0,10000000,flink,0,1.097678,0
10000000,SMALLINT,1,previous,COSH_SMALLINT,tt_hyperbolic_smallint,DOUBLE,264,0,false,7,0,10000000,native,0,1.129031,0
10000000,SMALLINT,1,previous,COSH_SMALLINT,tt_hyperbolic_smallint,DOUBLE,264,0,false,7,0,10000000,native,1,1.129041,0
10000000,SMALLINT,1,previous,COSH_SMALLINT,tt_hyperbolic_smallint,DOUBLE,264,0,false,7,0,10000000,flink,1,1.121026,0
10000000,SMALLINT,1,previous,COSH_SMALLINT,tt_hyperbolic_smallint,DOUBLE,264,0,false,7,0,10000000,flink,2,1.102038,0
10000000,SMALLINT,1,previous,COSH_SMALLINT,tt_hyperbolic_smallint,DOUBLE,264,0,false,7,0,10000000,native,2,1.128036,0
10000000,SMALLINT,1,previous,COSH_SMALLINT,tt_hyperbolic_smallint,DOUBLE,264,0,false,7,0,10000000,native,3,1.124859,0
10000000,SMALLINT,1,previous,COSH_SMALLINT,tt_hyperbolic_smallint,DOUBLE,264,0,false,7,0,10000000,flink,3,1.092645,0
10000000,SMALLINT,1,previous,COSH_SMALLINT,tt_hyperbolic_smallint,DOUBLE,264,0,false,7,0,10000000,flink,4,1.181088,0
10000000,SMALLINT,1,previous,COSH_SMALLINT,tt_hyperbolic_smallint,DOUBLE,264,0,false,7,0,10000000,native,4,1.132422,0
10000000,SMALLINT,1,previous,SINH_SMALLINT,tt_hyperbolic_smallint,DOUBLE,264,0,false,7,0,10000000,flink,0,1.143327,0
10000000,SMALLINT,1,previous,SINH_SMALLINT,tt_hyperbolic_smallint,DOUBLE,264,0,false,7,0,10000000,native,0,1.137639,0
10000000,SMALLINT,1,previous,SINH_SMALLINT,tt_hyperbolic_smallint,DOUBLE,264,0,false,7,0,10000000,native,1,1.140854,0
10000000,SMALLINT,1,previous,SINH_SMALLINT,tt_hyperbolic_smallint,DOUBLE,264,0,false,7,0,10000000,flink,1,1.126828,0
10000000,SMALLINT,1,previous,SINH_SMALLINT,tt_hyperbolic_smallint,DOUBLE,264,0,false,7,0,10000000,flink,2,1.111108,0
10000000,SMALLINT,1,previous,SINH_SMALLINT,tt_hyperbolic_smallint,DOUBLE,264,0,false,7,0,10000000,native,2,1.125959,0
10000000,SMALLINT,1,previous,SINH_SMALLINT,tt_hyperbolic_smallint,DOUBLE,264,0,false,7,0,10000000,native,3,1.116654,0
10000000,SMALLINT,1,previous,SINH_SMALLINT,tt_hyperbolic_smallint,DOUBLE,264,0,false,7,0,10000000,flink,3,1.136841,0
10000000,SMALLINT,1,previous,SINH_SMALLINT,tt_hyperbolic_smallint,DOUBLE,264,0,false,7,0,10000000,flink,4,1.144622,0
10000000,SMALLINT,1,previous,SINH_SMALLINT,tt_hyperbolic_smallint,DOUBLE,264,0,false,7,0,10000000,native,4,1.138646,0
10000000,SMALLINT,1,previous,TANH_SMALLINT,tt_hyperbolic_smallint,DOUBLE,264,0,false,7,0,10000000,flink,0,1.009629,0
10000000,SMALLINT,1,previous,TANH_SMALLINT,tt_hyperbolic_smallint,DOUBLE,264,0,false,7,0,10000000,native,0,1.107448,0
10000000,SMALLINT,1,previous,TANH_SMALLINT,tt_hyperbolic_smallint,DOUBLE,264,0,false,7,0,10000000,native,1,1.098488,0
10000000,SMALLINT,1,previous,TANH_SMALLINT,tt_hyperbolic_smallint,DOUBLE,264,0,false,7,0,10000000,flink,1,0.990318,0
10000000,SMALLINT,1,previous,TANH_SMALLINT,tt_hyperbolic_smallint,DOUBLE,264,0,false,7,0,10000000,flink,2,1.011591,0
10000000,SMALLINT,1,previous,TANH_SMALLINT,tt_hyperbolic_smallint,DOUBLE,264,0,false,7,0,10000000,native,2,1.095171,0
10000000,SMALLINT,1,previous,TANH_SMALLINT,tt_hyperbolic_smallint,DOUBLE,264,0,false,7,0,10000000,native,3,1.096735,0
10000000,SMALLINT,1,previous,TANH_SMALLINT,tt_hyperbolic_smallint,DOUBLE,264,0,false,7,0,10000000,flink,3,1.010485,0
10000000,SMALLINT,1,previous,TANH_SMALLINT,tt_hyperbolic_smallint,DOUBLE,264,0,false,7,0,10000000,flink,4,0.989450,0
10000000,SMALLINT,1,previous,TANH_SMALLINT,tt_hyperbolic_smallint,DOUBLE,264,0,false,7,0,10000000,native,4,1.085056,0
10000000,SMALLINT,2,original,BASELINE_tt_hyperbolic_smallint,tt_hyperbolic_smallint,SMALLINT,264,0,false,7,0,10000000,flink,0,0.813446,0
10000000,SMALLINT,2,original,BASELINE_tt_hyperbolic_smallint,tt_hyperbolic_smallint,SMALLINT,264,0,false,7,0,10000000,native,0,1.051983,0
10000000,SMALLINT,2,original,BASELINE_tt_hyperbolic_smallint,tt_hyperbolic_smallint,SMALLINT,264,0,false,7,0,10000000,native,1,1.060584,0
10000000,SMALLINT,2,original,BASELINE_tt_hyperbolic_smallint,tt_hyperbolic_smallint,SMALLINT,264,0,false,7,0,10000000,flink,1,0.827079,0
10000000,SMALLINT,2,original,BASELINE_tt_hyperbolic_smallint,tt_hyperbolic_smallint,SMALLINT,264,0,false,7,0,10000000,flink,2,0.823951,0
10000000,SMALLINT,2,original,BASELINE_tt_hyperbolic_smallint,tt_hyperbolic_smallint,SMALLINT,264,0,false,7,0,10000000,native,2,1.021967,0
10000000,SMALLINT,2,original,BASELINE_tt_hyperbolic_smallint,tt_hyperbolic_smallint,SMALLINT,264,0,false,7,0,10000000,native,3,1.048554,0
10000000,SMALLINT,2,original,BASELINE_tt_hyperbolic_smallint,tt_hyperbolic_smallint,SMALLINT,264,0,false,7,0,10000000,flink,3,0.837680,0
10000000,SMALLINT,2,original,BASELINE_tt_hyperbolic_smallint,tt_hyperbolic_smallint,SMALLINT,264,0,false,7,0,10000000,flink,4,0.830736,0
10000000,SMALLINT,2,original,BASELINE_tt_hyperbolic_smallint,tt_hyperbolic_smallint,SMALLINT,264,0,false,7,0,10000000,native,4,1.050437,0
10000000,SMALLINT,2,original,COSH_SMALLINT,tt_hyperbolic_smallint,DOUBLE,264,0,false,7,0,10000000,flink,0,1.099292,0
10000000,SMALLINT,2,original,COSH_SMALLINT,tt_hyperbolic_smallint,DOUBLE,264,0,false,7,0,10000000,native,0,1.110909,0
10000000,SMALLINT,2,original,COSH_SMALLINT,tt_hyperbolic_smallint,DOUBLE,264,0,false,7,0,10000000,native,1,1.108616,0
10000000,SMALLINT,2,original,COSH_SMALLINT,tt_hyperbolic_smallint,DOUBLE,264,0,false,7,0,10000000,flink,1,1.107572,0
10000000,SMALLINT,2,original,COSH_SMALLINT,tt_hyperbolic_smallint,DOUBLE,264,0,false,7,0,10000000,flink,2,1.104059,0
10000000,SMALLINT,2,original,COSH_SMALLINT,tt_hyperbolic_smallint,DOUBLE,264,0,false,7,0,10000000,native,2,1.138294,0
10000000,SMALLINT,2,original,COSH_SMALLINT,tt_hyperbolic_smallint,DOUBLE,264,0,false,7,0,10000000,native,3,1.109027,0
10000000,SMALLINT,2,original,COSH_SMALLINT,tt_hyperbolic_smallint,DOUBLE,264,0,false,7,0,10000000,flink,3,1.128563,0
10000000,SMALLINT,2,original,COSH_SMALLINT,tt_hyperbolic_smallint,DOUBLE,264,0,false,7,0,10000000,flink,4,1.115858,0
10000000,SMALLINT,2,original,COSH_SMALLINT,tt_hyperbolic_smallint,DOUBLE,264,0,false,7,0,10000000,native,4,1.127848,0
10000000,SMALLINT,2,original,SINH_SMALLINT,tt_hyperbolic_smallint,DOUBLE,264,0,false,7,0,10000000,flink,0,1.129307,0
10000000,SMALLINT,2,original,SINH_SMALLINT,tt_hyperbolic_smallint,DOUBLE,264,0,false,7,0,10000000,native,0,1.127011,0
10000000,SMALLINT,2,original,SINH_SMALLINT,tt_hyperbolic_smallint,DOUBLE,264,0,false,7,0,10000000,native,1,1.115966,0
10000000,SMALLINT,2,original,SINH_SMALLINT,tt_hyperbolic_smallint,DOUBLE,264,0,false,7,0,10000000,flink,1,1.110047,0
10000000,SMALLINT,2,original,SINH_SMALLINT,tt_hyperbolic_smallint,DOUBLE,264,0,false,7,0,10000000,flink,2,1.111804,0
10000000,SMALLINT,2,original,SINH_SMALLINT,tt_hyperbolic_smallint,DOUBLE,264,0,false,7,0,10000000,native,2,1.104616,0
10000000,SMALLINT,2,original,SINH_SMALLINT,tt_hyperbolic_smallint,DOUBLE,264,0,false,7,0,10000000,native,3,1.108651,0
10000000,SMALLINT,2,original,SINH_SMALLINT,tt_hyperbolic_smallint,DOUBLE,264,0,false,7,0,10000000,flink,3,1.127313,0
10000000,SMALLINT,2,original,SINH_SMALLINT,tt_hyperbolic_smallint,DOUBLE,264,0,false,7,0,10000000,flink,4,1.128344,0
10000000,SMALLINT,2,original,SINH_SMALLINT,tt_hyperbolic_smallint,DOUBLE,264,0,false,7,0,10000000,native,4,1.126856,0
10000000,SMALLINT,2,original,TANH_SMALLINT,tt_hyperbolic_smallint,DOUBLE,264,0,false,7,0,10000000,flink,0,0.997165,0
10000000,SMALLINT,2,original,TANH_SMALLINT,tt_hyperbolic_smallint,DOUBLE,264,0,false,7,0,10000000,native,0,0.988979,0
10000000,SMALLINT,2,original,TANH_SMALLINT,tt_hyperbolic_smallint,DOUBLE,264,0,false,7,0,10000000,native,1,1.008131,0
10000000,SMALLINT,2,original,TANH_SMALLINT,tt_hyperbolic_smallint,DOUBLE,264,0,false,7,0,10000000,flink,1,1.015387,0
10000000,SMALLINT,2,original,TANH_SMALLINT,tt_hyperbolic_smallint,DOUBLE,264,0,false,7,0,10000000,flink,2,1.010575,0
10000000,SMALLINT,2,original,TANH_SMALLINT,tt_hyperbolic_smallint,DOUBLE,264,0,false,7,0,10000000,native,2,1.008282,0
10000000,SMALLINT,2,original,TANH_SMALLINT,tt_hyperbolic_smallint,DOUBLE,264,0,false,7,0,10000000,native,3,1.034256,0
10000000,SMALLINT,2,original,TANH_SMALLINT,tt_hyperbolic_smallint,DOUBLE,264,0,false,7,0,10000000,flink,3,1.017658,0
10000000,SMALLINT,2,original,TANH_SMALLINT,tt_hyperbolic_smallint,DOUBLE,264,0,false,7,0,10000000,flink,4,1.006748,0
10000000,SMALLINT,2,original,TANH_SMALLINT,tt_hyperbolic_smallint,DOUBLE,264,0,false,7,0,10000000,native,4,0.993930,0
10000000,SMALLINT,3,original,BASELINE_tt_hyperbolic_smallint,tt_hyperbolic_smallint,SMALLINT,264,0,false,7,0,10000000,flink,0,0.821567,0
10000000,SMALLINT,3,original,BASELINE_tt_hyperbolic_smallint,tt_hyperbolic_smallint,SMALLINT,264,0,false,7,0,10000000,native,0,1.009089,0
10000000,SMALLINT,3,original,BASELINE_tt_hyperbolic_smallint,tt_hyperbolic_smallint,SMALLINT,264,0,false,7,0,10000000,native,1,1.017771,0
10000000,SMALLINT,3,original,BASELINE_tt_hyperbolic_smallint,tt_hyperbolic_smallint,SMALLINT,264,0,false,7,0,10000000,flink,1,0.813536,0
10000000,SMALLINT,3,original,BASELINE_tt_hyperbolic_smallint,tt_hyperbolic_smallint,SMALLINT,264,0,false,7,0,10000000,flink,2,0.818967,0
10000000,SMALLINT,3,original,BASELINE_tt_hyperbolic_smallint,tt_hyperbolic_smallint,SMALLINT,264,0,false,7,0,10000000,native,2,1.008923,0
10000000,SMALLINT,3,original,BASELINE_tt_hyperbolic_smallint,tt_hyperbolic_smallint,SMALLINT,264,0,false,7,0,10000000,native,3,1.024675,0
10000000,SMALLINT,3,original,BASELINE_tt_hyperbolic_smallint,tt_hyperbolic_smallint,SMALLINT,264,0,false,7,0,10000000,flink,3,0.848181,0
10000000,SMALLINT,3,original,BASELINE_tt_hyperbolic_smallint,tt_hyperbolic_smallint,SMALLINT,264,0,false,7,0,10000000,flink,4,0.833261,0
10000000,SMALLINT,3,original,BASELINE_tt_hyperbolic_smallint,tt_hyperbolic_smallint,SMALLINT,264,0,false,7,0,10000000,native,4,1.030330,0
10000000,SMALLINT,3,original,COSH_SMALLINT,tt_hyperbolic_smallint,DOUBLE,264,0,false,7,0,10000000,flink,0,1.162602,0
10000000,SMALLINT,3,original,COSH_SMALLINT,tt_hyperbolic_smallint,DOUBLE,264,0,false,7,0,10000000,native,0,1.132295,0
10000000,SMALLINT,3,original,COSH_SMALLINT,tt_hyperbolic_smallint,DOUBLE,264,0,false,7,0,10000000,native,1,1.123275,0
10000000,SMALLINT,3,original,COSH_SMALLINT,tt_hyperbolic_smallint,DOUBLE,264,0,false,7,0,10000000,flink,1,1.128756,0
10000000,SMALLINT,3,original,COSH_SMALLINT,tt_hyperbolic_smallint,DOUBLE,264,0,false,7,0,10000000,flink,2,1.127178,0
10000000,SMALLINT,3,original,COSH_SMALLINT,tt_hyperbolic_smallint,DOUBLE,264,0,false,7,0,10000000,native,2,1.130678,0
10000000,SMALLINT,3,original,COSH_SMALLINT,tt_hyperbolic_smallint,DOUBLE,264,0,false,7,0,10000000,native,3,1.155312,0
10000000,SMALLINT,3,original,COSH_SMALLINT,tt_hyperbolic_smallint,DOUBLE,264,0,false,7,0,10000000,flink,3,1.113310,0
10000000,SMALLINT,3,original,COSH_SMALLINT,tt_hyperbolic_smallint,DOUBLE,264,0,false,7,0,10000000,flink,4,1.115979,0
10000000,SMALLINT,3,original,COSH_SMALLINT,tt_hyperbolic_smallint,DOUBLE,264,0,false,7,0,10000000,native,4,1.124477,0
10000000,SMALLINT,3,original,SINH_SMALLINT,tt_hyperbolic_smallint,DOUBLE,264,0,false,7,0,10000000,flink,0,1.150926,0
10000000,SMALLINT,3,original,SINH_SMALLINT,tt_hyperbolic_smallint,DOUBLE,264,0,false,7,0,10000000,native,0,1.147057,0
10000000,SMALLINT,3,original,SINH_SMALLINT,tt_hyperbolic_smallint,DOUBLE,264,0,false,7,0,10000000,native,1,1.142619,0
10000000,SMALLINT,3,original,SINH_SMALLINT,tt_hyperbolic_smallint,DOUBLE,264,0,false,7,0,10000000,flink,1,1.156795,0
10000000,SMALLINT,3,original,SINH_SMALLINT,tt_hyperbolic_smallint,DOUBLE,264,0,false,7,0,10000000,flink,2,1.166622,0
10000000,SMALLINT,3,original,SINH_SMALLINT,tt_hyperbolic_smallint,DOUBLE,264,0,false,7,0,10000000,native,2,1.138200,0
10000000,SMALLINT,3,original,SINH_SMALLINT,tt_hyperbolic_smallint,DOUBLE,264,0,false,7,0,10000000,native,3,1.149432,0
10000000,SMALLINT,3,original,SINH_SMALLINT,tt_hyperbolic_smallint,DOUBLE,264,0,false,7,0,10000000,flink,3,1.150216,0
10000000,SMALLINT,3,original,SINH_SMALLINT,tt_hyperbolic_smallint,DOUBLE,264,0,false,7,0,10000000,flink,4,1.138476,0
10000000,SMALLINT,3,original,SINH_SMALLINT,tt_hyperbolic_smallint,DOUBLE,264,0,false,7,0,10000000,native,4,1.150237,0
10000000,SMALLINT,3,original,TANH_SMALLINT,tt_hyperbolic_smallint,DOUBLE,264,0,false,7,0,10000000,flink,0,1.006855,0
10000000,SMALLINT,3,original,TANH_SMALLINT,tt_hyperbolic_smallint,DOUBLE,264,0,false,7,0,10000000,native,0,1.029708,0
10000000,SMALLINT,3,original,TANH_SMALLINT,tt_hyperbolic_smallint,DOUBLE,264,0,false,7,0,10000000,native,1,1.041746,0
10000000,SMALLINT,3,original,TANH_SMALLINT,tt_hyperbolic_smallint,DOUBLE,264,0,false,7,0,10000000,flink,1,1.027853,0
10000000,SMALLINT,3,original,TANH_SMALLINT,tt_hyperbolic_smallint,DOUBLE,264,0,false,7,0,10000000,flink,2,1.008808,0
10000000,SMALLINT,3,original,TANH_SMALLINT,tt_hyperbolic_smallint,DOUBLE,264,0,false,7,0,10000000,native,2,1.010531,0
10000000,SMALLINT,3,original,TANH_SMALLINT,tt_hyperbolic_smallint,DOUBLE,264,0,false,7,0,10000000,native,3,1.016380,0
10000000,SMALLINT,3,original,TANH_SMALLINT,tt_hyperbolic_smallint,DOUBLE,264,0,false,7,0,10000000,flink,3,1.004026,0
10000000,SMALLINT,3,original,TANH_SMALLINT,tt_hyperbolic_smallint,DOUBLE,264,0,false,7,0,10000000,flink,4,1.013322,0
10000000,SMALLINT,3,original,TANH_SMALLINT,tt_hyperbolic_smallint,DOUBLE,264,0,false,7,0,10000000,native,4,1.011990,0
10000000,SMALLINT,4,previous,BASELINE_tt_hyperbolic_smallint,tt_hyperbolic_smallint,SMALLINT,264,0,false,7,0,10000000,flink,0,0.816938,0
10000000,SMALLINT,4,previous,BASELINE_tt_hyperbolic_smallint,tt_hyperbolic_smallint,SMALLINT,264,0,false,7,0,10000000,native,0,1.014168,0
10000000,SMALLINT,4,previous,BASELINE_tt_hyperbolic_smallint,tt_hyperbolic_smallint,SMALLINT,264,0,false,7,0,10000000,native,1,1.038002,0
10000000,SMALLINT,4,previous,BASELINE_tt_hyperbolic_smallint,tt_hyperbolic_smallint,SMALLINT,264,0,false,7,0,10000000,flink,1,0.828697,0
10000000,SMALLINT,4,previous,BASELINE_tt_hyperbolic_smallint,tt_hyperbolic_smallint,SMALLINT,264,0,false,7,0,10000000,flink,2,0.839715,0
10000000,SMALLINT,4,previous,BASELINE_tt_hyperbolic_smallint,tt_hyperbolic_smallint,SMALLINT,264,0,false,7,0,10000000,native,2,1.032645,0
10000000,SMALLINT,4,previous,BASELINE_tt_hyperbolic_smallint,tt_hyperbolic_smallint,SMALLINT,264,0,false,7,0,10000000,native,3,1.029969,0
10000000,SMALLINT,4,previous,BASELINE_tt_hyperbolic_smallint,tt_hyperbolic_smallint,SMALLINT,264,0,false,7,0,10000000,flink,3,0.816158,0
10000000,SMALLINT,4,previous,BASELINE_tt_hyperbolic_smallint,tt_hyperbolic_smallint,SMALLINT,264,0,false,7,0,10000000,flink,4,0.819815,0
10000000,SMALLINT,4,previous,BASELINE_tt_hyperbolic_smallint,tt_hyperbolic_smallint,SMALLINT,264,0,false,7,0,10000000,native,4,1.035893,0
10000000,SMALLINT,4,previous,COSH_SMALLINT,tt_hyperbolic_smallint,DOUBLE,264,0,false,7,0,10000000,flink,0,1.108820,0
10000000,SMALLINT,4,previous,COSH_SMALLINT,tt_hyperbolic_smallint,DOUBLE,264,0,false,7,0,10000000,native,0,1.124389,0
10000000,SMALLINT,4,previous,COSH_SMALLINT,tt_hyperbolic_smallint,DOUBLE,264,0,false,7,0,10000000,native,1,1.129662,0
10000000,SMALLINT,4,previous,COSH_SMALLINT,tt_hyperbolic_smallint,DOUBLE,264,0,false,7,0,10000000,flink,1,1.127668,0
10000000,SMALLINT,4,previous,COSH_SMALLINT,tt_hyperbolic_smallint,DOUBLE,264,0,false,7,0,10000000,flink,2,1.125239,0
10000000,SMALLINT,4,previous,COSH_SMALLINT,tt_hyperbolic_smallint,DOUBLE,264,0,false,7,0,10000000,native,2,1.133148,0
10000000,SMALLINT,4,previous,COSH_SMALLINT,tt_hyperbolic_smallint,DOUBLE,264,0,false,7,0,10000000,native,3,1.153065,0
10000000,SMALLINT,4,previous,COSH_SMALLINT,tt_hyperbolic_smallint,DOUBLE,264,0,false,7,0,10000000,flink,3,1.154624,0
10000000,SMALLINT,4,previous,COSH_SMALLINT,tt_hyperbolic_smallint,DOUBLE,264,0,false,7,0,10000000,flink,4,1.158419,0
10000000,SMALLINT,4,previous,COSH_SMALLINT,tt_hyperbolic_smallint,DOUBLE,264,0,false,7,0,10000000,native,4,1.140325,0
10000000,SMALLINT,4,previous,SINH_SMALLINT,tt_hyperbolic_smallint,DOUBLE,264,0,false,7,0,10000000,flink,0,1.161071,0
10000000,SMALLINT,4,previous,SINH_SMALLINT,tt_hyperbolic_smallint,DOUBLE,264,0,false,7,0,10000000,native,0,1.125039,0
10000000,SMALLINT,4,previous,SINH_SMALLINT,tt_hyperbolic_smallint,DOUBLE,264,0,false,7,0,10000000,native,1,1.142723,0
10000000,SMALLINT,4,previous,SINH_SMALLINT,tt_hyperbolic_smallint,DOUBLE,264,0,false,7,0,10000000,flink,1,1.149638,0
10000000,SMALLINT,4,previous,SINH_SMALLINT,tt_hyperbolic_smallint,DOUBLE,264,0,false,7,0,10000000,flink,2,1.160615,0
10000000,SMALLINT,4,previous,SINH_SMALLINT,tt_hyperbolic_smallint,DOUBLE,264,0,false,7,0,10000000,native,2,1.145154,0
10000000,SMALLINT,4,previous,SINH_SMALLINT,tt_hyperbolic_smallint,DOUBLE,264,0,false,7,0,10000000,native,3,1.129559,0
10000000,SMALLINT,4,previous,SINH_SMALLINT,tt_hyperbolic_smallint,DOUBLE,264,0,false,7,0,10000000,flink,3,1.159201,0
10000000,SMALLINT,4,previous,SINH_SMALLINT,tt_hyperbolic_smallint,DOUBLE,264,0,false,7,0,10000000,flink,4,1.138981,0
10000000,SMALLINT,4,previous,SINH_SMALLINT,tt_hyperbolic_smallint,DOUBLE,264,0,false,7,0,10000000,native,4,1.180528,0
10000000,SMALLINT,4,previous,TANH_SMALLINT,tt_hyperbolic_smallint,DOUBLE,264,0,false,7,0,10000000,flink,0,1.041733,0
10000000,SMALLINT,4,previous,TANH_SMALLINT,tt_hyperbolic_smallint,DOUBLE,264,0,false,7,0,10000000,native,0,1.097968,0
10000000,SMALLINT,4,previous,TANH_SMALLINT,tt_hyperbolic_smallint,DOUBLE,264,0,false,7,0,10000000,native,1,1.091406,0
10000000,SMALLINT,4,previous,TANH_SMALLINT,tt_hyperbolic_smallint,DOUBLE,264,0,false,7,0,10000000,flink,1,1.028994,0
10000000,SMALLINT,4,previous,TANH_SMALLINT,tt_hyperbolic_smallint,DOUBLE,264,0,false,7,0,10000000,flink,2,1.009935,0
10000000,SMALLINT,4,previous,TANH_SMALLINT,tt_hyperbolic_smallint,DOUBLE,264,0,false,7,0,10000000,native,2,1.133939,0
10000000,SMALLINT,4,previous,TANH_SMALLINT,tt_hyperbolic_smallint,DOUBLE,264,0,false,7,0,10000000,native,3,1.103526,0
10000000,SMALLINT,4,previous,TANH_SMALLINT,tt_hyperbolic_smallint,DOUBLE,264,0,false,7,0,10000000,flink,3,1.011122,0
10000000,SMALLINT,4,previous,TANH_SMALLINT,tt_hyperbolic_smallint,DOUBLE,264,0,false,7,0,10000000,flink,4,0.993468,0
10000000,SMALLINT,4,previous,TANH_SMALLINT,tt_hyperbolic_smallint,DOUBLE,264,0,false,7,0,10000000,native,4,1.125336,0
10000000,SMALLINT,5,candidate,BASELINE_tt_hyperbolic_smallint,tt_hyperbolic_smallint,SMALLINT,264,0,false,7,0,10000000,flink,0,0.825034,0
10000000,SMALLINT,5,candidate,BASELINE_tt_hyperbolic_smallint,tt_hyperbolic_smallint,SMALLINT,264,0,false,7,0,10000000,native,0,1.041047,0
10000000,SMALLINT,5,candidate,BASELINE_tt_hyperbolic_smallint,tt_hyperbolic_smallint,SMALLINT,264,0,false,7,0,10000000,native,1,1.039641,0
10000000,SMALLINT,5,candidate,BASELINE_tt_hyperbolic_smallint,tt_hyperbolic_smallint,SMALLINT,264,0,false,7,0,10000000,flink,1,0.872597,0
10000000,SMALLINT,5,candidate,BASELINE_tt_hyperbolic_smallint,tt_hyperbolic_smallint,SMALLINT,264,0,false,7,0,10000000,flink,2,0.823126,0
10000000,SMALLINT,5,candidate,BASELINE_tt_hyperbolic_smallint,tt_hyperbolic_smallint,SMALLINT,264,0,false,7,0,10000000,native,2,1.068238,0
10000000,SMALLINT,5,candidate,BASELINE_tt_hyperbolic_smallint,tt_hyperbolic_smallint,SMALLINT,264,0,false,7,0,10000000,native,3,1.001930,0
10000000,SMALLINT,5,candidate,BASELINE_tt_hyperbolic_smallint,tt_hyperbolic_smallint,SMALLINT,264,0,false,7,0,10000000,flink,3,0.826270,0
10000000,SMALLINT,5,candidate,BASELINE_tt_hyperbolic_smallint,tt_hyperbolic_smallint,SMALLINT,264,0,false,7,0,10000000,flink,4,0.831914,0
10000000,SMALLINT,5,candidate,BASELINE_tt_hyperbolic_smallint,tt_hyperbolic_smallint,SMALLINT,264,0,false,7,0,10000000,native,4,1.035099,0
10000000,SMALLINT,5,candidate,COSH_SMALLINT,tt_hyperbolic_smallint,DOUBLE,264,0,false,7,0,10000000,flink,0,1.107236,0
10000000,SMALLINT,5,candidate,COSH_SMALLINT,tt_hyperbolic_smallint,DOUBLE,264,0,false,7,0,10000000,native,0,1.140621,0
10000000,SMALLINT,5,candidate,COSH_SMALLINT,tt_hyperbolic_smallint,DOUBLE,264,0,false,7,0,10000000,native,1,1.130819,0
10000000,SMALLINT,5,candidate,COSH_SMALLINT,tt_hyperbolic_smallint,DOUBLE,264,0,false,7,0,10000000,flink,1,1.108969,0
10000000,SMALLINT,5,candidate,COSH_SMALLINT,tt_hyperbolic_smallint,DOUBLE,264,0,false,7,0,10000000,flink,2,1.113678,0
10000000,SMALLINT,5,candidate,COSH_SMALLINT,tt_hyperbolic_smallint,DOUBLE,264,0,false,7,0,10000000,native,2,1.118807,0
10000000,SMALLINT,5,candidate,COSH_SMALLINT,tt_hyperbolic_smallint,DOUBLE,264,0,false,7,0,10000000,native,3,1.119544,0
10000000,SMALLINT,5,candidate,COSH_SMALLINT,tt_hyperbolic_smallint,DOUBLE,264,0,false,7,0,10000000,flink,3,1.122982,0
10000000,SMALLINT,5,candidate,COSH_SMALLINT,tt_hyperbolic_smallint,DOUBLE,264,0,false,7,0,10000000,flink,4,1.110417,0
10000000,SMALLINT,5,candidate,COSH_SMALLINT,tt_hyperbolic_smallint,DOUBLE,264,0,false,7,0,10000000,native,4,1.132992,0
10000000,SMALLINT,5,candidate,SINH_SMALLINT,tt_hyperbolic_smallint,DOUBLE,264,0,false,7,0,10000000,flink,0,1.125325,0
10000000,SMALLINT,5,candidate,SINH_SMALLINT,tt_hyperbolic_smallint,DOUBLE,264,0,false,7,0,10000000,native,0,1.149536,0
10000000,SMALLINT,5,candidate,SINH_SMALLINT,tt_hyperbolic_smallint,DOUBLE,264,0,false,7,0,10000000,native,1,1.128577,0
10000000,SMALLINT,5,candidate,SINH_SMALLINT,tt_hyperbolic_smallint,DOUBLE,264,0,false,7,0,10000000,flink,1,1.125796,0
10000000,SMALLINT,5,candidate,SINH_SMALLINT,tt_hyperbolic_smallint,DOUBLE,264,0,false,7,0,10000000,flink,2,1.147532,0
10000000,SMALLINT,5,candidate,SINH_SMALLINT,tt_hyperbolic_smallint,DOUBLE,264,0,false,7,0,10000000,native,2,1.140168,0
10000000,SMALLINT,5,candidate,SINH_SMALLINT,tt_hyperbolic_smallint,DOUBLE,264,0,false,7,0,10000000,native,3,1.126441,0
10000000,SMALLINT,5,candidate,SINH_SMALLINT,tt_hyperbolic_smallint,DOUBLE,264,0,false,7,0,10000000,flink,3,1.109214,0
10000000,SMALLINT,5,candidate,SINH_SMALLINT,tt_hyperbolic_smallint,DOUBLE,264,0,false,7,0,10000000,flink,4,1.138692,0
10000000,SMALLINT,5,candidate,SINH_SMALLINT,tt_hyperbolic_smallint,DOUBLE,264,0,false,7,0,10000000,native,4,1.140235,0
10000000,SMALLINT,5,candidate,TANH_SMALLINT,tt_hyperbolic_smallint,DOUBLE,264,0,false,7,0,10000000,flink,0,0.995636,0
10000000,SMALLINT,5,candidate,TANH_SMALLINT,tt_hyperbolic_smallint,DOUBLE,264,0,false,7,0,10000000,native,0,1.092619,0
10000000,SMALLINT,5,candidate,TANH_SMALLINT,tt_hyperbolic_smallint,DOUBLE,264,0,false,7,0,10000000,native,1,1.091240,0
10000000,SMALLINT,5,candidate,TANH_SMALLINT,tt_hyperbolic_smallint,DOUBLE,264,0,false,7,0,10000000,flink,1,1.006795,0
10000000,SMALLINT,5,candidate,TANH_SMALLINT,tt_hyperbolic_smallint,DOUBLE,264,0,false,7,0,10000000,flink,2,0.996850,0
10000000,SMALLINT,5,candidate,TANH_SMALLINT,tt_hyperbolic_smallint,DOUBLE,264,0,false,7,0,10000000,native,2,1.087976,0
10000000,SMALLINT,5,candidate,TANH_SMALLINT,tt_hyperbolic_smallint,DOUBLE,264,0,false,7,0,10000000,native,3,1.114753,0
10000000,SMALLINT,5,candidate,TANH_SMALLINT,tt_hyperbolic_smallint,DOUBLE,264,0,false,7,0,10000000,flink,3,0.996049,0
10000000,SMALLINT,5,candidate,TANH_SMALLINT,tt_hyperbolic_smallint,DOUBLE,264,0,false,7,0,10000000,flink,4,1.002502,0
10000000,SMALLINT,5,candidate,TANH_SMALLINT,tt_hyperbolic_smallint,DOUBLE,264,0,false,7,0,10000000,native,4,1.111841,0
10000000,INTEGER,0,candidate,BASELINE_tt_hyperbolic_integer,tt_hyperbolic_integer,INT,264,0,false,0,0,10000000,flink,0,0.794207,0
10000000,INTEGER,0,candidate,BASELINE_tt_hyperbolic_integer,tt_hyperbolic_integer,INT,264,0,false,0,0,10000000,native,0,1.008366,0
10000000,INTEGER,0,candidate,BASELINE_tt_hyperbolic_integer,tt_hyperbolic_integer,INT,264,0,false,0,0,10000000,native,1,1.013753,0
10000000,INTEGER,0,candidate,BASELINE_tt_hyperbolic_integer,tt_hyperbolic_integer,INT,264,0,false,0,0,10000000,flink,1,0.788434,0
10000000,INTEGER,0,candidate,BASELINE_tt_hyperbolic_integer,tt_hyperbolic_integer,INT,264,0,false,0,0,10000000,flink,2,0.793817,0
10000000,INTEGER,0,candidate,BASELINE_tt_hyperbolic_integer,tt_hyperbolic_integer,INT,264,0,false,0,0,10000000,native,2,0.980346,0
10000000,INTEGER,0,candidate,BASELINE_tt_hyperbolic_integer,tt_hyperbolic_integer,INT,264,0,false,0,0,10000000,native,3,0.985502,0
10000000,INTEGER,0,candidate,BASELINE_tt_hyperbolic_integer,tt_hyperbolic_integer,INT,264,0,false,0,0,10000000,flink,3,0.797132,0
10000000,INTEGER,0,candidate,BASELINE_tt_hyperbolic_integer,tt_hyperbolic_integer,INT,264,0,false,0,0,10000000,flink,4,0.772778,0
10000000,INTEGER,0,candidate,BASELINE_tt_hyperbolic_integer,tt_hyperbolic_integer,INT,264,0,false,0,0,10000000,native,4,0.987769,0
10000000,INTEGER,0,candidate,COSH_INTEGER,tt_hyperbolic_integer,DOUBLE,264,0,false,0,0,10000000,flink,0,1.082060,0
10000000,INTEGER,0,candidate,COSH_INTEGER,tt_hyperbolic_integer,DOUBLE,264,0,false,0,0,10000000,native,0,1.073681,0
10000000,INTEGER,0,candidate,COSH_INTEGER,tt_hyperbolic_integer,DOUBLE,264,0,false,0,0,10000000,native,1,1.079395,0
10000000,INTEGER,0,candidate,COSH_INTEGER,tt_hyperbolic_integer,DOUBLE,264,0,false,0,0,10000000,flink,1,1.093078,0
10000000,INTEGER,0,candidate,COSH_INTEGER,tt_hyperbolic_integer,DOUBLE,264,0,false,0,0,10000000,flink,2,1.103381,0
10000000,INTEGER,0,candidate,COSH_INTEGER,tt_hyperbolic_integer,DOUBLE,264,0,false,0,0,10000000,native,2,1.093237,0
10000000,INTEGER,0,candidate,COSH_INTEGER,tt_hyperbolic_integer,DOUBLE,264,0,false,0,0,10000000,native,3,1.093891,0
10000000,INTEGER,0,candidate,COSH_INTEGER,tt_hyperbolic_integer,DOUBLE,264,0,false,0,0,10000000,flink,3,1.113051,0
10000000,INTEGER,0,candidate,COSH_INTEGER,tt_hyperbolic_integer,DOUBLE,264,0,false,0,0,10000000,flink,4,1.121716,0
10000000,INTEGER,0,candidate,COSH_INTEGER,tt_hyperbolic_integer,DOUBLE,264,0,false,0,0,10000000,native,4,1.082197,0
10000000,INTEGER,0,candidate,SINH_INTEGER,tt_hyperbolic_integer,DOUBLE,264,0,false,0,0,10000000,flink,0,1.156141,0
10000000,INTEGER,0,candidate,SINH_INTEGER,tt_hyperbolic_integer,DOUBLE,264,0,false,0,0,10000000,native,0,1.080076,0
10000000,INTEGER,0,candidate,SINH_INTEGER,tt_hyperbolic_integer,DOUBLE,264,0,false,0,0,10000000,native,1,1.085044,0
10000000,INTEGER,0,candidate,SINH_INTEGER,tt_hyperbolic_integer,DOUBLE,264,0,false,0,0,10000000,flink,1,1.127886,0
10000000,INTEGER,0,candidate,SINH_INTEGER,tt_hyperbolic_integer,DOUBLE,264,0,false,0,0,10000000,flink,2,1.112362,0
10000000,INTEGER,0,candidate,SINH_INTEGER,tt_hyperbolic_integer,DOUBLE,264,0,false,0,0,10000000,native,2,1.084140,0
10000000,INTEGER,0,candidate,SINH_INTEGER,tt_hyperbolic_integer,DOUBLE,264,0,false,0,0,10000000,native,3,1.095899,0
10000000,INTEGER,0,candidate,SINH_INTEGER,tt_hyperbolic_integer,DOUBLE,264,0,false,0,0,10000000,flink,3,1.126634,0
10000000,INTEGER,0,candidate,SINH_INTEGER,tt_hyperbolic_integer,DOUBLE,264,0,false,0,0,10000000,flink,4,1.109156,0
10000000,INTEGER,0,candidate,SINH_INTEGER,tt_hyperbolic_integer,DOUBLE,264,0,false,0,0,10000000,native,4,1.092708,0
10000000,INTEGER,0,candidate,TANH_INTEGER,tt_hyperbolic_integer,DOUBLE,264,0,false,0,0,10000000,flink,0,1.016964,0
10000000,INTEGER,0,candidate,TANH_INTEGER,tt_hyperbolic_integer,DOUBLE,264,0,false,0,0,10000000,native,0,1.054880,0
10000000,INTEGER,0,candidate,TANH_INTEGER,tt_hyperbolic_integer,DOUBLE,264,0,false,0,0,10000000,native,1,1.058752,0
10000000,INTEGER,0,candidate,TANH_INTEGER,tt_hyperbolic_integer,DOUBLE,264,0,false,0,0,10000000,flink,1,1.025246,0
10000000,INTEGER,0,candidate,TANH_INTEGER,tt_hyperbolic_integer,DOUBLE,264,0,false,0,0,10000000,flink,2,1.002891,0
10000000,INTEGER,0,candidate,TANH_INTEGER,tt_hyperbolic_integer,DOUBLE,264,0,false,0,0,10000000,native,2,1.051472,0
10000000,INTEGER,0,candidate,TANH_INTEGER,tt_hyperbolic_integer,DOUBLE,264,0,false,0,0,10000000,native,3,1.063296,0
10000000,INTEGER,0,candidate,TANH_INTEGER,tt_hyperbolic_integer,DOUBLE,264,0,false,0,0,10000000,flink,3,1.002308,0
10000000,INTEGER,0,candidate,TANH_INTEGER,tt_hyperbolic_integer,DOUBLE,264,0,false,0,0,10000000,flink,4,0.998603,0
10000000,INTEGER,0,candidate,TANH_INTEGER,tt_hyperbolic_integer,DOUBLE,264,0,false,0,0,10000000,native,4,1.066934,0
10000000,INTEGER,1,previous,BASELINE_tt_hyperbolic_integer,tt_hyperbolic_integer,INT,264,0,false,0,0,10000000,flink,0,0.795052,0
10000000,INTEGER,1,previous,BASELINE_tt_hyperbolic_integer,tt_hyperbolic_integer,INT,264,0,false,0,0,10000000,native,0,0.999927,0
10000000,INTEGER,1,previous,BASELINE_tt_hyperbolic_integer,tt_hyperbolic_integer,INT,264,0,false,0,0,10000000,native,1,1.007205,0
10000000,INTEGER,1,previous,BASELINE_tt_hyperbolic_integer,tt_hyperbolic_integer,INT,264,0,false,0,0,10000000,flink,1,0.772707,0
10000000,INTEGER,1,previous,BASELINE_tt_hyperbolic_integer,tt_hyperbolic_integer,INT,264,0,false,0,0,10000000,flink,2,0.778991,0
10000000,INTEGER,1,previous,BASELINE_tt_hyperbolic_integer,tt_hyperbolic_integer,INT,264,0,false,0,0,10000000,native,2,0.992822,0
10000000,INTEGER,1,previous,BASELINE_tt_hyperbolic_integer,tt_hyperbolic_integer,INT,264,0,false,0,0,10000000,native,3,0.992660,0
10000000,INTEGER,1,previous,BASELINE_tt_hyperbolic_integer,tt_hyperbolic_integer,INT,264,0,false,0,0,10000000,flink,3,0.804991,0
10000000,INTEGER,1,previous,BASELINE_tt_hyperbolic_integer,tt_hyperbolic_integer,INT,264,0,false,0,0,10000000,flink,4,0.776129,0
10000000,INTEGER,1,previous,BASELINE_tt_hyperbolic_integer,tt_hyperbolic_integer,INT,264,0,false,0,0,10000000,native,4,0.977667,0
10000000,INTEGER,1,previous,COSH_INTEGER,tt_hyperbolic_integer,DOUBLE,264,0,false,0,0,10000000,flink,0,1.117914,0
10000000,INTEGER,1,previous,COSH_INTEGER,tt_hyperbolic_integer,DOUBLE,264,0,false,0,0,10000000,native,0,1.084384,0
10000000,INTEGER,1,previous,COSH_INTEGER,tt_hyperbolic_integer,DOUBLE,264,0,false,0,0,10000000,native,1,1.081690,0
10000000,INTEGER,1,previous,COSH_INTEGER,tt_hyperbolic_integer,DOUBLE,264,0,false,0,0,10000000,flink,1,1.100736,0
10000000,INTEGER,1,previous,COSH_INTEGER,tt_hyperbolic_integer,DOUBLE,264,0,false,0,0,10000000,flink,2,1.102757,0
10000000,INTEGER,1,previous,COSH_INTEGER,tt_hyperbolic_integer,DOUBLE,264,0,false,0,0,10000000,native,2,1.074728,0
10000000,INTEGER,1,previous,COSH_INTEGER,tt_hyperbolic_integer,DOUBLE,264,0,false,0,0,10000000,native,3,1.084622,0
10000000,INTEGER,1,previous,COSH_INTEGER,tt_hyperbolic_integer,DOUBLE,264,0,false,0,0,10000000,flink,3,1.107356,0
10000000,INTEGER,1,previous,COSH_INTEGER,tt_hyperbolic_integer,DOUBLE,264,0,false,0,0,10000000,flink,4,1.094570,0
10000000,INTEGER,1,previous,COSH_INTEGER,tt_hyperbolic_integer,DOUBLE,264,0,false,0,0,10000000,native,4,1.111552,0
10000000,INTEGER,1,previous,SINH_INTEGER,tt_hyperbolic_integer,DOUBLE,264,0,false,0,0,10000000,flink,0,1.113065,0
10000000,INTEGER,1,previous,SINH_INTEGER,tt_hyperbolic_integer,DOUBLE,264,0,false,0,0,10000000,native,0,1.100791,0
10000000,INTEGER,1,previous,SINH_INTEGER,tt_hyperbolic_integer,DOUBLE,264,0,false,0,0,10000000,native,1,1.095149,0
10000000,INTEGER,1,previous,SINH_INTEGER,tt_hyperbolic_integer,DOUBLE,264,0,false,0,0,10000000,flink,1,1.117515,0
10000000,INTEGER,1,previous,SINH_INTEGER,tt_hyperbolic_integer,DOUBLE,264,0,false,0,0,10000000,flink,2,1.126112,0
10000000,INTEGER,1,previous,SINH_INTEGER,tt_hyperbolic_integer,DOUBLE,264,0,false,0,0,10000000,native,2,1.098823,0
10000000,INTEGER,1,previous,SINH_INTEGER,tt_hyperbolic_integer,DOUBLE,264,0,false,0,0,10000000,native,3,1.083418,0
10000000,INTEGER,1,previous,SINH_INTEGER,tt_hyperbolic_integer,DOUBLE,264,0,false,0,0,10000000,flink,3,1.145098,0
10000000,INTEGER,1,previous,SINH_INTEGER,tt_hyperbolic_integer,DOUBLE,264,0,false,0,0,10000000,flink,4,1.142177,0
10000000,INTEGER,1,previous,SINH_INTEGER,tt_hyperbolic_integer,DOUBLE,264,0,false,0,0,10000000,native,4,1.092909,0
10000000,INTEGER,1,previous,TANH_INTEGER,tt_hyperbolic_integer,DOUBLE,264,0,false,0,0,10000000,flink,0,0.985431,0
10000000,INTEGER,1,previous,TANH_INTEGER,tt_hyperbolic_integer,DOUBLE,264,0,false,0,0,10000000,native,0,1.054550,0
10000000,INTEGER,1,previous,TANH_INTEGER,tt_hyperbolic_integer,DOUBLE,264,0,false,0,0,10000000,native,1,1.087383,0
10000000,INTEGER,1,previous,TANH_INTEGER,tt_hyperbolic_integer,DOUBLE,264,0,false,0,0,10000000,flink,1,0.974143,0
10000000,INTEGER,1,previous,TANH_INTEGER,tt_hyperbolic_integer,DOUBLE,264,0,false,0,0,10000000,flink,2,0.966099,0
10000000,INTEGER,1,previous,TANH_INTEGER,tt_hyperbolic_integer,DOUBLE,264,0,false,0,0,10000000,native,2,1.057924,0
10000000,INTEGER,1,previous,TANH_INTEGER,tt_hyperbolic_integer,DOUBLE,264,0,false,0,0,10000000,native,3,1.062713,0
10000000,INTEGER,1,previous,TANH_INTEGER,tt_hyperbolic_integer,DOUBLE,264,0,false,0,0,10000000,flink,3,0.983989,0
10000000,INTEGER,1,previous,TANH_INTEGER,tt_hyperbolic_integer,DOUBLE,264,0,false,0,0,10000000,flink,4,0.985399,0
10000000,INTEGER,1,previous,TANH_INTEGER,tt_hyperbolic_integer,DOUBLE,264,0,false,0,0,10000000,native,4,1.054136,0
10000000,INTEGER,2,original,BASELINE_tt_hyperbolic_integer,tt_hyperbolic_integer,INT,264,0,false,0,0,10000000,flink,0,0.798126,0
10000000,INTEGER,2,original,BASELINE_tt_hyperbolic_integer,tt_hyperbolic_integer,INT,264,0,false,0,0,10000000,native,0,0.996857,0
10000000,INTEGER,2,original,BASELINE_tt_hyperbolic_integer,tt_hyperbolic_integer,INT,264,0,false,0,0,10000000,native,1,0.990549,0
10000000,INTEGER,2,original,BASELINE_tt_hyperbolic_integer,tt_hyperbolic_integer,INT,264,0,false,0,0,10000000,flink,1,0.794407,0
10000000,INTEGER,2,original,BASELINE_tt_hyperbolic_integer,tt_hyperbolic_integer,INT,264,0,false,0,0,10000000,flink,2,0.780803,0
10000000,INTEGER,2,original,BASELINE_tt_hyperbolic_integer,tt_hyperbolic_integer,INT,264,0,false,0,0,10000000,native,2,0.982303,0
10000000,INTEGER,2,original,BASELINE_tt_hyperbolic_integer,tt_hyperbolic_integer,INT,264,0,false,0,0,10000000,native,3,0.996340,0
10000000,INTEGER,2,original,BASELINE_tt_hyperbolic_integer,tt_hyperbolic_integer,INT,264,0,false,0,0,10000000,flink,3,0.830896,0
10000000,INTEGER,2,original,BASELINE_tt_hyperbolic_integer,tt_hyperbolic_integer,INT,264,0,false,0,0,10000000,flink,4,0.809306,0
10000000,INTEGER,2,original,BASELINE_tt_hyperbolic_integer,tt_hyperbolic_integer,INT,264,0,false,0,0,10000000,native,4,0.978409,0
10000000,INTEGER,2,original,COSH_INTEGER,tt_hyperbolic_integer,DOUBLE,264,0,false,0,0,10000000,flink,0,1.104284,0
10000000,INTEGER,2,original,COSH_INTEGER,tt_hyperbolic_integer,DOUBLE,264,0,false,0,0,10000000,native,0,1.101561,0
10000000,INTEGER,2,original,COSH_INTEGER,tt_hyperbolic_integer,DOUBLE,264,0,false,0,0,10000000,native,1,1.126880,0
10000000,INTEGER,2,original,COSH_INTEGER,tt_hyperbolic_integer,DOUBLE,264,0,false,0,0,10000000,flink,1,1.124806,0
10000000,INTEGER,2,original,COSH_INTEGER,tt_hyperbolic_integer,DOUBLE,264,0,false,0,0,10000000,flink,2,1.115811,0
10000000,INTEGER,2,original,COSH_INTEGER,tt_hyperbolic_integer,DOUBLE,264,0,false,0,0,10000000,native,2,1.130873,0
10000000,INTEGER,2,original,COSH_INTEGER,tt_hyperbolic_integer,DOUBLE,264,0,false,0,0,10000000,native,3,1.101529,0
10000000,INTEGER,2,original,COSH_INTEGER,tt_hyperbolic_integer,DOUBLE,264,0,false,0,0,10000000,flink,3,1.086370,0
10000000,INTEGER,2,original,COSH_INTEGER,tt_hyperbolic_integer,DOUBLE,264,0,false,0,0,10000000,flink,4,1.225376,0
10000000,INTEGER,2,original,COSH_INTEGER,tt_hyperbolic_integer,DOUBLE,264,0,false,0,0,10000000,native,4,1.159911,0
10000000,INTEGER,2,original,SINH_INTEGER,tt_hyperbolic_integer,DOUBLE,264,0,false,0,0,10000000,flink,0,1.146029,0
10000000,INTEGER,2,original,SINH_INTEGER,tt_hyperbolic_integer,DOUBLE,264,0,false,0,0,10000000,native,0,1.113849,0
10000000,INTEGER,2,original,SINH_INTEGER,tt_hyperbolic_integer,DOUBLE,264,0,false,0,0,10000000,native,1,1.114782,0
10000000,INTEGER,2,original,SINH_INTEGER,tt_hyperbolic_integer,DOUBLE,264,0,false,0,0,10000000,flink,1,1.121575,0
10000000,INTEGER,2,original,SINH_INTEGER,tt_hyperbolic_integer,DOUBLE,264,0,false,0,0,10000000,flink,2,1.099477,0
10000000,INTEGER,2,original,SINH_INTEGER,tt_hyperbolic_integer,DOUBLE,264,0,false,0,0,10000000,native,2,1.138915,0
10000000,INTEGER,2,original,SINH_INTEGER,tt_hyperbolic_integer,DOUBLE,264,0,false,0,0,10000000,native,3,1.112471,0
10000000,INTEGER,2,original,SINH_INTEGER,tt_hyperbolic_integer,DOUBLE,264,0,false,0,0,10000000,flink,3,1.135156,0
10000000,INTEGER,2,original,SINH_INTEGER,tt_hyperbolic_integer,DOUBLE,264,0,false,0,0,10000000,flink,4,1.128385,0
10000000,INTEGER,2,original,SINH_INTEGER,tt_hyperbolic_integer,DOUBLE,264,0,false,0,0,10000000,native,4,1.132445,0
10000000,INTEGER,2,original,TANH_INTEGER,tt_hyperbolic_integer,DOUBLE,264,0,false,0,0,10000000,flink,0,1.023002,0
10000000,INTEGER,2,original,TANH_INTEGER,tt_hyperbolic_integer,DOUBLE,264,0,false,0,0,10000000,native,0,1.013493,0
10000000,INTEGER,2,original,TANH_INTEGER,tt_hyperbolic_integer,DOUBLE,264,0,false,0,0,10000000,native,1,1.021797,0
10000000,INTEGER,2,original,TANH_INTEGER,tt_hyperbolic_integer,DOUBLE,264,0,false,0,0,10000000,flink,1,1.021256,0
10000000,INTEGER,2,original,TANH_INTEGER,tt_hyperbolic_integer,DOUBLE,264,0,false,0,0,10000000,flink,2,1.001074,0
10000000,INTEGER,2,original,TANH_INTEGER,tt_hyperbolic_integer,DOUBLE,264,0,false,0,0,10000000,native,2,0.995762,0
10000000,INTEGER,2,original,TANH_INTEGER,tt_hyperbolic_integer,DOUBLE,264,0,false,0,0,10000000,native,3,1.017049,0
10000000,INTEGER,2,original,TANH_INTEGER,tt_hyperbolic_integer,DOUBLE,264,0,false,0,0,10000000,flink,3,1.001118,0
10000000,INTEGER,2,original,TANH_INTEGER,tt_hyperbolic_integer,DOUBLE,264,0,false,0,0,10000000,flink,4,0.978679,0
10000000,INTEGER,2,original,TANH_INTEGER,tt_hyperbolic_integer,DOUBLE,264,0,false,0,0,10000000,native,4,0.995186,0
10000000,INTEGER,3,original,BASELINE_tt_hyperbolic_integer,tt_hyperbolic_integer,INT,264,0,false,0,0,10000000,flink,0,0.816038,0
10000000,INTEGER,3,original,BASELINE_tt_hyperbolic_integer,tt_hyperbolic_integer,INT,264,0,false,0,0,10000000,native,0,1.022337,0
10000000,INTEGER,3,original,BASELINE_tt_hyperbolic_integer,tt_hyperbolic_integer,INT,264,0,false,0,0,10000000,native,1,1.012061,0
10000000,INTEGER,3,original,BASELINE_tt_hyperbolic_integer,tt_hyperbolic_integer,INT,264,0,false,0,0,10000000,flink,1,0.817308,0
10000000,INTEGER,3,original,BASELINE_tt_hyperbolic_integer,tt_hyperbolic_integer,INT,264,0,false,0,0,10000000,flink,2,0.808885,0
10000000,INTEGER,3,original,BASELINE_tt_hyperbolic_integer,tt_hyperbolic_integer,INT,264,0,false,0,0,10000000,native,2,0.980173,0
10000000,INTEGER,3,original,BASELINE_tt_hyperbolic_integer,tt_hyperbolic_integer,INT,264,0,false,0,0,10000000,native,3,0.968439,0
10000000,INTEGER,3,original,BASELINE_tt_hyperbolic_integer,tt_hyperbolic_integer,INT,264,0,false,0,0,10000000,flink,3,0.854761,0
10000000,INTEGER,3,original,BASELINE_tt_hyperbolic_integer,tt_hyperbolic_integer,INT,264,0,false,0,0,10000000,flink,4,0.815556,0
10000000,INTEGER,3,original,BASELINE_tt_hyperbolic_integer,tt_hyperbolic_integer,INT,264,0,false,0,0,10000000,native,4,0.989292,0
10000000,INTEGER,3,original,COSH_INTEGER,tt_hyperbolic_integer,DOUBLE,264,0,false,0,0,10000000,flink,0,1.096706,0
10000000,INTEGER,3,original,COSH_INTEGER,tt_hyperbolic_integer,DOUBLE,264,0,false,0,0,10000000,native,0,1.099336,0
10000000,INTEGER,3,original,COSH_INTEGER,tt_hyperbolic_integer,DOUBLE,264,0,false,0,0,10000000,native,1,1.112606,0
10000000,INTEGER,3,original,COSH_INTEGER,tt_hyperbolic_integer,DOUBLE,264,0,false,0,0,10000000,flink,1,1.103024,0
10000000,INTEGER,3,original,COSH_INTEGER,tt_hyperbolic_integer,DOUBLE,264,0,false,0,0,10000000,flink,2,1.091362,0
10000000,INTEGER,3,original,COSH_INTEGER,tt_hyperbolic_integer,DOUBLE,264,0,false,0,0,10000000,native,2,1.097764,0
10000000,INTEGER,3,original,COSH_INTEGER,tt_hyperbolic_integer,DOUBLE,264,0,false,0,0,10000000,native,3,1.088422,0
10000000,INTEGER,3,original,COSH_INTEGER,tt_hyperbolic_integer,DOUBLE,264,0,false,0,0,10000000,flink,3,1.096951,0
10000000,INTEGER,3,original,COSH_INTEGER,tt_hyperbolic_integer,DOUBLE,264,0,false,0,0,10000000,flink,4,1.112045,0
10000000,INTEGER,3,original,COSH_INTEGER,tt_hyperbolic_integer,DOUBLE,264,0,false,0,0,10000000,native,4,1.107609,0
10000000,INTEGER,3,original,SINH_INTEGER,tt_hyperbolic_integer,DOUBLE,264,0,false,0,0,10000000,flink,0,1.118039,0
10000000,INTEGER,3,original,SINH_INTEGER,tt_hyperbolic_integer,DOUBLE,264,0,false,0,0,10000000,native,0,1.119001,0
10000000,INTEGER,3,original,SINH_INTEGER,tt_hyperbolic_integer,DOUBLE,264,0,false,0,0,10000000,native,1,1.104286,0
10000000,INTEGER,3,original,SINH_INTEGER,tt_hyperbolic_integer,DOUBLE,264,0,false,0,0,10000000,flink,1,1.133259,0
10000000,INTEGER,3,original,SINH_INTEGER,tt_hyperbolic_integer,DOUBLE,264,0,false,0,0,10000000,flink,2,1.138724,0
10000000,INTEGER,3,original,SINH_INTEGER,tt_hyperbolic_integer,DOUBLE,264,0,false,0,0,10000000,native,2,1.112973,0
10000000,INTEGER,3,original,SINH_INTEGER,tt_hyperbolic_integer,DOUBLE,264,0,false,0,0,10000000,native,3,1.126610,0
10000000,INTEGER,3,original,SINH_INTEGER,tt_hyperbolic_integer,DOUBLE,264,0,false,0,0,10000000,flink,3,1.110057,0
10000000,INTEGER,3,original,SINH_INTEGER,tt_hyperbolic_integer,DOUBLE,264,0,false,0,0,10000000,flink,4,1.102506,0
10000000,INTEGER,3,original,SINH_INTEGER,tt_hyperbolic_integer,DOUBLE,264,0,false,0,0,10000000,native,4,1.104986,0
10000000,INTEGER,3,original,TANH_INTEGER,tt_hyperbolic_integer,DOUBLE,264,0,false,0,0,10000000,flink,0,0.993925,0
10000000,INTEGER,3,original,TANH_INTEGER,tt_hyperbolic_integer,DOUBLE,264,0,false,0,0,10000000,native,0,0.994068,0
10000000,INTEGER,3,original,TANH_INTEGER,tt_hyperbolic_integer,DOUBLE,264,0,false,0,0,10000000,native,1,1.009823,0
10000000,INTEGER,3,original,TANH_INTEGER,tt_hyperbolic_integer,DOUBLE,264,0,false,0,0,10000000,flink,1,1.003445,0
10000000,INTEGER,3,original,TANH_INTEGER,tt_hyperbolic_integer,DOUBLE,264,0,false,0,0,10000000,flink,2,0.993697,0
10000000,INTEGER,3,original,TANH_INTEGER,tt_hyperbolic_integer,DOUBLE,264,0,false,0,0,10000000,native,2,0.980304,0
10000000,INTEGER,3,original,TANH_INTEGER,tt_hyperbolic_integer,DOUBLE,264,0,false,0,0,10000000,native,3,0.998678,0
10000000,INTEGER,3,original,TANH_INTEGER,tt_hyperbolic_integer,DOUBLE,264,0,false,0,0,10000000,flink,3,0.980357,0
10000000,INTEGER,3,original,TANH_INTEGER,tt_hyperbolic_integer,DOUBLE,264,0,false,0,0,10000000,flink,4,0.976675,0
10000000,INTEGER,3,original,TANH_INTEGER,tt_hyperbolic_integer,DOUBLE,264,0,false,0,0,10000000,native,4,0.973691,0
10000000,INTEGER,4,previous,BASELINE_tt_hyperbolic_integer,tt_hyperbolic_integer,INT,264,0,false,0,0,10000000,flink,0,0.798191,0
10000000,INTEGER,4,previous,BASELINE_tt_hyperbolic_integer,tt_hyperbolic_integer,INT,264,0,false,0,0,10000000,native,0,0.997859,0
10000000,INTEGER,4,previous,BASELINE_tt_hyperbolic_integer,tt_hyperbolic_integer,INT,264,0,false,0,0,10000000,native,1,1.012888,0
10000000,INTEGER,4,previous,BASELINE_tt_hyperbolic_integer,tt_hyperbolic_integer,INT,264,0,false,0,0,10000000,flink,1,0.780795,0
10000000,INTEGER,4,previous,BASELINE_tt_hyperbolic_integer,tt_hyperbolic_integer,INT,264,0,false,0,0,10000000,flink,2,0.788712,0
10000000,INTEGER,4,previous,BASELINE_tt_hyperbolic_integer,tt_hyperbolic_integer,INT,264,0,false,0,0,10000000,native,2,0.985002,0
10000000,INTEGER,4,previous,BASELINE_tt_hyperbolic_integer,tt_hyperbolic_integer,INT,264,0,false,0,0,10000000,native,3,0.985729,0
10000000,INTEGER,4,previous,BASELINE_tt_hyperbolic_integer,tt_hyperbolic_integer,INT,264,0,false,0,0,10000000,flink,3,0.794244,0
10000000,INTEGER,4,previous,BASELINE_tt_hyperbolic_integer,tt_hyperbolic_integer,INT,264,0,false,0,0,10000000,flink,4,0.796340,0
10000000,INTEGER,4,previous,BASELINE_tt_hyperbolic_integer,tt_hyperbolic_integer,INT,264,0,false,0,0,10000000,native,4,0.991847,0
10000000,INTEGER,4,previous,COSH_INTEGER,tt_hyperbolic_integer,DOUBLE,264,0,false,0,0,10000000,flink,0,1.133550,0
10000000,INTEGER,4,previous,COSH_INTEGER,tt_hyperbolic_integer,DOUBLE,264,0,false,0,0,10000000,native,0,1.101340,0
10000000,INTEGER,4,previous,COSH_INTEGER,tt_hyperbolic_integer,DOUBLE,264,0,false,0,0,10000000,native,1,1.091759,0
10000000,INTEGER,4,previous,COSH_INTEGER,tt_hyperbolic_integer,DOUBLE,264,0,false,0,0,10000000,flink,1,1.103253,0
10000000,INTEGER,4,previous,COSH_INTEGER,tt_hyperbolic_integer,DOUBLE,264,0,false,0,0,10000000,flink,2,1.146599,0
10000000,INTEGER,4,previous,COSH_INTEGER,tt_hyperbolic_integer,DOUBLE,264,0,false,0,0,10000000,native,2,1.098190,0
10000000,INTEGER,4,previous,COSH_INTEGER,tt_hyperbolic_integer,DOUBLE,264,0,false,0,0,10000000,native,3,1.080415,0
10000000,INTEGER,4,previous,COSH_INTEGER,tt_hyperbolic_integer,DOUBLE,264,0,false,0,0,10000000,flink,3,1.139249,0
10000000,INTEGER,4,previous,COSH_INTEGER,tt_hyperbolic_integer,DOUBLE,264,0,false,0,0,10000000,flink,4,1.138024,0
10000000,INTEGER,4,previous,COSH_INTEGER,tt_hyperbolic_integer,DOUBLE,264,0,false,0,0,10000000,native,4,1.116653,0
10000000,INTEGER,4,previous,SINH_INTEGER,tt_hyperbolic_integer,DOUBLE,264,0,false,0,0,10000000,flink,0,1.168708,0
10000000,INTEGER,4,previous,SINH_INTEGER,tt_hyperbolic_integer,DOUBLE,264,0,false,0,0,10000000,native,0,1.092886,0
10000000,INTEGER,4,previous,SINH_INTEGER,tt_hyperbolic_integer,DOUBLE,264,0,false,0,0,10000000,native,1,1.095805,0
10000000,INTEGER,4,previous,SINH_INTEGER,tt_hyperbolic_integer,DOUBLE,264,0,false,0,0,10000000,flink,1,1.163950,0
10000000,INTEGER,4,previous,SINH_INTEGER,tt_hyperbolic_integer,DOUBLE,264,0,false,0,0,10000000,flink,2,1.140417,0
10000000,INTEGER,4,previous,SINH_INTEGER,tt_hyperbolic_integer,DOUBLE,264,0,false,0,0,10000000,native,2,1.097633,0
10000000,INTEGER,4,previous,SINH_INTEGER,tt_hyperbolic_integer,DOUBLE,264,0,false,0,0,10000000,native,3,1.101301,0
10000000,INTEGER,4,previous,SINH_INTEGER,tt_hyperbolic_integer,DOUBLE,264,0,false,0,0,10000000,flink,3,1.143339,0
10000000,INTEGER,4,previous,SINH_INTEGER,tt_hyperbolic_integer,DOUBLE,264,0,false,0,0,10000000,flink,4,1.141160,0
10000000,INTEGER,4,previous,SINH_INTEGER,tt_hyperbolic_integer,DOUBLE,264,0,false,0,0,10000000,native,4,1.105060,0
10000000,INTEGER,4,previous,TANH_INTEGER,tt_hyperbolic_integer,DOUBLE,264,0,false,0,0,10000000,flink,0,0.999425,0
10000000,INTEGER,4,previous,TANH_INTEGER,tt_hyperbolic_integer,DOUBLE,264,0,false,0,0,10000000,native,0,1.065348,0
10000000,INTEGER,4,previous,TANH_INTEGER,tt_hyperbolic_integer,DOUBLE,264,0,false,0,0,10000000,native,1,1.070625,0
10000000,INTEGER,4,previous,TANH_INTEGER,tt_hyperbolic_integer,DOUBLE,264,0,false,0,0,10000000,flink,1,1.011344,0
10000000,INTEGER,4,previous,TANH_INTEGER,tt_hyperbolic_integer,DOUBLE,264,0,false,0,0,10000000,flink,2,0.994084,0
10000000,INTEGER,4,previous,TANH_INTEGER,tt_hyperbolic_integer,DOUBLE,264,0,false,0,0,10000000,native,2,1.060481,0
10000000,INTEGER,4,previous,TANH_INTEGER,tt_hyperbolic_integer,DOUBLE,264,0,false,0,0,10000000,native,3,1.059144,0
10000000,INTEGER,4,previous,TANH_INTEGER,tt_hyperbolic_integer,DOUBLE,264,0,false,0,0,10000000,flink,3,1.005148,0
10000000,INTEGER,4,previous,TANH_INTEGER,tt_hyperbolic_integer,DOUBLE,264,0,false,0,0,10000000,flink,4,0.994704,0
10000000,INTEGER,4,previous,TANH_INTEGER,tt_hyperbolic_integer,DOUBLE,264,0,false,0,0,10000000,native,4,1.067763,0
10000000,INTEGER,5,candidate,BASELINE_tt_hyperbolic_integer,tt_hyperbolic_integer,INT,264,0,false,0,0,10000000,flink,0,0.782949,0
10000000,INTEGER,5,candidate,BASELINE_tt_hyperbolic_integer,tt_hyperbolic_integer,INT,264,0,false,0,0,10000000,native,0,1.048072,0
10000000,INTEGER,5,candidate,BASELINE_tt_hyperbolic_integer,tt_hyperbolic_integer,INT,264,0,false,0,0,10000000,native,1,1.014621,0
10000000,INTEGER,5,candidate,BASELINE_tt_hyperbolic_integer,tt_hyperbolic_integer,INT,264,0,false,0,0,10000000,flink,1,0.794621,0
10000000,INTEGER,5,candidate,BASELINE_tt_hyperbolic_integer,tt_hyperbolic_integer,INT,264,0,false,0,0,10000000,flink,2,0.808004,0
10000000,INTEGER,5,candidate,BASELINE_tt_hyperbolic_integer,tt_hyperbolic_integer,INT,264,0,false,0,0,10000000,native,2,0.984193,0
10000000,INTEGER,5,candidate,BASELINE_tt_hyperbolic_integer,tt_hyperbolic_integer,INT,264,0,false,0,0,10000000,native,3,0.991039,0
10000000,INTEGER,5,candidate,BASELINE_tt_hyperbolic_integer,tt_hyperbolic_integer,INT,264,0,false,0,0,10000000,flink,3,0.811107,0
10000000,INTEGER,5,candidate,BASELINE_tt_hyperbolic_integer,tt_hyperbolic_integer,INT,264,0,false,0,0,10000000,flink,4,0.810652,0
10000000,INTEGER,5,candidate,BASELINE_tt_hyperbolic_integer,tt_hyperbolic_integer,INT,264,0,false,0,0,10000000,native,4,0.985456,0
10000000,INTEGER,5,candidate,COSH_INTEGER,tt_hyperbolic_integer,DOUBLE,264,0,false,0,0,10000000,flink,0,1.101345,0
10000000,INTEGER,5,candidate,COSH_INTEGER,tt_hyperbolic_integer,DOUBLE,264,0,false,0,0,10000000,native,0,1.082748,0
10000000,INTEGER,5,candidate,COSH_INTEGER,tt_hyperbolic_integer,DOUBLE,264,0,false,0,0,10000000,native,1,1.078129,0
10000000,INTEGER,5,candidate,COSH_INTEGER,tt_hyperbolic_integer,DOUBLE,264,0,false,0,0,10000000,flink,1,1.112390,0
10000000,INTEGER,5,candidate,COSH_INTEGER,tt_hyperbolic_integer,DOUBLE,264,0,false,0,0,10000000,flink,2,1.102273,0
10000000,INTEGER,5,candidate,COSH_INTEGER,tt_hyperbolic_integer,DOUBLE,264,0,false,0,0,10000000,native,2,1.079535,0
10000000,INTEGER,5,candidate,COSH_INTEGER,tt_hyperbolic_integer,DOUBLE,264,0,false,0,0,10000000,native,3,1.076677,0
10000000,INTEGER,5,candidate,COSH_INTEGER,tt_hyperbolic_integer,DOUBLE,264,0,false,0,0,10000000,flink,3,1.135597,0
10000000,INTEGER,5,candidate,COSH_INTEGER,tt_hyperbolic_integer,DOUBLE,264,0,false,0,0,10000000,flink,4,1.116800,0
10000000,INTEGER,5,candidate,COSH_INTEGER,tt_hyperbolic_integer,DOUBLE,264,0,false,0,0,10000000,native,4,1.154298,0
10000000,INTEGER,5,candidate,SINH_INTEGER,tt_hyperbolic_integer,DOUBLE,264,0,false,0,0,10000000,flink,0,1.169085,0
10000000,INTEGER,5,candidate,SINH_INTEGER,tt_hyperbolic_integer,DOUBLE,264,0,false,0,0,10000000,native,0,1.094338,0
10000000,INTEGER,5,candidate,SINH_INTEGER,tt_hyperbolic_integer,DOUBLE,264,0,false,0,0,10000000,native,1,1.094322,0
10000000,INTEGER,5,candidate,SINH_INTEGER,tt_hyperbolic_integer,DOUBLE,264,0,false,0,0,10000000,flink,1,1.169518,0
10000000,INTEGER,5,candidate,SINH_INTEGER,tt_hyperbolic_integer,DOUBLE,264,0,false,0,0,10000000,flink,2,1.116241,0
10000000,INTEGER,5,candidate,SINH_INTEGER,tt_hyperbolic_integer,DOUBLE,264,0,false,0,0,10000000,native,2,1.074316,0
10000000,INTEGER,5,candidate,SINH_INTEGER,tt_hyperbolic_integer,DOUBLE,264,0,false,0,0,10000000,native,3,1.093989,0
10000000,INTEGER,5,candidate,SINH_INTEGER,tt_hyperbolic_integer,DOUBLE,264,0,false,0,0,10000000,flink,3,1.161367,0
10000000,INTEGER,5,candidate,SINH_INTEGER,tt_hyperbolic_integer,DOUBLE,264,0,false,0,0,10000000,flink,4,1.140750,0
10000000,INTEGER,5,candidate,SINH_INTEGER,tt_hyperbolic_integer,DOUBLE,264,0,false,0,0,10000000,native,4,1.090903,0
10000000,INTEGER,5,candidate,TANH_INTEGER,tt_hyperbolic_integer,DOUBLE,264,0,false,0,0,10000000,flink,0,0.978319,0
10000000,INTEGER,5,candidate,TANH_INTEGER,tt_hyperbolic_integer,DOUBLE,264,0,false,0,0,10000000,native,0,1.054967,0
10000000,INTEGER,5,candidate,TANH_INTEGER,tt_hyperbolic_integer,DOUBLE,264,0,false,0,0,10000000,native,1,1.052252,0
10000000,INTEGER,5,candidate,TANH_INTEGER,tt_hyperbolic_integer,DOUBLE,264,0,false,0,0,10000000,flink,1,1.021422,0
10000000,INTEGER,5,candidate,TANH_INTEGER,tt_hyperbolic_integer,DOUBLE,264,0,false,0,0,10000000,flink,2,1.019176,0
10000000,INTEGER,5,candidate,TANH_INTEGER,tt_hyperbolic_integer,DOUBLE,264,0,false,0,0,10000000,native,2,1.057932,0
10000000,INTEGER,5,candidate,TANH_INTEGER,tt_hyperbolic_integer,DOUBLE,264,0,false,0,0,10000000,native,3,1.051146,0
10000000,INTEGER,5,candidate,TANH_INTEGER,tt_hyperbolic_integer,DOUBLE,264,0,false,0,0,10000000,flink,3,1.001071,0
10000000,INTEGER,5,candidate,TANH_INTEGER,tt_hyperbolic_integer,DOUBLE,264,0,false,0,0,10000000,flink,4,0.995264,0
10000000,INTEGER,5,candidate,TANH_INTEGER,tt_hyperbolic_integer,DOUBLE,264,0,false,0,0,10000000,native,4,1.055775,0
10000000,BIGINT,0,candidate,BASELINE_tt_hyperbolic_bigint,tt_hyperbolic_bigint,BIGINT,264,0,false,7,0,10000000,flink,0,0.818354,0
10000000,BIGINT,0,candidate,BASELINE_tt_hyperbolic_bigint,tt_hyperbolic_bigint,BIGINT,264,0,false,7,0,10000000,native,0,1.067713,0
10000000,BIGINT,0,candidate,BASELINE_tt_hyperbolic_bigint,tt_hyperbolic_bigint,BIGINT,264,0,false,7,0,10000000,native,1,1.052552,0
10000000,BIGINT,0,candidate,BASELINE_tt_hyperbolic_bigint,tt_hyperbolic_bigint,BIGINT,264,0,false,7,0,10000000,flink,1,0.814446,0
10000000,BIGINT,0,candidate,BASELINE_tt_hyperbolic_bigint,tt_hyperbolic_bigint,BIGINT,264,0,false,7,0,10000000,flink,2,0.818705,0
10000000,BIGINT,0,candidate,BASELINE_tt_hyperbolic_bigint,tt_hyperbolic_bigint,BIGINT,264,0,false,7,0,10000000,native,2,1.061926,0
10000000,BIGINT,0,candidate,BASELINE_tt_hyperbolic_bigint,tt_hyperbolic_bigint,BIGINT,264,0,false,7,0,10000000,native,3,1.068065,0
10000000,BIGINT,0,candidate,BASELINE_tt_hyperbolic_bigint,tt_hyperbolic_bigint,BIGINT,264,0,false,7,0,10000000,flink,3,0.850772,0
10000000,BIGINT,0,candidate,BASELINE_tt_hyperbolic_bigint,tt_hyperbolic_bigint,BIGINT,264,0,false,7,0,10000000,flink,4,0.803332,0
10000000,BIGINT,0,candidate,BASELINE_tt_hyperbolic_bigint,tt_hyperbolic_bigint,BIGINT,264,0,false,7,0,10000000,native,4,1.053554,0
10000000,BIGINT,0,candidate,COSH_BIGINT,tt_hyperbolic_bigint,DOUBLE,264,0,false,7,0,10000000,flink,0,1.132771,0
10000000,BIGINT,0,candidate,COSH_BIGINT,tt_hyperbolic_bigint,DOUBLE,264,0,false,7,0,10000000,native,0,1.154774,0
10000000,BIGINT,0,candidate,COSH_BIGINT,tt_hyperbolic_bigint,DOUBLE,264,0,false,7,0,10000000,native,1,1.152060,0
10000000,BIGINT,0,candidate,COSH_BIGINT,tt_hyperbolic_bigint,DOUBLE,264,0,false,7,0,10000000,flink,1,1.212373,0
10000000,BIGINT,0,candidate,COSH_BIGINT,tt_hyperbolic_bigint,DOUBLE,264,0,false,7,0,10000000,flink,2,1.129483,0
10000000,BIGINT,0,candidate,COSH_BIGINT,tt_hyperbolic_bigint,DOUBLE,264,0,false,7,0,10000000,native,2,1.213895,0
10000000,BIGINT,0,candidate,COSH_BIGINT,tt_hyperbolic_bigint,DOUBLE,264,0,false,7,0,10000000,native,3,1.141751,0
10000000,BIGINT,0,candidate,COSH_BIGINT,tt_hyperbolic_bigint,DOUBLE,264,0,false,7,0,10000000,flink,3,1.119005,0
10000000,BIGINT,0,candidate,COSH_BIGINT,tt_hyperbolic_bigint,DOUBLE,264,0,false,7,0,10000000,flink,4,1.119768,0
10000000,BIGINT,0,candidate,COSH_BIGINT,tt_hyperbolic_bigint,DOUBLE,264,0,false,7,0,10000000,native,4,1.153579,0
10000000,BIGINT,0,candidate,SINH_BIGINT,tt_hyperbolic_bigint,DOUBLE,264,0,false,7,0,10000000,flink,0,1.127661,0
10000000,BIGINT,0,candidate,SINH_BIGINT,tt_hyperbolic_bigint,DOUBLE,264,0,false,7,0,10000000,native,0,1.139705,0
10000000,BIGINT,0,candidate,SINH_BIGINT,tt_hyperbolic_bigint,DOUBLE,264,0,false,7,0,10000000,native,1,1.149686,0
10000000,BIGINT,0,candidate,SINH_BIGINT,tt_hyperbolic_bigint,DOUBLE,264,0,false,7,0,10000000,flink,1,1.144299,0
10000000,BIGINT,0,candidate,SINH_BIGINT,tt_hyperbolic_bigint,DOUBLE,264,0,false,7,0,10000000,flink,2,1.105817,0
10000000,BIGINT,0,candidate,SINH_BIGINT,tt_hyperbolic_bigint,DOUBLE,264,0,false,7,0,10000000,native,2,1.137304,0
10000000,BIGINT,0,candidate,SINH_BIGINT,tt_hyperbolic_bigint,DOUBLE,264,0,false,7,0,10000000,native,3,1.159972,0
10000000,BIGINT,0,candidate,SINH_BIGINT,tt_hyperbolic_bigint,DOUBLE,264,0,false,7,0,10000000,flink,3,1.155405,0
10000000,BIGINT,0,candidate,SINH_BIGINT,tt_hyperbolic_bigint,DOUBLE,264,0,false,7,0,10000000,flink,4,1.111249,0
10000000,BIGINT,0,candidate,SINH_BIGINT,tt_hyperbolic_bigint,DOUBLE,264,0,false,7,0,10000000,native,4,1.140524,0
10000000,BIGINT,0,candidate,TANH_BIGINT,tt_hyperbolic_bigint,DOUBLE,264,0,false,7,0,10000000,flink,0,0.996736,0
10000000,BIGINT,0,candidate,TANH_BIGINT,tt_hyperbolic_bigint,DOUBLE,264,0,false,7,0,10000000,native,0,1.119231,0
10000000,BIGINT,0,candidate,TANH_BIGINT,tt_hyperbolic_bigint,DOUBLE,264,0,false,7,0,10000000,native,1,1.097428,0
10000000,BIGINT,0,candidate,TANH_BIGINT,tt_hyperbolic_bigint,DOUBLE,264,0,false,7,0,10000000,flink,1,0.994204,0
10000000,BIGINT,0,candidate,TANH_BIGINT,tt_hyperbolic_bigint,DOUBLE,264,0,false,7,0,10000000,flink,2,1.005963,0
10000000,BIGINT,0,candidate,TANH_BIGINT,tt_hyperbolic_bigint,DOUBLE,264,0,false,7,0,10000000,native,2,1.104477,0
10000000,BIGINT,0,candidate,TANH_BIGINT,tt_hyperbolic_bigint,DOUBLE,264,0,false,7,0,10000000,native,3,1.108435,0
10000000,BIGINT,0,candidate,TANH_BIGINT,tt_hyperbolic_bigint,DOUBLE,264,0,false,7,0,10000000,flink,3,0.993191,0
10000000,BIGINT,0,candidate,TANH_BIGINT,tt_hyperbolic_bigint,DOUBLE,264,0,false,7,0,10000000,flink,4,1.015689,0
10000000,BIGINT,0,candidate,TANH_BIGINT,tt_hyperbolic_bigint,DOUBLE,264,0,false,7,0,10000000,native,4,1.102898,0
10000000,BIGINT,1,previous,BASELINE_tt_hyperbolic_bigint,tt_hyperbolic_bigint,BIGINT,264,0,false,7,0,10000000,flink,0,0.823250,0
10000000,BIGINT,1,previous,BASELINE_tt_hyperbolic_bigint,tt_hyperbolic_bigint,BIGINT,264,0,false,7,0,10000000,native,0,1.021943,0
10000000,BIGINT,1,previous,BASELINE_tt_hyperbolic_bigint,tt_hyperbolic_bigint,BIGINT,264,0,false,7,0,10000000,native,1,1.038893,0
10000000,BIGINT,1,previous,BASELINE_tt_hyperbolic_bigint,tt_hyperbolic_bigint,BIGINT,264,0,false,7,0,10000000,flink,1,0.819370,0
10000000,BIGINT,1,previous,BASELINE_tt_hyperbolic_bigint,tt_hyperbolic_bigint,BIGINT,264,0,false,7,0,10000000,flink,2,0.810854,0
10000000,BIGINT,1,previous,BASELINE_tt_hyperbolic_bigint,tt_hyperbolic_bigint,BIGINT,264,0,false,7,0,10000000,native,2,1.046374,0
10000000,BIGINT,1,previous,BASELINE_tt_hyperbolic_bigint,tt_hyperbolic_bigint,BIGINT,264,0,false,7,0,10000000,native,3,1.037871,0
10000000,BIGINT,1,previous,BASELINE_tt_hyperbolic_bigint,tt_hyperbolic_bigint,BIGINT,264,0,false,7,0,10000000,flink,3,0.840698,0
10000000,BIGINT,1,previous,BASELINE_tt_hyperbolic_bigint,tt_hyperbolic_bigint,BIGINT,264,0,false,7,0,10000000,flink,4,0.814507,0
10000000,BIGINT,1,previous,BASELINE_tt_hyperbolic_bigint,tt_hyperbolic_bigint,BIGINT,264,0,false,7,0,10000000,native,4,1.034042,0
10000000,BIGINT,1,previous,COSH_BIGINT,tt_hyperbolic_bigint,DOUBLE,264,0,false,7,0,10000000,flink,0,1.100797,0
10000000,BIGINT,1,previous,COSH_BIGINT,tt_hyperbolic_bigint,DOUBLE,264,0,false,7,0,10000000,native,0,1.149498,0
10000000,BIGINT,1,previous,COSH_BIGINT,tt_hyperbolic_bigint,DOUBLE,264,0,false,7,0,10000000,native,1,1.149392,0
10000000,BIGINT,1,previous,COSH_BIGINT,tt_hyperbolic_bigint,DOUBLE,264,0,false,7,0,10000000,flink,1,1.098740,0
10000000,BIGINT,1,previous,COSH_BIGINT,tt_hyperbolic_bigint,DOUBLE,264,0,false,7,0,10000000,flink,2,1.088249,0
10000000,BIGINT,1,previous,COSH_BIGINT,tt_hyperbolic_bigint,DOUBLE,264,0,false,7,0,10000000,native,2,1.139561,0
10000000,BIGINT,1,previous,COSH_BIGINT,tt_hyperbolic_bigint,DOUBLE,264,0,false,7,0,10000000,native,3,1.141503,0
10000000,BIGINT,1,previous,COSH_BIGINT,tt_hyperbolic_bigint,DOUBLE,264,0,false,7,0,10000000,flink,3,1.104528,0
10000000,BIGINT,1,previous,COSH_BIGINT,tt_hyperbolic_bigint,DOUBLE,264,0,false,7,0,10000000,flink,4,1.089230,0
10000000,BIGINT,1,previous,COSH_BIGINT,tt_hyperbolic_bigint,DOUBLE,264,0,false,7,0,10000000,native,4,1.183831,0
10000000,BIGINT,1,previous,SINH_BIGINT,tt_hyperbolic_bigint,DOUBLE,264,0,false,7,0,10000000,flink,0,1.116054,0
10000000,BIGINT,1,previous,SINH_BIGINT,tt_hyperbolic_bigint,DOUBLE,264,0,false,7,0,10000000,native,0,1.133017,0
10000000,BIGINT,1,previous,SINH_BIGINT,tt_hyperbolic_bigint,DOUBLE,264,0,false,7,0,10000000,native,1,1.129232,0
10000000,BIGINT,1,previous,SINH_BIGINT,tt_hyperbolic_bigint,DOUBLE,264,0,false,7,0,10000000,flink,1,1.123945,0
10000000,BIGINT,1,previous,SINH_BIGINT,tt_hyperbolic_bigint,DOUBLE,264,0,false,7,0,10000000,flink,2,1.119598,0
10000000,BIGINT,1,previous,SINH_BIGINT,tt_hyperbolic_bigint,DOUBLE,264,0,false,7,0,10000000,native,2,1.137638,0
10000000,BIGINT,1,previous,SINH_BIGINT,tt_hyperbolic_bigint,DOUBLE,264,0,false,7,0,10000000,native,3,1.141583,0
10000000,BIGINT,1,previous,SINH_BIGINT,tt_hyperbolic_bigint,DOUBLE,264,0,false,7,0,10000000,flink,3,1.154104,0
10000000,BIGINT,1,previous,SINH_BIGINT,tt_hyperbolic_bigint,DOUBLE,264,0,false,7,0,10000000,flink,4,1.132850,0
10000000,BIGINT,1,previous,SINH_BIGINT,tt_hyperbolic_bigint,DOUBLE,264,0,false,7,0,10000000,native,4,1.144188,0
10000000,BIGINT,1,previous,TANH_BIGINT,tt_hyperbolic_bigint,DOUBLE,264,0,false,7,0,10000000,flink,0,1.006938,0
10000000,BIGINT,1,previous,TANH_BIGINT,tt_hyperbolic_bigint,DOUBLE,264,0,false,7,0,10000000,native,0,1.107033,0
10000000,BIGINT,1,previous,TANH_BIGINT,tt_hyperbolic_bigint,DOUBLE,264,0,false,7,0,10000000,native,1,1.125018,0
10000000,BIGINT,1,previous,TANH_BIGINT,tt_hyperbolic_bigint,DOUBLE,264,0,false,7,0,10000000,flink,1,0.993008,0
10000000,BIGINT,1,previous,TANH_BIGINT,tt_hyperbolic_bigint,DOUBLE,264,0,false,7,0,10000000,flink,2,1.005997,0
10000000,BIGINT,1,previous,TANH_BIGINT,tt_hyperbolic_bigint,DOUBLE,264,0,false,7,0,10000000,native,2,1.107020,0
10000000,BIGINT,1,previous,TANH_BIGINT,tt_hyperbolic_bigint,DOUBLE,264,0,false,7,0,10000000,native,3,1.108640,0
10000000,BIGINT,1,previous,TANH_BIGINT,tt_hyperbolic_bigint,DOUBLE,264,0,false,7,0,10000000,flink,3,1.032512,0
10000000,BIGINT,1,previous,TANH_BIGINT,tt_hyperbolic_bigint,DOUBLE,264,0,false,7,0,10000000,flink,4,1.125856,0
10000000,BIGINT,1,previous,TANH_BIGINT,tt_hyperbolic_bigint,DOUBLE,264,0,false,7,0,10000000,native,4,1.117588,0
10000000,BIGINT,2,original,BASELINE_tt_hyperbolic_bigint,tt_hyperbolic_bigint,BIGINT,264,0,false,7,0,10000000,flink,0,0.880399,0
10000000,BIGINT,2,original,BASELINE_tt_hyperbolic_bigint,tt_hyperbolic_bigint,BIGINT,264,0,false,7,0,10000000,native,0,1.079884,0
10000000,BIGINT,2,original,BASELINE_tt_hyperbolic_bigint,tt_hyperbolic_bigint,BIGINT,264,0,false,7,0,10000000,native,1,1.074416,0
10000000,BIGINT,2,original,BASELINE_tt_hyperbolic_bigint,tt_hyperbolic_bigint,BIGINT,264,0,false,7,0,10000000,flink,1,0.856881,0
10000000,BIGINT,2,original,BASELINE_tt_hyperbolic_bigint,tt_hyperbolic_bigint,BIGINT,264,0,false,7,0,10000000,flink,2,0.834393,0
10000000,BIGINT,2,original,BASELINE_tt_hyperbolic_bigint,tt_hyperbolic_bigint,BIGINT,264,0,false,7,0,10000000,native,2,1.064578,0
10000000,BIGINT,2,original,BASELINE_tt_hyperbolic_bigint,tt_hyperbolic_bigint,BIGINT,264,0,false,7,0,10000000,native,3,1.056749,0
10000000,BIGINT,2,original,BASELINE_tt_hyperbolic_bigint,tt_hyperbolic_bigint,BIGINT,264,0,false,7,0,10000000,flink,3,0.828931,0
10000000,BIGINT,2,original,BASELINE_tt_hyperbolic_bigint,tt_hyperbolic_bigint,BIGINT,264,0,false,7,0,10000000,flink,4,0.827476,0
10000000,BIGINT,2,original,BASELINE_tt_hyperbolic_bigint,tt_hyperbolic_bigint,BIGINT,264,0,false,7,0,10000000,native,4,1.049432,0
10000000,BIGINT,2,original,COSH_BIGINT,tt_hyperbolic_bigint,DOUBLE,264,0,false,7,0,10000000,flink,0,1.121759,0
10000000,BIGINT,2,original,COSH_BIGINT,tt_hyperbolic_bigint,DOUBLE,264,0,false,7,0,10000000,native,0,1.097728,0
10000000,BIGINT,2,original,COSH_BIGINT,tt_hyperbolic_bigint,DOUBLE,264,0,false,7,0,10000000,native,1,1.120890,0
10000000,BIGINT,2,original,COSH_BIGINT,tt_hyperbolic_bigint,DOUBLE,264,0,false,7,0,10000000,flink,1,1.111801,0
10000000,BIGINT,2,original,COSH_BIGINT,tt_hyperbolic_bigint,DOUBLE,264,0,false,7,0,10000000,flink,2,1.119311,0
10000000,BIGINT,2,original,COSH_BIGINT,tt_hyperbolic_bigint,DOUBLE,264,0,false,7,0,10000000,native,2,1.123965,0
10000000,BIGINT,2,original,COSH_BIGINT,tt_hyperbolic_bigint,DOUBLE,264,0,false,7,0,10000000,native,3,1.141512,0
10000000,BIGINT,2,original,COSH_BIGINT,tt_hyperbolic_bigint,DOUBLE,264,0,false,7,0,10000000,flink,3,1.120618,0
10000000,BIGINT,2,original,COSH_BIGINT,tt_hyperbolic_bigint,DOUBLE,264,0,false,7,0,10000000,flink,4,1.145766,0
10000000,BIGINT,2,original,COSH_BIGINT,tt_hyperbolic_bigint,DOUBLE,264,0,false,7,0,10000000,native,4,1.135040,0
10000000,BIGINT,2,original,SINH_BIGINT,tt_hyperbolic_bigint,DOUBLE,264,0,false,7,0,10000000,flink,0,1.160039,0
10000000,BIGINT,2,original,SINH_BIGINT,tt_hyperbolic_bigint,DOUBLE,264,0,false,7,0,10000000,native,0,1.122178,0
10000000,BIGINT,2,original,SINH_BIGINT,tt_hyperbolic_bigint,DOUBLE,264,0,false,7,0,10000000,native,1,1.125449,0
10000000,BIGINT,2,original,SINH_BIGINT,tt_hyperbolic_bigint,DOUBLE,264,0,false,7,0,10000000,flink,1,1.119540,0
10000000,BIGINT,2,original,SINH_BIGINT,tt_hyperbolic_bigint,DOUBLE,264,0,false,7,0,10000000,flink,2,1.125467,0
10000000,BIGINT,2,original,SINH_BIGINT,tt_hyperbolic_bigint,DOUBLE,264,0,false,7,0,10000000,native,2,1.118945,0
10000000,BIGINT,2,original,SINH_BIGINT,tt_hyperbolic_bigint,DOUBLE,264,0,false,7,0,10000000,native,3,1.134548,0
10000000,BIGINT,2,original,SINH_BIGINT,tt_hyperbolic_bigint,DOUBLE,264,0,false,7,0,10000000,flink,3,1.124826,0
10000000,BIGINT,2,original,SINH_BIGINT,tt_hyperbolic_bigint,DOUBLE,264,0,false,7,0,10000000,flink,4,1.121940,0
10000000,BIGINT,2,original,SINH_BIGINT,tt_hyperbolic_bigint,DOUBLE,264,0,false,7,0,10000000,native,4,1.122591,0
10000000,BIGINT,2,original,TANH_BIGINT,tt_hyperbolic_bigint,DOUBLE,264,0,false,7,0,10000000,flink,0,1.015142,0
10000000,BIGINT,2,original,TANH_BIGINT,tt_hyperbolic_bigint,DOUBLE,264,0,false,7,0,10000000,native,0,1.011734,0
10000000,BIGINT,2,original,TANH_BIGINT,tt_hyperbolic_bigint,DOUBLE,264,0,false,7,0,10000000,native,1,1.025129,0
10000000,BIGINT,2,original,TANH_BIGINT,tt_hyperbolic_bigint,DOUBLE,264,0,false,7,0,10000000,flink,1,1.035366,0
10000000,BIGINT,2,original,TANH_BIGINT,tt_hyperbolic_bigint,DOUBLE,264,0,false,7,0,10000000,flink,2,1.049055,0
10000000,BIGINT,2,original,TANH_BIGINT,tt_hyperbolic_bigint,DOUBLE,264,0,false,7,0,10000000,native,2,1.020760,0
10000000,BIGINT,2,original,TANH_BIGINT,tt_hyperbolic_bigint,DOUBLE,264,0,false,7,0,10000000,native,3,1.060262,0
10000000,BIGINT,2,original,TANH_BIGINT,tt_hyperbolic_bigint,DOUBLE,264,0,false,7,0,10000000,flink,3,1.032067,0
10000000,BIGINT,2,original,TANH_BIGINT,tt_hyperbolic_bigint,DOUBLE,264,0,false,7,0,10000000,flink,4,1.015530,0
10000000,BIGINT,2,original,TANH_BIGINT,tt_hyperbolic_bigint,DOUBLE,264,0,false,7,0,10000000,native,4,1.026283,0
10000000,BIGINT,3,original,BASELINE_tt_hyperbolic_bigint,tt_hyperbolic_bigint,BIGINT,264,0,false,7,0,10000000,flink,0,0.839050,0
10000000,BIGINT,3,original,BASELINE_tt_hyperbolic_bigint,tt_hyperbolic_bigint,BIGINT,264,0,false,7,0,10000000,native,0,1.019695,0
10000000,BIGINT,3,original,BASELINE_tt_hyperbolic_bigint,tt_hyperbolic_bigint,BIGINT,264,0,false,7,0,10000000,native,1,1.061880,0
10000000,BIGINT,3,original,BASELINE_tt_hyperbolic_bigint,tt_hyperbolic_bigint,BIGINT,264,0,false,7,0,10000000,flink,1,0.820864,0
10000000,BIGINT,3,original,BASELINE_tt_hyperbolic_bigint,tt_hyperbolic_bigint,BIGINT,264,0,false,7,0,10000000,flink,2,0.835079,0
10000000,BIGINT,3,original,BASELINE_tt_hyperbolic_bigint,tt_hyperbolic_bigint,BIGINT,264,0,false,7,0,10000000,native,2,1.019093,0
10000000,BIGINT,3,original,BASELINE_tt_hyperbolic_bigint,tt_hyperbolic_bigint,BIGINT,264,0,false,7,0,10000000,native,3,1.055561,0
10000000,BIGINT,3,original,BASELINE_tt_hyperbolic_bigint,tt_hyperbolic_bigint,BIGINT,264,0,false,7,0,10000000,flink,3,0.838961,0
10000000,BIGINT,3,original,BASELINE_tt_hyperbolic_bigint,tt_hyperbolic_bigint,BIGINT,264,0,false,7,0,10000000,flink,4,0.828435,0
10000000,BIGINT,3,original,BASELINE_tt_hyperbolic_bigint,tt_hyperbolic_bigint,BIGINT,264,0,false,7,0,10000000,native,4,1.061882,0
10000000,BIGINT,3,original,COSH_BIGINT,tt_hyperbolic_bigint,DOUBLE,264,0,false,7,0,10000000,flink,0,1.111282,0
10000000,BIGINT,3,original,COSH_BIGINT,tt_hyperbolic_bigint,DOUBLE,264,0,false,7,0,10000000,native,0,1.111560,0
10000000,BIGINT,3,original,COSH_BIGINT,tt_hyperbolic_bigint,DOUBLE,264,0,false,7,0,10000000,native,1,1.101330,0
10000000,BIGINT,3,original,COSH_BIGINT,tt_hyperbolic_bigint,DOUBLE,264,0,false,7,0,10000000,flink,1,1.105914,0
10000000,BIGINT,3,original,COSH_BIGINT,tt_hyperbolic_bigint,DOUBLE,264,0,false,7,0,10000000,flink,2,1.104869,0
10000000,BIGINT,3,original,COSH_BIGINT,tt_hyperbolic_bigint,DOUBLE,264,0,false,7,0,10000000,native,2,1.129720,0
10000000,BIGINT,3,original,COSH_BIGINT,tt_hyperbolic_bigint,DOUBLE,264,0,false,7,0,10000000,native,3,1.097832,0
10000000,BIGINT,3,original,COSH_BIGINT,tt_hyperbolic_bigint,DOUBLE,264,0,false,7,0,10000000,flink,3,1.107345,0
10000000,BIGINT,3,original,COSH_BIGINT,tt_hyperbolic_bigint,DOUBLE,264,0,false,7,0,10000000,flink,4,1.149923,0
10000000,BIGINT,3,original,COSH_BIGINT,tt_hyperbolic_bigint,DOUBLE,264,0,false,7,0,10000000,native,4,1.104563,0
10000000,BIGINT,3,original,SINH_BIGINT,tt_hyperbolic_bigint,DOUBLE,264,0,false,7,0,10000000,flink,0,1.127491,0
10000000,BIGINT,3,original,SINH_BIGINT,tt_hyperbolic_bigint,DOUBLE,264,0,false,7,0,10000000,native,0,1.125841,0
10000000,BIGINT,3,original,SINH_BIGINT,tt_hyperbolic_bigint,DOUBLE,264,0,false,7,0,10000000,native,1,1.116297,0
10000000,BIGINT,3,original,SINH_BIGINT,tt_hyperbolic_bigint,DOUBLE,264,0,false,7,0,10000000,flink,1,1.129705,0
10000000,BIGINT,3,original,SINH_BIGINT,tt_hyperbolic_bigint,DOUBLE,264,0,false,7,0,10000000,flink,2,1.118563,0
10000000,BIGINT,3,original,SINH_BIGINT,tt_hyperbolic_bigint,DOUBLE,264,0,false,7,0,10000000,native,2,1.104767,0
10000000,BIGINT,3,original,SINH_BIGINT,tt_hyperbolic_bigint,DOUBLE,264,0,false,7,0,10000000,native,3,1.110579,0
10000000,BIGINT,3,original,SINH_BIGINT,tt_hyperbolic_bigint,DOUBLE,264,0,false,7,0,10000000,flink,3,1.133306,0
10000000,BIGINT,3,original,SINH_BIGINT,tt_hyperbolic_bigint,DOUBLE,264,0,false,7,0,10000000,flink,4,1.124879,0
10000000,BIGINT,3,original,SINH_BIGINT,tt_hyperbolic_bigint,DOUBLE,264,0,false,7,0,10000000,native,4,1.145719,0
10000000,BIGINT,3,original,TANH_BIGINT,tt_hyperbolic_bigint,DOUBLE,264,0,false,7,0,10000000,flink,0,1.013010,0
10000000,BIGINT,3,original,TANH_BIGINT,tt_hyperbolic_bigint,DOUBLE,264,0,false,7,0,10000000,native,0,1.002033,0
10000000,BIGINT,3,original,TANH_BIGINT,tt_hyperbolic_bigint,DOUBLE,264,0,false,7,0,10000000,native,1,1.014064,0
10000000,BIGINT,3,original,TANH_BIGINT,tt_hyperbolic_bigint,DOUBLE,264,0,false,7,0,10000000,flink,1,0.992252,0
10000000,BIGINT,3,original,TANH_BIGINT,tt_hyperbolic_bigint,DOUBLE,264,0,false,7,0,10000000,flink,2,1.022892,0
10000000,BIGINT,3,original,TANH_BIGINT,tt_hyperbolic_bigint,DOUBLE,264,0,false,7,0,10000000,native,2,0.998678,0
10000000,BIGINT,3,original,TANH_BIGINT,tt_hyperbolic_bigint,DOUBLE,264,0,false,7,0,10000000,native,3,1.008069,0
10000000,BIGINT,3,original,TANH_BIGINT,tt_hyperbolic_bigint,DOUBLE,264,0,false,7,0,10000000,flink,3,1.010573,0
10000000,BIGINT,3,original,TANH_BIGINT,tt_hyperbolic_bigint,DOUBLE,264,0,false,7,0,10000000,flink,4,1.005150,0
10000000,BIGINT,3,original,TANH_BIGINT,tt_hyperbolic_bigint,DOUBLE,264,0,false,7,0,10000000,native,4,1.014023,0
10000000,BIGINT,4,previous,BASELINE_tt_hyperbolic_bigint,tt_hyperbolic_bigint,BIGINT,264,0,false,7,0,10000000,flink,0,0.812298,0
10000000,BIGINT,4,previous,BASELINE_tt_hyperbolic_bigint,tt_hyperbolic_bigint,BIGINT,264,0,false,7,0,10000000,native,0,1.043035,0
10000000,BIGINT,4,previous,BASELINE_tt_hyperbolic_bigint,tt_hyperbolic_bigint,BIGINT,264,0,false,7,0,10000000,native,1,1.036151,0
10000000,BIGINT,4,previous,BASELINE_tt_hyperbolic_bigint,tt_hyperbolic_bigint,BIGINT,264,0,false,7,0,10000000,flink,1,0.812904,0
10000000,BIGINT,4,previous,BASELINE_tt_hyperbolic_bigint,tt_hyperbolic_bigint,BIGINT,264,0,false,7,0,10000000,flink,2,0.828363,0
10000000,BIGINT,4,previous,BASELINE_tt_hyperbolic_bigint,tt_hyperbolic_bigint,BIGINT,264,0,false,7,0,10000000,native,2,1.020868,0
10000000,BIGINT,4,previous,BASELINE_tt_hyperbolic_bigint,tt_hyperbolic_bigint,BIGINT,264,0,false,7,0,10000000,native,3,1.029499,0
10000000,BIGINT,4,previous,BASELINE_tt_hyperbolic_bigint,tt_hyperbolic_bigint,BIGINT,264,0,false,7,0,10000000,flink,3,0.834572,0
10000000,BIGINT,4,previous,BASELINE_tt_hyperbolic_bigint,tt_hyperbolic_bigint,BIGINT,264,0,false,7,0,10000000,flink,4,0.822295,0
10000000,BIGINT,4,previous,BASELINE_tt_hyperbolic_bigint,tt_hyperbolic_bigint,BIGINT,264,0,false,7,0,10000000,native,4,1.032642,0
10000000,BIGINT,4,previous,COSH_BIGINT,tt_hyperbolic_bigint,DOUBLE,264,0,false,7,0,10000000,flink,0,1.097000,0
10000000,BIGINT,4,previous,COSH_BIGINT,tt_hyperbolic_bigint,DOUBLE,264,0,false,7,0,10000000,native,0,1.127060,0
10000000,BIGINT,4,previous,COSH_BIGINT,tt_hyperbolic_bigint,DOUBLE,264,0,false,7,0,10000000,native,1,1.138618,0
10000000,BIGINT,4,previous,COSH_BIGINT,tt_hyperbolic_bigint,DOUBLE,264,0,false,7,0,10000000,flink,1,1.106657,0
10000000,BIGINT,4,previous,COSH_BIGINT,tt_hyperbolic_bigint,DOUBLE,264,0,false,7,0,10000000,flink,2,1.110398,0
10000000,BIGINT,4,previous,COSH_BIGINT,tt_hyperbolic_bigint,DOUBLE,264,0,false,7,0,10000000,native,2,1.122206,0
10000000,BIGINT,4,previous,COSH_BIGINT,tt_hyperbolic_bigint,DOUBLE,264,0,false,7,0,10000000,native,3,1.118321,0
10000000,BIGINT,4,previous,COSH_BIGINT,tt_hyperbolic_bigint,DOUBLE,264,0,false,7,0,10000000,flink,3,1.123326,0
10000000,BIGINT,4,previous,COSH_BIGINT,tt_hyperbolic_bigint,DOUBLE,264,0,false,7,0,10000000,flink,4,1.109873,0
10000000,BIGINT,4,previous,COSH_BIGINT,tt_hyperbolic_bigint,DOUBLE,264,0,false,7,0,10000000,native,4,1.127947,0
10000000,BIGINT,4,previous,SINH_BIGINT,tt_hyperbolic_bigint,DOUBLE,264,0,false,7,0,10000000,flink,0,1.148522,0
10000000,BIGINT,4,previous,SINH_BIGINT,tt_hyperbolic_bigint,DOUBLE,264,0,false,7,0,10000000,native,0,1.128414,0
10000000,BIGINT,4,previous,SINH_BIGINT,tt_hyperbolic_bigint,DOUBLE,264,0,false,7,0,10000000,native,1,1.127381,0
10000000,BIGINT,4,previous,SINH_BIGINT,tt_hyperbolic_bigint,DOUBLE,264,0,false,7,0,10000000,flink,1,1.131336,0
10000000,BIGINT,4,previous,SINH_BIGINT,tt_hyperbolic_bigint,DOUBLE,264,0,false,7,0,10000000,flink,2,1.167328,0
10000000,BIGINT,4,previous,SINH_BIGINT,tt_hyperbolic_bigint,DOUBLE,264,0,false,7,0,10000000,native,2,1.133501,0
10000000,BIGINT,4,previous,SINH_BIGINT,tt_hyperbolic_bigint,DOUBLE,264,0,false,7,0,10000000,native,3,1.136819,0
10000000,BIGINT,4,previous,SINH_BIGINT,tt_hyperbolic_bigint,DOUBLE,264,0,false,7,0,10000000,flink,3,1.118911,0
10000000,BIGINT,4,previous,SINH_BIGINT,tt_hyperbolic_bigint,DOUBLE,264,0,false,7,0,10000000,flink,4,1.120864,0
10000000,BIGINT,4,previous,SINH_BIGINT,tt_hyperbolic_bigint,DOUBLE,264,0,false,7,0,10000000,native,4,1.136626,0
10000000,BIGINT,4,previous,TANH_BIGINT,tt_hyperbolic_bigint,DOUBLE,264,0,false,7,0,10000000,flink,0,0.990982,0
10000000,BIGINT,4,previous,TANH_BIGINT,tt_hyperbolic_bigint,DOUBLE,264,0,false,7,0,10000000,native,0,1.111068,0
10000000,BIGINT,4,previous,TANH_BIGINT,tt_hyperbolic_bigint,DOUBLE,264,0,false,7,0,10000000,native,1,1.095742,0
10000000,BIGINT,4,previous,TANH_BIGINT,tt_hyperbolic_bigint,DOUBLE,264,0,false,7,0,10000000,flink,1,1.007528,0
10000000,BIGINT,4,previous,TANH_BIGINT,tt_hyperbolic_bigint,DOUBLE,264,0,false,7,0,10000000,flink,2,1.029122,0
10000000,BIGINT,4,previous,TANH_BIGINT,tt_hyperbolic_bigint,DOUBLE,264,0,false,7,0,10000000,native,2,1.104903,0
10000000,BIGINT,4,previous,TANH_BIGINT,tt_hyperbolic_bigint,DOUBLE,264,0,false,7,0,10000000,native,3,1.101772,0
10000000,BIGINT,4,previous,TANH_BIGINT,tt_hyperbolic_bigint,DOUBLE,264,0,false,7,0,10000000,flink,3,1.009716,0
10000000,BIGINT,4,previous,TANH_BIGINT,tt_hyperbolic_bigint,DOUBLE,264,0,false,7,0,10000000,flink,4,1.041845,0
10000000,BIGINT,4,previous,TANH_BIGINT,tt_hyperbolic_bigint,DOUBLE,264,0,false,7,0,10000000,native,4,1.123279,0
10000000,BIGINT,5,candidate,BASELINE_tt_hyperbolic_bigint,tt_hyperbolic_bigint,BIGINT,264,0,false,7,0,10000000,flink,0,0.820924,0
10000000,BIGINT,5,candidate,BASELINE_tt_hyperbolic_bigint,tt_hyperbolic_bigint,BIGINT,264,0,false,7,0,10000000,native,0,1.031720,0
10000000,BIGINT,5,candidate,BASELINE_tt_hyperbolic_bigint,tt_hyperbolic_bigint,BIGINT,264,0,false,7,0,10000000,native,1,1.039017,0
10000000,BIGINT,5,candidate,BASELINE_tt_hyperbolic_bigint,tt_hyperbolic_bigint,BIGINT,264,0,false,7,0,10000000,flink,1,0.829403,0
10000000,BIGINT,5,candidate,BASELINE_tt_hyperbolic_bigint,tt_hyperbolic_bigint,BIGINT,264,0,false,7,0,10000000,flink,2,0.822903,0
10000000,BIGINT,5,candidate,BASELINE_tt_hyperbolic_bigint,tt_hyperbolic_bigint,BIGINT,264,0,false,7,0,10000000,native,2,1.052534,0
10000000,BIGINT,5,candidate,BASELINE_tt_hyperbolic_bigint,tt_hyperbolic_bigint,BIGINT,264,0,false,7,0,10000000,native,3,1.061847,0
10000000,BIGINT,5,candidate,BASELINE_tt_hyperbolic_bigint,tt_hyperbolic_bigint,BIGINT,264,0,false,7,0,10000000,flink,3,0.844208,0
10000000,BIGINT,5,candidate,BASELINE_tt_hyperbolic_bigint,tt_hyperbolic_bigint,BIGINT,264,0,false,7,0,10000000,flink,4,0.821704,0
10000000,BIGINT,5,candidate,BASELINE_tt_hyperbolic_bigint,tt_hyperbolic_bigint,BIGINT,264,0,false,7,0,10000000,native,4,1.049660,0
10000000,BIGINT,5,candidate,COSH_BIGINT,tt_hyperbolic_bigint,DOUBLE,264,0,false,7,0,10000000,flink,0,1.104971,0
10000000,BIGINT,5,candidate,COSH_BIGINT,tt_hyperbolic_bigint,DOUBLE,264,0,false,7,0,10000000,native,0,1.140763,0
10000000,BIGINT,5,candidate,COSH_BIGINT,tt_hyperbolic_bigint,DOUBLE,264,0,false,7,0,10000000,native,1,1.142347,0
10000000,BIGINT,5,candidate,COSH_BIGINT,tt_hyperbolic_bigint,DOUBLE,264,0,false,7,0,10000000,flink,1,1.105924,0
10000000,BIGINT,5,candidate,COSH_BIGINT,tt_hyperbolic_bigint,DOUBLE,264,0,false,7,0,10000000,flink,2,1.118439,0
10000000,BIGINT,5,candidate,COSH_BIGINT,tt_hyperbolic_bigint,DOUBLE,264,0,false,7,0,10000000,native,2,1.131389,0
10000000,BIGINT,5,candidate,COSH_BIGINT,tt_hyperbolic_bigint,DOUBLE,264,0,false,7,0,10000000,native,3,1.117938,0
10000000,BIGINT,5,candidate,COSH_BIGINT,tt_hyperbolic_bigint,DOUBLE,264,0,false,7,0,10000000,flink,3,1.093610,0
10000000,BIGINT,5,candidate,COSH_BIGINT,tt_hyperbolic_bigint,DOUBLE,264,0,false,7,0,10000000,flink,4,1.099050,0
10000000,BIGINT,5,candidate,COSH_BIGINT,tt_hyperbolic_bigint,DOUBLE,264,0,false,7,0,10000000,native,4,1.147965,0
10000000,BIGINT,5,candidate,SINH_BIGINT,tt_hyperbolic_bigint,DOUBLE,264,0,false,7,0,10000000,flink,0,1.120578,0
10000000,BIGINT,5,candidate,SINH_BIGINT,tt_hyperbolic_bigint,DOUBLE,264,0,false,7,0,10000000,native,0,1.130168,0
10000000,BIGINT,5,candidate,SINH_BIGINT,tt_hyperbolic_bigint,DOUBLE,264,0,false,7,0,10000000,native,1,1.121470,0
10000000,BIGINT,5,candidate,SINH_BIGINT,tt_hyperbolic_bigint,DOUBLE,264,0,false,7,0,10000000,flink,1,1.153236,0
10000000,BIGINT,5,candidate,SINH_BIGINT,tt_hyperbolic_bigint,DOUBLE,264,0,false,7,0,10000000,flink,2,1.116025,0
10000000,BIGINT,5,candidate,SINH_BIGINT,tt_hyperbolic_bigint,DOUBLE,264,0,false,7,0,10000000,native,2,1.130289,0
10000000,BIGINT,5,candidate,SINH_BIGINT,tt_hyperbolic_bigint,DOUBLE,264,0,false,7,0,10000000,native,3,1.128485,0
10000000,BIGINT,5,candidate,SINH_BIGINT,tt_hyperbolic_bigint,DOUBLE,264,0,false,7,0,10000000,flink,3,1.136887,0
10000000,BIGINT,5,candidate,SINH_BIGINT,tt_hyperbolic_bigint,DOUBLE,264,0,false,7,0,10000000,flink,4,1.105258,0
10000000,BIGINT,5,candidate,SINH_BIGINT,tt_hyperbolic_bigint,DOUBLE,264,0,false,7,0,10000000,native,4,1.131027,0
10000000,BIGINT,5,candidate,TANH_BIGINT,tt_hyperbolic_bigint,DOUBLE,264,0,false,7,0,10000000,flink,0,0.995741,0
10000000,BIGINT,5,candidate,TANH_BIGINT,tt_hyperbolic_bigint,DOUBLE,264,0,false,7,0,10000000,native,0,1.100432,0
10000000,BIGINT,5,candidate,TANH_BIGINT,tt_hyperbolic_bigint,DOUBLE,264,0,false,7,0,10000000,native,1,1.100605,0
10000000,BIGINT,5,candidate,TANH_BIGINT,tt_hyperbolic_bigint,DOUBLE,264,0,false,7,0,10000000,flink,1,1.001511,0
10000000,BIGINT,5,candidate,TANH_BIGINT,tt_hyperbolic_bigint,DOUBLE,264,0,false,7,0,10000000,flink,2,0.998543,0
10000000,BIGINT,5,candidate,TANH_BIGINT,tt_hyperbolic_bigint,DOUBLE,264,0,false,7,0,10000000,native,2,1.095142,0
10000000,BIGINT,5,candidate,TANH_BIGINT,tt_hyperbolic_bigint,DOUBLE,264,0,false,7,0,10000000,native,3,1.109958,0
10000000,BIGINT,5,candidate,TANH_BIGINT,tt_hyperbolic_bigint,DOUBLE,264,0,false,7,0,10000000,flink,3,1.034181,0
10000000,BIGINT,5,candidate,TANH_BIGINT,tt_hyperbolic_bigint,DOUBLE,264,0,false,7,0,10000000,flink,4,0.991544,0
10000000,BIGINT,5,candidate,TANH_BIGINT,tt_hyperbolic_bigint,DOUBLE,264,0,false,7,0,10000000,native,4,1.118965,0
10000000,FLOAT,0,candidate,BASELINE_tt_hyperbolic_float,tt_hyperbolic_float,FLOAT,264,0,false,7,0,10000000,flink,0,0.835297,0
10000000,FLOAT,0,candidate,BASELINE_tt_hyperbolic_float,tt_hyperbolic_float,FLOAT,264,0,false,7,0,10000000,native,0,1.089855,0
10000000,FLOAT,0,candidate,BASELINE_tt_hyperbolic_float,tt_hyperbolic_float,FLOAT,264,0,false,7,0,10000000,native,1,1.063419,0
10000000,FLOAT,0,candidate,BASELINE_tt_hyperbolic_float,tt_hyperbolic_float,FLOAT,264,0,false,7,0,10000000,flink,1,0.820737,0
10000000,FLOAT,0,candidate,BASELINE_tt_hyperbolic_float,tt_hyperbolic_float,FLOAT,264,0,false,7,0,10000000,flink,2,0.822117,0
10000000,FLOAT,0,candidate,BASELINE_tt_hyperbolic_float,tt_hyperbolic_float,FLOAT,264,0,false,7,0,10000000,native,2,1.058146,0
10000000,FLOAT,0,candidate,BASELINE_tt_hyperbolic_float,tt_hyperbolic_float,FLOAT,264,0,false,7,0,10000000,native,3,1.046165,0
10000000,FLOAT,0,candidate,BASELINE_tt_hyperbolic_float,tt_hyperbolic_float,FLOAT,264,0,false,7,0,10000000,flink,3,0.836747,0
10000000,FLOAT,0,candidate,BASELINE_tt_hyperbolic_float,tt_hyperbolic_float,FLOAT,264,0,false,7,0,10000000,flink,4,0.829342,0
10000000,FLOAT,0,candidate,BASELINE_tt_hyperbolic_float,tt_hyperbolic_float,FLOAT,264,0,false,7,0,10000000,native,4,1.067297,0
10000000,FLOAT,0,candidate,COSH_FLOAT,tt_hyperbolic_float,DOUBLE,264,0,false,7,0,10000000,flink,0,1.119589,0
10000000,FLOAT,0,candidate,COSH_FLOAT,tt_hyperbolic_float,DOUBLE,264,0,false,7,0,10000000,native,0,1.168477,0
10000000,FLOAT,0,candidate,COSH_FLOAT,tt_hyperbolic_float,DOUBLE,264,0,false,7,0,10000000,native,1,1.150848,0
10000000,FLOAT,0,candidate,COSH_FLOAT,tt_hyperbolic_float,DOUBLE,264,0,false,7,0,10000000,flink,1,1.109928,0
10000000,FLOAT,0,candidate,COSH_FLOAT,tt_hyperbolic_float,DOUBLE,264,0,false,7,0,10000000,flink,2,1.118822,0
10000000,FLOAT,0,candidate,COSH_FLOAT,tt_hyperbolic_float,DOUBLE,264,0,false,7,0,10000000,native,2,1.153821,0
10000000,FLOAT,0,candidate,COSH_FLOAT,tt_hyperbolic_float,DOUBLE,264,0,false,7,0,10000000,native,3,1.172055,0
10000000,FLOAT,0,candidate,COSH_FLOAT,tt_hyperbolic_float,DOUBLE,264,0,false,7,0,10000000,flink,3,1.107536,0
10000000,FLOAT,0,candidate,COSH_FLOAT,tt_hyperbolic_float,DOUBLE,264,0,false,7,0,10000000,flink,4,1.131736,0
10000000,FLOAT,0,candidate,COSH_FLOAT,tt_hyperbolic_float,DOUBLE,264,0,false,7,0,10000000,native,4,1.166417,0
10000000,FLOAT,0,candidate,SINH_FLOAT,tt_hyperbolic_float,DOUBLE,264,0,false,7,0,10000000,flink,0,1.141626,0
10000000,FLOAT,0,candidate,SINH_FLOAT,tt_hyperbolic_float,DOUBLE,264,0,false,7,0,10000000,native,0,1.164954,0
10000000,FLOAT,0,candidate,SINH_FLOAT,tt_hyperbolic_float,DOUBLE,264,0,false,7,0,10000000,native,1,1.177268,0
10000000,FLOAT,0,candidate,SINH_FLOAT,tt_hyperbolic_float,DOUBLE,264,0,false,7,0,10000000,flink,1,1.155424,0
10000000,FLOAT,0,candidate,SINH_FLOAT,tt_hyperbolic_float,DOUBLE,264,0,false,7,0,10000000,flink,2,1.148627,0
10000000,FLOAT,0,candidate,SINH_FLOAT,tt_hyperbolic_float,DOUBLE,264,0,false,7,0,10000000,native,2,1.155436,0
10000000,FLOAT,0,candidate,SINH_FLOAT,tt_hyperbolic_float,DOUBLE,264,0,false,7,0,10000000,native,3,1.170371,0
10000000,FLOAT,0,candidate,SINH_FLOAT,tt_hyperbolic_float,DOUBLE,264,0,false,7,0,10000000,flink,3,1.176317,0
10000000,FLOAT,0,candidate,SINH_FLOAT,tt_hyperbolic_float,DOUBLE,264,0,false,7,0,10000000,flink,4,1.140738,0
10000000,FLOAT,0,candidate,SINH_FLOAT,tt_hyperbolic_float,DOUBLE,264,0,false,7,0,10000000,native,4,1.158389,0
10000000,FLOAT,0,candidate,TANH_FLOAT,tt_hyperbolic_float,DOUBLE,264,0,false,7,0,10000000,flink,0,1.142251,0
10000000,FLOAT,0,candidate,TANH_FLOAT,tt_hyperbolic_float,DOUBLE,264,0,false,7,0,10000000,native,0,1.151334,0
10000000,FLOAT,0,candidate,TANH_FLOAT,tt_hyperbolic_float,DOUBLE,264,0,false,7,0,10000000,native,1,1.167425,0
10000000,FLOAT,0,candidate,TANH_FLOAT,tt_hyperbolic_float,DOUBLE,264,0,false,7,0,10000000,flink,1,1.138575,0
10000000,FLOAT,0,candidate,TANH_FLOAT,tt_hyperbolic_float,DOUBLE,264,0,false,7,0,10000000,flink,2,1.161528,0
10000000,FLOAT,0,candidate,TANH_FLOAT,tt_hyperbolic_float,DOUBLE,264,0,false,7,0,10000000,native,2,1.147793,0
10000000,FLOAT,0,candidate,TANH_FLOAT,tt_hyperbolic_float,DOUBLE,264,0,false,7,0,10000000,native,3,1.165404,0
10000000,FLOAT,0,candidate,TANH_FLOAT,tt_hyperbolic_float,DOUBLE,264,0,false,7,0,10000000,flink,3,1.166949,0
10000000,FLOAT,0,candidate,TANH_FLOAT,tt_hyperbolic_float,DOUBLE,264,0,false,7,0,10000000,flink,4,1.155947,0
10000000,FLOAT,0,candidate,TANH_FLOAT,tt_hyperbolic_float,DOUBLE,264,0,false,7,0,10000000,native,4,1.167635,0
10000000,FLOAT,1,previous,BASELINE_tt_hyperbolic_float,tt_hyperbolic_float,FLOAT,264,0,false,7,0,10000000,flink,0,0.842166,0
10000000,FLOAT,1,previous,BASELINE_tt_hyperbolic_float,tt_hyperbolic_float,FLOAT,264,0,false,7,0,10000000,native,0,1.052013,0
10000000,FLOAT,1,previous,BASELINE_tt_hyperbolic_float,tt_hyperbolic_float,FLOAT,264,0,false,7,0,10000000,native,1,1.073324,0
10000000,FLOAT,1,previous,BASELINE_tt_hyperbolic_float,tt_hyperbolic_float,FLOAT,264,0,false,7,0,10000000,flink,1,0.826363,0
10000000,FLOAT,1,previous,BASELINE_tt_hyperbolic_float,tt_hyperbolic_float,FLOAT,264,0,false,7,0,10000000,flink,2,0.836638,0
10000000,FLOAT,1,previous,BASELINE_tt_hyperbolic_float,tt_hyperbolic_float,FLOAT,264,0,false,7,0,10000000,native,2,1.053565,0
10000000,FLOAT,1,previous,BASELINE_tt_hyperbolic_float,tt_hyperbolic_float,FLOAT,264,0,false,7,0,10000000,native,3,1.062623,0
10000000,FLOAT,1,previous,BASELINE_tt_hyperbolic_float,tt_hyperbolic_float,FLOAT,264,0,false,7,0,10000000,flink,3,0.848099,0
10000000,FLOAT,1,previous,BASELINE_tt_hyperbolic_float,tt_hyperbolic_float,FLOAT,264,0,false,7,0,10000000,flink,4,0.834053,0
10000000,FLOAT,1,previous,BASELINE_tt_hyperbolic_float,tt_hyperbolic_float,FLOAT,264,0,false,7,0,10000000,native,4,1.046336,0
10000000,FLOAT,1,previous,COSH_FLOAT,tt_hyperbolic_float,DOUBLE,264,0,false,7,0,10000000,flink,0,1.127499,0
10000000,FLOAT,1,previous,COSH_FLOAT,tt_hyperbolic_float,DOUBLE,264,0,false,7,0,10000000,native,0,1.147853,0
10000000,FLOAT,1,previous,COSH_FLOAT,tt_hyperbolic_float,DOUBLE,264,0,false,7,0,10000000,native,1,1.148088,0
10000000,FLOAT,1,previous,COSH_FLOAT,tt_hyperbolic_float,DOUBLE,264,0,false,7,0,10000000,flink,1,1.124209,0
10000000,FLOAT,1,previous,COSH_FLOAT,tt_hyperbolic_float,DOUBLE,264,0,false,7,0,10000000,flink,2,1.117013,0
10000000,FLOAT,1,previous,COSH_FLOAT,tt_hyperbolic_float,DOUBLE,264,0,false,7,0,10000000,native,2,1.140327,0
10000000,FLOAT,1,previous,COSH_FLOAT,tt_hyperbolic_float,DOUBLE,264,0,false,7,0,10000000,native,3,1.216204,0
10000000,FLOAT,1,previous,COSH_FLOAT,tt_hyperbolic_float,DOUBLE,264,0,false,7,0,10000000,flink,3,1.126154,0
10000000,FLOAT,1,previous,COSH_FLOAT,tt_hyperbolic_float,DOUBLE,264,0,false,7,0,10000000,flink,4,1.106047,0
10000000,FLOAT,1,previous,COSH_FLOAT,tt_hyperbolic_float,DOUBLE,264,0,false,7,0,10000000,native,4,1.140658,0
10000000,FLOAT,1,previous,SINH_FLOAT,tt_hyperbolic_float,DOUBLE,264,0,false,7,0,10000000,flink,0,1.188579,0
10000000,FLOAT,1,previous,SINH_FLOAT,tt_hyperbolic_float,DOUBLE,264,0,false,7,0,10000000,native,0,1.149508,0
10000000,FLOAT,1,previous,SINH_FLOAT,tt_hyperbolic_float,DOUBLE,264,0,false,7,0,10000000,native,1,1.150950,0
10000000,FLOAT,1,previous,SINH_FLOAT,tt_hyperbolic_float,DOUBLE,264,0,false,7,0,10000000,flink,1,1.158333,0
10000000,FLOAT,1,previous,SINH_FLOAT,tt_hyperbolic_float,DOUBLE,264,0,false,7,0,10000000,flink,2,1.157659,0
10000000,FLOAT,1,previous,SINH_FLOAT,tt_hyperbolic_float,DOUBLE,264,0,false,7,0,10000000,native,2,1.154334,0
10000000,FLOAT,1,previous,SINH_FLOAT,tt_hyperbolic_float,DOUBLE,264,0,false,7,0,10000000,native,3,1.160621,0
10000000,FLOAT,1,previous,SINH_FLOAT,tt_hyperbolic_float,DOUBLE,264,0,false,7,0,10000000,flink,3,1.147768,0
10000000,FLOAT,1,previous,SINH_FLOAT,tt_hyperbolic_float,DOUBLE,264,0,false,7,0,10000000,flink,4,1.147248,0
10000000,FLOAT,1,previous,SINH_FLOAT,tt_hyperbolic_float,DOUBLE,264,0,false,7,0,10000000,native,4,1.160944,0
10000000,FLOAT,1,previous,TANH_FLOAT,tt_hyperbolic_float,DOUBLE,264,0,false,7,0,10000000,flink,0,1.151635,0
10000000,FLOAT,1,previous,TANH_FLOAT,tt_hyperbolic_float,DOUBLE,264,0,false,7,0,10000000,native,0,1.191244,0
10000000,FLOAT,1,previous,TANH_FLOAT,tt_hyperbolic_float,DOUBLE,264,0,false,7,0,10000000,native,1,1.165605,0
10000000,FLOAT,1,previous,TANH_FLOAT,tt_hyperbolic_float,DOUBLE,264,0,false,7,0,10000000,flink,1,1.161040,0
10000000,FLOAT,1,previous,TANH_FLOAT,tt_hyperbolic_float,DOUBLE,264,0,false,7,0,10000000,flink,2,1.125214,0
10000000,FLOAT,1,previous,TANH_FLOAT,tt_hyperbolic_float,DOUBLE,264,0,false,7,0,10000000,native,2,1.164108,0
10000000,FLOAT,1,previous,TANH_FLOAT,tt_hyperbolic_float,DOUBLE,264,0,false,7,0,10000000,native,3,1.278045,0
10000000,FLOAT,1,previous,TANH_FLOAT,tt_hyperbolic_float,DOUBLE,264,0,false,7,0,10000000,flink,3,1.215280,0
10000000,FLOAT,1,previous,TANH_FLOAT,tt_hyperbolic_float,DOUBLE,264,0,false,7,0,10000000,flink,4,1.131375,0
10000000,FLOAT,1,previous,TANH_FLOAT,tt_hyperbolic_float,DOUBLE,264,0,false,7,0,10000000,native,4,1.153344,0
10000000,FLOAT,2,original,BASELINE_tt_hyperbolic_float,tt_hyperbolic_float,FLOAT,264,0,false,7,0,10000000,flink,0,0.831859,0
10000000,FLOAT,2,original,BASELINE_tt_hyperbolic_float,tt_hyperbolic_float,FLOAT,264,0,false,7,0,10000000,native,0,1.044812,0
10000000,FLOAT,2,original,BASELINE_tt_hyperbolic_float,tt_hyperbolic_float,FLOAT,264,0,false,7,0,10000000,native,1,1.024521,0
10000000,FLOAT,2,original,BASELINE_tt_hyperbolic_float,tt_hyperbolic_float,FLOAT,264,0,false,7,0,10000000,flink,1,0.828417,0
10000000,FLOAT,2,original,BASELINE_tt_hyperbolic_float,tt_hyperbolic_float,FLOAT,264,0,false,7,0,10000000,flink,2,0.840047,0
10000000,FLOAT,2,original,BASELINE_tt_hyperbolic_float,tt_hyperbolic_float,FLOAT,264,0,false,7,0,10000000,native,2,1.025267,0
10000000,FLOAT,2,original,BASELINE_tt_hyperbolic_float,tt_hyperbolic_float,FLOAT,264,0,false,7,0,10000000,native,3,1.025352,0
10000000,FLOAT,2,original,BASELINE_tt_hyperbolic_float,tt_hyperbolic_float,FLOAT,264,0,false,7,0,10000000,flink,3,0.853119,0
10000000,FLOAT,2,original,BASELINE_tt_hyperbolic_float,tt_hyperbolic_float,FLOAT,264,0,false,7,0,10000000,flink,4,0.827797,0
10000000,FLOAT,2,original,BASELINE_tt_hyperbolic_float,tt_hyperbolic_float,FLOAT,264,0,false,7,0,10000000,native,4,1.004191,0
10000000,FLOAT,2,original,COSH_FLOAT,tt_hyperbolic_float,DOUBLE,264,0,false,7,0,10000000,flink,0,1.105091,0
10000000,FLOAT,2,original,COSH_FLOAT,tt_hyperbolic_float,DOUBLE,264,0,false,7,0,10000000,native,0,1.101003,0
10000000,FLOAT,2,original,COSH_FLOAT,tt_hyperbolic_float,DOUBLE,264,0,false,7,0,10000000,native,1,1.105702,0
10000000,FLOAT,2,original,COSH_FLOAT,tt_hyperbolic_float,DOUBLE,264,0,false,7,0,10000000,flink,1,1.103921,0
10000000,FLOAT,2,original,COSH_FLOAT,tt_hyperbolic_float,DOUBLE,264,0,false,7,0,10000000,flink,2,1.116045,0
10000000,FLOAT,2,original,COSH_FLOAT,tt_hyperbolic_float,DOUBLE,264,0,false,7,0,10000000,native,2,1.107062,0
10000000,FLOAT,2,original,COSH_FLOAT,tt_hyperbolic_float,DOUBLE,264,0,false,7,0,10000000,native,3,1.128747,0
10000000,FLOAT,2,original,COSH_FLOAT,tt_hyperbolic_float,DOUBLE,264,0,false,7,0,10000000,flink,3,1.113801,0
10000000,FLOAT,2,original,COSH_FLOAT,tt_hyperbolic_float,DOUBLE,264,0,false,7,0,10000000,flink,4,1.102878,0
10000000,FLOAT,2,original,COSH_FLOAT,tt_hyperbolic_float,DOUBLE,264,0,false,7,0,10000000,native,4,1.112641,0
10000000,FLOAT,2,original,SINH_FLOAT,tt_hyperbolic_float,DOUBLE,264,0,false,7,0,10000000,flink,0,1.136644,0
10000000,FLOAT,2,original,SINH_FLOAT,tt_hyperbolic_float,DOUBLE,264,0,false,7,0,10000000,native,0,1.146240,0
10000000,FLOAT,2,original,SINH_FLOAT,tt_hyperbolic_float,DOUBLE,264,0,false,7,0,10000000,native,1,1.149424,0
10000000,FLOAT,2,original,SINH_FLOAT,tt_hyperbolic_float,DOUBLE,264,0,false,7,0,10000000,flink,1,1.163518,0
10000000,FLOAT,2,original,SINH_FLOAT,tt_hyperbolic_float,DOUBLE,264,0,false,7,0,10000000,flink,2,1.146639,0
10000000,FLOAT,2,original,SINH_FLOAT,tt_hyperbolic_float,DOUBLE,264,0,false,7,0,10000000,native,2,1.155013,0
10000000,FLOAT,2,original,SINH_FLOAT,tt_hyperbolic_float,DOUBLE,264,0,false,7,0,10000000,native,3,1.153320,0
10000000,FLOAT,2,original,SINH_FLOAT,tt_hyperbolic_float,DOUBLE,264,0,false,7,0,10000000,flink,3,1.149490,0
10000000,FLOAT,2,original,SINH_FLOAT,tt_hyperbolic_float,DOUBLE,264,0,false,7,0,10000000,flink,4,1.156726,0
10000000,FLOAT,2,original,SINH_FLOAT,tt_hyperbolic_float,DOUBLE,264,0,false,7,0,10000000,native,4,1.172530,0
10000000,FLOAT,2,original,TANH_FLOAT,tt_hyperbolic_float,DOUBLE,264,0,false,7,0,10000000,flink,0,1.147546,0
10000000,FLOAT,2,original,TANH_FLOAT,tt_hyperbolic_float,DOUBLE,264,0,false,7,0,10000000,native,0,1.142600,0
10000000,FLOAT,2,original,TANH_FLOAT,tt_hyperbolic_float,DOUBLE,264,0,false,7,0,10000000,native,1,1.151402,0
10000000,FLOAT,2,original,TANH_FLOAT,tt_hyperbolic_float,DOUBLE,264,0,false,7,0,10000000,flink,1,1.134541,0
10000000,FLOAT,2,original,TANH_FLOAT,tt_hyperbolic_float,DOUBLE,264,0,false,7,0,10000000,flink,2,1.141173,0
10000000,FLOAT,2,original,TANH_FLOAT,tt_hyperbolic_float,DOUBLE,264,0,false,7,0,10000000,native,2,1.133621,0
10000000,FLOAT,2,original,TANH_FLOAT,tt_hyperbolic_float,DOUBLE,264,0,false,7,0,10000000,native,3,1.144399,0
10000000,FLOAT,2,original,TANH_FLOAT,tt_hyperbolic_float,DOUBLE,264,0,false,7,0,10000000,flink,3,1.140820,0
10000000,FLOAT,2,original,TANH_FLOAT,tt_hyperbolic_float,DOUBLE,264,0,false,7,0,10000000,flink,4,1.142232,0
10000000,FLOAT,2,original,TANH_FLOAT,tt_hyperbolic_float,DOUBLE,264,0,false,7,0,10000000,native,4,1.135673,0
10000000,FLOAT,3,original,BASELINE_tt_hyperbolic_float,tt_hyperbolic_float,FLOAT,264,0,false,7,0,10000000,flink,0,0.831286,0
10000000,FLOAT,3,original,BASELINE_tt_hyperbolic_float,tt_hyperbolic_float,FLOAT,264,0,false,7,0,10000000,native,0,1.057611,0
10000000,FLOAT,3,original,BASELINE_tt_hyperbolic_float,tt_hyperbolic_float,FLOAT,264,0,false,7,0,10000000,native,1,1.071430,0
10000000,FLOAT,3,original,BASELINE_tt_hyperbolic_float,tt_hyperbolic_float,FLOAT,264,0,false,7,0,10000000,flink,1,0.816068,0
10000000,FLOAT,3,original,BASELINE_tt_hyperbolic_float,tt_hyperbolic_float,FLOAT,264,0,false,7,0,10000000,flink,2,0.849687,0
10000000,FLOAT,3,original,BASELINE_tt_hyperbolic_float,tt_hyperbolic_float,FLOAT,264,0,false,7,0,10000000,native,2,1.044896,0
10000000,FLOAT,3,original,BASELINE_tt_hyperbolic_float,tt_hyperbolic_float,FLOAT,264,0,false,7,0,10000000,native,3,1.049447,0
10000000,FLOAT,3,original,BASELINE_tt_hyperbolic_float,tt_hyperbolic_float,FLOAT,264,0,false,7,0,10000000,flink,3,0.875997,0
10000000,FLOAT,3,original,BASELINE_tt_hyperbolic_float,tt_hyperbolic_float,FLOAT,264,0,false,7,0,10000000,flink,4,0.837853,0
10000000,FLOAT,3,original,BASELINE_tt_hyperbolic_float,tt_hyperbolic_float,FLOAT,264,0,false,7,0,10000000,native,4,1.040978,0
10000000,FLOAT,3,original,COSH_FLOAT,tt_hyperbolic_float,DOUBLE,264,0,false,7,0,10000000,flink,0,1.136240,0
10000000,FLOAT,3,original,COSH_FLOAT,tt_hyperbolic_float,DOUBLE,264,0,false,7,0,10000000,native,0,1.101850,0
10000000,FLOAT,3,original,COSH_FLOAT,tt_hyperbolic_float,DOUBLE,264,0,false,7,0,10000000,native,1,1.113746,0
10000000,FLOAT,3,original,COSH_FLOAT,tt_hyperbolic_float,DOUBLE,264,0,false,7,0,10000000,flink,1,1.137347,0
10000000,FLOAT,3,original,COSH_FLOAT,tt_hyperbolic_float,DOUBLE,264,0,false,7,0,10000000,flink,2,1.120031,0
10000000,FLOAT,3,original,COSH_FLOAT,tt_hyperbolic_float,DOUBLE,264,0,false,7,0,10000000,native,2,1.134947,0
10000000,FLOAT,3,original,COSH_FLOAT,tt_hyperbolic_float,DOUBLE,264,0,false,7,0,10000000,native,3,1.119671,0
10000000,FLOAT,3,original,COSH_FLOAT,tt_hyperbolic_float,DOUBLE,264,0,false,7,0,10000000,flink,3,1.137432,0
10000000,FLOAT,3,original,COSH_FLOAT,tt_hyperbolic_float,DOUBLE,264,0,false,7,0,10000000,flink,4,1.112206,0
10000000,FLOAT,3,original,COSH_FLOAT,tt_hyperbolic_float,DOUBLE,264,0,false,7,0,10000000,native,4,1.167481,0
10000000,FLOAT,3,original,SINH_FLOAT,tt_hyperbolic_float,DOUBLE,264,0,false,7,0,10000000,flink,0,1.179326,0
10000000,FLOAT,3,original,SINH_FLOAT,tt_hyperbolic_float,DOUBLE,264,0,false,7,0,10000000,native,0,1.155876,0
10000000,FLOAT,3,original,SINH_FLOAT,tt_hyperbolic_float,DOUBLE,264,0,false,7,0,10000000,native,1,1.145876,0
10000000,FLOAT,3,original,SINH_FLOAT,tt_hyperbolic_float,DOUBLE,264,0,false,7,0,10000000,flink,1,1.146115,0
10000000,FLOAT,3,original,SINH_FLOAT,tt_hyperbolic_float,DOUBLE,264,0,false,7,0,10000000,flink,2,1.150578,0
10000000,FLOAT,3,original,SINH_FLOAT,tt_hyperbolic_float,DOUBLE,264,0,false,7,0,10000000,native,2,1.140256,0
10000000,FLOAT,3,original,SINH_FLOAT,tt_hyperbolic_float,DOUBLE,264,0,false,7,0,10000000,native,3,1.129310,0
10000000,FLOAT,3,original,SINH_FLOAT,tt_hyperbolic_float,DOUBLE,264,0,false,7,0,10000000,flink,3,1.142863,0
10000000,FLOAT,3,original,SINH_FLOAT,tt_hyperbolic_float,DOUBLE,264,0,false,7,0,10000000,flink,4,1.151207,0
10000000,FLOAT,3,original,SINH_FLOAT,tt_hyperbolic_float,DOUBLE,264,0,false,7,0,10000000,native,4,1.136973,0
10000000,FLOAT,3,original,TANH_FLOAT,tt_hyperbolic_float,DOUBLE,264,0,false,7,0,10000000,flink,0,1.126209,0
10000000,FLOAT,3,original,TANH_FLOAT,tt_hyperbolic_float,DOUBLE,264,0,false,7,0,10000000,native,0,1.135722,0
10000000,FLOAT,3,original,TANH_FLOAT,tt_hyperbolic_float,DOUBLE,264,0,false,7,0,10000000,native,1,1.137225,0
10000000,FLOAT,3,original,TANH_FLOAT,tt_hyperbolic_float,DOUBLE,264,0,false,7,0,10000000,flink,1,1.110827,0
10000000,FLOAT,3,original,TANH_FLOAT,tt_hyperbolic_float,DOUBLE,264,0,false,7,0,10000000,flink,2,1.123404,0
10000000,FLOAT,3,original,TANH_FLOAT,tt_hyperbolic_float,DOUBLE,264,0,false,7,0,10000000,native,2,1.120231,0
10000000,FLOAT,3,original,TANH_FLOAT,tt_hyperbolic_float,DOUBLE,264,0,false,7,0,10000000,native,3,1.126696,0
10000000,FLOAT,3,original,TANH_FLOAT,tt_hyperbolic_float,DOUBLE,264,0,false,7,0,10000000,flink,3,1.139351,0
10000000,FLOAT,3,original,TANH_FLOAT,tt_hyperbolic_float,DOUBLE,264,0,false,7,0,10000000,flink,4,1.124957,0
10000000,FLOAT,3,original,TANH_FLOAT,tt_hyperbolic_float,DOUBLE,264,0,false,7,0,10000000,native,4,1.133643,0
10000000,FLOAT,4,previous,BASELINE_tt_hyperbolic_float,tt_hyperbolic_float,FLOAT,264,0,false,7,0,10000000,flink,0,0.838835,0
10000000,FLOAT,4,previous,BASELINE_tt_hyperbolic_float,tt_hyperbolic_float,FLOAT,264,0,false,7,0,10000000,native,0,1.041252,0
10000000,FLOAT,4,previous,BASELINE_tt_hyperbolic_float,tt_hyperbolic_float,FLOAT,264,0,false,7,0,10000000,native,1,1.077911,0
10000000,FLOAT,4,previous,BASELINE_tt_hyperbolic_float,tt_hyperbolic_float,FLOAT,264,0,false,7,0,10000000,flink,1,0.820937,0
10000000,FLOAT,4,previous,BASELINE_tt_hyperbolic_float,tt_hyperbolic_float,FLOAT,264,0,false,7,0,10000000,flink,2,0.843615,0
10000000,FLOAT,4,previous,BASELINE_tt_hyperbolic_float,tt_hyperbolic_float,FLOAT,264,0,false,7,0,10000000,native,2,1.056375,0
10000000,FLOAT,4,previous,BASELINE_tt_hyperbolic_float,tt_hyperbolic_float,FLOAT,264,0,false,7,0,10000000,native,3,1.033589,0
10000000,FLOAT,4,previous,BASELINE_tt_hyperbolic_float,tt_hyperbolic_float,FLOAT,264,0,false,7,0,10000000,flink,3,0.862761,0
10000000,FLOAT,4,previous,BASELINE_tt_hyperbolic_float,tt_hyperbolic_float,FLOAT,264,0,false,7,0,10000000,flink,4,0.845587,0
10000000,FLOAT,4,previous,BASELINE_tt_hyperbolic_float,tt_hyperbolic_float,FLOAT,264,0,false,7,0,10000000,native,4,1.064777,0
10000000,FLOAT,4,previous,COSH_FLOAT,tt_hyperbolic_float,DOUBLE,264,0,false,7,0,10000000,flink,0,1.109001,0
10000000,FLOAT,4,previous,COSH_FLOAT,tt_hyperbolic_float,DOUBLE,264,0,false,7,0,10000000,native,0,1.141526,0
10000000,FLOAT,4,previous,COSH_FLOAT,tt_hyperbolic_float,DOUBLE,264,0,false,7,0,10000000,native,1,1.153174,0
10000000,FLOAT,4,previous,COSH_FLOAT,tt_hyperbolic_float,DOUBLE,264,0,false,7,0,10000000,flink,1,1.106364,0
10000000,FLOAT,4,previous,COSH_FLOAT,tt_hyperbolic_float,DOUBLE,264,0,false,7,0,10000000,flink,2,1.106506,0
10000000,FLOAT,4,previous,COSH_FLOAT,tt_hyperbolic_float,DOUBLE,264,0,false,7,0,10000000,native,2,1.152834,0
10000000,FLOAT,4,previous,COSH_FLOAT,tt_hyperbolic_float,DOUBLE,264,0,false,7,0,10000000,native,3,1.141585,0
10000000,FLOAT,4,previous,COSH_FLOAT,tt_hyperbolic_float,DOUBLE,264,0,false,7,0,10000000,flink,3,1.117007,0
10000000,FLOAT,4,previous,COSH_FLOAT,tt_hyperbolic_float,DOUBLE,264,0,false,7,0,10000000,flink,4,1.137783,0
10000000,FLOAT,4,previous,COSH_FLOAT,tt_hyperbolic_float,DOUBLE,264,0,false,7,0,10000000,native,4,1.152282,0
10000000,FLOAT,4,previous,SINH_FLOAT,tt_hyperbolic_float,DOUBLE,264,0,false,7,0,10000000,flink,0,1.178957,0
10000000,FLOAT,4,previous,SINH_FLOAT,tt_hyperbolic_float,DOUBLE,264,0,false,7,0,10000000,native,0,1.154508,0
10000000,FLOAT,4,previous,SINH_FLOAT,tt_hyperbolic_float,DOUBLE,264,0,false,7,0,10000000,native,1,1.155734,0
10000000,FLOAT,4,previous,SINH_FLOAT,tt_hyperbolic_float,DOUBLE,264,0,false,7,0,10000000,flink,1,1.156143,0
10000000,FLOAT,4,previous,SINH_FLOAT,tt_hyperbolic_float,DOUBLE,264,0,false,7,0,10000000,flink,2,1.167545,0
10000000,FLOAT,4,previous,SINH_FLOAT,tt_hyperbolic_float,DOUBLE,264,0,false,7,0,10000000,native,2,1.160266,0
10000000,FLOAT,4,previous,SINH_FLOAT,tt_hyperbolic_float,DOUBLE,264,0,false,7,0,10000000,native,3,1.151127,0
10000000,FLOAT,4,previous,SINH_FLOAT,tt_hyperbolic_float,DOUBLE,264,0,false,7,0,10000000,flink,3,1.168812,0
10000000,FLOAT,4,previous,SINH_FLOAT,tt_hyperbolic_float,DOUBLE,264,0,false,7,0,10000000,flink,4,1.159466,0
10000000,FLOAT,4,previous,SINH_FLOAT,tt_hyperbolic_float,DOUBLE,264,0,false,7,0,10000000,native,4,1.151004,0
10000000,FLOAT,4,previous,TANH_FLOAT,tt_hyperbolic_float,DOUBLE,264,0,false,7,0,10000000,flink,0,1.154650,0
10000000,FLOAT,4,previous,TANH_FLOAT,tt_hyperbolic_float,DOUBLE,264,0,false,7,0,10000000,native,0,1.141477,0
10000000,FLOAT,4,previous,TANH_FLOAT,tt_hyperbolic_float,DOUBLE,264,0,false,7,0,10000000,native,1,1.149426,0
10000000,FLOAT,4,previous,TANH_FLOAT,tt_hyperbolic_float,DOUBLE,264,0,false,7,0,10000000,flink,1,1.150294,0
10000000,FLOAT,4,previous,TANH_FLOAT,tt_hyperbolic_float,DOUBLE,264,0,false,7,0,10000000,flink,2,1.154119,0
10000000,FLOAT,4,previous,TANH_FLOAT,tt_hyperbolic_float,DOUBLE,264,0,false,7,0,10000000,native,2,1.145893,0
10000000,FLOAT,4,previous,TANH_FLOAT,tt_hyperbolic_float,DOUBLE,264,0,false,7,0,10000000,native,3,1.156753,0
10000000,FLOAT,4,previous,TANH_FLOAT,tt_hyperbolic_float,DOUBLE,264,0,false,7,0,10000000,flink,3,1.168559,0
10000000,FLOAT,4,previous,TANH_FLOAT,tt_hyperbolic_float,DOUBLE,264,0,false,7,0,10000000,flink,4,1.162014,0
10000000,FLOAT,4,previous,TANH_FLOAT,tt_hyperbolic_float,DOUBLE,264,0,false,7,0,10000000,native,4,1.142226,0
10000000,FLOAT,5,candidate,BASELINE_tt_hyperbolic_float,tt_hyperbolic_float,FLOAT,264,0,false,7,0,10000000,flink,0,0.836072,0
10000000,FLOAT,5,candidate,BASELINE_tt_hyperbolic_float,tt_hyperbolic_float,FLOAT,264,0,false,7,0,10000000,native,0,1.028661,0
10000000,FLOAT,5,candidate,BASELINE_tt_hyperbolic_float,tt_hyperbolic_float,FLOAT,264,0,false,7,0,10000000,native,1,1.059611,0
10000000,FLOAT,5,candidate,BASELINE_tt_hyperbolic_float,tt_hyperbolic_float,FLOAT,264,0,false,7,0,10000000,flink,1,0.831104,0
10000000,FLOAT,5,candidate,BASELINE_tt_hyperbolic_float,tt_hyperbolic_float,FLOAT,264,0,false,7,0,10000000,flink,2,0.837157,0
10000000,FLOAT,5,candidate,BASELINE_tt_hyperbolic_float,tt_hyperbolic_float,FLOAT,264,0,false,7,0,10000000,native,2,1.057777,0
10000000,FLOAT,5,candidate,BASELINE_tt_hyperbolic_float,tt_hyperbolic_float,FLOAT,264,0,false,7,0,10000000,native,3,1.034121,0
10000000,FLOAT,5,candidate,BASELINE_tt_hyperbolic_float,tt_hyperbolic_float,FLOAT,264,0,false,7,0,10000000,flink,3,0.849250,0
10000000,FLOAT,5,candidate,BASELINE_tt_hyperbolic_float,tt_hyperbolic_float,FLOAT,264,0,false,7,0,10000000,flink,4,0.851865,0
10000000,FLOAT,5,candidate,BASELINE_tt_hyperbolic_float,tt_hyperbolic_float,FLOAT,264,0,false,7,0,10000000,native,4,1.032359,0
10000000,FLOAT,5,candidate,COSH_FLOAT,tt_hyperbolic_float,DOUBLE,264,0,false,7,0,10000000,flink,0,1.138980,0
10000000,FLOAT,5,candidate,COSH_FLOAT,tt_hyperbolic_float,DOUBLE,264,0,false,7,0,10000000,native,0,1.136655,0
10000000,FLOAT,5,candidate,COSH_FLOAT,tt_hyperbolic_float,DOUBLE,264,0,false,7,0,10000000,native,1,1.133660,0
10000000,FLOAT,5,candidate,COSH_FLOAT,tt_hyperbolic_float,DOUBLE,264,0,false,7,0,10000000,flink,1,1.097579,0
10000000,FLOAT,5,candidate,COSH_FLOAT,tt_hyperbolic_float,DOUBLE,264,0,false,7,0,10000000,flink,2,1.123129,0
10000000,FLOAT,5,candidate,COSH_FLOAT,tt_hyperbolic_float,DOUBLE,264,0,false,7,0,10000000,native,2,1.146044,0
10000000,FLOAT,5,candidate,COSH_FLOAT,tt_hyperbolic_float,DOUBLE,264,0,false,7,0,10000000,native,3,1.138631,0
10000000,FLOAT,5,candidate,COSH_FLOAT,tt_hyperbolic_float,DOUBLE,264,0,false,7,0,10000000,flink,3,1.145615,0
10000000,FLOAT,5,candidate,COSH_FLOAT,tt_hyperbolic_float,DOUBLE,264,0,false,7,0,10000000,flink,4,1.115319,0
10000000,FLOAT,5,candidate,COSH_FLOAT,tt_hyperbolic_float,DOUBLE,264,0,false,7,0,10000000,native,4,1.156681,0
10000000,FLOAT,5,candidate,SINH_FLOAT,tt_hyperbolic_float,DOUBLE,264,0,false,7,0,10000000,flink,0,1.165050,0
10000000,FLOAT,5,candidate,SINH_FLOAT,tt_hyperbolic_float,DOUBLE,264,0,false,7,0,10000000,native,0,1.144770,0
10000000,FLOAT,5,candidate,SINH_FLOAT,tt_hyperbolic_float,DOUBLE,264,0,false,7,0,10000000,native,1,1.153124,0
10000000,FLOAT,5,candidate,SINH_FLOAT,tt_hyperbolic_float,DOUBLE,264,0,false,7,0,10000000,flink,1,1.148939,0
10000000,FLOAT,5,candidate,SINH_FLOAT,tt_hyperbolic_float,DOUBLE,264,0,false,7,0,10000000,flink,2,1.154540,0
10000000,FLOAT,5,candidate,SINH_FLOAT,tt_hyperbolic_float,DOUBLE,264,0,false,7,0,10000000,native,2,1.156496,0
10000000,FLOAT,5,candidate,SINH_FLOAT,tt_hyperbolic_float,DOUBLE,264,0,false,7,0,10000000,native,3,1.142320,0
10000000,FLOAT,5,candidate,SINH_FLOAT,tt_hyperbolic_float,DOUBLE,264,0,false,7,0,10000000,flink,3,1.151230,0
10000000,FLOAT,5,candidate,SINH_FLOAT,tt_hyperbolic_float,DOUBLE,264,0,false,7,0,10000000,flink,4,1.143566,0
10000000,FLOAT,5,candidate,SINH_FLOAT,tt_hyperbolic_float,DOUBLE,264,0,false,7,0,10000000,native,4,1.170662,0
10000000,FLOAT,5,candidate,TANH_FLOAT,tt_hyperbolic_float,DOUBLE,264,0,false,7,0,10000000,flink,0,1.138596,0
10000000,FLOAT,5,candidate,TANH_FLOAT,tt_hyperbolic_float,DOUBLE,264,0,false,7,0,10000000,native,0,1.137823,0
10000000,FLOAT,5,candidate,TANH_FLOAT,tt_hyperbolic_float,DOUBLE,264,0,false,7,0,10000000,native,1,1.134324,0
10000000,FLOAT,5,candidate,TANH_FLOAT,tt_hyperbolic_float,DOUBLE,264,0,false,7,0,10000000,flink,1,1.138969,0
10000000,FLOAT,5,candidate,TANH_FLOAT,tt_hyperbolic_float,DOUBLE,264,0,false,7,0,10000000,flink,2,1.143478,0
10000000,FLOAT,5,candidate,TANH_FLOAT,tt_hyperbolic_float,DOUBLE,264,0,false,7,0,10000000,native,2,1.160983,0
10000000,FLOAT,5,candidate,TANH_FLOAT,tt_hyperbolic_float,DOUBLE,264,0,false,7,0,10000000,native,3,1.152508,0
10000000,FLOAT,5,candidate,TANH_FLOAT,tt_hyperbolic_float,DOUBLE,264,0,false,7,0,10000000,flink,3,1.143760,0
10000000,FLOAT,5,candidate,TANH_FLOAT,tt_hyperbolic_float,DOUBLE,264,0,false,7,0,10000000,flink,4,1.149218,0
10000000,FLOAT,5,candidate,TANH_FLOAT,tt_hyperbolic_float,DOUBLE,264,0,false,7,0,10000000,native,4,1.147902,0
10000000,SMALL,0,candidate,BASELINE_tt_hyperbolic_small,tt_hyperbolic_small,DOUBLE,264,0,false,0,0,10000000,flink,0,1.014345,0
10000000,SMALL,0,candidate,BASELINE_tt_hyperbolic_small,tt_hyperbolic_small,DOUBLE,264,0,false,0,0,10000000,native,0,1.111001,0
10000000,SMALL,0,candidate,BASELINE_tt_hyperbolic_small,tt_hyperbolic_small,DOUBLE,264,0,false,0,0,10000000,native,1,1.112365,0
10000000,SMALL,0,candidate,BASELINE_tt_hyperbolic_small,tt_hyperbolic_small,DOUBLE,264,0,false,0,0,10000000,flink,1,0.997850,0
10000000,SMALL,0,candidate,BASELINE_tt_hyperbolic_small,tt_hyperbolic_small,DOUBLE,264,0,false,0,0,10000000,flink,2,0.990294,0
10000000,SMALL,0,candidate,BASELINE_tt_hyperbolic_small,tt_hyperbolic_small,DOUBLE,264,0,false,0,0,10000000,native,2,1.095558,0
10000000,SMALL,0,candidate,BASELINE_tt_hyperbolic_small,tt_hyperbolic_small,DOUBLE,264,0,false,0,0,10000000,native,3,1.109397,0
10000000,SMALL,0,candidate,BASELINE_tt_hyperbolic_small,tt_hyperbolic_small,DOUBLE,264,0,false,0,0,10000000,flink,3,1.008273,0
10000000,SMALL,0,candidate,BASELINE_tt_hyperbolic_small,tt_hyperbolic_small,DOUBLE,264,0,false,0,0,10000000,flink,4,0.993901,0
10000000,SMALL,0,candidate,BASELINE_tt_hyperbolic_small,tt_hyperbolic_small,DOUBLE,264,0,false,0,0,10000000,native,4,1.078718,0
10000000,SMALL,0,candidate,COSH_SMALL,tt_hyperbolic_small,DOUBLE,264,0,false,0,0,10000000,flink,0,1.204853,0
10000000,SMALL,0,candidate,COSH_SMALL,tt_hyperbolic_small,DOUBLE,264,0,false,0,0,10000000,native,0,1.139184,0
10000000,SMALL,0,candidate,COSH_SMALL,tt_hyperbolic_small,DOUBLE,264,0,false,0,0,10000000,native,1,1.126339,0
10000000,SMALL,0,candidate,COSH_SMALL,tt_hyperbolic_small,DOUBLE,264,0,false,0,0,10000000,flink,1,1.194326,0
10000000,SMALL,0,candidate,COSH_SMALL,tt_hyperbolic_small,DOUBLE,264,0,false,0,0,10000000,flink,2,1.205989,0
10000000,SMALL,0,candidate,COSH_SMALL,tt_hyperbolic_small,DOUBLE,264,0,false,0,0,10000000,native,2,1.138123,0
10000000,SMALL,0,candidate,COSH_SMALL,tt_hyperbolic_small,DOUBLE,264,0,false,0,0,10000000,native,3,1.139985,0
10000000,SMALL,0,candidate,COSH_SMALL,tt_hyperbolic_small,DOUBLE,264,0,false,0,0,10000000,flink,3,1.192478,0
10000000,SMALL,0,candidate,COSH_SMALL,tt_hyperbolic_small,DOUBLE,264,0,false,0,0,10000000,flink,4,1.209988,0
10000000,SMALL,0,candidate,COSH_SMALL,tt_hyperbolic_small,DOUBLE,264,0,false,0,0,10000000,native,4,1.138546,0
10000000,SMALL,0,candidate,SINH_SMALL,tt_hyperbolic_small,DOUBLE,264,0,false,0,0,10000000,flink,0,1.230122,0
10000000,SMALL,0,candidate,SINH_SMALL,tt_hyperbolic_small,DOUBLE,264,0,false,0,0,10000000,native,0,1.143565,0
10000000,SMALL,0,candidate,SINH_SMALL,tt_hyperbolic_small,DOUBLE,264,0,false,0,0,10000000,native,1,1.139050,0
10000000,SMALL,0,candidate,SINH_SMALL,tt_hyperbolic_small,DOUBLE,264,0,false,0,0,10000000,flink,1,1.221687,0
10000000,SMALL,0,candidate,SINH_SMALL,tt_hyperbolic_small,DOUBLE,264,0,false,0,0,10000000,flink,2,1.219482,0
10000000,SMALL,0,candidate,SINH_SMALL,tt_hyperbolic_small,DOUBLE,264,0,false,0,0,10000000,native,2,1.134288,0
10000000,SMALL,0,candidate,SINH_SMALL,tt_hyperbolic_small,DOUBLE,264,0,false,0,0,10000000,native,3,1.134887,0
10000000,SMALL,0,candidate,SINH_SMALL,tt_hyperbolic_small,DOUBLE,264,0,false,0,0,10000000,flink,3,1.220818,0
10000000,SMALL,0,candidate,SINH_SMALL,tt_hyperbolic_small,DOUBLE,264,0,false,0,0,10000000,flink,4,1.233126,0
10000000,SMALL,0,candidate,SINH_SMALL,tt_hyperbolic_small,DOUBLE,264,0,false,0,0,10000000,native,4,1.149614,0
10000000,SMALL,0,candidate,TANH_SMALL,tt_hyperbolic_small,DOUBLE,264,0,false,0,0,10000000,flink,0,1.274446,0
10000000,SMALL,0,candidate,TANH_SMALL,tt_hyperbolic_small,DOUBLE,264,0,false,0,0,10000000,native,0,1.152393,0
10000000,SMALL,0,candidate,TANH_SMALL,tt_hyperbolic_small,DOUBLE,264,0,false,0,0,10000000,native,1,1.176780,0
10000000,SMALL,0,candidate,TANH_SMALL,tt_hyperbolic_small,DOUBLE,264,0,false,0,0,10000000,flink,1,1.279518,0
10000000,SMALL,0,candidate,TANH_SMALL,tt_hyperbolic_small,DOUBLE,264,0,false,0,0,10000000,flink,2,1.257909,0
10000000,SMALL,0,candidate,TANH_SMALL,tt_hyperbolic_small,DOUBLE,264,0,false,0,0,10000000,native,2,1.159113,0
10000000,SMALL,0,candidate,TANH_SMALL,tt_hyperbolic_small,DOUBLE,264,0,false,0,0,10000000,native,3,1.145491,0
10000000,SMALL,0,candidate,TANH_SMALL,tt_hyperbolic_small,DOUBLE,264,0,false,0,0,10000000,flink,3,1.251479,0
10000000,SMALL,0,candidate,TANH_SMALL,tt_hyperbolic_small,DOUBLE,264,0,false,0,0,10000000,flink,4,1.250913,0
10000000,SMALL,0,candidate,TANH_SMALL,tt_hyperbolic_small,DOUBLE,264,0,false,0,0,10000000,native,4,1.160322,0
10000000,SMALL,1,previous,BASELINE_tt_hyperbolic_small,tt_hyperbolic_small,DOUBLE,264,0,false,0,0,10000000,flink,0,1.017056,0
10000000,SMALL,1,previous,BASELINE_tt_hyperbolic_small,tt_hyperbolic_small,DOUBLE,264,0,false,0,0,10000000,native,0,1.084675,0
10000000,SMALL,1,previous,BASELINE_tt_hyperbolic_small,tt_hyperbolic_small,DOUBLE,264,0,false,0,0,10000000,native,1,1.094650,0
10000000,SMALL,1,previous,BASELINE_tt_hyperbolic_small,tt_hyperbolic_small,DOUBLE,264,0,false,0,0,10000000,flink,1,1.004986,0
10000000,SMALL,1,previous,BASELINE_tt_hyperbolic_small,tt_hyperbolic_small,DOUBLE,264,0,false,0,0,10000000,flink,2,1.006173,0
10000000,SMALL,1,previous,BASELINE_tt_hyperbolic_small,tt_hyperbolic_small,DOUBLE,264,0,false,0,0,10000000,native,2,1.076556,0
10000000,SMALL,1,previous,BASELINE_tt_hyperbolic_small,tt_hyperbolic_small,DOUBLE,264,0,false,0,0,10000000,native,3,1.093784,0
10000000,SMALL,1,previous,BASELINE_tt_hyperbolic_small,tt_hyperbolic_small,DOUBLE,264,0,false,0,0,10000000,flink,3,1.010432,0
10000000,SMALL,1,previous,BASELINE_tt_hyperbolic_small,tt_hyperbolic_small,DOUBLE,264,0,false,0,0,10000000,flink,4,1.007064,0
10000000,SMALL,1,previous,BASELINE_tt_hyperbolic_small,tt_hyperbolic_small,DOUBLE,264,0,false,0,0,10000000,native,4,1.080733,0
10000000,SMALL,1,previous,COSH_SMALL,tt_hyperbolic_small,DOUBLE,264,0,false,0,0,10000000,flink,0,1.219499,0
10000000,SMALL,1,previous,COSH_SMALL,tt_hyperbolic_small,DOUBLE,264,0,false,0,0,10000000,native,0,1.130562,0
10000000,SMALL,1,previous,COSH_SMALL,tt_hyperbolic_small,DOUBLE,264,0,false,0,0,10000000,native,1,1.153153,0
10000000,SMALL,1,previous,COSH_SMALL,tt_hyperbolic_small,DOUBLE,264,0,false,0,0,10000000,flink,1,1.205235,0
10000000,SMALL,1,previous,COSH_SMALL,tt_hyperbolic_small,DOUBLE,264,0,false,0,0,10000000,flink,2,1.214345,0
10000000,SMALL,1,previous,COSH_SMALL,tt_hyperbolic_small,DOUBLE,264,0,false,0,0,10000000,native,2,1.126414,0
10000000,SMALL,1,previous,COSH_SMALL,tt_hyperbolic_small,DOUBLE,264,0,false,0,0,10000000,native,3,1.120435,0
10000000,SMALL,1,previous,COSH_SMALL,tt_hyperbolic_small,DOUBLE,264,0,false,0,0,10000000,flink,3,1.216240,0
10000000,SMALL,1,previous,COSH_SMALL,tt_hyperbolic_small,DOUBLE,264,0,false,0,0,10000000,flink,4,1.219157,0
10000000,SMALL,1,previous,COSH_SMALL,tt_hyperbolic_small,DOUBLE,264,0,false,0,0,10000000,native,4,1.142146,0
10000000,SMALL,1,previous,SINH_SMALL,tt_hyperbolic_small,DOUBLE,264,0,false,0,0,10000000,flink,0,1.242585,0
10000000,SMALL,1,previous,SINH_SMALL,tt_hyperbolic_small,DOUBLE,264,0,false,0,0,10000000,native,0,1.143575,0
10000000,SMALL,1,previous,SINH_SMALL,tt_hyperbolic_small,DOUBLE,264,0,false,0,0,10000000,native,1,1.138739,0
10000000,SMALL,1,previous,SINH_SMALL,tt_hyperbolic_small,DOUBLE,264,0,false,0,0,10000000,flink,1,1.225669,0
10000000,SMALL,1,previous,SINH_SMALL,tt_hyperbolic_small,DOUBLE,264,0,false,0,0,10000000,flink,2,1.257243,0
10000000,SMALL,1,previous,SINH_SMALL,tt_hyperbolic_small,DOUBLE,264,0,false,0,0,10000000,native,2,1.176807,0
10000000,SMALL,1,previous,SINH_SMALL,tt_hyperbolic_small,DOUBLE,264,0,false,0,0,10000000,native,3,1.143265,0
10000000,SMALL,1,previous,SINH_SMALL,tt_hyperbolic_small,DOUBLE,264,0,false,0,0,10000000,flink,3,1.229252,0
10000000,SMALL,1,previous,SINH_SMALL,tt_hyperbolic_small,DOUBLE,264,0,false,0,0,10000000,flink,4,1.256266,0
10000000,SMALL,1,previous,SINH_SMALL,tt_hyperbolic_small,DOUBLE,264,0,false,0,0,10000000,native,4,1.135241,0
10000000,SMALL,1,previous,TANH_SMALL,tt_hyperbolic_small,DOUBLE,264,0,false,0,0,10000000,flink,0,1.280804,0
10000000,SMALL,1,previous,TANH_SMALL,tt_hyperbolic_small,DOUBLE,264,0,false,0,0,10000000,native,0,1.173785,0
10000000,SMALL,1,previous,TANH_SMALL,tt_hyperbolic_small,DOUBLE,264,0,false,0,0,10000000,native,1,1.149033,0
10000000,SMALL,1,previous,TANH_SMALL,tt_hyperbolic_small,DOUBLE,264,0,false,0,0,10000000,flink,1,1.325419,0
10000000,SMALL,1,previous,TANH_SMALL,tt_hyperbolic_small,DOUBLE,264,0,false,0,0,10000000,flink,2,1.296969,0
10000000,SMALL,1,previous,TANH_SMALL,tt_hyperbolic_small,DOUBLE,264,0,false,0,0,10000000,native,2,1.152237,0
10000000,SMALL,1,previous,TANH_SMALL,tt_hyperbolic_small,DOUBLE,264,0,false,0,0,10000000,native,3,1.156965,0
10000000,SMALL,1,previous,TANH_SMALL,tt_hyperbolic_small,DOUBLE,264,0,false,0,0,10000000,flink,3,1.270238,0
10000000,SMALL,1,previous,TANH_SMALL,tt_hyperbolic_small,DOUBLE,264,0,false,0,0,10000000,flink,4,1.287178,0
10000000,SMALL,1,previous,TANH_SMALL,tt_hyperbolic_small,DOUBLE,264,0,false,0,0,10000000,native,4,1.164307,0
10000000,SMALL,2,original,BASELINE_tt_hyperbolic_small,tt_hyperbolic_small,DOUBLE,264,0,false,0,0,10000000,flink,0,1.014122,0
10000000,SMALL,2,original,BASELINE_tt_hyperbolic_small,tt_hyperbolic_small,DOUBLE,264,0,false,0,0,10000000,native,0,1.099983,0
10000000,SMALL,2,original,BASELINE_tt_hyperbolic_small,tt_hyperbolic_small,DOUBLE,264,0,false,0,0,10000000,native,1,1.089406,0
10000000,SMALL,2,original,BASELINE_tt_hyperbolic_small,tt_hyperbolic_small,DOUBLE,264,0,false,0,0,10000000,flink,1,1.049707,0
10000000,SMALL,2,original,BASELINE_tt_hyperbolic_small,tt_hyperbolic_small,DOUBLE,264,0,false,0,0,10000000,flink,2,1.021482,0
10000000,SMALL,2,original,BASELINE_tt_hyperbolic_small,tt_hyperbolic_small,DOUBLE,264,0,false,0,0,10000000,native,2,1.082470,0
10000000,SMALL,2,original,BASELINE_tt_hyperbolic_small,tt_hyperbolic_small,DOUBLE,264,0,false,0,0,10000000,native,3,1.073423,0
10000000,SMALL,2,original,BASELINE_tt_hyperbolic_small,tt_hyperbolic_small,DOUBLE,264,0,false,0,0,10000000,flink,3,0.994179,0
10000000,SMALL,2,original,BASELINE_tt_hyperbolic_small,tt_hyperbolic_small,DOUBLE,264,0,false,0,0,10000000,flink,4,0.994729,0
10000000,SMALL,2,original,BASELINE_tt_hyperbolic_small,tt_hyperbolic_small,DOUBLE,264,0,false,0,0,10000000,native,4,1.088253,0
10000000,SMALL,2,original,COSH_SMALL,tt_hyperbolic_small,DOUBLE,264,0,false,0,0,10000000,flink,0,1.199618,0
10000000,SMALL,2,original,COSH_SMALL,tt_hyperbolic_small,DOUBLE,264,0,false,0,0,10000000,native,0,1.203004,0
10000000,SMALL,2,original,COSH_SMALL,tt_hyperbolic_small,DOUBLE,264,0,false,0,0,10000000,native,1,1.210374,0
10000000,SMALL,2,original,COSH_SMALL,tt_hyperbolic_small,DOUBLE,264,0,false,0,0,10000000,flink,1,1.206101,0
10000000,SMALL,2,original,COSH_SMALL,tt_hyperbolic_small,DOUBLE,264,0,false,0,0,10000000,flink,2,1.222692,0
10000000,SMALL,2,original,COSH_SMALL,tt_hyperbolic_small,DOUBLE,264,0,false,0,0,10000000,native,2,1.232409,0
10000000,SMALL,2,original,COSH_SMALL,tt_hyperbolic_small,DOUBLE,264,0,false,0,0,10000000,native,3,1.230895,0
10000000,SMALL,2,original,COSH_SMALL,tt_hyperbolic_small,DOUBLE,264,0,false,0,0,10000000,flink,3,1.194269,0
10000000,SMALL,2,original,COSH_SMALL,tt_hyperbolic_small,DOUBLE,264,0,false,0,0,10000000,flink,4,1.205443,0
10000000,SMALL,2,original,COSH_SMALL,tt_hyperbolic_small,DOUBLE,264,0,false,0,0,10000000,native,4,1.219691,0
10000000,SMALL,2,original,SINH_SMALL,tt_hyperbolic_small,DOUBLE,264,0,false,0,0,10000000,flink,0,1.268893,0
10000000,SMALL,2,original,SINH_SMALL,tt_hyperbolic_small,DOUBLE,264,0,false,0,0,10000000,native,0,1.238120,0
10000000,SMALL,2,original,SINH_SMALL,tt_hyperbolic_small,DOUBLE,264,0,false,0,0,10000000,native,1,1.236430,0
10000000,SMALL,2,original,SINH_SMALL,tt_hyperbolic_small,DOUBLE,264,0,false,0,0,10000000,flink,1,1.247267,0
10000000,SMALL,2,original,SINH_SMALL,tt_hyperbolic_small,DOUBLE,264,0,false,0,0,10000000,flink,2,1.219627,0
10000000,SMALL,2,original,SINH_SMALL,tt_hyperbolic_small,DOUBLE,264,0,false,0,0,10000000,native,2,1.220945,0
10000000,SMALL,2,original,SINH_SMALL,tt_hyperbolic_small,DOUBLE,264,0,false,0,0,10000000,native,3,1.231249,0
10000000,SMALL,2,original,SINH_SMALL,tt_hyperbolic_small,DOUBLE,264,0,false,0,0,10000000,flink,3,1.228563,0
10000000,SMALL,2,original,SINH_SMALL,tt_hyperbolic_small,DOUBLE,264,0,false,0,0,10000000,flink,4,1.242641,0
10000000,SMALL,2,original,SINH_SMALL,tt_hyperbolic_small,DOUBLE,264,0,false,0,0,10000000,native,4,1.224706,0
10000000,SMALL,2,original,TANH_SMALL,tt_hyperbolic_small,DOUBLE,264,0,false,0,0,10000000,flink,0,1.262578,0
10000000,SMALL,2,original,TANH_SMALL,tt_hyperbolic_small,DOUBLE,264,0,false,0,0,10000000,native,0,1.258189,0
10000000,SMALL,2,original,TANH_SMALL,tt_hyperbolic_small,DOUBLE,264,0,false,0,0,10000000,native,1,1.277392,0
10000000,SMALL,2,original,TANH_SMALL,tt_hyperbolic_small,DOUBLE,264,0,false,0,0,10000000,flink,1,1.256080,0
10000000,SMALL,2,original,TANH_SMALL,tt_hyperbolic_small,DOUBLE,264,0,false,0,0,10000000,flink,2,1.258063,0
10000000,SMALL,2,original,TANH_SMALL,tt_hyperbolic_small,DOUBLE,264,0,false,0,0,10000000,native,2,1.271496,0
10000000,SMALL,2,original,TANH_SMALL,tt_hyperbolic_small,DOUBLE,264,0,false,0,0,10000000,native,3,1.249211,0
10000000,SMALL,2,original,TANH_SMALL,tt_hyperbolic_small,DOUBLE,264,0,false,0,0,10000000,flink,3,1.239486,0
10000000,SMALL,2,original,TANH_SMALL,tt_hyperbolic_small,DOUBLE,264,0,false,0,0,10000000,flink,4,1.256975,0
10000000,SMALL,2,original,TANH_SMALL,tt_hyperbolic_small,DOUBLE,264,0,false,0,0,10000000,native,4,1.265606,0
10000000,SMALL,3,original,BASELINE_tt_hyperbolic_small,tt_hyperbolic_small,DOUBLE,264,0,false,0,0,10000000,flink,0,1.015587,0
10000000,SMALL,3,original,BASELINE_tt_hyperbolic_small,tt_hyperbolic_small,DOUBLE,264,0,false,0,0,10000000,native,0,1.090570,0
10000000,SMALL,3,original,BASELINE_tt_hyperbolic_small,tt_hyperbolic_small,DOUBLE,264,0,false,0,0,10000000,native,1,1.083733,0
10000000,SMALL,3,original,BASELINE_tt_hyperbolic_small,tt_hyperbolic_small,DOUBLE,264,0,false,0,0,10000000,flink,1,1.023917,0
10000000,SMALL,3,original,BASELINE_tt_hyperbolic_small,tt_hyperbolic_small,DOUBLE,264,0,false,0,0,10000000,flink,2,1.017753,0
10000000,SMALL,3,original,BASELINE_tt_hyperbolic_small,tt_hyperbolic_small,DOUBLE,264,0,false,0,0,10000000,native,2,1.067884,0
10000000,SMALL,3,original,BASELINE_tt_hyperbolic_small,tt_hyperbolic_small,DOUBLE,264,0,false,0,0,10000000,native,3,1.072570,0
10000000,SMALL,3,original,BASELINE_tt_hyperbolic_small,tt_hyperbolic_small,DOUBLE,264,0,false,0,0,10000000,flink,3,0.984796,0
10000000,SMALL,3,original,BASELINE_tt_hyperbolic_small,tt_hyperbolic_small,DOUBLE,264,0,false,0,0,10000000,flink,4,0.996536,0
10000000,SMALL,3,original,BASELINE_tt_hyperbolic_small,tt_hyperbolic_small,DOUBLE,264,0,false,0,0,10000000,native,4,1.067436,0
10000000,SMALL,3,original,COSH_SMALL,tt_hyperbolic_small,DOUBLE,264,0,false,0,0,10000000,flink,0,1.215015,0
10000000,SMALL,3,original,COSH_SMALL,tt_hyperbolic_small,DOUBLE,264,0,false,0,0,10000000,native,0,1.222546,0
10000000,SMALL,3,original,COSH_SMALL,tt_hyperbolic_small,DOUBLE,264,0,false,0,0,10000000,native,1,1.195619,0
10000000,SMALL,3,original,COSH_SMALL,tt_hyperbolic_small,DOUBLE,264,0,false,0,0,10000000,flink,1,1.217881,0
10000000,SMALL,3,original,COSH_SMALL,tt_hyperbolic_small,DOUBLE,264,0,false,0,0,10000000,flink,2,1.212594,0
10000000,SMALL,3,original,COSH_SMALL,tt_hyperbolic_small,DOUBLE,264,0,false,0,0,10000000,native,2,1.209754,0
10000000,SMALL,3,original,COSH_SMALL,tt_hyperbolic_small,DOUBLE,264,0,false,0,0,10000000,native,3,1.215796,0
10000000,SMALL,3,original,COSH_SMALL,tt_hyperbolic_small,DOUBLE,264,0,false,0,0,10000000,flink,3,1.200263,0
10000000,SMALL,3,original,COSH_SMALL,tt_hyperbolic_small,DOUBLE,264,0,false,0,0,10000000,flink,4,1.218972,0
10000000,SMALL,3,original,COSH_SMALL,tt_hyperbolic_small,DOUBLE,264,0,false,0,0,10000000,native,4,1.200424,0
10000000,SMALL,3,original,SINH_SMALL,tt_hyperbolic_small,DOUBLE,264,0,false,0,0,10000000,flink,0,1.255704,0
10000000,SMALL,3,original,SINH_SMALL,tt_hyperbolic_small,DOUBLE,264,0,false,0,0,10000000,native,0,1.227240,0
10000000,SMALL,3,original,SINH_SMALL,tt_hyperbolic_small,DOUBLE,264,0,false,0,0,10000000,native,1,1.253619,0
10000000,SMALL,3,original,SINH_SMALL,tt_hyperbolic_small,DOUBLE,264,0,false,0,0,10000000,flink,1,1.247536,0
10000000,SMALL,3,original,SINH_SMALL,tt_hyperbolic_small,DOUBLE,264,0,false,0,0,10000000,flink,2,1.242345,0
10000000,SMALL,3,original,SINH_SMALL,tt_hyperbolic_small,DOUBLE,264,0,false,0,0,10000000,native,2,1.254003,0
10000000,SMALL,3,original,SINH_SMALL,tt_hyperbolic_small,DOUBLE,264,0,false,0,0,10000000,native,3,1.221723,0
10000000,SMALL,3,original,SINH_SMALL,tt_hyperbolic_small,DOUBLE,264,0,false,0,0,10000000,flink,3,1.240223,0
10000000,SMALL,3,original,SINH_SMALL,tt_hyperbolic_small,DOUBLE,264,0,false,0,0,10000000,flink,4,1.250418,0
10000000,SMALL,3,original,SINH_SMALL,tt_hyperbolic_small,DOUBLE,264,0,false,0,0,10000000,native,4,1.225695,0
10000000,SMALL,3,original,TANH_SMALL,tt_hyperbolic_small,DOUBLE,264,0,false,0,0,10000000,flink,0,1.252167,0
10000000,SMALL,3,original,TANH_SMALL,tt_hyperbolic_small,DOUBLE,264,0,false,0,0,10000000,native,0,1.263634,0
10000000,SMALL,3,original,TANH_SMALL,tt_hyperbolic_small,DOUBLE,264,0,false,0,0,10000000,native,1,1.271532,0
10000000,SMALL,3,original,TANH_SMALL,tt_hyperbolic_small,DOUBLE,264,0,false,0,0,10000000,flink,1,1.261925,0
10000000,SMALL,3,original,TANH_SMALL,tt_hyperbolic_small,DOUBLE,264,0,false,0,0,10000000,flink,2,1.252392,0
10000000,SMALL,3,original,TANH_SMALL,tt_hyperbolic_small,DOUBLE,264,0,false,0,0,10000000,native,2,1.290187,0
10000000,SMALL,3,original,TANH_SMALL,tt_hyperbolic_small,DOUBLE,264,0,false,0,0,10000000,native,3,1.264777,0
10000000,SMALL,3,original,TANH_SMALL,tt_hyperbolic_small,DOUBLE,264,0,false,0,0,10000000,flink,3,1.274085,0
10000000,SMALL,3,original,TANH_SMALL,tt_hyperbolic_small,DOUBLE,264,0,false,0,0,10000000,flink,4,1.254334,0
10000000,SMALL,3,original,TANH_SMALL,tt_hyperbolic_small,DOUBLE,264,0,false,0,0,10000000,native,4,1.267453,0
10000000,SMALL,4,previous,BASELINE_tt_hyperbolic_small,tt_hyperbolic_small,DOUBLE,264,0,false,0,0,10000000,flink,0,0.981903,0
10000000,SMALL,4,previous,BASELINE_tt_hyperbolic_small,tt_hyperbolic_small,DOUBLE,264,0,false,0,0,10000000,native,0,1.098540,0
10000000,SMALL,4,previous,BASELINE_tt_hyperbolic_small,tt_hyperbolic_small,DOUBLE,264,0,false,0,0,10000000,native,1,1.113921,0
10000000,SMALL,4,previous,BASELINE_tt_hyperbolic_small,tt_hyperbolic_small,DOUBLE,264,0,false,0,0,10000000,flink,1,0.987120,0
10000000,SMALL,4,previous,BASELINE_tt_hyperbolic_small,tt_hyperbolic_small,DOUBLE,264,0,false,0,0,10000000,flink,2,1.027180,0
10000000,SMALL,4,previous,BASELINE_tt_hyperbolic_small,tt_hyperbolic_small,DOUBLE,264,0,false,0,0,10000000,native,2,1.096595,0
10000000,SMALL,4,previous,BASELINE_tt_hyperbolic_small,tt_hyperbolic_small,DOUBLE,264,0,false,0,0,10000000,native,3,1.095897,0
10000000,SMALL,4,previous,BASELINE_tt_hyperbolic_small,tt_hyperbolic_small,DOUBLE,264,0,false,0,0,10000000,flink,3,0.998544,0
10000000,SMALL,4,previous,BASELINE_tt_hyperbolic_small,tt_hyperbolic_small,DOUBLE,264,0,false,0,0,10000000,flink,4,0.974861,0
10000000,SMALL,4,previous,BASELINE_tt_hyperbolic_small,tt_hyperbolic_small,DOUBLE,264,0,false,0,0,10000000,native,4,1.088844,0
10000000,SMALL,4,previous,COSH_SMALL,tt_hyperbolic_small,DOUBLE,264,0,false,0,0,10000000,flink,0,1.214108,0
10000000,SMALL,4,previous,COSH_SMALL,tt_hyperbolic_small,DOUBLE,264,0,false,0,0,10000000,native,0,1.139655,0
10000000,SMALL,4,previous,COSH_SMALL,tt_hyperbolic_small,DOUBLE,264,0,false,0,0,10000000,native,1,1.142495,0
10000000,SMALL,4,previous,COSH_SMALL,tt_hyperbolic_small,DOUBLE,264,0,false,0,0,10000000,flink,1,1.189247,0
10000000,SMALL,4,previous,COSH_SMALL,tt_hyperbolic_small,DOUBLE,264,0,false,0,0,10000000,flink,2,1.205345,0
10000000,SMALL,4,previous,COSH_SMALL,tt_hyperbolic_small,DOUBLE,264,0,false,0,0,10000000,native,2,1.143988,0
10000000,SMALL,4,previous,COSH_SMALL,tt_hyperbolic_small,DOUBLE,264,0,false,0,0,10000000,native,3,1.145819,0
10000000,SMALL,4,previous,COSH_SMALL,tt_hyperbolic_small,DOUBLE,264,0,false,0,0,10000000,flink,3,1.234019,0
10000000,SMALL,4,previous,COSH_SMALL,tt_hyperbolic_small,DOUBLE,264,0,false,0,0,10000000,flink,4,1.228158,0
10000000,SMALL,4,previous,COSH_SMALL,tt_hyperbolic_small,DOUBLE,264,0,false,0,0,10000000,native,4,1.140466,0
10000000,SMALL,4,previous,SINH_SMALL,tt_hyperbolic_small,DOUBLE,264,0,false,0,0,10000000,flink,0,1.238295,0
10000000,SMALL,4,previous,SINH_SMALL,tt_hyperbolic_small,DOUBLE,264,0,false,0,0,10000000,native,0,1.143806,0
10000000,SMALL,4,previous,SINH_SMALL,tt_hyperbolic_small,DOUBLE,264,0,false,0,0,10000000,native,1,1.141896,0
10000000,SMALL,4,previous,SINH_SMALL,tt_hyperbolic_small,DOUBLE,264,0,false,0,0,10000000,flink,1,1.259101,0
10000000,SMALL,4,previous,SINH_SMALL,tt_hyperbolic_small,DOUBLE,264,0,false,0,0,10000000,flink,2,1.211943,0
10000000,SMALL,4,previous,SINH_SMALL,tt_hyperbolic_small,DOUBLE,264,0,false,0,0,10000000,native,2,1.149398,0
10000000,SMALL,4,previous,SINH_SMALL,tt_hyperbolic_small,DOUBLE,264,0,false,0,0,10000000,native,3,1.158340,0
10000000,SMALL,4,previous,SINH_SMALL,tt_hyperbolic_small,DOUBLE,264,0,false,0,0,10000000,flink,3,1.258058,0
10000000,SMALL,4,previous,SINH_SMALL,tt_hyperbolic_small,DOUBLE,264,0,false,0,0,10000000,flink,4,1.248267,0
10000000,SMALL,4,previous,SINH_SMALL,tt_hyperbolic_small,DOUBLE,264,0,false,0,0,10000000,native,4,1.147726,0
10000000,SMALL,4,previous,TANH_SMALL,tt_hyperbolic_small,DOUBLE,264,0,false,0,0,10000000,flink,0,1.284876,0
10000000,SMALL,4,previous,TANH_SMALL,tt_hyperbolic_small,DOUBLE,264,0,false,0,0,10000000,native,0,1.166971,0
10000000,SMALL,4,previous,TANH_SMALL,tt_hyperbolic_small,DOUBLE,264,0,false,0,0,10000000,native,1,1.164589,0
10000000,SMALL,4,previous,TANH_SMALL,tt_hyperbolic_small,DOUBLE,264,0,false,0,0,10000000,flink,1,1.285142,0
10000000,SMALL,4,previous,TANH_SMALL,tt_hyperbolic_small,DOUBLE,264,0,false,0,0,10000000,flink,2,1.283810,0
10000000,SMALL,4,previous,TANH_SMALL,tt_hyperbolic_small,DOUBLE,264,0,false,0,0,10000000,native,2,1.189043,0
10000000,SMALL,4,previous,TANH_SMALL,tt_hyperbolic_small,DOUBLE,264,0,false,0,0,10000000,native,3,1.158775,0
10000000,SMALL,4,previous,TANH_SMALL,tt_hyperbolic_small,DOUBLE,264,0,false,0,0,10000000,flink,3,1.288464,0
10000000,SMALL,4,previous,TANH_SMALL,tt_hyperbolic_small,DOUBLE,264,0,false,0,0,10000000,flink,4,1.285194,0
10000000,SMALL,4,previous,TANH_SMALL,tt_hyperbolic_small,DOUBLE,264,0,false,0,0,10000000,native,4,1.161183,0
10000000,SMALL,5,candidate,BASELINE_tt_hyperbolic_small,tt_hyperbolic_small,DOUBLE,264,0,false,0,0,10000000,flink,0,1.021908,0
10000000,SMALL,5,candidate,BASELINE_tt_hyperbolic_small,tt_hyperbolic_small,DOUBLE,264,0,false,0,0,10000000,native,0,1.092655,0
10000000,SMALL,5,candidate,BASELINE_tt_hyperbolic_small,tt_hyperbolic_small,DOUBLE,264,0,false,0,0,10000000,native,1,1.086462,0
10000000,SMALL,5,candidate,BASELINE_tt_hyperbolic_small,tt_hyperbolic_small,DOUBLE,264,0,false,0,0,10000000,flink,1,0.988800,0
10000000,SMALL,5,candidate,BASELINE_tt_hyperbolic_small,tt_hyperbolic_small,DOUBLE,264,0,false,0,0,10000000,flink,2,1.004594,0
10000000,SMALL,5,candidate,BASELINE_tt_hyperbolic_small,tt_hyperbolic_small,DOUBLE,264,0,false,0,0,10000000,native,2,1.106554,0
10000000,SMALL,5,candidate,BASELINE_tt_hyperbolic_small,tt_hyperbolic_small,DOUBLE,264,0,false,0,0,10000000,native,3,1.097273,0
10000000,SMALL,5,candidate,BASELINE_tt_hyperbolic_small,tt_hyperbolic_small,DOUBLE,264,0,false,0,0,10000000,flink,3,0.995832,0
10000000,SMALL,5,candidate,BASELINE_tt_hyperbolic_small,tt_hyperbolic_small,DOUBLE,264,0,false,0,0,10000000,flink,4,1.019841,0
10000000,SMALL,5,candidate,BASELINE_tt_hyperbolic_small,tt_hyperbolic_small,DOUBLE,264,0,false,0,0,10000000,native,4,1.084001,0
10000000,SMALL,5,candidate,COSH_SMALL,tt_hyperbolic_small,DOUBLE,264,0,false,0,0,10000000,flink,0,1.234335,0
10000000,SMALL,5,candidate,COSH_SMALL,tt_hyperbolic_small,DOUBLE,264,0,false,0,0,10000000,native,0,1.133028,0
10000000,SMALL,5,candidate,COSH_SMALL,tt_hyperbolic_small,DOUBLE,264,0,false,0,0,10000000,native,1,1.136461,0
10000000,SMALL,5,candidate,COSH_SMALL,tt_hyperbolic_small,DOUBLE,264,0,false,0,0,10000000,flink,1,1.199897,0
10000000,SMALL,5,candidate,COSH_SMALL,tt_hyperbolic_small,DOUBLE,264,0,false,0,0,10000000,flink,2,1.216735,0
10000000,SMALL,5,candidate,COSH_SMALL,tt_hyperbolic_small,DOUBLE,264,0,false,0,0,10000000,native,2,1.140756,0
10000000,SMALL,5,candidate,COSH_SMALL,tt_hyperbolic_small,DOUBLE,264,0,false,0,0,10000000,native,3,1.132595,0
10000000,SMALL,5,candidate,COSH_SMALL,tt_hyperbolic_small,DOUBLE,264,0,false,0,0,10000000,flink,3,1.258556,0
10000000,SMALL,5,candidate,COSH_SMALL,tt_hyperbolic_small,DOUBLE,264,0,false,0,0,10000000,flink,4,1.232166,0
10000000,SMALL,5,candidate,COSH_SMALL,tt_hyperbolic_small,DOUBLE,264,0,false,0,0,10000000,native,4,1.132446,0
10000000,SMALL,5,candidate,SINH_SMALL,tt_hyperbolic_small,DOUBLE,264,0,false,0,0,10000000,flink,0,1.232042,0
10000000,SMALL,5,candidate,SINH_SMALL,tt_hyperbolic_small,DOUBLE,264,0,false,0,0,10000000,native,0,1.151814,0
10000000,SMALL,5,candidate,SINH_SMALL,tt_hyperbolic_small,DOUBLE,264,0,false,0,0,10000000,native,1,1.154541,0
10000000,SMALL,5,candidate,SINH_SMALL,tt_hyperbolic_small,DOUBLE,264,0,false,0,0,10000000,flink,1,1.230872,0
10000000,SMALL,5,candidate,SINH_SMALL,tt_hyperbolic_small,DOUBLE,264,0,false,0,0,10000000,flink,2,1.221692,0
10000000,SMALL,5,candidate,SINH_SMALL,tt_hyperbolic_small,DOUBLE,264,0,false,0,0,10000000,native,2,1.135325,0
10000000,SMALL,5,candidate,SINH_SMALL,tt_hyperbolic_small,DOUBLE,264,0,false,0,0,10000000,native,3,1.140063,0
10000000,SMALL,5,candidate,SINH_SMALL,tt_hyperbolic_small,DOUBLE,264,0,false,0,0,10000000,flink,3,1.224226,0
10000000,SMALL,5,candidate,SINH_SMALL,tt_hyperbolic_small,DOUBLE,264,0,false,0,0,10000000,flink,4,1.218444,0
10000000,SMALL,5,candidate,SINH_SMALL,tt_hyperbolic_small,DOUBLE,264,0,false,0,0,10000000,native,4,1.139627,0
10000000,SMALL,5,candidate,TANH_SMALL,tt_hyperbolic_small,DOUBLE,264,0,false,0,0,10000000,flink,0,1.258430,0
10000000,SMALL,5,candidate,TANH_SMALL,tt_hyperbolic_small,DOUBLE,264,0,false,0,0,10000000,native,0,1.169928,0
10000000,SMALL,5,candidate,TANH_SMALL,tt_hyperbolic_small,DOUBLE,264,0,false,0,0,10000000,native,1,1.142463,0
10000000,SMALL,5,candidate,TANH_SMALL,tt_hyperbolic_small,DOUBLE,264,0,false,0,0,10000000,flink,1,1.259126,0
10000000,SMALL,5,candidate,TANH_SMALL,tt_hyperbolic_small,DOUBLE,264,0,false,0,0,10000000,flink,2,1.266062,0
10000000,SMALL,5,candidate,TANH_SMALL,tt_hyperbolic_small,DOUBLE,264,0,false,0,0,10000000,native,2,1.162254,0
10000000,SMALL,5,candidate,TANH_SMALL,tt_hyperbolic_small,DOUBLE,264,0,false,0,0,10000000,native,3,1.142013,0
10000000,SMALL,5,candidate,TANH_SMALL,tt_hyperbolic_small,DOUBLE,264,0,false,0,0,10000000,flink,3,1.276700,0
10000000,SMALL,5,candidate,TANH_SMALL,tt_hyperbolic_small,DOUBLE,264,0,false,0,0,10000000,flink,4,1.267622,0
10000000,SMALL,5,candidate,TANH_SMALL,tt_hyperbolic_small,DOUBLE,264,0,false,0,0,10000000,native,4,1.159025,0
10000000,RANGE,0,candidate,BASELINE_tt_hyperbolic_range,tt_hyperbolic_range,DOUBLE,264,0,false,7,0,10000000,flink,0,1.053677,0
10000000,RANGE,0,candidate,BASELINE_tt_hyperbolic_range,tt_hyperbolic_range,DOUBLE,264,0,false,7,0,10000000,native,0,1.174680,0
10000000,RANGE,0,candidate,BASELINE_tt_hyperbolic_range,tt_hyperbolic_range,DOUBLE,264,0,false,7,0,10000000,native,1,1.168205,0
10000000,RANGE,0,candidate,BASELINE_tt_hyperbolic_range,tt_hyperbolic_range,DOUBLE,264,0,false,7,0,10000000,flink,1,1.060552,0
10000000,RANGE,0,candidate,BASELINE_tt_hyperbolic_range,tt_hyperbolic_range,DOUBLE,264,0,false,7,0,10000000,flink,2,1.031051,0
10000000,RANGE,0,candidate,BASELINE_tt_hyperbolic_range,tt_hyperbolic_range,DOUBLE,264,0,false,7,0,10000000,native,2,1.159511,0
10000000,RANGE,0,candidate,BASELINE_tt_hyperbolic_range,tt_hyperbolic_range,DOUBLE,264,0,false,7,0,10000000,native,3,1.147679,0
10000000,RANGE,0,candidate,BASELINE_tt_hyperbolic_range,tt_hyperbolic_range,DOUBLE,264,0,false,7,0,10000000,flink,3,1.027010,0
10000000,RANGE,0,candidate,BASELINE_tt_hyperbolic_range,tt_hyperbolic_range,DOUBLE,264,0,false,7,0,10000000,flink,4,1.028391,0
10000000,RANGE,0,candidate,BASELINE_tt_hyperbolic_range,tt_hyperbolic_range,DOUBLE,264,0,false,7,0,10000000,native,4,1.161440,0
10000000,RANGE,0,candidate,COSH_RANGE,tt_hyperbolic_range,DOUBLE,264,0,false,7,0,10000000,flink,0,1.269010,0
10000000,RANGE,0,candidate,COSH_RANGE,tt_hyperbolic_range,DOUBLE,264,0,false,7,0,10000000,native,0,1.239528,0
10000000,RANGE,0,candidate,COSH_RANGE,tt_hyperbolic_range,DOUBLE,264,0,false,7,0,10000000,native,1,1.238603,0
10000000,RANGE,0,candidate,COSH_RANGE,tt_hyperbolic_range,DOUBLE,264,0,false,7,0,10000000,flink,1,1.253631,0
10000000,RANGE,0,candidate,COSH_RANGE,tt_hyperbolic_range,DOUBLE,264,0,false,7,0,10000000,flink,2,1.255359,0
10000000,RANGE,0,candidate,COSH_RANGE,tt_hyperbolic_range,DOUBLE,264,0,false,7,0,10000000,native,2,1.206355,0
10000000,RANGE,0,candidate,COSH_RANGE,tt_hyperbolic_range,DOUBLE,264,0,false,7,0,10000000,native,3,1.227594,0
10000000,RANGE,0,candidate,COSH_RANGE,tt_hyperbolic_range,DOUBLE,264,0,false,7,0,10000000,flink,3,1.261006,0
10000000,RANGE,0,candidate,COSH_RANGE,tt_hyperbolic_range,DOUBLE,264,0,false,7,0,10000000,flink,4,1.270020,0
10000000,RANGE,0,candidate,COSH_RANGE,tt_hyperbolic_range,DOUBLE,264,0,false,7,0,10000000,native,4,1.212439,0
10000000,RANGE,0,candidate,SINH_RANGE,tt_hyperbolic_range,DOUBLE,264,0,false,7,0,10000000,flink,0,1.306332,0
10000000,RANGE,0,candidate,SINH_RANGE,tt_hyperbolic_range,DOUBLE,264,0,false,7,0,10000000,native,0,1.241981,0
10000000,RANGE,0,candidate,SINH_RANGE,tt_hyperbolic_range,DOUBLE,264,0,false,7,0,10000000,native,1,1.242803,0
10000000,RANGE,0,candidate,SINH_RANGE,tt_hyperbolic_range,DOUBLE,264,0,false,7,0,10000000,flink,1,1.289201,0
10000000,RANGE,0,candidate,SINH_RANGE,tt_hyperbolic_range,DOUBLE,264,0,false,7,0,10000000,flink,2,1.321489,0
10000000,RANGE,0,candidate,SINH_RANGE,tt_hyperbolic_range,DOUBLE,264,0,false,7,0,10000000,native,2,1.252061,0
10000000,RANGE,0,candidate,SINH_RANGE,tt_hyperbolic_range,DOUBLE,264,0,false,7,0,10000000,native,3,1.233709,0
10000000,RANGE,0,candidate,SINH_RANGE,tt_hyperbolic_range,DOUBLE,264,0,false,7,0,10000000,flink,3,1.337581,0
10000000,RANGE,0,candidate,SINH_RANGE,tt_hyperbolic_range,DOUBLE,264,0,false,7,0,10000000,flink,4,1.319956,0
10000000,RANGE,0,candidate,SINH_RANGE,tt_hyperbolic_range,DOUBLE,264,0,false,7,0,10000000,native,4,1.239397,0
10000000,RANGE,0,candidate,TANH_RANGE,tt_hyperbolic_range,DOUBLE,264,0,false,7,0,10000000,flink,0,1.298960,0
10000000,RANGE,0,candidate,TANH_RANGE,tt_hyperbolic_range,DOUBLE,264,0,false,7,0,10000000,native,0,1.229343,0
10000000,RANGE,0,candidate,TANH_RANGE,tt_hyperbolic_range,DOUBLE,264,0,false,7,0,10000000,native,1,1.220380,0
10000000,RANGE,0,candidate,TANH_RANGE,tt_hyperbolic_range,DOUBLE,264,0,false,7,0,10000000,flink,1,1.283239,0
10000000,RANGE,0,candidate,TANH_RANGE,tt_hyperbolic_range,DOUBLE,264,0,false,7,0,10000000,flink,2,1.308555,0
10000000,RANGE,0,candidate,TANH_RANGE,tt_hyperbolic_range,DOUBLE,264,0,false,7,0,10000000,native,2,1.237326,0
10000000,RANGE,0,candidate,TANH_RANGE,tt_hyperbolic_range,DOUBLE,264,0,false,7,0,10000000,native,3,1.242695,0
10000000,RANGE,0,candidate,TANH_RANGE,tt_hyperbolic_range,DOUBLE,264,0,false,7,0,10000000,flink,3,1.281154,0
10000000,RANGE,0,candidate,TANH_RANGE,tt_hyperbolic_range,DOUBLE,264,0,false,7,0,10000000,flink,4,1.302369,0
10000000,RANGE,0,candidate,TANH_RANGE,tt_hyperbolic_range,DOUBLE,264,0,false,7,0,10000000,native,4,1.225504,0
10000000,RANGE,1,previous,BASELINE_tt_hyperbolic_range,tt_hyperbolic_range,DOUBLE,264,0,false,7,0,10000000,flink,0,1.051763,0
10000000,RANGE,1,previous,BASELINE_tt_hyperbolic_range,tt_hyperbolic_range,DOUBLE,264,0,false,7,0,10000000,native,0,1.172455,0
10000000,RANGE,1,previous,BASELINE_tt_hyperbolic_range,tt_hyperbolic_range,DOUBLE,264,0,false,7,0,10000000,native,1,1.157750,0
10000000,RANGE,1,previous,BASELINE_tt_hyperbolic_range,tt_hyperbolic_range,DOUBLE,264,0,false,7,0,10000000,flink,1,1.032982,0
10000000,RANGE,1,previous,BASELINE_tt_hyperbolic_range,tt_hyperbolic_range,DOUBLE,264,0,false,7,0,10000000,flink,2,1.051425,0
10000000,RANGE,1,previous,BASELINE_tt_hyperbolic_range,tt_hyperbolic_range,DOUBLE,264,0,false,7,0,10000000,native,2,1.153788,0
10000000,RANGE,1,previous,BASELINE_tt_hyperbolic_range,tt_hyperbolic_range,DOUBLE,264,0,false,7,0,10000000,native,3,1.170537,0
10000000,RANGE,1,previous,BASELINE_tt_hyperbolic_range,tt_hyperbolic_range,DOUBLE,264,0,false,7,0,10000000,flink,3,1.051151,0
10000000,RANGE,1,previous,BASELINE_tt_hyperbolic_range,tt_hyperbolic_range,DOUBLE,264,0,false,7,0,10000000,flink,4,1.039645,0
10000000,RANGE,1,previous,BASELINE_tt_hyperbolic_range,tt_hyperbolic_range,DOUBLE,264,0,false,7,0,10000000,native,4,1.164658,0
10000000,RANGE,1,previous,COSH_RANGE,tt_hyperbolic_range,DOUBLE,264,0,false,7,0,10000000,flink,0,1.283976,0
10000000,RANGE,1,previous,COSH_RANGE,tt_hyperbolic_range,DOUBLE,264,0,false,7,0,10000000,native,0,1.224186,0
10000000,RANGE,1,previous,COSH_RANGE,tt_hyperbolic_range,DOUBLE,264,0,false,7,0,10000000,native,1,1.223878,0
10000000,RANGE,1,previous,COSH_RANGE,tt_hyperbolic_range,DOUBLE,264,0,false,7,0,10000000,flink,1,1.288925,0
10000000,RANGE,1,previous,COSH_RANGE,tt_hyperbolic_range,DOUBLE,264,0,false,7,0,10000000,flink,2,1.295790,0
10000000,RANGE,1,previous,COSH_RANGE,tt_hyperbolic_range,DOUBLE,264,0,false,7,0,10000000,native,2,1.217088,0
10000000,RANGE,1,previous,COSH_RANGE,tt_hyperbolic_range,DOUBLE,264,0,false,7,0,10000000,native,3,1.222559,0
10000000,RANGE,1,previous,COSH_RANGE,tt_hyperbolic_range,DOUBLE,264,0,false,7,0,10000000,flink,3,1.284652,0
10000000,RANGE,1,previous,COSH_RANGE,tt_hyperbolic_range,DOUBLE,264,0,false,7,0,10000000,flink,4,1.310548,0
10000000,RANGE,1,previous,COSH_RANGE,tt_hyperbolic_range,DOUBLE,264,0,false,7,0,10000000,native,4,1.216887,0
10000000,RANGE,1,previous,SINH_RANGE,tt_hyperbolic_range,DOUBLE,264,0,false,7,0,10000000,flink,0,1.292186,0
10000000,RANGE,1,previous,SINH_RANGE,tt_hyperbolic_range,DOUBLE,264,0,false,7,0,10000000,native,0,1.230796,0
10000000,RANGE,1,previous,SINH_RANGE,tt_hyperbolic_range,DOUBLE,264,0,false,7,0,10000000,native,1,1.241164,0
10000000,RANGE,1,previous,SINH_RANGE,tt_hyperbolic_range,DOUBLE,264,0,false,7,0,10000000,flink,1,1.302395,0
10000000,RANGE,1,previous,SINH_RANGE,tt_hyperbolic_range,DOUBLE,264,0,false,7,0,10000000,flink,2,1.316775,0
10000000,RANGE,1,previous,SINH_RANGE,tt_hyperbolic_range,DOUBLE,264,0,false,7,0,10000000,native,2,1.236209,0
10000000,RANGE,1,previous,SINH_RANGE,tt_hyperbolic_range,DOUBLE,264,0,false,7,0,10000000,native,3,1.239889,0
10000000,RANGE,1,previous,SINH_RANGE,tt_hyperbolic_range,DOUBLE,264,0,false,7,0,10000000,flink,3,1.326798,0
10000000,RANGE,1,previous,SINH_RANGE,tt_hyperbolic_range,DOUBLE,264,0,false,7,0,10000000,flink,4,1.293780,0
10000000,RANGE,1,previous,SINH_RANGE,tt_hyperbolic_range,DOUBLE,264,0,false,7,0,10000000,native,4,1.231433,0
10000000,RANGE,1,previous,TANH_RANGE,tt_hyperbolic_range,DOUBLE,264,0,false,7,0,10000000,flink,0,1.320730,0
10000000,RANGE,1,previous,TANH_RANGE,tt_hyperbolic_range,DOUBLE,264,0,false,7,0,10000000,native,0,1.223660,0
10000000,RANGE,1,previous,TANH_RANGE,tt_hyperbolic_range,DOUBLE,264,0,false,7,0,10000000,native,1,1.231424,0
10000000,RANGE,1,previous,TANH_RANGE,tt_hyperbolic_range,DOUBLE,264,0,false,7,0,10000000,flink,1,1.320179,0
10000000,RANGE,1,previous,TANH_RANGE,tt_hyperbolic_range,DOUBLE,264,0,false,7,0,10000000,flink,2,1.307918,0
10000000,RANGE,1,previous,TANH_RANGE,tt_hyperbolic_range,DOUBLE,264,0,false,7,0,10000000,native,2,1.243295,0
10000000,RANGE,1,previous,TANH_RANGE,tt_hyperbolic_range,DOUBLE,264,0,false,7,0,10000000,native,3,1.226207,0
10000000,RANGE,1,previous,TANH_RANGE,tt_hyperbolic_range,DOUBLE,264,0,false,7,0,10000000,flink,3,1.348758,0
10000000,RANGE,1,previous,TANH_RANGE,tt_hyperbolic_range,DOUBLE,264,0,false,7,0,10000000,flink,4,1.306588,0
10000000,RANGE,1,previous,TANH_RANGE,tt_hyperbolic_range,DOUBLE,264,0,false,7,0,10000000,native,4,1.216050,0
10000000,RANGE,2,original,BASELINE_tt_hyperbolic_range,tt_hyperbolic_range,DOUBLE,264,0,false,7,0,10000000,flink,0,1.060256,0
10000000,RANGE,2,original,BASELINE_tt_hyperbolic_range,tt_hyperbolic_range,DOUBLE,264,0,false,7,0,10000000,native,0,1.182917,0
10000000,RANGE,2,original,BASELINE_tt_hyperbolic_range,tt_hyperbolic_range,DOUBLE,264,0,false,7,0,10000000,native,1,1.205122,0
10000000,RANGE,2,original,BASELINE_tt_hyperbolic_range,tt_hyperbolic_range,DOUBLE,264,0,false,7,0,10000000,flink,1,1.031906,0
10000000,RANGE,2,original,BASELINE_tt_hyperbolic_range,tt_hyperbolic_range,DOUBLE,264,0,false,7,0,10000000,flink,2,1.060794,0
10000000,RANGE,2,original,BASELINE_tt_hyperbolic_range,tt_hyperbolic_range,DOUBLE,264,0,false,7,0,10000000,native,2,1.150013,0
10000000,RANGE,2,original,BASELINE_tt_hyperbolic_range,tt_hyperbolic_range,DOUBLE,264,0,false,7,0,10000000,native,3,1.148375,0
10000000,RANGE,2,original,BASELINE_tt_hyperbolic_range,tt_hyperbolic_range,DOUBLE,264,0,false,7,0,10000000,flink,3,1.048535,0
10000000,RANGE,2,original,BASELINE_tt_hyperbolic_range,tt_hyperbolic_range,DOUBLE,264,0,false,7,0,10000000,flink,4,1.022566,0
10000000,RANGE,2,original,BASELINE_tt_hyperbolic_range,tt_hyperbolic_range,DOUBLE,264,0,false,7,0,10000000,native,4,1.160190,0
10000000,RANGE,2,original,COSH_RANGE,tt_hyperbolic_range,DOUBLE,264,0,false,7,0,10000000,flink,0,1.266970,0
10000000,RANGE,2,original,COSH_RANGE,tt_hyperbolic_range,DOUBLE,264,0,false,7,0,10000000,native,0,1.290727,0
10000000,RANGE,2,original,COSH_RANGE,tt_hyperbolic_range,DOUBLE,264,0,false,7,0,10000000,native,1,1.264189,0
10000000,RANGE,2,original,COSH_RANGE,tt_hyperbolic_range,DOUBLE,264,0,false,7,0,10000000,flink,1,1.281167,0
10000000,RANGE,2,original,COSH_RANGE,tt_hyperbolic_range,DOUBLE,264,0,false,7,0,10000000,flink,2,1.294683,0
10000000,RANGE,2,original,COSH_RANGE,tt_hyperbolic_range,DOUBLE,264,0,false,7,0,10000000,native,2,1.267147,0
10000000,RANGE,2,original,COSH_RANGE,tt_hyperbolic_range,DOUBLE,264,0,false,7,0,10000000,native,3,1.286296,0
10000000,RANGE,2,original,COSH_RANGE,tt_hyperbolic_range,DOUBLE,264,0,false,7,0,10000000,flink,3,1.256824,0
10000000,RANGE,2,original,COSH_RANGE,tt_hyperbolic_range,DOUBLE,264,0,false,7,0,10000000,flink,4,1.286081,0
10000000,RANGE,2,original,COSH_RANGE,tt_hyperbolic_range,DOUBLE,264,0,false,7,0,10000000,native,4,1.290619,0
10000000,RANGE,2,original,SINH_RANGE,tt_hyperbolic_range,DOUBLE,264,0,false,7,0,10000000,flink,0,1.300467,0
10000000,RANGE,2,original,SINH_RANGE,tt_hyperbolic_range,DOUBLE,264,0,false,7,0,10000000,native,0,1.311670,0
10000000,RANGE,2,original,SINH_RANGE,tt_hyperbolic_range,DOUBLE,264,0,false,7,0,10000000,native,1,1.296920,0
10000000,RANGE,2,original,SINH_RANGE,tt_hyperbolic_range,DOUBLE,264,0,false,7,0,10000000,flink,1,1.284692,0
10000000,RANGE,2,original,SINH_RANGE,tt_hyperbolic_range,DOUBLE,264,0,false,7,0,10000000,flink,2,1.289543,0
10000000,RANGE,2,original,SINH_RANGE,tt_hyperbolic_range,DOUBLE,264,0,false,7,0,10000000,native,2,1.285408,0
10000000,RANGE,2,original,SINH_RANGE,tt_hyperbolic_range,DOUBLE,264,0,false,7,0,10000000,native,3,1.289957,0
10000000,RANGE,2,original,SINH_RANGE,tt_hyperbolic_range,DOUBLE,264,0,false,7,0,10000000,flink,3,1.275403,0
10000000,RANGE,2,original,SINH_RANGE,tt_hyperbolic_range,DOUBLE,264,0,false,7,0,10000000,flink,4,1.283939,0
10000000,RANGE,2,original,SINH_RANGE,tt_hyperbolic_range,DOUBLE,264,0,false,7,0,10000000,native,4,1.311330,0
10000000,RANGE,2,original,TANH_RANGE,tt_hyperbolic_range,DOUBLE,264,0,false,7,0,10000000,flink,0,1.297887,0
10000000,RANGE,2,original,TANH_RANGE,tt_hyperbolic_range,DOUBLE,264,0,false,7,0,10000000,native,0,1.291491,0
10000000,RANGE,2,original,TANH_RANGE,tt_hyperbolic_range,DOUBLE,264,0,false,7,0,10000000,native,1,1.298790,0
10000000,RANGE,2,original,TANH_RANGE,tt_hyperbolic_range,DOUBLE,264,0,false,7,0,10000000,flink,1,1.306757,0
10000000,RANGE,2,original,TANH_RANGE,tt_hyperbolic_range,DOUBLE,264,0,false,7,0,10000000,flink,2,1.299405,0
10000000,RANGE,2,original,TANH_RANGE,tt_hyperbolic_range,DOUBLE,264,0,false,7,0,10000000,native,2,1.285699,0
10000000,RANGE,2,original,TANH_RANGE,tt_hyperbolic_range,DOUBLE,264,0,false,7,0,10000000,native,3,1.289526,0
10000000,RANGE,2,original,TANH_RANGE,tt_hyperbolic_range,DOUBLE,264,0,false,7,0,10000000,flink,3,1.279784,0
10000000,RANGE,2,original,TANH_RANGE,tt_hyperbolic_range,DOUBLE,264,0,false,7,0,10000000,flink,4,1.276495,0
10000000,RANGE,2,original,TANH_RANGE,tt_hyperbolic_range,DOUBLE,264,0,false,7,0,10000000,native,4,1.279092,0
10000000,RANGE,3,original,BASELINE_tt_hyperbolic_range,tt_hyperbolic_range,DOUBLE,264,0,false,7,0,10000000,flink,0,1.065440,0
10000000,RANGE,3,original,BASELINE_tt_hyperbolic_range,tt_hyperbolic_range,DOUBLE,264,0,false,7,0,10000000,native,0,1.153914,0
10000000,RANGE,3,original,BASELINE_tt_hyperbolic_range,tt_hyperbolic_range,DOUBLE,264,0,false,7,0,10000000,native,1,1.155596,0
10000000,RANGE,3,original,BASELINE_tt_hyperbolic_range,tt_hyperbolic_range,DOUBLE,264,0,false,7,0,10000000,flink,1,1.085910,0
10000000,RANGE,3,original,BASELINE_tt_hyperbolic_range,tt_hyperbolic_range,DOUBLE,264,0,false,7,0,10000000,flink,2,1.035438,0
10000000,RANGE,3,original,BASELINE_tt_hyperbolic_range,tt_hyperbolic_range,DOUBLE,264,0,false,7,0,10000000,native,2,1.141511,0
10000000,RANGE,3,original,BASELINE_tt_hyperbolic_range,tt_hyperbolic_range,DOUBLE,264,0,false,7,0,10000000,native,3,1.149670,0
10000000,RANGE,3,original,BASELINE_tt_hyperbolic_range,tt_hyperbolic_range,DOUBLE,264,0,false,7,0,10000000,flink,3,1.047576,0
10000000,RANGE,3,original,BASELINE_tt_hyperbolic_range,tt_hyperbolic_range,DOUBLE,264,0,false,7,0,10000000,flink,4,1.030781,0
10000000,RANGE,3,original,BASELINE_tt_hyperbolic_range,tt_hyperbolic_range,DOUBLE,264,0,false,7,0,10000000,native,4,1.112094,0
10000000,RANGE,3,original,COSH_RANGE,tt_hyperbolic_range,DOUBLE,264,0,false,7,0,10000000,flink,0,1.250846,0
10000000,RANGE,3,original,COSH_RANGE,tt_hyperbolic_range,DOUBLE,264,0,false,7,0,10000000,native,0,1.262946,0
10000000,RANGE,3,original,COSH_RANGE,tt_hyperbolic_range,DOUBLE,264,0,false,7,0,10000000,native,1,1.288729,0
10000000,RANGE,3,original,COSH_RANGE,tt_hyperbolic_range,DOUBLE,264,0,false,7,0,10000000,flink,1,1.290065,0
10000000,RANGE,3,original,COSH_RANGE,tt_hyperbolic_range,DOUBLE,264,0,false,7,0,10000000,flink,2,1.261081,0
10000000,RANGE,3,original,COSH_RANGE,tt_hyperbolic_range,DOUBLE,264,0,false,7,0,10000000,native,2,1.284070,0
10000000,RANGE,3,original,COSH_RANGE,tt_hyperbolic_range,DOUBLE,264,0,false,7,0,10000000,native,3,1.311347,0
10000000,RANGE,3,original,COSH_RANGE,tt_hyperbolic_range,DOUBLE,264,0,false,7,0,10000000,flink,3,1.400675,0
10000000,RANGE,3,original,COSH_RANGE,tt_hyperbolic_range,DOUBLE,264,0,false,7,0,10000000,flink,4,1.280229,0
10000000,RANGE,3,original,COSH_RANGE,tt_hyperbolic_range,DOUBLE,264,0,false,7,0,10000000,native,4,1.299332,0
10000000,RANGE,3,original,SINH_RANGE,tt_hyperbolic_range,DOUBLE,264,0,false,7,0,10000000,flink,0,1.316419,0
10000000,RANGE,3,original,SINH_RANGE,tt_hyperbolic_range,DOUBLE,264,0,false,7,0,10000000,native,0,1.328093,0
10000000,RANGE,3,original,SINH_RANGE,tt_hyperbolic_range,DOUBLE,264,0,false,7,0,10000000,native,1,1.304803,0
10000000,RANGE,3,original,SINH_RANGE,tt_hyperbolic_range,DOUBLE,264,0,false,7,0,10000000,flink,1,1.318986,0
10000000,RANGE,3,original,SINH_RANGE,tt_hyperbolic_range,DOUBLE,264,0,false,7,0,10000000,flink,2,1.305179,0
10000000,RANGE,3,original,SINH_RANGE,tt_hyperbolic_range,DOUBLE,264,0,false,7,0,10000000,native,2,1.297043,0
10000000,RANGE,3,original,SINH_RANGE,tt_hyperbolic_range,DOUBLE,264,0,false,7,0,10000000,native,3,1.302749,0
10000000,RANGE,3,original,SINH_RANGE,tt_hyperbolic_range,DOUBLE,264,0,false,7,0,10000000,flink,3,1.294306,0
10000000,RANGE,3,original,SINH_RANGE,tt_hyperbolic_range,DOUBLE,264,0,false,7,0,10000000,flink,4,1.335667,0
10000000,RANGE,3,original,SINH_RANGE,tt_hyperbolic_range,DOUBLE,264,0,false,7,0,10000000,native,4,1.314279,0
10000000,RANGE,3,original,TANH_RANGE,tt_hyperbolic_range,DOUBLE,264,0,false,7,0,10000000,flink,0,1.287616,0
10000000,RANGE,3,original,TANH_RANGE,tt_hyperbolic_range,DOUBLE,264,0,false,7,0,10000000,native,0,1.313755,0
10000000,RANGE,3,original,TANH_RANGE,tt_hyperbolic_range,DOUBLE,264,0,false,7,0,10000000,native,1,1.317961,0
10000000,RANGE,3,original,TANH_RANGE,tt_hyperbolic_range,DOUBLE,264,0,false,7,0,10000000,flink,1,1.315567,0
10000000,RANGE,3,original,TANH_RANGE,tt_hyperbolic_range,DOUBLE,264,0,false,7,0,10000000,flink,2,1.310508,0
10000000,RANGE,3,original,TANH_RANGE,tt_hyperbolic_range,DOUBLE,264,0,false,7,0,10000000,native,2,1.305360,0
10000000,RANGE,3,original,TANH_RANGE,tt_hyperbolic_range,DOUBLE,264,0,false,7,0,10000000,native,3,1.301763,0
10000000,RANGE,3,original,TANH_RANGE,tt_hyperbolic_range,DOUBLE,264,0,false,7,0,10000000,flink,3,1.284094,0
10000000,RANGE,3,original,TANH_RANGE,tt_hyperbolic_range,DOUBLE,264,0,false,7,0,10000000,flink,4,1.297659,0
10000000,RANGE,3,original,TANH_RANGE,tt_hyperbolic_range,DOUBLE,264,0,false,7,0,10000000,native,4,1.357993,0
10000000,RANGE,4,previous,BASELINE_tt_hyperbolic_range,tt_hyperbolic_range,DOUBLE,264,0,false,7,0,10000000,flink,0,1.076424,0
10000000,RANGE,4,previous,BASELINE_tt_hyperbolic_range,tt_hyperbolic_range,DOUBLE,264,0,false,7,0,10000000,native,0,1.150200,0
10000000,RANGE,4,previous,BASELINE_tt_hyperbolic_range,tt_hyperbolic_range,DOUBLE,264,0,false,7,0,10000000,native,1,1.142536,0
10000000,RANGE,4,previous,BASELINE_tt_hyperbolic_range,tt_hyperbolic_range,DOUBLE,264,0,false,7,0,10000000,flink,1,1.069022,0
10000000,RANGE,4,previous,BASELINE_tt_hyperbolic_range,tt_hyperbolic_range,DOUBLE,264,0,false,7,0,10000000,flink,2,1.073554,0
10000000,RANGE,4,previous,BASELINE_tt_hyperbolic_range,tt_hyperbolic_range,DOUBLE,264,0,false,7,0,10000000,native,2,1.108155,0
10000000,RANGE,4,previous,BASELINE_tt_hyperbolic_range,tt_hyperbolic_range,DOUBLE,264,0,false,7,0,10000000,native,3,1.141902,0
10000000,RANGE,4,previous,BASELINE_tt_hyperbolic_range,tt_hyperbolic_range,DOUBLE,264,0,false,7,0,10000000,flink,3,1.067081,0
10000000,RANGE,4,previous,BASELINE_tt_hyperbolic_range,tt_hyperbolic_range,DOUBLE,264,0,false,7,0,10000000,flink,4,1.093420,0
10000000,RANGE,4,previous,BASELINE_tt_hyperbolic_range,tt_hyperbolic_range,DOUBLE,264,0,false,7,0,10000000,native,4,1.153103,0
10000000,RANGE,4,previous,COSH_RANGE,tt_hyperbolic_range,DOUBLE,264,0,false,7,0,10000000,flink,0,1.290480,0
10000000,RANGE,4,previous,COSH_RANGE,tt_hyperbolic_range,DOUBLE,264,0,false,7,0,10000000,native,0,1.202797,0
10000000,RANGE,4,previous,COSH_RANGE,tt_hyperbolic_range,DOUBLE,264,0,false,7,0,10000000,native,1,1.201948,0
10000000,RANGE,4,previous,COSH_RANGE,tt_hyperbolic_range,DOUBLE,264,0,false,7,0,10000000,flink,1,1.308250,0
10000000,RANGE,4,previous,COSH_RANGE,tt_hyperbolic_range,DOUBLE,264,0,false,7,0,10000000,flink,2,1.279399,0
10000000,RANGE,4,previous,COSH_RANGE,tt_hyperbolic_range,DOUBLE,264,0,false,7,0,10000000,native,2,1.196684,0
10000000,RANGE,4,previous,COSH_RANGE,tt_hyperbolic_range,DOUBLE,264,0,false,7,0,10000000,native,3,1.210337,0
10000000,RANGE,4,previous,COSH_RANGE,tt_hyperbolic_range,DOUBLE,264,0,false,7,0,10000000,flink,3,1.282399,0
10000000,RANGE,4,previous,COSH_RANGE,tt_hyperbolic_range,DOUBLE,264,0,false,7,0,10000000,flink,4,1.290198,0
10000000,RANGE,4,previous,COSH_RANGE,tt_hyperbolic_range,DOUBLE,264,0,false,7,0,10000000,native,4,1.198108,0
10000000,RANGE,4,previous,SINH_RANGE,tt_hyperbolic_range,DOUBLE,264,0,false,7,0,10000000,flink,0,1.317966,0
10000000,RANGE,4,previous,SINH_RANGE,tt_hyperbolic_range,DOUBLE,264,0,false,7,0,10000000,native,0,1.185519,0
10000000,RANGE,4,previous,SINH_RANGE,tt_hyperbolic_range,DOUBLE,264,0,false,7,0,10000000,native,1,1.208949,0
10000000,RANGE,4,previous,SINH_RANGE,tt_hyperbolic_range,DOUBLE,264,0,false,7,0,10000000,flink,1,1.349183,0
10000000,RANGE,4,previous,SINH_RANGE,tt_hyperbolic_range,DOUBLE,264,0,false,7,0,10000000,flink,2,1.289905,0
10000000,RANGE,4,previous,SINH_RANGE,tt_hyperbolic_range,DOUBLE,264,0,false,7,0,10000000,native,2,1.217571,0
10000000,RANGE,4,previous,SINH_RANGE,tt_hyperbolic_range,DOUBLE,264,0,false,7,0,10000000,native,3,1.205446,0
10000000,RANGE,4,previous,SINH_RANGE,tt_hyperbolic_range,DOUBLE,264,0,false,7,0,10000000,flink,3,1.313375,0
10000000,RANGE,4,previous,SINH_RANGE,tt_hyperbolic_range,DOUBLE,264,0,false,7,0,10000000,flink,4,1.312872,0
10000000,RANGE,4,previous,SINH_RANGE,tt_hyperbolic_range,DOUBLE,264,0,false,7,0,10000000,native,4,1.238770,0
10000000,RANGE,4,previous,TANH_RANGE,tt_hyperbolic_range,DOUBLE,264,0,false,7,0,10000000,flink,0,1.317086,0
10000000,RANGE,4,previous,TANH_RANGE,tt_hyperbolic_range,DOUBLE,264,0,false,7,0,10000000,native,0,1.237298,0
10000000,RANGE,4,previous,TANH_RANGE,tt_hyperbolic_range,DOUBLE,264,0,false,7,0,10000000,native,1,1.222562,0
10000000,RANGE,4,previous,TANH_RANGE,tt_hyperbolic_range,DOUBLE,264,0,false,7,0,10000000,flink,1,1.323479,0
10000000,RANGE,4,previous,TANH_RANGE,tt_hyperbolic_range,DOUBLE,264,0,false,7,0,10000000,flink,2,1.334095,0
10000000,RANGE,4,previous,TANH_RANGE,tt_hyperbolic_range,DOUBLE,264,0,false,7,0,10000000,native,2,1.237935,0
10000000,RANGE,4,previous,TANH_RANGE,tt_hyperbolic_range,DOUBLE,264,0,false,7,0,10000000,native,3,1.185839,0
10000000,RANGE,4,previous,TANH_RANGE,tt_hyperbolic_range,DOUBLE,264,0,false,7,0,10000000,flink,3,1.293474,0
10000000,RANGE,4,previous,TANH_RANGE,tt_hyperbolic_range,DOUBLE,264,0,false,7,0,10000000,flink,4,1.302595,0
10000000,RANGE,4,previous,TANH_RANGE,tt_hyperbolic_range,DOUBLE,264,0,false,7,0,10000000,native,4,1.210244,0
10000000,RANGE,5,candidate,BASELINE_tt_hyperbolic_range,tt_hyperbolic_range,DOUBLE,264,0,false,7,0,10000000,flink,0,1.065954,0
10000000,RANGE,5,candidate,BASELINE_tt_hyperbolic_range,tt_hyperbolic_range,DOUBLE,264,0,false,7,0,10000000,native,0,1.154515,0
10000000,RANGE,5,candidate,BASELINE_tt_hyperbolic_range,tt_hyperbolic_range,DOUBLE,264,0,false,7,0,10000000,native,1,1.129793,0
10000000,RANGE,5,candidate,BASELINE_tt_hyperbolic_range,tt_hyperbolic_range,DOUBLE,264,0,false,7,0,10000000,flink,1,1.035455,0
10000000,RANGE,5,candidate,BASELINE_tt_hyperbolic_range,tt_hyperbolic_range,DOUBLE,264,0,false,7,0,10000000,flink,2,1.051261,0
10000000,RANGE,5,candidate,BASELINE_tt_hyperbolic_range,tt_hyperbolic_range,DOUBLE,264,0,false,7,0,10000000,native,2,1.137132,0
10000000,RANGE,5,candidate,BASELINE_tt_hyperbolic_range,tt_hyperbolic_range,DOUBLE,264,0,false,7,0,10000000,native,3,1.159766,0
10000000,RANGE,5,candidate,BASELINE_tt_hyperbolic_range,tt_hyperbolic_range,DOUBLE,264,0,false,7,0,10000000,flink,3,1.073731,0
10000000,RANGE,5,candidate,BASELINE_tt_hyperbolic_range,tt_hyperbolic_range,DOUBLE,264,0,false,7,0,10000000,flink,4,1.037466,0
10000000,RANGE,5,candidate,BASELINE_tt_hyperbolic_range,tt_hyperbolic_range,DOUBLE,264,0,false,7,0,10000000,native,4,1.137267,0
10000000,RANGE,5,candidate,COSH_RANGE,tt_hyperbolic_range,DOUBLE,264,0,false,7,0,10000000,flink,0,1.284399,0
10000000,RANGE,5,candidate,COSH_RANGE,tt_hyperbolic_range,DOUBLE,264,0,false,7,0,10000000,native,0,1.209246,0
10000000,RANGE,5,candidate,COSH_RANGE,tt_hyperbolic_range,DOUBLE,264,0,false,7,0,10000000,native,1,1.209586,0
10000000,RANGE,5,candidate,COSH_RANGE,tt_hyperbolic_range,DOUBLE,264,0,false,7,0,10000000,flink,1,1.280252,0
10000000,RANGE,5,candidate,COSH_RANGE,tt_hyperbolic_range,DOUBLE,264,0,false,7,0,10000000,flink,2,1.290115,0
10000000,RANGE,5,candidate,COSH_RANGE,tt_hyperbolic_range,DOUBLE,264,0,false,7,0,10000000,native,2,1.217257,0
10000000,RANGE,5,candidate,COSH_RANGE,tt_hyperbolic_range,DOUBLE,264,0,false,7,0,10000000,native,3,1.223191,0
10000000,RANGE,5,candidate,COSH_RANGE,tt_hyperbolic_range,DOUBLE,264,0,false,7,0,10000000,flink,3,1.277370,0
10000000,RANGE,5,candidate,COSH_RANGE,tt_hyperbolic_range,DOUBLE,264,0,false,7,0,10000000,flink,4,1.281493,0
10000000,RANGE,5,candidate,COSH_RANGE,tt_hyperbolic_range,DOUBLE,264,0,false,7,0,10000000,native,4,1.179310,0
10000000,RANGE,5,candidate,SINH_RANGE,tt_hyperbolic_range,DOUBLE,264,0,false,7,0,10000000,flink,0,1.299761,0
10000000,RANGE,5,candidate,SINH_RANGE,tt_hyperbolic_range,DOUBLE,264,0,false,7,0,10000000,native,0,1.215819,0
10000000,RANGE,5,candidate,SINH_RANGE,tt_hyperbolic_range,DOUBLE,264,0,false,7,0,10000000,native,1,1.209998,0
10000000,RANGE,5,candidate,SINH_RANGE,tt_hyperbolic_range,DOUBLE,264,0,false,7,0,10000000,flink,1,1.321117,0
10000000,RANGE,5,candidate,SINH_RANGE,tt_hyperbolic_range,DOUBLE,264,0,false,7,0,10000000,flink,2,1.304438,0
10000000,RANGE,5,candidate,SINH_RANGE,tt_hyperbolic_range,DOUBLE,264,0,false,7,0,10000000,native,2,1.196848,0
10000000,RANGE,5,candidate,SINH_RANGE,tt_hyperbolic_range,DOUBLE,264,0,false,7,0,10000000,native,3,1.234376,0
10000000,RANGE,5,candidate,SINH_RANGE,tt_hyperbolic_range,DOUBLE,264,0,false,7,0,10000000,flink,3,1.318421,0
10000000,RANGE,5,candidate,SINH_RANGE,tt_hyperbolic_range,DOUBLE,264,0,false,7,0,10000000,flink,4,1.310353,0
10000000,RANGE,5,candidate,SINH_RANGE,tt_hyperbolic_range,DOUBLE,264,0,false,7,0,10000000,native,4,1.229051,0
10000000,RANGE,5,candidate,TANH_RANGE,tt_hyperbolic_range,DOUBLE,264,0,false,7,0,10000000,flink,0,1.292046,0
10000000,RANGE,5,candidate,TANH_RANGE,tt_hyperbolic_range,DOUBLE,264,0,false,7,0,10000000,native,0,1.238678,0
10000000,RANGE,5,candidate,TANH_RANGE,tt_hyperbolic_range,DOUBLE,264,0,false,7,0,10000000,native,1,1.208748,0
10000000,RANGE,5,candidate,TANH_RANGE,tt_hyperbolic_range,DOUBLE,264,0,false,7,0,10000000,flink,1,1.310034,0
10000000,RANGE,5,candidate,TANH_RANGE,tt_hyperbolic_range,DOUBLE,264,0,false,7,0,10000000,flink,2,1.285259,0
10000000,RANGE,5,candidate,TANH_RANGE,tt_hyperbolic_range,DOUBLE,264,0,false,7,0,10000000,native,2,1.206616,0
10000000,RANGE,5,candidate,TANH_RANGE,tt_hyperbolic_range,DOUBLE,264,0,false,7,0,10000000,native,3,1.226187,0
10000000,RANGE,5,candidate,TANH_RANGE,tt_hyperbolic_range,DOUBLE,264,0,false,7,0,10000000,flink,3,1.275177,0
10000000,RANGE,5,candidate,TANH_RANGE,tt_hyperbolic_range,DOUBLE,264,0,false,7,0,10000000,flink,4,1.306958,0
10000000,RANGE,5,candidate,TANH_RANGE,tt_hyperbolic_range,DOUBLE,264,0,false,7,0,10000000,native,4,1.201650,0
