config_rows,distribution,round,variant,function,input,output_type,payload_bytes,json_fields,unicode,null_every,scale_null_every,rows,engine,trial,seconds,binary_width
10000000,TINYINT,0,candidate,BASELINE_tt_hyperbolic_tinyint,tt_hyperbolic_tinyint,TINYINT,264,0,false,0,0,10000000,flink,0,0.757414,0
10000000,TINYINT,0,candidate,BASELINE_tt_hyperbolic_tinyint,tt_hyperbolic_tinyint,TINYINT,264,0,false,0,0,10000000,native,0,0.977686,0
10000000,TINYINT,0,candidate,BASELINE_tt_hyperbolic_tinyint,tt_hyperbolic_tinyint,TINYINT,264,0,false,0,0,10000000,native,1,0.974017,0
10000000,TINYINT,0,candidate,BASELINE_tt_hyperbolic_tinyint,tt_hyperbolic_tinyint,TINYINT,264,0,false,0,0,10000000,flink,1,0.779080,0
10000000,TINYINT,0,candidate,BASELINE_tt_hyperbolic_tinyint,tt_hyperbolic_tinyint,TINYINT,264,0,false,0,0,10000000,flink,2,0.781795,0
10000000,TINYINT,0,candidate,BASELINE_tt_hyperbolic_tinyint,tt_hyperbolic_tinyint,TINYINT,264,0,false,0,0,10000000,native,2,0.969022,0
10000000,TINYINT,0,candidate,BASELINE_tt_hyperbolic_tinyint,tt_hyperbolic_tinyint,TINYINT,264,0,false,0,0,10000000,native,3,0.955390,0
10000000,TINYINT,0,candidate,BASELINE_tt_hyperbolic_tinyint,tt_hyperbolic_tinyint,TINYINT,264,0,false,0,0,10000000,flink,3,0.779110,0
10000000,TINYINT,0,candidate,BASELINE_tt_hyperbolic_tinyint,tt_hyperbolic_tinyint,TINYINT,264,0,false,0,0,10000000,flink,4,0.777693,0
10000000,TINYINT,0,candidate,BASELINE_tt_hyperbolic_tinyint,tt_hyperbolic_tinyint,TINYINT,264,0,false,0,0,10000000,native,4,0.953160,0
10000000,TINYINT,0,candidate,COSH_TINYINT,tt_hyperbolic_tinyint,DOUBLE,264,0,false,0,0,10000000,flink,0,1.071890,0
10000000,TINYINT,0,candidate,COSH_TINYINT,tt_hyperbolic_tinyint,DOUBLE,264,0,false,0,0,10000000,native,0,1.066708,0
10000000,TINYINT,0,candidate,COSH_TINYINT,tt_hyperbolic_tinyint,DOUBLE,264,0,false,0,0,10000000,native,1,1.073188,0
10000000,TINYINT,0,candidate,COSH_TINYINT,tt_hyperbolic_tinyint,DOUBLE,264,0,false,0,0,10000000,flink,1,1.114421,0
10000000,TINYINT,0,candidate,COSH_TINYINT,tt_hyperbolic_tinyint,DOUBLE,264,0,false,0,0,10000000,flink,2,1.103932,0
10000000,TINYINT,0,candidate,COSH_TINYINT,tt_hyperbolic_tinyint,DOUBLE,264,0,false,0,0,10000000,native,2,1.071755,0
10000000,TINYINT,0,candidate,COSH_TINYINT,tt_hyperbolic_tinyint,DOUBLE,264,0,false,0,0,10000000,native,3,1.055233,0
10000000,TINYINT,0,candidate,COSH_TINYINT,tt_hyperbolic_tinyint,DOUBLE,264,0,false,0,0,10000000,flink,3,1.072444,0
10000000,TINYINT,0,candidate,COSH_TINYINT,tt_hyperbolic_tinyint,DOUBLE,264,0,false,0,0,10000000,flink,4,1.097718,0
10000000,TINYINT,0,candidate,COSH_TINYINT,tt_hyperbolic_tinyint,DOUBLE,264,0,false,0,0,10000000,native,4,1.067678,0
10000000,TINYINT,0,candidate,SINH_TINYINT,tt_hyperbolic_tinyint,DOUBLE,264,0,false,0,0,10000000,flink,0,1.098616,0
10000000,TINYINT,0,candidate,SINH_TINYINT,tt_hyperbolic_tinyint,DOUBLE,264,0,false,0,0,10000000,native,0,1.072163,0
10000000,TINYINT,0,candidate,SINH_TINYINT,tt_hyperbolic_tinyint,DOUBLE,264,0,false,0,0,10000000,native,1,1.071807,0
10000000,TINYINT,0,candidate,SINH_TINYINT,tt_hyperbolic_tinyint,DOUBLE,264,0,false,0,0,10000000,flink,1,1.095603,0
10000000,TINYINT,0,candidate,SINH_TINYINT,tt_hyperbolic_tinyint,DOUBLE,264,0,false,0,0,10000000,flink,2,1.102483,0
10000000,TINYINT,0,candidate,SINH_TINYINT,tt_hyperbolic_tinyint,DOUBLE,264,0,false,0,0,10000000,native,2,1.072597,0
10000000,TINYINT,0,candidate,SINH_TINYINT,tt_hyperbolic_tinyint,DOUBLE,264,0,false,0,0,10000000,native,3,1.061156,0
10000000,TINYINT,0,candidate,SINH_TINYINT,tt_hyperbolic_tinyint,DOUBLE,264,0,false,0,0,10000000,flink,3,1.113378,0
10000000,TINYINT,0,candidate,SINH_TINYINT,tt_hyperbolic_tinyint,DOUBLE,264,0,false,0,0,10000000,flink,4,1.101110,0
10000000,TINYINT,0,candidate,SINH_TINYINT,tt_hyperbolic_tinyint,DOUBLE,264,0,false,0,0,10000000,native,4,1.063168,0
10000000,TINYINT,0,candidate,TANH_TINYINT,tt_hyperbolic_tinyint,DOUBLE,264,0,false,0,0,10000000,flink,0,0.968115,0
10000000,TINYINT,0,candidate,TANH_TINYINT,tt_hyperbolic_tinyint,DOUBLE,264,0,false,0,0,10000000,native,0,1.038867,0
10000000,TINYINT,0,candidate,TANH_TINYINT,tt_hyperbolic_tinyint,DOUBLE,264,0,false,0,0,10000000,native,1,1.042424,0
10000000,TINYINT,0,candidate,TANH_TINYINT,tt_hyperbolic_tinyint,DOUBLE,264,0,false,0,0,10000000,flink,1,0.973450,0
10000000,TINYINT,0,candidate,TANH_TINYINT,tt_hyperbolic_tinyint,DOUBLE,264,0,false,0,0,10000000,flink,2,0.974523,0
10000000,TINYINT,0,candidate,TANH_TINYINT,tt_hyperbolic_tinyint,DOUBLE,264,0,false,0,0,10000000,native,2,1.034976,0
10000000,TINYINT,0,candidate,TANH_TINYINT,tt_hyperbolic_tinyint,DOUBLE,264,0,false,0,0,10000000,native,3,1.027581,0
10000000,TINYINT,0,candidate,TANH_TINYINT,tt_hyperbolic_tinyint,DOUBLE,264,0,false,0,0,10000000,flink,3,0.963973,0
10000000,TINYINT,0,candidate,TANH_TINYINT,tt_hyperbolic_tinyint,DOUBLE,264,0,false,0,0,10000000,flink,4,0.958733,0
10000000,TINYINT,0,candidate,TANH_TINYINT,tt_hyperbolic_tinyint,DOUBLE,264,0,false,0,0,10000000,native,4,1.036052,0
10000000,TINYINT,1,previous,BASELINE_tt_hyperbolic_tinyint,tt_hyperbolic_tinyint,TINYINT,264,0,false,0,0,10000000,flink,0,0.778946,0
10000000,TINYINT,1,previous,BASELINE_tt_hyperbolic_tinyint,tt_hyperbolic_tinyint,TINYINT,264,0,false,0,0,10000000,native,0,0.964370,0
10000000,TINYINT,1,previous,BASELINE_tt_hyperbolic_tinyint,tt_hyperbolic_tinyint,TINYINT,264,0,false,0,0,10000000,native,1,0.981233,0
10000000,TINYINT,1,previous,BASELINE_tt_hyperbolic_tinyint,tt_hyperbolic_tinyint,TINYINT,264,0,false,0,0,10000000,flink,1,0.775990,0
10000000,TINYINT,1,previous,BASELINE_tt_hyperbolic_tinyint,tt_hyperbolic_tinyint,TINYINT,264,0,false,0,0,10000000,flink,2,0.782579,0
10000000,TINYINT,1,previous,BASELINE_tt_hyperbolic_tinyint,tt_hyperbolic_tinyint,TINYINT,264,0,false,0,0,10000000,native,2,0.956276,0
10000000,TINYINT,1,previous,BASELINE_tt_hyperbolic_tinyint,tt_hyperbolic_tinyint,TINYINT,264,0,false,0,0,10000000,native,3,0.971425,0
10000000,TINYINT,1,previous,BASELINE_tt_hyperbolic_tinyint,tt_hyperbolic_tinyint,TINYINT,264,0,false,0,0,10000000,flink,3,0.783961,0
10000000,TINYINT,1,previous,BASELINE_tt_hyperbolic_tinyint,tt_hyperbolic_tinyint,TINYINT,264,0,false,0,0,10000000,flink,4,0.786748,0
10000000,TINYINT,1,previous,BASELINE_tt_hyperbolic_tinyint,tt_hyperbolic_tinyint,TINYINT,264,0,false,0,0,10000000,native,4,0.992552,0
10000000,TINYINT,1,previous,COSH_TINYINT,tt_hyperbolic_tinyint,DOUBLE,264,0,false,0,0,10000000,flink,0,1.074864,0
10000000,TINYINT,1,previous,COSH_TINYINT,tt_hyperbolic_tinyint,DOUBLE,264,0,false,0,0,10000000,native,0,1.078696,0
10000000,TINYINT,1,previous,COSH_TINYINT,tt_hyperbolic_tinyint,DOUBLE,264,0,false,0,0,10000000,native,1,1.064072,0
10000000,TINYINT,1,previous,COSH_TINYINT,tt_hyperbolic_tinyint,DOUBLE,264,0,false,0,0,10000000,flink,1,1.087147,0
10000000,TINYINT,1,previous,COSH_TINYINT,tt_hyperbolic_tinyint,DOUBLE,264,0,false,0,0,10000000,flink,2,1.089791,0
10000000,TINYINT,1,previous,COSH_TINYINT,tt_hyperbolic_tinyint,DOUBLE,264,0,false,0,0,10000000,native,2,1.073497,0
10000000,TINYINT,1,previous,COSH_TINYINT,tt_hyperbolic_tinyint,DOUBLE,264,0,false,0,0,10000000,native,3,1.072634,0
10000000,TINYINT,1,previous,COSH_TINYINT,tt_hyperbolic_tinyint,DOUBLE,264,0,false,0,0,10000000,flink,3,1.073954,0
10000000,TINYINT,1,previous,COSH_TINYINT,tt_hyperbolic_tinyint,DOUBLE,264,0,false,0,0,10000000,flink,4,1.099765,0
10000000,TINYINT,1,previous,COSH_TINYINT,tt_hyperbolic_tinyint,DOUBLE,264,0,false,0,0,10000000,native,4,1.057996,0
10000000,TINYINT,1,previous,SINH_TINYINT,tt_hyperbolic_tinyint,DOUBLE,264,0,false,0,0,10000000,flink,0,1.098420,0
10000000,TINYINT,1,previous,SINH_TINYINT,tt_hyperbolic_tinyint,DOUBLE,264,0,false,0,0,10000000,native,0,1.095828,0
10000000,TINYINT,1,previous,SINH_TINYINT,tt_hyperbolic_tinyint,DOUBLE,264,0,false,0,0,10000000,native,1,1.070767,0
10000000,TINYINT,1,previous,SINH_TINYINT,tt_hyperbolic_tinyint,DOUBLE,264,0,false,0,0,10000000,flink,1,1.100030,0
10000000,TINYINT,1,previous,SINH_TINYINT,tt_hyperbolic_tinyint,DOUBLE,264,0,false,0,0,10000000,flink,2,1.101775,0
10000000,TINYINT,1,previous,SINH_TINYINT,tt_hyperbolic_tinyint,DOUBLE,264,0,false,0,0,10000000,native,2,1.067270,0
10000000,TINYINT,1,previous,SINH_TINYINT,tt_hyperbolic_tinyint,DOUBLE,264,0,false,0,0,10000000,native,3,1.100836,0
10000000,TINYINT,1,previous,SINH_TINYINT,tt_hyperbolic_tinyint,DOUBLE,264,0,false,0,0,10000000,flink,3,1.111169,0
10000000,TINYINT,1,previous,SINH_TINYINT,tt_hyperbolic_tinyint,DOUBLE,264,0,false,0,0,10000000,flink,4,1.113729,0
10000000,TINYINT,1,previous,SINH_TINYINT,tt_hyperbolic_tinyint,DOUBLE,264,0,false,0,0,10000000,native,4,1.080105,0
10000000,TINYINT,1,previous,TANH_TINYINT,tt_hyperbolic_tinyint,DOUBLE,264,0,false,0,0,10000000,flink,0,0.978448,0
10000000,TINYINT,1,previous,TANH_TINYINT,tt_hyperbolic_tinyint,DOUBLE,264,0,false,0,0,10000000,native,0,1.054961,0
10000000,TINYINT,1,previous,TANH_TINYINT,tt_hyperbolic_tinyint,DOUBLE,264,0,false,0,0,10000000,native,1,1.041293,0
10000000,TINYINT,1,previous,TANH_TINYINT,tt_hyperbolic_tinyint,DOUBLE,264,0,false,0,0,10000000,flink,1,0.971277,0
10000000,TINYINT,1,previous,TANH_TINYINT,tt_hyperbolic_tinyint,DOUBLE,264,0,false,0,0,10000000,flink,2,1.001922,0
10000000,TINYINT,1,previous,TANH_TINYINT,tt_hyperbolic_tinyint,DOUBLE,264,0,false,0,0,10000000,native,2,1.045691,0
10000000,TINYINT,1,previous,TANH_TINYINT,tt_hyperbolic_tinyint,DOUBLE,264,0,false,0,0,10000000,native,3,1.063123,0
10000000,TINYINT,1,previous,TANH_TINYINT,tt_hyperbolic_tinyint,DOUBLE,264,0,false,0,0,10000000,flink,3,0.981757,0
10000000,TINYINT,1,previous,TANH_TINYINT,tt_hyperbolic_tinyint,DOUBLE,264,0,false,0,0,10000000,flink,4,0.961480,0
10000000,TINYINT,1,previous,TANH_TINYINT,tt_hyperbolic_tinyint,DOUBLE,264,0,false,0,0,10000000,native,4,1.059086,0
10000000,TINYINT,2,original,BASELINE_tt_hyperbolic_tinyint,tt_hyperbolic_tinyint,TINYINT,264,0,false,0,0,10000000,flink,0,0.763658,0
10000000,TINYINT,2,original,BASELINE_tt_hyperbolic_tinyint,tt_hyperbolic_tinyint,TINYINT,264,0,false,0,0,10000000,native,0,0.957021,0
10000000,TINYINT,2,original,BASELINE_tt_hyperbolic_tinyint,tt_hyperbolic_tinyint,TINYINT,264,0,false,0,0,10000000,native,1,0.960919,0
10000000,TINYINT,2,original,BASELINE_tt_hyperbolic_tinyint,tt_hyperbolic_tinyint,TINYINT,264,0,false,0,0,10000000,flink,1,0.770952,0
10000000,TINYINT,2,original,BASELINE_tt_hyperbolic_tinyint,tt_hyperbolic_tinyint,TINYINT,264,0,false,0,0,10000000,flink,2,0.760961,0
10000000,TINYINT,2,original,BASELINE_tt_hyperbolic_tinyint,tt_hyperbolic_tinyint,TINYINT,264,0,false,0,0,10000000,native,2,0.948090,0
10000000,TINYINT,2,original,BASELINE_tt_hyperbolic_tinyint,tt_hyperbolic_tinyint,TINYINT,264,0,false,0,0,10000000,native,3,0.964146,0
10000000,TINYINT,2,original,BASELINE_tt_hyperbolic_tinyint,tt_hyperbolic_tinyint,TINYINT,264,0,false,0,0,10000000,flink,3,0.786093,0
10000000,TINYINT,2,original,BASELINE_tt_hyperbolic_tinyint,tt_hyperbolic_tinyint,TINYINT,264,0,false,0,0,10000000,flink,4,0.777213,0
10000000,TINYINT,2,original,BASELINE_tt_hyperbolic_tinyint,tt_hyperbolic_tinyint,TINYINT,264,0,false,0,0,10000000,native,4,0.954993,0
10000000,TINYINT,2,original,COSH_TINYINT,tt_hyperbolic_tinyint,DOUBLE,264,0,false,0,0,10000000,flink,0,1.097715,0
10000000,TINYINT,2,original,COSH_TINYINT,tt_hyperbolic_tinyint,DOUBLE,264,0,false,0,0,10000000,native,0,1.107223,0
10000000,TINYINT,2,original,COSH_TINYINT,tt_hyperbolic_tinyint,DOUBLE,264,0,false,0,0,10000000,native,1,1.081221,0
10000000,TINYINT,2,original,COSH_TINYINT,tt_hyperbolic_tinyint,DOUBLE,264,0,false,0,0,10000000,flink,1,1.080257,0
10000000,TINYINT,2,original,COSH_TINYINT,tt_hyperbolic_tinyint,DOUBLE,264,0,false,0,0,10000000,flink,2,1.072048,0
10000000,TINYINT,2,original,COSH_TINYINT,tt_hyperbolic_tinyint,DOUBLE,264,0,false,0,0,10000000,native,2,1.096339,0
10000000,TINYINT,2,original,COSH_TINYINT,tt_hyperbolic_tinyint,DOUBLE,264,0,false,0,0,10000000,native,3,1.101656,0
10000000,TINYINT,2,original,COSH_TINYINT,tt_hyperbolic_tinyint,DOUBLE,264,0,false,0,0,10000000,flink,3,1.085152,0
10000000,TINYINT,2,original,COSH_TINYINT,tt_hyperbolic_tinyint,DOUBLE,264,0,false,0,0,10000000,flink,4,1.084254,0
10000000,TINYINT,2,original,COSH_TINYINT,tt_hyperbolic_tinyint,DOUBLE,264,0,false,0,0,10000000,native,4,1.073805,0
10000000,TINYINT,2,original,SINH_TINYINT,tt_hyperbolic_tinyint,DOUBLE,264,0,false,0,0,10000000,flink,0,1.116670,0
10000000,TINYINT,2,original,SINH_TINYINT,tt_hyperbolic_tinyint,DOUBLE,264,0,false,0,0,10000000,native,0,1.095763,0
10000000,TINYINT,2,original,SINH_TINYINT,tt_hyperbolic_tinyint,DOUBLE,264,0,false,0,0,10000000,native,1,1.099239,0
10000000,TINYINT,2,original,SINH_TINYINT,tt_hyperbolic_tinyint,DOUBLE,264,0,false,0,0,10000000,flink,1,1.087250,0
10000000,TINYINT,2,original,SINH_TINYINT,tt_hyperbolic_tinyint,DOUBLE,264,0,false,0,0,10000000,flink,2,1.112632,0
10000000,TINYINT,2,original,SINH_TINYINT,tt_hyperbolic_tinyint,DOUBLE,264,0,false,0,0,10000000,native,2,1.092667,0
10000000,TINYINT,2,original,SINH_TINYINT,tt_hyperbolic_tinyint,DOUBLE,264,0,false,0,0,10000000,native,3,1.105094,0
10000000,TINYINT,2,original,SINH_TINYINT,tt_hyperbolic_tinyint,DOUBLE,264,0,false,0,0,10000000,flink,3,1.110277,0
10000000,TINYINT,2,original,SINH_TINYINT,tt_hyperbolic_tinyint,DOUBLE,264,0,false,0,0,10000000,flink,4,1.104473,0
10000000,TINYINT,2,original,SINH_TINYINT,tt_hyperbolic_tinyint,DOUBLE,264,0,false,0,0,10000000,native,4,1.093976,0
10000000,TINYINT,2,original,TANH_TINYINT,tt_hyperbolic_tinyint,DOUBLE,264,0,false,0,0,10000000,flink,0,0.963782,0
10000000,TINYINT,2,original,TANH_TINYINT,tt_hyperbolic_tinyint,DOUBLE,264,0,false,0,0,10000000,native,0,0.970142,0
10000000,TINYINT,2,original,TANH_TINYINT,tt_hyperbolic_tinyint,DOUBLE,264,0,false,0,0,10000000,native,1,0.975332,0
10000000,TINYINT,2,original,TANH_TINYINT,tt_hyperbolic_tinyint,DOUBLE,264,0,false,0,0,10000000,flink,1,0.961117,0
10000000,TINYINT,2,original,TANH_TINYINT,tt_hyperbolic_tinyint,DOUBLE,264,0,false,0,0,10000000,flink,2,0.964718,0
10000000,TINYINT,2,original,TANH_TINYINT,tt_hyperbolic_tinyint,DOUBLE,264,0,false,0,0,10000000,native,2,0.956238,0
10000000,TINYINT,2,original,TANH_TINYINT,tt_hyperbolic_tinyint,DOUBLE,264,0,false,0,0,10000000,native,3,0.986424,0
10000000,TINYINT,2,original,TANH_TINYINT,tt_hyperbolic_tinyint,DOUBLE,264,0,false,0,0,10000000,flink,3,0.955744,0
10000000,TINYINT,2,original,TANH_TINYINT,tt_hyperbolic_tinyint,DOUBLE,264,0,false,0,0,10000000,flink,4,0.945678,0
10000000,TINYINT,2,original,TANH_TINYINT,tt_hyperbolic_tinyint,DOUBLE,264,0,false,0,0,10000000,native,4,0.959186,0
10000000,TINYINT,3,original,BASELINE_tt_hyperbolic_tinyint,tt_hyperbolic_tinyint,TINYINT,264,0,false,0,0,10000000,flink,0,0.773862,0
10000000,TINYINT,3,original,BASELINE_tt_hyperbolic_tinyint,tt_hyperbolic_tinyint,TINYINT,264,0,false,0,0,10000000,native,0,0.968025,0
10000000,TINYINT,3,original,BASELINE_tt_hyperbolic_tinyint,tt_hyperbolic_tinyint,TINYINT,264,0,false,0,0,10000000,native,1,0.960247,0
10000000,TINYINT,3,original,BASELINE_tt_hyperbolic_tinyint,tt_hyperbolic_tinyint,TINYINT,264,0,false,0,0,10000000,flink,1,0.786787,0
10000000,TINYINT,3,original,BASELINE_tt_hyperbolic_tinyint,tt_hyperbolic_tinyint,TINYINT,264,0,false,0,0,10000000,flink,2,0.781698,0
10000000,TINYINT,3,original,BASELINE_tt_hyperbolic_tinyint,tt_hyperbolic_tinyint,TINYINT,264,0,false,0,0,10000000,native,2,0.957208,0
10000000,TINYINT,3,original,BASELINE_tt_hyperbolic_tinyint,tt_hyperbolic_tinyint,TINYINT,264,0,false,0,0,10000000,native,3,0.963597,0
10000000,TINYINT,3,original,BASELINE_tt_hyperbolic_tinyint,tt_hyperbolic_tinyint,TINYINT,264,0,false,0,0,10000000,flink,3,0.792239,0
10000000,TINYINT,3,original,BASELINE_tt_hyperbolic_tinyint,tt_hyperbolic_tinyint,TINYINT,264,0,false,0,0,10000000,flink,4,0.775408,0
10000000,TINYINT,3,original,BASELINE_tt_hyperbolic_tinyint,tt_hyperbolic_tinyint,TINYINT,264,0,false,0,0,10000000,native,4,0.957648,0
10000000,TINYINT,3,original,COSH_TINYINT,tt_hyperbolic_tinyint,DOUBLE,264,0,false,0,0,10000000,flink,0,1.080288,0
10000000,TINYINT,3,original,COSH_TINYINT,tt_hyperbolic_tinyint,DOUBLE,264,0,false,0,0,10000000,native,0,1.075424,0
10000000,TINYINT,3,original,COSH_TINYINT,tt_hyperbolic_tinyint,DOUBLE,264,0,false,0,0,10000000,native,1,1.086862,0
10000000,TINYINT,3,original,COSH_TINYINT,tt_hyperbolic_tinyint,DOUBLE,264,0,false,0,0,10000000,flink,1,1.074890,0
10000000,TINYINT,3,original,COSH_TINYINT,tt_hyperbolic_tinyint,DOUBLE,264,0,false,0,0,10000000,flink,2,1.086512,0
10000000,TINYINT,3,original,COSH_TINYINT,tt_hyperbolic_tinyint,DOUBLE,264,0,false,0,0,10000000,native,2,1.079514,0
10000000,TINYINT,3,original,COSH_TINYINT,tt_hyperbolic_tinyint,DOUBLE,264,0,false,0,0,10000000,native,3,1.100472,0
10000000,TINYINT,3,original,COSH_TINYINT,tt_hyperbolic_tinyint,DOUBLE,264,0,false,0,0,10000000,flink,3,1.073140,0
10000000,TINYINT,3,original,COSH_TINYINT,tt_hyperbolic_tinyint,DOUBLE,264,0,false,0,0,10000000,flink,4,1.099460,0
10000000,TINYINT,3,original,COSH_TINYINT,tt_hyperbolic_tinyint,DOUBLE,264,0,false,0,0,10000000,native,4,1.072437,0
10000000,TINYINT,3,original,SINH_TINYINT,tt_hyperbolic_tinyint,DOUBLE,264,0,false,0,0,10000000,flink,0,1.098246,0
10000000,TINYINT,3,original,SINH_TINYINT,tt_hyperbolic_tinyint,DOUBLE,264,0,false,0,0,10000000,native,0,1.107602,0
10000000,TINYINT,3,original,SINH_TINYINT,tt_hyperbolic_tinyint,DOUBLE,264,0,false,0,0,10000000,native,1,1.091828,0
10000000,TINYINT,3,original,SINH_TINYINT,tt_hyperbolic_tinyint,DOUBLE,264,0,false,0,0,10000000,flink,1,1.091991,0
10000000,TINYINT,3,original,SINH_TINYINT,tt_hyperbolic_tinyint,DOUBLE,264,0,false,0,0,10000000,flink,2,1.095118,0
10000000,TINYINT,3,original,SINH_TINYINT,tt_hyperbolic_tinyint,DOUBLE,264,0,false,0,0,10000000,native,2,1.090657,0
10000000,TINYINT,3,original,SINH_TINYINT,tt_hyperbolic_tinyint,DOUBLE,264,0,false,0,0,10000000,native,3,1.089516,0
10000000,TINYINT,3,original,SINH_TINYINT,tt_hyperbolic_tinyint,DOUBLE,264,0,false,0,0,10000000,flink,3,1.086520,0
10000000,TINYINT,3,original,SINH_TINYINT,tt_hyperbolic_tinyint,DOUBLE,264,0,false,0,0,10000000,flink,4,1.096263,0
10000000,TINYINT,3,original,SINH_TINYINT,tt_hyperbolic_tinyint,DOUBLE,264,0,false,0,0,10000000,native,4,1.085056,0
10000000,TINYINT,3,original,TANH_TINYINT,tt_hyperbolic_tinyint,DOUBLE,264,0,false,0,0,10000000,flink,0,0.949230,0
10000000,TINYINT,3,original,TANH_TINYINT,tt_hyperbolic_tinyint,DOUBLE,264,0,false,0,0,10000000,native,0,0.953056,0
10000000,TINYINT,3,original,TANH_TINYINT,tt_hyperbolic_tinyint,DOUBLE,264,0,false,0,0,10000000,native,1,0.965621,0
10000000,TINYINT,3,original,TANH_TINYINT,tt_hyperbolic_tinyint,DOUBLE,264,0,false,0,0,10000000,flink,1,0.974564,0
10000000,TINYINT,3,original,TANH_TINYINT,tt_hyperbolic_tinyint,DOUBLE,264,0,false,0,0,10000000,flink,2,0.945428,0
10000000,TINYINT,3,original,TANH_TINYINT,tt_hyperbolic_tinyint,DOUBLE,264,0,false,0,0,10000000,native,2,0.959460,0
10000000,TINYINT,3,original,TANH_TINYINT,tt_hyperbolic_tinyint,DOUBLE,264,0,false,0,0,10000000,native,3,0.964813,0
10000000,TINYINT,3,original,TANH_TINYINT,tt_hyperbolic_tinyint,DOUBLE,264,0,false,0,0,10000000,flink,3,0.964139,0
10000000,TINYINT,3,original,TANH_TINYINT,tt_hyperbolic_tinyint,DOUBLE,264,0,false,0,0,10000000,flink,4,0.976755,0
10000000,TINYINT,3,original,TANH_TINYINT,tt_hyperbolic_tinyint,DOUBLE,264,0,false,0,0,10000000,native,4,0.955323,0
10000000,TINYINT,4,previous,BASELINE_tt_hyperbolic_tinyint,tt_hyperbolic_tinyint,TINYINT,264,0,false,0,0,10000000,flink,0,0.771701,0
10000000,TINYINT,4,previous,BASELINE_tt_hyperbolic_tinyint,tt_hyperbolic_tinyint,TINYINT,264,0,false,0,0,10000000,native,0,0.967162,0
10000000,TINYINT,4,previous,BASELINE_tt_hyperbolic_tinyint,tt_hyperbolic_tinyint,TINYINT,264,0,false,0,0,10000000,native,1,0.973938,0
10000000,TINYINT,4,previous,BASELINE_tt_hyperbolic_tinyint,tt_hyperbolic_tinyint,TINYINT,264,0,false,0,0,10000000,flink,1,0.780245,0
10000000,TINYINT,4,previous,BASELINE_tt_hyperbolic_tinyint,tt_hyperbolic_tinyint,TINYINT,264,0,false,0,0,10000000,flink,2,0.788906,0
10000000,TINYINT,4,previous,BASELINE_tt_hyperbolic_tinyint,tt_hyperbolic_tinyint,TINYINT,264,0,false,0,0,10000000,native,2,0.960934,0
10000000,TINYINT,4,previous,BASELINE_tt_hyperbolic_tinyint,tt_hyperbolic_tinyint,TINYINT,264,0,false,0,0,10000000,native,3,0.955510,0
10000000,TINYINT,4,previous,BASELINE_tt_hyperbolic_tinyint,tt_hyperbolic_tinyint,TINYINT,264,0,false,0,0,10000000,flink,3,0.781043,0
10000000,TINYINT,4,previous,BASELINE_tt_hyperbolic_tinyint,tt_hyperbolic_tinyint,TINYINT,264,0,false,0,0,10000000,flink,4,0.786567,0
10000000,TINYINT,4,previous,BASELINE_tt_hyperbolic_tinyint,tt_hyperbolic_tinyint,TINYINT,264,0,false,0,0,10000000,native,4,0.948835,0
10000000,TINYINT,4,previous,COSH_TINYINT,tt_hyperbolic_tinyint,DOUBLE,264,0,false,0,0,10000000,flink,0,1.074861,0
10000000,TINYINT,4,previous,COSH_TINYINT,tt_hyperbolic_tinyint,DOUBLE,264,0,false,0,0,10000000,native,0,1.058514,0
10000000,TINYINT,4,previous,COSH_TINYINT,tt_hyperbolic_tinyint,DOUBLE,264,0,false,0,0,10000000,native,1,1.050336,0
10000000,TINYINT,4,previous,COSH_TINYINT,tt_hyperbolic_tinyint,DOUBLE,264,0,false,0,0,10000000,flink,1,1.086471,0
10000000,TINYINT,4,previous,COSH_TINYINT,tt_hyperbolic_tinyint,DOUBLE,264,0,false,0,0,10000000,flink,2,1.074790,0
10000000,TINYINT,4,previous,COSH_TINYINT,tt_hyperbolic_tinyint,DOUBLE,264,0,false,0,0,10000000,native,2,1.058476,0
10000000,TINYINT,4,previous,COSH_TINYINT,tt_hyperbolic_tinyint,DOUBLE,264,0,false,0,0,10000000,native,3,1.052567,0
10000000,TINYINT,4,previous,COSH_TINYINT,tt_hyperbolic_tinyint,DOUBLE,264,0,false,0,0,10000000,flink,3,1.077541,0
10000000,TINYINT,4,previous,COSH_TINYINT,tt_hyperbolic_tinyint,DOUBLE,264,0,false,0,0,10000000,flink,4,1.064798,0
10000000,TINYINT,4,previous,COSH_TINYINT,tt_hyperbolic_tinyint,DOUBLE,264,0,false,0,0,10000000,native,4,1.060098,0
10000000,TINYINT,4,previous,SINH_TINYINT,tt_hyperbolic_tinyint,DOUBLE,264,0,false,0,0,10000000,flink,0,1.086728,0
10000000,TINYINT,4,previous,SINH_TINYINT,tt_hyperbolic_tinyint,DOUBLE,264,0,false,0,0,10000000,native,0,1.060148,0
10000000,TINYINT,4,previous,SINH_TINYINT,tt_hyperbolic_tinyint,DOUBLE,264,0,false,0,0,10000000,native,1,1.064986,0
10000000,TINYINT,4,previous,SINH_TINYINT,tt_hyperbolic_tinyint,DOUBLE,264,0,false,0,0,10000000,flink,1,1.091858,0
10000000,TINYINT,4,previous,SINH_TINYINT,tt_hyperbolic_tinyint,DOUBLE,264,0,false,0,0,10000000,flink,2,1.103074,0
10000000,TINYINT,4,previous,SINH_TINYINT,tt_hyperbolic_tinyint,DOUBLE,264,0,false,0,0,10000000,native,2,1.082413,0
10000000,TINYINT,4,previous,SINH_TINYINT,tt_hyperbolic_tinyint,DOUBLE,264,0,false,0,0,10000000,native,3,1.089253,0
10000000,TINYINT,4,previous,SINH_TINYINT,tt_hyperbolic_tinyint,DOUBLE,264,0,false,0,0,10000000,flink,3,1.097428,0
10000000,TINYINT,4,previous,SINH_TINYINT,tt_hyperbolic_tinyint,DOUBLE,264,0,false,0,0,10000000,flink,4,1.090797,0
10000000,TINYINT,4,previous,SINH_TINYINT,tt_hyperbolic_tinyint,DOUBLE,264,0,false,0,0,10000000,native,4,1.138534,0
10000000,TINYINT,4,previous,TANH_TINYINT,tt_hyperbolic_tinyint,DOUBLE,264,0,false,0,0,10000000,flink,0,0.970856,0
10000000,TINYINT,4,previous,TANH_TINYINT,tt_hyperbolic_tinyint,DOUBLE,264,0,false,0,0,10000000,native,0,1.022745,0
10000000,TINYINT,4,previous,TANH_TINYINT,tt_hyperbolic_tinyint,DOUBLE,264,0,false,0,0,10000000,native,1,1.042967,0
10000000,TINYINT,4,previous,TANH_TINYINT,tt_hyperbolic_tinyint,DOUBLE,264,0,false,0,0,10000000,flink,1,1.000957,0
10000000,TINYINT,4,previous,TANH_TINYINT,tt_hyperbolic_tinyint,DOUBLE,264,0,false,0,0,10000000,flink,2,0.955923,0
10000000,TINYINT,4,previous,TANH_TINYINT,tt_hyperbolic_tinyint,DOUBLE,264,0,false,0,0,10000000,native,2,1.033110,0
10000000,TINYINT,4,previous,TANH_TINYINT,tt_hyperbolic_tinyint,DOUBLE,264,0,false,0,0,10000000,native,3,1.035558,0
10000000,TINYINT,4,previous,TANH_TINYINT,tt_hyperbolic_tinyint,DOUBLE,264,0,false,0,0,10000000,flink,3,0.970140,0
10000000,TINYINT,4,previous,TANH_TINYINT,tt_hyperbolic_tinyint,DOUBLE,264,0,false,0,0,10000000,flink,4,0.973489,0
10000000,TINYINT,4,previous,TANH_TINYINT,tt_hyperbolic_tinyint,DOUBLE,264,0,false,0,0,10000000,native,4,1.028285,0
10000000,TINYINT,5,candidate,BASELINE_tt_hyperbolic_tinyint,tt_hyperbolic_tinyint,TINYINT,264,0,false,0,0,10000000,flink,0,0.779486,0
10000000,TINYINT,5,candidate,BASELINE_tt_hyperbolic_tinyint,tt_hyperbolic_tinyint,TINYINT,264,0,false,0,0,10000000,native,0,0.986334,0
10000000,TINYINT,5,candidate,BASELINE_tt_hyperbolic_tinyint,tt_hyperbolic_tinyint,TINYINT,264,0,false,0,0,10000000,native,1,0.958459,0
10000000,TINYINT,5,candidate,BASELINE_tt_hyperbolic_tinyint,tt_hyperbolic_tinyint,TINYINT,264,0,false,0,0,10000000,flink,1,0.789362,0
10000000,TINYINT,5,candidate,BASELINE_tt_hyperbolic_tinyint,tt_hyperbolic_tinyint,TINYINT,264,0,false,0,0,10000000,flink,2,0.789874,0
10000000,TINYINT,5,candidate,BASELINE_tt_hyperbolic_tinyint,tt_hyperbolic_tinyint,TINYINT,264,0,false,0,0,10000000,native,2,0.957414,0
10000000,TINYINT,5,candidate,BASELINE_tt_hyperbolic_tinyint,tt_hyperbolic_tinyint,TINYINT,264,0,false,0,0,10000000,native,3,0.960058,0
10000000,TINYINT,5,candidate,BASELINE_tt_hyperbolic_tinyint,tt_hyperbolic_tinyint,TINYINT,264,0,false,0,0,10000000,flink,3,0.788537,0
10000000,TINYINT,5,candidate,BASELINE_tt_hyperbolic_tinyint,tt_hyperbolic_tinyint,TINYINT,264,0,false,0,0,10000000,flink,4,0.763944,0
10000000,TINYINT,5,candidate,BASELINE_tt_hyperbolic_tinyint,tt_hyperbolic_tinyint,TINYINT,264,0,false,0,0,10000000,native,4,0.946426,0
10000000,TINYINT,5,candidate,COSH_TINYINT,tt_hyperbolic_tinyint,DOUBLE,264,0,false,0,0,10000000,flink,0,1.087656,0
10000000,TINYINT,5,candidate,COSH_TINYINT,tt_hyperbolic_tinyint,DOUBLE,264,0,false,0,0,10000000,native,0,1.083010,0
10000000,TINYINT,5,candidate,COSH_TINYINT,tt_hyperbolic_tinyint,DOUBLE,264,0,false,0,0,10000000,native,1,1.067771,0
10000000,TINYINT,5,candidate,COSH_TINYINT,tt_hyperbolic_tinyint,DOUBLE,264,0,false,0,0,10000000,flink,1,1.081902,0
10000000,TINYINT,5,candidate,COSH_TINYINT,tt_hyperbolic_tinyint,DOUBLE,264,0,false,0,0,10000000,flink,2,1.089832,0
10000000,TINYINT,5,candidate,COSH_TINYINT,tt_hyperbolic_tinyint,DOUBLE,264,0,false,0,0,10000000,native,2,1.069613,0
10000000,TINYINT,5,candidate,COSH_TINYINT,tt_hyperbolic_tinyint,DOUBLE,264,0,false,0,0,10000000,native,3,1.056960,0
10000000,TINYINT,5,candidate,COSH_TINYINT,tt_hyperbolic_tinyint,DOUBLE,264,0,false,0,0,10000000,flink,3,1.098335,0
10000000,TINYINT,5,candidate,COSH_TINYINT,tt_hyperbolic_tinyint,DOUBLE,264,0,false,0,0,10000000,flink,4,1.083622,0
10000000,TINYINT,5,candidate,COSH_TINYINT,tt_hyperbolic_tinyint,DOUBLE,264,0,false,0,0,10000000,native,4,1.056185,0
10000000,TINYINT,5,candidate,SINH_TINYINT,tt_hyperbolic_tinyint,DOUBLE,264,0,false,0,0,10000000,flink,0,1.106335,0
10000000,TINYINT,5,candidate,SINH_TINYINT,tt_hyperbolic_tinyint,DOUBLE,264,0,false,0,0,10000000,native,0,1.078667,0
10000000,TINYINT,5,candidate,SINH_TINYINT,tt_hyperbolic_tinyint,DOUBLE,264,0,false,0,0,10000000,native,1,1.068883,0
10000000,TINYINT,5,candidate,SINH_TINYINT,tt_hyperbolic_tinyint,DOUBLE,264,0,false,0,0,10000000,flink,1,1.106981,0
10000000,TINYINT,5,candidate,SINH_TINYINT,tt_hyperbolic_tinyint,DOUBLE,264,0,false,0,0,10000000,flink,2,1.125354,0
10000000,TINYINT,5,candidate,SINH_TINYINT,tt_hyperbolic_tinyint,DOUBLE,264,0,false,0,0,10000000,native,2,1.077328,0
10000000,TINYINT,5,candidate,SINH_TINYINT,tt_hyperbolic_tinyint,DOUBLE,264,0,false,0,0,10000000,native,3,1.067542,0
10000000,TINYINT,5,candidate,SINH_TINYINT,tt_hyperbolic_tinyint,DOUBLE,264,0,false,0,0,10000000,flink,3,1.168243,0
10000000,TINYINT,5,candidate,SINH_TINYINT,tt_hyperbolic_tinyint,DOUBLE,264,0,false,0,0,10000000,flink,4,1.106681,0
10000000,TINYINT,5,candidate,SINH_TINYINT,tt_hyperbolic_tinyint,DOUBLE,264,0,false,0,0,10000000,native,4,1.064366,0
10000000,TINYINT,5,candidate,TANH_TINYINT,tt_hyperbolic_tinyint,DOUBLE,264,0,false,0,0,10000000,flink,0,0.981238,0
10000000,TINYINT,5,candidate,TANH_TINYINT,tt_hyperbolic_tinyint,DOUBLE,264,0,false,0,0,10000000,native,0,1.043894,0
10000000,TINYINT,5,candidate,TANH_TINYINT,tt_hyperbolic_tinyint,DOUBLE,264,0,false,0,0,10000000,native,1,1.046087,0
10000000,TINYINT,5,candidate,TANH_TINYINT,tt_hyperbolic_tinyint,DOUBLE,264,0,false,0,0,10000000,flink,1,0.991313,0
10000000,TINYINT,5,candidate,TANH_TINYINT,tt_hyperbolic_tinyint,DOUBLE,264,0,false,0,0,10000000,flink,2,1.003726,0
10000000,TINYINT,5,candidate,TANH_TINYINT,tt_hyperbolic_tinyint,DOUBLE,264,0,false,0,0,10000000,native,2,1.045735,0
10000000,TINYINT,5,candidate,TANH_TINYINT,tt_hyperbolic_tinyint,DOUBLE,264,0,false,0,0,10000000,native,3,1.041844,0
10000000,TINYINT,5,candidate,TANH_TINYINT,tt_hyperbolic_tinyint,DOUBLE,264,0,false,0,0,10000000,flink,3,0.970500,0
10000000,TINYINT,5,candidate,TANH_TINYINT,tt_hyperbolic_tinyint,DOUBLE,264,0,false,0,0,10000000,flink,4,0.968902,0
10000000,TINYINT,5,candidate,TANH_TINYINT,tt_hyperbolic_tinyint,DOUBLE,264,0,false,0,0,10000000,native,4,1.045125,0
10000000,SMALLINT,0,candidate,BASELINE_tt_hyperbolic_smallint,tt_hyperbolic_smallint,SMALLINT,264,0,false,7,0,10000000,flink,0,0.797984,0
10000000,SMALLINT,0,candidate,BASELINE_tt_hyperbolic_smallint,tt_hyperbolic_smallint,SMALLINT,264,0,false,7,0,10000000,native,0,1.047715,0
10000000,SMALLINT,0,candidate,BASELINE_tt_hyperbolic_smallint,tt_hyperbolic_smallint,SMALLINT,264,0,false,7,0,10000000,native,1,1.031330,0
10000000,SMALLINT,0,candidate,BASELINE_tt_hyperbolic_smallint,tt_hyperbolic_smallint,SMALLINT,264,0,false,7,0,10000000,flink,1,0.805276,0
10000000,SMALLINT,0,candidate,BASELINE_tt_hyperbolic_smallint,tt_hyperbolic_smallint,SMALLINT,264,0,false,7,0,10000000,flink,2,0.811395,0
10000000,SMALLINT,0,candidate,BASELINE_tt_hyperbolic_smallint,tt_hyperbolic_smallint,SMALLINT,264,0,false,7,0,10000000,native,2,1.043512,0
10000000,SMALLINT,0,candidate,BASELINE_tt_hyperbolic_smallint,tt_hyperbolic_smallint,SMALLINT,264,0,false,7,0,10000000,native,3,1.022283,0
10000000,SMALLINT,0,candidate,BASELINE_tt_hyperbolic_smallint,tt_hyperbolic_smallint,SMALLINT,264,0,false,7,0,10000000,flink,3,0.805061,0
10000000,SMALLINT,0,candidate,BASELINE_tt_hyperbolic_smallint,tt_hyperbolic_smallint,SMALLINT,264,0,false,7,0,10000000,flink,4,0.814812,0
10000000,SMALLINT,0,candidate,BASELINE_tt_hyperbolic_smallint,tt_hyperbolic_smallint,SMALLINT,264,0,false,7,0,10000000,native,4,1.030288,0
10000000,SMALLINT,0,candidate,COSH_SMALLINT,tt_hyperbolic_smallint,DOUBLE,264,0,false,7,0,10000000,flink,0,1.107569,0
10000000,SMALLINT,0,candidate,COSH_SMALLINT,tt_hyperbolic_smallint,DOUBLE,264,0,false,7,0,10000000,native,0,1.132832,0
10000000,SMALLINT,0,candidate,COSH_SMALLINT,tt_hyperbolic_smallint,DOUBLE,264,0,false,7,0,10000000,native,1,1.112010,0
10000000,SMALLINT,0,candidate,COSH_SMALLINT,tt_hyperbolic_smallint,DOUBLE,264,0,false,7,0,10000000,flink,1,1.113294,0
10000000,SMALLINT,0,candidate,COSH_SMALLINT,tt_hyperbolic_smallint,DOUBLE,264,0,false,7,0,10000000,flink,2,1.092133,0
10000000,SMALLINT,0,candidate,COSH_SMALLINT,tt_hyperbolic_smallint,DOUBLE,264,0,false,7,0,10000000,native,2,1.125553,0
10000000,SMALLINT,0,candidate,COSH_SMALLINT,tt_hyperbolic_smallint,DOUBLE,264,0,false,7,0,10000000,native,3,1.122707,0
10000000,SMALLINT,0,candidate,COSH_SMALLINT,tt_hyperbolic_smallint,DOUBLE,264,0,false,7,0,10000000,flink,3,1.106394,0
10000000,SMALLINT,0,candidate,COSH_SMALLINT,tt_hyperbolic_smallint,DOUBLE,264,0,false,7,0,10000000,flink,4,1.090718,0
10000000,SMALLINT,0,candidate,COSH_SMALLINT,tt_hyperbolic_smallint,DOUBLE,264,0,false,7,0,10000000,native,4,1.134387,0
10000000,SMALLINT,0,candidate,SINH_SMALLINT,tt_hyperbolic_smallint,DOUBLE,264,0,false,7,0,10000000,flink,0,1.110733,0
10000000,SMALLINT,0,candidate,SINH_SMALLINT,tt_hyperbolic_smallint,DOUBLE,264,0,false,7,0,10000000,native,0,1.128111,0
10000000,SMALLINT,0,candidate,SINH_SMALLINT,tt_hyperbolic_smallint,DOUBLE,264,0,false,7,0,10000000,native,1,1.121322,0
10000000,SMALLINT,0,candidate,SINH_SMALLINT,tt_hyperbolic_smallint,DOUBLE,264,0,false,7,0,10000000,flink,1,1.114495,0
10000000,SMALLINT,0,candidate,SINH_SMALLINT,tt_hyperbolic_smallint,DOUBLE,264,0,false,7,0,10000000,flink,2,1.114760,0
10000000,SMALLINT,0,candidate,SINH_SMALLINT,tt_hyperbolic_smallint,DOUBLE,264,0,false,7,0,10000000,native,2,1.122794,0
10000000,SMALLINT,0,candidate,SINH_SMALLINT,tt_hyperbolic_smallint,DOUBLE,264,0,false,7,0,10000000,native,3,1.140083,0
10000000,SMALLINT,0,candidate,SINH_SMALLINT,tt_hyperbolic_smallint,DOUBLE,264,0,false,7,0,10000000,flink,3,1.136034,0
10000000,SMALLINT,0,candidate,SINH_SMALLINT,tt_hyperbolic_smallint,DOUBLE,264,0,false,7,0,10000000,flink,4,1.113475,0
10000000,SMALLINT,0,candidate,SINH_SMALLINT,tt_hyperbolic_smallint,DOUBLE,264,0,false,7,0,10000000,native,4,1.133407,0
10000000,SMALLINT,0,candidate,TANH_SMALLINT,tt_hyperbolic_smallint,DOUBLE,264,0,false,7,0,10000000,flink,0,0.984521,0
10000000,SMALLINT,0,candidate,TANH_SMALLINT,tt_hyperbolic_smallint,DOUBLE,264,0,false,7,0,10000000,native,0,1.099355,0
10000000,SMALLINT,0,candidate,TANH_SMALLINT,tt_hyperbolic_smallint,DOUBLE,264,0,false,7,0,10000000,native,1,1.105180,0
10000000,SMALLINT,0,candidate,TANH_SMALLINT,tt_hyperbolic_smallint,DOUBLE,264,0,false,7,0,10000000,flink,1,0.994099,0
10000000,SMALLINT,0,candidate,TANH_SMALLINT,tt_hyperbolic_smallint,DOUBLE,264,0,false,7,0,10000000,flink,2,0.997167,0
10000000,SMALLINT,0,candidate,TANH_SMALLINT,tt_hyperbolic_smallint,DOUBLE,264,0,false,7,0,10000000,native,2,1.098277,0
10000000,SMALLINT,0,candidate,TANH_SMALLINT,tt_hyperbolic_smallint,DOUBLE,264,0,false,7,0,10000000,native,3,1.098858,0
10000000,SMALLINT,0,candidate,TANH_SMALLINT,tt_hyperbolic_smallint,DOUBLE,264,0,false,7,0,10000000,flink,3,0.983287,0
10000000,SMALLINT,0,candidate,TANH_SMALLINT,tt_hyperbolic_smallint,DOUBLE,264,0,false,7,0,10000000,flink,4,0.984755,0
10000000,SMALLINT,0,candidate,TANH_SMALLINT,tt_hyperbolic_smallint,DOUBLE,264,0,false,7,0,10000000,native,4,1.095843,0
10000000,SMALLINT,1,previous,BASELINE_tt_hyperbolic_smallint,tt_hyperbolic_smallint,SMALLINT,264,0,false,7,0,10000000,flink,0,0.829348,0
10000000,SMALLINT,1,previous,BASELINE_tt_hyperbolic_smallint,tt_hyperbolic_smallint,SMALLINT,264,0,false,7,0,10000000,native,0,1.046741,0
10000000,SMALLINT,1,previous,BASELINE_tt_hyperbolic_smallint,tt_hyperbolic_smallint,SMALLINT,264,0,false,7,0,10000000,native,1,1.053329,0
10000000,SMALLINT,1,previous,BASELINE_tt_hyperbolic_smallint,tt_hyperbolic_smallint,SMALLINT,264,0,false,7,0,10000000,flink,1,0.830800,0
10000000,SMALLINT,1,previous,BASELINE_tt_hyperbolic_smallint,tt_hyperbolic_smallint,SMALLINT,264,0,false,7,0,10000000,flink,2,0.817650,0
10000000,SMALLINT,1,previous,BASELINE_tt_hyperbolic_smallint,tt_hyperbolic_smallint,SMALLINT,264,0,false,7,0,10000000,native,2,1.074284,0
10000000,SMALLINT,1,previous,BASELINE_tt_hyperbolic_smallint,tt_hyperbolic_smallint,SMALLINT,264,0,false,7,0,10000000,native,3,1.045573,0
10000000,SMALLINT,1,previous,BASELINE_tt_hyperbolic_smallint,tt_hyperbolic_smallint,SMALLINT,264,0,false,7,0,10000000,flink,3,0.847872,0
10000000,SMALLINT,1,previous,BASELINE_tt_hyperbolic_smallint,tt_hyperbolic_smallint,SMALLINT,264,0,false,7,0,10000000,flink,4,0.817588,0
10000000,SMALLINT,1,previous,BASELINE_tt_hyperbolic_smallint,tt_hyperbolic_smallint,SMALLINT,264,0,false,7,0,10000000,native,4,1.048762,0
10000000,SMALLINT,1,previous,COSH_SMALLINT,tt_hyperbolic_smallint,DOUBLE,264,0,false,7,0,10000000,flink,0,1.131026,0
10000000,SMALLINT,1,previous,COSH_SMALLINT,tt_hyperbolic_smallint,DOUBLE,264,0,false,7,0,10000000,native,0,1.148204,0
10000000,SMALLINT,1,previous,COSH_SMALLINT,tt_hyperbolic_smallint,DOUBLE,264,0,false,7,0,10000000,native,1,1.143752,0
10000000,SMALLINT,1,previous,COSH_SMALLINT,tt_hyperbolic_smallint,DOUBLE,264,0,false,7,0,10000000,flink,1,1.135784,0
10000000,SMALLINT,1,previous,COSH_SMALLINT,tt_hyperbolic_smallint,DOUBLE,264,0,false,7,0,10000000,flink,2,1.151875,0
10000000,SMALLINT,1,previous,COSH_SMALLINT,tt_hyperbolic_smallint,DOUBLE,264,0,false,7,0,10000000,native,2,1.142357,0
10000000,SMALLINT,1,previous,COSH_SMALLINT,tt_hyperbolic_smallint,DOUBLE,264,0,false,7,0,10000000,native,3,1.128548,0
10000000,SMALLINT,1,previous,COSH_SMALLINT,tt_hyperbolic_smallint,DOUBLE,264,0,false,7,0,10000000,flink,3,1.131062,0
10000000,SMALLINT,1,previous,COSH_SMALLINT,tt_hyperbolic_smallint,DOUBLE,264,0,false,7,0,10000000,flink,4,1.171535,0
10000000,SMALLINT,1,previous,COSH_SMALLINT,tt_hyperbolic_smallint,DOUBLE,264,0,false,7,0,10000000,native,4,1.157943,0
10000000,SMALLINT,1,previous,SINH_SMALLINT,tt_hyperbolic_smallint,DOUBLE,264,0,false,7,0,10000000,flink,0,1.158360,0
10000000,SMALLINT,1,previous,SINH_SMALLINT,tt_hyperbolic_smallint,DOUBLE,264,0,false,7,0,10000000,native,0,1.149159,0
10000000,SMALLINT,1,previous,SINH_SMALLINT,tt_hyperbolic_smallint,DOUBLE,264,0,false,7,0,10000000,native,1,1.135358,0
10000000,SMALLINT,1,previous,SINH_SMALLINT,tt_hyperbolic_smallint,DOUBLE,264,0,false,7,0,10000000,flink,1,1.167660,0
10000000,SMALLINT,1,previous,SINH_SMALLINT,tt_hyperbolic_smallint,DOUBLE,264,0,false,7,0,10000000,flink,2,1.143452,0
10000000,SMALLINT,1,previous,SINH_SMALLINT,tt_hyperbolic_smallint,DOUBLE,264,0,false,7,0,10000000,native,2,1.125817,0
10000000,SMALLINT,1,previous,SINH_SMALLINT,tt_hyperbolic_smallint,DOUBLE,264,0,false,7,0,10000000,native,3,1.130549,0
10000000,SMALLINT,1,previous,SINH_SMALLINT,tt_hyperbolic_smallint,DOUBLE,264,0,false,7,0,10000000,flink,3,1.180376,0
10000000,SMALLINT,1,previous,SINH_SMALLINT,tt_hyperbolic_smallint,DOUBLE,264,0,false,7,0,10000000,flink,4,1.129176,0
10000000,SMALLINT,1,previous,SINH_SMALLINT,tt_hyperbolic_smallint,DOUBLE,264,0,false,7,0,10000000,native,4,1.127645,0
10000000,SMALLINT,1,previous,TANH_SMALLINT,tt_hyperbolic_smallint,DOUBLE,264,0,false,7,0,10000000,flink,0,1.049441,0
10000000,SMALLINT,1,previous,TANH_SMALLINT,tt_hyperbolic_smallint,DOUBLE,264,0,false,7,0,10000000,native,0,1.124235,0
10000000,SMALLINT,1,previous,TANH_SMALLINT,tt_hyperbolic_smallint,DOUBLE,264,0,false,7,0,10000000,native,1,1.129397,0
10000000,SMALLINT,1,previous,TANH_SMALLINT,tt_hyperbolic_smallint,DOUBLE,264,0,false,7,0,10000000,flink,1,1.063836,0
10000000,SMALLINT,1,previous,TANH_SMALLINT,tt_hyperbolic_smallint,DOUBLE,264,0,false,7,0,10000000,flink,2,1.031582,0
10000000,SMALLINT,1,previous,TANH_SMALLINT,tt_hyperbolic_smallint,DOUBLE,264,0,false,7,0,10000000,native,2,1.130630,0
10000000,SMALLINT,1,previous,TANH_SMALLINT,tt_hyperbolic_smallint,DOUBLE,264,0,false,7,0,10000000,native,3,1.132822,0
10000000,SMALLINT,1,previous,TANH_SMALLINT,tt_hyperbolic_smallint,DOUBLE,264,0,false,7,0,10000000,flink,3,1.035720,0
10000000,SMALLINT,1,previous,TANH_SMALLINT,tt_hyperbolic_smallint,DOUBLE,264,0,false,7,0,10000000,flink,4,1.034738,0
10000000,SMALLINT,1,previous,TANH_SMALLINT,tt_hyperbolic_smallint,DOUBLE,264,0,false,7,0,10000000,native,4,1.110772,0
10000000,SMALLINT,2,original,BASELINE_tt_hyperbolic_smallint,tt_hyperbolic_smallint,SMALLINT,264,0,false,7,0,10000000,flink,0,0.793449,0
10000000,SMALLINT,2,original,BASELINE_tt_hyperbolic_smallint,tt_hyperbolic_smallint,SMALLINT,264,0,false,7,0,10000000,native,0,1.065312,0
10000000,SMALLINT,2,original,BASELINE_tt_hyperbolic_smallint,tt_hyperbolic_smallint,SMALLINT,264,0,false,7,0,10000000,native,1,1.057055,0
10000000,SMALLINT,2,original,BASELINE_tt_hyperbolic_smallint,tt_hyperbolic_smallint,SMALLINT,264,0,false,7,0,10000000,flink,1,0.799902,0
10000000,SMALLINT,2,original,BASELINE_tt_hyperbolic_smallint,tt_hyperbolic_smallint,SMALLINT,264,0,false,7,0,10000000,flink,2,0.808260,0
10000000,SMALLINT,2,original,BASELINE_tt_hyperbolic_smallint,tt_hyperbolic_smallint,SMALLINT,264,0,false,7,0,10000000,native,2,1.040579,0
10000000,SMALLINT,2,original,BASELINE_tt_hyperbolic_smallint,tt_hyperbolic_smallint,SMALLINT,264,0,false,7,0,10000000,native,3,1.042723,0
10000000,SMALLINT,2,original,BASELINE_tt_hyperbolic_smallint,tt_hyperbolic_smallint,SMALLINT,264,0,false,7,0,10000000,flink,3,0.817662,0
10000000,SMALLINT,2,original,BASELINE_tt_hyperbolic_smallint,tt_hyperbolic_smallint,SMALLINT,264,0,false,7,0,10000000,flink,4,0.819072,0
10000000,SMALLINT,2,original,BASELINE_tt_hyperbolic_smallint,tt_hyperbolic_smallint,SMALLINT,264,0,false,7,0,10000000,native,4,1.021725,0
10000000,SMALLINT,2,original,COSH_SMALLINT,tt_hyperbolic_smallint,DOUBLE,264,0,false,7,0,10000000,flink,0,1.124412,0
10000000,SMALLINT,2,original,COSH_SMALLINT,tt_hyperbolic_smallint,DOUBLE,264,0,false,7,0,10000000,native,0,1.107852,0
10000000,SMALLINT,2,original,COSH_SMALLINT,tt_hyperbolic_smallint,DOUBLE,264,0,false,7,0,10000000,native,1,1.121141,0
10000000,SMALLINT,2,original,COSH_SMALLINT,tt_hyperbolic_smallint,DOUBLE,264,0,false,7,0,10000000,flink,1,1.121877,0
10000000,SMALLINT,2,original,COSH_SMALLINT,tt_hyperbolic_smallint,DOUBLE,264,0,false,7,0,10000000,flink,2,1.125932,0
10000000,SMALLINT,2,original,COSH_SMALLINT,tt_hyperbolic_smallint,DOUBLE,264,0,false,7,0,10000000,native,2,1.131318,0
10000000,SMALLINT,2,original,COSH_SMALLINT,tt_hyperbolic_smallint,DOUBLE,264,0,false,7,0,10000000,native,3,1.152546,0
10000000,SMALLINT,2,original,COSH_SMALLINT,tt_hyperbolic_smallint,DOUBLE,264,0,false,7,0,10000000,flink,3,1.120503,0
10000000,SMALLINT,2,original,COSH_SMALLINT,tt_hyperbolic_smallint,DOUBLE,264,0,false,7,0,10000000,flink,4,1.120294,0
10000000,SMALLINT,2,original,COSH_SMALLINT,tt_hyperbolic_smallint,DOUBLE,264,0,false,7,0,10000000,native,4,1.127845,0
10000000,SMALLINT,2,original,SINH_SMALLINT,tt_hyperbolic_smallint,DOUBLE,264,0,false,7,0,10000000,flink,0,1.136748,0
10000000,SMALLINT,2,original,SINH_SMALLINT,tt_hyperbolic_smallint,DOUBLE,264,0,false,7,0,10000000,native,0,1.143947,0
10000000,SMALLINT,2,original,SINH_SMALLINT,tt_hyperbolic_smallint,DOUBLE,264,0,false,7,0,10000000,native,1,1.123208,0
10000000,SMALLINT,2,original,SINH_SMALLINT,tt_hyperbolic_smallint,DOUBLE,264,0,false,7,0,10000000,flink,1,1.121079,0
10000000,SMALLINT,2,original,SINH_SMALLINT,tt_hyperbolic_smallint,DOUBLE,264,0,false,7,0,10000000,flink,2,1.139395,0
10000000,SMALLINT,2,original,SINH_SMALLINT,tt_hyperbolic_smallint,DOUBLE,264,0,false,7,0,10000000,native,2,1.130228,0
10000000,SMALLINT,2,original,SINH_SMALLINT,tt_hyperbolic_smallint,DOUBLE,264,0,false,7,0,10000000,native,3,1.117517,0
10000000,SMALLINT,2,original,SINH_SMALLINT,tt_hyperbolic_smallint,DOUBLE,264,0,false,7,0,10000000,flink,3,1.128788,0
10000000,SMALLINT,2,original,SINH_SMALLINT,tt_hyperbolic_smallint,DOUBLE,264,0,false,7,0,10000000,flink,4,1.117653,0
10000000,SMALLINT,2,original,SINH_SMALLINT,tt_hyperbolic_smallint,DOUBLE,264,0,false,7,0,10000000,native,4,1.131477,0
10000000,SMALLINT,2,original,TANH_SMALLINT,tt_hyperbolic_smallint,DOUBLE,264,0,false,7,0,10000000,flink,0,0.989052,0
10000000,SMALLINT,2,original,TANH_SMALLINT,tt_hyperbolic_smallint,DOUBLE,264,0,false,7,0,10000000,native,0,0.978030,0
10000000,SMALLINT,2,original,TANH_SMALLINT,tt_hyperbolic_smallint,DOUBLE,264,0,false,7,0,10000000,native,1,0.999898,0
10000000,SMALLINT,2,original,TANH_SMALLINT,tt_hyperbolic_smallint,DOUBLE,264,0,false,7,0,10000000,flink,1,1.010289,0
10000000,SMALLINT,2,original,TANH_SMALLINT,tt_hyperbolic_smallint,DOUBLE,264,0,false,7,0,10000000,flink,2,0.993167,0
10000000,SMALLINT,2,original,TANH_SMALLINT,tt_hyperbolic_smallint,DOUBLE,264,0,false,7,0,10000000,native,2,0.981409,0
10000000,SMALLINT,2,original,TANH_SMALLINT,tt_hyperbolic_smallint,DOUBLE,264,0,false,7,0,10000000,native,3,1.006821,0
10000000,SMALLINT,2,original,TANH_SMALLINT,tt_hyperbolic_smallint,DOUBLE,264,0,false,7,0,10000000,flink,3,0.994516,0
10000000,SMALLINT,2,original,TANH_SMALLINT,tt_hyperbolic_smallint,DOUBLE,264,0,false,7,0,10000000,flink,4,0.989119,0
10000000,SMALLINT,2,original,TANH_SMALLINT,tt_hyperbolic_smallint,DOUBLE,264,0,false,7,0,10000000,native,4,0.996575,0
10000000,SMALLINT,3,original,BASELINE_tt_hyperbolic_smallint,tt_hyperbolic_smallint,SMALLINT,264,0,false,7,0,10000000,flink,0,0.809906,0
10000000,SMALLINT,3,original,BASELINE_tt_hyperbolic_smallint,tt_hyperbolic_smallint,SMALLINT,264,0,false,7,0,10000000,native,0,1.070849,0
10000000,SMALLINT,3,original,BASELINE_tt_hyperbolic_smallint,tt_hyperbolic_smallint,SMALLINT,264,0,false,7,0,10000000,native,1,1.032630,0
10000000,SMALLINT,3,original,BASELINE_tt_hyperbolic_smallint,tt_hyperbolic_smallint,SMALLINT,264,0,false,7,0,10000000,flink,1,0.805896,0
10000000,SMALLINT,3,original,BASELINE_tt_hyperbolic_smallint,tt_hyperbolic_smallint,SMALLINT,264,0,false,7,0,10000000,flink,2,0.794857,0
10000000,SMALLINT,3,original,BASELINE_tt_hyperbolic_smallint,tt_hyperbolic_smallint,SMALLINT,264,0,false,7,0,10000000,native,2,1.034426,0
10000000,SMALLINT,3,original,BASELINE_tt_hyperbolic_smallint,tt_hyperbolic_smallint,SMALLINT,264,0,false,7,0,10000000,native,3,1.027800,0
10000000,SMALLINT,3,original,BASELINE_tt_hyperbolic_smallint,tt_hyperbolic_smallint,SMALLINT,264,0,false,7,0,10000000,flink,3,0.834473,0
10000000,SMALLINT,3,original,BASELINE_tt_hyperbolic_smallint,tt_hyperbolic_smallint,SMALLINT,264,0,false,7,0,10000000,flink,4,0.814340,0
10000000,SMALLINT,3,original,BASELINE_tt_hyperbolic_smallint,tt_hyperbolic_smallint,SMALLINT,264,0,false,7,0,10000000,native,4,1.001333,0
10000000,SMALLINT,3,original,COSH_SMALLINT,tt_hyperbolic_smallint,DOUBLE,264,0,false,7,0,10000000,flink,0,1.117871,0
10000000,SMALLINT,3,original,COSH_SMALLINT,tt_hyperbolic_smallint,DOUBLE,264,0,false,7,0,10000000,native,0,1.099505,0
10000000,SMALLINT,3,original,COSH_SMALLINT,tt_hyperbolic_smallint,DOUBLE,264,0,false,7,0,10000000,native,1,1.103894,0
10000000,SMALLINT,3,original,COSH_SMALLINT,tt_hyperbolic_smallint,DOUBLE,264,0,false,7,0,10000000,flink,1,1.098340,0
10000000,SMALLINT,3,original,COSH_SMALLINT,tt_hyperbolic_smallint,DOUBLE,264,0,false,7,0,10000000,flink,2,1.078983,0
10000000,SMALLINT,3,original,COSH_SMALLINT,tt_hyperbolic_smallint,DOUBLE,264,0,false,7,0,10000000,native,2,1.099622,0
10000000,SMALLINT,3,original,COSH_SMALLINT,tt_hyperbolic_smallint,DOUBLE,264,0,false,7,0,10000000,native,3,1.084487,0
10000000,SMALLINT,3,original,COSH_SMALLINT,tt_hyperbolic_smallint,DOUBLE,264,0,false,7,0,10000000,flink,3,1.082871,0
10000000,SMALLINT,3,original,COSH_SMALLINT,tt_hyperbolic_smallint,DOUBLE,264,0,false,7,0,10000000,flink,4,1.102055,0
10000000,SMALLINT,3,original,COSH_SMALLINT,tt_hyperbolic_smallint,DOUBLE,264,0,false,7,0,10000000,native,4,1.090002,0
10000000,SMALLINT,3,original,SINH_SMALLINT,tt_hyperbolic_smallint,DOUBLE,264,0,false,7,0,10000000,flink,0,1.111274,0
10000000,SMALLINT,3,original,SINH_SMALLINT,tt_hyperbolic_smallint,DOUBLE,264,0,false,7,0,10000000,native,0,1.110705,0
10000000,SMALLINT,3,original,SINH_SMALLINT,tt_hyperbolic_smallint,DOUBLE,264,0,false,7,0,10000000,native,1,1.102255,0
10000000,SMALLINT,3,original,SINH_SMALLINT,tt_hyperbolic_smallint,DOUBLE,264,0,false,7,0,10000000,flink,1,1.127099,0
10000000,SMALLINT,3,original,SINH_SMALLINT,tt_hyperbolic_smallint,DOUBLE,264,0,false,7,0,10000000,flink,2,1.120859,0
10000000,SMALLINT,3,original,SINH_SMALLINT,tt_hyperbolic_smallint,DOUBLE,264,0,false,7,0,10000000,native,2,1.108607,0
10000000,SMALLINT,3,original,SINH_SMALLINT,tt_hyperbolic_smallint,DOUBLE,264,0,false,7,0,10000000,native,3,1.117667,0
10000000,SMALLINT,3,original,SINH_SMALLINT,tt_hyperbolic_smallint,DOUBLE,264,0,false,7,0,10000000,flink,3,1.112785,0
10000000,SMALLINT,3,original,SINH_SMALLINT,tt_hyperbolic_smallint,DOUBLE,264,0,false,7,0,10000000,flink,4,1.105727,0
10000000,SMALLINT,3,original,SINH_SMALLINT,tt_hyperbolic_smallint,DOUBLE,264,0,false,7,0,10000000,native,4,1.099825,0
10000000,SMALLINT,3,original,TANH_SMALLINT,tt_hyperbolic_smallint,DOUBLE,264,0,false,7,0,10000000,flink,0,0.989085,0
10000000,SMALLINT,3,original,TANH_SMALLINT,tt_hyperbolic_smallint,DOUBLE,264,0,false,7,0,10000000,native,0,0.994941,0
10000000,SMALLINT,3,original,TANH_SMALLINT,tt_hyperbolic_smallint,DOUBLE,264,0,false,7,0,10000000,native,1,0.990979,0
10000000,SMALLINT,3,original,TANH_SMALLINT,tt_hyperbolic_smallint,DOUBLE,264,0,false,7,0,10000000,flink,1,0.996710,0
10000000,SMALLINT,3,original,TANH_SMALLINT,tt_hyperbolic_smallint,DOUBLE,264,0,false,7,0,10000000,flink,2,0.976788,0
10000000,SMALLINT,3,original,TANH_SMALLINT,tt_hyperbolic_smallint,DOUBLE,264,0,false,7,0,10000000,native,2,0.985415,0
10000000,SMALLINT,3,original,TANH_SMALLINT,tt_hyperbolic_smallint,DOUBLE,264,0,false,7,0,10000000,native,3,1.018288,0
10000000,SMALLINT,3,original,TANH_SMALLINT,tt_hyperbolic_smallint,DOUBLE,264,0,false,7,0,10000000,flink,3,1.005614,0
10000000,SMALLINT,3,original,TANH_SMALLINT,tt_hyperbolic_smallint,DOUBLE,264,0,false,7,0,10000000,flink,4,1.002374,0
10000000,SMALLINT,3,original,TANH_SMALLINT,tt_hyperbolic_smallint,DOUBLE,264,0,false,7,0,10000000,native,4,0.976940,0
10000000,SMALLINT,4,previous,BASELINE_tt_hyperbolic_smallint,tt_hyperbolic_smallint,SMALLINT,264,0,false,7,0,10000000,flink,0,0.806132,0
10000000,SMALLINT,4,previous,BASELINE_tt_hyperbolic_smallint,tt_hyperbolic_smallint,SMALLINT,264,0,false,7,0,10000000,native,0,1.035069,0
10000000,SMALLINT,4,previous,BASELINE_tt_hyperbolic_smallint,tt_hyperbolic_smallint,SMALLINT,264,0,false,7,0,10000000,native,1,1.033470,0
10000000,SMALLINT,4,previous,BASELINE_tt_hyperbolic_smallint,tt_hyperbolic_smallint,SMALLINT,264,0,false,7,0,10000000,flink,1,0.814014,0
10000000,SMALLINT,4,previous,BASELINE_tt_hyperbolic_smallint,tt_hyperbolic_smallint,SMALLINT,264,0,false,7,0,10000000,flink,2,0.811756,0
10000000,SMALLINT,4,previous,BASELINE_tt_hyperbolic_smallint,tt_hyperbolic_smallint,SMALLINT,264,0,false,7,0,10000000,native,2,1.030616,0
10000000,SMALLINT,4,previous,BASELINE_tt_hyperbolic_smallint,tt_hyperbolic_smallint,SMALLINT,264,0,false,7,0,10000000,native,3,1.039799,0
10000000,SMALLINT,4,previous,BASELINE_tt_hyperbolic_smallint,tt_hyperbolic_smallint,SMALLINT,264,0,false,7,0,10000000,flink,3,0.840258,0
10000000,SMALLINT,4,previous,BASELINE_tt_hyperbolic_smallint,tt_hyperbolic_smallint,SMALLINT,264,0,false,7,0,10000000,flink,4,0.823483,0
10000000,SMALLINT,4,previous,BASELINE_tt_hyperbolic_smallint,tt_hyperbolic_smallint,SMALLINT,264,0,false,7,0,10000000,native,4,1.037424,0
10000000,SMALLINT,4,previous,COSH_SMALLINT,tt_hyperbolic_smallint,DOUBLE,264,0,false,7,0,10000000,flink,0,1.111278,0
10000000,SMALLINT,4,previous,COSH_SMALLINT,tt_hyperbolic_smallint,DOUBLE,264,0,false,7,0,10000000,native,0,1.141569,0
10000000,SMALLINT,4,previous,COSH_SMALLINT,tt_hyperbolic_smallint,DOUBLE,264,0,false,7,0,10000000,native,1,1.125303,0
10000000,SMALLINT,4,previous,COSH_SMALLINT,tt_hyperbolic_smallint,DOUBLE,264,0,false,7,0,10000000,flink,1,1.124397,0
10000000,SMALLINT,4,previous,COSH_SMALLINT,tt_hyperbolic_smallint,DOUBLE,264,0,false,7,0,10000000,flink,2,1.091281,0
10000000,SMALLINT,4,previous,COSH_SMALLINT,tt_hyperbolic_smallint,DOUBLE,264,0,false,7,0,10000000,native,2,1.146306,0
10000000,SMALLINT,4,previous,COSH_SMALLINT,tt_hyperbolic_smallint,DOUBLE,264,0,false,7,0,10000000,native,3,1.128619,0
10000000,SMALLINT,4,previous,COSH_SMALLINT,tt_hyperbolic_smallint,DOUBLE,264,0,false,7,0,10000000,flink,3,1.104007,0
10000000,SMALLINT,4,previous,COSH_SMALLINT,tt_hyperbolic_smallint,DOUBLE,264,0,false,7,0,10000000,flink,4,1.110668,0
10000000,SMALLINT,4,previous,COSH_SMALLINT,tt_hyperbolic_smallint,DOUBLE,264,0,false,7,0,10000000,native,4,1.162384,0
10000000,SMALLINT,4,previous,SINH_SMALLINT,tt_hyperbolic_smallint,DOUBLE,264,0,false,7,0,10000000,flink,0,1.113539,0
10000000,SMALLINT,4,previous,SINH_SMALLINT,tt_hyperbolic_smallint,DOUBLE,264,0,false,7,0,10000000,native,0,1.131879,0
10000000,SMALLINT,4,previous,SINH_SMALLINT,tt_hyperbolic_smallint,DOUBLE,264,0,false,7,0,10000000,native,1,1.155618,0
10000000,SMALLINT,4,previous,SINH_SMALLINT,tt_hyperbolic_smallint,DOUBLE,264,0,false,7,0,10000000,flink,1,1.165976,0
10000000,SMALLINT,4,previous,SINH_SMALLINT,tt_hyperbolic_smallint,DOUBLE,264,0,false,7,0,10000000,flink,2,1.124459,0
10000000,SMALLINT,4,previous,SINH_SMALLINT,tt_hyperbolic_smallint,DOUBLE,264,0,false,7,0,10000000,native,2,1.122450,0
10000000,SMALLINT,4,previous,SINH_SMALLINT,tt_hyperbolic_smallint,DOUBLE,264,0,false,7,0,10000000,native,3,1.141831,0
10000000,SMALLINT,4,previous,SINH_SMALLINT,tt_hyperbolic_smallint,DOUBLE,264,0,false,7,0,10000000,flink,3,1.118457,0
10000000,SMALLINT,4,previous,SINH_SMALLINT,tt_hyperbolic_smallint,DOUBLE,264,0,false,7,0,10000000,flink,4,1.129767,0
10000000,SMALLINT,4,previous,SINH_SMALLINT,tt_hyperbolic_smallint,DOUBLE,264,0,false,7,0,10000000,native,4,1.144913,0
10000000,SMALLINT,4,previous,TANH_SMALLINT,tt_hyperbolic_smallint,DOUBLE,264,0,false,7,0,10000000,flink,0,0.997795,0
10000000,SMALLINT,4,previous,TANH_SMALLINT,tt_hyperbolic_smallint,DOUBLE,264,0,false,7,0,10000000,native,0,1.110558,0
10000000,SMALLINT,4,previous,TANH_SMALLINT,tt_hyperbolic_smallint,DOUBLE,264,0,false,7,0,10000000,native,1,1.117178,0
10000000,SMALLINT,4,previous,TANH_SMALLINT,tt_hyperbolic_smallint,DOUBLE,264,0,false,7,0,10000000,flink,1,1.005655,0
10000000,SMALLINT,4,previous,TANH_SMALLINT,tt_hyperbolic_smallint,DOUBLE,264,0,false,7,0,10000000,flink,2,0.999411,0
10000000,SMALLINT,4,previous,TANH_SMALLINT,tt_hyperbolic_smallint,DOUBLE,264,0,false,7,0,10000000,native,2,1.111466,0
10000000,SMALLINT,4,previous,TANH_SMALLINT,tt_hyperbolic_smallint,DOUBLE,264,0,false,7,0,10000000,native,3,1.134536,0
10000000,SMALLINT,4,previous,TANH_SMALLINT,tt_hyperbolic_smallint,DOUBLE,264,0,false,7,0,10000000,flink,3,1.021665,0
10000000,SMALLINT,4,previous,TANH_SMALLINT,tt_hyperbolic_smallint,DOUBLE,264,0,false,7,0,10000000,flink,4,1.030769,0
10000000,SMALLINT,4,previous,TANH_SMALLINT,tt_hyperbolic_smallint,DOUBLE,264,0,false,7,0,10000000,native,4,1.120069,0
10000000,SMALLINT,5,candidate,BASELINE_tt_hyperbolic_smallint,tt_hyperbolic_smallint,SMALLINT,264,0,false,7,0,10000000,flink,0,0.809658,0
10000000,SMALLINT,5,candidate,BASELINE_tt_hyperbolic_smallint,tt_hyperbolic_smallint,SMALLINT,264,0,false,7,0,10000000,native,0,1.056754,0
10000000,SMALLINT,5,candidate,BASELINE_tt_hyperbolic_smallint,tt_hyperbolic_smallint,SMALLINT,264,0,false,7,0,10000000,native,1,1.017255,0
10000000,SMALLINT,5,candidate,BASELINE_tt_hyperbolic_smallint,tt_hyperbolic_smallint,SMALLINT,264,0,false,7,0,10000000,flink,1,0.814511,0
10000000,SMALLINT,5,candidate,BASELINE_tt_hyperbolic_smallint,tt_hyperbolic_smallint,SMALLINT,264,0,false,7,0,10000000,flink,2,0.803001,0
10000000,SMALLINT,5,candidate,BASELINE_tt_hyperbolic_smallint,tt_hyperbolic_smallint,SMALLINT,264,0,false,7,0,10000000,native,2,1.031261,0
10000000,SMALLINT,5,candidate,BASELINE_tt_hyperbolic_smallint,tt_hyperbolic_smallint,SMALLINT,264,0,false,7,0,10000000,native,3,1.026678,0
10000000,SMALLINT,5,candidate,BASELINE_tt_hyperbolic_smallint,tt_hyperbolic_smallint,SMALLINT,264,0,false,7,0,10000000,flink,3,0.827764,0
10000000,SMALLINT,5,candidate,BASELINE_tt_hyperbolic_smallint,tt_hyperbolic_smallint,SMALLINT,264,0,false,7,0,10000000,flink,4,0.815231,0
10000000,SMALLINT,5,candidate,BASELINE_tt_hyperbolic_smallint,tt_hyperbolic_smallint,SMALLINT,264,0,false,7,0,10000000,native,4,0.990558,0
10000000,SMALLINT,5,candidate,COSH_SMALLINT,tt_hyperbolic_smallint,DOUBLE,264,0,false,7,0,10000000,flink,0,1.092402,0
10000000,SMALLINT,5,candidate,COSH_SMALLINT,tt_hyperbolic_smallint,DOUBLE,264,0,false,7,0,10000000,native,0,1.121418,0
10000000,SMALLINT,5,candidate,COSH_SMALLINT,tt_hyperbolic_smallint,DOUBLE,264,0,false,7,0,10000000,native,1,1.125882,0
10000000,SMALLINT,5,candidate,COSH_SMALLINT,tt_hyperbolic_smallint,DOUBLE,264,0,false,7,0,10000000,flink,1,1.111611,0
10000000,SMALLINT,5,candidate,COSH_SMALLINT,tt_hyperbolic_smallint,DOUBLE,264,0,false,7,0,10000000,flink,2,1.097785,0
10000000,SMALLINT,5,candidate,COSH_SMALLINT,tt_hyperbolic_smallint,DOUBLE,264,0,false,7,0,10000000,native,2,1.133434,0
10000000,SMALLINT,5,candidate,COSH_SMALLINT,tt_hyperbolic_smallint,DOUBLE,264,0,false,7,0,10000000,native,3,1.112320,0
10000000,SMALLINT,5,candidate,COSH_SMALLINT,tt_hyperbolic_smallint,DOUBLE,264,0,false,7,0,10000000,flink,3,1.095150,0
10000000,SMALLINT,5,candidate,COSH_SMALLINT,tt_hyperbolic_smallint,DOUBLE,264,0,false,7,0,10000000,flink,4,1.125111,0
10000000,SMALLINT,5,candidate,COSH_SMALLINT,tt_hyperbolic_smallint,DOUBLE,264,0,false,7,0,10000000,native,4,1.136902,0
10000000,SMALLINT,5,candidate,SINH_SMALLINT,tt_hyperbolic_smallint,DOUBLE,264,0,false,7,0,10000000,flink,0,1.100621,0
10000000,SMALLINT,5,candidate,SINH_SMALLINT,tt_hyperbolic_smallint,DOUBLE,264,0,false,7,0,10000000,native,0,1.129670,0
10000000,SMALLINT,5,candidate,SINH_SMALLINT,tt_hyperbolic_smallint,DOUBLE,264,0,false,7,0,10000000,native,1,1.113702,0
10000000,SMALLINT,5,candidate,SINH_SMALLINT,tt_hyperbolic_smallint,DOUBLE,264,0,false,7,0,10000000,flink,1,1.113182,0
10000000,SMALLINT,5,candidate,SINH_SMALLINT,tt_hyperbolic_smallint,DOUBLE,264,0,false,7,0,10000000,flink,2,1.129623,0
10000000,SMALLINT,5,candidate,SINH_SMALLINT,tt_hyperbolic_smallint,DOUBLE,264,0,false,7,0,10000000,native,2,1.112470,0
10000000,SMALLINT,5,candidate,SINH_SMALLINT,tt_hyperbolic_smallint,DOUBLE,264,0,false,7,0,10000000,native,3,1.115105,0
10000000,SMALLINT,5,candidate,SINH_SMALLINT,tt_hyperbolic_smallint,DOUBLE,264,0,false,7,0,10000000,flink,3,1.143869,0
10000000,SMALLINT,5,candidate,SINH_SMALLINT,tt_hyperbolic_smallint,DOUBLE,264,0,false,7,0,10000000,flink,4,1.127811,0
10000000,SMALLINT,5,candidate,SINH_SMALLINT,tt_hyperbolic_smallint,DOUBLE,264,0,false,7,0,10000000,native,4,1.121159,0
10000000,SMALLINT,5,candidate,TANH_SMALLINT,tt_hyperbolic_smallint,DOUBLE,264,0,false,7,0,10000000,flink,0,0.992147,0
10000000,SMALLINT,5,candidate,TANH_SMALLINT,tt_hyperbolic_smallint,DOUBLE,264,0,false,7,0,10000000,native,0,1.103006,0
10000000,SMALLINT,5,candidate,TANH_SMALLINT,tt_hyperbolic_smallint,DOUBLE,264,0,false,7,0,10000000,native,1,1.095016,0
10000000,SMALLINT,5,candidate,TANH_SMALLINT,tt_hyperbolic_smallint,DOUBLE,264,0,false,7,0,10000000,flink,1,0.985400,0
10000000,SMALLINT,5,candidate,TANH_SMALLINT,tt_hyperbolic_smallint,DOUBLE,264,0,false,7,0,10000000,flink,2,0.993497,0
10000000,SMALLINT,5,candidate,TANH_SMALLINT,tt_hyperbolic_smallint,DOUBLE,264,0,false,7,0,10000000,native,2,1.095418,0
10000000,SMALLINT,5,candidate,TANH_SMALLINT,tt_hyperbolic_smallint,DOUBLE,264,0,false,7,0,10000000,native,3,1.100767,0
10000000,SMALLINT,5,candidate,TANH_SMALLINT,tt_hyperbolic_smallint,DOUBLE,264,0,false,7,0,10000000,flink,3,0.984949,0
10000000,SMALLINT,5,candidate,TANH_SMALLINT,tt_hyperbolic_smallint,DOUBLE,264,0,false,7,0,10000000,flink,4,0.992005,0
10000000,SMALLINT,5,candidate,TANH_SMALLINT,tt_hyperbolic_smallint,DOUBLE,264,0,false,7,0,10000000,native,4,1.113123,0
10000000,INTEGER,0,candidate,BASELINE_tt_hyperbolic_integer,tt_hyperbolic_integer,INT,264,0,false,0,0,10000000,flink,0,0.794520,0
10000000,INTEGER,0,candidate,BASELINE_tt_hyperbolic_integer,tt_hyperbolic_integer,INT,264,0,false,0,0,10000000,native,0,0.970271,0
10000000,INTEGER,0,candidate,BASELINE_tt_hyperbolic_integer,tt_hyperbolic_integer,INT,264,0,false,0,0,10000000,native,1,0.975226,0
10000000,INTEGER,0,candidate,BASELINE_tt_hyperbolic_integer,tt_hyperbolic_integer,INT,264,0,false,0,0,10000000,flink,1,0.812855,0
10000000,INTEGER,0,candidate,BASELINE_tt_hyperbolic_integer,tt_hyperbolic_integer,INT,264,0,false,0,0,10000000,flink,2,0.799979,0
10000000,INTEGER,0,candidate,BASELINE_tt_hyperbolic_integer,tt_hyperbolic_integer,INT,264,0,false,0,0,10000000,native,2,0.971132,0
10000000,INTEGER,0,candidate,BASELINE_tt_hyperbolic_integer,tt_hyperbolic_integer,INT,264,0,false,0,0,10000000,native,3,0.976352,0
10000000,INTEGER,0,candidate,BASELINE_tt_hyperbolic_integer,tt_hyperbolic_integer,INT,264,0,false,0,0,10000000,flink,3,0.812260,0
10000000,INTEGER,0,candidate,BASELINE_tt_hyperbolic_integer,tt_hyperbolic_integer,INT,264,0,false,0,0,10000000,flink,4,0.795375,0
10000000,INTEGER,0,candidate,BASELINE_tt_hyperbolic_integer,tt_hyperbolic_integer,INT,264,0,false,0,0,10000000,native,4,0.966928,0
10000000,INTEGER,0,candidate,COSH_INTEGER,tt_hyperbolic_integer,DOUBLE,264,0,false,0,0,10000000,flink,0,1.103468,0
10000000,INTEGER,0,candidate,COSH_INTEGER,tt_hyperbolic_integer,DOUBLE,264,0,false,0,0,10000000,native,0,1.084915,0
10000000,INTEGER,0,candidate,COSH_INTEGER,tt_hyperbolic_integer,DOUBLE,264,0,false,0,0,10000000,native,1,1.060157,0
10000000,INTEGER,0,candidate,COSH_INTEGER,tt_hyperbolic_integer,DOUBLE,264,0,false,0,0,10000000,flink,1,1.103531,0
10000000,INTEGER,0,candidate,COSH_INTEGER,tt_hyperbolic_integer,DOUBLE,264,0,false,0,0,10000000,flink,2,1.079352,0
10000000,INTEGER,0,candidate,COSH_INTEGER,tt_hyperbolic_integer,DOUBLE,264,0,false,0,0,10000000,native,2,1.063476,0
10000000,INTEGER,0,candidate,COSH_INTEGER,tt_hyperbolic_integer,DOUBLE,264,0,false,0,0,10000000,native,3,1.078972,0
10000000,INTEGER,0,candidate,COSH_INTEGER,tt_hyperbolic_integer,DOUBLE,264,0,false,0,0,10000000,flink,3,1.084731,0
10000000,INTEGER,0,candidate,COSH_INTEGER,tt_hyperbolic_integer,DOUBLE,264,0,false,0,0,10000000,flink,4,1.110435,0
10000000,INTEGER,0,candidate,COSH_INTEGER,tt_hyperbolic_integer,DOUBLE,264,0,false,0,0,10000000,native,4,1.068417,0
10000000,INTEGER,0,candidate,SINH_INTEGER,tt_hyperbolic_integer,DOUBLE,264,0,false,0,0,10000000,flink,0,1.092666,0
10000000,INTEGER,0,candidate,SINH_INTEGER,tt_hyperbolic_integer,DOUBLE,264,0,false,0,0,10000000,native,0,1.064898,0
10000000,INTEGER,0,candidate,SINH_INTEGER,tt_hyperbolic_integer,DOUBLE,264,0,false,0,0,10000000,native,1,1.069561,0
10000000,INTEGER,0,candidate,SINH_INTEGER,tt_hyperbolic_integer,DOUBLE,264,0,false,0,0,10000000,flink,1,1.090965,0
10000000,INTEGER,0,candidate,SINH_INTEGER,tt_hyperbolic_integer,DOUBLE,264,0,false,0,0,10000000,flink,2,1.127254,0
10000000,INTEGER,0,candidate,SINH_INTEGER,tt_hyperbolic_integer,DOUBLE,264,0,false,0,0,10000000,native,2,1.065937,0
10000000,INTEGER,0,candidate,SINH_INTEGER,tt_hyperbolic_integer,DOUBLE,264,0,false,0,0,10000000,native,3,1.077034,0
10000000,INTEGER,0,candidate,SINH_INTEGER,tt_hyperbolic_integer,DOUBLE,264,0,false,0,0,10000000,flink,3,1.108671,0
10000000,INTEGER,0,candidate,SINH_INTEGER,tt_hyperbolic_integer,DOUBLE,264,0,false,0,0,10000000,flink,4,1.092659,0
10000000,INTEGER,0,candidate,SINH_INTEGER,tt_hyperbolic_integer,DOUBLE,264,0,false,0,0,10000000,native,4,1.081041,0
10000000,INTEGER,0,candidate,TANH_INTEGER,tt_hyperbolic_integer,DOUBLE,264,0,false,0,0,10000000,flink,0,0.973967,0
10000000,INTEGER,0,candidate,TANH_INTEGER,tt_hyperbolic_integer,DOUBLE,264,0,false,0,0,10000000,native,0,1.043881,0
10000000,INTEGER,0,candidate,TANH_INTEGER,tt_hyperbolic_integer,DOUBLE,264,0,false,0,0,10000000,native,1,1.067336,0
10000000,INTEGER,0,candidate,TANH_INTEGER,tt_hyperbolic_integer,DOUBLE,264,0,false,0,0,10000000,flink,1,0.968606,0
10000000,INTEGER,0,candidate,TANH_INTEGER,tt_hyperbolic_integer,DOUBLE,264,0,false,0,0,10000000,flink,2,0.971635,0
10000000,INTEGER,0,candidate,TANH_INTEGER,tt_hyperbolic_integer,DOUBLE,264,0,false,0,0,10000000,native,2,1.029847,0
10000000,INTEGER,0,candidate,TANH_INTEGER,tt_hyperbolic_integer,DOUBLE,264,0,false,0,0,10000000,native,3,1.039774,0
10000000,INTEGER,0,candidate,TANH_INTEGER,tt_hyperbolic_integer,DOUBLE,264,0,false,0,0,10000000,flink,3,0.971022,0
10000000,INTEGER,0,candidate,TANH_INTEGER,tt_hyperbolic_integer,DOUBLE,264,0,false,0,0,10000000,flink,4,0.979017,0
10000000,INTEGER,0,candidate,TANH_INTEGER,tt_hyperbolic_integer,DOUBLE,264,0,false,0,0,10000000,native,4,1.046285,0
10000000,INTEGER,1,previous,BASELINE_tt_hyperbolic_integer,tt_hyperbolic_integer,INT,264,0,false,0,0,10000000,flink,0,0.774185,0
10000000,INTEGER,1,previous,BASELINE_tt_hyperbolic_integer,tt_hyperbolic_integer,INT,264,0,false,0,0,10000000,native,0,1.024764,0
10000000,INTEGER,1,previous,BASELINE_tt_hyperbolic_integer,tt_hyperbolic_integer,INT,264,0,false,0,0,10000000,native,1,0.978286,0
10000000,INTEGER,1,previous,BASELINE_tt_hyperbolic_integer,tt_hyperbolic_integer,INT,264,0,false,0,0,10000000,flink,1,0.760090,0
10000000,INTEGER,1,previous,BASELINE_tt_hyperbolic_integer,tt_hyperbolic_integer,INT,264,0,false,0,0,10000000,flink,2,0.780587,0
10000000,INTEGER,1,previous,BASELINE_tt_hyperbolic_integer,tt_hyperbolic_integer,INT,264,0,false,0,0,10000000,native,2,0.990623,0
10000000,INTEGER,1,previous,BASELINE_tt_hyperbolic_integer,tt_hyperbolic_integer,INT,264,0,false,0,0,10000000,native,3,0.961670,0
10000000,INTEGER,1,previous,BASELINE_tt_hyperbolic_integer,tt_hyperbolic_integer,INT,264,0,false,0,0,10000000,flink,3,0.782185,0
10000000,INTEGER,1,previous,BASELINE_tt_hyperbolic_integer,tt_hyperbolic_integer,INT,264,0,false,0,0,10000000,flink,4,0.785607,0
10000000,INTEGER,1,previous,BASELINE_tt_hyperbolic_integer,tt_hyperbolic_integer,INT,264,0,false,0,0,10000000,native,4,0.969306,0
10000000,INTEGER,1,previous,COSH_INTEGER,tt_hyperbolic_integer,DOUBLE,264,0,false,0,0,10000000,flink,0,1.083060,0
10000000,INTEGER,1,previous,COSH_INTEGER,tt_hyperbolic_integer,DOUBLE,264,0,false,0,0,10000000,native,0,1.078565,0
10000000,INTEGER,1,previous,COSH_INTEGER,tt_hyperbolic_integer,DOUBLE,264,0,false,0,0,10000000,native,1,1.159230,0
10000000,INTEGER,1,previous,COSH_INTEGER,tt_hyperbolic_integer,DOUBLE,264,0,false,0,0,10000000,flink,1,1.103865,0
10000000,INTEGER,1,previous,COSH_INTEGER,tt_hyperbolic_integer,DOUBLE,264,0,false,0,0,10000000,flink,2,1.077589,0
10000000,INTEGER,1,previous,COSH_INTEGER,tt_hyperbolic_integer,DOUBLE,264,0,false,0,0,10000000,native,2,1.075811,0
10000000,INTEGER,1,previous,COSH_INTEGER,tt_hyperbolic_integer,DOUBLE,264,0,false,0,0,10000000,native,3,1.072117,0
10000000,INTEGER,1,previous,COSH_INTEGER,tt_hyperbolic_integer,DOUBLE,264,0,false,0,0,10000000,flink,3,1.107028,0
10000000,INTEGER,1,previous,COSH_INTEGER,tt_hyperbolic_integer,DOUBLE,264,0,false,0,0,10000000,flink,4,1.081625,0
10000000,INTEGER,1,previous,COSH_INTEGER,tt_hyperbolic_integer,DOUBLE,264,0,false,0,0,10000000,native,4,1.097150,0
10000000,INTEGER,1,previous,SINH_INTEGER,tt_hyperbolic_integer,DOUBLE,264,0,false,0,0,10000000,flink,0,1.128865,0
10000000,INTEGER,1,previous,SINH_INTEGER,tt_hyperbolic_integer,DOUBLE,264,0,false,0,0,10000000,native,0,1.082252,0
10000000,INTEGER,1,previous,SINH_INTEGER,tt_hyperbolic_integer,DOUBLE,264,0,false,0,0,10000000,native,1,1.084377,0
10000000,INTEGER,1,previous,SINH_INTEGER,tt_hyperbolic_integer,DOUBLE,264,0,false,0,0,10000000,flink,1,1.097399,0
10000000,INTEGER,1,previous,SINH_INTEGER,tt_hyperbolic_integer,DOUBLE,264,0,false,0,0,10000000,flink,2,1.106171,0
10000000,INTEGER,1,previous,SINH_INTEGER,tt_hyperbolic_integer,DOUBLE,264,0,false,0,0,10000000,native,2,1.075471,0
10000000,INTEGER,1,previous,SINH_INTEGER,tt_hyperbolic_integer,DOUBLE,264,0,false,0,0,10000000,native,3,1.096767,0
10000000,INTEGER,1,previous,SINH_INTEGER,tt_hyperbolic_integer,DOUBLE,264,0,false,0,0,10000000,flink,3,1.122761,0
10000000,INTEGER,1,previous,SINH_INTEGER,tt_hyperbolic_integer,DOUBLE,264,0,false,0,0,10000000,flink,4,1.097744,0
10000000,INTEGER,1,previous,SINH_INTEGER,tt_hyperbolic_integer,DOUBLE,264,0,false,0,0,10000000,native,4,1.072878,0
10000000,INTEGER,1,previous,TANH_INTEGER,tt_hyperbolic_integer,DOUBLE,264,0,false,0,0,10000000,flink,0,0.975470,0
10000000,INTEGER,1,previous,TANH_INTEGER,tt_hyperbolic_integer,DOUBLE,264,0,false,0,0,10000000,native,0,1.056468,0
10000000,INTEGER,1,previous,TANH_INTEGER,tt_hyperbolic_integer,DOUBLE,264,0,false,0,0,10000000,native,1,1.062416,0
10000000,INTEGER,1,previous,TANH_INTEGER,tt_hyperbolic_integer,DOUBLE,264,0,false,0,0,10000000,flink,1,0.969357,0
10000000,INTEGER,1,previous,TANH_INTEGER,tt_hyperbolic_integer,DOUBLE,264,0,false,0,0,10000000,flink,2,0.961124,0
10000000,INTEGER,1,previous,TANH_INTEGER,tt_hyperbolic_integer,DOUBLE,264,0,false,0,0,10000000,native,2,1.046418,0
10000000,INTEGER,1,previous,TANH_INTEGER,tt_hyperbolic_integer,DOUBLE,264,0,false,0,0,10000000,native,3,1.060903,0
10000000,INTEGER,1,previous,TANH_INTEGER,tt_hyperbolic_integer,DOUBLE,264,0,false,0,0,10000000,flink,3,0.969080,0
10000000,INTEGER,1,previous,TANH_INTEGER,tt_hyperbolic_integer,DOUBLE,264,0,false,0,0,10000000,flink,4,0.978900,0
10000000,INTEGER,1,previous,TANH_INTEGER,tt_hyperbolic_integer,DOUBLE,264,0,false,0,0,10000000,native,4,1.045210,0
10000000,INTEGER,2,original,BASELINE_tt_hyperbolic_integer,tt_hyperbolic_integer,INT,264,0,false,0,0,10000000,flink,0,0.771589,0
10000000,INTEGER,2,original,BASELINE_tt_hyperbolic_integer,tt_hyperbolic_integer,INT,264,0,false,0,0,10000000,native,0,0.981800,0
10000000,INTEGER,2,original,BASELINE_tt_hyperbolic_integer,tt_hyperbolic_integer,INT,264,0,false,0,0,10000000,native,1,0.970737,0
10000000,INTEGER,2,original,BASELINE_tt_hyperbolic_integer,tt_hyperbolic_integer,INT,264,0,false,0,0,10000000,flink,1,0.774584,0
10000000,INTEGER,2,original,BASELINE_tt_hyperbolic_integer,tt_hyperbolic_integer,INT,264,0,false,0,0,10000000,flink,2,0.801964,0
10000000,INTEGER,2,original,BASELINE_tt_hyperbolic_integer,tt_hyperbolic_integer,INT,264,0,false,0,0,10000000,native,2,0.975094,0
10000000,INTEGER,2,original,BASELINE_tt_hyperbolic_integer,tt_hyperbolic_integer,INT,264,0,false,0,0,10000000,native,3,0.963168,0
10000000,INTEGER,2,original,BASELINE_tt_hyperbolic_integer,tt_hyperbolic_integer,INT,264,0,false,0,0,10000000,flink,3,0.815029,0
10000000,INTEGER,2,original,BASELINE_tt_hyperbolic_integer,tt_hyperbolic_integer,INT,264,0,false,0,0,10000000,flink,4,0.774142,0
10000000,INTEGER,2,original,BASELINE_tt_hyperbolic_integer,tt_hyperbolic_integer,INT,264,0,false,0,0,10000000,native,4,0.970940,0
10000000,INTEGER,2,original,COSH_INTEGER,tt_hyperbolic_integer,DOUBLE,264,0,false,0,0,10000000,flink,0,1.089278,0
10000000,INTEGER,2,original,COSH_INTEGER,tt_hyperbolic_integer,DOUBLE,264,0,false,0,0,10000000,native,0,1.082321,0
10000000,INTEGER,2,original,COSH_INTEGER,tt_hyperbolic_integer,DOUBLE,264,0,false,0,0,10000000,native,1,1.073782,0
10000000,INTEGER,2,original,COSH_INTEGER,tt_hyperbolic_integer,DOUBLE,264,0,false,0,0,10000000,flink,1,1.071627,0
10000000,INTEGER,2,original,COSH_INTEGER,tt_hyperbolic_integer,DOUBLE,264,0,false,0,0,10000000,flink,2,1.076353,0
10000000,INTEGER,2,original,COSH_INTEGER,tt_hyperbolic_integer,DOUBLE,264,0,false,0,0,10000000,native,2,1.072915,0
10000000,INTEGER,2,original,COSH_INTEGER,tt_hyperbolic_integer,DOUBLE,264,0,false,0,0,10000000,native,3,1.076537,0
10000000,INTEGER,2,original,COSH_INTEGER,tt_hyperbolic_integer,DOUBLE,264,0,false,0,0,10000000,flink,3,1.069641,0
10000000,INTEGER,2,original,COSH_INTEGER,tt_hyperbolic_integer,DOUBLE,264,0,false,0,0,10000000,flink,4,1.095867,0
10000000,INTEGER,2,original,COSH_INTEGER,tt_hyperbolic_integer,DOUBLE,264,0,false,0,0,10000000,native,4,1.077449,0
10000000,INTEGER,2,original,SINH_INTEGER,tt_hyperbolic_integer,DOUBLE,264,0,false,0,0,10000000,flink,0,1.107490,0
10000000,INTEGER,2,original,SINH_INTEGER,tt_hyperbolic_integer,DOUBLE,264,0,false,0,0,10000000,native,0,1.089491,0
10000000,INTEGER,2,original,SINH_INTEGER,tt_hyperbolic_integer,DOUBLE,264,0,false,0,0,10000000,native,1,1.149572,0
10000000,INTEGER,2,original,SINH_INTEGER,tt_hyperbolic_integer,DOUBLE,264,0,false,0,0,10000000,flink,1,1.089703,0
10000000,INTEGER,2,original,SINH_INTEGER,tt_hyperbolic_integer,DOUBLE,264,0,false,0,0,10000000,flink,2,1.085498,0
10000000,INTEGER,2,original,SINH_INTEGER,tt_hyperbolic_integer,DOUBLE,264,0,false,0,0,10000000,native,2,1.092015,0
10000000,INTEGER,2,original,SINH_INTEGER,tt_hyperbolic_integer,DOUBLE,264,0,false,0,0,10000000,native,3,1.117876,0
10000000,INTEGER,2,original,SINH_INTEGER,tt_hyperbolic_integer,DOUBLE,264,0,false,0,0,10000000,flink,3,1.096805,0
10000000,INTEGER,2,original,SINH_INTEGER,tt_hyperbolic_integer,DOUBLE,264,0,false,0,0,10000000,flink,4,1.100320,0
10000000,INTEGER,2,original,SINH_INTEGER,tt_hyperbolic_integer,DOUBLE,264,0,false,0,0,10000000,native,4,1.102987,0
10000000,INTEGER,2,original,TANH_INTEGER,tt_hyperbolic_integer,DOUBLE,264,0,false,0,0,10000000,flink,0,0.957623,0
10000000,INTEGER,2,original,TANH_INTEGER,tt_hyperbolic_integer,DOUBLE,264,0,false,0,0,10000000,native,0,0.953519,0
10000000,INTEGER,2,original,TANH_INTEGER,tt_hyperbolic_integer,DOUBLE,264,0,false,0,0,10000000,native,1,0.967257,0
10000000,INTEGER,2,original,TANH_INTEGER,tt_hyperbolic_integer,DOUBLE,264,0,false,0,0,10000000,flink,1,0.962713,0
10000000,INTEGER,2,original,TANH_INTEGER,tt_hyperbolic_integer,DOUBLE,264,0,false,0,0,10000000,flink,2,0.957411,0
10000000,INTEGER,2,original,TANH_INTEGER,tt_hyperbolic_integer,DOUBLE,264,0,false,0,0,10000000,native,2,0.959852,0
10000000,INTEGER,2,original,TANH_INTEGER,tt_hyperbolic_integer,DOUBLE,264,0,false,0,0,10000000,native,3,0.962839,0
10000000,INTEGER,2,original,TANH_INTEGER,tt_hyperbolic_integer,DOUBLE,264,0,false,0,0,10000000,flink,3,1.125215,0
10000000,INTEGER,2,original,TANH_INTEGER,tt_hyperbolic_integer,DOUBLE,264,0,false,0,0,10000000,flink,4,0.982018,0
10000000,INTEGER,2,original,TANH_INTEGER,tt_hyperbolic_integer,DOUBLE,264,0,false,0,0,10000000,native,4,0.952081,0
10000000,INTEGER,3,original,BASELINE_tt_hyperbolic_integer,tt_hyperbolic_integer,INT,264,0,false,0,0,10000000,flink,0,0.786258,0
10000000,INTEGER,3,original,BASELINE_tt_hyperbolic_integer,tt_hyperbolic_integer,INT,264,0,false,0,0,10000000,native,0,1.004301,0
10000000,INTEGER,3,original,BASELINE_tt_hyperbolic_integer,tt_hyperbolic_integer,INT,264,0,false,0,0,10000000,native,1,0.981843,0
10000000,INTEGER,3,original,BASELINE_tt_hyperbolic_integer,tt_hyperbolic_integer,INT,264,0,false,0,0,10000000,flink,1,0.779171,0
10000000,INTEGER,3,original,BASELINE_tt_hyperbolic_integer,tt_hyperbolic_integer,INT,264,0,false,0,0,10000000,flink,2,0.787892,0
10000000,INTEGER,3,original,BASELINE_tt_hyperbolic_integer,tt_hyperbolic_integer,INT,264,0,false,0,0,10000000,native,2,0.961420,0
10000000,INTEGER,3,original,BASELINE_tt_hyperbolic_integer,tt_hyperbolic_integer,INT,264,0,false,0,0,10000000,native,3,0.971001,0
10000000,INTEGER,3,original,BASELINE_tt_hyperbolic_integer,tt_hyperbolic_integer,INT,264,0,false,0,0,10000000,flink,3,0.795855,0
10000000,INTEGER,3,original,BASELINE_tt_hyperbolic_integer,tt_hyperbolic_integer,INT,264,0,false,0,0,10000000,flink,4,0.771416,0
10000000,INTEGER,3,original,BASELINE_tt_hyperbolic_integer,tt_hyperbolic_integer,INT,264,0,false,0,0,10000000,native,4,0.967194,0
10000000,INTEGER,3,original,COSH_INTEGER,tt_hyperbolic_integer,DOUBLE,264,0,false,0,0,10000000,flink,0,1.077291,0
10000000,INTEGER,3,original,COSH_INTEGER,tt_hyperbolic_integer,DOUBLE,264,0,false,0,0,10000000,native,0,1.063828,0
10000000,INTEGER,3,original,COSH_INTEGER,tt_hyperbolic_integer,DOUBLE,264,0,false,0,0,10000000,native,1,1.063478,0
10000000,INTEGER,3,original,COSH_INTEGER,tt_hyperbolic_integer,DOUBLE,264,0,false,0,0,10000000,flink,1,1.094784,0
10000000,INTEGER,3,original,COSH_INTEGER,tt_hyperbolic_integer,DOUBLE,264,0,false,0,0,10000000,flink,2,1.079919,0
10000000,INTEGER,3,original,COSH_INTEGER,tt_hyperbolic_integer,DOUBLE,264,0,false,0,0,10000000,native,2,1.094015,0
10000000,INTEGER,3,original,COSH_INTEGER,tt_hyperbolic_integer,DOUBLE,264,0,false,0,0,10000000,native,3,1.085075,0
10000000,INTEGER,3,original,COSH_INTEGER,tt_hyperbolic_integer,DOUBLE,264,0,false,0,0,10000000,flink,3,1.086539,0
10000000,INTEGER,3,original,COSH_INTEGER,tt_hyperbolic_integer,DOUBLE,264,0,false,0,0,10000000,flink,4,1.102968,0
10000000,INTEGER,3,original,COSH_INTEGER,tt_hyperbolic_integer,DOUBLE,264,0,false,0,0,10000000,native,4,1.075371,0
10000000,INTEGER,3,original,SINH_INTEGER,tt_hyperbolic_integer,DOUBLE,264,0,false,0,0,10000000,flink,0,1.103402,0
10000000,INTEGER,3,original,SINH_INTEGER,tt_hyperbolic_integer,DOUBLE,264,0,false,0,0,10000000,native,0,1.108377,0
10000000,INTEGER,3,original,SINH_INTEGER,tt_hyperbolic_integer,DOUBLE,264,0,false,0,0,10000000,native,1,1.111396,0
10000000,INTEGER,3,original,SINH_INTEGER,tt_hyperbolic_integer,DOUBLE,264,0,false,0,0,10000000,flink,1,1.110112,0
10000000,INTEGER,3,original,SINH_INTEGER,tt_hyperbolic_integer,DOUBLE,264,0,false,0,0,10000000,flink,2,1.090038,0
10000000,INTEGER,3,original,SINH_INTEGER,tt_hyperbolic_integer,DOUBLE,264,0,false,0,0,10000000,native,2,1.094217,0
10000000,INTEGER,3,original,SINH_INTEGER,tt_hyperbolic_integer,DOUBLE,264,0,false,0,0,10000000,native,3,1.087769,0
10000000,INTEGER,3,original,SINH_INTEGER,tt_hyperbolic_integer,DOUBLE,264,0,false,0,0,10000000,flink,3,1.108483,0
10000000,INTEGER,3,original,SINH_INTEGER,tt_hyperbolic_integer,DOUBLE,264,0,false,0,0,10000000,flink,4,1.094838,0
10000000,INTEGER,3,original,SINH_INTEGER,tt_hyperbolic_integer,DOUBLE,264,0,false,0,0,10000000,native,4,1.096109,0
10000000,INTEGER,3,original,TANH_INTEGER,tt_hyperbolic_integer,DOUBLE,264,0,false,0,0,10000000,flink,0,0.961710,0
10000000,INTEGER,3,original,TANH_INTEGER,tt_hyperbolic_integer,DOUBLE,264,0,false,0,0,10000000,native,0,0.970698,0
10000000,INTEGER,3,original,TANH_INTEGER,tt_hyperbolic_integer,DOUBLE,264,0,false,0,0,10000000,native,1,0.958985,0
10000000,INTEGER,3,original,TANH_INTEGER,tt_hyperbolic_integer,DOUBLE,264,0,false,0,0,10000000,flink,1,0.971772,0
10000000,INTEGER,3,original,TANH_INTEGER,tt_hyperbolic_integer,DOUBLE,264,0,false,0,0,10000000,flink,2,0.953474,0
10000000,INTEGER,3,original,TANH_INTEGER,tt_hyperbolic_integer,DOUBLE,264,0,false,0,0,10000000,native,2,0.960776,0
10000000,INTEGER,3,original,TANH_INTEGER,tt_hyperbolic_integer,DOUBLE,264,0,false,0,0,10000000,native,3,0.969663,0
10000000,INTEGER,3,original,TANH_INTEGER,tt_hyperbolic_integer,DOUBLE,264,0,false,0,0,10000000,flink,3,0.962535,0
10000000,INTEGER,3,original,TANH_INTEGER,tt_hyperbolic_integer,DOUBLE,264,0,false,0,0,10000000,flink,4,0.959368,0
10000000,INTEGER,3,original,TANH_INTEGER,tt_hyperbolic_integer,DOUBLE,264,0,false,0,0,10000000,native,4,0.965539,0
10000000,INTEGER,4,previous,BASELINE_tt_hyperbolic_integer,tt_hyperbolic_integer,INT,264,0,false,0,0,10000000,flink,0,0.773715,0
10000000,INTEGER,4,previous,BASELINE_tt_hyperbolic_integer,tt_hyperbolic_integer,INT,264,0,false,0,0,10000000,native,0,0.974138,0
10000000,INTEGER,4,previous,BASELINE_tt_hyperbolic_integer,tt_hyperbolic_integer,INT,264,0,false,0,0,10000000,native,1,0.979026,0
10000000,INTEGER,4,previous,BASELINE_tt_hyperbolic_integer,tt_hyperbolic_integer,INT,264,0,false,0,0,10000000,flink,1,0.812613,0
10000000,INTEGER,4,previous,BASELINE_tt_hyperbolic_integer,tt_hyperbolic_integer,INT,264,0,false,0,0,10000000,flink,2,0.783604,0
10000000,INTEGER,4,previous,BASELINE_tt_hyperbolic_integer,tt_hyperbolic_integer,INT,264,0,false,0,0,10000000,native,2,0.985073,0
10000000,INTEGER,4,previous,BASELINE_tt_hyperbolic_integer,tt_hyperbolic_integer,INT,264,0,false,0,0,10000000,native,3,0.963630,0
10000000,INTEGER,4,previous,BASELINE_tt_hyperbolic_integer,tt_hyperbolic_integer,INT,264,0,false,0,0,10000000,flink,3,0.767897,0
10000000,INTEGER,4,previous,BASELINE_tt_hyperbolic_integer,tt_hyperbolic_integer,INT,264,0,false,0,0,10000000,flink,4,0.774012,0
10000000,INTEGER,4,previous,BASELINE_tt_hyperbolic_integer,tt_hyperbolic_integer,INT,264,0,false,0,0,10000000,native,4,0.959918,0
10000000,INTEGER,4,previous,COSH_INTEGER,tt_hyperbolic_integer,DOUBLE,264,0,false,0,0,10000000,flink,0,1.072193,0
10000000,INTEGER,4,previous,COSH_INTEGER,tt_hyperbolic_integer,DOUBLE,264,0,false,0,0,10000000,native,0,1.068817,0
10000000,INTEGER,4,previous,COSH_INTEGER,tt_hyperbolic_integer,DOUBLE,264,0,false,0,0,10000000,native,1,1.076549,0
10000000,INTEGER,4,previous,COSH_INTEGER,tt_hyperbolic_integer,DOUBLE,264,0,false,0,0,10000000,flink,1,1.089625,0
10000000,INTEGER,4,previous,COSH_INTEGER,tt_hyperbolic_integer,DOUBLE,264,0,false,0,0,10000000,flink,2,1.089968,0
10000000,INTEGER,4,previous,COSH_INTEGER,tt_hyperbolic_integer,DOUBLE,264,0,false,0,0,10000000,native,2,1.071500,0
10000000,INTEGER,4,previous,COSH_INTEGER,tt_hyperbolic_integer,DOUBLE,264,0,false,0,0,10000000,native,3,1.066309,0
10000000,INTEGER,4,previous,COSH_INTEGER,tt_hyperbolic_integer,DOUBLE,264,0,false,0,0,10000000,flink,3,1.107217,0
10000000,INTEGER,4,previous,COSH_INTEGER,tt_hyperbolic_integer,DOUBLE,264,0,false,0,0,10000000,flink,4,1.084630,0
10000000,INTEGER,4,previous,COSH_INTEGER,tt_hyperbolic_integer,DOUBLE,264,0,false,0,0,10000000,native,4,1.083695,0
10000000,INTEGER,4,previous,SINH_INTEGER,tt_hyperbolic_integer,DOUBLE,264,0,false,0,0,10000000,flink,0,1.096362,0
10000000,INTEGER,4,previous,SINH_INTEGER,tt_hyperbolic_integer,DOUBLE,264,0,false,0,0,10000000,native,0,1.102190,0
10000000,INTEGER,4,previous,SINH_INTEGER,tt_hyperbolic_integer,DOUBLE,264,0,false,0,0,10000000,native,1,1.075295,0
10000000,INTEGER,4,previous,SINH_INTEGER,tt_hyperbolic_integer,DOUBLE,264,0,false,0,0,10000000,flink,1,1.097748,0
10000000,INTEGER,4,previous,SINH_INTEGER,tt_hyperbolic_integer,DOUBLE,264,0,false,0,0,10000000,flink,2,1.127507,0
10000000,INTEGER,4,previous,SINH_INTEGER,tt_hyperbolic_integer,DOUBLE,264,0,false,0,0,10000000,native,2,1.080769,0
10000000,INTEGER,4,previous,SINH_INTEGER,tt_hyperbolic_integer,DOUBLE,264,0,false,0,0,10000000,native,3,1.068384,0
10000000,INTEGER,4,previous,SINH_INTEGER,tt_hyperbolic_integer,DOUBLE,264,0,false,0,0,10000000,flink,3,1.112556,0
10000000,INTEGER,4,previous,SINH_INTEGER,tt_hyperbolic_integer,DOUBLE,264,0,false,0,0,10000000,flink,4,1.090915,0
10000000,INTEGER,4,previous,SINH_INTEGER,tt_hyperbolic_integer,DOUBLE,264,0,false,0,0,10000000,native,4,1.070076,0
10000000,INTEGER,4,previous,TANH_INTEGER,tt_hyperbolic_integer,DOUBLE,264,0,false,0,0,10000000,flink,0,0.977196,0
10000000,INTEGER,4,previous,TANH_INTEGER,tt_hyperbolic_integer,DOUBLE,264,0,false,0,0,10000000,native,0,1.048963,0
10000000,INTEGER,4,previous,TANH_INTEGER,tt_hyperbolic_integer,DOUBLE,264,0,false,0,0,10000000,native,1,1.037349,0
10000000,INTEGER,4,previous,TANH_INTEGER,tt_hyperbolic_integer,DOUBLE,264,0,false,0,0,10000000,flink,1,0.962705,0
10000000,INTEGER,4,previous,TANH_INTEGER,tt_hyperbolic_integer,DOUBLE,264,0,false,0,0,10000000,flink,2,0.974805,0
10000000,INTEGER,4,previous,TANH_INTEGER,tt_hyperbolic_integer,DOUBLE,264,0,false,0,0,10000000,native,2,1.053756,0
10000000,INTEGER,4,previous,TANH_INTEGER,tt_hyperbolic_integer,DOUBLE,264,0,false,0,0,10000000,native,3,1.038220,0
10000000,INTEGER,4,previous,TANH_INTEGER,tt_hyperbolic_integer,DOUBLE,264,0,false,0,0,10000000,flink,3,0.966124,0
10000000,INTEGER,4,previous,TANH_INTEGER,tt_hyperbolic_integer,DOUBLE,264,0,false,0,0,10000000,flink,4,0.979084,0
10000000,INTEGER,4,previous,TANH_INTEGER,tt_hyperbolic_integer,DOUBLE,264,0,false,0,0,10000000,native,4,1.056594,0
10000000,INTEGER,5,candidate,BASELINE_tt_hyperbolic_integer,tt_hyperbolic_integer,INT,264,0,false,0,0,10000000,flink,0,0.823362,0
10000000,INTEGER,5,candidate,BASELINE_tt_hyperbolic_integer,tt_hyperbolic_integer,INT,264,0,false,0,0,10000000,native,0,0.977271,0
10000000,INTEGER,5,candidate,BASELINE_tt_hyperbolic_integer,tt_hyperbolic_integer,INT,264,0,false,0,0,10000000,native,1,0.986909,0
10000000,INTEGER,5,candidate,BASELINE_tt_hyperbolic_integer,tt_hyperbolic_integer,INT,264,0,false,0,0,10000000,flink,1,0.843433,0
10000000,INTEGER,5,candidate,BASELINE_tt_hyperbolic_integer,tt_hyperbolic_integer,INT,264,0,false,0,0,10000000,flink,2,0.806525,0
10000000,INTEGER,5,candidate,BASELINE_tt_hyperbolic_integer,tt_hyperbolic_integer,INT,264,0,false,0,0,10000000,native,2,0.968577,0
10000000,INTEGER,5,candidate,BASELINE_tt_hyperbolic_integer,tt_hyperbolic_integer,INT,264,0,false,0,0,10000000,native,3,0.974218,0
10000000,INTEGER,5,candidate,BASELINE_tt_hyperbolic_integer,tt_hyperbolic_integer,INT,264,0,false,0,0,10000000,flink,3,0.829684,0
10000000,INTEGER,5,candidate,BASELINE_tt_hyperbolic_integer,tt_hyperbolic_integer,INT,264,0,false,0,0,10000000,flink,4,0.796006,0
10000000,INTEGER,5,candidate,BASELINE_tt_hyperbolic_integer,tt_hyperbolic_integer,INT,264,0,false,0,0,10000000,native,4,0.987292,0
10000000,INTEGER,5,candidate,COSH_INTEGER,tt_hyperbolic_integer,DOUBLE,264,0,false,0,0,10000000,flink,0,1.079818,0
10000000,INTEGER,5,candidate,COSH_INTEGER,tt_hyperbolic_integer,DOUBLE,264,0,false,0,0,10000000,native,0,1.077581,0
10000000,INTEGER,5,candidate,COSH_INTEGER,tt_hyperbolic_integer,DOUBLE,264,0,false,0,0,10000000,native,1,1.096782,0
10000000,INTEGER,5,candidate,COSH_INTEGER,tt_hyperbolic_integer,DOUBLE,264,0,false,0,0,10000000,flink,1,1.082089,0
10000000,INTEGER,5,candidate,COSH_INTEGER,tt_hyperbolic_integer,DOUBLE,264,0,false,0,0,10000000,flink,2,1.078544,0
10000000,INTEGER,5,candidate,COSH_INTEGER,tt_hyperbolic_integer,DOUBLE,264,0,false,0,0,10000000,native,2,1.093684,0
10000000,INTEGER,5,candidate,COSH_INTEGER,tt_hyperbolic_integer,DOUBLE,264,0,false,0,0,10000000,native,3,1.084369,0
10000000,INTEGER,5,candidate,COSH_INTEGER,tt_hyperbolic_integer,DOUBLE,264,0,false,0,0,10000000,flink,3,1.114852,0
10000000,INTEGER,5,candidate,COSH_INTEGER,tt_hyperbolic_integer,DOUBLE,264,0,false,0,0,10000000,flink,4,1.072037,0
10000000,INTEGER,5,candidate,COSH_INTEGER,tt_hyperbolic_integer,DOUBLE,264,0,false,0,0,10000000,native,4,1.087695,0
10000000,INTEGER,5,candidate,SINH_INTEGER,tt_hyperbolic_integer,DOUBLE,264,0,false,0,0,10000000,flink,0,1.104731,0
10000000,INTEGER,5,candidate,SINH_INTEGER,tt_hyperbolic_integer,DOUBLE,264,0,false,0,0,10000000,native,0,1.084859,0
10000000,INTEGER,5,candidate,SINH_INTEGER,tt_hyperbolic_integer,DOUBLE,264,0,false,0,0,10000000,native,1,1.083938,0
10000000,INTEGER,5,candidate,SINH_INTEGER,tt_hyperbolic_integer,DOUBLE,264,0,false,0,0,10000000,flink,1,1.136277,0
10000000,INTEGER,5,candidate,SINH_INTEGER,tt_hyperbolic_integer,DOUBLE,264,0,false,0,0,10000000,flink,2,1.094305,0
10000000,INTEGER,5,candidate,SINH_INTEGER,tt_hyperbolic_integer,DOUBLE,264,0,false,0,0,10000000,native,2,1.075557,0
10000000,INTEGER,5,candidate,SINH_INTEGER,tt_hyperbolic_integer,DOUBLE,264,0,false,0,0,10000000,native,3,1.086863,0
10000000,INTEGER,5,candidate,SINH_INTEGER,tt_hyperbolic_integer,DOUBLE,264,0,false,0,0,10000000,flink,3,1.100731,0
10000000,INTEGER,5,candidate,SINH_INTEGER,tt_hyperbolic_integer,DOUBLE,264,0,false,0,0,10000000,flink,4,1.106316,0
10000000,INTEGER,5,candidate,SINH_INTEGER,tt_hyperbolic_integer,DOUBLE,264,0,false,0,0,10000000,native,4,1.091638,0
10000000,INTEGER,5,candidate,TANH_INTEGER,tt_hyperbolic_integer,DOUBLE,264,0,false,0,0,10000000,flink,0,1.005004,0
10000000,INTEGER,5,candidate,TANH_INTEGER,tt_hyperbolic_integer,DOUBLE,264,0,false,0,0,10000000,native,0,1.061395,0
10000000,INTEGER,5,candidate,TANH_INTEGER,tt_hyperbolic_integer,DOUBLE,264,0,false,0,0,10000000,native,1,1.054012,0
10000000,INTEGER,5,candidate,TANH_INTEGER,tt_hyperbolic_integer,DOUBLE,264,0,false,0,0,10000000,flink,1,0.965454,0
10000000,INTEGER,5,candidate,TANH_INTEGER,tt_hyperbolic_integer,DOUBLE,264,0,false,0,0,10000000,flink,2,0.971154,0
10000000,INTEGER,5,candidate,TANH_INTEGER,tt_hyperbolic_integer,DOUBLE,264,0,false,0,0,10000000,native,2,1.049591,0
10000000,INTEGER,5,candidate,TANH_INTEGER,tt_hyperbolic_integer,DOUBLE,264,0,false,0,0,10000000,native,3,1.045679,0
10000000,INTEGER,5,candidate,TANH_INTEGER,tt_hyperbolic_integer,DOUBLE,264,0,false,0,0,10000000,flink,3,0.975502,0
10000000,INTEGER,5,candidate,TANH_INTEGER,tt_hyperbolic_integer,DOUBLE,264,0,false,0,0,10000000,flink,4,0.963131,0
10000000,INTEGER,5,candidate,TANH_INTEGER,tt_hyperbolic_integer,DOUBLE,264,0,false,0,0,10000000,native,4,1.048009,0
10000000,BIGINT,0,candidate,BASELINE_tt_hyperbolic_bigint,tt_hyperbolic_bigint,BIGINT,264,0,false,7,0,10000000,flink,0,0.808697,0
10000000,BIGINT,0,candidate,BASELINE_tt_hyperbolic_bigint,tt_hyperbolic_bigint,BIGINT,264,0,false,7,0,10000000,native,0,1.037287,0
10000000,BIGINT,0,candidate,BASELINE_tt_hyperbolic_bigint,tt_hyperbolic_bigint,BIGINT,264,0,false,7,0,10000000,native,1,1.039414,0
10000000,BIGINT,0,candidate,BASELINE_tt_hyperbolic_bigint,tt_hyperbolic_bigint,BIGINT,264,0,false,7,0,10000000,flink,1,0.804608,0
10000000,BIGINT,0,candidate,BASELINE_tt_hyperbolic_bigint,tt_hyperbolic_bigint,BIGINT,264,0,false,7,0,10000000,flink,2,0.800107,0
10000000,BIGINT,0,candidate,BASELINE_tt_hyperbolic_bigint,tt_hyperbolic_bigint,BIGINT,264,0,false,7,0,10000000,native,2,1.033091,0
10000000,BIGINT,0,candidate,BASELINE_tt_hyperbolic_bigint,tt_hyperbolic_bigint,BIGINT,264,0,false,7,0,10000000,native,3,1.037711,0
10000000,BIGINT,0,candidate,BASELINE_tt_hyperbolic_bigint,tt_hyperbolic_bigint,BIGINT,264,0,false,7,0,10000000,flink,3,0.833098,0
10000000,BIGINT,0,candidate,BASELINE_tt_hyperbolic_bigint,tt_hyperbolic_bigint,BIGINT,264,0,false,7,0,10000000,flink,4,0.798824,0
10000000,BIGINT,0,candidate,BASELINE_tt_hyperbolic_bigint,tt_hyperbolic_bigint,BIGINT,264,0,false,7,0,10000000,native,4,1.021749,0
10000000,BIGINT,0,candidate,COSH_BIGINT,tt_hyperbolic_bigint,DOUBLE,264,0,false,7,0,10000000,flink,0,1.074296,0
10000000,BIGINT,0,candidate,COSH_BIGINT,tt_hyperbolic_bigint,DOUBLE,264,0,false,7,0,10000000,native,0,1.121115,0
10000000,BIGINT,0,candidate,COSH_BIGINT,tt_hyperbolic_bigint,DOUBLE,264,0,false,7,0,10000000,native,1,1.118482,0
10000000,BIGINT,0,candidate,COSH_BIGINT,tt_hyperbolic_bigint,DOUBLE,264,0,false,7,0,10000000,flink,1,1.091179,0
10000000,BIGINT,0,candidate,COSH_BIGINT,tt_hyperbolic_bigint,DOUBLE,264,0,false,7,0,10000000,flink,2,1.086503,0
10000000,BIGINT,0,candidate,COSH_BIGINT,tt_hyperbolic_bigint,DOUBLE,264,0,false,7,0,10000000,native,2,1.126923,0
10000000,BIGINT,0,candidate,COSH_BIGINT,tt_hyperbolic_bigint,DOUBLE,264,0,false,7,0,10000000,native,3,1.124365,0
10000000,BIGINT,0,candidate,COSH_BIGINT,tt_hyperbolic_bigint,DOUBLE,264,0,false,7,0,10000000,flink,3,1.095594,0
10000000,BIGINT,0,candidate,COSH_BIGINT,tt_hyperbolic_bigint,DOUBLE,264,0,false,7,0,10000000,flink,4,1.095395,0
10000000,BIGINT,0,candidate,COSH_BIGINT,tt_hyperbolic_bigint,DOUBLE,264,0,false,7,0,10000000,native,4,1.131637,0
10000000,BIGINT,0,candidate,SINH_BIGINT,tt_hyperbolic_bigint,DOUBLE,264,0,false,7,0,10000000,flink,0,1.100546,0
10000000,BIGINT,0,candidate,SINH_BIGINT,tt_hyperbolic_bigint,DOUBLE,264,0,false,7,0,10000000,native,0,1.135846,0
10000000,BIGINT,0,candidate,SINH_BIGINT,tt_hyperbolic_bigint,DOUBLE,264,0,false,7,0,10000000,native,1,1.126997,0
10000000,BIGINT,0,candidate,SINH_BIGINT,tt_hyperbolic_bigint,DOUBLE,264,0,false,7,0,10000000,flink,1,1.122423,0
10000000,BIGINT,0,candidate,SINH_BIGINT,tt_hyperbolic_bigint,DOUBLE,264,0,false,7,0,10000000,flink,2,1.103219,0
10000000,BIGINT,0,candidate,SINH_BIGINT,tt_hyperbolic_bigint,DOUBLE,264,0,false,7,0,10000000,native,2,1.148561,0
10000000,BIGINT,0,candidate,SINH_BIGINT,tt_hyperbolic_bigint,DOUBLE,264,0,false,7,0,10000000,native,3,1.120275,0
10000000,BIGINT,0,candidate,SINH_BIGINT,tt_hyperbolic_bigint,DOUBLE,264,0,false,7,0,10000000,flink,3,1.099510,0
10000000,BIGINT,0,candidate,SINH_BIGINT,tt_hyperbolic_bigint,DOUBLE,264,0,false,7,0,10000000,flink,4,1.097755,0
10000000,BIGINT,0,candidate,SINH_BIGINT,tt_hyperbolic_bigint,DOUBLE,264,0,false,7,0,10000000,native,4,1.121775,0
10000000,BIGINT,0,candidate,TANH_BIGINT,tt_hyperbolic_bigint,DOUBLE,264,0,false,7,0,10000000,flink,0,0.986678,0
10000000,BIGINT,0,candidate,TANH_BIGINT,tt_hyperbolic_bigint,DOUBLE,264,0,false,7,0,10000000,native,0,1.099616,0
10000000,BIGINT,0,candidate,TANH_BIGINT,tt_hyperbolic_bigint,DOUBLE,264,0,false,7,0,10000000,native,1,1.100076,0
10000000,BIGINT,0,candidate,TANH_BIGINT,tt_hyperbolic_bigint,DOUBLE,264,0,false,7,0,10000000,flink,1,0.993835,0
10000000,BIGINT,0,candidate,TANH_BIGINT,tt_hyperbolic_bigint,DOUBLE,264,0,false,7,0,10000000,flink,2,0.979227,0
10000000,BIGINT,0,candidate,TANH_BIGINT,tt_hyperbolic_bigint,DOUBLE,264,0,false,7,0,10000000,native,2,1.100491,0
10000000,BIGINT,0,candidate,TANH_BIGINT,tt_hyperbolic_bigint,DOUBLE,264,0,false,7,0,10000000,native,3,1.103116,0
10000000,BIGINT,0,candidate,TANH_BIGINT,tt_hyperbolic_bigint,DOUBLE,264,0,false,7,0,10000000,flink,3,0.984777,0
10000000,BIGINT,0,candidate,TANH_BIGINT,tt_hyperbolic_bigint,DOUBLE,264,0,false,7,0,10000000,flink,4,0.986172,0
10000000,BIGINT,0,candidate,TANH_BIGINT,tt_hyperbolic_bigint,DOUBLE,264,0,false,7,0,10000000,native,4,1.111654,0
10000000,BIGINT,1,previous,BASELINE_tt_hyperbolic_bigint,tt_hyperbolic_bigint,BIGINT,264,0,false,7,0,10000000,flink,0,0.817104,0
10000000,BIGINT,1,previous,BASELINE_tt_hyperbolic_bigint,tt_hyperbolic_bigint,BIGINT,264,0,false,7,0,10000000,native,0,1.081507,0
10000000,BIGINT,1,previous,BASELINE_tt_hyperbolic_bigint,tt_hyperbolic_bigint,BIGINT,264,0,false,7,0,10000000,native,1,1.065527,0
10000000,BIGINT,1,previous,BASELINE_tt_hyperbolic_bigint,tt_hyperbolic_bigint,BIGINT,264,0,false,7,0,10000000,flink,1,0.883669,0
10000000,BIGINT,1,previous,BASELINE_tt_hyperbolic_bigint,tt_hyperbolic_bigint,BIGINT,264,0,false,7,0,10000000,flink,2,0.867594,0
10000000,BIGINT,1,previous,BASELINE_tt_hyperbolic_bigint,tt_hyperbolic_bigint,BIGINT,264,0,false,7,0,10000000,native,2,1.255632,0
10000000,BIGINT,1,previous,BASELINE_tt_hyperbolic_bigint,tt_hyperbolic_bigint,BIGINT,264,0,false,7,0,10000000,native,3,1.065844,0
10000000,BIGINT,1,previous,BASELINE_tt_hyperbolic_bigint,tt_hyperbolic_bigint,BIGINT,264,0,false,7,0,10000000,flink,3,0.887512,0
10000000,BIGINT,1,previous,BASELINE_tt_hyperbolic_bigint,tt_hyperbolic_bigint,BIGINT,264,0,false,7,0,10000000,flink,4,0.810891,0
10000000,BIGINT,1,previous,BASELINE_tt_hyperbolic_bigint,tt_hyperbolic_bigint,BIGINT,264,0,false,7,0,10000000,native,4,1.078023,0
10000000,BIGINT,1,previous,COSH_BIGINT,tt_hyperbolic_bigint,DOUBLE,264,0,false,7,0,10000000,flink,0,1.102812,0
10000000,BIGINT,1,previous,COSH_BIGINT,tt_hyperbolic_bigint,DOUBLE,264,0,false,7,0,10000000,native,0,1.145389,0
10000000,BIGINT,1,previous,COSH_BIGINT,tt_hyperbolic_bigint,DOUBLE,264,0,false,7,0,10000000,native,1,1.141534,0
10000000,BIGINT,1,previous,COSH_BIGINT,tt_hyperbolic_bigint,DOUBLE,264,0,false,7,0,10000000,flink,1,1.122309,0
10000000,BIGINT,1,previous,COSH_BIGINT,tt_hyperbolic_bigint,DOUBLE,264,0,false,7,0,10000000,flink,2,1.091294,0
10000000,BIGINT,1,previous,COSH_BIGINT,tt_hyperbolic_bigint,DOUBLE,264,0,false,7,0,10000000,native,2,1.161380,0
10000000,BIGINT,1,previous,COSH_BIGINT,tt_hyperbolic_bigint,DOUBLE,264,0,false,7,0,10000000,native,3,1.162888,0
10000000,BIGINT,1,previous,COSH_BIGINT,tt_hyperbolic_bigint,DOUBLE,264,0,false,7,0,10000000,flink,3,1.094358,0
10000000,BIGINT,1,previous,COSH_BIGINT,tt_hyperbolic_bigint,DOUBLE,264,0,false,7,0,10000000,flink,4,1.090883,0
10000000,BIGINT,1,previous,COSH_BIGINT,tt_hyperbolic_bigint,DOUBLE,264,0,false,7,0,10000000,native,4,1.204943,0
10000000,BIGINT,1,previous,SINH_BIGINT,tt_hyperbolic_bigint,DOUBLE,264,0,false,7,0,10000000,flink,0,1.128787,0
10000000,BIGINT,1,previous,SINH_BIGINT,tt_hyperbolic_bigint,DOUBLE,264,0,false,7,0,10000000,native,0,1.194520,0
10000000,BIGINT,1,previous,SINH_BIGINT,tt_hyperbolic_bigint,DOUBLE,264,0,false,7,0,10000000,native,1,1.174601,0
10000000,BIGINT,1,previous,SINH_BIGINT,tt_hyperbolic_bigint,DOUBLE,264,0,false,7,0,10000000,flink,1,1.129230,0
10000000,BIGINT,1,previous,SINH_BIGINT,tt_hyperbolic_bigint,DOUBLE,264,0,false,7,0,10000000,flink,2,1.133144,0
10000000,BIGINT,1,previous,SINH_BIGINT,tt_hyperbolic_bigint,DOUBLE,264,0,false,7,0,10000000,native,2,1.170597,0
10000000,BIGINT,1,previous,SINH_BIGINT,tt_hyperbolic_bigint,DOUBLE,264,0,false,7,0,10000000,native,3,1.165319,0
10000000,BIGINT,1,previous,SINH_BIGINT,tt_hyperbolic_bigint,DOUBLE,264,0,false,7,0,10000000,flink,3,1.139766,0
10000000,BIGINT,1,previous,SINH_BIGINT,tt_hyperbolic_bigint,DOUBLE,264,0,false,7,0,10000000,flink,4,1.123050,0
10000000,BIGINT,1,previous,SINH_BIGINT,tt_hyperbolic_bigint,DOUBLE,264,0,false,7,0,10000000,native,4,1.195010,0
10000000,BIGINT,1,previous,TANH_BIGINT,tt_hyperbolic_bigint,DOUBLE,264,0,false,7,0,10000000,flink,0,1.000550,0
10000000,BIGINT,1,previous,TANH_BIGINT,tt_hyperbolic_bigint,DOUBLE,264,0,false,7,0,10000000,native,0,1.148384,0
10000000,BIGINT,1,previous,TANH_BIGINT,tt_hyperbolic_bigint,DOUBLE,264,0,false,7,0,10000000,native,1,1.145021,0
10000000,BIGINT,1,previous,TANH_BIGINT,tt_hyperbolic_bigint,DOUBLE,264,0,false,7,0,10000000,flink,1,1.001806,0
10000000,BIGINT,1,previous,TANH_BIGINT,tt_hyperbolic_bigint,DOUBLE,264,0,false,7,0,10000000,flink,2,0.998173,0
10000000,BIGINT,1,previous,TANH_BIGINT,tt_hyperbolic_bigint,DOUBLE,264,0,false,7,0,10000000,native,2,1.135111,0
10000000,BIGINT,1,previous,TANH_BIGINT,tt_hyperbolic_bigint,DOUBLE,264,0,false,7,0,10000000,native,3,1.142542,0
10000000,BIGINT,1,previous,TANH_BIGINT,tt_hyperbolic_bigint,DOUBLE,264,0,false,7,0,10000000,flink,3,1.001796,0
10000000,BIGINT,1,previous,TANH_BIGINT,tt_hyperbolic_bigint,DOUBLE,264,0,false,7,0,10000000,flink,4,1.013157,0
10000000,BIGINT,1,previous,TANH_BIGINT,tt_hyperbolic_bigint,DOUBLE,264,0,false,7,0,10000000,native,4,1.142169,0
10000000,BIGINT,2,original,BASELINE_tt_hyperbolic_bigint,tt_hyperbolic_bigint,BIGINT,264,0,false,7,0,10000000,flink,0,0.809944,0
10000000,BIGINT,2,original,BASELINE_tt_hyperbolic_bigint,tt_hyperbolic_bigint,BIGINT,264,0,false,7,0,10000000,native,0,1.065801,0
10000000,BIGINT,2,original,BASELINE_tt_hyperbolic_bigint,tt_hyperbolic_bigint,BIGINT,264,0,false,7,0,10000000,native,1,1.051649,0
10000000,BIGINT,2,original,BASELINE_tt_hyperbolic_bigint,tt_hyperbolic_bigint,BIGINT,264,0,false,7,0,10000000,flink,1,0.818347,0
10000000,BIGINT,2,original,BASELINE_tt_hyperbolic_bigint,tt_hyperbolic_bigint,BIGINT,264,0,false,7,0,10000000,flink,2,0.796373,0
10000000,BIGINT,2,original,BASELINE_tt_hyperbolic_bigint,tt_hyperbolic_bigint,BIGINT,264,0,false,7,0,10000000,native,2,1.035665,0
10000000,BIGINT,2,original,BASELINE_tt_hyperbolic_bigint,tt_hyperbolic_bigint,BIGINT,264,0,false,7,0,10000000,native,3,1.041657,0
10000000,BIGINT,2,original,BASELINE_tt_hyperbolic_bigint,tt_hyperbolic_bigint,BIGINT,264,0,false,7,0,10000000,flink,3,0.816496,0
10000000,BIGINT,2,original,BASELINE_tt_hyperbolic_bigint,tt_hyperbolic_bigint,BIGINT,264,0,false,7,0,10000000,flink,4,0.789917,0
10000000,BIGINT,2,original,BASELINE_tt_hyperbolic_bigint,tt_hyperbolic_bigint,BIGINT,264,0,false,7,0,10000000,native,4,1.031140,0
10000000,BIGINT,2,original,COSH_BIGINT,tt_hyperbolic_bigint,DOUBLE,264,0,false,7,0,10000000,flink,0,1.102648,0
10000000,BIGINT,2,original,COSH_BIGINT,tt_hyperbolic_bigint,DOUBLE,264,0,false,7,0,10000000,native,0,1.096519,0
10000000,BIGINT,2,original,COSH_BIGINT,tt_hyperbolic_bigint,DOUBLE,264,0,false,7,0,10000000,native,1,1.095811,0
10000000,BIGINT,2,original,COSH_BIGINT,tt_hyperbolic_bigint,DOUBLE,264,0,false,7,0,10000000,flink,1,1.099520,0
10000000,BIGINT,2,original,COSH_BIGINT,tt_hyperbolic_bigint,DOUBLE,264,0,false,7,0,10000000,flink,2,1.086162,0
10000000,BIGINT,2,original,COSH_BIGINT,tt_hyperbolic_bigint,DOUBLE,264,0,false,7,0,10000000,native,2,1.091771,0
10000000,BIGINT,2,original,COSH_BIGINT,tt_hyperbolic_bigint,DOUBLE,264,0,false,7,0,10000000,native,3,1.109230,0
10000000,BIGINT,2,original,COSH_BIGINT,tt_hyperbolic_bigint,DOUBLE,264,0,false,7,0,10000000,flink,3,1.103465,0
10000000,BIGINT,2,original,COSH_BIGINT,tt_hyperbolic_bigint,DOUBLE,264,0,false,7,0,10000000,flink,4,1.090522,0
10000000,BIGINT,2,original,COSH_BIGINT,tt_hyperbolic_bigint,DOUBLE,264,0,false,7,0,10000000,native,4,1.095848,0
10000000,BIGINT,2,original,SINH_BIGINT,tt_hyperbolic_bigint,DOUBLE,264,0,false,7,0,10000000,flink,0,1.120572,0
10000000,BIGINT,2,original,SINH_BIGINT,tt_hyperbolic_bigint,DOUBLE,264,0,false,7,0,10000000,native,0,1.107328,0
10000000,BIGINT,2,original,SINH_BIGINT,tt_hyperbolic_bigint,DOUBLE,264,0,false,7,0,10000000,native,1,1.113899,0
10000000,BIGINT,2,original,SINH_BIGINT,tt_hyperbolic_bigint,DOUBLE,264,0,false,7,0,10000000,flink,1,1.095410,0
10000000,BIGINT,2,original,SINH_BIGINT,tt_hyperbolic_bigint,DOUBLE,264,0,false,7,0,10000000,flink,2,1.117623,0
10000000,BIGINT,2,original,SINH_BIGINT,tt_hyperbolic_bigint,DOUBLE,264,0,false,7,0,10000000,native,2,1.127911,0
10000000,BIGINT,2,original,SINH_BIGINT,tt_hyperbolic_bigint,DOUBLE,264,0,false,7,0,10000000,native,3,1.099954,0
10000000,BIGINT,2,original,SINH_BIGINT,tt_hyperbolic_bigint,DOUBLE,264,0,false,7,0,10000000,flink,3,1.117645,0
10000000,BIGINT,2,original,SINH_BIGINT,tt_hyperbolic_bigint,DOUBLE,264,0,false,7,0,10000000,flink,4,1.102053,0
10000000,BIGINT,2,original,SINH_BIGINT,tt_hyperbolic_bigint,DOUBLE,264,0,false,7,0,10000000,native,4,1.108004,0
10000000,BIGINT,2,original,TANH_BIGINT,tt_hyperbolic_bigint,DOUBLE,264,0,false,7,0,10000000,flink,0,1.000790,0
10000000,BIGINT,2,original,TANH_BIGINT,tt_hyperbolic_bigint,DOUBLE,264,0,false,7,0,10000000,native,0,0.994562,0
10000000,BIGINT,2,original,TANH_BIGINT,tt_hyperbolic_bigint,DOUBLE,264,0,false,7,0,10000000,native,1,1.016738,0
10000000,BIGINT,2,original,TANH_BIGINT,tt_hyperbolic_bigint,DOUBLE,264,0,false,7,0,10000000,flink,1,0.973830,0
10000000,BIGINT,2,original,TANH_BIGINT,tt_hyperbolic_bigint,DOUBLE,264,0,false,7,0,10000000,flink,2,0.983537,0
10000000,BIGINT,2,original,TANH_BIGINT,tt_hyperbolic_bigint,DOUBLE,264,0,false,7,0,10000000,native,2,1.003476,0
10000000,BIGINT,2,original,TANH_BIGINT,tt_hyperbolic_bigint,DOUBLE,264,0,false,7,0,10000000,native,3,1.022774,0
10000000,BIGINT,2,original,TANH_BIGINT,tt_hyperbolic_bigint,DOUBLE,264,0,false,7,0,10000000,flink,3,0.998723,0
10000000,BIGINT,2,original,TANH_BIGINT,tt_hyperbolic_bigint,DOUBLE,264,0,false,7,0,10000000,flink,4,0.996450,0
10000000,BIGINT,2,original,TANH_BIGINT,tt_hyperbolic_bigint,DOUBLE,264,0,false,7,0,10000000,native,4,1.009969,0
10000000,BIGINT,3,original,BASELINE_tt_hyperbolic_bigint,tt_hyperbolic_bigint,BIGINT,264,0,false,7,0,10000000,flink,0,0.837404,0
10000000,BIGINT,3,original,BASELINE_tt_hyperbolic_bigint,tt_hyperbolic_bigint,BIGINT,264,0,false,7,0,10000000,native,0,1.071264,0
10000000,BIGINT,3,original,BASELINE_tt_hyperbolic_bigint,tt_hyperbolic_bigint,BIGINT,264,0,false,7,0,10000000,native,1,1.081031,0
10000000,BIGINT,3,original,BASELINE_tt_hyperbolic_bigint,tt_hyperbolic_bigint,BIGINT,264,0,false,7,0,10000000,flink,1,0.805778,0
10000000,BIGINT,3,original,BASELINE_tt_hyperbolic_bigint,tt_hyperbolic_bigint,BIGINT,264,0,false,7,0,10000000,flink,2,0.816461,0
10000000,BIGINT,3,original,BASELINE_tt_hyperbolic_bigint,tt_hyperbolic_bigint,BIGINT,264,0,false,7,0,10000000,native,2,1.033850,0
10000000,BIGINT,3,original,BASELINE_tt_hyperbolic_bigint,tt_hyperbolic_bigint,BIGINT,264,0,false,7,0,10000000,native,3,1.037292,0
10000000,BIGINT,3,original,BASELINE_tt_hyperbolic_bigint,tt_hyperbolic_bigint,BIGINT,264,0,false,7,0,10000000,flink,3,0.818253,0
10000000,BIGINT,3,original,BASELINE_tt_hyperbolic_bigint,tt_hyperbolic_bigint,BIGINT,264,0,false,7,0,10000000,flink,4,0.820203,0
10000000,BIGINT,3,original,BASELINE_tt_hyperbolic_bigint,tt_hyperbolic_bigint,BIGINT,264,0,false,7,0,10000000,native,4,1.039631,0
10000000,BIGINT,3,original,COSH_BIGINT,tt_hyperbolic_bigint,DOUBLE,264,0,false,7,0,10000000,flink,0,1.095862,0
10000000,BIGINT,3,original,COSH_BIGINT,tt_hyperbolic_bigint,DOUBLE,264,0,false,7,0,10000000,native,0,1.104258,0
10000000,BIGINT,3,original,COSH_BIGINT,tt_hyperbolic_bigint,DOUBLE,264,0,false,7,0,10000000,native,1,1.108740,0
10000000,BIGINT,3,original,COSH_BIGINT,tt_hyperbolic_bigint,DOUBLE,264,0,false,7,0,10000000,flink,1,1.086658,0
10000000,BIGINT,3,original,COSH_BIGINT,tt_hyperbolic_bigint,DOUBLE,264,0,false,7,0,10000000,flink,2,1.095714,0
10000000,BIGINT,3,original,COSH_BIGINT,tt_hyperbolic_bigint,DOUBLE,264,0,false,7,0,10000000,native,2,1.108722,0
10000000,BIGINT,3,original,COSH_BIGINT,tt_hyperbolic_bigint,DOUBLE,264,0,false,7,0,10000000,native,3,1.089891,0
10000000,BIGINT,3,original,COSH_BIGINT,tt_hyperbolic_bigint,DOUBLE,264,0,false,7,0,10000000,flink,3,1.125474,0
10000000,BIGINT,3,original,COSH_BIGINT,tt_hyperbolic_bigint,DOUBLE,264,0,false,7,0,10000000,flink,4,1.085825,0
10000000,BIGINT,3,original,COSH_BIGINT,tt_hyperbolic_bigint,DOUBLE,264,0,false,7,0,10000000,native,4,1.086023,0
10000000,BIGINT,3,original,SINH_BIGINT,tt_hyperbolic_bigint,DOUBLE,264,0,false,7,0,10000000,flink,0,1.104797,0
10000000,BIGINT,3,original,SINH_BIGINT,tt_hyperbolic_bigint,DOUBLE,264,0,false,7,0,10000000,native,0,1.101326,0
10000000,BIGINT,3,original,SINH_BIGINT,tt_hyperbolic_bigint,DOUBLE,264,0,false,7,0,10000000,native,1,1.120862,0
10000000,BIGINT,3,original,SINH_BIGINT,tt_hyperbolic_bigint,DOUBLE,264,0,false,7,0,10000000,flink,1,1.122243,0
10000000,BIGINT,3,original,SINH_BIGINT,tt_hyperbolic_bigint,DOUBLE,264,0,false,7,0,10000000,flink,2,1.103395,0
10000000,BIGINT,3,original,SINH_BIGINT,tt_hyperbolic_bigint,DOUBLE,264,0,false,7,0,10000000,native,2,1.100302,0
10000000,BIGINT,3,original,SINH_BIGINT,tt_hyperbolic_bigint,DOUBLE,264,0,false,7,0,10000000,native,3,1.098738,0
10000000,BIGINT,3,original,SINH_BIGINT,tt_hyperbolic_bigint,DOUBLE,264,0,false,7,0,10000000,flink,3,1.103155,0
10000000,BIGINT,3,original,SINH_BIGINT,tt_hyperbolic_bigint,DOUBLE,264,0,false,7,0,10000000,flink,4,1.088148,0
10000000,BIGINT,3,original,SINH_BIGINT,tt_hyperbolic_bigint,DOUBLE,264,0,false,7,0,10000000,native,4,1.092521,0
10000000,BIGINT,3,original,TANH_BIGINT,tt_hyperbolic_bigint,DOUBLE,264,0,false,7,0,10000000,flink,0,0.995784,0
10000000,BIGINT,3,original,TANH_BIGINT,tt_hyperbolic_bigint,DOUBLE,264,0,false,7,0,10000000,native,0,1.005898,0
10000000,BIGINT,3,original,TANH_BIGINT,tt_hyperbolic_bigint,DOUBLE,264,0,false,7,0,10000000,native,1,0.997138,0
10000000,BIGINT,3,original,TANH_BIGINT,tt_hyperbolic_bigint,DOUBLE,264,0,false,7,0,10000000,flink,1,0.978990,0
10000000,BIGINT,3,original,TANH_BIGINT,tt_hyperbolic_bigint,DOUBLE,264,0,false,7,0,10000000,flink,2,0.988416,0
10000000,BIGINT,3,original,TANH_BIGINT,tt_hyperbolic_bigint,DOUBLE,264,0,false,7,0,10000000,native,2,0.985614,0
10000000,BIGINT,3,original,TANH_BIGINT,tt_hyperbolic_bigint,DOUBLE,264,0,false,7,0,10000000,native,3,1.051617,0
10000000,BIGINT,3,original,TANH_BIGINT,tt_hyperbolic_bigint,DOUBLE,264,0,false,7,0,10000000,flink,3,0.989804,0
10000000,BIGINT,3,original,TANH_BIGINT,tt_hyperbolic_bigint,DOUBLE,264,0,false,7,0,10000000,flink,4,0.988189,0
10000000,BIGINT,3,original,TANH_BIGINT,tt_hyperbolic_bigint,DOUBLE,264,0,false,7,0,10000000,native,4,0.985408,0
10000000,BIGINT,4,previous,BASELINE_tt_hyperbolic_bigint,tt_hyperbolic_bigint,BIGINT,264,0,false,7,0,10000000,flink,0,0.815460,0
10000000,BIGINT,4,previous,BASELINE_tt_hyperbolic_bigint,tt_hyperbolic_bigint,BIGINT,264,0,false,7,0,10000000,native,0,1.049502,0
10000000,BIGINT,4,previous,BASELINE_tt_hyperbolic_bigint,tt_hyperbolic_bigint,BIGINT,264,0,false,7,0,10000000,native,1,1.034588,0
10000000,BIGINT,4,previous,BASELINE_tt_hyperbolic_bigint,tt_hyperbolic_bigint,BIGINT,264,0,false,7,0,10000000,flink,1,0.821407,0
10000000,BIGINT,4,previous,BASELINE_tt_hyperbolic_bigint,tt_hyperbolic_bigint,BIGINT,264,0,false,7,0,10000000,flink,2,0.829833,0
10000000,BIGINT,4,previous,BASELINE_tt_hyperbolic_bigint,tt_hyperbolic_bigint,BIGINT,264,0,false,7,0,10000000,native,2,1.008032,0
10000000,BIGINT,4,previous,BASELINE_tt_hyperbolic_bigint,tt_hyperbolic_bigint,BIGINT,264,0,false,7,0,10000000,native,3,1.012284,0
10000000,BIGINT,4,previous,BASELINE_tt_hyperbolic_bigint,tt_hyperbolic_bigint,BIGINT,264,0,false,7,0,10000000,flink,3,0.840801,0
10000000,BIGINT,4,previous,BASELINE_tt_hyperbolic_bigint,tt_hyperbolic_bigint,BIGINT,264,0,false,7,0,10000000,flink,4,0.827285,0
10000000,BIGINT,4,previous,BASELINE_tt_hyperbolic_bigint,tt_hyperbolic_bigint,BIGINT,264,0,false,7,0,10000000,native,4,1.021686,0
10000000,BIGINT,4,previous,COSH_BIGINT,tt_hyperbolic_bigint,DOUBLE,264,0,false,7,0,10000000,flink,0,1.095575,0
10000000,BIGINT,4,previous,COSH_BIGINT,tt_hyperbolic_bigint,DOUBLE,264,0,false,7,0,10000000,native,0,1.123952,0
10000000,BIGINT,4,previous,COSH_BIGINT,tt_hyperbolic_bigint,DOUBLE,264,0,false,7,0,10000000,native,1,1.133191,0
10000000,BIGINT,4,previous,COSH_BIGINT,tt_hyperbolic_bigint,DOUBLE,264,0,false,7,0,10000000,flink,1,1.100445,0
10000000,BIGINT,4,previous,COSH_BIGINT,tt_hyperbolic_bigint,DOUBLE,264,0,false,7,0,10000000,flink,2,1.091591,0
10000000,BIGINT,4,previous,COSH_BIGINT,tt_hyperbolic_bigint,DOUBLE,264,0,false,7,0,10000000,native,2,1.126933,0
10000000,BIGINT,4,previous,COSH_BIGINT,tt_hyperbolic_bigint,DOUBLE,264,0,false,7,0,10000000,native,3,1.129616,0
10000000,BIGINT,4,previous,COSH_BIGINT,tt_hyperbolic_bigint,DOUBLE,264,0,false,7,0,10000000,flink,3,1.117209,0
10000000,BIGINT,4,previous,COSH_BIGINT,tt_hyperbolic_bigint,DOUBLE,264,0,false,7,0,10000000,flink,4,1.091693,0
10000000,BIGINT,4,previous,COSH_BIGINT,tt_hyperbolic_bigint,DOUBLE,264,0,false,7,0,10000000,native,4,1.144342,0
10000000,BIGINT,4,previous,SINH_BIGINT,tt_hyperbolic_bigint,DOUBLE,264,0,false,7,0,10000000,flink,0,1.110628,0
10000000,BIGINT,4,previous,SINH_BIGINT,tt_hyperbolic_bigint,DOUBLE,264,0,false,7,0,10000000,native,0,1.124580,0
10000000,BIGINT,4,previous,SINH_BIGINT,tt_hyperbolic_bigint,DOUBLE,264,0,false,7,0,10000000,native,1,1.120628,0
10000000,BIGINT,4,previous,SINH_BIGINT,tt_hyperbolic_bigint,DOUBLE,264,0,false,7,0,10000000,flink,1,1.111664,0
10000000,BIGINT,4,previous,SINH_BIGINT,tt_hyperbolic_bigint,DOUBLE,264,0,false,7,0,10000000,flink,2,1.121111,0
10000000,BIGINT,4,previous,SINH_BIGINT,tt_hyperbolic_bigint,DOUBLE,264,0,false,7,0,10000000,native,2,1.121017,0
10000000,BIGINT,4,previous,SINH_BIGINT,tt_hyperbolic_bigint,DOUBLE,264,0,false,7,0,10000000,native,3,1.138255,0
10000000,BIGINT,4,previous,SINH_BIGINT,tt_hyperbolic_bigint,DOUBLE,264,0,false,7,0,10000000,flink,3,1.125907,0
10000000,BIGINT,4,previous,SINH_BIGINT,tt_hyperbolic_bigint,DOUBLE,264,0,false,7,0,10000000,flink,4,1.097715,0
10000000,BIGINT,4,previous,SINH_BIGINT,tt_hyperbolic_bigint,DOUBLE,264,0,false,7,0,10000000,native,4,1.121526,0
10000000,BIGINT,4,previous,TANH_BIGINT,tt_hyperbolic_bigint,DOUBLE,264,0,false,7,0,10000000,flink,0,0.998805,0
10000000,BIGINT,4,previous,TANH_BIGINT,tt_hyperbolic_bigint,DOUBLE,264,0,false,7,0,10000000,native,0,1.112767,0
10000000,BIGINT,4,previous,TANH_BIGINT,tt_hyperbolic_bigint,DOUBLE,264,0,false,7,0,10000000,native,1,1.103143,0
10000000,BIGINT,4,previous,TANH_BIGINT,tt_hyperbolic_bigint,DOUBLE,264,0,false,7,0,10000000,flink,1,0.986949,0
10000000,BIGINT,4,previous,TANH_BIGINT,tt_hyperbolic_bigint,DOUBLE,264,0,false,7,0,10000000,flink,2,1.020727,0
10000000,BIGINT,4,previous,TANH_BIGINT,tt_hyperbolic_bigint,DOUBLE,264,0,false,7,0,10000000,native,2,1.108698,0
10000000,BIGINT,4,previous,TANH_BIGINT,tt_hyperbolic_bigint,DOUBLE,264,0,false,7,0,10000000,native,3,1.115166,0
10000000,BIGINT,4,previous,TANH_BIGINT,tt_hyperbolic_bigint,DOUBLE,264,0,false,7,0,10000000,flink,3,1.015029,0
10000000,BIGINT,4,previous,TANH_BIGINT,tt_hyperbolic_bigint,DOUBLE,264,0,false,7,0,10000000,flink,4,0.998057,0
10000000,BIGINT,4,previous,TANH_BIGINT,tt_hyperbolic_bigint,DOUBLE,264,0,false,7,0,10000000,native,4,1.104066,0
10000000,BIGINT,5,candidate,BASELINE_tt_hyperbolic_bigint,tt_hyperbolic_bigint,BIGINT,264,0,false,7,0,10000000,flink,0,0.812568,0
10000000,BIGINT,5,candidate,BASELINE_tt_hyperbolic_bigint,tt_hyperbolic_bigint,BIGINT,264,0,false,7,0,10000000,native,0,1.043454,0
10000000,BIGINT,5,candidate,BASELINE_tt_hyperbolic_bigint,tt_hyperbolic_bigint,BIGINT,264,0,false,7,0,10000000,native,1,1.068001,0
10000000,BIGINT,5,candidate,BASELINE_tt_hyperbolic_bigint,tt_hyperbolic_bigint,BIGINT,264,0,false,7,0,10000000,flink,1,0.833950,0
10000000,BIGINT,5,candidate,BASELINE_tt_hyperbolic_bigint,tt_hyperbolic_bigint,BIGINT,264,0,false,7,0,10000000,flink,2,0.826524,0
10000000,BIGINT,5,candidate,BASELINE_tt_hyperbolic_bigint,tt_hyperbolic_bigint,BIGINT,264,0,false,7,0,10000000,native,2,1.049931,0
10000000,BIGINT,5,candidate,BASELINE_tt_hyperbolic_bigint,tt_hyperbolic_bigint,BIGINT,264,0,false,7,0,10000000,native,3,1.033311,0
10000000,BIGINT,5,candidate,BASELINE_tt_hyperbolic_bigint,tt_hyperbolic_bigint,BIGINT,264,0,false,7,0,10000000,flink,3,0.826406,0
10000000,BIGINT,5,candidate,BASELINE_tt_hyperbolic_bigint,tt_hyperbolic_bigint,BIGINT,264,0,false,7,0,10000000,flink,4,0.805065,0
10000000,BIGINT,5,candidate,BASELINE_tt_hyperbolic_bigint,tt_hyperbolic_bigint,BIGINT,264,0,false,7,0,10000000,native,4,1.040802,0
10000000,BIGINT,5,candidate,COSH_BIGINT,tt_hyperbolic_bigint,DOUBLE,264,0,false,7,0,10000000,flink,0,1.104853,0
10000000,BIGINT,5,candidate,COSH_BIGINT,tt_hyperbolic_bigint,DOUBLE,264,0,false,7,0,10000000,native,0,1.141335,0
10000000,BIGINT,5,candidate,COSH_BIGINT,tt_hyperbolic_bigint,DOUBLE,264,0,false,7,0,10000000,native,1,1.137536,0
10000000,BIGINT,5,candidate,COSH_BIGINT,tt_hyperbolic_bigint,DOUBLE,264,0,false,7,0,10000000,flink,1,1.087038,0
10000000,BIGINT,5,candidate,COSH_BIGINT,tt_hyperbolic_bigint,DOUBLE,264,0,false,7,0,10000000,flink,2,1.099743,0
10000000,BIGINT,5,candidate,COSH_BIGINT,tt_hyperbolic_bigint,DOUBLE,264,0,false,7,0,10000000,native,2,1.130091,0
10000000,BIGINT,5,candidate,COSH_BIGINT,tt_hyperbolic_bigint,DOUBLE,264,0,false,7,0,10000000,native,3,1.133902,0
10000000,BIGINT,5,candidate,COSH_BIGINT,tt_hyperbolic_bigint,DOUBLE,264,0,false,7,0,10000000,flink,3,1.082551,0
10000000,BIGINT,5,candidate,COSH_BIGINT,tt_hyperbolic_bigint,DOUBLE,264,0,false,7,0,10000000,flink,4,1.099533,0
10000000,BIGINT,5,candidate,COSH_BIGINT,tt_hyperbolic_bigint,DOUBLE,264,0,false,7,0,10000000,native,4,1.145655,0
10000000,BIGINT,5,candidate,SINH_BIGINT,tt_hyperbolic_bigint,DOUBLE,264,0,false,7,0,10000000,flink,0,1.089282,0
10000000,BIGINT,5,candidate,SINH_BIGINT,tt_hyperbolic_bigint,DOUBLE,264,0,false,7,0,10000000,native,0,1.139560,0
10000000,BIGINT,5,candidate,SINH_BIGINT,tt_hyperbolic_bigint,DOUBLE,264,0,false,7,0,10000000,native,1,1.132055,0
10000000,BIGINT,5,candidate,SINH_BIGINT,tt_hyperbolic_bigint,DOUBLE,264,0,false,7,0,10000000,flink,1,1.104157,0
10000000,BIGINT,5,candidate,SINH_BIGINT,tt_hyperbolic_bigint,DOUBLE,264,0,false,7,0,10000000,flink,2,1.121277,0
10000000,BIGINT,5,candidate,SINH_BIGINT,tt_hyperbolic_bigint,DOUBLE,264,0,false,7,0,10000000,native,2,1.135864,0
10000000,BIGINT,5,candidate,SINH_BIGINT,tt_hyperbolic_bigint,DOUBLE,264,0,false,7,0,10000000,native,3,1.143206,0
10000000,BIGINT,5,candidate,SINH_BIGINT,tt_hyperbolic_bigint,DOUBLE,264,0,false,7,0,10000000,flink,3,1.129266,0
10000000,BIGINT,5,candidate,SINH_BIGINT,tt_hyperbolic_bigint,DOUBLE,264,0,false,7,0,10000000,flink,4,1.098058,0
10000000,BIGINT,5,candidate,SINH_BIGINT,tt_hyperbolic_bigint,DOUBLE,264,0,false,7,0,10000000,native,4,1.128903,0
10000000,BIGINT,5,candidate,TANH_BIGINT,tt_hyperbolic_bigint,DOUBLE,264,0,false,7,0,10000000,flink,0,0.989667,0
10000000,BIGINT,5,candidate,TANH_BIGINT,tt_hyperbolic_bigint,DOUBLE,264,0,false,7,0,10000000,native,0,1.111882,0
10000000,BIGINT,5,candidate,TANH_BIGINT,tt_hyperbolic_bigint,DOUBLE,264,0,false,7,0,10000000,native,1,1.104282,0
10000000,BIGINT,5,candidate,TANH_BIGINT,tt_hyperbolic_bigint,DOUBLE,264,0,false,7,0,10000000,flink,1,1.008575,0
10000000,BIGINT,5,candidate,TANH_BIGINT,tt_hyperbolic_bigint,DOUBLE,264,0,false,7,0,10000000,flink,2,0.993695,0
10000000,BIGINT,5,candidate,TANH_BIGINT,tt_hyperbolic_bigint,DOUBLE,264,0,false,7,0,10000000,native,2,1.122606,0
10000000,BIGINT,5,candidate,TANH_BIGINT,tt_hyperbolic_bigint,DOUBLE,264,0,false,7,0,10000000,native,3,1.104957,0
10000000,BIGINT,5,candidate,TANH_BIGINT,tt_hyperbolic_bigint,DOUBLE,264,0,false,7,0,10000000,flink,3,0.995722,0
10000000,BIGINT,5,candidate,TANH_BIGINT,tt_hyperbolic_bigint,DOUBLE,264,0,false,7,0,10000000,flink,4,1.017263,0
10000000,BIGINT,5,candidate,TANH_BIGINT,tt_hyperbolic_bigint,DOUBLE,264,0,false,7,0,10000000,native,4,1.190037,0
10000000,FLOAT,0,candidate,BASELINE_tt_hyperbolic_float,tt_hyperbolic_float,FLOAT,264,0,false,7,0,10000000,flink,0,0.814293,0
10000000,FLOAT,0,candidate,BASELINE_tt_hyperbolic_float,tt_hyperbolic_float,FLOAT,264,0,false,7,0,10000000,native,0,1.057090,0
10000000,FLOAT,0,candidate,BASELINE_tt_hyperbolic_float,tt_hyperbolic_float,FLOAT,264,0,false,7,0,10000000,native,1,1.062226,0
10000000,FLOAT,0,candidate,BASELINE_tt_hyperbolic_float,tt_hyperbolic_float,FLOAT,264,0,false,7,0,10000000,flink,1,0.830596,0
10000000,FLOAT,0,candidate,BASELINE_tt_hyperbolic_float,tt_hyperbolic_float,FLOAT,264,0,false,7,0,10000000,flink,2,0.811474,0
10000000,FLOAT,0,candidate,BASELINE_tt_hyperbolic_float,tt_hyperbolic_float,FLOAT,264,0,false,7,0,10000000,native,2,1.086307,0
10000000,FLOAT,0,candidate,BASELINE_tt_hyperbolic_float,tt_hyperbolic_float,FLOAT,264,0,false,7,0,10000000,native,3,1.036440,0
10000000,FLOAT,0,candidate,BASELINE_tt_hyperbolic_float,tt_hyperbolic_float,FLOAT,264,0,false,7,0,10000000,flink,3,0.816127,0
10000000,FLOAT,0,candidate,BASELINE_tt_hyperbolic_float,tt_hyperbolic_float,FLOAT,264,0,false,7,0,10000000,flink,4,0.809074,0
10000000,FLOAT,0,candidate,BASELINE_tt_hyperbolic_float,tt_hyperbolic_float,FLOAT,264,0,false,7,0,10000000,native,4,1.018737,0
10000000,FLOAT,0,candidate,COSH_FLOAT,tt_hyperbolic_float,DOUBLE,264,0,false,7,0,10000000,flink,0,1.110958,0
10000000,FLOAT,0,candidate,COSH_FLOAT,tt_hyperbolic_float,DOUBLE,264,0,false,7,0,10000000,native,0,1.161866,0
10000000,FLOAT,0,candidate,COSH_FLOAT,tt_hyperbolic_float,DOUBLE,264,0,false,7,0,10000000,native,1,1.151785,0
10000000,FLOAT,0,candidate,COSH_FLOAT,tt_hyperbolic_float,DOUBLE,264,0,false,7,0,10000000,flink,1,1.124937,0
10000000,FLOAT,0,candidate,COSH_FLOAT,tt_hyperbolic_float,DOUBLE,264,0,false,7,0,10000000,flink,2,1.089752,0
10000000,FLOAT,0,candidate,COSH_FLOAT,tt_hyperbolic_float,DOUBLE,264,0,false,7,0,10000000,native,2,1.139330,0
10000000,FLOAT,0,candidate,COSH_FLOAT,tt_hyperbolic_float,DOUBLE,264,0,false,7,0,10000000,native,3,1.146279,0
10000000,FLOAT,0,candidate,COSH_FLOAT,tt_hyperbolic_float,DOUBLE,264,0,false,7,0,10000000,flink,3,1.108391,0
10000000,FLOAT,0,candidate,COSH_FLOAT,tt_hyperbolic_float,DOUBLE,264,0,false,7,0,10000000,flink,4,1.099637,0
10000000,FLOAT,0,candidate,COSH_FLOAT,tt_hyperbolic_float,DOUBLE,264,0,false,7,0,10000000,native,4,1.155299,0
10000000,FLOAT,0,candidate,SINH_FLOAT,tt_hyperbolic_float,DOUBLE,264,0,false,7,0,10000000,flink,0,1.180178,0
10000000,FLOAT,0,candidate,SINH_FLOAT,tt_hyperbolic_float,DOUBLE,264,0,false,7,0,10000000,native,0,1.173049,0
10000000,FLOAT,0,candidate,SINH_FLOAT,tt_hyperbolic_float,DOUBLE,264,0,false,7,0,10000000,native,1,1.153569,0
10000000,FLOAT,0,candidate,SINH_FLOAT,tt_hyperbolic_float,DOUBLE,264,0,false,7,0,10000000,flink,1,1.157274,0
10000000,FLOAT,0,candidate,SINH_FLOAT,tt_hyperbolic_float,DOUBLE,264,0,false,7,0,10000000,flink,2,1.149500,0
10000000,FLOAT,0,candidate,SINH_FLOAT,tt_hyperbolic_float,DOUBLE,264,0,false,7,0,10000000,native,2,1.154569,0
10000000,FLOAT,0,candidate,SINH_FLOAT,tt_hyperbolic_float,DOUBLE,264,0,false,7,0,10000000,native,3,1.153538,0
10000000,FLOAT,0,candidate,SINH_FLOAT,tt_hyperbolic_float,DOUBLE,264,0,false,7,0,10000000,flink,3,1.191295,0
10000000,FLOAT,0,candidate,SINH_FLOAT,tt_hyperbolic_float,DOUBLE,264,0,false,7,0,10000000,flink,4,1.140426,0
10000000,FLOAT,0,candidate,SINH_FLOAT,tt_hyperbolic_float,DOUBLE,264,0,false,7,0,10000000,native,4,1.150740,0
10000000,FLOAT,0,candidate,TANH_FLOAT,tt_hyperbolic_float,DOUBLE,264,0,false,7,0,10000000,flink,0,1.135228,0
10000000,FLOAT,0,candidate,TANH_FLOAT,tt_hyperbolic_float,DOUBLE,264,0,false,7,0,10000000,native,0,1.157601,0
10000000,FLOAT,0,candidate,TANH_FLOAT,tt_hyperbolic_float,DOUBLE,264,0,false,7,0,10000000,native,1,1.153558,0
10000000,FLOAT,0,candidate,TANH_FLOAT,tt_hyperbolic_float,DOUBLE,264,0,false,7,0,10000000,flink,1,1.156711,0
10000000,FLOAT,0,candidate,TANH_FLOAT,tt_hyperbolic_float,DOUBLE,264,0,false,7,0,10000000,flink,2,1.132469,0
10000000,FLOAT,0,candidate,TANH_FLOAT,tt_hyperbolic_float,DOUBLE,264,0,false,7,0,10000000,native,2,1.165678,0
10000000,FLOAT,0,candidate,TANH_FLOAT,tt_hyperbolic_float,DOUBLE,264,0,false,7,0,10000000,native,3,1.161506,0
10000000,FLOAT,0,candidate,TANH_FLOAT,tt_hyperbolic_float,DOUBLE,264,0,false,7,0,10000000,flink,3,1.125298,0
10000000,FLOAT,0,candidate,TANH_FLOAT,tt_hyperbolic_float,DOUBLE,264,0,false,7,0,10000000,flink,4,1.129698,0
10000000,FLOAT,0,candidate,TANH_FLOAT,tt_hyperbolic_float,DOUBLE,264,0,false,7,0,10000000,native,4,1.158029,0
10000000,FLOAT,1,previous,BASELINE_tt_hyperbolic_float,tt_hyperbolic_float,FLOAT,264,0,false,7,0,10000000,flink,0,0.814009,0
10000000,FLOAT,1,previous,BASELINE_tt_hyperbolic_float,tt_hyperbolic_float,FLOAT,264,0,false,7,0,10000000,native,0,1.025165,0
10000000,FLOAT,1,previous,BASELINE_tt_hyperbolic_float,tt_hyperbolic_float,FLOAT,264,0,false,7,0,10000000,native,1,1.062241,0
10000000,FLOAT,1,previous,BASELINE_tt_hyperbolic_float,tt_hyperbolic_float,FLOAT,264,0,false,7,0,10000000,flink,1,0.819634,0
10000000,FLOAT,1,previous,BASELINE_tt_hyperbolic_float,tt_hyperbolic_float,FLOAT,264,0,false,7,0,10000000,flink,2,0.825832,0
10000000,FLOAT,1,previous,BASELINE_tt_hyperbolic_float,tt_hyperbolic_float,FLOAT,264,0,false,7,0,10000000,native,2,1.025467,0
10000000,FLOAT,1,previous,BASELINE_tt_hyperbolic_float,tt_hyperbolic_float,FLOAT,264,0,false,7,0,10000000,native,3,1.046664,0
10000000,FLOAT,1,previous,BASELINE_tt_hyperbolic_float,tt_hyperbolic_float,FLOAT,264,0,false,7,0,10000000,flink,3,0.824567,0
10000000,FLOAT,1,previous,BASELINE_tt_hyperbolic_float,tt_hyperbolic_float,FLOAT,264,0,false,7,0,10000000,flink,4,0.819542,0
10000000,FLOAT,1,previous,BASELINE_tt_hyperbolic_float,tt_hyperbolic_float,FLOAT,264,0,false,7,0,10000000,native,4,1.037387,0
10000000,FLOAT,1,previous,COSH_FLOAT,tt_hyperbolic_float,DOUBLE,264,0,false,7,0,10000000,flink,0,1.086926,0
10000000,FLOAT,1,previous,COSH_FLOAT,tt_hyperbolic_float,DOUBLE,264,0,false,7,0,10000000,native,0,1.144904,0
10000000,FLOAT,1,previous,COSH_FLOAT,tt_hyperbolic_float,DOUBLE,264,0,false,7,0,10000000,native,1,1.126096,0
10000000,FLOAT,1,previous,COSH_FLOAT,tt_hyperbolic_float,DOUBLE,264,0,false,7,0,10000000,flink,1,1.092778,0
10000000,FLOAT,1,previous,COSH_FLOAT,tt_hyperbolic_float,DOUBLE,264,0,false,7,0,10000000,flink,2,1.089764,0
10000000,FLOAT,1,previous,COSH_FLOAT,tt_hyperbolic_float,DOUBLE,264,0,false,7,0,10000000,native,2,1.136723,0
10000000,FLOAT,1,previous,COSH_FLOAT,tt_hyperbolic_float,DOUBLE,264,0,false,7,0,10000000,native,3,1.169051,0
10000000,FLOAT,1,previous,COSH_FLOAT,tt_hyperbolic_float,DOUBLE,264,0,false,7,0,10000000,flink,3,1.107377,0
10000000,FLOAT,1,previous,COSH_FLOAT,tt_hyperbolic_float,DOUBLE,264,0,false,7,0,10000000,flink,4,1.097147,0
10000000,FLOAT,1,previous,COSH_FLOAT,tt_hyperbolic_float,DOUBLE,264,0,false,7,0,10000000,native,4,1.136578,0
10000000,FLOAT,1,previous,SINH_FLOAT,tt_hyperbolic_float,DOUBLE,264,0,false,7,0,10000000,flink,0,1.165058,0
10000000,FLOAT,1,previous,SINH_FLOAT,tt_hyperbolic_float,DOUBLE,264,0,false,7,0,10000000,native,0,1.143274,0
10000000,FLOAT,1,previous,SINH_FLOAT,tt_hyperbolic_float,DOUBLE,264,0,false,7,0,10000000,native,1,1.163947,0
10000000,FLOAT,1,previous,SINH_FLOAT,tt_hyperbolic_float,DOUBLE,264,0,false,7,0,10000000,flink,1,1.183840,0
10000000,FLOAT,1,previous,SINH_FLOAT,tt_hyperbolic_float,DOUBLE,264,0,false,7,0,10000000,flink,2,1.151038,0
10000000,FLOAT,1,previous,SINH_FLOAT,tt_hyperbolic_float,DOUBLE,264,0,false,7,0,10000000,native,2,1.143198,0
10000000,FLOAT,1,previous,SINH_FLOAT,tt_hyperbolic_float,DOUBLE,264,0,false,7,0,10000000,native,3,1.164244,0
10000000,FLOAT,1,previous,SINH_FLOAT,tt_hyperbolic_float,DOUBLE,264,0,false,7,0,10000000,flink,3,1.173240,0
10000000,FLOAT,1,previous,SINH_FLOAT,tt_hyperbolic_float,DOUBLE,264,0,false,7,0,10000000,flink,4,1.157951,0
10000000,FLOAT,1,previous,SINH_FLOAT,tt_hyperbolic_float,DOUBLE,264,0,false,7,0,10000000,native,4,1.155973,0
10000000,FLOAT,1,previous,TANH_FLOAT,tt_hyperbolic_float,DOUBLE,264,0,false,7,0,10000000,flink,0,1.122140,0
10000000,FLOAT,1,previous,TANH_FLOAT,tt_hyperbolic_float,DOUBLE,264,0,false,7,0,10000000,native,0,1.149125,0
10000000,FLOAT,1,previous,TANH_FLOAT,tt_hyperbolic_float,DOUBLE,264,0,false,7,0,10000000,native,1,1.158078,0
10000000,FLOAT,1,previous,TANH_FLOAT,tt_hyperbolic_float,DOUBLE,264,0,false,7,0,10000000,flink,1,1.141236,0
10000000,FLOAT,1,previous,TANH_FLOAT,tt_hyperbolic_float,DOUBLE,264,0,false,7,0,10000000,flink,2,1.124943,0
10000000,FLOAT,1,previous,TANH_FLOAT,tt_hyperbolic_float,DOUBLE,264,0,false,7,0,10000000,native,2,1.133960,0
10000000,FLOAT,1,previous,TANH_FLOAT,tt_hyperbolic_float,DOUBLE,264,0,false,7,0,10000000,native,3,1.148434,0
10000000,FLOAT,1,previous,TANH_FLOAT,tt_hyperbolic_float,DOUBLE,264,0,false,7,0,10000000,flink,3,1.122793,0
10000000,FLOAT,1,previous,TANH_FLOAT,tt_hyperbolic_float,DOUBLE,264,0,false,7,0,10000000,flink,4,1.127386,0
10000000,FLOAT,1,previous,TANH_FLOAT,tt_hyperbolic_float,DOUBLE,264,0,false,7,0,10000000,native,4,1.143643,0
10000000,FLOAT,2,original,BASELINE_tt_hyperbolic_float,tt_hyperbolic_float,FLOAT,264,0,false,7,0,10000000,flink,0,0.819143,0
10000000,FLOAT,2,original,BASELINE_tt_hyperbolic_float,tt_hyperbolic_float,FLOAT,264,0,false,7,0,10000000,native,0,1.074198,0
10000000,FLOAT,2,original,BASELINE_tt_hyperbolic_float,tt_hyperbolic_float,FLOAT,264,0,false,7,0,10000000,native,1,1.055787,0
10000000,FLOAT,2,original,BASELINE_tt_hyperbolic_float,tt_hyperbolic_float,FLOAT,264,0,false,7,0,10000000,flink,1,0.826673,0
10000000,FLOAT,2,original,BASELINE_tt_hyperbolic_float,tt_hyperbolic_float,FLOAT,264,0,false,7,0,10000000,flink,2,0.813016,0
10000000,FLOAT,2,original,BASELINE_tt_hyperbolic_float,tt_hyperbolic_float,FLOAT,264,0,false,7,0,10000000,native,2,1.019919,0
10000000,FLOAT,2,original,BASELINE_tt_hyperbolic_float,tt_hyperbolic_float,FLOAT,264,0,false,7,0,10000000,native,3,1.058728,0
10000000,FLOAT,2,original,BASELINE_tt_hyperbolic_float,tt_hyperbolic_float,FLOAT,264,0,false,7,0,10000000,flink,3,0.854191,0
10000000,FLOAT,2,original,BASELINE_tt_hyperbolic_float,tt_hyperbolic_float,FLOAT,264,0,false,7,0,10000000,flink,4,0.819539,0
10000000,FLOAT,2,original,BASELINE_tt_hyperbolic_float,tt_hyperbolic_float,FLOAT,264,0,false,7,0,10000000,native,4,1.059187,0
10000000,FLOAT,2,original,COSH_FLOAT,tt_hyperbolic_float,DOUBLE,264,0,false,7,0,10000000,flink,0,1.085817,0
10000000,FLOAT,2,original,COSH_FLOAT,tt_hyperbolic_float,DOUBLE,264,0,false,7,0,10000000,native,0,1.114386,0
10000000,FLOAT,2,original,COSH_FLOAT,tt_hyperbolic_float,DOUBLE,264,0,false,7,0,10000000,native,1,1.103589,0
10000000,FLOAT,2,original,COSH_FLOAT,tt_hyperbolic_float,DOUBLE,264,0,false,7,0,10000000,flink,1,1.090216,0
10000000,FLOAT,2,original,COSH_FLOAT,tt_hyperbolic_float,DOUBLE,264,0,false,7,0,10000000,flink,2,1.118957,0
10000000,FLOAT,2,original,COSH_FLOAT,tt_hyperbolic_float,DOUBLE,264,0,false,7,0,10000000,native,2,1.089244,0
10000000,FLOAT,2,original,COSH_FLOAT,tt_hyperbolic_float,DOUBLE,264,0,false,7,0,10000000,native,3,1.121029,0
10000000,FLOAT,2,original,COSH_FLOAT,tt_hyperbolic_float,DOUBLE,264,0,false,7,0,10000000,flink,3,1.101697,0
10000000,FLOAT,2,original,COSH_FLOAT,tt_hyperbolic_float,DOUBLE,264,0,false,7,0,10000000,flink,4,1.132663,0
10000000,FLOAT,2,original,COSH_FLOAT,tt_hyperbolic_float,DOUBLE,264,0,false,7,0,10000000,native,4,1.102135,0
10000000,FLOAT,2,original,SINH_FLOAT,tt_hyperbolic_float,DOUBLE,264,0,false,7,0,10000000,flink,0,1.143906,0
10000000,FLOAT,2,original,SINH_FLOAT,tt_hyperbolic_float,DOUBLE,264,0,false,7,0,10000000,native,0,1.139144,0
10000000,FLOAT,2,original,SINH_FLOAT,tt_hyperbolic_float,DOUBLE,264,0,false,7,0,10000000,native,1,1.241684,0
10000000,FLOAT,2,original,SINH_FLOAT,tt_hyperbolic_float,DOUBLE,264,0,false,7,0,10000000,flink,1,1.130460,0
10000000,FLOAT,2,original,SINH_FLOAT,tt_hyperbolic_float,DOUBLE,264,0,false,7,0,10000000,flink,2,1.127888,0
10000000,FLOAT,2,original,SINH_FLOAT,tt_hyperbolic_float,DOUBLE,264,0,false,7,0,10000000,native,2,1.132635,0
10000000,FLOAT,2,original,SINH_FLOAT,tt_hyperbolic_float,DOUBLE,264,0,false,7,0,10000000,native,3,1.130175,0
10000000,FLOAT,2,original,SINH_FLOAT,tt_hyperbolic_float,DOUBLE,264,0,false,7,0,10000000,flink,3,1.153222,0
10000000,FLOAT,2,original,SINH_FLOAT,tt_hyperbolic_float,DOUBLE,264,0,false,7,0,10000000,flink,4,1.137203,0
10000000,FLOAT,2,original,SINH_FLOAT,tt_hyperbolic_float,DOUBLE,264,0,false,7,0,10000000,native,4,1.154464,0
10000000,FLOAT,2,original,TANH_FLOAT,tt_hyperbolic_float,DOUBLE,264,0,false,7,0,10000000,flink,0,1.114451,0
10000000,FLOAT,2,original,TANH_FLOAT,tt_hyperbolic_float,DOUBLE,264,0,false,7,0,10000000,native,0,1.115734,0
10000000,FLOAT,2,original,TANH_FLOAT,tt_hyperbolic_float,DOUBLE,264,0,false,7,0,10000000,native,1,1.112970,0
10000000,FLOAT,2,original,TANH_FLOAT,tt_hyperbolic_float,DOUBLE,264,0,false,7,0,10000000,flink,1,1.111767,0
10000000,FLOAT,2,original,TANH_FLOAT,tt_hyperbolic_float,DOUBLE,264,0,false,7,0,10000000,flink,2,1.110791,0
10000000,FLOAT,2,original,TANH_FLOAT,tt_hyperbolic_float,DOUBLE,264,0,false,7,0,10000000,native,2,1.111665,0
10000000,FLOAT,2,original,TANH_FLOAT,tt_hyperbolic_float,DOUBLE,264,0,false,7,0,10000000,native,3,1.159679,0
10000000,FLOAT,2,original,TANH_FLOAT,tt_hyperbolic_float,DOUBLE,264,0,false,7,0,10000000,flink,3,1.111654,0
10000000,FLOAT,2,original,TANH_FLOAT,tt_hyperbolic_float,DOUBLE,264,0,false,7,0,10000000,flink,4,1.121895,0
10000000,FLOAT,2,original,TANH_FLOAT,tt_hyperbolic_float,DOUBLE,264,0,false,7,0,10000000,native,4,1.117570,0
10000000,FLOAT,3,original,BASELINE_tt_hyperbolic_float,tt_hyperbolic_float,FLOAT,264,0,false,7,0,10000000,flink,0,0.825603,0
10000000,FLOAT,3,original,BASELINE_tt_hyperbolic_float,tt_hyperbolic_float,FLOAT,264,0,false,7,0,10000000,native,0,1.049956,0
10000000,FLOAT,3,original,BASELINE_tt_hyperbolic_float,tt_hyperbolic_float,FLOAT,264,0,false,7,0,10000000,native,1,1.054210,0
10000000,FLOAT,3,original,BASELINE_tt_hyperbolic_float,tt_hyperbolic_float,FLOAT,264,0,false,7,0,10000000,flink,1,0.833646,0
10000000,FLOAT,3,original,BASELINE_tt_hyperbolic_float,tt_hyperbolic_float,FLOAT,264,0,false,7,0,10000000,flink,2,0.838820,0
10000000,FLOAT,3,original,BASELINE_tt_hyperbolic_float,tt_hyperbolic_float,FLOAT,264,0,false,7,0,10000000,native,2,1.011498,0
10000000,FLOAT,3,original,BASELINE_tt_hyperbolic_float,tt_hyperbolic_float,FLOAT,264,0,false,7,0,10000000,native,3,1.042478,0
10000000,FLOAT,3,original,BASELINE_tt_hyperbolic_float,tt_hyperbolic_float,FLOAT,264,0,false,7,0,10000000,flink,3,0.839054,0
10000000,FLOAT,3,original,BASELINE_tt_hyperbolic_float,tt_hyperbolic_float,FLOAT,264,0,false,7,0,10000000,flink,4,0.810801,0
10000000,FLOAT,3,original,BASELINE_tt_hyperbolic_float,tt_hyperbolic_float,FLOAT,264,0,false,7,0,10000000,native,4,1.039107,0
10000000,FLOAT,3,original,COSH_FLOAT,tt_hyperbolic_float,DOUBLE,264,0,false,7,0,10000000,flink,0,1.131927,0
10000000,FLOAT,3,original,COSH_FLOAT,tt_hyperbolic_float,DOUBLE,264,0,false,7,0,10000000,native,0,1.092452,0
10000000,FLOAT,3,original,COSH_FLOAT,tt_hyperbolic_float,DOUBLE,264,0,false,7,0,10000000,native,1,1.107222,0
10000000,FLOAT,3,original,COSH_FLOAT,tt_hyperbolic_float,DOUBLE,264,0,false,7,0,10000000,flink,1,1.095360,0
10000000,FLOAT,3,original,COSH_FLOAT,tt_hyperbolic_float,DOUBLE,264,0,false,7,0,10000000,flink,2,1.096164,0
10000000,FLOAT,3,original,COSH_FLOAT,tt_hyperbolic_float,DOUBLE,264,0,false,7,0,10000000,native,2,1.111353,0
10000000,FLOAT,3,original,COSH_FLOAT,tt_hyperbolic_float,DOUBLE,264,0,false,7,0,10000000,native,3,1.092282,0
10000000,FLOAT,3,original,COSH_FLOAT,tt_hyperbolic_float,DOUBLE,264,0,false,7,0,10000000,flink,3,1.129498,0
10000000,FLOAT,3,original,COSH_FLOAT,tt_hyperbolic_float,DOUBLE,264,0,false,7,0,10000000,flink,4,1.130943,0
10000000,FLOAT,3,original,COSH_FLOAT,tt_hyperbolic_float,DOUBLE,264,0,false,7,0,10000000,native,4,1.132328,0
10000000,FLOAT,3,original,SINH_FLOAT,tt_hyperbolic_float,DOUBLE,264,0,false,7,0,10000000,flink,0,1.140967,0
10000000,FLOAT,3,original,SINH_FLOAT,tt_hyperbolic_float,DOUBLE,264,0,false,7,0,10000000,native,0,1.134546,0
10000000,FLOAT,3,original,SINH_FLOAT,tt_hyperbolic_float,DOUBLE,264,0,false,7,0,10000000,native,1,1.140466,0
10000000,FLOAT,3,original,SINH_FLOAT,tt_hyperbolic_float,DOUBLE,264,0,false,7,0,10000000,flink,1,1.135437,0
10000000,FLOAT,3,original,SINH_FLOAT,tt_hyperbolic_float,DOUBLE,264,0,false,7,0,10000000,flink,2,1.138946,0
10000000,FLOAT,3,original,SINH_FLOAT,tt_hyperbolic_float,DOUBLE,264,0,false,7,0,10000000,native,2,1.128136,0
10000000,FLOAT,3,original,SINH_FLOAT,tt_hyperbolic_float,DOUBLE,264,0,false,7,0,10000000,native,3,1.137862,0
10000000,FLOAT,3,original,SINH_FLOAT,tt_hyperbolic_float,DOUBLE,264,0,false,7,0,10000000,flink,3,1.145075,0
10000000,FLOAT,3,original,SINH_FLOAT,tt_hyperbolic_float,DOUBLE,264,0,false,7,0,10000000,flink,4,1.147128,0
10000000,FLOAT,3,original,SINH_FLOAT,tt_hyperbolic_float,DOUBLE,264,0,false,7,0,10000000,native,4,1.136304,0
10000000,FLOAT,3,original,TANH_FLOAT,tt_hyperbolic_float,DOUBLE,264,0,false,7,0,10000000,flink,0,1.128527,0
10000000,FLOAT,3,original,TANH_FLOAT,tt_hyperbolic_float,DOUBLE,264,0,false,7,0,10000000,native,0,1.117153,0
10000000,FLOAT,3,original,TANH_FLOAT,tt_hyperbolic_float,DOUBLE,264,0,false,7,0,10000000,native,1,1.123984,0
10000000,FLOAT,3,original,TANH_FLOAT,tt_hyperbolic_float,DOUBLE,264,0,false,7,0,10000000,flink,1,1.127313,0
10000000,FLOAT,3,original,TANH_FLOAT,tt_hyperbolic_float,DOUBLE,264,0,false,7,0,10000000,flink,2,1.133415,0
10000000,FLOAT,3,original,TANH_FLOAT,tt_hyperbolic_float,DOUBLE,264,0,false,7,0,10000000,native,2,1.141139,0
10000000,FLOAT,3,original,TANH_FLOAT,tt_hyperbolic_float,DOUBLE,264,0,false,7,0,10000000,native,3,1.131808,0
10000000,FLOAT,3,original,TANH_FLOAT,tt_hyperbolic_float,DOUBLE,264,0,false,7,0,10000000,flink,3,1.130722,0
10000000,FLOAT,3,original,TANH_FLOAT,tt_hyperbolic_float,DOUBLE,264,0,false,7,0,10000000,flink,4,1.124600,0
10000000,FLOAT,3,original,TANH_FLOAT,tt_hyperbolic_float,DOUBLE,264,0,false,7,0,10000000,native,4,1.149721,0
10000000,FLOAT,4,previous,BASELINE_tt_hyperbolic_float,tt_hyperbolic_float,FLOAT,264,0,false,7,0,10000000,flink,0,0.818084,0
10000000,FLOAT,4,previous,BASELINE_tt_hyperbolic_float,tt_hyperbolic_float,FLOAT,264,0,false,7,0,10000000,native,0,1.065886,0
10000000,FLOAT,4,previous,BASELINE_tt_hyperbolic_float,tt_hyperbolic_float,FLOAT,264,0,false,7,0,10000000,native,1,1.085369,0
10000000,FLOAT,4,previous,BASELINE_tt_hyperbolic_float,tt_hyperbolic_float,FLOAT,264,0,false,7,0,10000000,flink,1,0.808725,0
10000000,FLOAT,4,previous,BASELINE_tt_hyperbolic_float,tt_hyperbolic_float,FLOAT,264,0,false,7,0,10000000,flink,2,0.813263,0
10000000,FLOAT,4,previous,BASELINE_tt_hyperbolic_float,tt_hyperbolic_float,FLOAT,264,0,false,7,0,10000000,native,2,1.058574,0
10000000,FLOAT,4,previous,BASELINE_tt_hyperbolic_float,tt_hyperbolic_float,FLOAT,264,0,false,7,0,10000000,native,3,1.047085,0
10000000,FLOAT,4,previous,BASELINE_tt_hyperbolic_float,tt_hyperbolic_float,FLOAT,264,0,false,7,0,10000000,flink,3,0.818766,0
10000000,FLOAT,4,previous,BASELINE_tt_hyperbolic_float,tt_hyperbolic_float,FLOAT,264,0,false,7,0,10000000,flink,4,0.799924,0
10000000,FLOAT,4,previous,BASELINE_tt_hyperbolic_float,tt_hyperbolic_float,FLOAT,264,0,false,7,0,10000000,native,4,1.045160,0
10000000,FLOAT,4,previous,COSH_FLOAT,tt_hyperbolic_float,DOUBLE,264,0,false,7,0,10000000,flink,0,1.111592,0
10000000,FLOAT,4,previous,COSH_FLOAT,tt_hyperbolic_float,DOUBLE,264,0,false,7,0,10000000,native,0,1.143657,0
10000000,FLOAT,4,previous,COSH_FLOAT,tt_hyperbolic_float,DOUBLE,264,0,false,7,0,10000000,native,1,1.148321,0
10000000,FLOAT,4,previous,COSH_FLOAT,tt_hyperbolic_float,DOUBLE,264,0,false,7,0,10000000,flink,1,1.138022,0
10000000,FLOAT,4,previous,COSH_FLOAT,tt_hyperbolic_float,DOUBLE,264,0,false,7,0,10000000,flink,2,1.100076,0
10000000,FLOAT,4,previous,COSH_FLOAT,tt_hyperbolic_float,DOUBLE,264,0,false,7,0,10000000,native,2,1.149658,0
10000000,FLOAT,4,previous,COSH_FLOAT,tt_hyperbolic_float,DOUBLE,264,0,false,7,0,10000000,native,3,1.133420,0
10000000,FLOAT,4,previous,COSH_FLOAT,tt_hyperbolic_float,DOUBLE,264,0,false,7,0,10000000,flink,3,1.122970,0
10000000,FLOAT,4,previous,COSH_FLOAT,tt_hyperbolic_float,DOUBLE,264,0,false,7,0,10000000,flink,4,1.120572,0
10000000,FLOAT,4,previous,COSH_FLOAT,tt_hyperbolic_float,DOUBLE,264,0,false,7,0,10000000,native,4,1.128262,0
10000000,FLOAT,4,previous,SINH_FLOAT,tt_hyperbolic_float,DOUBLE,264,0,false,7,0,10000000,flink,0,1.155937,0
10000000,FLOAT,4,previous,SINH_FLOAT,tt_hyperbolic_float,DOUBLE,264,0,false,7,0,10000000,native,0,1.158826,0
10000000,FLOAT,4,previous,SINH_FLOAT,tt_hyperbolic_float,DOUBLE,264,0,false,7,0,10000000,native,1,1.161527,0
10000000,FLOAT,4,previous,SINH_FLOAT,tt_hyperbolic_float,DOUBLE,264,0,false,7,0,10000000,flink,1,1.150006,0
10000000,FLOAT,4,previous,SINH_FLOAT,tt_hyperbolic_float,DOUBLE,264,0,false,7,0,10000000,flink,2,1.124412,0
10000000,FLOAT,4,previous,SINH_FLOAT,tt_hyperbolic_float,DOUBLE,264,0,false,7,0,10000000,native,2,1.151072,0
10000000,FLOAT,4,previous,SINH_FLOAT,tt_hyperbolic_float,DOUBLE,264,0,false,7,0,10000000,native,3,1.149351,0
10000000,FLOAT,4,previous,SINH_FLOAT,tt_hyperbolic_float,DOUBLE,264,0,false,7,0,10000000,flink,3,1.143042,0
10000000,FLOAT,4,previous,SINH_FLOAT,tt_hyperbolic_float,DOUBLE,264,0,false,7,0,10000000,flink,4,1.158559,0
10000000,FLOAT,4,previous,SINH_FLOAT,tt_hyperbolic_float,DOUBLE,264,0,false,7,0,10000000,native,4,1.155112,0
10000000,FLOAT,4,previous,TANH_FLOAT,tt_hyperbolic_float,DOUBLE,264,0,false,7,0,10000000,flink,0,1.118618,0
10000000,FLOAT,4,previous,TANH_FLOAT,tt_hyperbolic_float,DOUBLE,264,0,false,7,0,10000000,native,0,1.153573,0
10000000,FLOAT,4,previous,TANH_FLOAT,tt_hyperbolic_float,DOUBLE,264,0,false,7,0,10000000,native,1,1.167287,0
10000000,FLOAT,4,previous,TANH_FLOAT,tt_hyperbolic_float,DOUBLE,264,0,false,7,0,10000000,flink,1,1.115019,0
10000000,FLOAT,4,previous,TANH_FLOAT,tt_hyperbolic_float,DOUBLE,264,0,false,7,0,10000000,flink,2,1.123232,0
10000000,FLOAT,4,previous,TANH_FLOAT,tt_hyperbolic_float,DOUBLE,264,0,false,7,0,10000000,native,2,1.164887,0
10000000,FLOAT,4,previous,TANH_FLOAT,tt_hyperbolic_float,DOUBLE,264,0,false,7,0,10000000,native,3,1.165668,0
10000000,FLOAT,4,previous,TANH_FLOAT,tt_hyperbolic_float,DOUBLE,264,0,false,7,0,10000000,flink,3,1.130438,0
10000000,FLOAT,4,previous,TANH_FLOAT,tt_hyperbolic_float,DOUBLE,264,0,false,7,0,10000000,flink,4,1.112366,0
10000000,FLOAT,4,previous,TANH_FLOAT,tt_hyperbolic_float,DOUBLE,264,0,false,7,0,10000000,native,4,1.176121,0
10000000,FLOAT,5,candidate,BASELINE_tt_hyperbolic_float,tt_hyperbolic_float,FLOAT,264,0,false,7,0,10000000,flink,0,0.829587,0
10000000,FLOAT,5,candidate,BASELINE_tt_hyperbolic_float,tt_hyperbolic_float,FLOAT,264,0,false,7,0,10000000,native,0,1.085824,0
10000000,FLOAT,5,candidate,BASELINE_tt_hyperbolic_float,tt_hyperbolic_float,FLOAT,264,0,false,7,0,10000000,native,1,1.098324,0
10000000,FLOAT,5,candidate,BASELINE_tt_hyperbolic_float,tt_hyperbolic_float,FLOAT,264,0,false,7,0,10000000,flink,1,0.818369,0
10000000,FLOAT,5,candidate,BASELINE_tt_hyperbolic_float,tt_hyperbolic_float,FLOAT,264,0,false,7,0,10000000,flink,2,0.817874,0
10000000,FLOAT,5,candidate,BASELINE_tt_hyperbolic_float,tt_hyperbolic_float,FLOAT,264,0,false,7,0,10000000,native,2,1.056736,0
10000000,FLOAT,5,candidate,BASELINE_tt_hyperbolic_float,tt_hyperbolic_float,FLOAT,264,0,false,7,0,10000000,native,3,1.039135,0
10000000,FLOAT,5,candidate,BASELINE_tt_hyperbolic_float,tt_hyperbolic_float,FLOAT,264,0,false,7,0,10000000,flink,3,0.817279,0
10000000,FLOAT,5,candidate,BASELINE_tt_hyperbolic_float,tt_hyperbolic_float,FLOAT,264,0,false,7,0,10000000,flink,4,0.819853,0
10000000,FLOAT,5,candidate,BASELINE_tt_hyperbolic_float,tt_hyperbolic_float,FLOAT,264,0,false,7,0,10000000,native,4,1.047507,0
10000000,FLOAT,5,candidate,COSH_FLOAT,tt_hyperbolic_float,DOUBLE,264,0,false,7,0,10000000,flink,0,1.108934,0
10000000,FLOAT,5,candidate,COSH_FLOAT,tt_hyperbolic_float,DOUBLE,264,0,false,7,0,10000000,native,0,1.151933,0
10000000,FLOAT,5,candidate,COSH_FLOAT,tt_hyperbolic_float,DOUBLE,264,0,false,7,0,10000000,native,1,1.132676,0
10000000,FLOAT,5,candidate,COSH_FLOAT,tt_hyperbolic_float,DOUBLE,264,0,false,7,0,10000000,flink,1,1.121564,0
10000000,FLOAT,5,candidate,COSH_FLOAT,tt_hyperbolic_float,DOUBLE,264,0,false,7,0,10000000,flink,2,1.116676,0
10000000,FLOAT,5,candidate,COSH_FLOAT,tt_hyperbolic_float,DOUBLE,264,0,false,7,0,10000000,native,2,1.128913,0
10000000,FLOAT,5,candidate,COSH_FLOAT,tt_hyperbolic_float,DOUBLE,264,0,false,7,0,10000000,native,3,1.123158,0
10000000,FLOAT,5,candidate,COSH_FLOAT,tt_hyperbolic_float,DOUBLE,264,0,false,7,0,10000000,flink,3,1.105148,0
10000000,FLOAT,5,candidate,COSH_FLOAT,tt_hyperbolic_float,DOUBLE,264,0,false,7,0,10000000,flink,4,1.111405,0
10000000,FLOAT,5,candidate,COSH_FLOAT,tt_hyperbolic_float,DOUBLE,264,0,false,7,0,10000000,native,4,1.139572,0
10000000,FLOAT,5,candidate,SINH_FLOAT,tt_hyperbolic_float,DOUBLE,264,0,false,7,0,10000000,flink,0,1.167443,0
10000000,FLOAT,5,candidate,SINH_FLOAT,tt_hyperbolic_float,DOUBLE,264,0,false,7,0,10000000,native,0,1.156030,0
10000000,FLOAT,5,candidate,SINH_FLOAT,tt_hyperbolic_float,DOUBLE,264,0,false,7,0,10000000,native,1,1.158350,0
10000000,FLOAT,5,candidate,SINH_FLOAT,tt_hyperbolic_float,DOUBLE,264,0,false,7,0,10000000,flink,1,1.174446,0
10000000,FLOAT,5,candidate,SINH_FLOAT,tt_hyperbolic_float,DOUBLE,264,0,false,7,0,10000000,flink,2,1.155768,0
10000000,FLOAT,5,candidate,SINH_FLOAT,tt_hyperbolic_float,DOUBLE,264,0,false,7,0,10000000,native,2,1.167467,0
10000000,FLOAT,5,candidate,SINH_FLOAT,tt_hyperbolic_float,DOUBLE,264,0,false,7,0,10000000,native,3,1.143572,0
10000000,FLOAT,5,candidate,SINH_FLOAT,tt_hyperbolic_float,DOUBLE,264,0,false,7,0,10000000,flink,3,1.169376,0
10000000,FLOAT,5,candidate,SINH_FLOAT,tt_hyperbolic_float,DOUBLE,264,0,false,7,0,10000000,flink,4,1.150284,0
10000000,FLOAT,5,candidate,SINH_FLOAT,tt_hyperbolic_float,DOUBLE,264,0,false,7,0,10000000,native,4,1.165268,0
10000000,FLOAT,5,candidate,TANH_FLOAT,tt_hyperbolic_float,DOUBLE,264,0,false,7,0,10000000,flink,0,1.143722,0
10000000,FLOAT,5,candidate,TANH_FLOAT,tt_hyperbolic_float,DOUBLE,264,0,false,7,0,10000000,native,0,1.142180,0
10000000,FLOAT,5,candidate,TANH_FLOAT,tt_hyperbolic_float,DOUBLE,264,0,false,7,0,10000000,native,1,1.163190,0
10000000,FLOAT,5,candidate,TANH_FLOAT,tt_hyperbolic_float,DOUBLE,264,0,false,7,0,10000000,flink,1,1.160725,0
10000000,FLOAT,5,candidate,TANH_FLOAT,tt_hyperbolic_float,DOUBLE,264,0,false,7,0,10000000,flink,2,1.136614,0
10000000,FLOAT,5,candidate,TANH_FLOAT,tt_hyperbolic_float,DOUBLE,264,0,false,7,0,10000000,native,2,1.146655,0
10000000,FLOAT,5,candidate,TANH_FLOAT,tt_hyperbolic_float,DOUBLE,264,0,false,7,0,10000000,native,3,1.161033,0
10000000,FLOAT,5,candidate,TANH_FLOAT,tt_hyperbolic_float,DOUBLE,264,0,false,7,0,10000000,flink,3,1.137308,0
10000000,FLOAT,5,candidate,TANH_FLOAT,tt_hyperbolic_float,DOUBLE,264,0,false,7,0,10000000,flink,4,1.178917,0
10000000,FLOAT,5,candidate,TANH_FLOAT,tt_hyperbolic_float,DOUBLE,264,0,false,7,0,10000000,native,4,1.138831,0
10000000,SMALL,0,candidate,BASELINE_tt_hyperbolic_small,tt_hyperbolic_small,DOUBLE,264,0,false,0,0,10000000,flink,0,0.972806,0
10000000,SMALL,0,candidate,BASELINE_tt_hyperbolic_small,tt_hyperbolic_small,DOUBLE,264,0,false,0,0,10000000,native,0,1.077654,0
10000000,SMALL,0,candidate,BASELINE_tt_hyperbolic_small,tt_hyperbolic_small,DOUBLE,264,0,false,0,0,10000000,native,1,1.064751,0
10000000,SMALL,0,candidate,BASELINE_tt_hyperbolic_small,tt_hyperbolic_small,DOUBLE,264,0,false,0,0,10000000,flink,1,0.977040,0
10000000,SMALL,0,candidate,BASELINE_tt_hyperbolic_small,tt_hyperbolic_small,DOUBLE,264,0,false,0,0,10000000,flink,2,1.001284,0
10000000,SMALL,0,candidate,BASELINE_tt_hyperbolic_small,tt_hyperbolic_small,DOUBLE,264,0,false,0,0,10000000,native,2,1.056230,0
10000000,SMALL,0,candidate,BASELINE_tt_hyperbolic_small,tt_hyperbolic_small,DOUBLE,264,0,false,0,0,10000000,native,3,1.064135,0
10000000,SMALL,0,candidate,BASELINE_tt_hyperbolic_small,tt_hyperbolic_small,DOUBLE,264,0,false,0,0,10000000,flink,3,0.969739,0
10000000,SMALL,0,candidate,BASELINE_tt_hyperbolic_small,tt_hyperbolic_small,DOUBLE,264,0,false,0,0,10000000,flink,4,0.980826,0
10000000,SMALL,0,candidate,BASELINE_tt_hyperbolic_small,tt_hyperbolic_small,DOUBLE,264,0,false,0,0,10000000,native,4,1.096812,0
10000000,SMALL,0,candidate,COSH_SMALL,tt_hyperbolic_small,DOUBLE,264,0,false,0,0,10000000,flink,0,1.193081,0
10000000,SMALL,0,candidate,COSH_SMALL,tt_hyperbolic_small,DOUBLE,264,0,false,0,0,10000000,native,0,1.139141,0
10000000,SMALL,0,candidate,COSH_SMALL,tt_hyperbolic_small,DOUBLE,264,0,false,0,0,10000000,native,1,1.126242,0
10000000,SMALL,0,candidate,COSH_SMALL,tt_hyperbolic_small,DOUBLE,264,0,false,0,0,10000000,flink,1,1.200036,0
10000000,SMALL,0,candidate,COSH_SMALL,tt_hyperbolic_small,DOUBLE,264,0,false,0,0,10000000,flink,2,1.193742,0
10000000,SMALL,0,candidate,COSH_SMALL,tt_hyperbolic_small,DOUBLE,264,0,false,0,0,10000000,native,2,1.117197,0
10000000,SMALL,0,candidate,COSH_SMALL,tt_hyperbolic_small,DOUBLE,264,0,false,0,0,10000000,native,3,1.153958,0
10000000,SMALL,0,candidate,COSH_SMALL,tt_hyperbolic_small,DOUBLE,264,0,false,0,0,10000000,flink,3,1.201686,0
10000000,SMALL,0,candidate,COSH_SMALL,tt_hyperbolic_small,DOUBLE,264,0,false,0,0,10000000,flink,4,1.183792,0
10000000,SMALL,0,candidate,COSH_SMALL,tt_hyperbolic_small,DOUBLE,264,0,false,0,0,10000000,native,4,1.117231,0
10000000,SMALL,0,candidate,SINH_SMALL,tt_hyperbolic_small,DOUBLE,264,0,false,0,0,10000000,flink,0,1.241406,0
10000000,SMALL,0,candidate,SINH_SMALL,tt_hyperbolic_small,DOUBLE,264,0,false,0,0,10000000,native,0,1.120915,0
10000000,SMALL,0,candidate,SINH_SMALL,tt_hyperbolic_small,DOUBLE,264,0,false,0,0,10000000,native,1,1.131459,0
10000000,SMALL,0,candidate,SINH_SMALL,tt_hyperbolic_small,DOUBLE,264,0,false,0,0,10000000,flink,1,1.214194,0
10000000,SMALL,0,candidate,SINH_SMALL,tt_hyperbolic_small,DOUBLE,264,0,false,0,0,10000000,flink,2,1.208608,0
10000000,SMALL,0,candidate,SINH_SMALL,tt_hyperbolic_small,DOUBLE,264,0,false,0,0,10000000,native,2,1.151536,0
10000000,SMALL,0,candidate,SINH_SMALL,tt_hyperbolic_small,DOUBLE,264,0,false,0,0,10000000,native,3,1.149170,0
10000000,SMALL,0,candidate,SINH_SMALL,tt_hyperbolic_small,DOUBLE,264,0,false,0,0,10000000,flink,3,1.227895,0
10000000,SMALL,0,candidate,SINH_SMALL,tt_hyperbolic_small,DOUBLE,264,0,false,0,0,10000000,flink,4,1.215983,0
10000000,SMALL,0,candidate,SINH_SMALL,tt_hyperbolic_small,DOUBLE,264,0,false,0,0,10000000,native,4,1.127971,0
10000000,SMALL,0,candidate,TANH_SMALL,tt_hyperbolic_small,DOUBLE,264,0,false,0,0,10000000,flink,0,1.242634,0
10000000,SMALL,0,candidate,TANH_SMALL,tt_hyperbolic_small,DOUBLE,264,0,false,0,0,10000000,native,0,1.131923,0
10000000,SMALL,0,candidate,TANH_SMALL,tt_hyperbolic_small,DOUBLE,264,0,false,0,0,10000000,native,1,1.141511,0
10000000,SMALL,0,candidate,TANH_SMALL,tt_hyperbolic_small,DOUBLE,264,0,false,0,0,10000000,flink,1,1.243284,0
10000000,SMALL,0,candidate,TANH_SMALL,tt_hyperbolic_small,DOUBLE,264,0,false,0,0,10000000,flink,2,1.239760,0
10000000,SMALL,0,candidate,TANH_SMALL,tt_hyperbolic_small,DOUBLE,264,0,false,0,0,10000000,native,2,1.141154,0
10000000,SMALL,0,candidate,TANH_SMALL,tt_hyperbolic_small,DOUBLE,264,0,false,0,0,10000000,native,3,1.144385,0
10000000,SMALL,0,candidate,TANH_SMALL,tt_hyperbolic_small,DOUBLE,264,0,false,0,0,10000000,flink,3,1.237408,0
10000000,SMALL,0,candidate,TANH_SMALL,tt_hyperbolic_small,DOUBLE,264,0,false,0,0,10000000,flink,4,1.253042,0
10000000,SMALL,0,candidate,TANH_SMALL,tt_hyperbolic_small,DOUBLE,264,0,false,0,0,10000000,native,4,1.152270,0
10000000,SMALL,1,previous,BASELINE_tt_hyperbolic_small,tt_hyperbolic_small,DOUBLE,264,0,false,0,0,10000000,flink,0,1.009671,0
10000000,SMALL,1,previous,BASELINE_tt_hyperbolic_small,tt_hyperbolic_small,DOUBLE,264,0,false,0,0,10000000,native,0,1.086799,0
10000000,SMALL,1,previous,BASELINE_tt_hyperbolic_small,tt_hyperbolic_small,DOUBLE,264,0,false,0,0,10000000,native,1,1.072523,0
10000000,SMALL,1,previous,BASELINE_tt_hyperbolic_small,tt_hyperbolic_small,DOUBLE,264,0,false,0,0,10000000,flink,1,1.000675,0
10000000,SMALL,1,previous,BASELINE_tt_hyperbolic_small,tt_hyperbolic_small,DOUBLE,264,0,false,0,0,10000000,flink,2,0.986969,0
10000000,SMALL,1,previous,BASELINE_tt_hyperbolic_small,tt_hyperbolic_small,DOUBLE,264,0,false,0,0,10000000,native,2,1.074500,0
10000000,SMALL,1,previous,BASELINE_tt_hyperbolic_small,tt_hyperbolic_small,DOUBLE,264,0,false,0,0,10000000,native,3,1.091261,0
10000000,SMALL,1,previous,BASELINE_tt_hyperbolic_small,tt_hyperbolic_small,DOUBLE,264,0,false,0,0,10000000,flink,3,0.987699,0
10000000,SMALL,1,previous,BASELINE_tt_hyperbolic_small,tt_hyperbolic_small,DOUBLE,264,0,false,0,0,10000000,flink,4,0.979745,0
10000000,SMALL,1,previous,BASELINE_tt_hyperbolic_small,tt_hyperbolic_small,DOUBLE,264,0,false,0,0,10000000,native,4,1.075613,0
10000000,SMALL,1,previous,COSH_SMALL,tt_hyperbolic_small,DOUBLE,264,0,false,0,0,10000000,flink,0,1.191409,0
10000000,SMALL,1,previous,COSH_SMALL,tt_hyperbolic_small,DOUBLE,264,0,false,0,0,10000000,native,0,1.137767,0
10000000,SMALL,1,previous,COSH_SMALL,tt_hyperbolic_small,DOUBLE,264,0,false,0,0,10000000,native,1,1.144377,0
10000000,SMALL,1,previous,COSH_SMALL,tt_hyperbolic_small,DOUBLE,264,0,false,0,0,10000000,flink,1,1.212989,0
10000000,SMALL,1,previous,COSH_SMALL,tt_hyperbolic_small,DOUBLE,264,0,false,0,0,10000000,flink,2,1.219486,0
10000000,SMALL,1,previous,COSH_SMALL,tt_hyperbolic_small,DOUBLE,264,0,false,0,0,10000000,native,2,1.147193,0
10000000,SMALL,1,previous,COSH_SMALL,tt_hyperbolic_small,DOUBLE,264,0,false,0,0,10000000,native,3,1.117543,0
10000000,SMALL,1,previous,COSH_SMALL,tt_hyperbolic_small,DOUBLE,264,0,false,0,0,10000000,flink,3,1.187043,0
10000000,SMALL,1,previous,COSH_SMALL,tt_hyperbolic_small,DOUBLE,264,0,false,0,0,10000000,flink,4,1.206952,0
10000000,SMALL,1,previous,COSH_SMALL,tt_hyperbolic_small,DOUBLE,264,0,false,0,0,10000000,native,4,1.137885,0
10000000,SMALL,1,previous,SINH_SMALL,tt_hyperbolic_small,DOUBLE,264,0,false,0,0,10000000,flink,0,1.242827,0
10000000,SMALL,1,previous,SINH_SMALL,tt_hyperbolic_small,DOUBLE,264,0,false,0,0,10000000,native,0,1.194492,0
10000000,SMALL,1,previous,SINH_SMALL,tt_hyperbolic_small,DOUBLE,264,0,false,0,0,10000000,native,1,1.140009,0
10000000,SMALL,1,previous,SINH_SMALL,tt_hyperbolic_small,DOUBLE,264,0,false,0,0,10000000,flink,1,1.236793,0
10000000,SMALL,1,previous,SINH_SMALL,tt_hyperbolic_small,DOUBLE,264,0,false,0,0,10000000,flink,2,1.214479,0
10000000,SMALL,1,previous,SINH_SMALL,tt_hyperbolic_small,DOUBLE,264,0,false,0,0,10000000,native,2,1.144746,0
10000000,SMALL,1,previous,SINH_SMALL,tt_hyperbolic_small,DOUBLE,264,0,false,0,0,10000000,native,3,1.140848,0
10000000,SMALL,1,previous,SINH_SMALL,tt_hyperbolic_small,DOUBLE,264,0,false,0,0,10000000,flink,3,1.254768,0
10000000,SMALL,1,previous,SINH_SMALL,tt_hyperbolic_small,DOUBLE,264,0,false,0,0,10000000,flink,4,1.234937,0
10000000,SMALL,1,previous,SINH_SMALL,tt_hyperbolic_small,DOUBLE,264,0,false,0,0,10000000,native,4,1.136048,0
10000000,SMALL,1,previous,TANH_SMALL,tt_hyperbolic_small,DOUBLE,264,0,false,0,0,10000000,flink,0,1.285100,0
10000000,SMALL,1,previous,TANH_SMALL,tt_hyperbolic_small,DOUBLE,264,0,false,0,0,10000000,native,0,1.151576,0
10000000,SMALL,1,previous,TANH_SMALL,tt_hyperbolic_small,DOUBLE,264,0,false,0,0,10000000,native,1,1.148160,0
10000000,SMALL,1,previous,TANH_SMALL,tt_hyperbolic_small,DOUBLE,264,0,false,0,0,10000000,flink,1,1.247531,0
10000000,SMALL,1,previous,TANH_SMALL,tt_hyperbolic_small,DOUBLE,264,0,false,0,0,10000000,flink,2,1.266638,0
10000000,SMALL,1,previous,TANH_SMALL,tt_hyperbolic_small,DOUBLE,264,0,false,0,0,10000000,native,2,1.150877,0
10000000,SMALL,1,previous,TANH_SMALL,tt_hyperbolic_small,DOUBLE,264,0,false,0,0,10000000,native,3,1.143590,0
10000000,SMALL,1,previous,TANH_SMALL,tt_hyperbolic_small,DOUBLE,264,0,false,0,0,10000000,flink,3,1.247669,0
10000000,SMALL,1,previous,TANH_SMALL,tt_hyperbolic_small,DOUBLE,264,0,false,0,0,10000000,flink,4,1.267355,0
10000000,SMALL,1,previous,TANH_SMALL,tt_hyperbolic_small,DOUBLE,264,0,false,0,0,10000000,native,4,1.153902,0
10000000,SMALL,2,original,BASELINE_tt_hyperbolic_small,tt_hyperbolic_small,DOUBLE,264,0,false,0,0,10000000,flink,0,0.992260,0
10000000,SMALL,2,original,BASELINE_tt_hyperbolic_small,tt_hyperbolic_small,DOUBLE,264,0,false,0,0,10000000,native,0,1.084464,0
10000000,SMALL,2,original,BASELINE_tt_hyperbolic_small,tt_hyperbolic_small,DOUBLE,264,0,false,0,0,10000000,native,1,1.079978,0
10000000,SMALL,2,original,BASELINE_tt_hyperbolic_small,tt_hyperbolic_small,DOUBLE,264,0,false,0,0,10000000,flink,1,0.985676,0
10000000,SMALL,2,original,BASELINE_tt_hyperbolic_small,tt_hyperbolic_small,DOUBLE,264,0,false,0,0,10000000,flink,2,0.997745,0
10000000,SMALL,2,original,BASELINE_tt_hyperbolic_small,tt_hyperbolic_small,DOUBLE,264,0,false,0,0,10000000,native,2,1.073736,0
10000000,SMALL,2,original,BASELINE_tt_hyperbolic_small,tt_hyperbolic_small,DOUBLE,264,0,false,0,0,10000000,native,3,1.085161,0
10000000,SMALL,2,original,BASELINE_tt_hyperbolic_small,tt_hyperbolic_small,DOUBLE,264,0,false,0,0,10000000,flink,3,1.001814,0
10000000,SMALL,2,original,BASELINE_tt_hyperbolic_small,tt_hyperbolic_small,DOUBLE,264,0,false,0,0,10000000,flink,4,0.992930,0
10000000,SMALL,2,original,BASELINE_tt_hyperbolic_small,tt_hyperbolic_small,DOUBLE,264,0,false,0,0,10000000,native,4,1.074389,0
10000000,SMALL,2,original,COSH_SMALL,tt_hyperbolic_small,DOUBLE,264,0,false,0,0,10000000,flink,0,1.209664,0
10000000,SMALL,2,original,COSH_SMALL,tt_hyperbolic_small,DOUBLE,264,0,false,0,0,10000000,native,0,1.219796,0
10000000,SMALL,2,original,COSH_SMALL,tt_hyperbolic_small,DOUBLE,264,0,false,0,0,10000000,native,1,1.192996,0
10000000,SMALL,2,original,COSH_SMALL,tt_hyperbolic_small,DOUBLE,264,0,false,0,0,10000000,flink,1,1.199858,0
10000000,SMALL,2,original,COSH_SMALL,tt_hyperbolic_small,DOUBLE,264,0,false,0,0,10000000,flink,2,1.203888,0
10000000,SMALL,2,original,COSH_SMALL,tt_hyperbolic_small,DOUBLE,264,0,false,0,0,10000000,native,2,1.209718,0
10000000,SMALL,2,original,COSH_SMALL,tt_hyperbolic_small,DOUBLE,264,0,false,0,0,10000000,native,3,1.204962,0
10000000,SMALL,2,original,COSH_SMALL,tt_hyperbolic_small,DOUBLE,264,0,false,0,0,10000000,flink,3,1.204423,0
10000000,SMALL,2,original,COSH_SMALL,tt_hyperbolic_small,DOUBLE,264,0,false,0,0,10000000,flink,4,1.193075,0
10000000,SMALL,2,original,COSH_SMALL,tt_hyperbolic_small,DOUBLE,264,0,false,0,0,10000000,native,4,1.197770,0
10000000,SMALL,2,original,SINH_SMALL,tt_hyperbolic_small,DOUBLE,264,0,false,0,0,10000000,flink,0,1.211206,0
10000000,SMALL,2,original,SINH_SMALL,tt_hyperbolic_small,DOUBLE,264,0,false,0,0,10000000,native,0,1.210322,0
10000000,SMALL,2,original,SINH_SMALL,tt_hyperbolic_small,DOUBLE,264,0,false,0,0,10000000,native,1,1.197661,0
10000000,SMALL,2,original,SINH_SMALL,tt_hyperbolic_small,DOUBLE,264,0,false,0,0,10000000,flink,1,1.233503,0
10000000,SMALL,2,original,SINH_SMALL,tt_hyperbolic_small,DOUBLE,264,0,false,0,0,10000000,flink,2,1.231881,0
10000000,SMALL,2,original,SINH_SMALL,tt_hyperbolic_small,DOUBLE,264,0,false,0,0,10000000,native,2,1.222346,0
10000000,SMALL,2,original,SINH_SMALL,tt_hyperbolic_small,DOUBLE,264,0,false,0,0,10000000,native,3,1.225932,0
10000000,SMALL,2,original,SINH_SMALL,tt_hyperbolic_small,DOUBLE,264,0,false,0,0,10000000,flink,3,1.214938,0
10000000,SMALL,2,original,SINH_SMALL,tt_hyperbolic_small,DOUBLE,264,0,false,0,0,10000000,flink,4,1.234230,0
10000000,SMALL,2,original,SINH_SMALL,tt_hyperbolic_small,DOUBLE,264,0,false,0,0,10000000,native,4,1.205867,0
10000000,SMALL,2,original,TANH_SMALL,tt_hyperbolic_small,DOUBLE,264,0,false,0,0,10000000,flink,0,1.273644,0
10000000,SMALL,2,original,TANH_SMALL,tt_hyperbolic_small,DOUBLE,264,0,false,0,0,10000000,native,0,1.259529,0
10000000,SMALL,2,original,TANH_SMALL,tt_hyperbolic_small,DOUBLE,264,0,false,0,0,10000000,native,1,1.262701,0
10000000,SMALL,2,original,TANH_SMALL,tt_hyperbolic_small,DOUBLE,264,0,false,0,0,10000000,flink,1,1.244362,0
10000000,SMALL,2,original,TANH_SMALL,tt_hyperbolic_small,DOUBLE,264,0,false,0,0,10000000,flink,2,1.252658,0
10000000,SMALL,2,original,TANH_SMALL,tt_hyperbolic_small,DOUBLE,264,0,false,0,0,10000000,native,2,1.263814,0
10000000,SMALL,2,original,TANH_SMALL,tt_hyperbolic_small,DOUBLE,264,0,false,0,0,10000000,native,3,1.259709,0
10000000,SMALL,2,original,TANH_SMALL,tt_hyperbolic_small,DOUBLE,264,0,false,0,0,10000000,flink,3,1.261497,0
10000000,SMALL,2,original,TANH_SMALL,tt_hyperbolic_small,DOUBLE,264,0,false,0,0,10000000,flink,4,1.263667,0
10000000,SMALL,2,original,TANH_SMALL,tt_hyperbolic_small,DOUBLE,264,0,false,0,0,10000000,native,4,1.265530,0
10000000,SMALL,3,original,BASELINE_tt_hyperbolic_small,tt_hyperbolic_small,DOUBLE,264,0,false,0,0,10000000,flink,0,1.012106,0
10000000,SMALL,3,original,BASELINE_tt_hyperbolic_small,tt_hyperbolic_small,DOUBLE,264,0,false,0,0,10000000,native,0,1.091319,0
10000000,SMALL,3,original,BASELINE_tt_hyperbolic_small,tt_hyperbolic_small,DOUBLE,264,0,false,0,0,10000000,native,1,1.078888,0
10000000,SMALL,3,original,BASELINE_tt_hyperbolic_small,tt_hyperbolic_small,DOUBLE,264,0,false,0,0,10000000,flink,1,1.021462,0
10000000,SMALL,3,original,BASELINE_tt_hyperbolic_small,tt_hyperbolic_small,DOUBLE,264,0,false,0,0,10000000,flink,2,0.993123,0
10000000,SMALL,3,original,BASELINE_tt_hyperbolic_small,tt_hyperbolic_small,DOUBLE,264,0,false,0,0,10000000,native,2,1.090357,0
10000000,SMALL,3,original,BASELINE_tt_hyperbolic_small,tt_hyperbolic_small,DOUBLE,264,0,false,0,0,10000000,native,3,1.089716,0
10000000,SMALL,3,original,BASELINE_tt_hyperbolic_small,tt_hyperbolic_small,DOUBLE,264,0,false,0,0,10000000,flink,3,1.013486,0
10000000,SMALL,3,original,BASELINE_tt_hyperbolic_small,tt_hyperbolic_small,DOUBLE,264,0,false,0,0,10000000,flink,4,1.006023,0
10000000,SMALL,3,original,BASELINE_tt_hyperbolic_small,tt_hyperbolic_small,DOUBLE,264,0,false,0,0,10000000,native,4,1.092014,0
10000000,SMALL,3,original,COSH_SMALL,tt_hyperbolic_small,DOUBLE,264,0,false,0,0,10000000,flink,0,1.220211,0
10000000,SMALL,3,original,COSH_SMALL,tt_hyperbolic_small,DOUBLE,264,0,false,0,0,10000000,native,0,1.244565,0
10000000,SMALL,3,original,COSH_SMALL,tt_hyperbolic_small,DOUBLE,264,0,false,0,0,10000000,native,1,1.200672,0
10000000,SMALL,3,original,COSH_SMALL,tt_hyperbolic_small,DOUBLE,264,0,false,0,0,10000000,flink,1,1.209245,0
10000000,SMALL,3,original,COSH_SMALL,tt_hyperbolic_small,DOUBLE,264,0,false,0,0,10000000,flink,2,1.226008,0
10000000,SMALL,3,original,COSH_SMALL,tt_hyperbolic_small,DOUBLE,264,0,false,0,0,10000000,native,2,1.246480,0
10000000,SMALL,3,original,COSH_SMALL,tt_hyperbolic_small,DOUBLE,264,0,false,0,0,10000000,native,3,1.231274,0
10000000,SMALL,3,original,COSH_SMALL,tt_hyperbolic_small,DOUBLE,264,0,false,0,0,10000000,flink,3,1.222153,0
10000000,SMALL,3,original,COSH_SMALL,tt_hyperbolic_small,DOUBLE,264,0,false,0,0,10000000,flink,4,1.234667,0
10000000,SMALL,3,original,COSH_SMALL,tt_hyperbolic_small,DOUBLE,264,0,false,0,0,10000000,native,4,1.245362,0
10000000,SMALL,3,original,SINH_SMALL,tt_hyperbolic_small,DOUBLE,264,0,false,0,0,10000000,flink,0,1.273744,0
10000000,SMALL,3,original,SINH_SMALL,tt_hyperbolic_small,DOUBLE,264,0,false,0,0,10000000,native,0,1.229496,0
10000000,SMALL,3,original,SINH_SMALL,tt_hyperbolic_small,DOUBLE,264,0,false,0,0,10000000,native,1,1.220443,0
10000000,SMALL,3,original,SINH_SMALL,tt_hyperbolic_small,DOUBLE,264,0,false,0,0,10000000,flink,1,1.255764,0
10000000,SMALL,3,original,SINH_SMALL,tt_hyperbolic_small,DOUBLE,264,0,false,0,0,10000000,flink,2,1.221467,0
10000000,SMALL,3,original,SINH_SMALL,tt_hyperbolic_small,DOUBLE,264,0,false,0,0,10000000,native,2,1.222846,0
10000000,SMALL,3,original,SINH_SMALL,tt_hyperbolic_small,DOUBLE,264,0,false,0,0,10000000,native,3,1.257968,0
10000000,SMALL,3,original,SINH_SMALL,tt_hyperbolic_small,DOUBLE,264,0,false,0,0,10000000,flink,3,1.241270,0
10000000,SMALL,3,original,SINH_SMALL,tt_hyperbolic_small,DOUBLE,264,0,false,0,0,10000000,flink,4,1.252451,0
10000000,SMALL,3,original,SINH_SMALL,tt_hyperbolic_small,DOUBLE,264,0,false,0,0,10000000,native,4,1.254706,0
10000000,SMALL,3,original,TANH_SMALL,tt_hyperbolic_small,DOUBLE,264,0,false,0,0,10000000,flink,0,1.245548,0
10000000,SMALL,3,original,TANH_SMALL,tt_hyperbolic_small,DOUBLE,264,0,false,0,0,10000000,native,0,1.251965,0
10000000,SMALL,3,original,TANH_SMALL,tt_hyperbolic_small,DOUBLE,264,0,false,0,0,10000000,native,1,1.261752,0
10000000,SMALL,3,original,TANH_SMALL,tt_hyperbolic_small,DOUBLE,264,0,false,0,0,10000000,flink,1,1.285978,0
10000000,SMALL,3,original,TANH_SMALL,tt_hyperbolic_small,DOUBLE,264,0,false,0,0,10000000,flink,2,1.252856,0
10000000,SMALL,3,original,TANH_SMALL,tt_hyperbolic_small,DOUBLE,264,0,false,0,0,10000000,native,2,1.241820,0
10000000,SMALL,3,original,TANH_SMALL,tt_hyperbolic_small,DOUBLE,264,0,false,0,0,10000000,native,3,1.293227,0
10000000,SMALL,3,original,TANH_SMALL,tt_hyperbolic_small,DOUBLE,264,0,false,0,0,10000000,flink,3,1.285350,0
10000000,SMALL,3,original,TANH_SMALL,tt_hyperbolic_small,DOUBLE,264,0,false,0,0,10000000,flink,4,1.263420,0
10000000,SMALL,3,original,TANH_SMALL,tt_hyperbolic_small,DOUBLE,264,0,false,0,0,10000000,native,4,1.282640,0
10000000,SMALL,4,previous,BASELINE_tt_hyperbolic_small,tt_hyperbolic_small,DOUBLE,264,0,false,0,0,10000000,flink,0,0.987076,0
10000000,SMALL,4,previous,BASELINE_tt_hyperbolic_small,tt_hyperbolic_small,DOUBLE,264,0,false,0,0,10000000,native,0,1.092247,0
10000000,SMALL,4,previous,BASELINE_tt_hyperbolic_small,tt_hyperbolic_small,DOUBLE,264,0,false,0,0,10000000,native,1,1.082445,0
10000000,SMALL,4,previous,BASELINE_tt_hyperbolic_small,tt_hyperbolic_small,DOUBLE,264,0,false,0,0,10000000,flink,1,1.009546,0
10000000,SMALL,4,previous,BASELINE_tt_hyperbolic_small,tt_hyperbolic_small,DOUBLE,264,0,false,0,0,10000000,flink,2,0.999683,0
10000000,SMALL,4,previous,BASELINE_tt_hyperbolic_small,tt_hyperbolic_small,DOUBLE,264,0,false,0,0,10000000,native,2,1.075466,0
10000000,SMALL,4,previous,BASELINE_tt_hyperbolic_small,tt_hyperbolic_small,DOUBLE,264,0,false,0,0,10000000,native,3,1.087879,0
10000000,SMALL,4,previous,BASELINE_tt_hyperbolic_small,tt_hyperbolic_small,DOUBLE,264,0,false,0,0,10000000,flink,3,0.983181,0
10000000,SMALL,4,previous,BASELINE_tt_hyperbolic_small,tt_hyperbolic_small,DOUBLE,264,0,false,0,0,10000000,flink,4,0.988929,0
10000000,SMALL,4,previous,BASELINE_tt_hyperbolic_small,tt_hyperbolic_small,DOUBLE,264,0,false,0,0,10000000,native,4,1.091343,0
10000000,SMALL,4,previous,COSH_SMALL,tt_hyperbolic_small,DOUBLE,264,0,false,0,0,10000000,flink,0,1.238846,0
10000000,SMALL,4,previous,COSH_SMALL,tt_hyperbolic_small,DOUBLE,264,0,false,0,0,10000000,native,0,1.128195,0
10000000,SMALL,4,previous,COSH_SMALL,tt_hyperbolic_small,DOUBLE,264,0,false,0,0,10000000,native,1,1.128537,0
10000000,SMALL,4,previous,COSH_SMALL,tt_hyperbolic_small,DOUBLE,264,0,false,0,0,10000000,flink,1,1.197377,0
10000000,SMALL,4,previous,COSH_SMALL,tt_hyperbolic_small,DOUBLE,264,0,false,0,0,10000000,flink,2,1.198215,0
10000000,SMALL,4,previous,COSH_SMALL,tt_hyperbolic_small,DOUBLE,264,0,false,0,0,10000000,native,2,1.142928,0
10000000,SMALL,4,previous,COSH_SMALL,tt_hyperbolic_small,DOUBLE,264,0,false,0,0,10000000,native,3,1.133777,0
10000000,SMALL,4,previous,COSH_SMALL,tt_hyperbolic_small,DOUBLE,264,0,false,0,0,10000000,flink,3,1.189861,0
10000000,SMALL,4,previous,COSH_SMALL,tt_hyperbolic_small,DOUBLE,264,0,false,0,0,10000000,flink,4,1.196215,0
10000000,SMALL,4,previous,COSH_SMALL,tt_hyperbolic_small,DOUBLE,264,0,false,0,0,10000000,native,4,1.149789,0
10000000,SMALL,4,previous,SINH_SMALL,tt_hyperbolic_small,DOUBLE,264,0,false,0,0,10000000,flink,0,1.263112,0
10000000,SMALL,4,previous,SINH_SMALL,tt_hyperbolic_small,DOUBLE,264,0,false,0,0,10000000,native,0,1.126195,0
10000000,SMALL,4,previous,SINH_SMALL,tt_hyperbolic_small,DOUBLE,264,0,false,0,0,10000000,native,1,1.138229,0
10000000,SMALL,4,previous,SINH_SMALL,tt_hyperbolic_small,DOUBLE,264,0,false,0,0,10000000,flink,1,1.268489,0
10000000,SMALL,4,previous,SINH_SMALL,tt_hyperbolic_small,DOUBLE,264,0,false,0,0,10000000,flink,2,1.254682,0
10000000,SMALL,4,previous,SINH_SMALL,tt_hyperbolic_small,DOUBLE,264,0,false,0,0,10000000,native,2,1.132987,0
10000000,SMALL,4,previous,SINH_SMALL,tt_hyperbolic_small,DOUBLE,264,0,false,0,0,10000000,native,3,1.143612,0
10000000,SMALL,4,previous,SINH_SMALL,tt_hyperbolic_small,DOUBLE,264,0,false,0,0,10000000,flink,3,1.226875,0
10000000,SMALL,4,previous,SINH_SMALL,tt_hyperbolic_small,DOUBLE,264,0,false,0,0,10000000,flink,4,1.219124,0
10000000,SMALL,4,previous,SINH_SMALL,tt_hyperbolic_small,DOUBLE,264,0,false,0,0,10000000,native,4,1.137659,0
10000000,SMALL,4,previous,TANH_SMALL,tt_hyperbolic_small,DOUBLE,264,0,false,0,0,10000000,flink,0,1.261902,0
10000000,SMALL,4,previous,TANH_SMALL,tt_hyperbolic_small,DOUBLE,264,0,false,0,0,10000000,native,0,1.157026,0
10000000,SMALL,4,previous,TANH_SMALL,tt_hyperbolic_small,DOUBLE,264,0,false,0,0,10000000,native,1,1.175527,0
10000000,SMALL,4,previous,TANH_SMALL,tt_hyperbolic_small,DOUBLE,264,0,false,0,0,10000000,flink,1,1.308522,0
10000000,SMALL,4,previous,TANH_SMALL,tt_hyperbolic_small,DOUBLE,264,0,false,0,0,10000000,flink,2,1.286526,0
10000000,SMALL,4,previous,TANH_SMALL,tt_hyperbolic_small,DOUBLE,264,0,false,0,0,10000000,native,2,1.143378,0
10000000,SMALL,4,previous,TANH_SMALL,tt_hyperbolic_small,DOUBLE,264,0,false,0,0,10000000,native,3,1.167548,0
10000000,SMALL,4,previous,TANH_SMALL,tt_hyperbolic_small,DOUBLE,264,0,false,0,0,10000000,flink,3,1.293817,0
10000000,SMALL,4,previous,TANH_SMALL,tt_hyperbolic_small,DOUBLE,264,0,false,0,0,10000000,flink,4,1.245178,0
10000000,SMALL,4,previous,TANH_SMALL,tt_hyperbolic_small,DOUBLE,264,0,false,0,0,10000000,native,4,1.152555,0
10000000,SMALL,5,candidate,BASELINE_tt_hyperbolic_small,tt_hyperbolic_small,DOUBLE,264,0,false,0,0,10000000,flink,0,1.007811,0
10000000,SMALL,5,candidate,BASELINE_tt_hyperbolic_small,tt_hyperbolic_small,DOUBLE,264,0,false,0,0,10000000,native,0,1.082923,0
10000000,SMALL,5,candidate,BASELINE_tt_hyperbolic_small,tt_hyperbolic_small,DOUBLE,264,0,false,0,0,10000000,native,1,1.089203,0
10000000,SMALL,5,candidate,BASELINE_tt_hyperbolic_small,tt_hyperbolic_small,DOUBLE,264,0,false,0,0,10000000,flink,1,0.982488,0
10000000,SMALL,5,candidate,BASELINE_tt_hyperbolic_small,tt_hyperbolic_small,DOUBLE,264,0,false,0,0,10000000,flink,2,1.003559,0
10000000,SMALL,5,candidate,BASELINE_tt_hyperbolic_small,tt_hyperbolic_small,DOUBLE,264,0,false,0,0,10000000,native,2,1.064025,0
10000000,SMALL,5,candidate,BASELINE_tt_hyperbolic_small,tt_hyperbolic_small,DOUBLE,264,0,false,0,0,10000000,native,3,1.069054,0
10000000,SMALL,5,candidate,BASELINE_tt_hyperbolic_small,tt_hyperbolic_small,DOUBLE,264,0,false,0,0,10000000,flink,3,0.993755,0
10000000,SMALL,5,candidate,BASELINE_tt_hyperbolic_small,tt_hyperbolic_small,DOUBLE,264,0,false,0,0,10000000,flink,4,0.976727,0
10000000,SMALL,5,candidate,BASELINE_tt_hyperbolic_small,tt_hyperbolic_small,DOUBLE,264,0,false,0,0,10000000,native,4,1.062946,0
10000000,SMALL,5,candidate,COSH_SMALL,tt_hyperbolic_small,DOUBLE,264,0,false,0,0,10000000,flink,0,1.213867,0
10000000,SMALL,5,candidate,COSH_SMALL,tt_hyperbolic_small,DOUBLE,264,0,false,0,0,10000000,native,0,1.122214,0
10000000,SMALL,5,candidate,COSH_SMALL,tt_hyperbolic_small,DOUBLE,264,0,false,0,0,10000000,native,1,1.159865,0
10000000,SMALL,5,candidate,COSH_SMALL,tt_hyperbolic_small,DOUBLE,264,0,false,0,0,10000000,flink,1,1.220458,0
10000000,SMALL,5,candidate,COSH_SMALL,tt_hyperbolic_small,DOUBLE,264,0,false,0,0,10000000,flink,2,1.207712,0
10000000,SMALL,5,candidate,COSH_SMALL,tt_hyperbolic_small,DOUBLE,264,0,false,0,0,10000000,native,2,1.132762,0
10000000,SMALL,5,candidate,COSH_SMALL,tt_hyperbolic_small,DOUBLE,264,0,false,0,0,10000000,native,3,1.117382,0
10000000,SMALL,5,candidate,COSH_SMALL,tt_hyperbolic_small,DOUBLE,264,0,false,0,0,10000000,flink,3,1.214305,0
10000000,SMALL,5,candidate,COSH_SMALL,tt_hyperbolic_small,DOUBLE,264,0,false,0,0,10000000,flink,4,1.207747,0
10000000,SMALL,5,candidate,COSH_SMALL,tt_hyperbolic_small,DOUBLE,264,0,false,0,0,10000000,native,4,1.119712,0
10000000,SMALL,5,candidate,SINH_SMALL,tt_hyperbolic_small,DOUBLE,264,0,false,0,0,10000000,flink,0,1.251837,0
10000000,SMALL,5,candidate,SINH_SMALL,tt_hyperbolic_small,DOUBLE,264,0,false,0,0,10000000,native,0,1.132013,0
10000000,SMALL,5,candidate,SINH_SMALL,tt_hyperbolic_small,DOUBLE,264,0,false,0,0,10000000,native,1,1.132214,0
10000000,SMALL,5,candidate,SINH_SMALL,tt_hyperbolic_small,DOUBLE,264,0,false,0,0,10000000,flink,1,1.249184,0
10000000,SMALL,5,candidate,SINH_SMALL,tt_hyperbolic_small,DOUBLE,264,0,false,0,0,10000000,flink,2,1.270871,0
10000000,SMALL,5,candidate,SINH_SMALL,tt_hyperbolic_small,DOUBLE,264,0,false,0,0,10000000,native,2,1.120483,0
10000000,SMALL,5,candidate,SINH_SMALL,tt_hyperbolic_small,DOUBLE,264,0,false,0,0,10000000,native,3,1.121049,0
10000000,SMALL,5,candidate,SINH_SMALL,tt_hyperbolic_small,DOUBLE,264,0,false,0,0,10000000,flink,3,1.247699,0
10000000,SMALL,5,candidate,SINH_SMALL,tt_hyperbolic_small,DOUBLE,264,0,false,0,0,10000000,flink,4,1.245011,0
10000000,SMALL,5,candidate,SINH_SMALL,tt_hyperbolic_small,DOUBLE,264,0,false,0,0,10000000,native,4,1.124956,0
10000000,SMALL,5,candidate,TANH_SMALL,tt_hyperbolic_small,DOUBLE,264,0,false,0,0,10000000,flink,0,1.270274,0
10000000,SMALL,5,candidate,TANH_SMALL,tt_hyperbolic_small,DOUBLE,264,0,false,0,0,10000000,native,0,1.125962,0
10000000,SMALL,5,candidate,TANH_SMALL,tt_hyperbolic_small,DOUBLE,264,0,false,0,0,10000000,native,1,1.137162,0
10000000,SMALL,5,candidate,TANH_SMALL,tt_hyperbolic_small,DOUBLE,264,0,false,0,0,10000000,flink,1,1.271211,0
10000000,SMALL,5,candidate,TANH_SMALL,tt_hyperbolic_small,DOUBLE,264,0,false,0,0,10000000,flink,2,1.266527,0
10000000,SMALL,5,candidate,TANH_SMALL,tt_hyperbolic_small,DOUBLE,264,0,false,0,0,10000000,native,2,1.123510,0
10000000,SMALL,5,candidate,TANH_SMALL,tt_hyperbolic_small,DOUBLE,264,0,false,0,0,10000000,native,3,1.133966,0
10000000,SMALL,5,candidate,TANH_SMALL,tt_hyperbolic_small,DOUBLE,264,0,false,0,0,10000000,flink,3,1.265695,0
10000000,SMALL,5,candidate,TANH_SMALL,tt_hyperbolic_small,DOUBLE,264,0,false,0,0,10000000,flink,4,1.266386,0
10000000,SMALL,5,candidate,TANH_SMALL,tt_hyperbolic_small,DOUBLE,264,0,false,0,0,10000000,native,4,1.132625,0
10000000,RANGE,0,candidate,BASELINE_tt_hyperbolic_range,tt_hyperbolic_range,DOUBLE,264,0,false,7,0,10000000,flink,0,1.025158,0
10000000,RANGE,0,candidate,BASELINE_tt_hyperbolic_range,tt_hyperbolic_range,DOUBLE,264,0,false,7,0,10000000,native,0,1.173000,0
10000000,RANGE,0,candidate,BASELINE_tt_hyperbolic_range,tt_hyperbolic_range,DOUBLE,264,0,false,7,0,10000000,native,1,1.157947,0
10000000,RANGE,0,candidate,BASELINE_tt_hyperbolic_range,tt_hyperbolic_range,DOUBLE,264,0,false,7,0,10000000,flink,1,1.036598,0
10000000,RANGE,0,candidate,BASELINE_tt_hyperbolic_range,tt_hyperbolic_range,DOUBLE,264,0,false,7,0,10000000,flink,2,1.031806,0
10000000,RANGE,0,candidate,BASELINE_tt_hyperbolic_range,tt_hyperbolic_range,DOUBLE,264,0,false,7,0,10000000,native,2,1.155697,0
10000000,RANGE,0,candidate,BASELINE_tt_hyperbolic_range,tt_hyperbolic_range,DOUBLE,264,0,false,7,0,10000000,native,3,1.179641,0
10000000,RANGE,0,candidate,BASELINE_tt_hyperbolic_range,tt_hyperbolic_range,DOUBLE,264,0,false,7,0,10000000,flink,3,1.027962,0
10000000,RANGE,0,candidate,BASELINE_tt_hyperbolic_range,tt_hyperbolic_range,DOUBLE,264,0,false,7,0,10000000,flink,4,1.029024,0
10000000,RANGE,0,candidate,BASELINE_tt_hyperbolic_range,tt_hyperbolic_range,DOUBLE,264,0,false,7,0,10000000,native,4,1.151901,0
10000000,RANGE,0,candidate,COSH_RANGE,tt_hyperbolic_range,DOUBLE,264,0,false,7,0,10000000,flink,0,1.248833,0
10000000,RANGE,0,candidate,COSH_RANGE,tt_hyperbolic_range,DOUBLE,264,0,false,7,0,10000000,native,0,1.229577,0
10000000,RANGE,0,candidate,COSH_RANGE,tt_hyperbolic_range,DOUBLE,264,0,false,7,0,10000000,native,1,1.210010,0
10000000,RANGE,0,candidate,COSH_RANGE,tt_hyperbolic_range,DOUBLE,264,0,false,7,0,10000000,flink,1,1.251879,0
10000000,RANGE,0,candidate,COSH_RANGE,tt_hyperbolic_range,DOUBLE,264,0,false,7,0,10000000,flink,2,1.260814,0
10000000,RANGE,0,candidate,COSH_RANGE,tt_hyperbolic_range,DOUBLE,264,0,false,7,0,10000000,native,2,1.222738,0
10000000,RANGE,0,candidate,COSH_RANGE,tt_hyperbolic_range,DOUBLE,264,0,false,7,0,10000000,native,3,1.203362,0
10000000,RANGE,0,candidate,COSH_RANGE,tt_hyperbolic_range,DOUBLE,264,0,false,7,0,10000000,flink,3,1.256030,0
10000000,RANGE,0,candidate,COSH_RANGE,tt_hyperbolic_range,DOUBLE,264,0,false,7,0,10000000,flink,4,1.282786,0
10000000,RANGE,0,candidate,COSH_RANGE,tt_hyperbolic_range,DOUBLE,264,0,false,7,0,10000000,native,4,1.219755,0
10000000,RANGE,0,candidate,SINH_RANGE,tt_hyperbolic_range,DOUBLE,264,0,false,7,0,10000000,flink,0,1.292849,0
10000000,RANGE,0,candidate,SINH_RANGE,tt_hyperbolic_range,DOUBLE,264,0,false,7,0,10000000,native,0,1.211942,0
10000000,RANGE,0,candidate,SINH_RANGE,tt_hyperbolic_range,DOUBLE,264,0,false,7,0,10000000,native,1,1.229804,0
10000000,RANGE,0,candidate,SINH_RANGE,tt_hyperbolic_range,DOUBLE,264,0,false,7,0,10000000,flink,1,1.275233,0
10000000,RANGE,0,candidate,SINH_RANGE,tt_hyperbolic_range,DOUBLE,264,0,false,7,0,10000000,flink,2,1.298452,0
10000000,RANGE,0,candidate,SINH_RANGE,tt_hyperbolic_range,DOUBLE,264,0,false,7,0,10000000,native,2,1.223261,0
10000000,RANGE,0,candidate,SINH_RANGE,tt_hyperbolic_range,DOUBLE,264,0,false,7,0,10000000,native,3,1.229431,0
10000000,RANGE,0,candidate,SINH_RANGE,tt_hyperbolic_range,DOUBLE,264,0,false,7,0,10000000,flink,3,1.272268,0
10000000,RANGE,0,candidate,SINH_RANGE,tt_hyperbolic_range,DOUBLE,264,0,false,7,0,10000000,flink,4,1.275851,0
10000000,RANGE,0,candidate,SINH_RANGE,tt_hyperbolic_range,DOUBLE,264,0,false,7,0,10000000,native,4,1.242567,0
10000000,RANGE,0,candidate,TANH_RANGE,tt_hyperbolic_range,DOUBLE,264,0,false,7,0,10000000,flink,0,1.254847,0
10000000,RANGE,0,candidate,TANH_RANGE,tt_hyperbolic_range,DOUBLE,264,0,false,7,0,10000000,native,0,1.216856,0
10000000,RANGE,0,candidate,TANH_RANGE,tt_hyperbolic_range,DOUBLE,264,0,false,7,0,10000000,native,1,1.222261,0
10000000,RANGE,0,candidate,TANH_RANGE,tt_hyperbolic_range,DOUBLE,264,0,false,7,0,10000000,flink,1,1.260921,0
10000000,RANGE,0,candidate,TANH_RANGE,tt_hyperbolic_range,DOUBLE,264,0,false,7,0,10000000,flink,2,1.263039,0
10000000,RANGE,0,candidate,TANH_RANGE,tt_hyperbolic_range,DOUBLE,264,0,false,7,0,10000000,native,2,1.231714,0
10000000,RANGE,0,candidate,TANH_RANGE,tt_hyperbolic_range,DOUBLE,264,0,false,7,0,10000000,native,3,1.223362,0
10000000,RANGE,0,candidate,TANH_RANGE,tt_hyperbolic_range,DOUBLE,264,0,false,7,0,10000000,flink,3,1.276360,0
10000000,RANGE,0,candidate,TANH_RANGE,tt_hyperbolic_range,DOUBLE,264,0,false,7,0,10000000,flink,4,1.259832,0
10000000,RANGE,0,candidate,TANH_RANGE,tt_hyperbolic_range,DOUBLE,264,0,false,7,0,10000000,native,4,1.221795,0
10000000,RANGE,1,previous,BASELINE_tt_hyperbolic_range,tt_hyperbolic_range,DOUBLE,264,0,false,7,0,10000000,flink,0,1.072974,0
10000000,RANGE,1,previous,BASELINE_tt_hyperbolic_range,tt_hyperbolic_range,DOUBLE,264,0,false,7,0,10000000,native,0,1.161781,0
10000000,RANGE,1,previous,BASELINE_tt_hyperbolic_range,tt_hyperbolic_range,DOUBLE,264,0,false,7,0,10000000,native,1,1.146867,0
10000000,RANGE,1,previous,BASELINE_tt_hyperbolic_range,tt_hyperbolic_range,DOUBLE,264,0,false,7,0,10000000,flink,1,1.125494,0
10000000,RANGE,1,previous,BASELINE_tt_hyperbolic_range,tt_hyperbolic_range,DOUBLE,264,0,false,7,0,10000000,flink,2,1.085825,0
10000000,RANGE,1,previous,BASELINE_tt_hyperbolic_range,tt_hyperbolic_range,DOUBLE,264,0,false,7,0,10000000,native,2,1.176549,0
10000000,RANGE,1,previous,BASELINE_tt_hyperbolic_range,tt_hyperbolic_range,DOUBLE,264,0,false,7,0,10000000,native,3,1.127191,0
10000000,RANGE,1,previous,BASELINE_tt_hyperbolic_range,tt_hyperbolic_range,DOUBLE,264,0,false,7,0,10000000,flink,3,1.062422,0
10000000,RANGE,1,previous,BASELINE_tt_hyperbolic_range,tt_hyperbolic_range,DOUBLE,264,0,false,7,0,10000000,flink,4,1.075202,0
10000000,RANGE,1,previous,BASELINE_tt_hyperbolic_range,tt_hyperbolic_range,DOUBLE,264,0,false,7,0,10000000,native,4,1.168392,0
10000000,RANGE,1,previous,COSH_RANGE,tt_hyperbolic_range,DOUBLE,264,0,false,7,0,10000000,flink,0,1.288459,0
10000000,RANGE,1,previous,COSH_RANGE,tt_hyperbolic_range,DOUBLE,264,0,false,7,0,10000000,native,0,1.204505,0
10000000,RANGE,1,previous,COSH_RANGE,tt_hyperbolic_range,DOUBLE,264,0,false,7,0,10000000,native,1,1.212989,0
10000000,RANGE,1,previous,COSH_RANGE,tt_hyperbolic_range,DOUBLE,264,0,false,7,0,10000000,flink,1,1.282189,0
10000000,RANGE,1,previous,COSH_RANGE,tt_hyperbolic_range,DOUBLE,264,0,false,7,0,10000000,flink,2,1.262194,0
10000000,RANGE,1,previous,COSH_RANGE,tt_hyperbolic_range,DOUBLE,264,0,false,7,0,10000000,native,2,1.200718,0
10000000,RANGE,1,previous,COSH_RANGE,tt_hyperbolic_range,DOUBLE,264,0,false,7,0,10000000,native,3,1.235116,0
10000000,RANGE,1,previous,COSH_RANGE,tt_hyperbolic_range,DOUBLE,264,0,false,7,0,10000000,flink,3,1.287078,0
10000000,RANGE,1,previous,COSH_RANGE,tt_hyperbolic_range,DOUBLE,264,0,false,7,0,10000000,flink,4,1.288078,0
10000000,RANGE,1,previous,COSH_RANGE,tt_hyperbolic_range,DOUBLE,264,0,false,7,0,10000000,native,4,1.237622,0
10000000,RANGE,1,previous,SINH_RANGE,tt_hyperbolic_range,DOUBLE,264,0,false,7,0,10000000,flink,0,1.327487,0
10000000,RANGE,1,previous,SINH_RANGE,tt_hyperbolic_range,DOUBLE,264,0,false,7,0,10000000,native,0,1.222439,0
10000000,RANGE,1,previous,SINH_RANGE,tt_hyperbolic_range,DOUBLE,264,0,false,7,0,10000000,native,1,1.219913,0
10000000,RANGE,1,previous,SINH_RANGE,tt_hyperbolic_range,DOUBLE,264,0,false,7,0,10000000,flink,1,1.317568,0
10000000,RANGE,1,previous,SINH_RANGE,tt_hyperbolic_range,DOUBLE,264,0,false,7,0,10000000,flink,2,1.352791,0
10000000,RANGE,1,previous,SINH_RANGE,tt_hyperbolic_range,DOUBLE,264,0,false,7,0,10000000,native,2,1.213030,0
10000000,RANGE,1,previous,SINH_RANGE,tt_hyperbolic_range,DOUBLE,264,0,false,7,0,10000000,native,3,1.224462,0
10000000,RANGE,1,previous,SINH_RANGE,tt_hyperbolic_range,DOUBLE,264,0,false,7,0,10000000,flink,3,1.316108,0
10000000,RANGE,1,previous,SINH_RANGE,tt_hyperbolic_range,DOUBLE,264,0,false,7,0,10000000,flink,4,1.335130,0
10000000,RANGE,1,previous,SINH_RANGE,tt_hyperbolic_range,DOUBLE,264,0,false,7,0,10000000,native,4,1.222668,0
10000000,RANGE,1,previous,TANH_RANGE,tt_hyperbolic_range,DOUBLE,264,0,false,7,0,10000000,flink,0,1.306779,0
10000000,RANGE,1,previous,TANH_RANGE,tt_hyperbolic_range,DOUBLE,264,0,false,7,0,10000000,native,0,1.210353,0
10000000,RANGE,1,previous,TANH_RANGE,tt_hyperbolic_range,DOUBLE,264,0,false,7,0,10000000,native,1,1.228433,0
10000000,RANGE,1,previous,TANH_RANGE,tt_hyperbolic_range,DOUBLE,264,0,false,7,0,10000000,flink,1,1.288499,0
10000000,RANGE,1,previous,TANH_RANGE,tt_hyperbolic_range,DOUBLE,264,0,false,7,0,10000000,flink,2,1.296278,0
10000000,RANGE,1,previous,TANH_RANGE,tt_hyperbolic_range,DOUBLE,264,0,false,7,0,10000000,native,2,1.233505,0
10000000,RANGE,1,previous,TANH_RANGE,tt_hyperbolic_range,DOUBLE,264,0,false,7,0,10000000,native,3,1.218770,0
10000000,RANGE,1,previous,TANH_RANGE,tt_hyperbolic_range,DOUBLE,264,0,false,7,0,10000000,flink,3,1.311713,0
10000000,RANGE,1,previous,TANH_RANGE,tt_hyperbolic_range,DOUBLE,264,0,false,7,0,10000000,flink,4,1.321972,0
10000000,RANGE,1,previous,TANH_RANGE,tt_hyperbolic_range,DOUBLE,264,0,false,7,0,10000000,native,4,1.220205,0
10000000,RANGE,2,original,BASELINE_tt_hyperbolic_range,tt_hyperbolic_range,DOUBLE,264,0,false,7,0,10000000,flink,0,1.031070,0
10000000,RANGE,2,original,BASELINE_tt_hyperbolic_range,tt_hyperbolic_range,DOUBLE,264,0,false,7,0,10000000,native,0,1.166339,0
10000000,RANGE,2,original,BASELINE_tt_hyperbolic_range,tt_hyperbolic_range,DOUBLE,264,0,false,7,0,10000000,native,1,1.142278,0
10000000,RANGE,2,original,BASELINE_tt_hyperbolic_range,tt_hyperbolic_range,DOUBLE,264,0,false,7,0,10000000,flink,1,1.036528,0
10000000,RANGE,2,original,BASELINE_tt_hyperbolic_range,tt_hyperbolic_range,DOUBLE,264,0,false,7,0,10000000,flink,2,1.064883,0
10000000,RANGE,2,original,BASELINE_tt_hyperbolic_range,tt_hyperbolic_range,DOUBLE,264,0,false,7,0,10000000,native,2,1.142909,0
10000000,RANGE,2,original,BASELINE_tt_hyperbolic_range,tt_hyperbolic_range,DOUBLE,264,0,false,7,0,10000000,native,3,1.154912,0
10000000,RANGE,2,original,BASELINE_tt_hyperbolic_range,tt_hyperbolic_range,DOUBLE,264,0,false,7,0,10000000,flink,3,1.049502,0
10000000,RANGE,2,original,BASELINE_tt_hyperbolic_range,tt_hyperbolic_range,DOUBLE,264,0,false,7,0,10000000,flink,4,1.018541,0
10000000,RANGE,2,original,BASELINE_tt_hyperbolic_range,tt_hyperbolic_range,DOUBLE,264,0,false,7,0,10000000,native,4,1.163036,0
10000000,RANGE,2,original,COSH_RANGE,tt_hyperbolic_range,DOUBLE,264,0,false,7,0,10000000,flink,0,1.269515,0
10000000,RANGE,2,original,COSH_RANGE,tt_hyperbolic_range,DOUBLE,264,0,false,7,0,10000000,native,0,1.272041,0
10000000,RANGE,2,original,COSH_RANGE,tt_hyperbolic_range,DOUBLE,264,0,false,7,0,10000000,native,1,1.249360,0
10000000,RANGE,2,original,COSH_RANGE,tt_hyperbolic_range,DOUBLE,264,0,false,7,0,10000000,flink,1,1.270835,0
10000000,RANGE,2,original,COSH_RANGE,tt_hyperbolic_range,DOUBLE,264,0,false,7,0,10000000,flink,2,1.286647,0
10000000,RANGE,2,original,COSH_RANGE,tt_hyperbolic_range,DOUBLE,264,0,false,7,0,10000000,native,2,1.257843,0
10000000,RANGE,2,original,COSH_RANGE,tt_hyperbolic_range,DOUBLE,264,0,false,7,0,10000000,native,3,1.249967,0
10000000,RANGE,2,original,COSH_RANGE,tt_hyperbolic_range,DOUBLE,264,0,false,7,0,10000000,flink,3,1.278790,0
10000000,RANGE,2,original,COSH_RANGE,tt_hyperbolic_range,DOUBLE,264,0,false,7,0,10000000,flink,4,1.268734,0
10000000,RANGE,2,original,COSH_RANGE,tt_hyperbolic_range,DOUBLE,264,0,false,7,0,10000000,native,4,1.269078,0
10000000,RANGE,2,original,SINH_RANGE,tt_hyperbolic_range,DOUBLE,264,0,false,7,0,10000000,flink,0,1.299014,0
10000000,RANGE,2,original,SINH_RANGE,tt_hyperbolic_range,DOUBLE,264,0,false,7,0,10000000,native,0,1.293454,0
10000000,RANGE,2,original,SINH_RANGE,tt_hyperbolic_range,DOUBLE,264,0,false,7,0,10000000,native,1,1.302524,0
10000000,RANGE,2,original,SINH_RANGE,tt_hyperbolic_range,DOUBLE,264,0,false,7,0,10000000,flink,1,1.312897,0
10000000,RANGE,2,original,SINH_RANGE,tt_hyperbolic_range,DOUBLE,264,0,false,7,0,10000000,flink,2,1.294950,0
10000000,RANGE,2,original,SINH_RANGE,tt_hyperbolic_range,DOUBLE,264,0,false,7,0,10000000,native,2,1.293410,0
10000000,RANGE,2,original,SINH_RANGE,tt_hyperbolic_range,DOUBLE,264,0,false,7,0,10000000,native,3,1.296497,0
10000000,RANGE,2,original,SINH_RANGE,tt_hyperbolic_range,DOUBLE,264,0,false,7,0,10000000,flink,3,1.286189,0
10000000,RANGE,2,original,SINH_RANGE,tt_hyperbolic_range,DOUBLE,264,0,false,7,0,10000000,flink,4,1.302481,0
10000000,RANGE,2,original,SINH_RANGE,tt_hyperbolic_range,DOUBLE,264,0,false,7,0,10000000,native,4,1.311780,0
10000000,RANGE,2,original,TANH_RANGE,tt_hyperbolic_range,DOUBLE,264,0,false,7,0,10000000,flink,0,1.283129,0
10000000,RANGE,2,original,TANH_RANGE,tt_hyperbolic_range,DOUBLE,264,0,false,7,0,10000000,native,0,1.301877,0
10000000,RANGE,2,original,TANH_RANGE,tt_hyperbolic_range,DOUBLE,264,0,false,7,0,10000000,native,1,1.303550,0
10000000,RANGE,2,original,TANH_RANGE,tt_hyperbolic_range,DOUBLE,264,0,false,7,0,10000000,flink,1,1.281197,0
10000000,RANGE,2,original,TANH_RANGE,tt_hyperbolic_range,DOUBLE,264,0,false,7,0,10000000,flink,2,1.282070,0
10000000,RANGE,2,original,TANH_RANGE,tt_hyperbolic_range,DOUBLE,264,0,false,7,0,10000000,native,2,1.267871,0
10000000,RANGE,2,original,TANH_RANGE,tt_hyperbolic_range,DOUBLE,264,0,false,7,0,10000000,native,3,1.293769,0
10000000,RANGE,2,original,TANH_RANGE,tt_hyperbolic_range,DOUBLE,264,0,false,7,0,10000000,flink,3,1.284570,0
10000000,RANGE,2,original,TANH_RANGE,tt_hyperbolic_range,DOUBLE,264,0,false,7,0,10000000,flink,4,1.304150,0
10000000,RANGE,2,original,TANH_RANGE,tt_hyperbolic_range,DOUBLE,264,0,false,7,0,10000000,native,4,1.288149,0
10000000,RANGE,3,original,BASELINE_tt_hyperbolic_range,tt_hyperbolic_range,DOUBLE,264,0,false,7,0,10000000,flink,0,1.030250,0
10000000,RANGE,3,original,BASELINE_tt_hyperbolic_range,tt_hyperbolic_range,DOUBLE,264,0,false,7,0,10000000,native,0,1.150459,0
10000000,RANGE,3,original,BASELINE_tt_hyperbolic_range,tt_hyperbolic_range,DOUBLE,264,0,false,7,0,10000000,native,1,1.193094,0
10000000,RANGE,3,original,BASELINE_tt_hyperbolic_range,tt_hyperbolic_range,DOUBLE,264,0,false,7,0,10000000,flink,1,1.045305,0
10000000,RANGE,3,original,BASELINE_tt_hyperbolic_range,tt_hyperbolic_range,DOUBLE,264,0,false,7,0,10000000,flink,2,1.073338,0
10000000,RANGE,3,original,BASELINE_tt_hyperbolic_range,tt_hyperbolic_range,DOUBLE,264,0,false,7,0,10000000,native,2,1.151081,0
10000000,RANGE,3,original,BASELINE_tt_hyperbolic_range,tt_hyperbolic_range,DOUBLE,264,0,false,7,0,10000000,native,3,1.105900,0
10000000,RANGE,3,original,BASELINE_tt_hyperbolic_range,tt_hyperbolic_range,DOUBLE,264,0,false,7,0,10000000,flink,3,1.040929,0
10000000,RANGE,3,original,BASELINE_tt_hyperbolic_range,tt_hyperbolic_range,DOUBLE,264,0,false,7,0,10000000,flink,4,0.994961,0
10000000,RANGE,3,original,BASELINE_tt_hyperbolic_range,tt_hyperbolic_range,DOUBLE,264,0,false,7,0,10000000,native,4,1.082798,0
10000000,RANGE,3,original,COSH_RANGE,tt_hyperbolic_range,DOUBLE,264,0,false,7,0,10000000,flink,0,1.253906,0
10000000,RANGE,3,original,COSH_RANGE,tt_hyperbolic_range,DOUBLE,264,0,false,7,0,10000000,native,0,1.265342,0
10000000,RANGE,3,original,COSH_RANGE,tt_hyperbolic_range,DOUBLE,264,0,false,7,0,10000000,native,1,1.283114,0
10000000,RANGE,3,original,COSH_RANGE,tt_hyperbolic_range,DOUBLE,264,0,false,7,0,10000000,flink,1,1.280131,0
10000000,RANGE,3,original,COSH_RANGE,tt_hyperbolic_range,DOUBLE,264,0,false,7,0,10000000,flink,2,1.271971,0
10000000,RANGE,3,original,COSH_RANGE,tt_hyperbolic_range,DOUBLE,264,0,false,7,0,10000000,native,2,1.235711,0
10000000,RANGE,3,original,COSH_RANGE,tt_hyperbolic_range,DOUBLE,264,0,false,7,0,10000000,native,3,1.236574,0
10000000,RANGE,3,original,COSH_RANGE,tt_hyperbolic_range,DOUBLE,264,0,false,7,0,10000000,flink,3,1.276690,0
10000000,RANGE,3,original,COSH_RANGE,tt_hyperbolic_range,DOUBLE,264,0,false,7,0,10000000,flink,4,1.248856,0
10000000,RANGE,3,original,COSH_RANGE,tt_hyperbolic_range,DOUBLE,264,0,false,7,0,10000000,native,4,1.274739,0
10000000,RANGE,3,original,SINH_RANGE,tt_hyperbolic_range,DOUBLE,264,0,false,7,0,10000000,flink,0,1.280666,0
10000000,RANGE,3,original,SINH_RANGE,tt_hyperbolic_range,DOUBLE,264,0,false,7,0,10000000,native,0,1.273389,0
10000000,RANGE,3,original,SINH_RANGE,tt_hyperbolic_range,DOUBLE,264,0,false,7,0,10000000,native,1,1.269036,0
10000000,RANGE,3,original,SINH_RANGE,tt_hyperbolic_range,DOUBLE,264,0,false,7,0,10000000,flink,1,1.300473,0
10000000,RANGE,3,original,SINH_RANGE,tt_hyperbolic_range,DOUBLE,264,0,false,7,0,10000000,flink,2,1.289742,0
10000000,RANGE,3,original,SINH_RANGE,tt_hyperbolic_range,DOUBLE,264,0,false,7,0,10000000,native,2,1.285276,0
10000000,RANGE,3,original,SINH_RANGE,tt_hyperbolic_range,DOUBLE,264,0,false,7,0,10000000,native,3,1.303124,0
10000000,RANGE,3,original,SINH_RANGE,tt_hyperbolic_range,DOUBLE,264,0,false,7,0,10000000,flink,3,1.280248,0
10000000,RANGE,3,original,SINH_RANGE,tt_hyperbolic_range,DOUBLE,264,0,false,7,0,10000000,flink,4,1.270695,0
10000000,RANGE,3,original,SINH_RANGE,tt_hyperbolic_range,DOUBLE,264,0,false,7,0,10000000,native,4,1.271001,0
10000000,RANGE,3,original,TANH_RANGE,tt_hyperbolic_range,DOUBLE,264,0,false,7,0,10000000,flink,0,1.299679,0
10000000,RANGE,3,original,TANH_RANGE,tt_hyperbolic_range,DOUBLE,264,0,false,7,0,10000000,native,0,1.276498,0
10000000,RANGE,3,original,TANH_RANGE,tt_hyperbolic_range,DOUBLE,264,0,false,7,0,10000000,native,1,1.321705,0
10000000,RANGE,3,original,TANH_RANGE,tt_hyperbolic_range,DOUBLE,264,0,false,7,0,10000000,flink,1,1.325063,0
10000000,RANGE,3,original,TANH_RANGE,tt_hyperbolic_range,DOUBLE,264,0,false,7,0,10000000,flink,2,1.328752,0
10000000,RANGE,3,original,TANH_RANGE,tt_hyperbolic_range,DOUBLE,264,0,false,7,0,10000000,native,2,1.462046,0
10000000,RANGE,3,original,TANH_RANGE,tt_hyperbolic_range,DOUBLE,264,0,false,7,0,10000000,native,3,1.420453,0
10000000,RANGE,3,original,TANH_RANGE,tt_hyperbolic_range,DOUBLE,264,0,false,7,0,10000000,flink,3,1.318494,0
10000000,RANGE,3,original,TANH_RANGE,tt_hyperbolic_range,DOUBLE,264,0,false,7,0,10000000,flink,4,1.288467,0
10000000,RANGE,3,original,TANH_RANGE,tt_hyperbolic_range,DOUBLE,264,0,false,7,0,10000000,native,4,1.277055,0
10000000,RANGE,4,previous,BASELINE_tt_hyperbolic_range,tt_hyperbolic_range,DOUBLE,264,0,false,7,0,10000000,flink,0,1.042841,0
10000000,RANGE,4,previous,BASELINE_tt_hyperbolic_range,tt_hyperbolic_range,DOUBLE,264,0,false,7,0,10000000,native,0,1.185167,0
10000000,RANGE,4,previous,BASELINE_tt_hyperbolic_range,tt_hyperbolic_range,DOUBLE,264,0,false,7,0,10000000,native,1,1.171226,0
10000000,RANGE,4,previous,BASELINE_tt_hyperbolic_range,tt_hyperbolic_range,DOUBLE,264,0,false,7,0,10000000,flink,1,1.043517,0
10000000,RANGE,4,previous,BASELINE_tt_hyperbolic_range,tt_hyperbolic_range,DOUBLE,264,0,false,7,0,10000000,flink,2,1.046735,0
10000000,RANGE,4,previous,BASELINE_tt_hyperbolic_range,tt_hyperbolic_range,DOUBLE,264,0,false,7,0,10000000,native,2,1.164091,0
10000000,RANGE,4,previous,BASELINE_tt_hyperbolic_range,tt_hyperbolic_range,DOUBLE,264,0,false,7,0,10000000,native,3,1.157172,0
10000000,RANGE,4,previous,BASELINE_tt_hyperbolic_range,tt_hyperbolic_range,DOUBLE,264,0,false,7,0,10000000,flink,3,1.033224,0
10000000,RANGE,4,previous,BASELINE_tt_hyperbolic_range,tt_hyperbolic_range,DOUBLE,264,0,false,7,0,10000000,flink,4,1.061016,0
10000000,RANGE,4,previous,BASELINE_tt_hyperbolic_range,tt_hyperbolic_range,DOUBLE,264,0,false,7,0,10000000,native,4,1.153804,0
10000000,RANGE,4,previous,COSH_RANGE,tt_hyperbolic_range,DOUBLE,264,0,false,7,0,10000000,flink,0,1.258011,0
10000000,RANGE,4,previous,COSH_RANGE,tt_hyperbolic_range,DOUBLE,264,0,false,7,0,10000000,native,0,1.210797,0
10000000,RANGE,4,previous,COSH_RANGE,tt_hyperbolic_range,DOUBLE,264,0,false,7,0,10000000,native,1,1.221048,0
10000000,RANGE,4,previous,COSH_RANGE,tt_hyperbolic_range,DOUBLE,264,0,false,7,0,10000000,flink,1,1.268736,0
10000000,RANGE,4,previous,COSH_RANGE,tt_hyperbolic_range,DOUBLE,264,0,false,7,0,10000000,flink,2,1.270650,0
10000000,RANGE,4,previous,COSH_RANGE,tt_hyperbolic_range,DOUBLE,264,0,false,7,0,10000000,native,2,1.200084,0
10000000,RANGE,4,previous,COSH_RANGE,tt_hyperbolic_range,DOUBLE,264,0,false,7,0,10000000,native,3,1.202704,0
10000000,RANGE,4,previous,COSH_RANGE,tt_hyperbolic_range,DOUBLE,264,0,false,7,0,10000000,flink,3,1.269452,0
10000000,RANGE,4,previous,COSH_RANGE,tt_hyperbolic_range,DOUBLE,264,0,false,7,0,10000000,flink,4,1.255505,0
10000000,RANGE,4,previous,COSH_RANGE,tt_hyperbolic_range,DOUBLE,264,0,false,7,0,10000000,native,4,1.216455,0
10000000,RANGE,4,previous,SINH_RANGE,tt_hyperbolic_range,DOUBLE,264,0,false,7,0,10000000,flink,0,1.306600,0
10000000,RANGE,4,previous,SINH_RANGE,tt_hyperbolic_range,DOUBLE,264,0,false,7,0,10000000,native,0,1.245487,0
10000000,RANGE,4,previous,SINH_RANGE,tt_hyperbolic_range,DOUBLE,264,0,false,7,0,10000000,native,1,1.226966,0
10000000,RANGE,4,previous,SINH_RANGE,tt_hyperbolic_range,DOUBLE,264,0,false,7,0,10000000,flink,1,1.301930,0
10000000,RANGE,4,previous,SINH_RANGE,tt_hyperbolic_range,DOUBLE,264,0,false,7,0,10000000,flink,2,1.308813,0
10000000,RANGE,4,previous,SINH_RANGE,tt_hyperbolic_range,DOUBLE,264,0,false,7,0,10000000,native,2,1.218599,0
10000000,RANGE,4,previous,SINH_RANGE,tt_hyperbolic_range,DOUBLE,264,0,false,7,0,10000000,native,3,1.221924,0
10000000,RANGE,4,previous,SINH_RANGE,tt_hyperbolic_range,DOUBLE,264,0,false,7,0,10000000,flink,3,1.292853,0
10000000,RANGE,4,previous,SINH_RANGE,tt_hyperbolic_range,DOUBLE,264,0,false,7,0,10000000,flink,4,1.276977,0
10000000,RANGE,4,previous,SINH_RANGE,tt_hyperbolic_range,DOUBLE,264,0,false,7,0,10000000,native,4,1.224394,0
10000000,RANGE,4,previous,TANH_RANGE,tt_hyperbolic_range,DOUBLE,264,0,false,7,0,10000000,flink,0,1.315701,0
10000000,RANGE,4,previous,TANH_RANGE,tt_hyperbolic_range,DOUBLE,264,0,false,7,0,10000000,native,0,1.226126,0
10000000,RANGE,4,previous,TANH_RANGE,tt_hyperbolic_range,DOUBLE,264,0,false,7,0,10000000,native,1,1.232767,0
10000000,RANGE,4,previous,TANH_RANGE,tt_hyperbolic_range,DOUBLE,264,0,false,7,0,10000000,flink,1,1.308166,0
10000000,RANGE,4,previous,TANH_RANGE,tt_hyperbolic_range,DOUBLE,264,0,false,7,0,10000000,flink,2,1.319888,0
10000000,RANGE,4,previous,TANH_RANGE,tt_hyperbolic_range,DOUBLE,264,0,false,7,0,10000000,native,2,1.217094,0
10000000,RANGE,4,previous,TANH_RANGE,tt_hyperbolic_range,DOUBLE,264,0,false,7,0,10000000,native,3,1.229014,0
10000000,RANGE,4,previous,TANH_RANGE,tt_hyperbolic_range,DOUBLE,264,0,false,7,0,10000000,flink,3,1.295224,0
10000000,RANGE,4,previous,TANH_RANGE,tt_hyperbolic_range,DOUBLE,264,0,false,7,0,10000000,flink,4,1.276365,0
10000000,RANGE,4,previous,TANH_RANGE,tt_hyperbolic_range,DOUBLE,264,0,false,7,0,10000000,native,4,1.210566,0
10000000,RANGE,5,candidate,BASELINE_tt_hyperbolic_range,tt_hyperbolic_range,DOUBLE,264,0,false,7,0,10000000,flink,0,1.059216,0
10000000,RANGE,5,candidate,BASELINE_tt_hyperbolic_range,tt_hyperbolic_range,DOUBLE,264,0,false,7,0,10000000,native,0,1.151174,0
10000000,RANGE,5,candidate,BASELINE_tt_hyperbolic_range,tt_hyperbolic_range,DOUBLE,264,0,false,7,0,10000000,native,1,1.143939,0
10000000,RANGE,5,candidate,BASELINE_tt_hyperbolic_range,tt_hyperbolic_range,DOUBLE,264,0,false,7,0,10000000,flink,1,1.039944,0
10000000,RANGE,5,candidate,BASELINE_tt_hyperbolic_range,tt_hyperbolic_range,DOUBLE,264,0,false,7,0,10000000,flink,2,1.042102,0
10000000,RANGE,5,candidate,BASELINE_tt_hyperbolic_range,tt_hyperbolic_range,DOUBLE,264,0,false,7,0,10000000,native,2,1.150084,0
10000000,RANGE,5,candidate,BASELINE_tt_hyperbolic_range,tt_hyperbolic_range,DOUBLE,264,0,false,7,0,10000000,native,3,1.158538,0
10000000,RANGE,5,candidate,BASELINE_tt_hyperbolic_range,tt_hyperbolic_range,DOUBLE,264,0,false,7,0,10000000,flink,3,1.031962,0
10000000,RANGE,5,candidate,BASELINE_tt_hyperbolic_range,tt_hyperbolic_range,DOUBLE,264,0,false,7,0,10000000,flink,4,1.024760,0
10000000,RANGE,5,candidate,BASELINE_tt_hyperbolic_range,tt_hyperbolic_range,DOUBLE,264,0,false,7,0,10000000,native,4,1.146056,0
10000000,RANGE,5,candidate,COSH_RANGE,tt_hyperbolic_range,DOUBLE,264,0,false,7,0,10000000,flink,0,1.266455,0
10000000,RANGE,5,candidate,COSH_RANGE,tt_hyperbolic_range,DOUBLE,264,0,false,7,0,10000000,native,0,1.215710,0
10000000,RANGE,5,candidate,COSH_RANGE,tt_hyperbolic_range,DOUBLE,264,0,false,7,0,10000000,native,1,1.199946,0
10000000,RANGE,5,candidate,COSH_RANGE,tt_hyperbolic_range,DOUBLE,264,0,false,7,0,10000000,flink,1,1.260183,0
10000000,RANGE,5,candidate,COSH_RANGE,tt_hyperbolic_range,DOUBLE,264,0,false,7,0,10000000,flink,2,1.257943,0
10000000,RANGE,5,candidate,COSH_RANGE,tt_hyperbolic_range,DOUBLE,264,0,false,7,0,10000000,native,2,1.194380,0
10000000,RANGE,5,candidate,COSH_RANGE,tt_hyperbolic_range,DOUBLE,264,0,false,7,0,10000000,native,3,1.200347,0
10000000,RANGE,5,candidate,COSH_RANGE,tt_hyperbolic_range,DOUBLE,264,0,false,7,0,10000000,flink,3,1.269181,0
10000000,RANGE,5,candidate,COSH_RANGE,tt_hyperbolic_range,DOUBLE,264,0,false,7,0,10000000,flink,4,1.258892,0
10000000,RANGE,5,candidate,COSH_RANGE,tt_hyperbolic_range,DOUBLE,264,0,false,7,0,10000000,native,4,1.216001,0
10000000,RANGE,5,candidate,SINH_RANGE,tt_hyperbolic_range,DOUBLE,264,0,false,7,0,10000000,flink,0,1.284000,0
10000000,RANGE,5,candidate,SINH_RANGE,tt_hyperbolic_range,DOUBLE,264,0,false,7,0,10000000,native,0,1.219273,0
10000000,RANGE,5,candidate,SINH_RANGE,tt_hyperbolic_range,DOUBLE,264,0,false,7,0,10000000,native,1,1.224655,0
10000000,RANGE,5,candidate,SINH_RANGE,tt_hyperbolic_range,DOUBLE,264,0,false,7,0,10000000,flink,1,1.268083,0
10000000,RANGE,5,candidate,SINH_RANGE,tt_hyperbolic_range,DOUBLE,264,0,false,7,0,10000000,flink,2,1.287162,0
10000000,RANGE,5,candidate,SINH_RANGE,tt_hyperbolic_range,DOUBLE,264,0,false,7,0,10000000,native,2,1.231522,0
10000000,RANGE,5,candidate,SINH_RANGE,tt_hyperbolic_range,DOUBLE,264,0,false,7,0,10000000,native,3,1.213063,0
10000000,RANGE,5,candidate,SINH_RANGE,tt_hyperbolic_range,DOUBLE,264,0,false,7,0,10000000,flink,3,1.290759,0
10000000,RANGE,5,candidate,SINH_RANGE,tt_hyperbolic_range,DOUBLE,264,0,false,7,0,10000000,flink,4,1.306324,0
10000000,RANGE,5,candidate,SINH_RANGE,tt_hyperbolic_range,DOUBLE,264,0,false,7,0,10000000,native,4,1.219253,0
10000000,RANGE,5,candidate,TANH_RANGE,tt_hyperbolic_range,DOUBLE,264,0,false,7,0,10000000,flink,0,1.282666,0
10000000,RANGE,5,candidate,TANH_RANGE,tt_hyperbolic_range,DOUBLE,264,0,false,7,0,10000000,native,0,1.228956,0
10000000,RANGE,5,candidate,TANH_RANGE,tt_hyperbolic_range,DOUBLE,264,0,false,7,0,10000000,native,1,1.256868,0
10000000,RANGE,5,candidate,TANH_RANGE,tt_hyperbolic_range,DOUBLE,264,0,false,7,0,10000000,flink,1,1.326980,0
10000000,RANGE,5,candidate,TANH_RANGE,tt_hyperbolic_range,DOUBLE,264,0,false,7,0,10000000,flink,2,1.275632,0
10000000,RANGE,5,candidate,TANH_RANGE,tt_hyperbolic_range,DOUBLE,264,0,false,7,0,10000000,native,2,1.210793,0
10000000,RANGE,5,candidate,TANH_RANGE,tt_hyperbolic_range,DOUBLE,264,0,false,7,0,10000000,native,3,1.231056,0
10000000,RANGE,5,candidate,TANH_RANGE,tt_hyperbolic_range,DOUBLE,264,0,false,7,0,10000000,flink,3,1.281370,0
10000000,RANGE,5,candidate,TANH_RANGE,tt_hyperbolic_range,DOUBLE,264,0,false,7,0,10000000,flink,4,1.276737,0
10000000,RANGE,5,candidate,TANH_RANGE,tt_hyperbolic_range,DOUBLE,264,0,false,7,0,10000000,native,4,1.220482,0
