algorithm,experiment,library_sha256,round,variant,engine,trial,seconds,rows,width,domain,null_every,element_null_every,empty_arrays
unbounded,int-array-bulk-entry-distinct-w1-r10000000-d65536-n0-e0,5d96db2a82c210f9b80e5698932737a6d54ba09e053a59cd8a5e4585b20b5d43,0,candidate,flink,0,1.530255829,10000000,1,65536,0,0,False
unbounded,int-array-bulk-entry-distinct-w1-r10000000-d65536-n0-e0,5d96db2a82c210f9b80e5698932737a6d54ba09e053a59cd8a5e4585b20b5d43,0,candidate,flink,1,1.534585883,10000000,1,65536,0,0,False
unbounded,int-array-bulk-entry-distinct-w1-r10000000-d65536-n0-e0,5d96db2a82c210f9b80e5698932737a6d54ba09e053a59cd8a5e4585b20b5d43,0,candidate,flink,2,1.531214993,10000000,1,65536,0,0,False
unbounded,int-array-bulk-entry-distinct-w1-r10000000-d65536-n0-e0,5d96db2a82c210f9b80e5698932737a6d54ba09e053a59cd8a5e4585b20b5d43,0,candidate,flink,3,1.520912826,10000000,1,65536,0,0,False
unbounded,int-array-bulk-entry-distinct-w1-r10000000-d65536-n0-e0,5d96db2a82c210f9b80e5698932737a6d54ba09e053a59cd8a5e4585b20b5d43,0,candidate,flink,4,1.52713742,10000000,1,65536,0,0,False
unbounded,int-array-bulk-entry-distinct-w1-r10000000-d65536-n0-e0,5d96db2a82c210f9b80e5698932737a6d54ba09e053a59cd8a5e4585b20b5d43,0,candidate,native,0,1.466712668,10000000,1,65536,0,0,False
unbounded,int-array-bulk-entry-distinct-w1-r10000000-d65536-n0-e0,5d96db2a82c210f9b80e5698932737a6d54ba09e053a59cd8a5e4585b20b5d43,0,candidate,native,1,1.459582028,10000000,1,65536,0,0,False
unbounded,int-array-bulk-entry-distinct-w1-r10000000-d65536-n0-e0,5d96db2a82c210f9b80e5698932737a6d54ba09e053a59cd8a5e4585b20b5d43,0,candidate,native,2,1.470730862,10000000,1,65536,0,0,False
unbounded,int-array-bulk-entry-distinct-w1-r10000000-d65536-n0-e0,5d96db2a82c210f9b80e5698932737a6d54ba09e053a59cd8a5e4585b20b5d43,0,candidate,native,3,1.472898793,10000000,1,65536,0,0,False
unbounded,int-array-bulk-entry-distinct-w1-r10000000-d65536-n0-e0,5d96db2a82c210f9b80e5698932737a6d54ba09e053a59cd8a5e4585b20b5d43,0,candidate,native,4,1.471992802,10000000,1,65536,0,0,False
unbounded,int-array-bulk-entry-distinct-w1-r10000000-d65536-n0-e0,5d96db2a82c210f9b80e5698932737a6d54ba09e053a59cd8a5e4585b20b5d43,1,original,flink,0,1.529559599,10000000,1,65536,0,0,False
unbounded,int-array-bulk-entry-distinct-w1-r10000000-d65536-n0-e0,5d96db2a82c210f9b80e5698932737a6d54ba09e053a59cd8a5e4585b20b5d43,1,original,flink,1,1.524166973,10000000,1,65536,0,0,False
unbounded,int-array-bulk-entry-distinct-w1-r10000000-d65536-n0-e0,5d96db2a82c210f9b80e5698932737a6d54ba09e053a59cd8a5e4585b20b5d43,1,original,flink,2,1.538389855,10000000,1,65536,0,0,False
unbounded,int-array-bulk-entry-distinct-w1-r10000000-d65536-n0-e0,5d96db2a82c210f9b80e5698932737a6d54ba09e053a59cd8a5e4585b20b5d43,1,original,flink,3,1.518078767,10000000,1,65536,0,0,False
unbounded,int-array-bulk-entry-distinct-w1-r10000000-d65536-n0-e0,5d96db2a82c210f9b80e5698932737a6d54ba09e053a59cd8a5e4585b20b5d43,1,original,flink,4,1.491609446,10000000,1,65536,0,0,False
unbounded,int-array-bulk-entry-distinct-w1-r10000000-d65536-n0-e0,5d96db2a82c210f9b80e5698932737a6d54ba09e053a59cd8a5e4585b20b5d43,1,original,previous_native_distinct,0,1.462805522,10000000,1,65536,0,0,False
unbounded,int-array-bulk-entry-distinct-w1-r10000000-d65536-n0-e0,5d96db2a82c210f9b80e5698932737a6d54ba09e053a59cd8a5e4585b20b5d43,1,original,previous_native_distinct,1,1.463175961,10000000,1,65536,0,0,False
unbounded,int-array-bulk-entry-distinct-w1-r10000000-d65536-n0-e0,5d96db2a82c210f9b80e5698932737a6d54ba09e053a59cd8a5e4585b20b5d43,1,original,previous_native_distinct,2,1.45550463,10000000,1,65536,0,0,False
unbounded,int-array-bulk-entry-distinct-w1-r10000000-d65536-n0-e0,5d96db2a82c210f9b80e5698932737a6d54ba09e053a59cd8a5e4585b20b5d43,1,original,previous_native_distinct,3,1.463321568,10000000,1,65536,0,0,False
unbounded,int-array-bulk-entry-distinct-w1-r10000000-d65536-n0-e0,5d96db2a82c210f9b80e5698932737a6d54ba09e053a59cd8a5e4585b20b5d43,1,original,previous_native_distinct,4,1.457176669,10000000,1,65536,0,0,False
unbounded,int-array-bulk-entry-distinct-w1-r10000000-d65536-n0-e0,5d96db2a82c210f9b80e5698932737a6d54ba09e053a59cd8a5e4585b20b5d43,2,original,flink,0,1.598114913,10000000,1,65536,0,0,False
unbounded,int-array-bulk-entry-distinct-w1-r10000000-d65536-n0-e0,5d96db2a82c210f9b80e5698932737a6d54ba09e053a59cd8a5e4585b20b5d43,2,original,flink,1,1.602780202,10000000,1,65536,0,0,False
unbounded,int-array-bulk-entry-distinct-w1-r10000000-d65536-n0-e0,5d96db2a82c210f9b80e5698932737a6d54ba09e053a59cd8a5e4585b20b5d43,2,original,flink,2,1.611844605,10000000,1,65536,0,0,False
unbounded,int-array-bulk-entry-distinct-w1-r10000000-d65536-n0-e0,5d96db2a82c210f9b80e5698932737a6d54ba09e053a59cd8a5e4585b20b5d43,2,original,flink,3,1.577336285,10000000,1,65536,0,0,False
unbounded,int-array-bulk-entry-distinct-w1-r10000000-d65536-n0-e0,5d96db2a82c210f9b80e5698932737a6d54ba09e053a59cd8a5e4585b20b5d43,2,original,flink,4,1.58226173,10000000,1,65536,0,0,False
unbounded,int-array-bulk-entry-distinct-w1-r10000000-d65536-n0-e0,5d96db2a82c210f9b80e5698932737a6d54ba09e053a59cd8a5e4585b20b5d43,2,original,previous_native_distinct,0,1.446654617,10000000,1,65536,0,0,False
unbounded,int-array-bulk-entry-distinct-w1-r10000000-d65536-n0-e0,5d96db2a82c210f9b80e5698932737a6d54ba09e053a59cd8a5e4585b20b5d43,2,original,previous_native_distinct,1,1.435641942,10000000,1,65536,0,0,False
unbounded,int-array-bulk-entry-distinct-w1-r10000000-d65536-n0-e0,5d96db2a82c210f9b80e5698932737a6d54ba09e053a59cd8a5e4585b20b5d43,2,original,previous_native_distinct,2,1.463523979,10000000,1,65536,0,0,False
unbounded,int-array-bulk-entry-distinct-w1-r10000000-d65536-n0-e0,5d96db2a82c210f9b80e5698932737a6d54ba09e053a59cd8a5e4585b20b5d43,2,original,previous_native_distinct,3,1.438305911,10000000,1,65536,0,0,False
unbounded,int-array-bulk-entry-distinct-w1-r10000000-d65536-n0-e0,5d96db2a82c210f9b80e5698932737a6d54ba09e053a59cd8a5e4585b20b5d43,2,original,previous_native_distinct,4,1.430540956,10000000,1,65536,0,0,False
unbounded,int-array-bulk-entry-distinct-w1-r10000000-d65536-n0-e0,5d96db2a82c210f9b80e5698932737a6d54ba09e053a59cd8a5e4585b20b5d43,3,candidate,flink,0,1.512962144,10000000,1,65536,0,0,False
unbounded,int-array-bulk-entry-distinct-w1-r10000000-d65536-n0-e0,5d96db2a82c210f9b80e5698932737a6d54ba09e053a59cd8a5e4585b20b5d43,3,candidate,flink,1,1.585114784,10000000,1,65536,0,0,False
unbounded,int-array-bulk-entry-distinct-w1-r10000000-d65536-n0-e0,5d96db2a82c210f9b80e5698932737a6d54ba09e053a59cd8a5e4585b20b5d43,3,candidate,flink,2,1.504084738,10000000,1,65536,0,0,False
unbounded,int-array-bulk-entry-distinct-w1-r10000000-d65536-n0-e0,5d96db2a82c210f9b80e5698932737a6d54ba09e053a59cd8a5e4585b20b5d43,3,candidate,flink,3,1.557427018,10000000,1,65536,0,0,False
unbounded,int-array-bulk-entry-distinct-w1-r10000000-d65536-n0-e0,5d96db2a82c210f9b80e5698932737a6d54ba09e053a59cd8a5e4585b20b5d43,3,candidate,flink,4,1.557825944,10000000,1,65536,0,0,False
unbounded,int-array-bulk-entry-distinct-w1-r10000000-d65536-n0-e0,5d96db2a82c210f9b80e5698932737a6d54ba09e053a59cd8a5e4585b20b5d43,3,candidate,native,0,1.503135515,10000000,1,65536,0,0,False
unbounded,int-array-bulk-entry-distinct-w1-r10000000-d65536-n0-e0,5d96db2a82c210f9b80e5698932737a6d54ba09e053a59cd8a5e4585b20b5d43,3,candidate,native,1,1.521368797,10000000,1,65536,0,0,False
unbounded,int-array-bulk-entry-distinct-w1-r10000000-d65536-n0-e0,5d96db2a82c210f9b80e5698932737a6d54ba09e053a59cd8a5e4585b20b5d43,3,candidate,native,2,1.515960101,10000000,1,65536,0,0,False
unbounded,int-array-bulk-entry-distinct-w1-r10000000-d65536-n0-e0,5d96db2a82c210f9b80e5698932737a6d54ba09e053a59cd8a5e4585b20b5d43,3,candidate,native,3,1.497303355,10000000,1,65536,0,0,False
unbounded,int-array-bulk-entry-distinct-w1-r10000000-d65536-n0-e0,5d96db2a82c210f9b80e5698932737a6d54ba09e053a59cd8a5e4585b20b5d43,3,candidate,native,4,1.513687425,10000000,1,65536,0,0,False
unbounded,int-array-bulk-entry-distinct-w64-r2000000-d65536-n8-e7,5d96db2a82c210f9b80e5698932737a6d54ba09e053a59cd8a5e4585b20b5d43,0,candidate,flink,0,9.218652531,2000000,64,65536,8,7,False
unbounded,int-array-bulk-entry-distinct-w64-r2000000-d65536-n8-e7,5d96db2a82c210f9b80e5698932737a6d54ba09e053a59cd8a5e4585b20b5d43,0,candidate,flink,1,9.203393357,2000000,64,65536,8,7,False
unbounded,int-array-bulk-entry-distinct-w64-r2000000-d65536-n8-e7,5d96db2a82c210f9b80e5698932737a6d54ba09e053a59cd8a5e4585b20b5d43,0,candidate,flink,2,9.218442691,2000000,64,65536,8,7,False
unbounded,int-array-bulk-entry-distinct-w64-r2000000-d65536-n8-e7,5d96db2a82c210f9b80e5698932737a6d54ba09e053a59cd8a5e4585b20b5d43,0,candidate,flink,3,9.194437574,2000000,64,65536,8,7,False
unbounded,int-array-bulk-entry-distinct-w64-r2000000-d65536-n8-e7,5d96db2a82c210f9b80e5698932737a6d54ba09e053a59cd8a5e4585b20b5d43,0,candidate,flink,4,9.146544591,2000000,64,65536,8,7,False
unbounded,int-array-bulk-entry-distinct-w64-r2000000-d65536-n8-e7,5d96db2a82c210f9b80e5698932737a6d54ba09e053a59cd8a5e4585b20b5d43,0,candidate,native,0,1.870143559,2000000,64,65536,8,7,False
unbounded,int-array-bulk-entry-distinct-w64-r2000000-d65536-n8-e7,5d96db2a82c210f9b80e5698932737a6d54ba09e053a59cd8a5e4585b20b5d43,0,candidate,native,1,1.847296978,2000000,64,65536,8,7,False
unbounded,int-array-bulk-entry-distinct-w64-r2000000-d65536-n8-e7,5d96db2a82c210f9b80e5698932737a6d54ba09e053a59cd8a5e4585b20b5d43,0,candidate,native,2,1.850196683,2000000,64,65536,8,7,False
unbounded,int-array-bulk-entry-distinct-w64-r2000000-d65536-n8-e7,5d96db2a82c210f9b80e5698932737a6d54ba09e053a59cd8a5e4585b20b5d43,0,candidate,native,3,1.8663509,2000000,64,65536,8,7,False
unbounded,int-array-bulk-entry-distinct-w64-r2000000-d65536-n8-e7,5d96db2a82c210f9b80e5698932737a6d54ba09e053a59cd8a5e4585b20b5d43,0,candidate,native,4,1.844532735,2000000,64,65536,8,7,False
unbounded,int-array-bulk-entry-distinct-w64-r2000000-d65536-n8-e7,5d96db2a82c210f9b80e5698932737a6d54ba09e053a59cd8a5e4585b20b5d43,1,original,flink,0,9.134978777,2000000,64,65536,8,7,False
unbounded,int-array-bulk-entry-distinct-w64-r2000000-d65536-n8-e7,5d96db2a82c210f9b80e5698932737a6d54ba09e053a59cd8a5e4585b20b5d43,1,original,flink,1,9.137844628,2000000,64,65536,8,7,False
unbounded,int-array-bulk-entry-distinct-w64-r2000000-d65536-n8-e7,5d96db2a82c210f9b80e5698932737a6d54ba09e053a59cd8a5e4585b20b5d43,1,original,flink,2,9.158458505,2000000,64,65536,8,7,False
unbounded,int-array-bulk-entry-distinct-w64-r2000000-d65536-n8-e7,5d96db2a82c210f9b80e5698932737a6d54ba09e053a59cd8a5e4585b20b5d43,1,original,flink,3,9.188510142,2000000,64,65536,8,7,False
unbounded,int-array-bulk-entry-distinct-w64-r2000000-d65536-n8-e7,5d96db2a82c210f9b80e5698932737a6d54ba09e053a59cd8a5e4585b20b5d43,1,original,flink,4,9.151779696,2000000,64,65536,8,7,False
unbounded,int-array-bulk-entry-distinct-w64-r2000000-d65536-n8-e7,5d96db2a82c210f9b80e5698932737a6d54ba09e053a59cd8a5e4585b20b5d43,1,original,previous_native_distinct,0,1.997196602,2000000,64,65536,8,7,False
unbounded,int-array-bulk-entry-distinct-w64-r2000000-d65536-n8-e7,5d96db2a82c210f9b80e5698932737a6d54ba09e053a59cd8a5e4585b20b5d43,1,original,previous_native_distinct,1,1.972480884,2000000,64,65536,8,7,False
unbounded,int-array-bulk-entry-distinct-w64-r2000000-d65536-n8-e7,5d96db2a82c210f9b80e5698932737a6d54ba09e053a59cd8a5e4585b20b5d43,1,original,previous_native_distinct,2,1.956736914,2000000,64,65536,8,7,False
unbounded,int-array-bulk-entry-distinct-w64-r2000000-d65536-n8-e7,5d96db2a82c210f9b80e5698932737a6d54ba09e053a59cd8a5e4585b20b5d43,1,original,previous_native_distinct,3,1.965207453,2000000,64,65536,8,7,False
unbounded,int-array-bulk-entry-distinct-w64-r2000000-d65536-n8-e7,5d96db2a82c210f9b80e5698932737a6d54ba09e053a59cd8a5e4585b20b5d43,1,original,previous_native_distinct,4,1.972592972,2000000,64,65536,8,7,False
unbounded,int-array-bulk-entry-distinct-w64-r2000000-d65536-n8-e7,5d96db2a82c210f9b80e5698932737a6d54ba09e053a59cd8a5e4585b20b5d43,2,original,flink,0,9.118912336,2000000,64,65536,8,7,False
unbounded,int-array-bulk-entry-distinct-w64-r2000000-d65536-n8-e7,5d96db2a82c210f9b80e5698932737a6d54ba09e053a59cd8a5e4585b20b5d43,2,original,flink,1,9.168845041,2000000,64,65536,8,7,False
unbounded,int-array-bulk-entry-distinct-w64-r2000000-d65536-n8-e7,5d96db2a82c210f9b80e5698932737a6d54ba09e053a59cd8a5e4585b20b5d43,2,original,flink,2,9.344136828,2000000,64,65536,8,7,False
unbounded,int-array-bulk-entry-distinct-w64-r2000000-d65536-n8-e7,5d96db2a82c210f9b80e5698932737a6d54ba09e053a59cd8a5e4585b20b5d43,2,original,flink,3,9.283796276,2000000,64,65536,8,7,False
unbounded,int-array-bulk-entry-distinct-w64-r2000000-d65536-n8-e7,5d96db2a82c210f9b80e5698932737a6d54ba09e053a59cd8a5e4585b20b5d43,2,original,flink,4,9.213609094,2000000,64,65536,8,7,False
unbounded,int-array-bulk-entry-distinct-w64-r2000000-d65536-n8-e7,5d96db2a82c210f9b80e5698932737a6d54ba09e053a59cd8a5e4585b20b5d43,2,original,previous_native_distinct,0,2.142905973,2000000,64,65536,8,7,False
unbounded,int-array-bulk-entry-distinct-w64-r2000000-d65536-n8-e7,5d96db2a82c210f9b80e5698932737a6d54ba09e053a59cd8a5e4585b20b5d43,2,original,previous_native_distinct,1,2.121472507,2000000,64,65536,8,7,False
unbounded,int-array-bulk-entry-distinct-w64-r2000000-d65536-n8-e7,5d96db2a82c210f9b80e5698932737a6d54ba09e053a59cd8a5e4585b20b5d43,2,original,previous_native_distinct,2,2.10140801,2000000,64,65536,8,7,False
unbounded,int-array-bulk-entry-distinct-w64-r2000000-d65536-n8-e7,5d96db2a82c210f9b80e5698932737a6d54ba09e053a59cd8a5e4585b20b5d43,2,original,previous_native_distinct,3,2.108359272,2000000,64,65536,8,7,False
unbounded,int-array-bulk-entry-distinct-w64-r2000000-d65536-n8-e7,5d96db2a82c210f9b80e5698932737a6d54ba09e053a59cd8a5e4585b20b5d43,2,original,previous_native_distinct,4,2.108761528,2000000,64,65536,8,7,False
unbounded,int-array-bulk-entry-distinct-w64-r2000000-d65536-n8-e7,5d96db2a82c210f9b80e5698932737a6d54ba09e053a59cd8a5e4585b20b5d43,3,candidate,flink,0,9.117555421,2000000,64,65536,8,7,False
unbounded,int-array-bulk-entry-distinct-w64-r2000000-d65536-n8-e7,5d96db2a82c210f9b80e5698932737a6d54ba09e053a59cd8a5e4585b20b5d43,3,candidate,flink,1,9.512000978,2000000,64,65536,8,7,False
unbounded,int-array-bulk-entry-distinct-w64-r2000000-d65536-n8-e7,5d96db2a82c210f9b80e5698932737a6d54ba09e053a59cd8a5e4585b20b5d43,3,candidate,flink,2,9.206876997,2000000,64,65536,8,7,False
unbounded,int-array-bulk-entry-distinct-w64-r2000000-d65536-n8-e7,5d96db2a82c210f9b80e5698932737a6d54ba09e053a59cd8a5e4585b20b5d43,3,candidate,flink,3,9.180570487,2000000,64,65536,8,7,False
unbounded,int-array-bulk-entry-distinct-w64-r2000000-d65536-n8-e7,5d96db2a82c210f9b80e5698932737a6d54ba09e053a59cd8a5e4585b20b5d43,3,candidate,flink,4,9.103663737,2000000,64,65536,8,7,False
unbounded,int-array-bulk-entry-distinct-w64-r2000000-d65536-n8-e7,5d96db2a82c210f9b80e5698932737a6d54ba09e053a59cd8a5e4585b20b5d43,3,candidate,native,0,1.875607211,2000000,64,65536,8,7,False
unbounded,int-array-bulk-entry-distinct-w64-r2000000-d65536-n8-e7,5d96db2a82c210f9b80e5698932737a6d54ba09e053a59cd8a5e4585b20b5d43,3,candidate,native,1,1.848106171,2000000,64,65536,8,7,False
unbounded,int-array-bulk-entry-distinct-w64-r2000000-d65536-n8-e7,5d96db2a82c210f9b80e5698932737a6d54ba09e053a59cd8a5e4585b20b5d43,3,candidate,native,2,1.829539045,2000000,64,65536,8,7,False
unbounded,int-array-bulk-entry-distinct-w64-r2000000-d65536-n8-e7,5d96db2a82c210f9b80e5698932737a6d54ba09e053a59cd8a5e4585b20b5d43,3,candidate,native,3,1.838272645,2000000,64,65536,8,7,False
unbounded,int-array-bulk-entry-distinct-w64-r2000000-d65536-n8-e7,5d96db2a82c210f9b80e5698932737a6d54ba09e053a59cd8a5e4585b20b5d43,3,candidate,native,4,1.843952864,2000000,64,65536,8,7,False
unbounded,int-array-bulk-entry-distinct-w64-r2000000-d8-n8-e7,5d96db2a82c210f9b80e5698932737a6d54ba09e053a59cd8a5e4585b20b5d43,0,candidate,flink,0,2.680011873,2000000,64,8,8,7,False
unbounded,int-array-bulk-entry-distinct-w64-r2000000-d8-n8-e7,5d96db2a82c210f9b80e5698932737a6d54ba09e053a59cd8a5e4585b20b5d43,0,candidate,flink,1,2.710269545,2000000,64,8,8,7,False
unbounded,int-array-bulk-entry-distinct-w64-r2000000-d8-n8-e7,5d96db2a82c210f9b80e5698932737a6d54ba09e053a59cd8a5e4585b20b5d43,0,candidate,flink,2,2.677458794,2000000,64,8,8,7,False
unbounded,int-array-bulk-entry-distinct-w64-r2000000-d8-n8-e7,5d96db2a82c210f9b80e5698932737a6d54ba09e053a59cd8a5e4585b20b5d43,0,candidate,flink,3,2.803029612,2000000,64,8,8,7,False
unbounded,int-array-bulk-entry-distinct-w64-r2000000-d8-n8-e7,5d96db2a82c210f9b80e5698932737a6d54ba09e053a59cd8a5e4585b20b5d43,0,candidate,flink,4,2.706728825,2000000,64,8,8,7,False
unbounded,int-array-bulk-entry-distinct-w64-r2000000-d8-n8-e7,5d96db2a82c210f9b80e5698932737a6d54ba09e053a59cd8a5e4585b20b5d43,0,candidate,native,0,1.17708429,2000000,64,8,8,7,False
unbounded,int-array-bulk-entry-distinct-w64-r2000000-d8-n8-e7,5d96db2a82c210f9b80e5698932737a6d54ba09e053a59cd8a5e4585b20b5d43,0,candidate,native,1,1.147215954,2000000,64,8,8,7,False
unbounded,int-array-bulk-entry-distinct-w64-r2000000-d8-n8-e7,5d96db2a82c210f9b80e5698932737a6d54ba09e053a59cd8a5e4585b20b5d43,0,candidate,native,2,1.126744482,2000000,64,8,8,7,False
unbounded,int-array-bulk-entry-distinct-w64-r2000000-d8-n8-e7,5d96db2a82c210f9b80e5698932737a6d54ba09e053a59cd8a5e4585b20b5d43,0,candidate,native,3,1.142601829,2000000,64,8,8,7,False
unbounded,int-array-bulk-entry-distinct-w64-r2000000-d8-n8-e7,5d96db2a82c210f9b80e5698932737a6d54ba09e053a59cd8a5e4585b20b5d43,0,candidate,native,4,1.128771937,2000000,64,8,8,7,False
unbounded,int-array-bulk-entry-distinct-w64-r2000000-d8-n8-e7,5d96db2a82c210f9b80e5698932737a6d54ba09e053a59cd8a5e4585b20b5d43,1,original,flink,0,2.623645427,2000000,64,8,8,7,False
unbounded,int-array-bulk-entry-distinct-w64-r2000000-d8-n8-e7,5d96db2a82c210f9b80e5698932737a6d54ba09e053a59cd8a5e4585b20b5d43,1,original,flink,1,2.640439956,2000000,64,8,8,7,False
unbounded,int-array-bulk-entry-distinct-w64-r2000000-d8-n8-e7,5d96db2a82c210f9b80e5698932737a6d54ba09e053a59cd8a5e4585b20b5d43,1,original,flink,2,2.618285201,2000000,64,8,8,7,False
unbounded,int-array-bulk-entry-distinct-w64-r2000000-d8-n8-e7,5d96db2a82c210f9b80e5698932737a6d54ba09e053a59cd8a5e4585b20b5d43,1,original,flink,3,2.695332251,2000000,64,8,8,7,False
unbounded,int-array-bulk-entry-distinct-w64-r2000000-d8-n8-e7,5d96db2a82c210f9b80e5698932737a6d54ba09e053a59cd8a5e4585b20b5d43,1,original,flink,4,2.693013686,2000000,64,8,8,7,False
unbounded,int-array-bulk-entry-distinct-w64-r2000000-d8-n8-e7,5d96db2a82c210f9b80e5698932737a6d54ba09e053a59cd8a5e4585b20b5d43,1,original,previous_native_distinct,0,1.276165514,2000000,64,8,8,7,False
unbounded,int-array-bulk-entry-distinct-w64-r2000000-d8-n8-e7,5d96db2a82c210f9b80e5698932737a6d54ba09e053a59cd8a5e4585b20b5d43,1,original,previous_native_distinct,1,1.243200878,2000000,64,8,8,7,False
unbounded,int-array-bulk-entry-distinct-w64-r2000000-d8-n8-e7,5d96db2a82c210f9b80e5698932737a6d54ba09e053a59cd8a5e4585b20b5d43,1,original,previous_native_distinct,2,1.234658404,2000000,64,8,8,7,False
unbounded,int-array-bulk-entry-distinct-w64-r2000000-d8-n8-e7,5d96db2a82c210f9b80e5698932737a6d54ba09e053a59cd8a5e4585b20b5d43,1,original,previous_native_distinct,3,1.222305189,2000000,64,8,8,7,False
unbounded,int-array-bulk-entry-distinct-w64-r2000000-d8-n8-e7,5d96db2a82c210f9b80e5698932737a6d54ba09e053a59cd8a5e4585b20b5d43,1,original,previous_native_distinct,4,1.231220739,2000000,64,8,8,7,False
unbounded,int-array-bulk-entry-distinct-w64-r2000000-d8-n8-e7,5d96db2a82c210f9b80e5698932737a6d54ba09e053a59cd8a5e4585b20b5d43,2,original,flink,0,2.679507854,2000000,64,8,8,7,False
unbounded,int-array-bulk-entry-distinct-w64-r2000000-d8-n8-e7,5d96db2a82c210f9b80e5698932737a6d54ba09e053a59cd8a5e4585b20b5d43,2,original,flink,1,2.66821355,2000000,64,8,8,7,False
unbounded,int-array-bulk-entry-distinct-w64-r2000000-d8-n8-e7,5d96db2a82c210f9b80e5698932737a6d54ba09e053a59cd8a5e4585b20b5d43,2,original,flink,2,2.67542851,2000000,64,8,8,7,False
unbounded,int-array-bulk-entry-distinct-w64-r2000000-d8-n8-e7,5d96db2a82c210f9b80e5698932737a6d54ba09e053a59cd8a5e4585b20b5d43,2,original,flink,3,2.691183325,2000000,64,8,8,7,False
unbounded,int-array-bulk-entry-distinct-w64-r2000000-d8-n8-e7,5d96db2a82c210f9b80e5698932737a6d54ba09e053a59cd8a5e4585b20b5d43,2,original,flink,4,2.635216753,2000000,64,8,8,7,False
unbounded,int-array-bulk-entry-distinct-w64-r2000000-d8-n8-e7,5d96db2a82c210f9b80e5698932737a6d54ba09e053a59cd8a5e4585b20b5d43,2,original,previous_native_distinct,0,1.397195316,2000000,64,8,8,7,False
unbounded,int-array-bulk-entry-distinct-w64-r2000000-d8-n8-e7,5d96db2a82c210f9b80e5698932737a6d54ba09e053a59cd8a5e4585b20b5d43,2,original,previous_native_distinct,1,1.393021265,2000000,64,8,8,7,False
unbounded,int-array-bulk-entry-distinct-w64-r2000000-d8-n8-e7,5d96db2a82c210f9b80e5698932737a6d54ba09e053a59cd8a5e4585b20b5d43,2,original,previous_native_distinct,2,1.369143309,2000000,64,8,8,7,False
unbounded,int-array-bulk-entry-distinct-w64-r2000000-d8-n8-e7,5d96db2a82c210f9b80e5698932737a6d54ba09e053a59cd8a5e4585b20b5d43,2,original,previous_native_distinct,3,1.395909838,2000000,64,8,8,7,False
unbounded,int-array-bulk-entry-distinct-w64-r2000000-d8-n8-e7,5d96db2a82c210f9b80e5698932737a6d54ba09e053a59cd8a5e4585b20b5d43,2,original,previous_native_distinct,4,1.372415944,2000000,64,8,8,7,False
unbounded,int-array-bulk-entry-distinct-w64-r2000000-d8-n8-e7,5d96db2a82c210f9b80e5698932737a6d54ba09e053a59cd8a5e4585b20b5d43,3,candidate,flink,0,2.730567102,2000000,64,8,8,7,False
unbounded,int-array-bulk-entry-distinct-w64-r2000000-d8-n8-e7,5d96db2a82c210f9b80e5698932737a6d54ba09e053a59cd8a5e4585b20b5d43,3,candidate,flink,1,2.73585256,2000000,64,8,8,7,False
unbounded,int-array-bulk-entry-distinct-w64-r2000000-d8-n8-e7,5d96db2a82c210f9b80e5698932737a6d54ba09e053a59cd8a5e4585b20b5d43,3,candidate,flink,2,2.722348785,2000000,64,8,8,7,False
unbounded,int-array-bulk-entry-distinct-w64-r2000000-d8-n8-e7,5d96db2a82c210f9b80e5698932737a6d54ba09e053a59cd8a5e4585b20b5d43,3,candidate,flink,3,2.749652512,2000000,64,8,8,7,False
unbounded,int-array-bulk-entry-distinct-w64-r2000000-d8-n8-e7,5d96db2a82c210f9b80e5698932737a6d54ba09e053a59cd8a5e4585b20b5d43,3,candidate,flink,4,2.827079596,2000000,64,8,8,7,False
unbounded,int-array-bulk-entry-distinct-w64-r2000000-d8-n8-e7,5d96db2a82c210f9b80e5698932737a6d54ba09e053a59cd8a5e4585b20b5d43,3,candidate,native,0,1.184996631,2000000,64,8,8,7,False
unbounded,int-array-bulk-entry-distinct-w64-r2000000-d8-n8-e7,5d96db2a82c210f9b80e5698932737a6d54ba09e053a59cd8a5e4585b20b5d43,3,candidate,native,1,1.152147927,2000000,64,8,8,7,False
unbounded,int-array-bulk-entry-distinct-w64-r2000000-d8-n8-e7,5d96db2a82c210f9b80e5698932737a6d54ba09e053a59cd8a5e4585b20b5d43,3,candidate,native,2,1.148727427,2000000,64,8,8,7,False
unbounded,int-array-bulk-entry-distinct-w64-r2000000-d8-n8-e7,5d96db2a82c210f9b80e5698932737a6d54ba09e053a59cd8a5e4585b20b5d43,3,candidate,native,3,1.138047637,2000000,64,8,8,7,False
unbounded,int-array-bulk-entry-distinct-w64-r2000000-d8-n8-e7,5d96db2a82c210f9b80e5698932737a6d54ba09e053a59cd8a5e4585b20b5d43,3,candidate,native,4,1.14901573,2000000,64,8,8,7,False
unbounded,int-array-bulk-entry-distinct-w8-r10000000-d65536-n8-e7,5d96db2a82c210f9b80e5698932737a6d54ba09e053a59cd8a5e4585b20b5d43,0,candidate,flink,0,2.719750607,10000000,8,65536,8,7,False
unbounded,int-array-bulk-entry-distinct-w8-r10000000-d65536-n8-e7,5d96db2a82c210f9b80e5698932737a6d54ba09e053a59cd8a5e4585b20b5d43,0,candidate,flink,1,2.742853969,10000000,8,65536,8,7,False
unbounded,int-array-bulk-entry-distinct-w8-r10000000-d65536-n8-e7,5d96db2a82c210f9b80e5698932737a6d54ba09e053a59cd8a5e4585b20b5d43,0,candidate,flink,2,2.746967075,10000000,8,65536,8,7,False
unbounded,int-array-bulk-entry-distinct-w8-r10000000-d65536-n8-e7,5d96db2a82c210f9b80e5698932737a6d54ba09e053a59cd8a5e4585b20b5d43,0,candidate,flink,3,2.757705165,10000000,8,65536,8,7,False
unbounded,int-array-bulk-entry-distinct-w8-r10000000-d65536-n8-e7,5d96db2a82c210f9b80e5698932737a6d54ba09e053a59cd8a5e4585b20b5d43,0,candidate,flink,4,2.796329087,10000000,8,65536,8,7,False
unbounded,int-array-bulk-entry-distinct-w8-r10000000-d65536-n8-e7,5d96db2a82c210f9b80e5698932737a6d54ba09e053a59cd8a5e4585b20b5d43,0,candidate,native,0,2.064432809,10000000,8,65536,8,7,False
unbounded,int-array-bulk-entry-distinct-w8-r10000000-d65536-n8-e7,5d96db2a82c210f9b80e5698932737a6d54ba09e053a59cd8a5e4585b20b5d43,0,candidate,native,1,2.075853157,10000000,8,65536,8,7,False
unbounded,int-array-bulk-entry-distinct-w8-r10000000-d65536-n8-e7,5d96db2a82c210f9b80e5698932737a6d54ba09e053a59cd8a5e4585b20b5d43,0,candidate,native,2,2.072337162,10000000,8,65536,8,7,False
unbounded,int-array-bulk-entry-distinct-w8-r10000000-d65536-n8-e7,5d96db2a82c210f9b80e5698932737a6d54ba09e053a59cd8a5e4585b20b5d43,0,candidate,native,3,2.069562252,10000000,8,65536,8,7,False
unbounded,int-array-bulk-entry-distinct-w8-r10000000-d65536-n8-e7,5d96db2a82c210f9b80e5698932737a6d54ba09e053a59cd8a5e4585b20b5d43,0,candidate,native,4,2.084140403,10000000,8,65536,8,7,False
unbounded,int-array-bulk-entry-distinct-w8-r10000000-d65536-n8-e7,5d96db2a82c210f9b80e5698932737a6d54ba09e053a59cd8a5e4585b20b5d43,1,original,flink,0,2.733528474,10000000,8,65536,8,7,False
unbounded,int-array-bulk-entry-distinct-w8-r10000000-d65536-n8-e7,5d96db2a82c210f9b80e5698932737a6d54ba09e053a59cd8a5e4585b20b5d43,1,original,flink,1,2.672559144,10000000,8,65536,8,7,False
unbounded,int-array-bulk-entry-distinct-w8-r10000000-d65536-n8-e7,5d96db2a82c210f9b80e5698932737a6d54ba09e053a59cd8a5e4585b20b5d43,1,original,flink,2,2.749773927,10000000,8,65536,8,7,False
unbounded,int-array-bulk-entry-distinct-w8-r10000000-d65536-n8-e7,5d96db2a82c210f9b80e5698932737a6d54ba09e053a59cd8a5e4585b20b5d43,1,original,flink,3,2.784902335,10000000,8,65536,8,7,False
unbounded,int-array-bulk-entry-distinct-w8-r10000000-d65536-n8-e7,5d96db2a82c210f9b80e5698932737a6d54ba09e053a59cd8a5e4585b20b5d43,1,original,flink,4,2.716856345,10000000,8,65536,8,7,False
unbounded,int-array-bulk-entry-distinct-w8-r10000000-d65536-n8-e7,5d96db2a82c210f9b80e5698932737a6d54ba09e053a59cd8a5e4585b20b5d43,1,original,previous_native_distinct,0,2.126380603,10000000,8,65536,8,7,False
unbounded,int-array-bulk-entry-distinct-w8-r10000000-d65536-n8-e7,5d96db2a82c210f9b80e5698932737a6d54ba09e053a59cd8a5e4585b20b5d43,1,original,previous_native_distinct,1,2.117658643,10000000,8,65536,8,7,False
unbounded,int-array-bulk-entry-distinct-w8-r10000000-d65536-n8-e7,5d96db2a82c210f9b80e5698932737a6d54ba09e053a59cd8a5e4585b20b5d43,1,original,previous_native_distinct,2,2.145514337,10000000,8,65536,8,7,False
unbounded,int-array-bulk-entry-distinct-w8-r10000000-d65536-n8-e7,5d96db2a82c210f9b80e5698932737a6d54ba09e053a59cd8a5e4585b20b5d43,1,original,previous_native_distinct,3,2.136900825,10000000,8,65536,8,7,False
unbounded,int-array-bulk-entry-distinct-w8-r10000000-d65536-n8-e7,5d96db2a82c210f9b80e5698932737a6d54ba09e053a59cd8a5e4585b20b5d43,1,original,previous_native_distinct,4,2.115871338,10000000,8,65536,8,7,False
unbounded,int-array-bulk-entry-distinct-w8-r10000000-d65536-n8-e7,5d96db2a82c210f9b80e5698932737a6d54ba09e053a59cd8a5e4585b20b5d43,2,original,flink,0,2.795291398,10000000,8,65536,8,7,False
unbounded,int-array-bulk-entry-distinct-w8-r10000000-d65536-n8-e7,5d96db2a82c210f9b80e5698932737a6d54ba09e053a59cd8a5e4585b20b5d43,2,original,flink,1,2.749647637,10000000,8,65536,8,7,False
unbounded,int-array-bulk-entry-distinct-w8-r10000000-d65536-n8-e7,5d96db2a82c210f9b80e5698932737a6d54ba09e053a59cd8a5e4585b20b5d43,2,original,flink,2,2.79679857,10000000,8,65536,8,7,False
unbounded,int-array-bulk-entry-distinct-w8-r10000000-d65536-n8-e7,5d96db2a82c210f9b80e5698932737a6d54ba09e053a59cd8a5e4585b20b5d43,2,original,flink,3,2.813813106,10000000,8,65536,8,7,False
unbounded,int-array-bulk-entry-distinct-w8-r10000000-d65536-n8-e7,5d96db2a82c210f9b80e5698932737a6d54ba09e053a59cd8a5e4585b20b5d43,2,original,flink,4,2.856171952,10000000,8,65536,8,7,False
unbounded,int-array-bulk-entry-distinct-w8-r10000000-d65536-n8-e7,5d96db2a82c210f9b80e5698932737a6d54ba09e053a59cd8a5e4585b20b5d43,2,original,previous_native_distinct,0,2.125847392,10000000,8,65536,8,7,False
unbounded,int-array-bulk-entry-distinct-w8-r10000000-d65536-n8-e7,5d96db2a82c210f9b80e5698932737a6d54ba09e053a59cd8a5e4585b20b5d43,2,original,previous_native_distinct,1,2.12215432,10000000,8,65536,8,7,False
unbounded,int-array-bulk-entry-distinct-w8-r10000000-d65536-n8-e7,5d96db2a82c210f9b80e5698932737a6d54ba09e053a59cd8a5e4585b20b5d43,2,original,previous_native_distinct,2,2.107817191,10000000,8,65536,8,7,False
unbounded,int-array-bulk-entry-distinct-w8-r10000000-d65536-n8-e7,5d96db2a82c210f9b80e5698932737a6d54ba09e053a59cd8a5e4585b20b5d43,2,original,previous_native_distinct,3,2.109042819,10000000,8,65536,8,7,False
unbounded,int-array-bulk-entry-distinct-w8-r10000000-d65536-n8-e7,5d96db2a82c210f9b80e5698932737a6d54ba09e053a59cd8a5e4585b20b5d43,2,original,previous_native_distinct,4,2.096206221,10000000,8,65536,8,7,False
unbounded,int-array-bulk-entry-distinct-w8-r10000000-d65536-n8-e7,5d96db2a82c210f9b80e5698932737a6d54ba09e053a59cd8a5e4585b20b5d43,3,candidate,flink,0,2.785782829,10000000,8,65536,8,7,False
unbounded,int-array-bulk-entry-distinct-w8-r10000000-d65536-n8-e7,5d96db2a82c210f9b80e5698932737a6d54ba09e053a59cd8a5e4585b20b5d43,3,candidate,flink,1,2.729106859,10000000,8,65536,8,7,False
unbounded,int-array-bulk-entry-distinct-w8-r10000000-d65536-n8-e7,5d96db2a82c210f9b80e5698932737a6d54ba09e053a59cd8a5e4585b20b5d43,3,candidate,flink,2,2.705517895,10000000,8,65536,8,7,False
unbounded,int-array-bulk-entry-distinct-w8-r10000000-d65536-n8-e7,5d96db2a82c210f9b80e5698932737a6d54ba09e053a59cd8a5e4585b20b5d43,3,candidate,flink,3,2.759535802,10000000,8,65536,8,7,False
unbounded,int-array-bulk-entry-distinct-w8-r10000000-d65536-n8-e7,5d96db2a82c210f9b80e5698932737a6d54ba09e053a59cd8a5e4585b20b5d43,3,candidate,flink,4,2.735073918,10000000,8,65536,8,7,False
unbounded,int-array-bulk-entry-distinct-w8-r10000000-d65536-n8-e7,5d96db2a82c210f9b80e5698932737a6d54ba09e053a59cd8a5e4585b20b5d43,3,candidate,native,0,2.046310664,10000000,8,65536,8,7,False
unbounded,int-array-bulk-entry-distinct-w8-r10000000-d65536-n8-e7,5d96db2a82c210f9b80e5698932737a6d54ba09e053a59cd8a5e4585b20b5d43,3,candidate,native,1,2.05669444,10000000,8,65536,8,7,False
unbounded,int-array-bulk-entry-distinct-w8-r10000000-d65536-n8-e7,5d96db2a82c210f9b80e5698932737a6d54ba09e053a59cd8a5e4585b20b5d43,3,candidate,native,2,2.036496569,10000000,8,65536,8,7,False
unbounded,int-array-bulk-entry-distinct-w8-r10000000-d65536-n8-e7,5d96db2a82c210f9b80e5698932737a6d54ba09e053a59cd8a5e4585b20b5d43,3,candidate,native,3,2.036290695,10000000,8,65536,8,7,False
unbounded,int-array-bulk-entry-distinct-w8-r10000000-d65536-n8-e7,5d96db2a82c210f9b80e5698932737a6d54ba09e053a59cd8a5e4585b20b5d43,3,candidate,native,4,2.027172181,10000000,8,65536,8,7,False
bounded-experimental-library,int-array-bounded-bulk-distinct-w1-r10000000-d65536-n0-e0,5d96db2a82c210f9b80e5698932737a6d54ba09e053a59cd8a5e4585b20b5d43,0,candidate,flink,0,1.578341427,10000000,1,65536,0,0,False
bounded-experimental-library,int-array-bounded-bulk-distinct-w1-r10000000-d65536-n0-e0,5d96db2a82c210f9b80e5698932737a6d54ba09e053a59cd8a5e4585b20b5d43,0,candidate,flink,1,1.549991897,10000000,1,65536,0,0,False
bounded-experimental-library,int-array-bounded-bulk-distinct-w1-r10000000-d65536-n0-e0,5d96db2a82c210f9b80e5698932737a6d54ba09e053a59cd8a5e4585b20b5d43,0,candidate,flink,2,1.65518561,10000000,1,65536,0,0,False
bounded-experimental-library,int-array-bounded-bulk-distinct-w1-r10000000-d65536-n0-e0,5d96db2a82c210f9b80e5698932737a6d54ba09e053a59cd8a5e4585b20b5d43,0,candidate,flink,3,1.551497825,10000000,1,65536,0,0,False
bounded-experimental-library,int-array-bounded-bulk-distinct-w1-r10000000-d65536-n0-e0,5d96db2a82c210f9b80e5698932737a6d54ba09e053a59cd8a5e4585b20b5d43,0,candidate,flink,4,1.546442196,10000000,1,65536,0,0,False
bounded-experimental-library,int-array-bounded-bulk-distinct-w1-r10000000-d65536-n0-e0,5d96db2a82c210f9b80e5698932737a6d54ba09e053a59cd8a5e4585b20b5d43,0,candidate,native,0,1.477924878,10000000,1,65536,0,0,False
bounded-experimental-library,int-array-bounded-bulk-distinct-w1-r10000000-d65536-n0-e0,5d96db2a82c210f9b80e5698932737a6d54ba09e053a59cd8a5e4585b20b5d43,0,candidate,native,1,1.457094635,10000000,1,65536,0,0,False
bounded-experimental-library,int-array-bounded-bulk-distinct-w1-r10000000-d65536-n0-e0,5d96db2a82c210f9b80e5698932737a6d54ba09e053a59cd8a5e4585b20b5d43,0,candidate,native,2,1.463069824,10000000,1,65536,0,0,False
bounded-experimental-library,int-array-bounded-bulk-distinct-w1-r10000000-d65536-n0-e0,5d96db2a82c210f9b80e5698932737a6d54ba09e053a59cd8a5e4585b20b5d43,0,candidate,native,3,1.470288461,10000000,1,65536,0,0,False
bounded-experimental-library,int-array-bounded-bulk-distinct-w1-r10000000-d65536-n0-e0,5d96db2a82c210f9b80e5698932737a6d54ba09e053a59cd8a5e4585b20b5d43,0,candidate,native,4,1.451913774,10000000,1,65536,0,0,False
bounded-experimental-library,int-array-bounded-bulk-distinct-w1-r10000000-d65536-n0-e0,5d96db2a82c210f9b80e5698932737a6d54ba09e053a59cd8a5e4585b20b5d43,1,original,flink,0,1.545483995,10000000,1,65536,0,0,False
bounded-experimental-library,int-array-bounded-bulk-distinct-w1-r10000000-d65536-n0-e0,5d96db2a82c210f9b80e5698932737a6d54ba09e053a59cd8a5e4585b20b5d43,1,original,flink,1,1.611306466,10000000,1,65536,0,0,False
bounded-experimental-library,int-array-bounded-bulk-distinct-w1-r10000000-d65536-n0-e0,5d96db2a82c210f9b80e5698932737a6d54ba09e053a59cd8a5e4585b20b5d43,1,original,flink,2,1.581333623,10000000,1,65536,0,0,False
bounded-experimental-library,int-array-bounded-bulk-distinct-w1-r10000000-d65536-n0-e0,5d96db2a82c210f9b80e5698932737a6d54ba09e053a59cd8a5e4585b20b5d43,1,original,flink,3,1.581822994,10000000,1,65536,0,0,False
bounded-experimental-library,int-array-bounded-bulk-distinct-w1-r10000000-d65536-n0-e0,5d96db2a82c210f9b80e5698932737a6d54ba09e053a59cd8a5e4585b20b5d43,1,original,flink,4,1.546835586,10000000,1,65536,0,0,False
bounded-experimental-library,int-array-bounded-bulk-distinct-w1-r10000000-d65536-n0-e0,5d96db2a82c210f9b80e5698932737a6d54ba09e053a59cd8a5e4585b20b5d43,1,original,previous_native_distinct,0,1.474962267,10000000,1,65536,0,0,False
bounded-experimental-library,int-array-bounded-bulk-distinct-w1-r10000000-d65536-n0-e0,5d96db2a82c210f9b80e5698932737a6d54ba09e053a59cd8a5e4585b20b5d43,1,original,previous_native_distinct,1,1.469541684,10000000,1,65536,0,0,False
bounded-experimental-library,int-array-bounded-bulk-distinct-w1-r10000000-d65536-n0-e0,5d96db2a82c210f9b80e5698932737a6d54ba09e053a59cd8a5e4585b20b5d43,1,original,previous_native_distinct,2,1.456242522,10000000,1,65536,0,0,False
bounded-experimental-library,int-array-bounded-bulk-distinct-w1-r10000000-d65536-n0-e0,5d96db2a82c210f9b80e5698932737a6d54ba09e053a59cd8a5e4585b20b5d43,1,original,previous_native_distinct,3,1.465083979,10000000,1,65536,0,0,False
bounded-experimental-library,int-array-bounded-bulk-distinct-w1-r10000000-d65536-n0-e0,5d96db2a82c210f9b80e5698932737a6d54ba09e053a59cd8a5e4585b20b5d43,1,original,previous_native_distinct,4,1.475359897,10000000,1,65536,0,0,False
bounded-experimental-library,int-array-bounded-bulk-distinct-w1-r10000000-d65536-n0-e0,5d96db2a82c210f9b80e5698932737a6d54ba09e053a59cd8a5e4585b20b5d43,2,original,flink,0,1.530807822,10000000,1,65536,0,0,False
bounded-experimental-library,int-array-bounded-bulk-distinct-w1-r10000000-d65536-n0-e0,5d96db2a82c210f9b80e5698932737a6d54ba09e053a59cd8a5e4585b20b5d43,2,original,flink,1,1.495488736,10000000,1,65536,0,0,False
bounded-experimental-library,int-array-bounded-bulk-distinct-w1-r10000000-d65536-n0-e0,5d96db2a82c210f9b80e5698932737a6d54ba09e053a59cd8a5e4585b20b5d43,2,original,flink,2,1.537372892,10000000,1,65536,0,0,False
bounded-experimental-library,int-array-bounded-bulk-distinct-w1-r10000000-d65536-n0-e0,5d96db2a82c210f9b80e5698932737a6d54ba09e053a59cd8a5e4585b20b5d43,2,original,flink,3,1.533434354,10000000,1,65536,0,0,False
bounded-experimental-library,int-array-bounded-bulk-distinct-w1-r10000000-d65536-n0-e0,5d96db2a82c210f9b80e5698932737a6d54ba09e053a59cd8a5e4585b20b5d43,2,original,flink,4,1.522324616,10000000,1,65536,0,0,False
bounded-experimental-library,int-array-bounded-bulk-distinct-w1-r10000000-d65536-n0-e0,5d96db2a82c210f9b80e5698932737a6d54ba09e053a59cd8a5e4585b20b5d43,2,original,previous_native_distinct,0,1.529044961,10000000,1,65536,0,0,False
bounded-experimental-library,int-array-bounded-bulk-distinct-w1-r10000000-d65536-n0-e0,5d96db2a82c210f9b80e5698932737a6d54ba09e053a59cd8a5e4585b20b5d43,2,original,previous_native_distinct,1,1.502340852,10000000,1,65536,0,0,False
bounded-experimental-library,int-array-bounded-bulk-distinct-w1-r10000000-d65536-n0-e0,5d96db2a82c210f9b80e5698932737a6d54ba09e053a59cd8a5e4585b20b5d43,2,original,previous_native_distinct,2,1.508744196,10000000,1,65536,0,0,False
bounded-experimental-library,int-array-bounded-bulk-distinct-w1-r10000000-d65536-n0-e0,5d96db2a82c210f9b80e5698932737a6d54ba09e053a59cd8a5e4585b20b5d43,2,original,previous_native_distinct,3,1.498477233,10000000,1,65536,0,0,False
bounded-experimental-library,int-array-bounded-bulk-distinct-w1-r10000000-d65536-n0-e0,5d96db2a82c210f9b80e5698932737a6d54ba09e053a59cd8a5e4585b20b5d43,2,original,previous_native_distinct,4,1.503963423,10000000,1,65536,0,0,False
bounded-experimental-library,int-array-bounded-bulk-distinct-w1-r10000000-d65536-n0-e0,5d96db2a82c210f9b80e5698932737a6d54ba09e053a59cd8a5e4585b20b5d43,3,candidate,flink,0,1.538280896,10000000,1,65536,0,0,False
bounded-experimental-library,int-array-bounded-bulk-distinct-w1-r10000000-d65536-n0-e0,5d96db2a82c210f9b80e5698932737a6d54ba09e053a59cd8a5e4585b20b5d43,3,candidate,flink,1,1.552763434,10000000,1,65536,0,0,False
bounded-experimental-library,int-array-bounded-bulk-distinct-w1-r10000000-d65536-n0-e0,5d96db2a82c210f9b80e5698932737a6d54ba09e053a59cd8a5e4585b20b5d43,3,candidate,flink,2,1.530483165,10000000,1,65536,0,0,False
bounded-experimental-library,int-array-bounded-bulk-distinct-w1-r10000000-d65536-n0-e0,5d96db2a82c210f9b80e5698932737a6d54ba09e053a59cd8a5e4585b20b5d43,3,candidate,flink,3,1.542261652,10000000,1,65536,0,0,False
bounded-experimental-library,int-array-bounded-bulk-distinct-w1-r10000000-d65536-n0-e0,5d96db2a82c210f9b80e5698932737a6d54ba09e053a59cd8a5e4585b20b5d43,3,candidate,flink,4,1.503240439,10000000,1,65536,0,0,False
bounded-experimental-library,int-array-bounded-bulk-distinct-w1-r10000000-d65536-n0-e0,5d96db2a82c210f9b80e5698932737a6d54ba09e053a59cd8a5e4585b20b5d43,3,candidate,native,0,1.486320661,10000000,1,65536,0,0,False
bounded-experimental-library,int-array-bounded-bulk-distinct-w1-r10000000-d65536-n0-e0,5d96db2a82c210f9b80e5698932737a6d54ba09e053a59cd8a5e4585b20b5d43,3,candidate,native,1,1.473259394,10000000,1,65536,0,0,False
bounded-experimental-library,int-array-bounded-bulk-distinct-w1-r10000000-d65536-n0-e0,5d96db2a82c210f9b80e5698932737a6d54ba09e053a59cd8a5e4585b20b5d43,3,candidate,native,2,1.479957674,10000000,1,65536,0,0,False
bounded-experimental-library,int-array-bounded-bulk-distinct-w1-r10000000-d65536-n0-e0,5d96db2a82c210f9b80e5698932737a6d54ba09e053a59cd8a5e4585b20b5d43,3,candidate,native,3,1.463348533,10000000,1,65536,0,0,False
bounded-experimental-library,int-array-bounded-bulk-distinct-w1-r10000000-d65536-n0-e0,5d96db2a82c210f9b80e5698932737a6d54ba09e053a59cd8a5e4585b20b5d43,3,candidate,native,4,1.456009558,10000000,1,65536,0,0,False
bounded-experimental-library,int-array-bounded-bulk-distinct-w64-r2000000-d65536-n8-e7,5d96db2a82c210f9b80e5698932737a6d54ba09e053a59cd8a5e4585b20b5d43,0,candidate,flink,0,9.154693674,2000000,64,65536,8,7,False
bounded-experimental-library,int-array-bounded-bulk-distinct-w64-r2000000-d65536-n8-e7,5d96db2a82c210f9b80e5698932737a6d54ba09e053a59cd8a5e4585b20b5d43,0,candidate,flink,1,9.308895593,2000000,64,65536,8,7,False
bounded-experimental-library,int-array-bounded-bulk-distinct-w64-r2000000-d65536-n8-e7,5d96db2a82c210f9b80e5698932737a6d54ba09e053a59cd8a5e4585b20b5d43,0,candidate,flink,2,9.11378651,2000000,64,65536,8,7,False
bounded-experimental-library,int-array-bounded-bulk-distinct-w64-r2000000-d65536-n8-e7,5d96db2a82c210f9b80e5698932737a6d54ba09e053a59cd8a5e4585b20b5d43,0,candidate,flink,3,9.164466928,2000000,64,65536,8,7,False
bounded-experimental-library,int-array-bounded-bulk-distinct-w64-r2000000-d65536-n8-e7,5d96db2a82c210f9b80e5698932737a6d54ba09e053a59cd8a5e4585b20b5d43,0,candidate,flink,4,9.133021007,2000000,64,65536,8,7,False
bounded-experimental-library,int-array-bounded-bulk-distinct-w64-r2000000-d65536-n8-e7,5d96db2a82c210f9b80e5698932737a6d54ba09e053a59cd8a5e4585b20b5d43,0,candidate,native,0,1.87590645,2000000,64,65536,8,7,False
bounded-experimental-library,int-array-bounded-bulk-distinct-w64-r2000000-d65536-n8-e7,5d96db2a82c210f9b80e5698932737a6d54ba09e053a59cd8a5e4585b20b5d43,0,candidate,native,1,1.845562148,2000000,64,65536,8,7,False
bounded-experimental-library,int-array-bounded-bulk-distinct-w64-r2000000-d65536-n8-e7,5d96db2a82c210f9b80e5698932737a6d54ba09e053a59cd8a5e4585b20b5d43,0,candidate,native,2,1.825749866,2000000,64,65536,8,7,False
bounded-experimental-library,int-array-bounded-bulk-distinct-w64-r2000000-d65536-n8-e7,5d96db2a82c210f9b80e5698932737a6d54ba09e053a59cd8a5e4585b20b5d43,0,candidate,native,3,1.834768973,2000000,64,65536,8,7,False
bounded-experimental-library,int-array-bounded-bulk-distinct-w64-r2000000-d65536-n8-e7,5d96db2a82c210f9b80e5698932737a6d54ba09e053a59cd8a5e4585b20b5d43,0,candidate,native,4,1.822297378,2000000,64,65536,8,7,False
bounded-experimental-library,int-array-bounded-bulk-distinct-w64-r2000000-d65536-n8-e7,5d96db2a82c210f9b80e5698932737a6d54ba09e053a59cd8a5e4585b20b5d43,1,original,flink,0,9.170502068,2000000,64,65536,8,7,False
bounded-experimental-library,int-array-bounded-bulk-distinct-w64-r2000000-d65536-n8-e7,5d96db2a82c210f9b80e5698932737a6d54ba09e053a59cd8a5e4585b20b5d43,1,original,flink,1,9.309585175,2000000,64,65536,8,7,False
bounded-experimental-library,int-array-bounded-bulk-distinct-w64-r2000000-d65536-n8-e7,5d96db2a82c210f9b80e5698932737a6d54ba09e053a59cd8a5e4585b20b5d43,1,original,flink,2,9.201510928,2000000,64,65536,8,7,False
bounded-experimental-library,int-array-bounded-bulk-distinct-w64-r2000000-d65536-n8-e7,5d96db2a82c210f9b80e5698932737a6d54ba09e053a59cd8a5e4585b20b5d43,1,original,flink,3,9.174157477,2000000,64,65536,8,7,False
bounded-experimental-library,int-array-bounded-bulk-distinct-w64-r2000000-d65536-n8-e7,5d96db2a82c210f9b80e5698932737a6d54ba09e053a59cd8a5e4585b20b5d43,1,original,flink,4,9.209799726,2000000,64,65536,8,7,False
bounded-experimental-library,int-array-bounded-bulk-distinct-w64-r2000000-d65536-n8-e7,5d96db2a82c210f9b80e5698932737a6d54ba09e053a59cd8a5e4585b20b5d43,1,original,previous_native_distinct,0,1.997389245,2000000,64,65536,8,7,False
bounded-experimental-library,int-array-bounded-bulk-distinct-w64-r2000000-d65536-n8-e7,5d96db2a82c210f9b80e5698932737a6d54ba09e053a59cd8a5e4585b20b5d43,1,original,previous_native_distinct,1,1.98469459,2000000,64,65536,8,7,False
bounded-experimental-library,int-array-bounded-bulk-distinct-w64-r2000000-d65536-n8-e7,5d96db2a82c210f9b80e5698932737a6d54ba09e053a59cd8a5e4585b20b5d43,1,original,previous_native_distinct,2,1.960204502,2000000,64,65536,8,7,False
bounded-experimental-library,int-array-bounded-bulk-distinct-w64-r2000000-d65536-n8-e7,5d96db2a82c210f9b80e5698932737a6d54ba09e053a59cd8a5e4585b20b5d43,1,original,previous_native_distinct,3,1.964982877,2000000,64,65536,8,7,False
bounded-experimental-library,int-array-bounded-bulk-distinct-w64-r2000000-d65536-n8-e7,5d96db2a82c210f9b80e5698932737a6d54ba09e053a59cd8a5e4585b20b5d43,1,original,previous_native_distinct,4,1.964769917,2000000,64,65536,8,7,False
bounded-experimental-library,int-array-bounded-bulk-distinct-w64-r2000000-d65536-n8-e7,5d96db2a82c210f9b80e5698932737a6d54ba09e053a59cd8a5e4585b20b5d43,2,original,flink,0,9.199518605,2000000,64,65536,8,7,False
bounded-experimental-library,int-array-bounded-bulk-distinct-w64-r2000000-d65536-n8-e7,5d96db2a82c210f9b80e5698932737a6d54ba09e053a59cd8a5e4585b20b5d43,2,original,flink,1,9.259448763,2000000,64,65536,8,7,False
bounded-experimental-library,int-array-bounded-bulk-distinct-w64-r2000000-d65536-n8-e7,5d96db2a82c210f9b80e5698932737a6d54ba09e053a59cd8a5e4585b20b5d43,2,original,flink,2,9.18288212,2000000,64,65536,8,7,False
bounded-experimental-library,int-array-bounded-bulk-distinct-w64-r2000000-d65536-n8-e7,5d96db2a82c210f9b80e5698932737a6d54ba09e053a59cd8a5e4585b20b5d43,2,original,flink,3,9.216606426,2000000,64,65536,8,7,False
bounded-experimental-library,int-array-bounded-bulk-distinct-w64-r2000000-d65536-n8-e7,5d96db2a82c210f9b80e5698932737a6d54ba09e053a59cd8a5e4585b20b5d43,2,original,flink,4,9.208119673,2000000,64,65536,8,7,False
bounded-experimental-library,int-array-bounded-bulk-distinct-w64-r2000000-d65536-n8-e7,5d96db2a82c210f9b80e5698932737a6d54ba09e053a59cd8a5e4585b20b5d43,2,original,previous_native_distinct,0,2.014022583,2000000,64,65536,8,7,False
bounded-experimental-library,int-array-bounded-bulk-distinct-w64-r2000000-d65536-n8-e7,5d96db2a82c210f9b80e5698932737a6d54ba09e053a59cd8a5e4585b20b5d43,2,original,previous_native_distinct,1,1.964355458,2000000,64,65536,8,7,False
bounded-experimental-library,int-array-bounded-bulk-distinct-w64-r2000000-d65536-n8-e7,5d96db2a82c210f9b80e5698932737a6d54ba09e053a59cd8a5e4585b20b5d43,2,original,previous_native_distinct,2,1.960984168,2000000,64,65536,8,7,False
bounded-experimental-library,int-array-bounded-bulk-distinct-w64-r2000000-d65536-n8-e7,5d96db2a82c210f9b80e5698932737a6d54ba09e053a59cd8a5e4585b20b5d43,2,original,previous_native_distinct,3,1.975565233,2000000,64,65536,8,7,False
bounded-experimental-library,int-array-bounded-bulk-distinct-w64-r2000000-d65536-n8-e7,5d96db2a82c210f9b80e5698932737a6d54ba09e053a59cd8a5e4585b20b5d43,2,original,previous_native_distinct,4,1.964087009,2000000,64,65536,8,7,False
bounded-experimental-library,int-array-bounded-bulk-distinct-w64-r2000000-d65536-n8-e7,5d96db2a82c210f9b80e5698932737a6d54ba09e053a59cd8a5e4585b20b5d43,3,candidate,flink,0,9.279490997,2000000,64,65536,8,7,False
bounded-experimental-library,int-array-bounded-bulk-distinct-w64-r2000000-d65536-n8-e7,5d96db2a82c210f9b80e5698932737a6d54ba09e053a59cd8a5e4585b20b5d43,3,candidate,flink,1,9.134277522,2000000,64,65536,8,7,False
bounded-experimental-library,int-array-bounded-bulk-distinct-w64-r2000000-d65536-n8-e7,5d96db2a82c210f9b80e5698932737a6d54ba09e053a59cd8a5e4585b20b5d43,3,candidate,flink,2,9.16575365,2000000,64,65536,8,7,False
bounded-experimental-library,int-array-bounded-bulk-distinct-w64-r2000000-d65536-n8-e7,5d96db2a82c210f9b80e5698932737a6d54ba09e053a59cd8a5e4585b20b5d43,3,candidate,flink,3,9.12101013,2000000,64,65536,8,7,False
bounded-experimental-library,int-array-bounded-bulk-distinct-w64-r2000000-d65536-n8-e7,5d96db2a82c210f9b80e5698932737a6d54ba09e053a59cd8a5e4585b20b5d43,3,candidate,flink,4,9.185051973,2000000,64,65536,8,7,False
bounded-experimental-library,int-array-bounded-bulk-distinct-w64-r2000000-d65536-n8-e7,5d96db2a82c210f9b80e5698932737a6d54ba09e053a59cd8a5e4585b20b5d43,3,candidate,native,0,1.861999568,2000000,64,65536,8,7,False
bounded-experimental-library,int-array-bounded-bulk-distinct-w64-r2000000-d65536-n8-e7,5d96db2a82c210f9b80e5698932737a6d54ba09e053a59cd8a5e4585b20b5d43,3,candidate,native,1,1.85308881,2000000,64,65536,8,7,False
bounded-experimental-library,int-array-bounded-bulk-distinct-w64-r2000000-d65536-n8-e7,5d96db2a82c210f9b80e5698932737a6d54ba09e053a59cd8a5e4585b20b5d43,3,candidate,native,2,1.842238605,2000000,64,65536,8,7,False
bounded-experimental-library,int-array-bounded-bulk-distinct-w64-r2000000-d65536-n8-e7,5d96db2a82c210f9b80e5698932737a6d54ba09e053a59cd8a5e4585b20b5d43,3,candidate,native,3,1.826760434,2000000,64,65536,8,7,False
bounded-experimental-library,int-array-bounded-bulk-distinct-w64-r2000000-d65536-n8-e7,5d96db2a82c210f9b80e5698932737a6d54ba09e053a59cd8a5e4585b20b5d43,3,candidate,native,4,1.830220991,2000000,64,65536,8,7,False
bounded-experimental-library,int-array-bounded-bulk-distinct-w64-r2000000-d8-n8-e7,5d96db2a82c210f9b80e5698932737a6d54ba09e053a59cd8a5e4585b20b5d43,0,candidate,flink,0,2.693053394,2000000,64,8,8,7,False
bounded-experimental-library,int-array-bounded-bulk-distinct-w64-r2000000-d8-n8-e7,5d96db2a82c210f9b80e5698932737a6d54ba09e053a59cd8a5e4585b20b5d43,0,candidate,flink,1,2.703577952,2000000,64,8,8,7,False
bounded-experimental-library,int-array-bounded-bulk-distinct-w64-r2000000-d8-n8-e7,5d96db2a82c210f9b80e5698932737a6d54ba09e053a59cd8a5e4585b20b5d43,0,candidate,flink,2,2.731424127,2000000,64,8,8,7,False
bounded-experimental-library,int-array-bounded-bulk-distinct-w64-r2000000-d8-n8-e7,5d96db2a82c210f9b80e5698932737a6d54ba09e053a59cd8a5e4585b20b5d43,0,candidate,flink,3,2.715633244,2000000,64,8,8,7,False
bounded-experimental-library,int-array-bounded-bulk-distinct-w64-r2000000-d8-n8-e7,5d96db2a82c210f9b80e5698932737a6d54ba09e053a59cd8a5e4585b20b5d43,0,candidate,flink,4,2.688650471,2000000,64,8,8,7,False
bounded-experimental-library,int-array-bounded-bulk-distinct-w64-r2000000-d8-n8-e7,5d96db2a82c210f9b80e5698932737a6d54ba09e053a59cd8a5e4585b20b5d43,0,candidate,native,0,1.177385451,2000000,64,8,8,7,False
bounded-experimental-library,int-array-bounded-bulk-distinct-w64-r2000000-d8-n8-e7,5d96db2a82c210f9b80e5698932737a6d54ba09e053a59cd8a5e4585b20b5d43,0,candidate,native,1,1.150020999,2000000,64,8,8,7,False
bounded-experimental-library,int-array-bounded-bulk-distinct-w64-r2000000-d8-n8-e7,5d96db2a82c210f9b80e5698932737a6d54ba09e053a59cd8a5e4585b20b5d43,0,candidate,native,2,1.132091585,2000000,64,8,8,7,False
bounded-experimental-library,int-array-bounded-bulk-distinct-w64-r2000000-d8-n8-e7,5d96db2a82c210f9b80e5698932737a6d54ba09e053a59cd8a5e4585b20b5d43,0,candidate,native,3,1.131861286,2000000,64,8,8,7,False
bounded-experimental-library,int-array-bounded-bulk-distinct-w64-r2000000-d8-n8-e7,5d96db2a82c210f9b80e5698932737a6d54ba09e053a59cd8a5e4585b20b5d43,0,candidate,native,4,1.129905405,2000000,64,8,8,7,False
bounded-experimental-library,int-array-bounded-bulk-distinct-w64-r2000000-d8-n8-e7,5d96db2a82c210f9b80e5698932737a6d54ba09e053a59cd8a5e4585b20b5d43,1,original,flink,0,2.670896028,2000000,64,8,8,7,False
bounded-experimental-library,int-array-bounded-bulk-distinct-w64-r2000000-d8-n8-e7,5d96db2a82c210f9b80e5698932737a6d54ba09e053a59cd8a5e4585b20b5d43,1,original,flink,1,2.720772078,2000000,64,8,8,7,False
bounded-experimental-library,int-array-bounded-bulk-distinct-w64-r2000000-d8-n8-e7,5d96db2a82c210f9b80e5698932737a6d54ba09e053a59cd8a5e4585b20b5d43,1,original,flink,2,2.669545898,2000000,64,8,8,7,False
bounded-experimental-library,int-array-bounded-bulk-distinct-w64-r2000000-d8-n8-e7,5d96db2a82c210f9b80e5698932737a6d54ba09e053a59cd8a5e4585b20b5d43,1,original,flink,3,2.640181501,2000000,64,8,8,7,False
bounded-experimental-library,int-array-bounded-bulk-distinct-w64-r2000000-d8-n8-e7,5d96db2a82c210f9b80e5698932737a6d54ba09e053a59cd8a5e4585b20b5d43,1,original,flink,4,2.634837236,2000000,64,8,8,7,False
bounded-experimental-library,int-array-bounded-bulk-distinct-w64-r2000000-d8-n8-e7,5d96db2a82c210f9b80e5698932737a6d54ba09e053a59cd8a5e4585b20b5d43,1,original,previous_native_distinct,0,1.364020955,2000000,64,8,8,7,False
bounded-experimental-library,int-array-bounded-bulk-distinct-w64-r2000000-d8-n8-e7,5d96db2a82c210f9b80e5698932737a6d54ba09e053a59cd8a5e4585b20b5d43,1,original,previous_native_distinct,1,1.350891339,2000000,64,8,8,7,False
bounded-experimental-library,int-array-bounded-bulk-distinct-w64-r2000000-d8-n8-e7,5d96db2a82c210f9b80e5698932737a6d54ba09e053a59cd8a5e4585b20b5d43,1,original,previous_native_distinct,2,1.338791286,2000000,64,8,8,7,False
bounded-experimental-library,int-array-bounded-bulk-distinct-w64-r2000000-d8-n8-e7,5d96db2a82c210f9b80e5698932737a6d54ba09e053a59cd8a5e4585b20b5d43,1,original,previous_native_distinct,3,1.316701913,2000000,64,8,8,7,False
bounded-experimental-library,int-array-bounded-bulk-distinct-w64-r2000000-d8-n8-e7,5d96db2a82c210f9b80e5698932737a6d54ba09e053a59cd8a5e4585b20b5d43,1,original,previous_native_distinct,4,1.326832064,2000000,64,8,8,7,False
bounded-experimental-library,int-array-bounded-bulk-distinct-w64-r2000000-d8-n8-e7,5d96db2a82c210f9b80e5698932737a6d54ba09e053a59cd8a5e4585b20b5d43,2,original,flink,0,2.709176858,2000000,64,8,8,7,False
bounded-experimental-library,int-array-bounded-bulk-distinct-w64-r2000000-d8-n8-e7,5d96db2a82c210f9b80e5698932737a6d54ba09e053a59cd8a5e4585b20b5d43,2,original,flink,1,2.784647954,2000000,64,8,8,7,False
bounded-experimental-library,int-array-bounded-bulk-distinct-w64-r2000000-d8-n8-e7,5d96db2a82c210f9b80e5698932737a6d54ba09e053a59cd8a5e4585b20b5d43,2,original,flink,2,2.679053801,2000000,64,8,8,7,False
bounded-experimental-library,int-array-bounded-bulk-distinct-w64-r2000000-d8-n8-e7,5d96db2a82c210f9b80e5698932737a6d54ba09e053a59cd8a5e4585b20b5d43,2,original,flink,3,2.697956042,2000000,64,8,8,7,False
bounded-experimental-library,int-array-bounded-bulk-distinct-w64-r2000000-d8-n8-e7,5d96db2a82c210f9b80e5698932737a6d54ba09e053a59cd8a5e4585b20b5d43,2,original,flink,4,2.67648614,2000000,64,8,8,7,False
bounded-experimental-library,int-array-bounded-bulk-distinct-w64-r2000000-d8-n8-e7,5d96db2a82c210f9b80e5698932737a6d54ba09e053a59cd8a5e4585b20b5d43,2,original,previous_native_distinct,0,1.358582977,2000000,64,8,8,7,False
bounded-experimental-library,int-array-bounded-bulk-distinct-w64-r2000000-d8-n8-e7,5d96db2a82c210f9b80e5698932737a6d54ba09e053a59cd8a5e4585b20b5d43,2,original,previous_native_distinct,1,1.343894222,2000000,64,8,8,7,False
bounded-experimental-library,int-array-bounded-bulk-distinct-w64-r2000000-d8-n8-e7,5d96db2a82c210f9b80e5698932737a6d54ba09e053a59cd8a5e4585b20b5d43,2,original,previous_native_distinct,2,1.328127177,2000000,64,8,8,7,False
bounded-experimental-library,int-array-bounded-bulk-distinct-w64-r2000000-d8-n8-e7,5d96db2a82c210f9b80e5698932737a6d54ba09e053a59cd8a5e4585b20b5d43,2,original,previous_native_distinct,3,1.328016798,2000000,64,8,8,7,False
bounded-experimental-library,int-array-bounded-bulk-distinct-w64-r2000000-d8-n8-e7,5d96db2a82c210f9b80e5698932737a6d54ba09e053a59cd8a5e4585b20b5d43,2,original,previous_native_distinct,4,1.315087028,2000000,64,8,8,7,False
bounded-experimental-library,int-array-bounded-bulk-distinct-w64-r2000000-d8-n8-e7,5d96db2a82c210f9b80e5698932737a6d54ba09e053a59cd8a5e4585b20b5d43,3,candidate,flink,0,2.684044638,2000000,64,8,8,7,False
bounded-experimental-library,int-array-bounded-bulk-distinct-w64-r2000000-d8-n8-e7,5d96db2a82c210f9b80e5698932737a6d54ba09e053a59cd8a5e4585b20b5d43,3,candidate,flink,1,2.676106997,2000000,64,8,8,7,False
bounded-experimental-library,int-array-bounded-bulk-distinct-w64-r2000000-d8-n8-e7,5d96db2a82c210f9b80e5698932737a6d54ba09e053a59cd8a5e4585b20b5d43,3,candidate,flink,2,2.676740675,2000000,64,8,8,7,False
bounded-experimental-library,int-array-bounded-bulk-distinct-w64-r2000000-d8-n8-e7,5d96db2a82c210f9b80e5698932737a6d54ba09e053a59cd8a5e4585b20b5d43,3,candidate,flink,3,2.659374776,2000000,64,8,8,7,False
bounded-experimental-library,int-array-bounded-bulk-distinct-w64-r2000000-d8-n8-e7,5d96db2a82c210f9b80e5698932737a6d54ba09e053a59cd8a5e4585b20b5d43,3,candidate,flink,4,2.646061742,2000000,64,8,8,7,False
bounded-experimental-library,int-array-bounded-bulk-distinct-w64-r2000000-d8-n8-e7,5d96db2a82c210f9b80e5698932737a6d54ba09e053a59cd8a5e4585b20b5d43,3,candidate,native,0,1.158454401,2000000,64,8,8,7,False
bounded-experimental-library,int-array-bounded-bulk-distinct-w64-r2000000-d8-n8-e7,5d96db2a82c210f9b80e5698932737a6d54ba09e053a59cd8a5e4585b20b5d43,3,candidate,native,1,1.150356259,2000000,64,8,8,7,False
bounded-experimental-library,int-array-bounded-bulk-distinct-w64-r2000000-d8-n8-e7,5d96db2a82c210f9b80e5698932737a6d54ba09e053a59cd8a5e4585b20b5d43,3,candidate,native,2,1.141163515,2000000,64,8,8,7,False
bounded-experimental-library,int-array-bounded-bulk-distinct-w64-r2000000-d8-n8-e7,5d96db2a82c210f9b80e5698932737a6d54ba09e053a59cd8a5e4585b20b5d43,3,candidate,native,3,1.147142495,2000000,64,8,8,7,False
bounded-experimental-library,int-array-bounded-bulk-distinct-w64-r2000000-d8-n8-e7,5d96db2a82c210f9b80e5698932737a6d54ba09e053a59cd8a5e4585b20b5d43,3,candidate,native,4,1.126107,2000000,64,8,8,7,False
bounded-experimental-library,int-array-bounded-bulk-distinct-w8-r10000000-d65536-n8-e7,5d96db2a82c210f9b80e5698932737a6d54ba09e053a59cd8a5e4585b20b5d43,0,candidate,flink,0,2.736255116,10000000,8,65536,8,7,False
bounded-experimental-library,int-array-bounded-bulk-distinct-w8-r10000000-d65536-n8-e7,5d96db2a82c210f9b80e5698932737a6d54ba09e053a59cd8a5e4585b20b5d43,0,candidate,flink,1,2.701191223,10000000,8,65536,8,7,False
bounded-experimental-library,int-array-bounded-bulk-distinct-w8-r10000000-d65536-n8-e7,5d96db2a82c210f9b80e5698932737a6d54ba09e053a59cd8a5e4585b20b5d43,0,candidate,flink,2,2.684810476,10000000,8,65536,8,7,False
bounded-experimental-library,int-array-bounded-bulk-distinct-w8-r10000000-d65536-n8-e7,5d96db2a82c210f9b80e5698932737a6d54ba09e053a59cd8a5e4585b20b5d43,0,candidate,flink,3,2.70972404,10000000,8,65536,8,7,False
bounded-experimental-library,int-array-bounded-bulk-distinct-w8-r10000000-d65536-n8-e7,5d96db2a82c210f9b80e5698932737a6d54ba09e053a59cd8a5e4585b20b5d43,0,candidate,flink,4,2.810850781,10000000,8,65536,8,7,False
bounded-experimental-library,int-array-bounded-bulk-distinct-w8-r10000000-d65536-n8-e7,5d96db2a82c210f9b80e5698932737a6d54ba09e053a59cd8a5e4585b20b5d43,0,candidate,native,0,2.034658722,10000000,8,65536,8,7,False
bounded-experimental-library,int-array-bounded-bulk-distinct-w8-r10000000-d65536-n8-e7,5d96db2a82c210f9b80e5698932737a6d54ba09e053a59cd8a5e4585b20b5d43,0,candidate,native,1,2.029084468,10000000,8,65536,8,7,False
bounded-experimental-library,int-array-bounded-bulk-distinct-w8-r10000000-d65536-n8-e7,5d96db2a82c210f9b80e5698932737a6d54ba09e053a59cd8a5e4585b20b5d43,0,candidate,native,2,2.045737071,10000000,8,65536,8,7,False
bounded-experimental-library,int-array-bounded-bulk-distinct-w8-r10000000-d65536-n8-e7,5d96db2a82c210f9b80e5698932737a6d54ba09e053a59cd8a5e4585b20b5d43,0,candidate,native,3,2.027961103,10000000,8,65536,8,7,False
bounded-experimental-library,int-array-bounded-bulk-distinct-w8-r10000000-d65536-n8-e7,5d96db2a82c210f9b80e5698932737a6d54ba09e053a59cd8a5e4585b20b5d43,0,candidate,native,4,2.031187277,10000000,8,65536,8,7,False
bounded-experimental-library,int-array-bounded-bulk-distinct-w8-r10000000-d65536-n8-e7,5d96db2a82c210f9b80e5698932737a6d54ba09e053a59cd8a5e4585b20b5d43,1,original,flink,0,2.803399841,10000000,8,65536,8,7,False
bounded-experimental-library,int-array-bounded-bulk-distinct-w8-r10000000-d65536-n8-e7,5d96db2a82c210f9b80e5698932737a6d54ba09e053a59cd8a5e4585b20b5d43,1,original,flink,1,2.809044898,10000000,8,65536,8,7,False
bounded-experimental-library,int-array-bounded-bulk-distinct-w8-r10000000-d65536-n8-e7,5d96db2a82c210f9b80e5698932737a6d54ba09e053a59cd8a5e4585b20b5d43,1,original,flink,2,2.783515878,10000000,8,65536,8,7,False
bounded-experimental-library,int-array-bounded-bulk-distinct-w8-r10000000-d65536-n8-e7,5d96db2a82c210f9b80e5698932737a6d54ba09e053a59cd8a5e4585b20b5d43,1,original,flink,3,2.855822835,10000000,8,65536,8,7,False
bounded-experimental-library,int-array-bounded-bulk-distinct-w8-r10000000-d65536-n8-e7,5d96db2a82c210f9b80e5698932737a6d54ba09e053a59cd8a5e4585b20b5d43,1,original,flink,4,2.733562884,10000000,8,65536,8,7,False
bounded-experimental-library,int-array-bounded-bulk-distinct-w8-r10000000-d65536-n8-e7,5d96db2a82c210f9b80e5698932737a6d54ba09e053a59cd8a5e4585b20b5d43,1,original,previous_native_distinct,0,2.163076233,10000000,8,65536,8,7,False
bounded-experimental-library,int-array-bounded-bulk-distinct-w8-r10000000-d65536-n8-e7,5d96db2a82c210f9b80e5698932737a6d54ba09e053a59cd8a5e4585b20b5d43,1,original,previous_native_distinct,1,2.126161015,10000000,8,65536,8,7,False
bounded-experimental-library,int-array-bounded-bulk-distinct-w8-r10000000-d65536-n8-e7,5d96db2a82c210f9b80e5698932737a6d54ba09e053a59cd8a5e4585b20b5d43,1,original,previous_native_distinct,2,2.093482287,10000000,8,65536,8,7,False
bounded-experimental-library,int-array-bounded-bulk-distinct-w8-r10000000-d65536-n8-e7,5d96db2a82c210f9b80e5698932737a6d54ba09e053a59cd8a5e4585b20b5d43,1,original,previous_native_distinct,3,2.385897589,10000000,8,65536,8,7,False
bounded-experimental-library,int-array-bounded-bulk-distinct-w8-r10000000-d65536-n8-e7,5d96db2a82c210f9b80e5698932737a6d54ba09e053a59cd8a5e4585b20b5d43,1,original,previous_native_distinct,4,2.09269852,10000000,8,65536,8,7,False
bounded-experimental-library,int-array-bounded-bulk-distinct-w8-r10000000-d65536-n8-e7,5d96db2a82c210f9b80e5698932737a6d54ba09e053a59cd8a5e4585b20b5d43,2,original,flink,0,2.808093483,10000000,8,65536,8,7,False
bounded-experimental-library,int-array-bounded-bulk-distinct-w8-r10000000-d65536-n8-e7,5d96db2a82c210f9b80e5698932737a6d54ba09e053a59cd8a5e4585b20b5d43,2,original,flink,1,2.77964341,10000000,8,65536,8,7,False
bounded-experimental-library,int-array-bounded-bulk-distinct-w8-r10000000-d65536-n8-e7,5d96db2a82c210f9b80e5698932737a6d54ba09e053a59cd8a5e4585b20b5d43,2,original,flink,2,2.720125591,10000000,8,65536,8,7,False
bounded-experimental-library,int-array-bounded-bulk-distinct-w8-r10000000-d65536-n8-e7,5d96db2a82c210f9b80e5698932737a6d54ba09e053a59cd8a5e4585b20b5d43,2,original,flink,3,2.712686155,10000000,8,65536,8,7,False
bounded-experimental-library,int-array-bounded-bulk-distinct-w8-r10000000-d65536-n8-e7,5d96db2a82c210f9b80e5698932737a6d54ba09e053a59cd8a5e4585b20b5d43,2,original,flink,4,2.733422724,10000000,8,65536,8,7,False
bounded-experimental-library,int-array-bounded-bulk-distinct-w8-r10000000-d65536-n8-e7,5d96db2a82c210f9b80e5698932737a6d54ba09e053a59cd8a5e4585b20b5d43,2,original,previous_native_distinct,0,2.124136127,10000000,8,65536,8,7,False
bounded-experimental-library,int-array-bounded-bulk-distinct-w8-r10000000-d65536-n8-e7,5d96db2a82c210f9b80e5698932737a6d54ba09e053a59cd8a5e4585b20b5d43,2,original,previous_native_distinct,1,2.116081597,10000000,8,65536,8,7,False
bounded-experimental-library,int-array-bounded-bulk-distinct-w8-r10000000-d65536-n8-e7,5d96db2a82c210f9b80e5698932737a6d54ba09e053a59cd8a5e4585b20b5d43,2,original,previous_native_distinct,2,2.121895709,10000000,8,65536,8,7,False
bounded-experimental-library,int-array-bounded-bulk-distinct-w8-r10000000-d65536-n8-e7,5d96db2a82c210f9b80e5698932737a6d54ba09e053a59cd8a5e4585b20b5d43,2,original,previous_native_distinct,3,2.123508361,10000000,8,65536,8,7,False
bounded-experimental-library,int-array-bounded-bulk-distinct-w8-r10000000-d65536-n8-e7,5d96db2a82c210f9b80e5698932737a6d54ba09e053a59cd8a5e4585b20b5d43,2,original,previous_native_distinct,4,2.125001721,10000000,8,65536,8,7,False
bounded-experimental-library,int-array-bounded-bulk-distinct-w8-r10000000-d65536-n8-e7,5d96db2a82c210f9b80e5698932737a6d54ba09e053a59cd8a5e4585b20b5d43,3,candidate,flink,0,2.871711409,10000000,8,65536,8,7,False
bounded-experimental-library,int-array-bounded-bulk-distinct-w8-r10000000-d65536-n8-e7,5d96db2a82c210f9b80e5698932737a6d54ba09e053a59cd8a5e4585b20b5d43,3,candidate,flink,1,2.814983196,10000000,8,65536,8,7,False
bounded-experimental-library,int-array-bounded-bulk-distinct-w8-r10000000-d65536-n8-e7,5d96db2a82c210f9b80e5698932737a6d54ba09e053a59cd8a5e4585b20b5d43,3,candidate,flink,2,2.76064855,10000000,8,65536,8,7,False
bounded-experimental-library,int-array-bounded-bulk-distinct-w8-r10000000-d65536-n8-e7,5d96db2a82c210f9b80e5698932737a6d54ba09e053a59cd8a5e4585b20b5d43,3,candidate,flink,3,2.867277437,10000000,8,65536,8,7,False
bounded-experimental-library,int-array-bounded-bulk-distinct-w8-r10000000-d65536-n8-e7,5d96db2a82c210f9b80e5698932737a6d54ba09e053a59cd8a5e4585b20b5d43,3,candidate,flink,4,2.850582956,10000000,8,65536,8,7,False
bounded-experimental-library,int-array-bounded-bulk-distinct-w8-r10000000-d65536-n8-e7,5d96db2a82c210f9b80e5698932737a6d54ba09e053a59cd8a5e4585b20b5d43,3,candidate,native,0,2.06321581,10000000,8,65536,8,7,False
bounded-experimental-library,int-array-bounded-bulk-distinct-w8-r10000000-d65536-n8-e7,5d96db2a82c210f9b80e5698932737a6d54ba09e053a59cd8a5e4585b20b5d43,3,candidate,native,1,2.077474113,10000000,8,65536,8,7,False
bounded-experimental-library,int-array-bounded-bulk-distinct-w8-r10000000-d65536-n8-e7,5d96db2a82c210f9b80e5698932737a6d54ba09e053a59cd8a5e4585b20b5d43,3,candidate,native,2,2.064311469,10000000,8,65536,8,7,False
bounded-experimental-library,int-array-bounded-bulk-distinct-w8-r10000000-d65536-n8-e7,5d96db2a82c210f9b80e5698932737a6d54ba09e053a59cd8a5e4585b20b5d43,3,candidate,native,3,2.050502756,10000000,8,65536,8,7,False
bounded-experimental-library,int-array-bounded-bulk-distinct-w8-r10000000-d65536-n8-e7,5d96db2a82c210f9b80e5698932737a6d54ba09e053a59cd8a5e4585b20b5d43,3,candidate,native,4,2.162191462,10000000,8,65536,8,7,False
bounded-experimental-library,int-array-bounded-bulk-distinct-empty-w0-r10000000-d8-n8-e7,5d96db2a82c210f9b80e5698932737a6d54ba09e053a59cd8a5e4585b20b5d43,0,candidate,flink,0,1.298025085,10000000,0,8,8,7,True
bounded-experimental-library,int-array-bounded-bulk-distinct-empty-w0-r10000000-d8-n8-e7,5d96db2a82c210f9b80e5698932737a6d54ba09e053a59cd8a5e4585b20b5d43,0,candidate,flink,1,1.292059994,10000000,0,8,8,7,True
bounded-experimental-library,int-array-bounded-bulk-distinct-empty-w0-r10000000-d8-n8-e7,5d96db2a82c210f9b80e5698932737a6d54ba09e053a59cd8a5e4585b20b5d43,0,candidate,flink,2,1.30840471,10000000,0,8,8,7,True
bounded-experimental-library,int-array-bounded-bulk-distinct-empty-w0-r10000000-d8-n8-e7,5d96db2a82c210f9b80e5698932737a6d54ba09e053a59cd8a5e4585b20b5d43,0,candidate,flink,3,1.31352327,10000000,0,8,8,7,True
bounded-experimental-library,int-array-bounded-bulk-distinct-empty-w0-r10000000-d8-n8-e7,5d96db2a82c210f9b80e5698932737a6d54ba09e053a59cd8a5e4585b20b5d43,0,candidate,flink,4,1.28682475,10000000,0,8,8,7,True
bounded-experimental-library,int-array-bounded-bulk-distinct-empty-w0-r10000000-d8-n8-e7,5d96db2a82c210f9b80e5698932737a6d54ba09e053a59cd8a5e4585b20b5d43,0,candidate,native,0,1.377014123,10000000,0,8,8,7,True
bounded-experimental-library,int-array-bounded-bulk-distinct-empty-w0-r10000000-d8-n8-e7,5d96db2a82c210f9b80e5698932737a6d54ba09e053a59cd8a5e4585b20b5d43,0,candidate,native,1,1.365656028,10000000,0,8,8,7,True
bounded-experimental-library,int-array-bounded-bulk-distinct-empty-w0-r10000000-d8-n8-e7,5d96db2a82c210f9b80e5698932737a6d54ba09e053a59cd8a5e4585b20b5d43,0,candidate,native,2,1.466039315,10000000,0,8,8,7,True
bounded-experimental-library,int-array-bounded-bulk-distinct-empty-w0-r10000000-d8-n8-e7,5d96db2a82c210f9b80e5698932737a6d54ba09e053a59cd8a5e4585b20b5d43,0,candidate,native,3,1.423375999,10000000,0,8,8,7,True
bounded-experimental-library,int-array-bounded-bulk-distinct-empty-w0-r10000000-d8-n8-e7,5d96db2a82c210f9b80e5698932737a6d54ba09e053a59cd8a5e4585b20b5d43,0,candidate,native,4,1.379132634,10000000,0,8,8,7,True
bounded-experimental-library,int-array-bounded-bulk-distinct-empty-w0-r10000000-d8-n8-e7,5d96db2a82c210f9b80e5698932737a6d54ba09e053a59cd8a5e4585b20b5d43,1,original,flink,0,1.342558564,10000000,0,8,8,7,True
bounded-experimental-library,int-array-bounded-bulk-distinct-empty-w0-r10000000-d8-n8-e7,5d96db2a82c210f9b80e5698932737a6d54ba09e053a59cd8a5e4585b20b5d43,1,original,flink,1,1.371912262,10000000,0,8,8,7,True
bounded-experimental-library,int-array-bounded-bulk-distinct-empty-w0-r10000000-d8-n8-e7,5d96db2a82c210f9b80e5698932737a6d54ba09e053a59cd8a5e4585b20b5d43,1,original,flink,2,1.339434511,10000000,0,8,8,7,True
bounded-experimental-library,int-array-bounded-bulk-distinct-empty-w0-r10000000-d8-n8-e7,5d96db2a82c210f9b80e5698932737a6d54ba09e053a59cd8a5e4585b20b5d43,1,original,flink,3,1.354748354,10000000,0,8,8,7,True
bounded-experimental-library,int-array-bounded-bulk-distinct-empty-w0-r10000000-d8-n8-e7,5d96db2a82c210f9b80e5698932737a6d54ba09e053a59cd8a5e4585b20b5d43,1,original,flink,4,1.330242666,10000000,0,8,8,7,True
bounded-experimental-library,int-array-bounded-bulk-distinct-empty-w0-r10000000-d8-n8-e7,5d96db2a82c210f9b80e5698932737a6d54ba09e053a59cd8a5e4585b20b5d43,1,original,previous_native_distinct,0,1.397939365,10000000,0,8,8,7,True
bounded-experimental-library,int-array-bounded-bulk-distinct-empty-w0-r10000000-d8-n8-e7,5d96db2a82c210f9b80e5698932737a6d54ba09e053a59cd8a5e4585b20b5d43,1,original,previous_native_distinct,1,1.408058937,10000000,0,8,8,7,True
bounded-experimental-library,int-array-bounded-bulk-distinct-empty-w0-r10000000-d8-n8-e7,5d96db2a82c210f9b80e5698932737a6d54ba09e053a59cd8a5e4585b20b5d43,1,original,previous_native_distinct,2,1.404950992,10000000,0,8,8,7,True
bounded-experimental-library,int-array-bounded-bulk-distinct-empty-w0-r10000000-d8-n8-e7,5d96db2a82c210f9b80e5698932737a6d54ba09e053a59cd8a5e4585b20b5d43,1,original,previous_native_distinct,3,1.402317779,10000000,0,8,8,7,True
bounded-experimental-library,int-array-bounded-bulk-distinct-empty-w0-r10000000-d8-n8-e7,5d96db2a82c210f9b80e5698932737a6d54ba09e053a59cd8a5e4585b20b5d43,1,original,previous_native_distinct,4,1.407328414,10000000,0,8,8,7,True
bounded-experimental-library,int-array-bounded-bulk-distinct-empty-w0-r10000000-d8-n8-e7,5d96db2a82c210f9b80e5698932737a6d54ba09e053a59cd8a5e4585b20b5d43,2,original,flink,0,1.355317922,10000000,0,8,8,7,True
bounded-experimental-library,int-array-bounded-bulk-distinct-empty-w0-r10000000-d8-n8-e7,5d96db2a82c210f9b80e5698932737a6d54ba09e053a59cd8a5e4585b20b5d43,2,original,flink,1,1.353754017,10000000,0,8,8,7,True
bounded-experimental-library,int-array-bounded-bulk-distinct-empty-w0-r10000000-d8-n8-e7,5d96db2a82c210f9b80e5698932737a6d54ba09e053a59cd8a5e4585b20b5d43,2,original,flink,2,1.320655568,10000000,0,8,8,7,True
bounded-experimental-library,int-array-bounded-bulk-distinct-empty-w0-r10000000-d8-n8-e7,5d96db2a82c210f9b80e5698932737a6d54ba09e053a59cd8a5e4585b20b5d43,2,original,flink,3,1.35966758,10000000,0,8,8,7,True
bounded-experimental-library,int-array-bounded-bulk-distinct-empty-w0-r10000000-d8-n8-e7,5d96db2a82c210f9b80e5698932737a6d54ba09e053a59cd8a5e4585b20b5d43,2,original,flink,4,1.922707474,10000000,0,8,8,7,True
bounded-experimental-library,int-array-bounded-bulk-distinct-empty-w0-r10000000-d8-n8-e7,5d96db2a82c210f9b80e5698932737a6d54ba09e053a59cd8a5e4585b20b5d43,2,original,previous_native_distinct,0,1.388280355,10000000,0,8,8,7,True
bounded-experimental-library,int-array-bounded-bulk-distinct-empty-w0-r10000000-d8-n8-e7,5d96db2a82c210f9b80e5698932737a6d54ba09e053a59cd8a5e4585b20b5d43,2,original,previous_native_distinct,1,1.379581046,10000000,0,8,8,7,True
bounded-experimental-library,int-array-bounded-bulk-distinct-empty-w0-r10000000-d8-n8-e7,5d96db2a82c210f9b80e5698932737a6d54ba09e053a59cd8a5e4585b20b5d43,2,original,previous_native_distinct,2,1.388873845,10000000,0,8,8,7,True
bounded-experimental-library,int-array-bounded-bulk-distinct-empty-w0-r10000000-d8-n8-e7,5d96db2a82c210f9b80e5698932737a6d54ba09e053a59cd8a5e4585b20b5d43,2,original,previous_native_distinct,3,1.38500015,10000000,0,8,8,7,True
bounded-experimental-library,int-array-bounded-bulk-distinct-empty-w0-r10000000-d8-n8-e7,5d96db2a82c210f9b80e5698932737a6d54ba09e053a59cd8a5e4585b20b5d43,2,original,previous_native_distinct,4,1.379428237,10000000,0,8,8,7,True
bounded-experimental-library,int-array-bounded-bulk-distinct-empty-w0-r10000000-d8-n8-e7,5d96db2a82c210f9b80e5698932737a6d54ba09e053a59cd8a5e4585b20b5d43,3,candidate,flink,0,1.341794398,10000000,0,8,8,7,True
bounded-experimental-library,int-array-bounded-bulk-distinct-empty-w0-r10000000-d8-n8-e7,5d96db2a82c210f9b80e5698932737a6d54ba09e053a59cd8a5e4585b20b5d43,3,candidate,flink,1,1.354501294,10000000,0,8,8,7,True
bounded-experimental-library,int-array-bounded-bulk-distinct-empty-w0-r10000000-d8-n8-e7,5d96db2a82c210f9b80e5698932737a6d54ba09e053a59cd8a5e4585b20b5d43,3,candidate,flink,2,1.330301513,10000000,0,8,8,7,True
bounded-experimental-library,int-array-bounded-bulk-distinct-empty-w0-r10000000-d8-n8-e7,5d96db2a82c210f9b80e5698932737a6d54ba09e053a59cd8a5e4585b20b5d43,3,candidate,flink,3,1.332667502,10000000,0,8,8,7,True
bounded-experimental-library,int-array-bounded-bulk-distinct-empty-w0-r10000000-d8-n8-e7,5d96db2a82c210f9b80e5698932737a6d54ba09e053a59cd8a5e4585b20b5d43,3,candidate,flink,4,1.323423123,10000000,0,8,8,7,True
bounded-experimental-library,int-array-bounded-bulk-distinct-empty-w0-r10000000-d8-n8-e7,5d96db2a82c210f9b80e5698932737a6d54ba09e053a59cd8a5e4585b20b5d43,3,candidate,native,0,1.405776001,10000000,0,8,8,7,True
bounded-experimental-library,int-array-bounded-bulk-distinct-empty-w0-r10000000-d8-n8-e7,5d96db2a82c210f9b80e5698932737a6d54ba09e053a59cd8a5e4585b20b5d43,3,candidate,native,1,1.391828179,10000000,0,8,8,7,True
bounded-experimental-library,int-array-bounded-bulk-distinct-empty-w0-r10000000-d8-n8-e7,5d96db2a82c210f9b80e5698932737a6d54ba09e053a59cd8a5e4585b20b5d43,3,candidate,native,2,1.392090979,10000000,0,8,8,7,True
bounded-experimental-library,int-array-bounded-bulk-distinct-empty-w0-r10000000-d8-n8-e7,5d96db2a82c210f9b80e5698932737a6d54ba09e053a59cd8a5e4585b20b5d43,3,candidate,native,3,1.385093488,10000000,0,8,8,7,True
bounded-experimental-library,int-array-bounded-bulk-distinct-empty-w0-r10000000-d8-n8-e7,5d96db2a82c210f9b80e5698932737a6d54ba09e053a59cd8a5e4585b20b5d43,3,candidate,native,4,1.383371119,10000000,0,8,8,7,True
bounded-canonical-library,int-array-bounded-canonical-distinct-w1-r10000000-d65536-n0-e0,7bb82e3bd6cbb1a376e645ea32bb35b1e1bf0254354f3409f51fdaabd1a07300,0,candidate,flink,0,1.516155676,10000000,1,65536,0,0,False
bounded-canonical-library,int-array-bounded-canonical-distinct-w1-r10000000-d65536-n0-e0,7bb82e3bd6cbb1a376e645ea32bb35b1e1bf0254354f3409f51fdaabd1a07300,0,candidate,flink,1,1.524427271,10000000,1,65536,0,0,False
bounded-canonical-library,int-array-bounded-canonical-distinct-w1-r10000000-d65536-n0-e0,7bb82e3bd6cbb1a376e645ea32bb35b1e1bf0254354f3409f51fdaabd1a07300,0,candidate,flink,2,1.505891663,10000000,1,65536,0,0,False
bounded-canonical-library,int-array-bounded-canonical-distinct-w1-r10000000-d65536-n0-e0,7bb82e3bd6cbb1a376e645ea32bb35b1e1bf0254354f3409f51fdaabd1a07300,0,candidate,flink,3,1.490496624,10000000,1,65536,0,0,False
bounded-canonical-library,int-array-bounded-canonical-distinct-w1-r10000000-d65536-n0-e0,7bb82e3bd6cbb1a376e645ea32bb35b1e1bf0254354f3409f51fdaabd1a07300,0,candidate,flink,4,1.468350337,10000000,1,65536,0,0,False
bounded-canonical-library,int-array-bounded-canonical-distinct-w1-r10000000-d65536-n0-e0,7bb82e3bd6cbb1a376e645ea32bb35b1e1bf0254354f3409f51fdaabd1a07300,0,candidate,native,0,1.5173242,10000000,1,65536,0,0,False
bounded-canonical-library,int-array-bounded-canonical-distinct-w1-r10000000-d65536-n0-e0,7bb82e3bd6cbb1a376e645ea32bb35b1e1bf0254354f3409f51fdaabd1a07300,0,candidate,native,1,1.50063048,10000000,1,65536,0,0,False
bounded-canonical-library,int-array-bounded-canonical-distinct-w1-r10000000-d65536-n0-e0,7bb82e3bd6cbb1a376e645ea32bb35b1e1bf0254354f3409f51fdaabd1a07300,0,candidate,native,2,1.498550884,10000000,1,65536,0,0,False
bounded-canonical-library,int-array-bounded-canonical-distinct-w1-r10000000-d65536-n0-e0,7bb82e3bd6cbb1a376e645ea32bb35b1e1bf0254354f3409f51fdaabd1a07300,0,candidate,native,3,1.50356898,10000000,1,65536,0,0,False
bounded-canonical-library,int-array-bounded-canonical-distinct-w1-r10000000-d65536-n0-e0,7bb82e3bd6cbb1a376e645ea32bb35b1e1bf0254354f3409f51fdaabd1a07300,0,candidate,native,4,1.497711033,10000000,1,65536,0,0,False
bounded-canonical-library,int-array-bounded-canonical-distinct-w1-r10000000-d65536-n0-e0,7bb82e3bd6cbb1a376e645ea32bb35b1e1bf0254354f3409f51fdaabd1a07300,1,original,flink,0,1.549954824,10000000,1,65536,0,0,False
bounded-canonical-library,int-array-bounded-canonical-distinct-w1-r10000000-d65536-n0-e0,7bb82e3bd6cbb1a376e645ea32bb35b1e1bf0254354f3409f51fdaabd1a07300,1,original,flink,1,1.62249322,10000000,1,65536,0,0,False
bounded-canonical-library,int-array-bounded-canonical-distinct-w1-r10000000-d65536-n0-e0,7bb82e3bd6cbb1a376e645ea32bb35b1e1bf0254354f3409f51fdaabd1a07300,1,original,flink,2,1.581278375,10000000,1,65536,0,0,False
bounded-canonical-library,int-array-bounded-canonical-distinct-w1-r10000000-d65536-n0-e0,7bb82e3bd6cbb1a376e645ea32bb35b1e1bf0254354f3409f51fdaabd1a07300,1,original,flink,3,1.591439254,10000000,1,65536,0,0,False
bounded-canonical-library,int-array-bounded-canonical-distinct-w1-r10000000-d65536-n0-e0,7bb82e3bd6cbb1a376e645ea32bb35b1e1bf0254354f3409f51fdaabd1a07300,1,original,flink,4,1.608362525,10000000,1,65536,0,0,False
bounded-canonical-library,int-array-bounded-canonical-distinct-w1-r10000000-d65536-n0-e0,7bb82e3bd6cbb1a376e645ea32bb35b1e1bf0254354f3409f51fdaabd1a07300,1,original,previous_native_distinct,0,1.512119415,10000000,1,65536,0,0,False
bounded-canonical-library,int-array-bounded-canonical-distinct-w1-r10000000-d65536-n0-e0,7bb82e3bd6cbb1a376e645ea32bb35b1e1bf0254354f3409f51fdaabd1a07300,1,original,previous_native_distinct,1,1.512174684,10000000,1,65536,0,0,False
bounded-canonical-library,int-array-bounded-canonical-distinct-w1-r10000000-d65536-n0-e0,7bb82e3bd6cbb1a376e645ea32bb35b1e1bf0254354f3409f51fdaabd1a07300,1,original,previous_native_distinct,2,1.517432219,10000000,1,65536,0,0,False
bounded-canonical-library,int-array-bounded-canonical-distinct-w1-r10000000-d65536-n0-e0,7bb82e3bd6cbb1a376e645ea32bb35b1e1bf0254354f3409f51fdaabd1a07300,1,original,previous_native_distinct,3,1.504695859,10000000,1,65536,0,0,False
bounded-canonical-library,int-array-bounded-canonical-distinct-w1-r10000000-d65536-n0-e0,7bb82e3bd6cbb1a376e645ea32bb35b1e1bf0254354f3409f51fdaabd1a07300,1,original,previous_native_distinct,4,1.502952813,10000000,1,65536,0,0,False
bounded-canonical-library,int-array-bounded-canonical-distinct-w1-r10000000-d65536-n0-e0,7bb82e3bd6cbb1a376e645ea32bb35b1e1bf0254354f3409f51fdaabd1a07300,2,original,flink,0,1.502000204,10000000,1,65536,0,0,False
bounded-canonical-library,int-array-bounded-canonical-distinct-w1-r10000000-d65536-n0-e0,7bb82e3bd6cbb1a376e645ea32bb35b1e1bf0254354f3409f51fdaabd1a07300,2,original,flink,1,1.515067653,10000000,1,65536,0,0,False
bounded-canonical-library,int-array-bounded-canonical-distinct-w1-r10000000-d65536-n0-e0,7bb82e3bd6cbb1a376e645ea32bb35b1e1bf0254354f3409f51fdaabd1a07300,2,original,flink,2,1.591972111,10000000,1,65536,0,0,False
bounded-canonical-library,int-array-bounded-canonical-distinct-w1-r10000000-d65536-n0-e0,7bb82e3bd6cbb1a376e645ea32bb35b1e1bf0254354f3409f51fdaabd1a07300,2,original,flink,3,1.513401118,10000000,1,65536,0,0,False
bounded-canonical-library,int-array-bounded-canonical-distinct-w1-r10000000-d65536-n0-e0,7bb82e3bd6cbb1a376e645ea32bb35b1e1bf0254354f3409f51fdaabd1a07300,2,original,flink,4,1.500253411,10000000,1,65536,0,0,False
bounded-canonical-library,int-array-bounded-canonical-distinct-w1-r10000000-d65536-n0-e0,7bb82e3bd6cbb1a376e645ea32bb35b1e1bf0254354f3409f51fdaabd1a07300,2,original,previous_native_distinct,0,1.525057997,10000000,1,65536,0,0,False
bounded-canonical-library,int-array-bounded-canonical-distinct-w1-r10000000-d65536-n0-e0,7bb82e3bd6cbb1a376e645ea32bb35b1e1bf0254354f3409f51fdaabd1a07300,2,original,previous_native_distinct,1,1.499554345,10000000,1,65536,0,0,False
bounded-canonical-library,int-array-bounded-canonical-distinct-w1-r10000000-d65536-n0-e0,7bb82e3bd6cbb1a376e645ea32bb35b1e1bf0254354f3409f51fdaabd1a07300,2,original,previous_native_distinct,2,1.493599225,10000000,1,65536,0,0,False
bounded-canonical-library,int-array-bounded-canonical-distinct-w1-r10000000-d65536-n0-e0,7bb82e3bd6cbb1a376e645ea32bb35b1e1bf0254354f3409f51fdaabd1a07300,2,original,previous_native_distinct,3,1.496908919,10000000,1,65536,0,0,False
bounded-canonical-library,int-array-bounded-canonical-distinct-w1-r10000000-d65536-n0-e0,7bb82e3bd6cbb1a376e645ea32bb35b1e1bf0254354f3409f51fdaabd1a07300,2,original,previous_native_distinct,4,1.504375415,10000000,1,65536,0,0,False
bounded-canonical-library,int-array-bounded-canonical-distinct-w1-r10000000-d65536-n0-e0,7bb82e3bd6cbb1a376e645ea32bb35b1e1bf0254354f3409f51fdaabd1a07300,3,candidate,flink,0,1.563677218,10000000,1,65536,0,0,False
bounded-canonical-library,int-array-bounded-canonical-distinct-w1-r10000000-d65536-n0-e0,7bb82e3bd6cbb1a376e645ea32bb35b1e1bf0254354f3409f51fdaabd1a07300,3,candidate,flink,1,1.561784092,10000000,1,65536,0,0,False
bounded-canonical-library,int-array-bounded-canonical-distinct-w1-r10000000-d65536-n0-e0,7bb82e3bd6cbb1a376e645ea32bb35b1e1bf0254354f3409f51fdaabd1a07300,3,candidate,flink,2,1.544996531,10000000,1,65536,0,0,False
bounded-canonical-library,int-array-bounded-canonical-distinct-w1-r10000000-d65536-n0-e0,7bb82e3bd6cbb1a376e645ea32bb35b1e1bf0254354f3409f51fdaabd1a07300,3,candidate,flink,3,1.595849285,10000000,1,65536,0,0,False
bounded-canonical-library,int-array-bounded-canonical-distinct-w1-r10000000-d65536-n0-e0,7bb82e3bd6cbb1a376e645ea32bb35b1e1bf0254354f3409f51fdaabd1a07300,3,candidate,flink,4,1.558104571,10000000,1,65536,0,0,False
bounded-canonical-library,int-array-bounded-canonical-distinct-w1-r10000000-d65536-n0-e0,7bb82e3bd6cbb1a376e645ea32bb35b1e1bf0254354f3409f51fdaabd1a07300,3,candidate,native,0,1.530799072,10000000,1,65536,0,0,False
bounded-canonical-library,int-array-bounded-canonical-distinct-w1-r10000000-d65536-n0-e0,7bb82e3bd6cbb1a376e645ea32bb35b1e1bf0254354f3409f51fdaabd1a07300,3,candidate,native,1,1.523891372,10000000,1,65536,0,0,False
bounded-canonical-library,int-array-bounded-canonical-distinct-w1-r10000000-d65536-n0-e0,7bb82e3bd6cbb1a376e645ea32bb35b1e1bf0254354f3409f51fdaabd1a07300,3,candidate,native,2,1.528615225,10000000,1,65536,0,0,False
bounded-canonical-library,int-array-bounded-canonical-distinct-w1-r10000000-d65536-n0-e0,7bb82e3bd6cbb1a376e645ea32bb35b1e1bf0254354f3409f51fdaabd1a07300,3,candidate,native,3,1.523249371,10000000,1,65536,0,0,False
bounded-canonical-library,int-array-bounded-canonical-distinct-w1-r10000000-d65536-n0-e0,7bb82e3bd6cbb1a376e645ea32bb35b1e1bf0254354f3409f51fdaabd1a07300,3,candidate,native,4,1.503088516,10000000,1,65536,0,0,False
bounded-canonical-library,int-array-bounded-canonical-distinct-w64-r2000000-d65536-n8-e7,7bb82e3bd6cbb1a376e645ea32bb35b1e1bf0254354f3409f51fdaabd1a07300,0,candidate,flink,0,9.196982437,2000000,64,65536,8,7,False
bounded-canonical-library,int-array-bounded-canonical-distinct-w64-r2000000-d65536-n8-e7,7bb82e3bd6cbb1a376e645ea32bb35b1e1bf0254354f3409f51fdaabd1a07300,0,candidate,flink,1,9.327676847,2000000,64,65536,8,7,False
bounded-canonical-library,int-array-bounded-canonical-distinct-w64-r2000000-d65536-n8-e7,7bb82e3bd6cbb1a376e645ea32bb35b1e1bf0254354f3409f51fdaabd1a07300,0,candidate,flink,2,9.144285161,2000000,64,65536,8,7,False
bounded-canonical-library,int-array-bounded-canonical-distinct-w64-r2000000-d65536-n8-e7,7bb82e3bd6cbb1a376e645ea32bb35b1e1bf0254354f3409f51fdaabd1a07300,0,candidate,flink,3,9.199782515,2000000,64,65536,8,7,False
bounded-canonical-library,int-array-bounded-canonical-distinct-w64-r2000000-d65536-n8-e7,7bb82e3bd6cbb1a376e645ea32bb35b1e1bf0254354f3409f51fdaabd1a07300,0,candidate,flink,4,9.178218965,2000000,64,65536,8,7,False
bounded-canonical-library,int-array-bounded-canonical-distinct-w64-r2000000-d65536-n8-e7,7bb82e3bd6cbb1a376e645ea32bb35b1e1bf0254354f3409f51fdaabd1a07300,0,candidate,native,0,1.915860683,2000000,64,65536,8,7,False
bounded-canonical-library,int-array-bounded-canonical-distinct-w64-r2000000-d65536-n8-e7,7bb82e3bd6cbb1a376e645ea32bb35b1e1bf0254354f3409f51fdaabd1a07300,0,candidate,native,1,1.843797365,2000000,64,65536,8,7,False
bounded-canonical-library,int-array-bounded-canonical-distinct-w64-r2000000-d65536-n8-e7,7bb82e3bd6cbb1a376e645ea32bb35b1e1bf0254354f3409f51fdaabd1a07300,0,candidate,native,2,1.829011957,2000000,64,65536,8,7,False
bounded-canonical-library,int-array-bounded-canonical-distinct-w64-r2000000-d65536-n8-e7,7bb82e3bd6cbb1a376e645ea32bb35b1e1bf0254354f3409f51fdaabd1a07300,0,candidate,native,3,1.837441621,2000000,64,65536,8,7,False
bounded-canonical-library,int-array-bounded-canonical-distinct-w64-r2000000-d65536-n8-e7,7bb82e3bd6cbb1a376e645ea32bb35b1e1bf0254354f3409f51fdaabd1a07300,0,candidate,native,4,1.841765743,2000000,64,65536,8,7,False
bounded-canonical-library,int-array-bounded-canonical-distinct-w64-r2000000-d65536-n8-e7,7bb82e3bd6cbb1a376e645ea32bb35b1e1bf0254354f3409f51fdaabd1a07300,1,original,flink,0,9.199376659,2000000,64,65536,8,7,False
bounded-canonical-library,int-array-bounded-canonical-distinct-w64-r2000000-d65536-n8-e7,7bb82e3bd6cbb1a376e645ea32bb35b1e1bf0254354f3409f51fdaabd1a07300,1,original,flink,1,9.380081689,2000000,64,65536,8,7,False
bounded-canonical-library,int-array-bounded-canonical-distinct-w64-r2000000-d65536-n8-e7,7bb82e3bd6cbb1a376e645ea32bb35b1e1bf0254354f3409f51fdaabd1a07300,1,original,flink,2,9.188982426,2000000,64,65536,8,7,False
bounded-canonical-library,int-array-bounded-canonical-distinct-w64-r2000000-d65536-n8-e7,7bb82e3bd6cbb1a376e645ea32bb35b1e1bf0254354f3409f51fdaabd1a07300,1,original,flink,3,9.201070715,2000000,64,65536,8,7,False
bounded-canonical-library,int-array-bounded-canonical-distinct-w64-r2000000-d65536-n8-e7,7bb82e3bd6cbb1a376e645ea32bb35b1e1bf0254354f3409f51fdaabd1a07300,1,original,flink,4,9.168940364,2000000,64,65536,8,7,False
bounded-canonical-library,int-array-bounded-canonical-distinct-w64-r2000000-d65536-n8-e7,7bb82e3bd6cbb1a376e645ea32bb35b1e1bf0254354f3409f51fdaabd1a07300,1,original,previous_native_distinct,0,2.015026922,2000000,64,65536,8,7,False
bounded-canonical-library,int-array-bounded-canonical-distinct-w64-r2000000-d65536-n8-e7,7bb82e3bd6cbb1a376e645ea32bb35b1e1bf0254354f3409f51fdaabd1a07300,1,original,previous_native_distinct,1,1.98815919,2000000,64,65536,8,7,False
bounded-canonical-library,int-array-bounded-canonical-distinct-w64-r2000000-d65536-n8-e7,7bb82e3bd6cbb1a376e645ea32bb35b1e1bf0254354f3409f51fdaabd1a07300,1,original,previous_native_distinct,2,1.97361787,2000000,64,65536,8,7,False
bounded-canonical-library,int-array-bounded-canonical-distinct-w64-r2000000-d65536-n8-e7,7bb82e3bd6cbb1a376e645ea32bb35b1e1bf0254354f3409f51fdaabd1a07300,1,original,previous_native_distinct,3,1.967654212,2000000,64,65536,8,7,False
bounded-canonical-library,int-array-bounded-canonical-distinct-w64-r2000000-d65536-n8-e7,7bb82e3bd6cbb1a376e645ea32bb35b1e1bf0254354f3409f51fdaabd1a07300,1,original,previous_native_distinct,4,1.965275122,2000000,64,65536,8,7,False
bounded-canonical-library,int-array-bounded-canonical-distinct-w64-r2000000-d65536-n8-e7,7bb82e3bd6cbb1a376e645ea32bb35b1e1bf0254354f3409f51fdaabd1a07300,2,original,flink,0,9.196035293,2000000,64,65536,8,7,False
bounded-canonical-library,int-array-bounded-canonical-distinct-w64-r2000000-d65536-n8-e7,7bb82e3bd6cbb1a376e645ea32bb35b1e1bf0254354f3409f51fdaabd1a07300,2,original,flink,1,9.40972059,2000000,64,65536,8,7,False
bounded-canonical-library,int-array-bounded-canonical-distinct-w64-r2000000-d65536-n8-e7,7bb82e3bd6cbb1a376e645ea32bb35b1e1bf0254354f3409f51fdaabd1a07300,2,original,flink,2,9.181429695,2000000,64,65536,8,7,False
bounded-canonical-library,int-array-bounded-canonical-distinct-w64-r2000000-d65536-n8-e7,7bb82e3bd6cbb1a376e645ea32bb35b1e1bf0254354f3409f51fdaabd1a07300,2,original,flink,3,9.244619823,2000000,64,65536,8,7,False
bounded-canonical-library,int-array-bounded-canonical-distinct-w64-r2000000-d65536-n8-e7,7bb82e3bd6cbb1a376e645ea32bb35b1e1bf0254354f3409f51fdaabd1a07300,2,original,flink,4,9.288070382,2000000,64,65536,8,7,False
bounded-canonical-library,int-array-bounded-canonical-distinct-w64-r2000000-d65536-n8-e7,7bb82e3bd6cbb1a376e645ea32bb35b1e1bf0254354f3409f51fdaabd1a07300,2,original,previous_native_distinct,0,2.001271762,2000000,64,65536,8,7,False
bounded-canonical-library,int-array-bounded-canonical-distinct-w64-r2000000-d65536-n8-e7,7bb82e3bd6cbb1a376e645ea32bb35b1e1bf0254354f3409f51fdaabd1a07300,2,original,previous_native_distinct,1,1.97883927,2000000,64,65536,8,7,False
bounded-canonical-library,int-array-bounded-canonical-distinct-w64-r2000000-d65536-n8-e7,7bb82e3bd6cbb1a376e645ea32bb35b1e1bf0254354f3409f51fdaabd1a07300,2,original,previous_native_distinct,2,1.964506442,2000000,64,65536,8,7,False
bounded-canonical-library,int-array-bounded-canonical-distinct-w64-r2000000-d65536-n8-e7,7bb82e3bd6cbb1a376e645ea32bb35b1e1bf0254354f3409f51fdaabd1a07300,2,original,previous_native_distinct,3,1.972194873,2000000,64,65536,8,7,False
bounded-canonical-library,int-array-bounded-canonical-distinct-w64-r2000000-d65536-n8-e7,7bb82e3bd6cbb1a376e645ea32bb35b1e1bf0254354f3409f51fdaabd1a07300,2,original,previous_native_distinct,4,1.954236814,2000000,64,65536,8,7,False
bounded-canonical-library,int-array-bounded-canonical-distinct-w64-r2000000-d65536-n8-e7,7bb82e3bd6cbb1a376e645ea32bb35b1e1bf0254354f3409f51fdaabd1a07300,3,candidate,flink,0,9.191392822,2000000,64,65536,8,7,False
bounded-canonical-library,int-array-bounded-canonical-distinct-w64-r2000000-d65536-n8-e7,7bb82e3bd6cbb1a376e645ea32bb35b1e1bf0254354f3409f51fdaabd1a07300,3,candidate,flink,1,9.149819538,2000000,64,65536,8,7,False
bounded-canonical-library,int-array-bounded-canonical-distinct-w64-r2000000-d65536-n8-e7,7bb82e3bd6cbb1a376e645ea32bb35b1e1bf0254354f3409f51fdaabd1a07300,3,candidate,flink,2,9.219651031,2000000,64,65536,8,7,False
bounded-canonical-library,int-array-bounded-canonical-distinct-w64-r2000000-d65536-n8-e7,7bb82e3bd6cbb1a376e645ea32bb35b1e1bf0254354f3409f51fdaabd1a07300,3,candidate,flink,3,9.16620941,2000000,64,65536,8,7,False
bounded-canonical-library,int-array-bounded-canonical-distinct-w64-r2000000-d65536-n8-e7,7bb82e3bd6cbb1a376e645ea32bb35b1e1bf0254354f3409f51fdaabd1a07300,3,candidate,flink,4,9.124929297,2000000,64,65536,8,7,False
bounded-canonical-library,int-array-bounded-canonical-distinct-w64-r2000000-d65536-n8-e7,7bb82e3bd6cbb1a376e645ea32bb35b1e1bf0254354f3409f51fdaabd1a07300,3,candidate,native,0,1.860203729,2000000,64,65536,8,7,False
bounded-canonical-library,int-array-bounded-canonical-distinct-w64-r2000000-d65536-n8-e7,7bb82e3bd6cbb1a376e645ea32bb35b1e1bf0254354f3409f51fdaabd1a07300,3,candidate,native,1,1.844416049,2000000,64,65536,8,7,False
bounded-canonical-library,int-array-bounded-canonical-distinct-w64-r2000000-d65536-n8-e7,7bb82e3bd6cbb1a376e645ea32bb35b1e1bf0254354f3409f51fdaabd1a07300,3,candidate,native,2,1.892484763,2000000,64,65536,8,7,False
bounded-canonical-library,int-array-bounded-canonical-distinct-w64-r2000000-d65536-n8-e7,7bb82e3bd6cbb1a376e645ea32bb35b1e1bf0254354f3409f51fdaabd1a07300,3,candidate,native,3,1.826647118,2000000,64,65536,8,7,False
bounded-canonical-library,int-array-bounded-canonical-distinct-w64-r2000000-d65536-n8-e7,7bb82e3bd6cbb1a376e645ea32bb35b1e1bf0254354f3409f51fdaabd1a07300,3,candidate,native,4,1.823203163,2000000,64,65536,8,7,False
bounded-canonical-library,int-array-bounded-canonical-distinct-w64-r2000000-d8-n8-e7,7bb82e3bd6cbb1a376e645ea32bb35b1e1bf0254354f3409f51fdaabd1a07300,0,candidate,flink,0,2.667271143,2000000,64,8,8,7,False
bounded-canonical-library,int-array-bounded-canonical-distinct-w64-r2000000-d8-n8-e7,7bb82e3bd6cbb1a376e645ea32bb35b1e1bf0254354f3409f51fdaabd1a07300,0,candidate,flink,1,2.750022756,2000000,64,8,8,7,False
bounded-canonical-library,int-array-bounded-canonical-distinct-w64-r2000000-d8-n8-e7,7bb82e3bd6cbb1a376e645ea32bb35b1e1bf0254354f3409f51fdaabd1a07300,0,candidate,flink,2,2.66822034,2000000,64,8,8,7,False
bounded-canonical-library,int-array-bounded-canonical-distinct-w64-r2000000-d8-n8-e7,7bb82e3bd6cbb1a376e645ea32bb35b1e1bf0254354f3409f51fdaabd1a07300,0,candidate,flink,3,2.648287309,2000000,64,8,8,7,False
bounded-canonical-library,int-array-bounded-canonical-distinct-w64-r2000000-d8-n8-e7,7bb82e3bd6cbb1a376e645ea32bb35b1e1bf0254354f3409f51fdaabd1a07300,0,candidate,flink,4,2.663160805,2000000,64,8,8,7,False
bounded-canonical-library,int-array-bounded-canonical-distinct-w64-r2000000-d8-n8-e7,7bb82e3bd6cbb1a376e645ea32bb35b1e1bf0254354f3409f51fdaabd1a07300,0,candidate,native,0,1.121349565,2000000,64,8,8,7,False
bounded-canonical-library,int-array-bounded-canonical-distinct-w64-r2000000-d8-n8-e7,7bb82e3bd6cbb1a376e645ea32bb35b1e1bf0254354f3409f51fdaabd1a07300,0,candidate,native,1,1.093840398,2000000,64,8,8,7,False
bounded-canonical-library,int-array-bounded-canonical-distinct-w64-r2000000-d8-n8-e7,7bb82e3bd6cbb1a376e645ea32bb35b1e1bf0254354f3409f51fdaabd1a07300,0,candidate,native,2,1.092066084,2000000,64,8,8,7,False
bounded-canonical-library,int-array-bounded-canonical-distinct-w64-r2000000-d8-n8-e7,7bb82e3bd6cbb1a376e645ea32bb35b1e1bf0254354f3409f51fdaabd1a07300,0,candidate,native,3,1.087994677,2000000,64,8,8,7,False
bounded-canonical-library,int-array-bounded-canonical-distinct-w64-r2000000-d8-n8-e7,7bb82e3bd6cbb1a376e645ea32bb35b1e1bf0254354f3409f51fdaabd1a07300,0,candidate,native,4,1.08959856,2000000,64,8,8,7,False
bounded-canonical-library,int-array-bounded-canonical-distinct-w64-r2000000-d8-n8-e7,7bb82e3bd6cbb1a376e645ea32bb35b1e1bf0254354f3409f51fdaabd1a07300,1,original,flink,0,2.652547885,2000000,64,8,8,7,False
bounded-canonical-library,int-array-bounded-canonical-distinct-w64-r2000000-d8-n8-e7,7bb82e3bd6cbb1a376e645ea32bb35b1e1bf0254354f3409f51fdaabd1a07300,1,original,flink,1,2.670100976,2000000,64,8,8,7,False
bounded-canonical-library,int-array-bounded-canonical-distinct-w64-r2000000-d8-n8-e7,7bb82e3bd6cbb1a376e645ea32bb35b1e1bf0254354f3409f51fdaabd1a07300,1,original,flink,2,2.646941844,2000000,64,8,8,7,False
bounded-canonical-library,int-array-bounded-canonical-distinct-w64-r2000000-d8-n8-e7,7bb82e3bd6cbb1a376e645ea32bb35b1e1bf0254354f3409f51fdaabd1a07300,1,original,flink,3,2.682263485,2000000,64,8,8,7,False
bounded-canonical-library,int-array-bounded-canonical-distinct-w64-r2000000-d8-n8-e7,7bb82e3bd6cbb1a376e645ea32bb35b1e1bf0254354f3409f51fdaabd1a07300,1,original,flink,4,2.702563429,2000000,64,8,8,7,False
bounded-canonical-library,int-array-bounded-canonical-distinct-w64-r2000000-d8-n8-e7,7bb82e3bd6cbb1a376e645ea32bb35b1e1bf0254354f3409f51fdaabd1a07300,1,original,previous_native_distinct,0,1.317322012,2000000,64,8,8,7,False
bounded-canonical-library,int-array-bounded-canonical-distinct-w64-r2000000-d8-n8-e7,7bb82e3bd6cbb1a376e645ea32bb35b1e1bf0254354f3409f51fdaabd1a07300,1,original,previous_native_distinct,1,1.298856922,2000000,64,8,8,7,False
bounded-canonical-library,int-array-bounded-canonical-distinct-w64-r2000000-d8-n8-e7,7bb82e3bd6cbb1a376e645ea32bb35b1e1bf0254354f3409f51fdaabd1a07300,1,original,previous_native_distinct,2,1.291858883,2000000,64,8,8,7,False
bounded-canonical-library,int-array-bounded-canonical-distinct-w64-r2000000-d8-n8-e7,7bb82e3bd6cbb1a376e645ea32bb35b1e1bf0254354f3409f51fdaabd1a07300,1,original,previous_native_distinct,3,1.286030273,2000000,64,8,8,7,False
bounded-canonical-library,int-array-bounded-canonical-distinct-w64-r2000000-d8-n8-e7,7bb82e3bd6cbb1a376e645ea32bb35b1e1bf0254354f3409f51fdaabd1a07300,1,original,previous_native_distinct,4,1.295245803,2000000,64,8,8,7,False
bounded-canonical-library,int-array-bounded-canonical-distinct-w64-r2000000-d8-n8-e7,7bb82e3bd6cbb1a376e645ea32bb35b1e1bf0254354f3409f51fdaabd1a07300,2,original,flink,0,2.650518593,2000000,64,8,8,7,False
bounded-canonical-library,int-array-bounded-canonical-distinct-w64-r2000000-d8-n8-e7,7bb82e3bd6cbb1a376e645ea32bb35b1e1bf0254354f3409f51fdaabd1a07300,2,original,flink,1,2.683005521,2000000,64,8,8,7,False
bounded-canonical-library,int-array-bounded-canonical-distinct-w64-r2000000-d8-n8-e7,7bb82e3bd6cbb1a376e645ea32bb35b1e1bf0254354f3409f51fdaabd1a07300,2,original,flink,2,2.67321738,2000000,64,8,8,7,False
bounded-canonical-library,int-array-bounded-canonical-distinct-w64-r2000000-d8-n8-e7,7bb82e3bd6cbb1a376e645ea32bb35b1e1bf0254354f3409f51fdaabd1a07300,2,original,flink,3,2.720169991,2000000,64,8,8,7,False
bounded-canonical-library,int-array-bounded-canonical-distinct-w64-r2000000-d8-n8-e7,7bb82e3bd6cbb1a376e645ea32bb35b1e1bf0254354f3409f51fdaabd1a07300,2,original,flink,4,2.66796777,2000000,64,8,8,7,False
bounded-canonical-library,int-array-bounded-canonical-distinct-w64-r2000000-d8-n8-e7,7bb82e3bd6cbb1a376e645ea32bb35b1e1bf0254354f3409f51fdaabd1a07300,2,original,previous_native_distinct,0,1.417669857,2000000,64,8,8,7,False
bounded-canonical-library,int-array-bounded-canonical-distinct-w64-r2000000-d8-n8-e7,7bb82e3bd6cbb1a376e645ea32bb35b1e1bf0254354f3409f51fdaabd1a07300,2,original,previous_native_distinct,1,1.385215259,2000000,64,8,8,7,False
bounded-canonical-library,int-array-bounded-canonical-distinct-w64-r2000000-d8-n8-e7,7bb82e3bd6cbb1a376e645ea32bb35b1e1bf0254354f3409f51fdaabd1a07300,2,original,previous_native_distinct,2,1.375208513,2000000,64,8,8,7,False
bounded-canonical-library,int-array-bounded-canonical-distinct-w64-r2000000-d8-n8-e7,7bb82e3bd6cbb1a376e645ea32bb35b1e1bf0254354f3409f51fdaabd1a07300,2,original,previous_native_distinct,3,1.359595593,2000000,64,8,8,7,False
bounded-canonical-library,int-array-bounded-canonical-distinct-w64-r2000000-d8-n8-e7,7bb82e3bd6cbb1a376e645ea32bb35b1e1bf0254354f3409f51fdaabd1a07300,2,original,previous_native_distinct,4,1.360528471,2000000,64,8,8,7,False
bounded-canonical-library,int-array-bounded-canonical-distinct-w64-r2000000-d8-n8-e7,7bb82e3bd6cbb1a376e645ea32bb35b1e1bf0254354f3409f51fdaabd1a07300,3,candidate,flink,0,2.716696008,2000000,64,8,8,7,False
bounded-canonical-library,int-array-bounded-canonical-distinct-w64-r2000000-d8-n8-e7,7bb82e3bd6cbb1a376e645ea32bb35b1e1bf0254354f3409f51fdaabd1a07300,3,candidate,flink,1,2.845962702,2000000,64,8,8,7,False
bounded-canonical-library,int-array-bounded-canonical-distinct-w64-r2000000-d8-n8-e7,7bb82e3bd6cbb1a376e645ea32bb35b1e1bf0254354f3409f51fdaabd1a07300,3,candidate,flink,2,2.691163835,2000000,64,8,8,7,False
bounded-canonical-library,int-array-bounded-canonical-distinct-w64-r2000000-d8-n8-e7,7bb82e3bd6cbb1a376e645ea32bb35b1e1bf0254354f3409f51fdaabd1a07300,3,candidate,flink,3,2.737971919,2000000,64,8,8,7,False
bounded-canonical-library,int-array-bounded-canonical-distinct-w64-r2000000-d8-n8-e7,7bb82e3bd6cbb1a376e645ea32bb35b1e1bf0254354f3409f51fdaabd1a07300,3,candidate,flink,4,2.715533136,2000000,64,8,8,7,False
bounded-canonical-library,int-array-bounded-canonical-distinct-w64-r2000000-d8-n8-e7,7bb82e3bd6cbb1a376e645ea32bb35b1e1bf0254354f3409f51fdaabd1a07300,3,candidate,native,0,1.135271576,2000000,64,8,8,7,False
bounded-canonical-library,int-array-bounded-canonical-distinct-w64-r2000000-d8-n8-e7,7bb82e3bd6cbb1a376e645ea32bb35b1e1bf0254354f3409f51fdaabd1a07300,3,candidate,native,1,1.103467619,2000000,64,8,8,7,False
bounded-canonical-library,int-array-bounded-canonical-distinct-w64-r2000000-d8-n8-e7,7bb82e3bd6cbb1a376e645ea32bb35b1e1bf0254354f3409f51fdaabd1a07300,3,candidate,native,2,1.1027774,2000000,64,8,8,7,False
bounded-canonical-library,int-array-bounded-canonical-distinct-w64-r2000000-d8-n8-e7,7bb82e3bd6cbb1a376e645ea32bb35b1e1bf0254354f3409f51fdaabd1a07300,3,candidate,native,3,1.102319452,2000000,64,8,8,7,False
bounded-canonical-library,int-array-bounded-canonical-distinct-w64-r2000000-d8-n8-e7,7bb82e3bd6cbb1a376e645ea32bb35b1e1bf0254354f3409f51fdaabd1a07300,3,candidate,native,4,1.095380278,2000000,64,8,8,7,False
bounded-canonical-library,int-array-bounded-canonical-distinct-w8-r10000000-d65536-n8-e7,7bb82e3bd6cbb1a376e645ea32bb35b1e1bf0254354f3409f51fdaabd1a07300,0,candidate,flink,0,2.810821569,10000000,8,65536,8,7,False
bounded-canonical-library,int-array-bounded-canonical-distinct-w8-r10000000-d65536-n8-e7,7bb82e3bd6cbb1a376e645ea32bb35b1e1bf0254354f3409f51fdaabd1a07300,0,candidate,flink,1,2.76233049,10000000,8,65536,8,7,False
bounded-canonical-library,int-array-bounded-canonical-distinct-w8-r10000000-d65536-n8-e7,7bb82e3bd6cbb1a376e645ea32bb35b1e1bf0254354f3409f51fdaabd1a07300,0,candidate,flink,2,2.746884411,10000000,8,65536,8,7,False
bounded-canonical-library,int-array-bounded-canonical-distinct-w8-r10000000-d65536-n8-e7,7bb82e3bd6cbb1a376e645ea32bb35b1e1bf0254354f3409f51fdaabd1a07300,0,candidate,flink,3,2.751765343,10000000,8,65536,8,7,False
bounded-canonical-library,int-array-bounded-canonical-distinct-w8-r10000000-d65536-n8-e7,7bb82e3bd6cbb1a376e645ea32bb35b1e1bf0254354f3409f51fdaabd1a07300,0,candidate,flink,4,2.808298515,10000000,8,65536,8,7,False
bounded-canonical-library,int-array-bounded-canonical-distinct-w8-r10000000-d65536-n8-e7,7bb82e3bd6cbb1a376e645ea32bb35b1e1bf0254354f3409f51fdaabd1a07300,0,candidate,native,0,2.060885837,10000000,8,65536,8,7,False
bounded-canonical-library,int-array-bounded-canonical-distinct-w8-r10000000-d65536-n8-e7,7bb82e3bd6cbb1a376e645ea32bb35b1e1bf0254354f3409f51fdaabd1a07300,0,candidate,native,1,2.035864928,10000000,8,65536,8,7,False
bounded-canonical-library,int-array-bounded-canonical-distinct-w8-r10000000-d65536-n8-e7,7bb82e3bd6cbb1a376e645ea32bb35b1e1bf0254354f3409f51fdaabd1a07300,0,candidate,native,2,2.048861848,10000000,8,65536,8,7,False
bounded-canonical-library,int-array-bounded-canonical-distinct-w8-r10000000-d65536-n8-e7,7bb82e3bd6cbb1a376e645ea32bb35b1e1bf0254354f3409f51fdaabd1a07300,0,candidate,native,3,2.035300099,10000000,8,65536,8,7,False
bounded-canonical-library,int-array-bounded-canonical-distinct-w8-r10000000-d65536-n8-e7,7bb82e3bd6cbb1a376e645ea32bb35b1e1bf0254354f3409f51fdaabd1a07300,0,candidate,native,4,2.028931856,10000000,8,65536,8,7,False
bounded-canonical-library,int-array-bounded-canonical-distinct-w8-r10000000-d65536-n8-e7,7bb82e3bd6cbb1a376e645ea32bb35b1e1bf0254354f3409f51fdaabd1a07300,1,original,flink,0,2.764082389,10000000,8,65536,8,7,False
bounded-canonical-library,int-array-bounded-canonical-distinct-w8-r10000000-d65536-n8-e7,7bb82e3bd6cbb1a376e645ea32bb35b1e1bf0254354f3409f51fdaabd1a07300,1,original,flink,1,2.799482113,10000000,8,65536,8,7,False
bounded-canonical-library,int-array-bounded-canonical-distinct-w8-r10000000-d65536-n8-e7,7bb82e3bd6cbb1a376e645ea32bb35b1e1bf0254354f3409f51fdaabd1a07300,1,original,flink,2,2.750794845,10000000,8,65536,8,7,False
bounded-canonical-library,int-array-bounded-canonical-distinct-w8-r10000000-d65536-n8-e7,7bb82e3bd6cbb1a376e645ea32bb35b1e1bf0254354f3409f51fdaabd1a07300,1,original,flink,3,2.773006237,10000000,8,65536,8,7,False
bounded-canonical-library,int-array-bounded-canonical-distinct-w8-r10000000-d65536-n8-e7,7bb82e3bd6cbb1a376e645ea32bb35b1e1bf0254354f3409f51fdaabd1a07300,1,original,flink,4,2.754386471,10000000,8,65536,8,7,False
bounded-canonical-library,int-array-bounded-canonical-distinct-w8-r10000000-d65536-n8-e7,7bb82e3bd6cbb1a376e645ea32bb35b1e1bf0254354f3409f51fdaabd1a07300,1,original,previous_native_distinct,0,2.102843608,10000000,8,65536,8,7,False
bounded-canonical-library,int-array-bounded-canonical-distinct-w8-r10000000-d65536-n8-e7,7bb82e3bd6cbb1a376e645ea32bb35b1e1bf0254354f3409f51fdaabd1a07300,1,original,previous_native_distinct,1,2.108576086,10000000,8,65536,8,7,False
bounded-canonical-library,int-array-bounded-canonical-distinct-w8-r10000000-d65536-n8-e7,7bb82e3bd6cbb1a376e645ea32bb35b1e1bf0254354f3409f51fdaabd1a07300,1,original,previous_native_distinct,2,2.118265455,10000000,8,65536,8,7,False
bounded-canonical-library,int-array-bounded-canonical-distinct-w8-r10000000-d65536-n8-e7,7bb82e3bd6cbb1a376e645ea32bb35b1e1bf0254354f3409f51fdaabd1a07300,1,original,previous_native_distinct,3,2.103634372,10000000,8,65536,8,7,False
bounded-canonical-library,int-array-bounded-canonical-distinct-w8-r10000000-d65536-n8-e7,7bb82e3bd6cbb1a376e645ea32bb35b1e1bf0254354f3409f51fdaabd1a07300,1,original,previous_native_distinct,4,2.122439647,10000000,8,65536,8,7,False
bounded-canonical-library,int-array-bounded-canonical-distinct-w8-r10000000-d65536-n8-e7,7bb82e3bd6cbb1a376e645ea32bb35b1e1bf0254354f3409f51fdaabd1a07300,2,original,flink,0,2.73401342,10000000,8,65536,8,7,False
bounded-canonical-library,int-array-bounded-canonical-distinct-w8-r10000000-d65536-n8-e7,7bb82e3bd6cbb1a376e645ea32bb35b1e1bf0254354f3409f51fdaabd1a07300,2,original,flink,1,2.763670458,10000000,8,65536,8,7,False
bounded-canonical-library,int-array-bounded-canonical-distinct-w8-r10000000-d65536-n8-e7,7bb82e3bd6cbb1a376e645ea32bb35b1e1bf0254354f3409f51fdaabd1a07300,2,original,flink,2,2.760442208,10000000,8,65536,8,7,False
bounded-canonical-library,int-array-bounded-canonical-distinct-w8-r10000000-d65536-n8-e7,7bb82e3bd6cbb1a376e645ea32bb35b1e1bf0254354f3409f51fdaabd1a07300,2,original,flink,3,2.781833487,10000000,8,65536,8,7,False
bounded-canonical-library,int-array-bounded-canonical-distinct-w8-r10000000-d65536-n8-e7,7bb82e3bd6cbb1a376e645ea32bb35b1e1bf0254354f3409f51fdaabd1a07300,2,original,flink,4,2.811533565,10000000,8,65536,8,7,False
bounded-canonical-library,int-array-bounded-canonical-distinct-w8-r10000000-d65536-n8-e7,7bb82e3bd6cbb1a376e645ea32bb35b1e1bf0254354f3409f51fdaabd1a07300,2,original,previous_native_distinct,0,2.127468902,10000000,8,65536,8,7,False
bounded-canonical-library,int-array-bounded-canonical-distinct-w8-r10000000-d65536-n8-e7,7bb82e3bd6cbb1a376e645ea32bb35b1e1bf0254354f3409f51fdaabd1a07300,2,original,previous_native_distinct,1,2.133517969,10000000,8,65536,8,7,False
bounded-canonical-library,int-array-bounded-canonical-distinct-w8-r10000000-d65536-n8-e7,7bb82e3bd6cbb1a376e645ea32bb35b1e1bf0254354f3409f51fdaabd1a07300,2,original,previous_native_distinct,2,2.11969951,10000000,8,65536,8,7,False
bounded-canonical-library,int-array-bounded-canonical-distinct-w8-r10000000-d65536-n8-e7,7bb82e3bd6cbb1a376e645ea32bb35b1e1bf0254354f3409f51fdaabd1a07300,2,original,previous_native_distinct,3,2.114865613,10000000,8,65536,8,7,False
bounded-canonical-library,int-array-bounded-canonical-distinct-w8-r10000000-d65536-n8-e7,7bb82e3bd6cbb1a376e645ea32bb35b1e1bf0254354f3409f51fdaabd1a07300,2,original,previous_native_distinct,4,2.102395868,10000000,8,65536,8,7,False
bounded-canonical-library,int-array-bounded-canonical-distinct-w8-r10000000-d65536-n8-e7,7bb82e3bd6cbb1a376e645ea32bb35b1e1bf0254354f3409f51fdaabd1a07300,3,candidate,flink,0,2.847280609,10000000,8,65536,8,7,False
bounded-canonical-library,int-array-bounded-canonical-distinct-w8-r10000000-d65536-n8-e7,7bb82e3bd6cbb1a376e645ea32bb35b1e1bf0254354f3409f51fdaabd1a07300,3,candidate,flink,1,2.854345924,10000000,8,65536,8,7,False
bounded-canonical-library,int-array-bounded-canonical-distinct-w8-r10000000-d65536-n8-e7,7bb82e3bd6cbb1a376e645ea32bb35b1e1bf0254354f3409f51fdaabd1a07300,3,candidate,flink,2,2.70364824,10000000,8,65536,8,7,False
bounded-canonical-library,int-array-bounded-canonical-distinct-w8-r10000000-d65536-n8-e7,7bb82e3bd6cbb1a376e645ea32bb35b1e1bf0254354f3409f51fdaabd1a07300,3,candidate,flink,3,2.82950571,10000000,8,65536,8,7,False
bounded-canonical-library,int-array-bounded-canonical-distinct-w8-r10000000-d65536-n8-e7,7bb82e3bd6cbb1a376e645ea32bb35b1e1bf0254354f3409f51fdaabd1a07300,3,candidate,flink,4,2.736645628,10000000,8,65536,8,7,False
bounded-canonical-library,int-array-bounded-canonical-distinct-w8-r10000000-d65536-n8-e7,7bb82e3bd6cbb1a376e645ea32bb35b1e1bf0254354f3409f51fdaabd1a07300,3,candidate,native,0,2.062330016,10000000,8,65536,8,7,False
bounded-canonical-library,int-array-bounded-canonical-distinct-w8-r10000000-d65536-n8-e7,7bb82e3bd6cbb1a376e645ea32bb35b1e1bf0254354f3409f51fdaabd1a07300,3,candidate,native,1,2.076512692,10000000,8,65536,8,7,False
bounded-canonical-library,int-array-bounded-canonical-distinct-w8-r10000000-d65536-n8-e7,7bb82e3bd6cbb1a376e645ea32bb35b1e1bf0254354f3409f51fdaabd1a07300,3,candidate,native,2,2.057475182,10000000,8,65536,8,7,False
bounded-canonical-library,int-array-bounded-canonical-distinct-w8-r10000000-d65536-n8-e7,7bb82e3bd6cbb1a376e645ea32bb35b1e1bf0254354f3409f51fdaabd1a07300,3,candidate,native,3,2.064104487,10000000,8,65536,8,7,False
bounded-canonical-library,int-array-bounded-canonical-distinct-w8-r10000000-d65536-n8-e7,7bb82e3bd6cbb1a376e645ea32bb35b1e1bf0254354f3409f51fdaabd1a07300,3,candidate,native,4,2.072910334,10000000,8,65536,8,7,False
bounded-canonical-library,int-array-bounded-canonical-distinct-empty-w0-r10000000-d8-n8-e7,7bb82e3bd6cbb1a376e645ea32bb35b1e1bf0254354f3409f51fdaabd1a07300,0,candidate,flink,0,1.418392132,10000000,0,8,8,7,True
bounded-canonical-library,int-array-bounded-canonical-distinct-empty-w0-r10000000-d8-n8-e7,7bb82e3bd6cbb1a376e645ea32bb35b1e1bf0254354f3409f51fdaabd1a07300,0,candidate,flink,1,1.325151266,10000000,0,8,8,7,True
bounded-canonical-library,int-array-bounded-canonical-distinct-empty-w0-r10000000-d8-n8-e7,7bb82e3bd6cbb1a376e645ea32bb35b1e1bf0254354f3409f51fdaabd1a07300,0,candidate,flink,2,1.288348342,10000000,0,8,8,7,True
bounded-canonical-library,int-array-bounded-canonical-distinct-empty-w0-r10000000-d8-n8-e7,7bb82e3bd6cbb1a376e645ea32bb35b1e1bf0254354f3409f51fdaabd1a07300,0,candidate,flink,3,1.340011667,10000000,0,8,8,7,True
bounded-canonical-library,int-array-bounded-canonical-distinct-empty-w0-r10000000-d8-n8-e7,7bb82e3bd6cbb1a376e645ea32bb35b1e1bf0254354f3409f51fdaabd1a07300,0,candidate,flink,4,1.328447521,10000000,0,8,8,7,True
bounded-canonical-library,int-array-bounded-canonical-distinct-empty-w0-r10000000-d8-n8-e7,7bb82e3bd6cbb1a376e645ea32bb35b1e1bf0254354f3409f51fdaabd1a07300,0,candidate,native,0,1.40615445,10000000,0,8,8,7,True
bounded-canonical-library,int-array-bounded-canonical-distinct-empty-w0-r10000000-d8-n8-e7,7bb82e3bd6cbb1a376e645ea32bb35b1e1bf0254354f3409f51fdaabd1a07300,0,candidate,native,1,1.408299431,10000000,0,8,8,7,True
bounded-canonical-library,int-array-bounded-canonical-distinct-empty-w0-r10000000-d8-n8-e7,7bb82e3bd6cbb1a376e645ea32bb35b1e1bf0254354f3409f51fdaabd1a07300,0,candidate,native,2,1.373483338,10000000,0,8,8,7,True
bounded-canonical-library,int-array-bounded-canonical-distinct-empty-w0-r10000000-d8-n8-e7,7bb82e3bd6cbb1a376e645ea32bb35b1e1bf0254354f3409f51fdaabd1a07300,0,candidate,native,3,1.375358106,10000000,0,8,8,7,True
bounded-canonical-library,int-array-bounded-canonical-distinct-empty-w0-r10000000-d8-n8-e7,7bb82e3bd6cbb1a376e645ea32bb35b1e1bf0254354f3409f51fdaabd1a07300,0,candidate,native,4,1.403667407,10000000,0,8,8,7,True
bounded-canonical-library,int-array-bounded-canonical-distinct-empty-w0-r10000000-d8-n8-e7,7bb82e3bd6cbb1a376e645ea32bb35b1e1bf0254354f3409f51fdaabd1a07300,1,original,flink,0,1.325519115,10000000,0,8,8,7,True
bounded-canonical-library,int-array-bounded-canonical-distinct-empty-w0-r10000000-d8-n8-e7,7bb82e3bd6cbb1a376e645ea32bb35b1e1bf0254354f3409f51fdaabd1a07300,1,original,flink,1,1.371565132,10000000,0,8,8,7,True
bounded-canonical-library,int-array-bounded-canonical-distinct-empty-w0-r10000000-d8-n8-e7,7bb82e3bd6cbb1a376e645ea32bb35b1e1bf0254354f3409f51fdaabd1a07300,1,original,flink,2,1.340720839,10000000,0,8,8,7,True
bounded-canonical-library,int-array-bounded-canonical-distinct-empty-w0-r10000000-d8-n8-e7,7bb82e3bd6cbb1a376e645ea32bb35b1e1bf0254354f3409f51fdaabd1a07300,1,original,flink,3,1.314754085,10000000,0,8,8,7,True
bounded-canonical-library,int-array-bounded-canonical-distinct-empty-w0-r10000000-d8-n8-e7,7bb82e3bd6cbb1a376e645ea32bb35b1e1bf0254354f3409f51fdaabd1a07300,1,original,flink,4,1.325908134,10000000,0,8,8,7,True
bounded-canonical-library,int-array-bounded-canonical-distinct-empty-w0-r10000000-d8-n8-e7,7bb82e3bd6cbb1a376e645ea32bb35b1e1bf0254354f3409f51fdaabd1a07300,1,original,previous_native_distinct,0,1.404987176,10000000,0,8,8,7,True
bounded-canonical-library,int-array-bounded-canonical-distinct-empty-w0-r10000000-d8-n8-e7,7bb82e3bd6cbb1a376e645ea32bb35b1e1bf0254354f3409f51fdaabd1a07300,1,original,previous_native_distinct,1,1.423415407,10000000,0,8,8,7,True
bounded-canonical-library,int-array-bounded-canonical-distinct-empty-w0-r10000000-d8-n8-e7,7bb82e3bd6cbb1a376e645ea32bb35b1e1bf0254354f3409f51fdaabd1a07300,1,original,previous_native_distinct,2,1.410952754,10000000,0,8,8,7,True
bounded-canonical-library,int-array-bounded-canonical-distinct-empty-w0-r10000000-d8-n8-e7,7bb82e3bd6cbb1a376e645ea32bb35b1e1bf0254354f3409f51fdaabd1a07300,1,original,previous_native_distinct,3,1.386483991,10000000,0,8,8,7,True
bounded-canonical-library,int-array-bounded-canonical-distinct-empty-w0-r10000000-d8-n8-e7,7bb82e3bd6cbb1a376e645ea32bb35b1e1bf0254354f3409f51fdaabd1a07300,1,original,previous_native_distinct,4,1.389994213,10000000,0,8,8,7,True
bounded-canonical-library,int-array-bounded-canonical-distinct-empty-w0-r10000000-d8-n8-e7,7bb82e3bd6cbb1a376e645ea32bb35b1e1bf0254354f3409f51fdaabd1a07300,2,original,flink,0,1.35585131,10000000,0,8,8,7,True
bounded-canonical-library,int-array-bounded-canonical-distinct-empty-w0-r10000000-d8-n8-e7,7bb82e3bd6cbb1a376e645ea32bb35b1e1bf0254354f3409f51fdaabd1a07300,2,original,flink,1,1.356964103,10000000,0,8,8,7,True
bounded-canonical-library,int-array-bounded-canonical-distinct-empty-w0-r10000000-d8-n8-e7,7bb82e3bd6cbb1a376e645ea32bb35b1e1bf0254354f3409f51fdaabd1a07300,2,original,flink,2,1.349731137,10000000,0,8,8,7,True
bounded-canonical-library,int-array-bounded-canonical-distinct-empty-w0-r10000000-d8-n8-e7,7bb82e3bd6cbb1a376e645ea32bb35b1e1bf0254354f3409f51fdaabd1a07300,2,original,flink,3,1.354072619,10000000,0,8,8,7,True
bounded-canonical-library,int-array-bounded-canonical-distinct-empty-w0-r10000000-d8-n8-e7,7bb82e3bd6cbb1a376e645ea32bb35b1e1bf0254354f3409f51fdaabd1a07300,2,original,flink,4,1.336847071,10000000,0,8,8,7,True
bounded-canonical-library,int-array-bounded-canonical-distinct-empty-w0-r10000000-d8-n8-e7,7bb82e3bd6cbb1a376e645ea32bb35b1e1bf0254354f3409f51fdaabd1a07300,2,original,previous_native_distinct,0,1.426082232,10000000,0,8,8,7,True
bounded-canonical-library,int-array-bounded-canonical-distinct-empty-w0-r10000000-d8-n8-e7,7bb82e3bd6cbb1a376e645ea32bb35b1e1bf0254354f3409f51fdaabd1a07300,2,original,previous_native_distinct,1,1.412089287,10000000,0,8,8,7,True
bounded-canonical-library,int-array-bounded-canonical-distinct-empty-w0-r10000000-d8-n8-e7,7bb82e3bd6cbb1a376e645ea32bb35b1e1bf0254354f3409f51fdaabd1a07300,2,original,previous_native_distinct,2,1.433992908,10000000,0,8,8,7,True
bounded-canonical-library,int-array-bounded-canonical-distinct-empty-w0-r10000000-d8-n8-e7,7bb82e3bd6cbb1a376e645ea32bb35b1e1bf0254354f3409f51fdaabd1a07300,2,original,previous_native_distinct,3,1.421707938,10000000,0,8,8,7,True
bounded-canonical-library,int-array-bounded-canonical-distinct-empty-w0-r10000000-d8-n8-e7,7bb82e3bd6cbb1a376e645ea32bb35b1e1bf0254354f3409f51fdaabd1a07300,2,original,previous_native_distinct,4,1.418624022,10000000,0,8,8,7,True
bounded-canonical-library,int-array-bounded-canonical-distinct-empty-w0-r10000000-d8-n8-e7,7bb82e3bd6cbb1a376e645ea32bb35b1e1bf0254354f3409f51fdaabd1a07300,3,candidate,flink,0,1.371941465,10000000,0,8,8,7,True
bounded-canonical-library,int-array-bounded-canonical-distinct-empty-w0-r10000000-d8-n8-e7,7bb82e3bd6cbb1a376e645ea32bb35b1e1bf0254354f3409f51fdaabd1a07300,3,candidate,flink,1,1.350041274,10000000,0,8,8,7,True
bounded-canonical-library,int-array-bounded-canonical-distinct-empty-w0-r10000000-d8-n8-e7,7bb82e3bd6cbb1a376e645ea32bb35b1e1bf0254354f3409f51fdaabd1a07300,3,candidate,flink,2,1.344770604,10000000,0,8,8,7,True
bounded-canonical-library,int-array-bounded-canonical-distinct-empty-w0-r10000000-d8-n8-e7,7bb82e3bd6cbb1a376e645ea32bb35b1e1bf0254354f3409f51fdaabd1a07300,3,candidate,flink,3,1.340770595,10000000,0,8,8,7,True
bounded-canonical-library,int-array-bounded-canonical-distinct-empty-w0-r10000000-d8-n8-e7,7bb82e3bd6cbb1a376e645ea32bb35b1e1bf0254354f3409f51fdaabd1a07300,3,candidate,flink,4,1.359902447,10000000,0,8,8,7,True
bounded-canonical-library,int-array-bounded-canonical-distinct-empty-w0-r10000000-d8-n8-e7,7bb82e3bd6cbb1a376e645ea32bb35b1e1bf0254354f3409f51fdaabd1a07300,3,candidate,native,0,1.407420236,10000000,0,8,8,7,True
bounded-canonical-library,int-array-bounded-canonical-distinct-empty-w0-r10000000-d8-n8-e7,7bb82e3bd6cbb1a376e645ea32bb35b1e1bf0254354f3409f51fdaabd1a07300,3,candidate,native,1,1.418961228,10000000,0,8,8,7,True
bounded-canonical-library,int-array-bounded-canonical-distinct-empty-w0-r10000000-d8-n8-e7,7bb82e3bd6cbb1a376e645ea32bb35b1e1bf0254354f3409f51fdaabd1a07300,3,candidate,native,2,1.410425401,10000000,0,8,8,7,True
bounded-canonical-library,int-array-bounded-canonical-distinct-empty-w0-r10000000-d8-n8-e7,7bb82e3bd6cbb1a376e645ea32bb35b1e1bf0254354f3409f51fdaabd1a07300,3,candidate,native,3,1.413487295,10000000,0,8,8,7,True
bounded-canonical-library,int-array-bounded-canonical-distinct-empty-w0-r10000000-d8-n8-e7,7bb82e3bd6cbb1a376e645ea32bb35b1e1bf0254354f3409f51fdaabd1a07300,3,candidate,native,4,1.398807158,10000000,0,8,8,7,True
