package,suite,case,allocation_calls,requested_bytes,shared_output_buffer_bytes,new_output_buffer_bytes
streamfusion,calc_expressions,numeric/op=0/16/unicode=false,19,1142,2,128
streamfusion,calc_expressions,compile_and_first_batch/numeric/op=0/16/unicode=false,93,7721,2,128
streamfusion,calc_expressions,numeric/op=1/16/unicode=false,19,1142,2,128
streamfusion,calc_expressions,compile_and_first_batch/numeric/op=1/16/unicode=false,93,7721,2,128
streamfusion,calc_expressions,numeric/op=2/16/unicode=false,19,1142,2,128
streamfusion,calc_expressions,compile_and_first_batch/numeric/op=2/16/unicode=false,93,7721,2,128
streamfusion,calc_expressions,numeric/op=3/16/unicode=false,24,1749,2,128
streamfusion,calc_expressions,compile_and_first_batch/numeric/op=3/16/unicode=false,126,10042,2,128
streamfusion,calc_expressions,numeric/op=4/16/unicode=false,19,1142,2,128
streamfusion,calc_expressions,compile_and_first_batch/numeric/op=4/16/unicode=false,93,7721,2,128
streamfusion,calc_expressions,numeric/op=10/16/unicode=false,19,1014,2,8
streamfusion,calc_expressions,compile_and_first_batch/numeric/op=10/16/unicode=false,84,7241,2,8
streamfusion,calc_expressions,numeric/op=11/16/unicode=false,19,1014,2,8
streamfusion,calc_expressions,compile_and_first_batch/numeric/op=11/16/unicode=false,84,7241,2,8
streamfusion,calc_expressions,numeric/op=12/16/unicode=false,19,1014,2,8
streamfusion,calc_expressions,compile_and_first_batch/numeric/op=12/16/unicode=false,84,7241,2,8
streamfusion,calc_expressions,numeric/op=13/16/unicode=false,19,1014,2,8
streamfusion,calc_expressions,compile_and_first_batch/numeric/op=13/16/unicode=false,84,7241,2,8
streamfusion,calc_expressions,numeric/op=14/16/unicode=false,19,1014,2,8
streamfusion,calc_expressions,compile_and_first_batch/numeric/op=14/16/unicode=false,84,7241,2,8
streamfusion,calc_expressions,numeric/op=15/16/unicode=false,19,1014,2,8
streamfusion,calc_expressions,compile_and_first_batch/numeric/op=15/16/unicode=false,84,7241,2,8
streamfusion,calc_expressions,numeric/op=5/16/unicode=false,16,966,2,128
streamfusion,calc_expressions,compile_and_first_batch/numeric/op=5/16/unicode=false,71,5990,2,128
streamfusion,calc_expressions,numeric/op=30/16/unicode=false,16,838,0,8
streamfusion,calc_expressions,compile_and_first_batch/numeric/op=30/16/unicode=false,70,5798,0,8
streamfusion,calc_expressions,numeric/op=31/16/unicode=false,14,774,2,0
streamfusion,calc_expressions,compile_and_first_batch/numeric/op=31/16/unicode=false,68,5734,2,0
streamfusion,calc_expressions,numeric/op=62/16/unicode=false,21,1453,2,128
streamfusion,calc_expressions,compile_and_first_batch/numeric/op=62/16/unicode=false,111,8472,2,128
streamfusion,calc_expressions,boolean/op=20/16/unicode=false,18,958,0,10
streamfusion,calc_expressions,compile_and_first_batch/boolean/op=20/16/unicode=false,84,6856,0,10
streamfusion,calc_expressions,boolean/op=21/16/unicode=false,18,958,0,10
streamfusion,calc_expressions,compile_and_first_batch/boolean/op=21/16/unicode=false,84,6856,0,10
streamfusion,calc_expressions,boolean/op=22/16/unicode=false,16,838,2,8
streamfusion,calc_expressions,compile_and_first_batch/boolean/op=22/16/unicode=false,73,6038,2,8
streamfusion,calc_expressions,boolean/op=32/16/unicode=false,21,1126,0,8
streamfusion,calc_expressions,compile_and_first_batch/boolean/op=32/16/unicode=false,84,6871,0,8
streamfusion,calc_expressions,boolean/op=33/16/unicode=false,21,1150,0,8
streamfusion,calc_expressions,compile_and_first_batch/boolean/op=33/16/unicode=false,84,6895,0,8
streamfusion,calc_expressions,boolean/op=34/16/unicode=false,21,1063,0,8
streamfusion,calc_expressions,compile_and_first_batch/boolean/op=34/16/unicode=false,84,6808,0,8
streamfusion,calc_expressions,boolean/op=35/16/unicode=false,21,1087,0,8
streamfusion,calc_expressions,compile_and_first_batch/boolean/op=35/16/unicode=false,84,6832,0,8
streamfusion,calc_expressions,text/op=50/16/unicode=false,20,5026,70,3744
streamfusion,calc_expressions,compile_and_first_batch/text/op=50/16/unicode=false,110,12051,70,3744
streamfusion,calc_expressions,text/op=51/16/unicode=false,20,5026,70,3744
streamfusion,calc_expressions,compile_and_first_batch/text/op=51/16/unicode=false,110,12051,70,3744
streamfusion,calc_expressions,text/op=52/16/unicode=false,21,1386,2,64
streamfusion,calc_expressions,compile_and_first_batch/text/op=52/16/unicode=false,115,8636,2,64
streamfusion,calc_expressions,text/op=54/16/unicode=false,31,8888,0,3814
streamfusion,calc_expressions,compile_and_first_batch/text/op=54/16/unicode=false,135,16871,0,3814
streamfusion,calc_expressions,text/op=59/16/unicode=false,27,9082,2,3812
streamfusion,calc_expressions,compile_and_first_batch/text/op=59/16/unicode=false,123,16545,2,3812
streamfusion,calc_expressions,text/op=60/16/unicode=false,31,8888,0,3814
streamfusion,calc_expressions,compile_and_first_batch/text/op=60/16/unicode=false,135,16871,0,3814
streamfusion,calc_expressions,text/op=61/16/unicode=false,31,8888,0,3814
streamfusion,calc_expressions,compile_and_first_batch/text/op=61/16/unicode=false,135,16871,0,3814
streamfusion,calc_expressions,text/op=95/16/unicode=false,22,1822,2,484
streamfusion,calc_expressions,compile_and_first_batch/text/op=95/16/unicode=false,113,8867,2,484
streamfusion,calc_expressions,text/op=96/16/unicode=false,22,2134,2,796
streamfusion,calc_expressions,compile_and_first_batch/text/op=96/16/unicode=false,113,9188,2,796
streamfusion,calc_expressions,text/op=97/16/unicode=false,22,2238,2,900
streamfusion,calc_expressions,compile_and_first_batch/text/op=97/16/unicode=false,113,9292,2,900
streamfusion,calc_expressions,text/op=98/16/unicode=false,22,2654,2,1316
streamfusion,calc_expressions,compile_and_first_batch/text/op=98/16/unicode=false,113,9708,2,1316
streamfusion,calc_expressions,text/op=99/16/unicode=false,22,3070,2,1732
streamfusion,calc_expressions,compile_and_first_batch/text/op=99/16/unicode=false,113,10124,2,1732
streamfusion,calc_expressions,text/op=143/16/unicode=false,22,1926,2,588
streamfusion,calc_expressions,compile_and_first_batch/text/op=143/16/unicode=false,113,8974,2,588
streamfusion,calc_expressions,like/16/unicode=false,22,1165,2,2
streamfusion,calc_expressions,compile_and_first_batch/like/16/unicode=false,87,7021,2,2
streamfusion,calc_expressions,position/16/unicode=false,23,1447,0,66
streamfusion,calc_expressions,compile_and_first_batch/position/16/unicode=false,122,9250,0,66
streamfusion,calc_expressions,replace/16/unicode=false,46,10860,2,3396
streamfusion,calc_expressions,compile_and_first_batch/replace/16/unicode=false,156,19533,2,3396
streamfusion,calc_expressions,repeat/16/unicode=false,27,13986,2,11300
streamfusion,calc_expressions,compile_and_first_batch/repeat/16/unicode=false,123,21801,2,11300
streamfusion,calc_expressions,concat/16/unicode=false,28,10404,2,3890
streamfusion,calc_expressions,compile_and_first_batch/concat/16/unicode=false,129,18165,2,3890
streamfusion,calc_expressions,concat_ws/16/unicode=false,28,9343,0,7569
streamfusion,calc_expressions,compile_and_first_batch/concat_ws/16/unicode=false,143,18353,0,7569
streamfusion,calc_expressions,floating/op=63/16/unicode=false,20,1387,2,128
streamfusion,calc_expressions,compile_and_first_batch/floating/op=63/16/unicode=false,128,9688,2,128
streamfusion,calc_expressions,floating/op=64/16/unicode=false,20,1387,2,128
streamfusion,calc_expressions,compile_and_first_batch/floating/op=64/16/unicode=false,128,9679,2,128
streamfusion,calc_expressions,floating/op=72/16/unicode=false,21,1451,2,128
streamfusion,calc_expressions,compile_and_first_batch/floating/op=72/16/unicode=false,113,8566,2,128
streamfusion,calc_expressions,floating/op=73/16/unicode=false,21,1451,2,128
streamfusion,calc_expressions,compile_and_first_batch/floating/op=73/16/unicode=false,113,8563,2,128
streamfusion,calc_expressions,floating/op=74/16/unicode=false,21,1451,2,128
streamfusion,calc_expressions,compile_and_first_batch/floating/op=74/16/unicode=false,113,8566,2,128
streamfusion,calc_expressions,floating/op=75/16/unicode=false,21,1451,2,128
streamfusion,calc_expressions,compile_and_first_batch/floating/op=75/16/unicode=false,113,8566,2,128
streamfusion,calc_expressions,floating/op=76/16/unicode=false,21,1451,2,128
streamfusion,calc_expressions,compile_and_first_batch/floating/op=76/16/unicode=false,113,8566,2,128
streamfusion,calc_expressions,floating/op=77/16/unicode=false,21,1451,2,128
streamfusion,calc_expressions,compile_and_first_batch/floating/op=77/16/unicode=false,113,8569,2,128
streamfusion,calc_expressions,floating/op=78/16/unicode=false,21,1451,2,128
streamfusion,calc_expressions,compile_and_first_batch/floating/op=78/16/unicode=false,113,8569,2,128
streamfusion,calc_expressions,floating/op=79/16/unicode=false,21,1451,2,128
streamfusion,calc_expressions,compile_and_first_batch/floating/op=79/16/unicode=false,113,8569,2,128
streamfusion,calc_expressions,floating/op=80/16/unicode=false,21,1451,2,128
streamfusion,calc_expressions,compile_and_first_batch/floating/op=80/16/unicode=false,113,8572,2,128
streamfusion,calc_expressions,power/16/unicode=false,26,1715,2,128
streamfusion,calc_expressions,compile_and_first_batch/power/16/unicode=false,151,11617,2,128
streamfusion,calc_expressions,round/16/unicode=false,33,2234,2,128
streamfusion,calc_expressions,compile_and_first_batch/round/16/unicode=false,200,14905,2,128
streamfusion,calc_expressions,date_format/16/unicode=false,48,8273,0,200
streamfusion,calc_expressions,compile_and_first_batch/date_format/16/unicode=false,148,16015,0,200
streamfusion,calc_expressions,date_format_ltz/16/unicode=false,56,9045,0,200
streamfusion,calc_expressions,compile_and_first_batch/date_format_ltz/16/unicode=false,167,17604,0,200
streamfusion,calc_expressions,extract/16/unicode=false,34,2423,0,130
streamfusion,calc_expressions,compile_and_first_batch/extract/16/unicode=false,134,10155,0,130
streamfusion,calc_expressions,extract_ltz/16/unicode=false,42,3195,0,130
streamfusion,calc_expressions,compile_and_first_batch/extract_ltz/16/unicode=false,153,11744,0,130
streamfusion,calc_expressions,regexp_extract/16/unicode=false,253,34638,0,135
streamfusion,calc_expressions,compile_and_first_batch/regexp_extract/16/unicode=false,359,43060,0,135
streamfusion,calc_expressions,timestamp_from_millis/16/unicode=false,34,2125,0,194
streamfusion,calc_expressions,compile_and_first_batch/timestamp_from_millis/16/unicode=false,127,9347,0,194
streamfusion,calc_expressions,interval_scale/16/unicode=false,28,2005,0,130
streamfusion,calc_expressions,compile_and_first_batch/interval_scale/16/unicode=false,124,9708,0,130
streamfusion,calc_expressions,case/16/unicode=false,74,12250,0,1836
streamfusion,calc_expressions,compile_and_first_batch/case/16/unicode=false,171,20365,0,1836
streamfusion,calc_expressions,narrow_integer/16/unicode=false,25,1645,0,66
streamfusion,calc_expressions,compile_and_first_batch/narrow_integer/16/unicode=false,115,8697,0,66
streamfusion,calc_expressions,widen_float/16/unicode=false,16,966,2,128
streamfusion,calc_expressions,compile_and_first_batch/widen_float/16/unicode=false,70,6214,2,128
streamfusion,calc_expressions,numeric/op=0/16/unicode=true,19,1142,2,128
streamfusion,calc_expressions,compile_and_first_batch/numeric/op=0/16/unicode=true,93,7721,2,128
streamfusion,calc_expressions,numeric/op=1/16/unicode=true,19,1142,2,128
streamfusion,calc_expressions,compile_and_first_batch/numeric/op=1/16/unicode=true,93,7721,2,128
streamfusion,calc_expressions,numeric/op=2/16/unicode=true,19,1142,2,128
streamfusion,calc_expressions,compile_and_first_batch/numeric/op=2/16/unicode=true,93,7721,2,128
streamfusion,calc_expressions,numeric/op=3/16/unicode=true,24,1749,2,128
streamfusion,calc_expressions,compile_and_first_batch/numeric/op=3/16/unicode=true,126,10042,2,128
streamfusion,calc_expressions,numeric/op=4/16/unicode=true,19,1142,2,128
streamfusion,calc_expressions,compile_and_first_batch/numeric/op=4/16/unicode=true,93,7721,2,128
streamfusion,calc_expressions,numeric/op=10/16/unicode=true,19,1014,2,8
streamfusion,calc_expressions,compile_and_first_batch/numeric/op=10/16/unicode=true,84,7241,2,8
streamfusion,calc_expressions,numeric/op=11/16/unicode=true,19,1014,2,8
streamfusion,calc_expressions,compile_and_first_batch/numeric/op=11/16/unicode=true,84,7241,2,8
streamfusion,calc_expressions,numeric/op=12/16/unicode=true,19,1014,2,8
streamfusion,calc_expressions,compile_and_first_batch/numeric/op=12/16/unicode=true,84,7241,2,8
streamfusion,calc_expressions,numeric/op=13/16/unicode=true,19,1014,2,8
streamfusion,calc_expressions,compile_and_first_batch/numeric/op=13/16/unicode=true,84,7241,2,8
streamfusion,calc_expressions,numeric/op=14/16/unicode=true,19,1014,2,8
streamfusion,calc_expressions,compile_and_first_batch/numeric/op=14/16/unicode=true,84,7241,2,8
streamfusion,calc_expressions,numeric/op=15/16/unicode=true,19,1014,2,8
streamfusion,calc_expressions,compile_and_first_batch/numeric/op=15/16/unicode=true,84,7241,2,8
streamfusion,calc_expressions,numeric/op=5/16/unicode=true,16,966,2,128
streamfusion,calc_expressions,compile_and_first_batch/numeric/op=5/16/unicode=true,71,5990,2,128
streamfusion,calc_expressions,numeric/op=30/16/unicode=true,16,838,0,8
streamfusion,calc_expressions,compile_and_first_batch/numeric/op=30/16/unicode=true,70,5798,0,8
streamfusion,calc_expressions,numeric/op=31/16/unicode=true,14,774,2,0
streamfusion,calc_expressions,compile_and_first_batch/numeric/op=31/16/unicode=true,68,5734,2,0
streamfusion,calc_expressions,numeric/op=62/16/unicode=true,21,1453,2,128
streamfusion,calc_expressions,compile_and_first_batch/numeric/op=62/16/unicode=true,111,8472,2,128
streamfusion,calc_expressions,boolean/op=20/16/unicode=true,18,958,0,10
streamfusion,calc_expressions,compile_and_first_batch/boolean/op=20/16/unicode=true,84,6856,0,10
streamfusion,calc_expressions,boolean/op=21/16/unicode=true,18,958,0,10
streamfusion,calc_expressions,compile_and_first_batch/boolean/op=21/16/unicode=true,84,6856,0,10
streamfusion,calc_expressions,boolean/op=22/16/unicode=true,16,838,2,8
streamfusion,calc_expressions,compile_and_first_batch/boolean/op=22/16/unicode=true,73,6038,2,8
streamfusion,calc_expressions,boolean/op=32/16/unicode=true,21,1126,0,8
streamfusion,calc_expressions,compile_and_first_batch/boolean/op=32/16/unicode=true,84,6871,0,8
streamfusion,calc_expressions,boolean/op=33/16/unicode=true,21,1150,0,8
streamfusion,calc_expressions,compile_and_first_batch/boolean/op=33/16/unicode=true,84,6895,0,8
streamfusion,calc_expressions,boolean/op=34/16/unicode=true,21,1063,0,8
streamfusion,calc_expressions,compile_and_first_batch/boolean/op=34/16/unicode=true,84,6808,0,8
streamfusion,calc_expressions,boolean/op=35/16/unicode=true,21,1087,0,8
streamfusion,calc_expressions,compile_and_first_batch/boolean/op=35/16/unicode=true,84,6832,0,8
streamfusion,calc_expressions,text/op=50/16/unicode=true,36,10978,2,4748
streamfusion,calc_expressions,compile_and_first_batch/text/op=50/16/unicode=true,126,18003,2,4748
streamfusion,calc_expressions,text/op=51/16/unicode=true,36,10978,2,4748
streamfusion,calc_expressions,compile_and_first_batch/text/op=51/16/unicode=true,126,18003,2,4748
streamfusion,calc_expressions,text/op=52/16/unicode=true,21,1386,2,64
streamfusion,calc_expressions,compile_and_first_batch/text/op=52/16/unicode=true,115,8636,2,64
streamfusion,calc_expressions,text/op=54/16/unicode=true,32,17080,0,4750
streamfusion,calc_expressions,compile_and_first_batch/text/op=54/16/unicode=true,136,25063,0,4750
streamfusion,calc_expressions,text/op=59/16/unicode=true,30,17616,2,4748
streamfusion,calc_expressions,compile_and_first_batch/text/op=59/16/unicode=true,126,25079,2,4748
streamfusion,calc_expressions,text/op=60/16/unicode=true,32,17080,0,4750
streamfusion,calc_expressions,compile_and_first_batch/text/op=60/16/unicode=true,136,25063,0,4750
streamfusion,calc_expressions,text/op=61/16/unicode=true,32,17080,0,4750
streamfusion,calc_expressions,compile_and_first_batch/text/op=61/16/unicode=true,136,25063,0,4750
streamfusion,calc_expressions,text/op=95/16/unicode=true,22,1822,2,484
streamfusion,calc_expressions,compile_and_first_batch/text/op=95/16/unicode=true,113,8867,2,484
streamfusion,calc_expressions,text/op=96/16/unicode=true,22,2134,2,796
streamfusion,calc_expressions,compile_and_first_batch/text/op=96/16/unicode=true,113,9188,2,796
streamfusion,calc_expressions,text/op=97/16/unicode=true,22,2238,2,900
streamfusion,calc_expressions,compile_and_first_batch/text/op=97/16/unicode=true,113,9292,2,900
streamfusion,calc_expressions,text/op=98/16/unicode=true,22,2654,2,1316
streamfusion,calc_expressions,compile_and_first_batch/text/op=98/16/unicode=true,113,9708,2,1316
streamfusion,calc_expressions,text/op=99/16/unicode=true,22,3070,2,1732
streamfusion,calc_expressions,compile_and_first_batch/text/op=99/16/unicode=true,113,10124,2,1732
streamfusion,calc_expressions,text/op=143/16/unicode=true,22,1926,2,588
streamfusion,calc_expressions,compile_and_first_batch/text/op=143/16/unicode=true,113,8974,2,588
streamfusion,calc_expressions,like/16/unicode=true,22,1165,2,2
streamfusion,calc_expressions,compile_and_first_batch/like/16/unicode=true,87,7021,2,2
streamfusion,calc_expressions,position/16/unicode=true,23,1447,0,66
streamfusion,calc_expressions,compile_and_first_batch/position/16/unicode=true,122,9250,0,66
streamfusion,calc_expressions,replace/16/unicode=true,47,19052,2,4436
streamfusion,calc_expressions,compile_and_first_batch/replace/16/unicode=true,157,27725,2,4436
streamfusion,calc_expressions,repeat/16/unicode=true,27,17018,2,14108
streamfusion,calc_expressions,compile_and_first_batch/repeat/16/unicode=true,123,24833,2,14108
streamfusion,calc_expressions,concat/16/unicode=true,28,12636,2,4826
streamfusion,calc_expressions,compile_and_first_batch/concat/16/unicode=true,129,20397,2,4826
streamfusion,calc_expressions,concat_ws/16/unicode=true,28,11199,0,9441
streamfusion,calc_expressions,compile_and_first_batch/concat_ws/16/unicode=true,143,20209,0,9441
streamfusion,calc_expressions,floating/op=63/16/unicode=true,20,1387,2,128
streamfusion,calc_expressions,compile_and_first_batch/floating/op=63/16/unicode=true,128,9688,2,128
streamfusion,calc_expressions,floating/op=64/16/unicode=true,20,1387,2,128
streamfusion,calc_expressions,compile_and_first_batch/floating/op=64/16/unicode=true,128,9679,2,128
streamfusion,calc_expressions,floating/op=72/16/unicode=true,21,1451,2,128
streamfusion,calc_expressions,compile_and_first_batch/floating/op=72/16/unicode=true,113,8566,2,128
streamfusion,calc_expressions,floating/op=73/16/unicode=true,21,1451,2,128
streamfusion,calc_expressions,compile_and_first_batch/floating/op=73/16/unicode=true,113,8563,2,128
streamfusion,calc_expressions,floating/op=74/16/unicode=true,21,1451,2,128
streamfusion,calc_expressions,compile_and_first_batch/floating/op=74/16/unicode=true,113,8566,2,128
streamfusion,calc_expressions,floating/op=75/16/unicode=true,21,1451,2,128
streamfusion,calc_expressions,compile_and_first_batch/floating/op=75/16/unicode=true,113,8566,2,128
streamfusion,calc_expressions,floating/op=76/16/unicode=true,21,1451,2,128
streamfusion,calc_expressions,compile_and_first_batch/floating/op=76/16/unicode=true,113,8566,2,128
streamfusion,calc_expressions,floating/op=77/16/unicode=true,21,1451,2,128
streamfusion,calc_expressions,compile_and_first_batch/floating/op=77/16/unicode=true,113,8569,2,128
streamfusion,calc_expressions,floating/op=78/16/unicode=true,21,1451,2,128
streamfusion,calc_expressions,compile_and_first_batch/floating/op=78/16/unicode=true,113,8569,2,128
streamfusion,calc_expressions,floating/op=79/16/unicode=true,21,1451,2,128
streamfusion,calc_expressions,compile_and_first_batch/floating/op=79/16/unicode=true,113,8569,2,128
streamfusion,calc_expressions,floating/op=80/16/unicode=true,21,1451,2,128
streamfusion,calc_expressions,compile_and_first_batch/floating/op=80/16/unicode=true,113,8572,2,128
streamfusion,calc_expressions,power/16/unicode=true,26,1715,2,128
streamfusion,calc_expressions,compile_and_first_batch/power/16/unicode=true,151,11617,2,128
streamfusion,calc_expressions,round/16/unicode=true,33,2234,2,128
streamfusion,calc_expressions,compile_and_first_batch/round/16/unicode=true,200,14905,2,128
streamfusion,calc_expressions,date_format/16/unicode=true,48,8273,0,200
streamfusion,calc_expressions,compile_and_first_batch/date_format/16/unicode=true,148,16015,0,200
streamfusion,calc_expressions,date_format_ltz/16/unicode=true,56,9045,0,200
streamfusion,calc_expressions,compile_and_first_batch/date_format_ltz/16/unicode=true,167,17604,0,200
streamfusion,calc_expressions,extract/16/unicode=true,34,2423,0,130
streamfusion,calc_expressions,compile_and_first_batch/extract/16/unicode=true,134,10155,0,130
streamfusion,calc_expressions,extract_ltz/16/unicode=true,42,3195,0,130
streamfusion,calc_expressions,compile_and_first_batch/extract_ltz/16/unicode=true,153,11744,0,130
streamfusion,calc_expressions,regexp_extract/16/unicode=true,253,34638,0,135
streamfusion,calc_expressions,compile_and_first_batch/regexp_extract/16/unicode=true,359,43060,0,135
streamfusion,calc_expressions,timestamp_from_millis/16/unicode=true,34,2125,0,194
streamfusion,calc_expressions,compile_and_first_batch/timestamp_from_millis/16/unicode=true,127,9347,0,194
streamfusion,calc_expressions,interval_scale/16/unicode=true,28,2005,0,130
streamfusion,calc_expressions,compile_and_first_batch/interval_scale/16/unicode=true,124,9708,0,130
streamfusion,calc_expressions,case/16/unicode=true,74,14146,0,2268
streamfusion,calc_expressions,compile_and_first_batch/case/16/unicode=true,171,22261,0,2268
streamfusion,calc_expressions,narrow_integer/16/unicode=true,25,1645,0,66
streamfusion,calc_expressions,compile_and_first_batch/narrow_integer/16/unicode=true,115,8697,0,66
streamfusion,calc_expressions,widen_float/16/unicode=true,16,966,2,128
streamfusion,calc_expressions,compile_and_first_batch/widen_float/16/unicode=true,70,6214,2,128
streamfusion,calc_expressions,numeric/op=0/1024/unicode=false,19,9206,128,8192
streamfusion,calc_expressions,compile_and_first_batch/numeric/op=0/1024/unicode=false,93,15785,128,8192
streamfusion,calc_expressions,numeric/op=1/1024/unicode=false,19,9206,128,8192
streamfusion,calc_expressions,compile_and_first_batch/numeric/op=1/1024/unicode=false,93,15785,128,8192
streamfusion,calc_expressions,numeric/op=2/1024/unicode=false,19,9206,128,8192
streamfusion,calc_expressions,compile_and_first_batch/numeric/op=2/1024/unicode=false,93,15785,128,8192
streamfusion,calc_expressions,numeric/op=3/1024/unicode=false,24,17877,128,8192
streamfusion,calc_expressions,compile_and_first_batch/numeric/op=3/1024/unicode=false,126,26170,128,8192
streamfusion,calc_expressions,numeric/op=4/1024/unicode=false,19,9206,128,8192
streamfusion,calc_expressions,compile_and_first_batch/numeric/op=4/1024/unicode=false,93,15785,128,8192
streamfusion,calc_expressions,numeric/op=10/1024/unicode=false,19,1134,128,128
streamfusion,calc_expressions,compile_and_first_batch/numeric/op=10/1024/unicode=false,84,7361,128,128
streamfusion,calc_expressions,numeric/op=11/1024/unicode=false,19,1134,128,128
streamfusion,calc_expressions,compile_and_first_batch/numeric/op=11/1024/unicode=false,84,7361,128,128
streamfusion,calc_expressions,numeric/op=12/1024/unicode=false,19,1134,128,128
streamfusion,calc_expressions,compile_and_first_batch/numeric/op=12/1024/unicode=false,84,7361,128,128
streamfusion,calc_expressions,numeric/op=13/1024/unicode=false,19,1134,128,128
streamfusion,calc_expressions,compile_and_first_batch/numeric/op=13/1024/unicode=false,84,7361,128,128
streamfusion,calc_expressions,numeric/op=14/1024/unicode=false,19,1134,128,128
streamfusion,calc_expressions,compile_and_first_batch/numeric/op=14/1024/unicode=false,84,7361,128,128
streamfusion,calc_expressions,numeric/op=15/1024/unicode=false,19,1134,128,128
streamfusion,calc_expressions,compile_and_first_batch/numeric/op=15/1024/unicode=false,84,7361,128,128
streamfusion,calc_expressions,numeric/op=5/1024/unicode=false,16,9030,128,8192
streamfusion,calc_expressions,compile_and_first_batch/numeric/op=5/1024/unicode=false,71,14054,128,8192
streamfusion,calc_expressions,numeric/op=30/1024/unicode=false,16,958,0,128
streamfusion,calc_expressions,compile_and_first_batch/numeric/op=30/1024/unicode=false,70,5918,0,128
streamfusion,calc_expressions,numeric/op=31/1024/unicode=false,14,774,128,0
streamfusion,calc_expressions,compile_and_first_batch/numeric/op=31/1024/unicode=false,68,5734,128,0
streamfusion,calc_expressions,numeric/op=62/1024/unicode=false,21,9517,128,8192
streamfusion,calc_expressions,compile_and_first_batch/numeric/op=62/1024/unicode=false,111,16536,128,8192
streamfusion,calc_expressions,boolean/op=20/1024/unicode=false,18,1142,0,256
streamfusion,calc_expressions,compile_and_first_batch/boolean/op=20/1024/unicode=false,84,7040,0,256
streamfusion,calc_expressions,boolean/op=21/1024/unicode=false,18,1142,0,256
streamfusion,calc_expressions,compile_and_first_batch/boolean/op=21/1024/unicode=false,84,7040,0,256
streamfusion,calc_expressions,boolean/op=22/1024/unicode=false,16,958,128,128
streamfusion,calc_expressions,compile_and_first_batch/boolean/op=22/1024/unicode=false,73,6158,128,128
streamfusion,calc_expressions,boolean/op=32/1024/unicode=false,21,1366,0,128
streamfusion,calc_expressions,compile_and_first_batch/boolean/op=32/1024/unicode=false,84,7111,0,128
streamfusion,calc_expressions,boolean/op=33/1024/unicode=false,21,1374,0,136
streamfusion,calc_expressions,compile_and_first_batch/boolean/op=33/1024/unicode=false,84,7119,0,136
streamfusion,calc_expressions,boolean/op=34/1024/unicode=false,21,1303,0,128
streamfusion,calc_expressions,compile_and_first_batch/boolean/op=34/1024/unicode=false,84,7048,0,128
streamfusion,calc_expressions,boolean/op=35/1024/unicode=false,21,1311,0,136
streamfusion,calc_expressions,compile_and_first_batch/boolean/op=35/1024/unicode=false,84,7056,0,136
streamfusion,calc_expressions,text/op=50/1024/unicode=false,20,253858,4228,252576
streamfusion,calc_expressions,compile_and_first_batch/text/op=50/1024/unicode=false,110,260883,4228,252576
streamfusion,calc_expressions,text/op=51/1024/unicode=false,20,253858,4228,252576
streamfusion,calc_expressions,compile_and_first_batch/text/op=51/1024/unicode=false,110,260883,4228,252576
streamfusion,calc_expressions,text/op=52/1024/unicode=false,21,5418,128,4096
streamfusion,calc_expressions,compile_and_first_batch/text/op=52/1024/unicode=false,115,12668,128,4096
streamfusion,calc_expressions,text/op=54/1024/unicode=false,37,529080,0,256804
streamfusion,calc_expressions,compile_and_first_batch/text/op=54/1024/unicode=false,141,537063,0,256804
streamfusion,calc_expressions,text/op=59/1024/unicode=false,33,529210,128,256676
streamfusion,calc_expressions,compile_and_first_batch/text/op=59/1024/unicode=false,129,536673,128,256676
streamfusion,calc_expressions,text/op=60/1024/unicode=false,37,529080,0,256804
streamfusion,calc_expressions,compile_and_first_batch/text/op=60/1024/unicode=false,141,537063,0,256804
streamfusion,calc_expressions,text/op=61/1024/unicode=false,37,529080,0,256804
streamfusion,calc_expressions,compile_and_first_batch/text/op=61/1024/unicode=false,141,537063,0,256804
streamfusion,calc_expressions,text/op=95/1024/unicode=false,22,33502,128,32164
streamfusion,calc_expressions,compile_and_first_batch/text/op=95/1024/unicode=false,113,40547,128,32164
streamfusion,calc_expressions,text/op=96/1024/unicode=false,22,54550,128,53212
streamfusion,calc_expressions,compile_and_first_batch/text/op=96/1024/unicode=false,113,61604,128,53212
streamfusion,calc_expressions,text/op=97/1024/unicode=false,22,61566,128,60228
streamfusion,calc_expressions,compile_and_first_batch/text/op=97/1024/unicode=false,113,68620,128,60228
streamfusion,calc_expressions,text/op=98/1024/unicode=false,22,89630,128,88292
streamfusion,calc_expressions,compile_and_first_batch/text/op=98/1024/unicode=false,113,96684,128,88292
streamfusion,calc_expressions,text/op=99/1024/unicode=false,22,117694,128,116356
streamfusion,calc_expressions,compile_and_first_batch/text/op=99/1024/unicode=false,113,124748,128,116356
streamfusion,calc_expressions,text/op=143/1024/unicode=false,22,40518,128,39180
streamfusion,calc_expressions,compile_and_first_batch/text/op=143/1024/unicode=false,113,47566,128,39180
streamfusion,calc_expressions,like/1024/unicode=false,22,1285,128,128
streamfusion,calc_expressions,compile_and_first_batch/like/1024/unicode=false,87,7141,128,128
streamfusion,calc_expressions,position/1024/unicode=false,23,5543,0,4224
streamfusion,calc_expressions,compile_and_first_batch/position/1024/unicode=false,122,13346,0,4224
streamfusion,calc_expressions,replace/1024/unicode=false,52,548076,128,228612
streamfusion,calc_expressions,compile_and_first_batch/replace/1024/unicode=false,162,556749,128,228612
streamfusion,calc_expressions,repeat/1024/unicode=false,27,772578,128,761828
streamfusion,calc_expressions,compile_and_first_batch/repeat/1024/unicode=false,123,780393,128,761828
streamfusion,calc_expressions,concat/1024/unicode=false,34,595044,128,261938
streamfusion,calc_expressions,compile_and_first_batch/concat/1024/unicode=false,135,602805,128,261938
streamfusion,calc_expressions,concat_ws/1024/unicode=false,28,511999,0,510129
streamfusion,calc_expressions,compile_and_first_batch/concat_ws/1024/unicode=false,143,521009,0,510129
streamfusion,calc_expressions,floating/op=63/1024/unicode=false,20,9451,128,8192
streamfusion,calc_expressions,compile_and_first_batch/floating/op=63/1024/unicode=false,128,17752,128,8192
streamfusion,calc_expressions,floating/op=64/1024/unicode=false,20,9451,128,8192
streamfusion,calc_expressions,compile_and_first_batch/floating/op=64/1024/unicode=false,128,17743,128,8192
streamfusion,calc_expressions,floating/op=72/1024/unicode=false,21,9515,128,8192
streamfusion,calc_expressions,compile_and_first_batch/floating/op=72/1024/unicode=false,113,16630,128,8192
streamfusion,calc_expressions,floating/op=73/1024/unicode=false,21,9515,128,8192
streamfusion,calc_expressions,compile_and_first_batch/floating/op=73/1024/unicode=false,113,16627,128,8192
streamfusion,calc_expressions,floating/op=74/1024/unicode=false,21,9515,128,8192
streamfusion,calc_expressions,compile_and_first_batch/floating/op=74/1024/unicode=false,113,16630,128,8192
streamfusion,calc_expressions,floating/op=75/1024/unicode=false,21,9515,128,8192
streamfusion,calc_expressions,compile_and_first_batch/floating/op=75/1024/unicode=false,113,16630,128,8192
streamfusion,calc_expressions,floating/op=76/1024/unicode=false,21,9515,128,8192
streamfusion,calc_expressions,compile_and_first_batch/floating/op=76/1024/unicode=false,113,16630,128,8192
streamfusion,calc_expressions,floating/op=77/1024/unicode=false,21,9515,128,8192
streamfusion,calc_expressions,compile_and_first_batch/floating/op=77/1024/unicode=false,113,16633,128,8192
streamfusion,calc_expressions,floating/op=78/1024/unicode=false,21,9515,128,8192
streamfusion,calc_expressions,compile_and_first_batch/floating/op=78/1024/unicode=false,113,16633,128,8192
streamfusion,calc_expressions,floating/op=79/1024/unicode=false,21,9515,128,8192
streamfusion,calc_expressions,compile_and_first_batch/floating/op=79/1024/unicode=false,113,16633,128,8192
streamfusion,calc_expressions,floating/op=80/1024/unicode=false,21,9515,128,8192
streamfusion,calc_expressions,compile_and_first_batch/floating/op=80/1024/unicode=false,113,16636,128,8192
streamfusion,calc_expressions,power/1024/unicode=false,26,9779,128,8192
streamfusion,calc_expressions,compile_and_first_batch/power/1024/unicode=false,151,19681,128,8192
streamfusion,calc_expressions,round/1024/unicode=false,33,10298,128,8192
streamfusion,calc_expressions,compile_and_first_batch/round/1024/unicode=false,200,22969,128,8192
streamfusion,calc_expressions,date_format/1024/unicode=false,52,59153,0,12998
streamfusion,calc_expressions,compile_and_first_batch/date_format/1024/unicode=false,152,66895,0,12998
streamfusion,calc_expressions,date_format_ltz/1024/unicode=false,60,80085,0,12998
streamfusion,calc_expressions,compile_and_first_batch/date_format_ltz/1024/unicode=false,171,88644,0,12998
streamfusion,calc_expressions,extract/1024/unicode=false,34,26679,0,8320
streamfusion,calc_expressions,compile_and_first_batch/extract/1024/unicode=false,134,34411,0,8320
streamfusion,calc_expressions,extract_ltz/1024/unicode=false,42,47611,0,8320
streamfusion,calc_expressions,compile_and_first_batch/extract_ltz/1024/unicode=false,153,56160,0,8320
streamfusion,calc_expressions,regexp_extract/1024/unicode=false,1120,95758,0,8613
streamfusion,calc_expressions,compile_and_first_batch/regexp_extract/1024/unicode=false,1226,104180,0,8613
streamfusion,calc_expressions,timestamp_from_millis/1024/unicode=false,52,28397,0,12416
streamfusion,calc_expressions,compile_and_first_batch/timestamp_from_millis/1024/unicode=false,145,35619,0,12416
streamfusion,calc_expressions,interval_scale/1024/unicode=false,28,18197,0,8320
streamfusion,calc_expressions,compile_and_first_batch/interval_scale/1024/unicode=false,124,25900,0,8320
streamfusion,calc_expressions,case/1024/unicode=false,77,534066,0,132588
streamfusion,calc_expressions,compile_and_first_batch/case/1024/unicode=false,174,542181,0,132588
streamfusion,calc_expressions,narrow_integer/1024/unicode=false,25,5741,0,4224
streamfusion,calc_expressions,compile_and_first_batch/narrow_integer/1024/unicode=false,115,12793,0,4224
streamfusion,calc_expressions,widen_float/1024/unicode=false,16,9030,128,8192
streamfusion,calc_expressions,compile_and_first_batch/widen_float/1024/unicode=false,70,14278,128,8192
streamfusion,calc_expressions,numeric/op=0/1024/unicode=true,19,9206,128,8192
streamfusion,calc_expressions,compile_and_first_batch/numeric/op=0/1024/unicode=true,93,15785,128,8192
streamfusion,calc_expressions,numeric/op=1/1024/unicode=true,19,9206,128,8192
streamfusion,calc_expressions,compile_and_first_batch/numeric/op=1/1024/unicode=true,93,15785,128,8192
streamfusion,calc_expressions,numeric/op=2/1024/unicode=true,19,9206,128,8192
streamfusion,calc_expressions,compile_and_first_batch/numeric/op=2/1024/unicode=true,93,15785,128,8192
streamfusion,calc_expressions,numeric/op=3/1024/unicode=true,24,17877,128,8192
streamfusion,calc_expressions,compile_and_first_batch/numeric/op=3/1024/unicode=true,126,26170,128,8192
streamfusion,calc_expressions,numeric/op=4/1024/unicode=true,19,9206,128,8192
streamfusion,calc_expressions,compile_and_first_batch/numeric/op=4/1024/unicode=true,93,15785,128,8192
streamfusion,calc_expressions,numeric/op=10/1024/unicode=true,19,1134,128,128
streamfusion,calc_expressions,compile_and_first_batch/numeric/op=10/1024/unicode=true,84,7361,128,128
streamfusion,calc_expressions,numeric/op=11/1024/unicode=true,19,1134,128,128
streamfusion,calc_expressions,compile_and_first_batch/numeric/op=11/1024/unicode=true,84,7361,128,128
streamfusion,calc_expressions,numeric/op=12/1024/unicode=true,19,1134,128,128
streamfusion,calc_expressions,compile_and_first_batch/numeric/op=12/1024/unicode=true,84,7361,128,128
streamfusion,calc_expressions,numeric/op=13/1024/unicode=true,19,1134,128,128
streamfusion,calc_expressions,compile_and_first_batch/numeric/op=13/1024/unicode=true,84,7361,128,128
streamfusion,calc_expressions,numeric/op=14/1024/unicode=true,19,1134,128,128
streamfusion,calc_expressions,compile_and_first_batch/numeric/op=14/1024/unicode=true,84,7361,128,128
streamfusion,calc_expressions,numeric/op=15/1024/unicode=true,19,1134,128,128
streamfusion,calc_expressions,compile_and_first_batch/numeric/op=15/1024/unicode=true,84,7361,128,128
streamfusion,calc_expressions,numeric/op=5/1024/unicode=true,16,9030,128,8192
streamfusion,calc_expressions,compile_and_first_batch/numeric/op=5/1024/unicode=true,71,14054,128,8192
streamfusion,calc_expressions,numeric/op=30/1024/unicode=true,16,958,0,128
streamfusion,calc_expressions,compile_and_first_batch/numeric/op=30/1024/unicode=true,70,5918,0,128
streamfusion,calc_expressions,numeric/op=31/1024/unicode=true,14,774,128,0
streamfusion,calc_expressions,compile_and_first_batch/numeric/op=31/1024/unicode=true,68,5734,128,0
streamfusion,calc_expressions,numeric/op=62/1024/unicode=true,21,9517,128,8192
streamfusion,calc_expressions,compile_and_first_batch/numeric/op=62/1024/unicode=true,111,16536,128,8192
streamfusion,calc_expressions,boolean/op=20/1024/unicode=true,18,1142,0,256
streamfusion,calc_expressions,compile_and_first_batch/boolean/op=20/1024/unicode=true,84,7040,0,256
streamfusion,calc_expressions,boolean/op=21/1024/unicode=true,18,1142,0,256
streamfusion,calc_expressions,compile_and_first_batch/boolean/op=21/1024/unicode=true,84,7040,0,256
streamfusion,calc_expressions,boolean/op=22/1024/unicode=true,16,958,128,128
streamfusion,calc_expressions,compile_and_first_batch/boolean/op=22/1024/unicode=true,73,6158,128,128
streamfusion,calc_expressions,boolean/op=32/1024/unicode=true,21,1366,0,128
streamfusion,calc_expressions,compile_and_first_batch/boolean/op=32/1024/unicode=true,84,7111,0,128
streamfusion,calc_expressions,boolean/op=33/1024/unicode=true,21,1374,0,136
streamfusion,calc_expressions,compile_and_first_batch/boolean/op=33/1024/unicode=true,84,7119,0,136
streamfusion,calc_expressions,boolean/op=34/1024/unicode=true,21,1303,0,128
streamfusion,calc_expressions,compile_and_first_batch/boolean/op=34/1024/unicode=true,84,7048,0,128
streamfusion,calc_expressions,boolean/op=35/1024/unicode=true,21,1311,0,136
streamfusion,calc_expressions,compile_and_first_batch/boolean/op=35/1024/unicode=true,84,7056,0,136
streamfusion,calc_expressions,text/op=50/1024/unicode=true,900,637090,128,319820
streamfusion,calc_expressions,compile_and_first_batch/text/op=50/1024/unicode=true,990,644115,128,319820
streamfusion,calc_expressions,text/op=51/1024/unicode=true,900,637090,128,319820
streamfusion,calc_expressions,compile_and_first_batch/text/op=51/1024/unicode=true,990,644115,128,319820
streamfusion,calc_expressions,text/op=52/1024/unicode=true,21,5418,128,4096
streamfusion,calc_expressions,compile_and_first_batch/text/op=52/1024/unicode=true,115,12668,128,4096
streamfusion,calc_expressions,text/op=54/1024/unicode=true,38,1053368,0,319948
streamfusion,calc_expressions,compile_and_first_batch/text/op=54/1024/unicode=true,142,1061351,0,319948
streamfusion,calc_expressions,text/op=59/1024/unicode=true,36,1053840,128,319820
streamfusion,calc_expressions,compile_and_first_batch/text/op=59/1024/unicode=true,132,1061303,128,319820
streamfusion,calc_expressions,text/op=60/1024/unicode=true,38,1053368,0,319948
streamfusion,calc_expressions,compile_and_first_batch/text/op=60/1024/unicode=true,142,1061351,0,319948
streamfusion,calc_expressions,text/op=61/1024/unicode=true,38,1053368,0,319948
streamfusion,calc_expressions,compile_and_first_batch/text/op=61/1024/unicode=true,142,1061351,0,319948
streamfusion,calc_expressions,text/op=95/1024/unicode=true,22,33502,128,32164
streamfusion,calc_expressions,compile_and_first_batch/text/op=95/1024/unicode=true,113,40547,128,32164
streamfusion,calc_expressions,text/op=96/1024/unicode=true,22,54550,128,53212
streamfusion,calc_expressions,compile_and_first_batch/text/op=96/1024/unicode=true,113,61604,128,53212
streamfusion,calc_expressions,text/op=97/1024/unicode=true,22,61566,128,60228
streamfusion,calc_expressions,compile_and_first_batch/text/op=97/1024/unicode=true,113,68620,128,60228
streamfusion,calc_expressions,text/op=98/1024/unicode=true,22,89630,128,88292
streamfusion,calc_expressions,compile_and_first_batch/text/op=98/1024/unicode=true,113,96684,128,88292
streamfusion,calc_expressions,text/op=99/1024/unicode=true,22,117694,128,116356
streamfusion,calc_expressions,compile_and_first_batch/text/op=99/1024/unicode=true,113,124748,128,116356
streamfusion,calc_expressions,text/op=143/1024/unicode=true,22,40518,128,39180
streamfusion,calc_expressions,compile_and_first_batch/text/op=143/1024/unicode=true,113,47566,128,39180
streamfusion,calc_expressions,like/1024/unicode=true,22,1285,128,128
streamfusion,calc_expressions,compile_and_first_batch/like/1024/unicode=true,87,7141,128,128
streamfusion,calc_expressions,position/1024/unicode=true,23,5543,0,4224
streamfusion,calc_expressions,compile_and_first_batch/position/1024/unicode=true,122,13346,0,4224
streamfusion,calc_expressions,replace/1024/unicode=true,53,1072364,128,298772
streamfusion,calc_expressions,compile_and_first_batch/replace/1024/unicode=true,163,1081037,128,298772
streamfusion,calc_expressions,repeat/1024/unicode=true,27,962234,128,951260
streamfusion,calc_expressions,compile_and_first_batch/repeat/1024/unicode=true,123,970049,128,951260
streamfusion,calc_expressions,concat/1024/unicode=true,34,742428,128,325082
streamfusion,calc_expressions,compile_and_first_batch/concat/1024/unicode=true,135,750189,128,325082
streamfusion,calc_expressions,concat_ws/1024/unicode=true,28,638335,0,636417
streamfusion,calc_expressions,compile_and_first_batch/concat_ws/1024/unicode=true,143,647345,0,636417
streamfusion,calc_expressions,floating/op=63/1024/unicode=true,20,9451,128,8192
streamfusion,calc_expressions,compile_and_first_batch/floating/op=63/1024/unicode=true,128,17752,128,8192
streamfusion,calc_expressions,floating/op=64/1024/unicode=true,20,9451,128,8192
streamfusion,calc_expressions,compile_and_first_batch/floating/op=64/1024/unicode=true,128,17743,128,8192
streamfusion,calc_expressions,floating/op=72/1024/unicode=true,21,9515,128,8192
streamfusion,calc_expressions,compile_and_first_batch/floating/op=72/1024/unicode=true,113,16630,128,8192
streamfusion,calc_expressions,floating/op=73/1024/unicode=true,21,9515,128,8192
streamfusion,calc_expressions,compile_and_first_batch/floating/op=73/1024/unicode=true,113,16627,128,8192
streamfusion,calc_expressions,floating/op=74/1024/unicode=true,21,9515,128,8192
streamfusion,calc_expressions,compile_and_first_batch/floating/op=74/1024/unicode=true,113,16630,128,8192
streamfusion,calc_expressions,floating/op=75/1024/unicode=true,21,9515,128,8192
streamfusion,calc_expressions,compile_and_first_batch/floating/op=75/1024/unicode=true,113,16630,128,8192
streamfusion,calc_expressions,floating/op=76/1024/unicode=true,21,9515,128,8192
streamfusion,calc_expressions,compile_and_first_batch/floating/op=76/1024/unicode=true,113,16630,128,8192
streamfusion,calc_expressions,floating/op=77/1024/unicode=true,21,9515,128,8192
streamfusion,calc_expressions,compile_and_first_batch/floating/op=77/1024/unicode=true,113,16633,128,8192
streamfusion,calc_expressions,floating/op=78/1024/unicode=true,21,9515,128,8192
streamfusion,calc_expressions,compile_and_first_batch/floating/op=78/1024/unicode=true,113,16633,128,8192
streamfusion,calc_expressions,floating/op=79/1024/unicode=true,21,9515,128,8192
streamfusion,calc_expressions,compile_and_first_batch/floating/op=79/1024/unicode=true,113,16633,128,8192
streamfusion,calc_expressions,floating/op=80/1024/unicode=true,21,9515,128,8192
streamfusion,calc_expressions,compile_and_first_batch/floating/op=80/1024/unicode=true,113,16636,128,8192
streamfusion,calc_expressions,power/1024/unicode=true,26,9779,128,8192
streamfusion,calc_expressions,compile_and_first_batch/power/1024/unicode=true,151,19681,128,8192
streamfusion,calc_expressions,round/1024/unicode=true,33,10298,128,8192
streamfusion,calc_expressions,compile_and_first_batch/round/1024/unicode=true,200,22969,128,8192
streamfusion,calc_expressions,date_format/1024/unicode=true,52,59153,0,12998
streamfusion,calc_expressions,compile_and_first_batch/date_format/1024/unicode=true,152,66895,0,12998
streamfusion,calc_expressions,date_format_ltz/1024/unicode=true,60,80085,0,12998
streamfusion,calc_expressions,compile_and_first_batch/date_format_ltz/1024/unicode=true,171,88644,0,12998
streamfusion,calc_expressions,extract/1024/unicode=true,34,26679,0,8320
streamfusion,calc_expressions,compile_and_first_batch/extract/1024/unicode=true,134,34411,0,8320
streamfusion,calc_expressions,extract_ltz/1024/unicode=true,42,47611,0,8320
streamfusion,calc_expressions,compile_and_first_batch/extract_ltz/1024/unicode=true,153,56160,0,8320
streamfusion,calc_expressions,regexp_extract/1024/unicode=true,1120,95758,0,8613
streamfusion,calc_expressions,compile_and_first_batch/regexp_extract/1024/unicode=true,1226,104180,0,8613
streamfusion,calc_expressions,timestamp_from_millis/1024/unicode=true,52,28397,0,12416
streamfusion,calc_expressions,compile_and_first_batch/timestamp_from_millis/1024/unicode=true,145,35619,0,12416
streamfusion,calc_expressions,interval_scale/1024/unicode=true,28,18197,0,8320
streamfusion,calc_expressions,compile_and_first_batch/interval_scale/1024/unicode=true,124,25900,0,8320
streamfusion,calc_expressions,case/1024/unicode=true,78,859354,0,164124
streamfusion,calc_expressions,compile_and_first_batch/case/1024/unicode=true,175,867469,0,164124
streamfusion,calc_expressions,narrow_integer/1024/unicode=true,25,5741,0,4224
streamfusion,calc_expressions,compile_and_first_batch/narrow_integer/1024/unicode=true,115,12793,0,4224
streamfusion,calc_expressions,widen_float/1024/unicode=true,16,9030,128,8192
streamfusion,calc_expressions,compile_and_first_batch/widen_float/1024/unicode=true,70,14278,128,8192
streamfusion,calc_expressions,numeric/op=0/16384/unicode=false,19,132086,2048,131072
streamfusion,calc_expressions,compile_and_first_batch/numeric/op=0/16384/unicode=false,93,138665,2048,131072
streamfusion,calc_expressions,numeric/op=1/16384/unicode=false,19,132086,2048,131072
streamfusion,calc_expressions,compile_and_first_batch/numeric/op=1/16384/unicode=false,93,138665,2048,131072
streamfusion,calc_expressions,numeric/op=2/16384/unicode=false,19,132086,2048,131072
streamfusion,calc_expressions,compile_and_first_batch/numeric/op=2/16384/unicode=false,93,138665,2048,131072
streamfusion,calc_expressions,numeric/op=3/16384/unicode=false,24,263637,2048,131072
streamfusion,calc_expressions,compile_and_first_batch/numeric/op=3/16384/unicode=false,126,271930,2048,131072
streamfusion,calc_expressions,numeric/op=4/16384/unicode=false,19,132086,2048,131072
streamfusion,calc_expressions,compile_and_first_batch/numeric/op=4/16384/unicode=false,93,138665,2048,131072
streamfusion,calc_expressions,numeric/op=10/16384/unicode=false,19,3054,2048,2048
streamfusion,calc_expressions,compile_and_first_batch/numeric/op=10/16384/unicode=false,84,9281,2048,2048
streamfusion,calc_expressions,numeric/op=11/16384/unicode=false,19,3054,2048,2048
streamfusion,calc_expressions,compile_and_first_batch/numeric/op=11/16384/unicode=false,84,9281,2048,2048
streamfusion,calc_expressions,numeric/op=12/16384/unicode=false,19,3054,2048,2048
streamfusion,calc_expressions,compile_and_first_batch/numeric/op=12/16384/unicode=false,84,9281,2048,2048
streamfusion,calc_expressions,numeric/op=13/16384/unicode=false,19,3054,2048,2048
streamfusion,calc_expressions,compile_and_first_batch/numeric/op=13/16384/unicode=false,84,9281,2048,2048
streamfusion,calc_expressions,numeric/op=14/16384/unicode=false,19,3054,2048,2048
streamfusion,calc_expressions,compile_and_first_batch/numeric/op=14/16384/unicode=false,84,9281,2048,2048
streamfusion,calc_expressions,numeric/op=15/16384/unicode=false,19,3054,2048,2048
streamfusion,calc_expressions,compile_and_first_batch/numeric/op=15/16384/unicode=false,84,9281,2048,2048
streamfusion,calc_expressions,numeric/op=5/16384/unicode=false,16,131910,2048,131072
streamfusion,calc_expressions,compile_and_first_batch/numeric/op=5/16384/unicode=false,71,136934,2048,131072
streamfusion,calc_expressions,numeric/op=30/16384/unicode=false,16,2878,0,2048
streamfusion,calc_expressions,compile_and_first_batch/numeric/op=30/16384/unicode=false,70,7838,0,2048
streamfusion,calc_expressions,numeric/op=31/16384/unicode=false,14,774,2048,0
streamfusion,calc_expressions,compile_and_first_batch/numeric/op=31/16384/unicode=false,68,5734,2048,0
streamfusion,calc_expressions,numeric/op=62/16384/unicode=false,21,132397,2048,131072
streamfusion,calc_expressions,compile_and_first_batch/numeric/op=62/16384/unicode=false,111,139416,2048,131072
streamfusion,calc_expressions,boolean/op=20/16384/unicode=false,18,4982,0,4096
streamfusion,calc_expressions,compile_and_first_batch/boolean/op=20/16384/unicode=false,84,10880,0,4096
streamfusion,calc_expressions,boolean/op=21/16384/unicode=false,18,4982,0,4096
streamfusion,calc_expressions,compile_and_first_batch/boolean/op=21/16384/unicode=false,84,10880,0,4096
streamfusion,calc_expressions,boolean/op=22/16384/unicode=false,16,2878,2048,2048
streamfusion,calc_expressions,compile_and_first_batch/boolean/op=22/16384/unicode=false,73,8078,2048,2048
streamfusion,calc_expressions,boolean/op=32/16384/unicode=false,21,5206,0,2048
streamfusion,calc_expressions,compile_and_first_batch/boolean/op=32/16384/unicode=false,84,10951,0,2048
streamfusion,calc_expressions,boolean/op=33/16384/unicode=false,21,5214,0,2056
streamfusion,calc_expressions,compile_and_first_batch/boolean/op=33/16384/unicode=false,84,10959,0,2056
streamfusion,calc_expressions,boolean/op=34/16384/unicode=false,21,5143,0,2048
streamfusion,calc_expressions,compile_and_first_batch/boolean/op=34/16384/unicode=false,84,10888,0,2048
streamfusion,calc_expressions,boolean/op=35/16384/unicode=false,21,5151,0,2056
streamfusion,calc_expressions,compile_and_first_batch/boolean/op=35/16384/unicode=false,84,10896,0,2056
streamfusion,calc_expressions,text/op=50/16384/unicode=false,20,4045666,67588,4044384
streamfusion,calc_expressions,compile_and_first_batch/text/op=50/16384/unicode=false,110,4052691,67588,4044384
streamfusion,calc_expressions,text/op=51/16384/unicode=false,20,4045666,67588,4044384
streamfusion,calc_expressions,compile_and_first_batch/text/op=51/16384/unicode=false,110,4052691,67588,4044384
streamfusion,calc_expressions,text/op=52/16384/unicode=false,21,66858,2048,65536
streamfusion,calc_expressions,compile_and_first_batch/text/op=52/16384/unicode=false,115,74108,2048,65536
streamfusion,calc_expressions,text/op=54/16384/unicode=false,41,8456760,0,4111972
streamfusion,calc_expressions,compile_and_first_batch/text/op=54/16384/unicode=false,145,8464743,0,4111972
streamfusion,calc_expressions,text/op=59/16384/unicode=false,37,8454970,2048,4109924
streamfusion,calc_expressions,compile_and_first_batch/text/op=59/16384/unicode=false,133,8462433,2048,4109924
streamfusion,calc_expressions,text/op=60/16384/unicode=false,41,8456760,0,4111972
streamfusion,calc_expressions,compile_and_first_batch/text/op=60/16384/unicode=false,145,8464743,0,4111972
streamfusion,calc_expressions,text/op=61/16384/unicode=false,41,8456760,0,4111972
streamfusion,calc_expressions,compile_and_first_batch/text/op=61/16384/unicode=false,145,8464743,0,4111972
streamfusion,calc_expressions,text/op=95/16384/unicode=false,22,516254,2048,514916
streamfusion,calc_expressions,compile_and_first_batch/text/op=95/16384/unicode=false,113,523299,2048,514916
streamfusion,calc_expressions,text/op=96/16384/unicode=false,22,853286,2048,851948
streamfusion,calc_expressions,compile_and_first_batch/text/op=96/16384/unicode=false,113,860340,2048,851948
streamfusion,calc_expressions,text/op=97/16384/unicode=false,22,965630,2048,964292
streamfusion,calc_expressions,compile_and_first_batch/text/op=97/16384/unicode=false,113,972684,2048,964292
streamfusion,calc_expressions,text/op=98/16384/unicode=false,22,1415006,2048,1413668
streamfusion,calc_expressions,compile_and_first_batch/text/op=98/16384/unicode=false,113,1422060,2048,1413668
streamfusion,calc_expressions,text/op=99/16384/unicode=false,22,1864382,2048,1863044
streamfusion,calc_expressions,compile_and_first_batch/text/op=99/16384/unicode=false,113,1871436,2048,1863044
streamfusion,calc_expressions,text/op=143/16384/unicode=false,22,628598,2048,627260
streamfusion,calc_expressions,compile_and_first_batch/text/op=143/16384/unicode=false,113,635646,2048,627260
streamfusion,calc_expressions,like/16384/unicode=false,22,3205,2048,2048
streamfusion,calc_expressions,compile_and_first_batch/like/16384/unicode=false,87,9061,2048,2048
streamfusion,calc_expressions,position/16384/unicode=false,23,68903,0,67584
streamfusion,calc_expressions,compile_and_first_batch/position/16384/unicode=false,122,76706,0,67584
streamfusion,calc_expressions,replace/16384/unicode=false,56,8734956,2048,3660548
streamfusion,calc_expressions,compile_and_first_batch/replace/16384/unicode=false,166,8743629,2048,3660548
streamfusion,calc_expressions,repeat/16384/unicode=false,27,12332322,2048,12198692
streamfusion,calc_expressions,compile_and_first_batch/repeat/16384/unicode=false,123,12340137,2048,12198692
streamfusion,calc_expressions,concat/16384/unicode=false,38,9503844,2048,4194182
streamfusion,calc_expressions,compile_and_first_batch/concat/16384/unicode=false,139,9511605,2048,4194182
streamfusion,calc_expressions,concat_ws/16384/unicode=false,28,8172415,0,8168351
streamfusion,calc_expressions,compile_and_first_batch/concat_ws/16384/unicode=false,143,8181425,0,8168351
streamfusion,calc_expressions,floating/op=63/16384/unicode=false,20,132331,2048,131072
streamfusion,calc_expressions,compile_and_first_batch/floating/op=63/16384/unicode=false,128,140632,2048,131072
streamfusion,calc_expressions,floating/op=64/16384/unicode=false,20,132331,2048,131072
streamfusion,calc_expressions,compile_and_first_batch/floating/op=64/16384/unicode=false,128,140623,2048,131072
streamfusion,calc_expressions,floating/op=72/16384/unicode=false,21,132395,2048,131072
streamfusion,calc_expressions,compile_and_first_batch/floating/op=72/16384/unicode=false,113,139510,2048,131072
streamfusion,calc_expressions,floating/op=73/16384/unicode=false,21,132395,2048,131072
streamfusion,calc_expressions,compile_and_first_batch/floating/op=73/16384/unicode=false,113,139507,2048,131072
streamfusion,calc_expressions,floating/op=74/16384/unicode=false,21,132395,2048,131072
streamfusion,calc_expressions,compile_and_first_batch/floating/op=74/16384/unicode=false,113,139510,2048,131072
streamfusion,calc_expressions,floating/op=75/16384/unicode=false,21,132395,2048,131072
streamfusion,calc_expressions,compile_and_first_batch/floating/op=75/16384/unicode=false,113,139510,2048,131072
streamfusion,calc_expressions,floating/op=76/16384/unicode=false,21,132395,2048,131072
streamfusion,calc_expressions,compile_and_first_batch/floating/op=76/16384/unicode=false,113,139510,2048,131072
streamfusion,calc_expressions,floating/op=77/16384/unicode=false,21,132395,2048,131072
streamfusion,calc_expressions,compile_and_first_batch/floating/op=77/16384/unicode=false,113,139513,2048,131072
streamfusion,calc_expressions,floating/op=78/16384/unicode=false,21,132395,2048,131072
streamfusion,calc_expressions,compile_and_first_batch/floating/op=78/16384/unicode=false,113,139513,2048,131072
streamfusion,calc_expressions,floating/op=79/16384/unicode=false,21,132395,2048,131072
streamfusion,calc_expressions,compile_and_first_batch/floating/op=79/16384/unicode=false,113,139513,2048,131072
streamfusion,calc_expressions,floating/op=80/16384/unicode=false,21,132395,2048,131072
streamfusion,calc_expressions,compile_and_first_batch/floating/op=80/16384/unicode=false,113,139516,2048,131072
streamfusion,calc_expressions,power/16384/unicode=false,26,132659,2048,131072
streamfusion,calc_expressions,compile_and_first_batch/power/16384/unicode=false,151,142561,2048,131072
streamfusion,calc_expressions,round/16384/unicode=false,33,133178,2048,131072
streamfusion,calc_expressions,compile_and_first_batch/round/16384/unicode=false,200,145849,2048,131072
streamfusion,calc_expressions,date_format/16384/unicode=false,64,984713,0,208018
streamfusion,calc_expressions,compile_and_first_batch/date_format/16384/unicode=false,164,992455,0,208018
streamfusion,calc_expressions,date_format_ltz/16384/unicode=false,72,1312845,0,208018
streamfusion,calc_expressions,compile_and_first_batch/date_format_ltz/16384/unicode=false,183,1321404,0,208018
streamfusion,calc_expressions,extract/16384/unicode=false,34,397239,0,133120
streamfusion,calc_expressions,compile_and_first_batch/extract/16384/unicode=false,134,404971,0,133120
streamfusion,calc_expressions,extract_ltz/16384/unicode=false,42,725371,0,133120
streamfusion,calc_expressions,compile_and_first_batch/extract_ltz/16384/unicode=false,153,733920,0,133120
streamfusion,calc_expressions,regexp_extract/16384/unicode=false,14298,1181510,0,137803
streamfusion,calc_expressions,compile_and_first_batch/regexp_extract/16384/unicode=false,14404,1189932,0,137803
streamfusion,calc_expressions,timestamp_from_millis/16384/unicode=false,64,429677,0,198656
streamfusion,calc_expressions,compile_and_first_batch/timestamp_from_millis/16384/unicode=false,157,436899,0,198656
streamfusion,calc_expressions,interval_scale/16384/unicode=false,28,265877,0,133120
streamfusion,calc_expressions,compile_and_first_batch/interval_scale/16384/unicode=false,124,273580,0,133120
streamfusion,calc_expressions,case/16384/unicode=false,77,8498034,0,2125040
streamfusion,calc_expressions,compile_and_first_batch/case/16384/unicode=false,174,8506149,0,2125040
streamfusion,calc_expressions,narrow_integer/16384/unicode=false,25,69101,0,67584
streamfusion,calc_expressions,compile_and_first_batch/narrow_integer/16384/unicode=false,115,76153,0,67584
streamfusion,calc_expressions,widen_float/16384/unicode=false,16,131910,2048,131072
streamfusion,calc_expressions,compile_and_first_batch/widen_float/16384/unicode=false,70,137158,2048,131072
streamfusion,calc_expressions,numeric/op=0/16384/unicode=true,19,132086,2048,131072
streamfusion,calc_expressions,compile_and_first_batch/numeric/op=0/16384/unicode=true,93,138665,2048,131072
streamfusion,calc_expressions,numeric/op=1/16384/unicode=true,19,132086,2048,131072
streamfusion,calc_expressions,compile_and_first_batch/numeric/op=1/16384/unicode=true,93,138665,2048,131072
streamfusion,calc_expressions,numeric/op=2/16384/unicode=true,19,132086,2048,131072
streamfusion,calc_expressions,compile_and_first_batch/numeric/op=2/16384/unicode=true,93,138665,2048,131072
streamfusion,calc_expressions,numeric/op=3/16384/unicode=true,24,263637,2048,131072
streamfusion,calc_expressions,compile_and_first_batch/numeric/op=3/16384/unicode=true,126,271930,2048,131072
streamfusion,calc_expressions,numeric/op=4/16384/unicode=true,19,132086,2048,131072
streamfusion,calc_expressions,compile_and_first_batch/numeric/op=4/16384/unicode=true,93,138665,2048,131072
streamfusion,calc_expressions,numeric/op=10/16384/unicode=true,19,3054,2048,2048
streamfusion,calc_expressions,compile_and_first_batch/numeric/op=10/16384/unicode=true,84,9281,2048,2048
streamfusion,calc_expressions,numeric/op=11/16384/unicode=true,19,3054,2048,2048
streamfusion,calc_expressions,compile_and_first_batch/numeric/op=11/16384/unicode=true,84,9281,2048,2048
streamfusion,calc_expressions,numeric/op=12/16384/unicode=true,19,3054,2048,2048
streamfusion,calc_expressions,compile_and_first_batch/numeric/op=12/16384/unicode=true,84,9281,2048,2048
streamfusion,calc_expressions,numeric/op=13/16384/unicode=true,19,3054,2048,2048
streamfusion,calc_expressions,compile_and_first_batch/numeric/op=13/16384/unicode=true,84,9281,2048,2048
streamfusion,calc_expressions,numeric/op=14/16384/unicode=true,19,3054,2048,2048
streamfusion,calc_expressions,compile_and_first_batch/numeric/op=14/16384/unicode=true,84,9281,2048,2048
streamfusion,calc_expressions,numeric/op=15/16384/unicode=true,19,3054,2048,2048
streamfusion,calc_expressions,compile_and_first_batch/numeric/op=15/16384/unicode=true,84,9281,2048,2048
streamfusion,calc_expressions,numeric/op=5/16384/unicode=true,16,131910,2048,131072
streamfusion,calc_expressions,compile_and_first_batch/numeric/op=5/16384/unicode=true,71,136934,2048,131072
streamfusion,calc_expressions,numeric/op=30/16384/unicode=true,16,2878,0,2048
streamfusion,calc_expressions,compile_and_first_batch/numeric/op=30/16384/unicode=true,70,7838,0,2048
streamfusion,calc_expressions,numeric/op=31/16384/unicode=true,14,774,2048,0
streamfusion,calc_expressions,compile_and_first_batch/numeric/op=31/16384/unicode=true,68,5734,2048,0
streamfusion,calc_expressions,numeric/op=62/16384/unicode=true,21,132397,2048,131072
streamfusion,calc_expressions,compile_and_first_batch/numeric/op=62/16384/unicode=true,111,139416,2048,131072
streamfusion,calc_expressions,boolean/op=20/16384/unicode=true,18,4982,0,4096
streamfusion,calc_expressions,compile_and_first_batch/boolean/op=20/16384/unicode=true,84,10880,0,4096
streamfusion,calc_expressions,boolean/op=21/16384/unicode=true,18,4982,0,4096
streamfusion,calc_expressions,compile_and_first_batch/boolean/op=21/16384/unicode=true,84,10880,0,4096
streamfusion,calc_expressions,boolean/op=22/16384/unicode=true,16,2878,2048,2048
streamfusion,calc_expressions,compile_and_first_batch/boolean/op=22/16384/unicode=true,73,8078,2048,2048
streamfusion,calc_expressions,boolean/op=32/16384/unicode=true,21,5206,0,2048
streamfusion,calc_expressions,compile_and_first_batch/boolean/op=32/16384/unicode=true,84,10951,0,2048
streamfusion,calc_expressions,boolean/op=33/16384/unicode=true,21,5214,0,2056
streamfusion,calc_expressions,compile_and_first_batch/boolean/op=33/16384/unicode=true,84,10959,0,2056
streamfusion,calc_expressions,boolean/op=34/16384/unicode=true,21,5143,0,2048
streamfusion,calc_expressions,compile_and_first_batch/boolean/op=34/16384/unicode=true,84,10888,0,2048
streamfusion,calc_expressions,boolean/op=35/16384/unicode=true,21,5151,0,2056
streamfusion,calc_expressions,compile_and_first_batch/boolean/op=35/16384/unicode=true,84,10896,0,2056
streamfusion,calc_expressions,text/op=50/16384/unicode=true,14066,10178002,2048,5121020
streamfusion,calc_expressions,compile_and_first_batch/text/op=50/16384/unicode=true,14156,10185027,2048,5121020
streamfusion,calc_expressions,text/op=51/16384/unicode=true,14066,10178002,2048,5121020
streamfusion,calc_expressions,compile_and_first_batch/text/op=51/16384/unicode=true,14156,10185027,2048,5121020
streamfusion,calc_expressions,text/op=52/16384/unicode=true,21,66858,2048,65536
streamfusion,calc_expressions,compile_and_first_batch/text/op=52/16384/unicode=true,115,74108,2048,65536
streamfusion,calc_expressions,text/op=54/16384/unicode=true,42,16845368,0,5123068
streamfusion,calc_expressions,compile_and_first_batch/text/op=54/16384/unicode=true,146,16853351,0,5123068
streamfusion,calc_expressions,text/op=59/16384/unicode=true,40,16843920,2048,5121020
streamfusion,calc_expressions,compile_and_first_batch/text/op=59/16384/unicode=true,136,16851383,2048,5121020
streamfusion,calc_expressions,text/op=60/16384/unicode=true,42,16845368,0,5123068
streamfusion,calc_expressions,compile_and_first_batch/text/op=60/16384/unicode=true,146,16853351,0,5123068
streamfusion,calc_expressions,text/op=61/16384/unicode=true,42,16845368,0,5123068
streamfusion,calc_expressions,compile_and_first_batch/text/op=61/16384/unicode=true,146,16853351,0,5123068
streamfusion,calc_expressions,text/op=95/16384/unicode=true,22,516254,2048,514916
streamfusion,calc_expressions,compile_and_first_batch/text/op=95/16384/unicode=true,113,523299,2048,514916
streamfusion,calc_expressions,text/op=96/16384/unicode=true,22,853286,2048,851948
streamfusion,calc_expressions,compile_and_first_batch/text/op=96/16384/unicode=true,113,860340,2048,851948
streamfusion,calc_expressions,text/op=97/16384/unicode=true,22,965630,2048,964292
streamfusion,calc_expressions,compile_and_first_batch/text/op=97/16384/unicode=true,113,972684,2048,964292
streamfusion,calc_expressions,text/op=98/16384/unicode=true,22,1415006,2048,1413668
streamfusion,calc_expressions,compile_and_first_batch/text/op=98/16384/unicode=true,113,1422060,2048,1413668
streamfusion,calc_expressions,text/op=99/16384/unicode=true,22,1864382,2048,1863044
streamfusion,calc_expressions,compile_and_first_batch/text/op=99/16384/unicode=true,113,1871436,2048,1863044
streamfusion,calc_expressions,text/op=143/16384/unicode=true,22,628598,2048,627260
streamfusion,calc_expressions,compile_and_first_batch/text/op=143/16384/unicode=true,113,635646,2048,627260
streamfusion,calc_expressions,like/16384/unicode=true,22,3205,2048,2048
streamfusion,calc_expressions,compile_and_first_batch/like/16384/unicode=true,87,9061,2048,2048
streamfusion,calc_expressions,position/16384/unicode=true,23,68903,0,67584
streamfusion,calc_expressions,compile_and_first_batch/position/16384/unicode=true,122,76706,0,67584
streamfusion,calc_expressions,replace/16384/unicode=true,57,17123564,2048,4783988
streamfusion,calc_expressions,compile_and_first_batch/replace/16384/unicode=true,167,17132237,2048,4783988
streamfusion,calc_expressions,repeat/16384/unicode=true,27,15365818,2048,15231980
streamfusion,calc_expressions,compile_and_first_batch/repeat/16384/unicode=true,123,15373633,2048,15231980
streamfusion,calc_expressions,concat/16384/unicode=true,38,11863068,2048,5205278
streamfusion,calc_expressions,compile_and_first_batch/concat/16384/unicode=true,139,11870829,2048,5205278
streamfusion,calc_expressions,concat_ws/16384/unicode=true,28,10194623,0,10190543
streamfusion,calc_expressions,compile_and_first_batch/concat_ws/16384/unicode=true,143,10203633,0,10190543
streamfusion,calc_expressions,floating/op=63/16384/unicode=true,20,132331,2048,131072
streamfusion,calc_expressions,compile_and_first_batch/floating/op=63/16384/unicode=true,128,140632,2048,131072
streamfusion,calc_expressions,floating/op=64/16384/unicode=true,20,132331,2048,131072
streamfusion,calc_expressions,compile_and_first_batch/floating/op=64/16384/unicode=true,128,140623,2048,131072
streamfusion,calc_expressions,floating/op=72/16384/unicode=true,21,132395,2048,131072
streamfusion,calc_expressions,compile_and_first_batch/floating/op=72/16384/unicode=true,113,139510,2048,131072
streamfusion,calc_expressions,floating/op=73/16384/unicode=true,21,132395,2048,131072
streamfusion,calc_expressions,compile_and_first_batch/floating/op=73/16384/unicode=true,113,139507,2048,131072
streamfusion,calc_expressions,floating/op=74/16384/unicode=true,21,132395,2048,131072
streamfusion,calc_expressions,compile_and_first_batch/floating/op=74/16384/unicode=true,113,139510,2048,131072
streamfusion,calc_expressions,floating/op=75/16384/unicode=true,21,132395,2048,131072
streamfusion,calc_expressions,compile_and_first_batch/floating/op=75/16384/unicode=true,113,139510,2048,131072
streamfusion,calc_expressions,floating/op=76/16384/unicode=true,21,132395,2048,131072
streamfusion,calc_expressions,compile_and_first_batch/floating/op=76/16384/unicode=true,113,139510,2048,131072
streamfusion,calc_expressions,floating/op=77/16384/unicode=true,21,132395,2048,131072
streamfusion,calc_expressions,compile_and_first_batch/floating/op=77/16384/unicode=true,113,139513,2048,131072
streamfusion,calc_expressions,floating/op=78/16384/unicode=true,21,132395,2048,131072
streamfusion,calc_expressions,compile_and_first_batch/floating/op=78/16384/unicode=true,113,139513,2048,131072
streamfusion,calc_expressions,floating/op=79/16384/unicode=true,21,132395,2048,131072
streamfusion,calc_expressions,compile_and_first_batch/floating/op=79/16384/unicode=true,113,139513,2048,131072
streamfusion,calc_expressions,floating/op=80/16384/unicode=true,21,132395,2048,131072
streamfusion,calc_expressions,compile_and_first_batch/floating/op=80/16384/unicode=true,113,139516,2048,131072
streamfusion,calc_expressions,power/16384/unicode=true,26,132659,2048,131072
streamfusion,calc_expressions,compile_and_first_batch/power/16384/unicode=true,151,142561,2048,131072
streamfusion,calc_expressions,round/16384/unicode=true,33,133178,2048,131072
streamfusion,calc_expressions,compile_and_first_batch/round/16384/unicode=true,200,145849,2048,131072
streamfusion,calc_expressions,date_format/16384/unicode=true,64,984713,0,208018
streamfusion,calc_expressions,compile_and_first_batch/date_format/16384/unicode=true,164,992455,0,208018
streamfusion,calc_expressions,date_format_ltz/16384/unicode=true,72,1312845,0,208018
streamfusion,calc_expressions,compile_and_first_batch/date_format_ltz/16384/unicode=true,183,1321404,0,208018
streamfusion,calc_expressions,extract/16384/unicode=true,34,397239,0,133120
streamfusion,calc_expressions,compile_and_first_batch/extract/16384/unicode=true,134,404971,0,133120
streamfusion,calc_expressions,extract_ltz/16384/unicode=true,42,725371,0,133120
streamfusion,calc_expressions,compile_and_first_batch/extract_ltz/16384/unicode=true,153,733920,0,133120
streamfusion,calc_expressions,regexp_extract/16384/unicode=true,14298,1181510,0,137803
streamfusion,calc_expressions,compile_and_first_batch/regexp_extract/16384/unicode=true,14404,1189932,0,137803
streamfusion,calc_expressions,timestamp_from_millis/16384/unicode=true,64,429677,0,198656
streamfusion,calc_expressions,compile_and_first_batch/timestamp_from_millis/16384/unicode=true,157,436899,0,198656
streamfusion,calc_expressions,interval_scale/16384/unicode=true,28,265877,0,133120
streamfusion,calc_expressions,compile_and_first_batch/interval_scale/16384/unicode=true,124,273580,0,133120
streamfusion,calc_expressions,case/16384/unicode=true,78,13703434,0,2630552
streamfusion,calc_expressions,compile_and_first_batch/case/16384/unicode=true,175,13711549,0,2630552
streamfusion,calc_expressions,narrow_integer/16384/unicode=true,25,69101,0,67584
streamfusion,calc_expressions,compile_and_first_batch/narrow_integer/16384/unicode=true,115,76153,0,67584
streamfusion,calc_expressions,widen_float/16384/unicode=true,16,131910,2048,131072
streamfusion,calc_expressions,compile_and_first_batch/widen_float/16384/unicode=true,70,137158,2048,131072
streamfusion,data_movement,projection/16/bytes=8,15,932,302,0
streamfusion,data_movement,expand/16/bytes=8,49,3938,0,644
streamfusion,data_movement,ipc_encode/16/bytes=8,48,7620,0,0
streamfusion,data_movement,ipc_decode/16/bytes=8,26,2993,0,430
streamfusion,data_movement,projection/16/bytes=264,15,932,3630,0
streamfusion,data_movement,expand/16/bytes=264,49,3938,0,644
streamfusion,data_movement,ipc_encode/16/bytes=264,51,31324,0,0
streamfusion,data_movement,ipc_decode/16/bytes=264,26,6321,0,3758
streamfusion,data_movement,unnest/16/width=0/left=false,37,2772,0,4
streamfusion,data_movement,unnest/16/width=0/left=true,56,4380,0,394
streamfusion,data_movement,unnest/16/width=4/left=false,64,8902,0,2949
streamfusion,data_movement,unnest/16/width=4/left=true,68,9355,0,3037
streamfusion,data_movement,unnest/16/width=64/left=false,76,500284,0,452716
streamfusion,data_movement,unnest/16/width=64/left=true,80,502305,0,453023
streamfusion,data_movement,projection/1024/bytes=8,15,932,19436,0
streamfusion,data_movement,expand/1024/bytes=8,49,60704,0,41216
streamfusion,data_movement,ipc_encode/1024/bytes=8,48,148188,0,0
streamfusion,data_movement,ipc_decode/1024/bytes=8,26,30257,0,27628
streamfusion,data_movement,projection/1024/bytes=264,15,932,243948,0
streamfusion,data_movement,expand/1024/bytes=264,49,60704,0,41216
streamfusion,data_movement,ipc_encode/1024/bytes=264,50,1579092,0,0
streamfusion,data_movement,ipc_decode/1024/bytes=264,26,254769,0,252140
streamfusion,data_movement,unnest/1024/width=0/left=false,37,2772,0,4
streamfusion,data_movement,unnest/1024/width=0/left=true,74,73172,0,24964
streamfusion,data_movement,unnest/1024/width=4/left=false,82,380134,0,198645
streamfusion,data_movement,unnest/1024/width=4/left=true,86,390237,0,203179
streamfusion,data_movement,unnest/1024/width=64/left=false,94,33396796,0,30540652
streamfusion,data_movement,unnest/1024/width=64/left=true,98,33491587,0,30559445
streamfusion,data_movement,projection/16384/bytes=8,15,932,311004,0
streamfusion,data_movement,expand/16384/bytes=8,49,926624,0,659456
streamfusion,data_movement,ipc_encode/16384/bytes=8,48,2282460,0,0
streamfusion,data_movement,ipc_decode/16384/bytes=8,26,448561,0,442076
streamfusion,data_movement,projection/16384/bytes=264,15,932,3906012,0
streamfusion,data_movement,expand/16384/bytes=264,49,926624,0,659456
streamfusion,data_movement,ipc_encode/16384/bytes=264,50,25191204,0,0
streamfusion,data_movement,ipc_decode/16384/bytes=264,26,4043569,0,4037084
streamfusion,data_movement,unnest/16384/width=0/left=false,37,2772,0,4
streamfusion,data_movement,unnest/16384/width=0/left=true,86,1123412,0,399364
streamfusion,data_movement,unnest/16384/width=4/left=false,94,6037074,0,3180744
streamfusion,data_movement,unnest/16384/width=4/left=true,98,6194156,0,3253022
streamfusion,data_movement,unnest/16384/width=64/left=false,106,534687004,0,489033436
streamfusion,data_movement,unnest/16384/width=64/left=true,110,536195853,0,489333915
streamfusion,data_movement,first_n/16/keys=1,45,4607,0,909
streamfusion,data_movement,temporal_sort/16/keys=1,55,6996,0,3758
streamfusion,data_movement,temporal_join/16/keys=1,267,67830,0,7532
streamfusion,data_movement,temporal_join_snapshot/16/keys=1,278,123582,0,0
streamfusion,data_movement,first_n/16/keys=64,67,9911,0,3886
streamfusion,data_movement,temporal_sort/16/keys=64,55,6996,0,3758
streamfusion,data_movement,temporal_join/16/keys=64,311,81710,0,7532
streamfusion,data_movement,temporal_join_snapshot/16/keys=64,278,123582,0,0
streamfusion,data_movement,first_n/16/keys=16,67,9911,0,3886
streamfusion,data_movement,temporal_sort/16/keys=16,55,6996,0,3758
streamfusion,data_movement,temporal_join/16/keys=16,311,81710,0,7532
streamfusion,data_movement,temporal_join_snapshot/16/keys=16,278,123582,0,0
streamfusion,data_movement,first_n/1024/keys=1,45,4607,0,909
streamfusion,data_movement,temporal_sort/1024/keys=1,55,260848,0,252140
streamfusion,data_movement,temporal_join/1024/keys=1,10883,4160278,0,505304
streamfusion,data_movement,temporal_join_snapshot/1024/keys=1,2090,6106254,0,0
streamfusion,data_movement,first_n/1024/keys=64,125,82015,0,65020
streamfusion,data_movement,temporal_sort/1024/keys=64,55,260848,0,252140
streamfusion,data_movement,temporal_join/1024/keys=64,11343,4191438,0,505304
streamfusion,data_movement,temporal_join_snapshot/1024/keys=64,2090,6106254,0,0
streamfusion,data_movement,first_n/1024/keys=1024,1093,431759,0,260332
streamfusion,data_movement,temporal_sort/1024/keys=1024,55,260848,0,252140
streamfusion,data_movement,temporal_join/1024/keys=1024,13783,5103438,0,505304
streamfusion,data_movement,temporal_join_snapshot/1024/keys=1024,2090,6106254,0,0
streamfusion,data_movement,first_n/16384/keys=1,45,4607,0,909
streamfusion,data_movement,temporal_sort/16384/keys=1,56,4195808,0,4037084
streamfusion,data_movement,temporal_join/16384/keys=1,171490,66523918,0,8090552
streamfusion,data_movement,temporal_join_snapshot/16384/keys=1,28486,97365006,0,0
streamfusion,data_movement,first_n/16384/keys=64,125,82015,0,65020
streamfusion,data_movement,temporal_sort/16384/keys=64,56,4195808,0,4037084
streamfusion,data_movement,temporal_join/16384/keys=64,172393,66523134,0,8090552
streamfusion,data_movement,temporal_join_snapshot/16384/keys=64,28486,97365006,0,0
streamfusion,data_movement,first_n/16384/keys=16384,16465,6858687,0,4168156
streamfusion,data_movement,temporal_sort/16384/keys=16384,56,4195808,0,4037084
streamfusion,data_movement,temporal_join/16384/keys=16384,217913,81626366,0,8090552
streamfusion,data_movement,temporal_join_snapshot/16384/keys=16384,28486,97365006,0,0
streamfusion,keys_and_checkpoints,arrow_row_encode/16/keys=1/columns=1,3,696,0,0
streamfusion,keys_and_checkpoints,arrow_row_decode/16/keys=1/columns=1,9,1032,0,128
streamfusion,keys_and_checkpoints,flink_binary_row_hash/16/keys=1/columns=1,4,120,0,0
streamfusion,keys_and_checkpoints,arrow_row_encode/16/keys=1/columns=2,4,4740,0,0
streamfusion,keys_and_checkpoints,arrow_row_decode/16/keys=1/columns=2,17,5088,0,3708
streamfusion,keys_and_checkpoints,flink_binary_row_hash/16/keys=1/columns=2,5,464,0,0
streamfusion,keys_and_checkpoints,topn_snapshot/16/keys=1/groups=1,163,79417,0,0
streamfusion,keys_and_checkpoints,topn_restore/16/keys=1/groups=1,103,13014,0,0
streamfusion,keys_and_checkpoints,topn_snapshot/16/keys=1/groups=128,163,79417,0,0
streamfusion,keys_and_checkpoints,topn_restore/16/keys=1/groups=128,103,13014,0,0
streamfusion,keys_and_checkpoints,group_snapshot/16/keys=1,105,13321,0,0
streamfusion,keys_and_checkpoints,group_restore/16/keys=1,48,4160,0,0
streamfusion,keys_and_checkpoints,window_rank/16/keys=1,86,11505,0,160
streamfusion,keys_and_checkpoints,arrow_row_encode/16/keys=64/columns=1,3,696,0,0
streamfusion,keys_and_checkpoints,arrow_row_decode/16/keys=64/columns=1,9,1032,0,128
streamfusion,keys_and_checkpoints,flink_binary_row_hash/16/keys=64/columns=1,4,120,0,0
streamfusion,keys_and_checkpoints,arrow_row_encode/16/keys=64/columns=2,4,4740,0,0
streamfusion,keys_and_checkpoints,arrow_row_decode/16/keys=64/columns=2,17,5088,0,3713
streamfusion,keys_and_checkpoints,flink_binary_row_hash/16/keys=64/columns=2,5,464,0,0
streamfusion,keys_and_checkpoints,topn_snapshot/16/keys=64/groups=1,170,122121,0,0
streamfusion,keys_and_checkpoints,topn_restore/16/keys=64/groups=1,172,29462,0,0
streamfusion,keys_and_checkpoints,topn_snapshot/16/keys=64/groups=128,2533,1194640,0,0
streamfusion,keys_and_checkpoints,topn_restore/16/keys=64/groups=128,607,99713,0,0
streamfusion,keys_and_checkpoints,group_snapshot/16/keys=64,137,20245,0,0
streamfusion,keys_and_checkpoints,group_restore/16/keys=64,81,12040,0,0
streamfusion,keys_and_checkpoints,window_rank/16/keys=64,132,22969,0,640
streamfusion,keys_and_checkpoints,arrow_row_encode/16/keys=16/columns=1,3,696,0,0
streamfusion,keys_and_checkpoints,arrow_row_decode/16/keys=16/columns=1,9,1032,0,128
streamfusion,keys_and_checkpoints,flink_binary_row_hash/16/keys=16/columns=1,4,120,0,0
streamfusion,keys_and_checkpoints,arrow_row_encode/16/keys=16/columns=2,4,4740,0,0
streamfusion,keys_and_checkpoints,arrow_row_decode/16/keys=16/columns=2,17,5088,0,3713
streamfusion,keys_and_checkpoints,flink_binary_row_hash/16/keys=16/columns=2,5,464,0,0
streamfusion,keys_and_checkpoints,topn_snapshot/16/keys=16/groups=1,170,122121,0,0
streamfusion,keys_and_checkpoints,topn_restore/16/keys=16/groups=1,172,29462,0,0
streamfusion,keys_and_checkpoints,topn_snapshot/16/keys=16/groups=128,2533,1194640,0,0
streamfusion,keys_and_checkpoints,topn_restore/16/keys=16/groups=128,607,99713,0,0
streamfusion,keys_and_checkpoints,group_snapshot/16/keys=16,137,20245,0,0
streamfusion,keys_and_checkpoints,group_restore/16/keys=16,81,12040,0,0
streamfusion,keys_and_checkpoints,window_rank/16/keys=16,132,22969,0,640
streamfusion,keys_and_checkpoints,arrow_row_encode/1024/keys=1/columns=1,3,17832,0,0
streamfusion,keys_and_checkpoints,arrow_row_decode/1024/keys=1/columns=1,9,41472,0,8192
streamfusion,keys_and_checkpoints,flink_binary_row_hash/1024/keys=1/columns=1,4,4152,0,0
streamfusion,keys_and_checkpoints,arrow_row_encode/1024/keys=1/columns=2,4,290148,0,0
streamfusion,keys_and_checkpoints,arrow_row_decode/1024/keys=1/columns=2,17,282960,0,249210
streamfusion,keys_and_checkpoints,flink_binary_row_hash/1024/keys=1/columns=2,5,4496,0,0
streamfusion,keys_and_checkpoints,topn_snapshot/1024/keys=1/groups=1,163,79417,0,0
streamfusion,keys_and_checkpoints,topn_restore/1024/keys=1/groups=1,103,13014,0,0
streamfusion,keys_and_checkpoints,topn_snapshot/1024/keys=1/groups=128,163,79417,0,0
streamfusion,keys_and_checkpoints,topn_restore/1024/keys=1/groups=128,103,13014,0,0
streamfusion,keys_and_checkpoints,group_snapshot/1024/keys=1,105,13321,0,0
streamfusion,keys_and_checkpoints,group_restore/1024/keys=1,48,4160,0,0
streamfusion,keys_and_checkpoints,window_rank/1024/keys=1,2102,334065,0,160
streamfusion,keys_and_checkpoints,arrow_row_encode/1024/keys=64/columns=1,3,17832,0,0
streamfusion,keys_and_checkpoints,arrow_row_decode/1024/keys=64/columns=1,9,41472,0,8192
streamfusion,keys_and_checkpoints,flink_binary_row_hash/1024/keys=64/columns=1,4,4152,0,0
streamfusion,keys_and_checkpoints,arrow_row_encode/1024/keys=64/columns=2,4,290148,0,0
streamfusion,keys_and_checkpoints,arrow_row_decode/1024/keys=64/columns=2,17,283728,0,249950
streamfusion,keys_and_checkpoints,flink_binary_row_hash/1024/keys=64/columns=2,5,4496,0,0
streamfusion,keys_and_checkpoints,topn_snapshot/1024/keys=64/groups=1,180,849945,0,0
streamfusion,keys_and_checkpoints,topn_restore/1024/keys=64/groups=1,990,215262,0,0
streamfusion,keys_and_checkpoints,topn_snapshot/1024/keys=64/groups=128,8342,4353024,0,0
streamfusion,keys_and_checkpoints,topn_restore/1024/keys=64/groups=128,2469,449277,0,0
streamfusion,keys_and_checkpoints,group_snapshot/1024/keys=64,203,55621,0,0
streamfusion,keys_and_checkpoints,group_restore/1024/keys=64,179,38952,0,0
streamfusion,keys_and_checkpoints,window_rank/1024/keys=64,2336,474009,0,10240
streamfusion,keys_and_checkpoints,arrow_row_encode/1024/keys=1024/columns=1,3,17832,0,0
streamfusion,keys_and_checkpoints,arrow_row_decode/1024/keys=1024/columns=1,9,41472,0,8192
streamfusion,keys_and_checkpoints,flink_binary_row_hash/1024/keys=1024/columns=1,4,4152,0,0
streamfusion,keys_and_checkpoints,arrow_row_encode/1024/keys=1024/columns=2,4,290148,0,0
streamfusion,keys_and_checkpoints,arrow_row_decode/1024/keys=1024/columns=2,17,284688,0,250891
streamfusion,keys_and_checkpoints,flink_binary_row_hash/1024/keys=1024/columns=2,6,5088,0,0
streamfusion,keys_and_checkpoints,topn_snapshot/1024/keys=1024/groups=1,189,3215681,0,0
streamfusion,keys_and_checkpoints,topn_restore/1024/keys=1024/groups=1,5218,1289974,0,0
streamfusion,keys_and_checkpoints,topn_snapshot/1024/keys=1024/groups=128,20893,11892931,0,0
streamfusion,keys_and_checkpoints,topn_restore/1024/keys=1024/groups=128,8901,1870161,0,0
streamfusion,keys_and_checkpoints,group_snapshot/1024/keys=1024,1194,683517,0,0
streamfusion,keys_and_checkpoints,group_restore/1024/keys=1024,2103,576872,0,0
streamfusion,keys_and_checkpoints,window_rank/1024/keys=1024,4213,1277657,0,40960
streamfusion,keys_and_checkpoints,arrow_row_encode/16384/keys=1/columns=1,3,278952,0,0
streamfusion,keys_and_checkpoints,arrow_row_decode/16384/keys=1/columns=1,9,657792,0,131072
streamfusion,keys_and_checkpoints,flink_binary_row_hash/16384/keys=1/columns=1,4,65592,0,0
streamfusion,keys_and_checkpoints,arrow_row_encode/16384/keys=1/columns=2,4,4639308,0,0
streamfusion,keys_and_checkpoints,arrow_row_decode/16384/keys=1/columns=2,17,4517456,0,3990270
streamfusion,keys_and_checkpoints,flink_binary_row_hash/16384/keys=1/columns=2,5,65936,0,0
streamfusion,keys_and_checkpoints,topn_snapshot/16384/keys=1/groups=1,163,79417,0,0
streamfusion,keys_and_checkpoints,topn_restore/16384/keys=1/groups=1,103,13014,0,0
streamfusion,keys_and_checkpoints,topn_snapshot/16384/keys=1/groups=128,163,79417,0,0
streamfusion,keys_and_checkpoints,topn_restore/16384/keys=1/groups=128,103,13014,0,0
streamfusion,keys_and_checkpoints,group_snapshot/16384/keys=1,105,13321,0,0
streamfusion,keys_and_checkpoints,group_restore/16384/keys=1,48,4160,0,0
streamfusion,keys_and_checkpoints,window_rank/16384/keys=1,32822,5249265,0,160
streamfusion,keys_and_checkpoints,arrow_row_encode/16384/keys=64/columns=1,3,278952,0,0
streamfusion,keys_and_checkpoints,arrow_row_decode/16384/keys=64/columns=1,9,657792,0,131072
streamfusion,keys_and_checkpoints,flink_binary_row_hash/16384/keys=64/columns=1,4,65592,0,0
streamfusion,keys_and_checkpoints,arrow_row_encode/16384/keys=64/columns=2,4,4639308,0,0
streamfusion,keys_and_checkpoints,arrow_row_decode/16384/keys=64/columns=2,17,4529360,0,4002118
streamfusion,keys_and_checkpoints,flink_binary_row_hash/16384/keys=64/columns=2,5,65936,0,0
streamfusion,keys_and_checkpoints,topn_snapshot/16384/keys=64/groups=1,180,849945,0,0
streamfusion,keys_and_checkpoints,topn_restore/16384/keys=64/groups=1,990,215262,0,0
streamfusion,keys_and_checkpoints,topn_snapshot/16384/keys=64/groups=128,8343,4353344,0,0
streamfusion,keys_and_checkpoints,topn_restore/16384/keys=64/groups=128,2469,449277,0,0
streamfusion,keys_and_checkpoints,group_snapshot/16384/keys=64,203,55621,0,0
streamfusion,keys_and_checkpoints,group_restore/16384/keys=64,179,38952,0,0
streamfusion,keys_and_checkpoints,window_rank/16384/keys=64,33056,5389209,0,10240
streamfusion,keys_and_checkpoints,arrow_row_encode/16384/keys=16384/columns=1,3,278952,0,0
streamfusion,keys_and_checkpoints,arrow_row_decode/16384/keys=16384/columns=1,9,657792,0,131072
streamfusion,keys_and_checkpoints,flink_binary_row_hash/16384/keys=16384/columns=1,4,65592,0,0
streamfusion,keys_and_checkpoints,arrow_row_encode/16384/keys=16384/columns=2,4,4639308,0,0
streamfusion,keys_and_checkpoints,arrow_row_decode/16384/keys=16384/columns=2,17,4564112,0,4036921
streamfusion,keys_and_checkpoints,flink_binary_row_hash/16384/keys=16384/columns=2,6,66528,0,0
streamfusion,keys_and_checkpoints,topn_snapshot/16384/keys=16384/groups=1,249,51832673,0,0
streamfusion,keys_and_checkpoints,topn_restore/16384/keys=16384/groups=1,82022,20500382,0,0
streamfusion,keys_and_checkpoints,topn_snapshot/16384/keys=16384/groups=128,22368,57669412,0,0
streamfusion,keys_and_checkpoints,topn_restore/16384/keys=16384/groups=128,85705,21074681,0,0
streamfusion,keys_and_checkpoints,group_snapshot/16384/keys=16384,16586,10757757,0,0
streamfusion,keys_and_checkpoints,group_restore/16384/keys=16384,32827,9186216,0,0
streamfusion,keys_and_checkpoints,window_rank/16384/keys=16384,65685,20385561,0,655360
streamfusion,operator_allocations,paimon_upsert_merge/first=false/16/keys=1,73,6869,0,305
streamfusion,operator_allocations,paimon_upsert_merge/first=true/16/keys=1,73,6869,0,306
streamfusion,operator_allocations,filter/16/keys=1,75,9528,0,3813
streamfusion,operator_allocations,append_topn/mini=false/16/keys=1,136,23946,0,3618
streamfusion,operator_allocations,keep_last/mini=false/16/keys=1,92,28072,0,9091
streamfusion,operator_allocations,normalize/mini=false/16/keys=1,92,28008,0,9091
streamfusion,operator_allocations,updating_join/mini=false/16/keys=1,181,38939,0,9372
streamfusion,operator_allocations,append_topn/mini=true/16/keys=1,135,21182,0,1208
streamfusion,operator_allocations,keep_last/mini=true/16/keys=1,91,18434,0,297
streamfusion,operator_allocations,normalize/mini=true/16/keys=1,94,18662,0,297
streamfusion,operator_allocations,updating_join/mini=true/16/keys=1,301,40007,0,594
streamfusion,operator_allocations,retract_topn/16/keys=1,192,27992,0,1763
streamfusion,operator_allocations,keep_first/16/keys=1,97,7237,0,298
streamfusion,operator_allocations,group_sum/16/keys=1,71,8499,0,463
streamfusion,operator_allocations,local_group_sum/16/keys=1,46,3786,0,16
streamfusion,operator_allocations,over_running/16/keys=1,143,13831,4694,130
streamfusion,operator_allocations,over_bounded/rows_frame=true/16/keys=1,194,22756,0,4521
streamfusion,operator_allocations,over_bounded/rows_frame=false/16/keys=1,203,23657,0,4521
streamfusion,operator_allocations,tumbling/16/keys=1,73,6753,0,32
streamfusion,operator_allocations,session/16/keys=1,92,6747,0,32
streamfusion,operator_allocations,interval_join/16/keys=1,787,784934,0,9388
streamfusion,operator_allocations,window_join/16/keys=1,541,674960,0,1028
streamfusion,operator_allocations,paimon_upsert_merge/first=false/16/keys=64,75,11480,0,4822
streamfusion,operator_allocations,paimon_upsert_merge/first=true/16/keys=64,75,11480,0,4822
streamfusion,operator_allocations,filter/16/keys=64,70,9240,0,3813
streamfusion,operator_allocations,append_topn/mini=false/16/keys=64,204,41829,0,4822
streamfusion,operator_allocations,keep_last/mini=false/16/keys=64,108,26864,0,4694
streamfusion,operator_allocations,normalize/mini=false/16/keys=64,108,25904,0,4694
streamfusion,operator_allocations,updating_join/mini=false/16/keys=64,259,61738,0,9372
streamfusion,operator_allocations,append_topn/mini=true/16/keys=64,261,45537,0,4822
streamfusion,operator_allocations,keep_last/mini=true/16/keys=64,126,28856,0,4694
streamfusion,operator_allocations,normalize/mini=true/16/keys=64,149,31604,0,4694
streamfusion,operator_allocations,updating_join/mini=true/16/keys=64,491,114552,0,9372
streamfusion,operator_allocations,retract_topn/16/keys=64,213,41424,0,4694
streamfusion,operator_allocations,keep_first/16/keys=64,118,15424,0,4694
streamfusion,operator_allocations,group_sum/16/keys=64,100,13379,0,274
streamfusion,operator_allocations,local_group_sum/16/keys=64,100,11816,0,258
streamfusion,operator_allocations,over_running/16/keys=64,176,18710,4694,130
streamfusion,operator_allocations,over_bounded/rows_frame=true/16/keys=64,225,26370,0,4523
streamfusion,operator_allocations,over_bounded/rows_frame=false/16/keys=64,267,29355,0,4523
streamfusion,operator_allocations,tumbling/16/keys=64,278,24840,0,514
streamfusion,operator_allocations,session/16/keys=64,396,34960,0,514
streamfusion,operator_allocations,interval_join/16/keys=64,568,581828,0,9388
streamfusion,operator_allocations,window_join/16/keys=64,541,674960,0,1028
streamfusion,operator_allocations,paimon_upsert_merge/first=false/16/keys=16,75,11480,0,4822
streamfusion,operator_allocations,paimon_upsert_merge/first=true/16/keys=16,75,11480,0,4822
streamfusion,operator_allocations,filter/16/keys=16,70,9240,0,3813
streamfusion,operator_allocations,append_topn/mini=false/16/keys=16,204,41829,0,4822
streamfusion,operator_allocations,keep_last/mini=false/16/keys=16,108,26864,0,4694
streamfusion,operator_allocations,normalize/mini=false/16/keys=16,108,25904,0,4694
streamfusion,operator_allocations,updating_join/mini=false/16/keys=16,259,61738,0,9372
streamfusion,operator_allocations,append_topn/mini=true/16/keys=16,261,45537,0,4822
streamfusion,operator_allocations,keep_last/mini=true/16/keys=16,126,28856,0,4694
streamfusion,operator_allocations,normalize/mini=true/16/keys=16,149,31604,0,4694
streamfusion,operator_allocations,updating_join/mini=true/16/keys=16,491,114552,0,9372
streamfusion,operator_allocations,retract_topn/16/keys=16,213,41424,0,4694
streamfusion,operator_allocations,keep_first/16/keys=16,118,15424,0,4694
streamfusion,operator_allocations,group_sum/16/keys=16,100,13379,0,274
streamfusion,operator_allocations,local_group_sum/16/keys=16,100,11816,0,258
streamfusion,operator_allocations,over_running/16/keys=16,176,18710,4694,130
streamfusion,operator_allocations,over_bounded/rows_frame=true/16/keys=16,225,26370,0,4523
streamfusion,operator_allocations,over_bounded/rows_frame=false/16/keys=16,267,29355,0,4523
streamfusion,operator_allocations,tumbling/16/keys=16,278,24840,0,514
streamfusion,operator_allocations,session/16/keys=16,396,34960,0,514
streamfusion,operator_allocations,interval_join/16/keys=16,568,581828,0,9388
streamfusion,operator_allocations,window_join/16/keys=16,541,674960,0,1028
streamfusion,operator_allocations,paimon_upsert_merge/first=false/1024/keys=1,73,40133,0,305
streamfusion,operator_allocations,paimon_upsert_merge/first=true/1024/keys=1,73,40133,0,306
streamfusion,operator_allocations,filter/1024/keys=1,76,270760,0,256965
streamfusion,operator_allocations,append_topn/mini=false/1024/keys=1,136,387834,0,3618
streamfusion,operator_allocations,keep_last/mini=false/1024/keys=1,1112,1412040,0,600031
streamfusion,operator_allocations,normalize/mini=false/1024/keys=1,1112,1411976,0,600031
streamfusion,operator_allocations,updating_join/mini=false/1024/keys=1,1213,1556027,0,599304
streamfusion,operator_allocations,append_topn/mini=true/1024/keys=1,135,385070,0,1208
streamfusion,operator_allocations,keep_last/mini=true/1024/keys=1,1099,711938,0,297
streamfusion,operator_allocations,normalize/mini=true/1024/keys=1,1102,712166,0,297
streamfusion,operator_allocations,updating_join/mini=true/1024/keys=1,1309,717383,0,594
streamfusion,operator_allocations,retract_topn/1024/keys=1,5238,1013816,0,1763
streamfusion,operator_allocations,keep_first/1024/keys=1,97,25697,0,298
streamfusion,operator_allocations,group_sum/1024/keys=1,1105,397683,0,30055
streamfusion,operator_allocations,local_group_sum/1024/keys=1,46,20922,0,16
streamfusion,operator_allocations,over_running/1024/keys=1,151,147895,300164,8320
streamfusion,operator_allocations,over_bounded/rows_frame=true/1024/keys=1,2223,718204,0,308055
streamfusion,operator_allocations,over_bounded/rows_frame=false/1024/keys=1,2232,736241,0,308055
streamfusion,operator_allocations,tumbling/1024/keys=1,97,41358,0,64
streamfusion,operator_allocations,session/1024/keys=1,1106,80451,0,32
streamfusion,operator_allocations,interval_join/1024/keys=1,14821,631304488,0,600328
streamfusion,operator_allocations,window_join/1024/keys=1,527,859898,0,65792
streamfusion,operator_allocations,paimon_upsert_merge/first=false/1024/keys=64,77,59576,0,19276
streamfusion,operator_allocations,paimon_upsert_merge/first=true/1024/keys=64,77,59576,0,19276
streamfusion,operator_allocations,filter/1024/keys=64,76,270760,0,256965
streamfusion,operator_allocations,append_topn/mini=false/1024/keys=64,1194,820338,0,133704
streamfusion,operator_allocations,keep_last/mini=false/1024/keys=64,1180,1409840,0,581564
streamfusion,operator_allocations,normalize/mini=false/1024/keys=64,1180,1405808,0,581564
streamfusion,operator_allocations,updating_join/mini=false/1024/keys=64,1721,1645722,0,599304
streamfusion,operator_allocations,append_topn/mini=true/1024/keys=64,1393,756878,0,77060
streamfusion,operator_allocations,keep_last/mini=true/1024/keys=64,1234,758200,0,18764
streamfusion,operator_allocations,normalize/mini=true/1024/keys=64,1309,769620,0,18764
streamfusion,operator_allocations,updating_join/mini=true/1024/keys=64,2049,1039400,0,37464
streamfusion,operator_allocations,retract_topn/1024/keys=64,5450,1221944,0,96736
streamfusion,operator_allocations,keep_first/1024/keys=64,170,60648,0,18764
streamfusion,operator_allocations,group_sum/1024/keys=64,1236,429555,0,29284
streamfusion,operator_allocations,local_group_sum/1024/keys=64,248,55648,0,1024
streamfusion,operator_allocations,over_running/1024/keys=64,282,168790,300164,8320
streamfusion,operator_allocations,over_bounded/rows_frame=true/1024/keys=64,2477,721203,0,308183
streamfusion,operator_allocations,over_bounded/rows_frame=false/1024/keys=64,2621,748574,0,308183
streamfusion,operator_allocations,tumbling/1024/keys=64,1364,152452,0,2827
streamfusion,operator_allocations,session/1024/keys=64,16046,1143240,0,32896
streamfusion,operator_allocations,interval_join/1024/keys=64,699,11559916,0,600328
streamfusion,operator_allocations,window_join/1024/keys=64,527,859898,0,65792
streamfusion,operator_allocations,paimon_upsert_merge/first=false/1024/keys=1024,81,356336,0,308356
streamfusion,operator_allocations,paimon_upsert_merge/first=true/1024/keys=1024,81,356336,0,308356
streamfusion,operator_allocations,filter/1024/keys=1024,76,270760,0,256965
streamfusion,operator_allocations,append_topn/mini=false/1024/keys=1024,5280,2131197,0,308356
streamfusion,operator_allocations,keep_last/mini=false/1024/keys=1024,2142,1343888,0,300164
streamfusion,operator_allocations,normalize/mini=false/1024/keys=1024,2142,1278416,0,300164
streamfusion,operator_allocations,updating_join/mini=false/1024/keys=1024,6337,3140314,0,599304
streamfusion,operator_allocations,append_topn/mini=true/1024/keys=1024,8373,2372889,0,308356
streamfusion,operator_allocations,keep_last/mini=true/1024/keys=1024,3162,1474904,0,300164
streamfusion,operator_allocations,normalize/mini=true/1024/keys=1024,4205,1659188,0,300164
streamfusion,operator_allocations,updating_join/mini=true/1024/keys=1024,12653,5988456,0,599304
streamfusion,operator_allocations,retract_topn/1024/keys=1024,6291,2122728,0,300164
streamfusion,operator_allocations,keep_first/1024/keys=1024,1138,595080,0,300164
streamfusion,operator_allocations,group_sum/1024/keys=1024,3155,761539,0,17536
streamfusion,operator_allocations,local_group_sum/1024/keys=1024,3143,591640,0,16512
streamfusion,operator_allocations,over_running/1024/keys=1024,2206,488534,300164,8320
streamfusion,operator_allocations,over_bounded/rows_frame=true/1024/keys=1024,4271,960938,0,308183
streamfusion,operator_allocations,over_bounded/rows_frame=false/1024/keys=1024,6341,1132355,0,308183
streamfusion,operator_allocations,tumbling/1024/keys=1024,13143,1432732,0,32896
streamfusion,operator_allocations,session/1024/keys=1024,21302,2144264,0,32896
streamfusion,operator_allocations,interval_join/1024/keys=1024,568,1781136,0,600328
streamfusion,operator_allocations,window_join/1024/keys=1024,527,859898,0,65792
streamfusion,operator_allocations,paimon_upsert_merge/first=false/16384/keys=1,73,547013,0,305
streamfusion,operator_allocations,paimon_upsert_merge/first=true/16384/keys=1,73,547013,0,306
streamfusion,operator_allocations,filter/16384/keys=1,80,4256782,0,4114603
streamfusion,operator_allocations,append_topn/mini=false/16384/keys=1,136,5932794,0,3618
streamfusion,operator_allocations,keep_last/mini=false/16384/keys=1,16480,22501320,0,9604831
streamfusion,operator_allocations,normalize/mini=false/16384/keys=1,16480,22501256,0,9604831
streamfusion,operator_allocations,updating_join/mini=false/16384/keys=1,16985,33683051,0,9588744
streamfusion,operator_allocations,append_topn/mini=true/16384/keys=1,135,5930030,0,1208
streamfusion,operator_allocations,keep_last/mini=true/16384/keys=1,16459,11279618,0,297
streamfusion,operator_allocations,normalize/mini=true/16384/keys=1,16462,11279846,0,297
streamfusion,operator_allocations,updating_join/mini=true/16384/keys=1,16669,11039303,0,594
streamfusion,operator_allocations,retract_topn/16384/keys=1,82042,16035896,0,1763
streamfusion,operator_allocations,keep_first/16384/keys=1,97,307937,0,298
streamfusion,operator_allocations,group_sum/16384/keys=1,16485,6329939,0,480990
streamfusion,operator_allocations,local_group_sum/16384/keys=1,46,282042,0,16
streamfusion,operator_allocations,over_running/16384/keys=1,159,2192695,4802564,133120
streamfusion,operator_allocations,over_bounded/rows_frame=true/16384/keys=1,32951,11316604,0,4933335
streamfusion,operator_allocations,over_bounded/rows_frame=false/16384/keys=1,32960,11595761,0,4933335
streamfusion,operator_allocations,tumbling/16384/keys=1,469,581713,0,544
streamfusion,operator_allocations,session/16384/keys=1,16471,1269187,0,32
streamfusion,operator_allocations,interval_join/16384/keys=1,3736201,161212678892,0,9605128
streamfusion,operator_allocations,window_join/16384/keys=1,645,4624162,0,1052672
streamfusion,operator_allocations,paimon_upsert_merge/first=false/16384/keys=64,77,566456,0,19276
streamfusion,operator_allocations,paimon_upsert_merge/first=true/16384/keys=64,77,566456,0,19276
streamfusion,operator_allocations,filter/16384/keys=64,80,4256782,0,4114603
streamfusion,operator_allocations,append_topn/mini=false/16384/keys=64,1194,6365298,0,133704
streamfusion,operator_allocations,keep_last/mini=false/16384/keys=64,16548,22499120,0,9586364
streamfusion,operator_allocations,normalize/mini=false/16384/keys=64,16548,22495088,0,9586364
streamfusion,operator_allocations,updating_join/mini=false/16384/keys=64,17745,33776778,0,9588744
streamfusion,operator_allocations,append_topn/mini=true/16384/keys=64,1393,6301838,0,77060
streamfusion,operator_allocations,keep_last/mini=true/16384/keys=64,16594,11325880,0,18764
streamfusion,operator_allocations,normalize/mini=true/16384/keys=64,16669,11337300,0,18764
streamfusion,operator_allocations,updating_join/mini=true/16384/keys=64,17409,11361320,0,37464
streamfusion,operator_allocations,retract_topn/16384/keys=64,82506,16244024,0,96736
streamfusion,operator_allocations,keep_first/16384/keys=64,170,342888,0,18764
streamfusion,operator_allocations,group_sum/16384/keys=64,16616,6361811,0,480220
streamfusion,operator_allocations,local_group_sum/16384/keys=64,248,316768,0,1024
streamfusion,operator_allocations,over_running/16384/keys=64,290,2213590,4802564,133120
streamfusion,operator_allocations,over_bounded/rows_frame=true/16384/keys=64,33461,11323443,0,4935383
streamfusion,operator_allocations,over_bounded/rows_frame=false/16384/keys=64,33605,11611934,0,4935383
streamfusion,operator_allocations,tumbling/16384/keys=64,16490,2171088,0,34816
streamfusion,operator_allocations,session/16384/keys=64,247574,17479112,0,526336
streamfusion,operator_allocations,interval_join/16384/keys=64,57983,2552327144,0,9605128
streamfusion,operator_allocations,window_join/16384/keys=64,645,4624162,0,1052672
streamfusion,operator_allocations,paimon_upsert_merge/first=false/16384/keys=16384,85,5611376,0,4933636
streamfusion,operator_allocations,paimon_upsert_merge/first=true/16384/keys=16384,85,5611376,0,4933636
streamfusion,operator_allocations,filter/16384/keys=16384,80,4256782,0,4114603
streamfusion,operator_allocations,append_topn/mini=false/16384/keys=16384,82104,33966845,0,4933636
streamfusion,operator_allocations,keep_last/mini=false/16384/keys=16384,32874,21411792,0,4802564
streamfusion,operator_allocations,normalize/mini=false/16384/keys=16384,32874,20363280,0,4802564
streamfusion,operator_allocations,updating_join/mini=false/16384/keys=16384,98913,59060042,0,9588744
streamfusion,operator_allocations,append_topn/mini=true/16384/keys=16384,131285,37833561,0,4933636
streamfusion,operator_allocations,keep_last/mini=true/16384/keys=16384,49250,23508888,0,4802564
streamfusion,operator_allocations,normalize/mini=true/16384/keys=16384,65661,26458036,0,4802564
streamfusion,operator_allocations,updating_join/mini=true/16384/keys=16384,197413,104501592,0,9588744
streamfusion,operator_allocations,retract_topn/16384/keys=16384,98471,33835496,0,4802564
streamfusion,operator_allocations,keep_first/16384/keys=16384,16506,9427208,0,4802564
streamfusion,operator_allocations,group_sum/16384/keys=16384,49259,12162563,0,280576
streamfusion,operator_allocations,local_group_sum/16384/keys=16384,49239,9427544,0,264192
streamfusion,operator_allocations,over_running/16384/keys=16384,32938,7648278,4802564,133120
streamfusion,operator_allocations,over_bounded/rows_frame=true/16384/keys=16384,65723,15203562,0,4935383
streamfusion,operator_allocations,over_bounded/rows_frame=false/16384/keys=16384,98521,17940163,0,4935383
streamfusion,operator_allocations,tumbling/16384/keys=16384,208653,22897696,0,526336
streamfusion,operator_allocations,session/16384/keys=16384,339494,34265736,0,526336
streamfusion,operator_allocations,interval_join/16384/keys=16384,738,34063328,0,9605128
streamfusion,operator_allocations,window_join/16384/keys=16384,645,4624162,0,1052672
streamfusion,scalar_registry,op=65/flink_sign/16/nulls=false/unicode=false,6,432,0,128
streamfusion,scalar_registry,op=67/flink_ascii/16/nulls=false/unicode=false,6,368,0,64
streamfusion,scalar_registry,op=81/flink_chr/16/nulls=false/unicode=false,10,596,0,75
streamfusion,scalar_registry,op=100/starts_with/16/nulls=false/unicode=false,12,653,0,2
streamfusion,scalar_registry,op=101/ends_with/16/nulls=false/unicode=false,12,652,0,2
streamfusion,scalar_registry,op=102/strpos/16/nulls=false/unicode=false,6,381,0,64
streamfusion,scalar_registry,op=103/flink_locate/16/nulls=false/unicode=false,11,897,0,64
streamfusion,scalar_registry,op=104/flink_bin/16/nulls=false/unicode=false,10,1588,0,659
streamfusion,scalar_registry,op=105/flink_hex_int/16/nulls=false/unicode=false,10,820,0,219
streamfusion,scalar_registry,op=106/flink_hex_string/16/nulls=false/unicode=false,8,10052,0,9668
streamfusion,scalar_registry,op=107/flink_to_base64/16/nulls=false/unicode=false,8,6852,0,6468
streamfusion,scalar_registry,op=108/flink_unhex/16/nulls=false/unicode=false,8,524,0,132
streamfusion,scalar_registry,op=109/flink_greatest/16/nulls=false/unicode=false,9,648,0,128
streamfusion,scalar_registry,op=110/flink_least/16/nulls=false/unicode=false,9,648,0,128
streamfusion,scalar_registry,op=111/flink_initcap/16/nulls=false/unicode=false,17,6380,0,4868
streamfusion,scalar_registry,op=112/flink_translate/16/nulls=false/unicode=false,29,7290,0,4868
streamfusion,scalar_registry,op=113/btrim/16/nulls=false/unicode=false,15,15942,0,4868
streamfusion,scalar_registry,op=114/flink_elt/16/nulls=false/unicode=false,3,221,5168,0
streamfusion,scalar_registry,op=115/flink_url_encode/16/nulls=false/unicode=false,20,20972,0,6788
streamfusion,scalar_registry,op=116/flink_overlay/16/nulls=false/unicode=false,22,6555,0,4852
streamfusion,scalar_registry,op=117/flink_url_decode/16/nulls=false/unicode=false,13,5652,0,324
streamfusion,scalar_registry,op=118/flink_url_decode_ascii/16/nulls=false/unicode=false,13,5652,0,324
streamfusion,scalar_registry,op=120/flink_encode/16/nulls=false/unicode=false,4,285,5168,0
streamfusion,scalar_registry,op=121/flink_decode/16/nulls=false/unicode=false,4,285,5168,0
streamfusion,scalar_registry,op=122/flink_json_quote/16/nulls=false/unicode=false,17,6680,0,4900
streamfusion,scalar_registry,op=123/flink_json_unquote/16/nulls=false/unicode=false,11,725,0,164
streamfusion,scalar_registry,op=124/flink_split/16/nulls=false/unicode=false,28,15085,0,7816
streamfusion,scalar_registry,op=125/flink_substring/16/nulls=false/unicode=false,16,6272,0,132
streamfusion,scalar_registry,op=126/flink_left/16/nulls=false/unicode=false,13,5968,0,132
streamfusion,scalar_registry,op=127/flink_right/16/nulls=false/unicode=false,13,5968,0,132
streamfusion,scalar_registry,op=128/flink_lpad/16/nulls=false/unicode=false,20,16621,0,5188
streamfusion,scalar_registry,op=129/flink_rpad/16/nulls=false/unicode=false,20,16621,0,5188
streamfusion,scalar_registry,op=130/flink_split_index/16/nulls=false/unicode=false,19,6421,0,132
streamfusion,scalar_registry,op=131/flink_to_date/16/nulls=false/unicode=false,7,464,0,64
streamfusion,scalar_registry,op=133/flink_quarter/16/nulls=false/unicode=false,6,432,0,128
streamfusion,scalar_registry,op=134/flink_week/16/nulls=false/unicode=false,6,432,0,128
streamfusion,scalar_registry,op=135/flink_dayofyear/16/nulls=false/unicode=false,6,432,0,128
streamfusion,scalar_registry,op=136/flink_dayofweek/16/nulls=false/unicode=false,6,432,0,128
streamfusion,scalar_registry,op=139/ltrim/16/nulls=false/unicode=false,15,15942,0,4868
streamfusion,scalar_registry,op=140/rtrim/16/nulls=false/unicode=false,15,15942,0,4868
streamfusion,scalar_registry,op=142/flink_json_exists/16/nulls=false/unicode=false,39,1558,0,2
streamfusion,scalar_registry,op=151/flink_to_base64_binary/16/nulls=false/unicode=false,8,6852,0,6468
streamfusion,scalar_registry,op=152/flink_json_string/16/nulls=false/unicode=false,14,16628,0,4900
streamfusion,scalar_registry,op=153/flink_json_object/16/nulls=false/unicode=false,23,17019,0,5028
streamfusion,scalar_registry,op=154/flink_temporal_round/16/nulls=false/unicode=false,26,2152,0,192
streamfusion,scalar_registry,op=155/flink_timestamp_millis/16/nulls=false/unicode=false,6,392,0,128
streamfusion,scalar_registry,op=156/flink_timestamp_subtract_millis/16/nulls=false/unicode=false,6,488,0,128
streamfusion,scalar_registry,op=157/flink_timestamp_subtract_months/16/nulls=false/unicode=false,6,488,0,128
streamfusion,scalar_registry,op=158/flink_if_null/16/nulls=false/unicode=false,6,504,128,0
streamfusion,scalar_registry,op=159/flink_string_to_boolean/16/nulls=false/unicode=false,7,456,0,2
streamfusion,scalar_registry,op=160/flink_string_to_boolean_or_null/16/nulls=false/unicode=false,9,576,0,4
streamfusion,scalar_registry,op=161/flink_instr/16/nulls=false/unicode=false,19,1593,0,64
streamfusion,scalar_registry,op=162/flink_hash_code/16/nulls=false/unicode=false,6,368,0,64
streamfusion,scalar_registry,op=165/flink_array_distinct/16/nulls=false/unicode=false,13,1316,0,458
streamfusion,scalar_registry,op=144/flink_is_json_value/16/nulls=false/unicode=false,36,1303,0,2
streamfusion,scalar_registry,op=145/flink_is_json_object/16/nulls=false/unicode=false,36,1303,0,2
streamfusion,scalar_registry,op=146/flink_is_json_array/16/nulls=false/unicode=false,36,1303,0,2
streamfusion,scalar_registry,op=147/flink_is_json_scalar/16/nulls=false/unicode=false,36,1303,0,2
streamfusion,scalar_registry,op=141/flink_json_value/16/nulls=false/unicode=false,43,2013,0,132
streamfusion,scalar_registry,op=148/flink_json_value_boolean/16/nulls=false/unicode=false,40,1777,0,2
streamfusion,scalar_registry,op=149/flink_json_value_integer/16/nulls=false/unicode=false,40,1785,0,64
streamfusion,scalar_registry,op=150/flink_json_value_double/16/nulls=false/unicode=false,40,1849,0,128
streamfusion,scalar_registry,decimal_cast/flink_decimal_cast/16/nulls=false/unicode=false,5,496,0,256
streamfusion,scalar_registry,decimal_to_double/flink_decimal_to_double/16/nulls=false/unicode=false,5,368,0,128
streamfusion,scalar_registry,decimal_to_float/flink_decimal_to_float/16/nulls=false/unicode=false,5,304,0,64
streamfusion,scalar_registry,decimal_round/flink_decimal_round/16/nulls=false/unicode=false,5,568,0,256
streamfusion,scalar_registry,decimal_truncate/flink_decimal_truncate/16/nulls=false/unicode=false,5,568,0,256
streamfusion,scalar_registry,decimal_add/flink_decimal_add/16/nulls=false/unicode=false,5,568,0,256
streamfusion,scalar_registry,decimal_subtract/flink_decimal_subtract/16/nulls=false/unicode=false,5,568,0,256
streamfusion,scalar_registry,decimal_multiply/flink_decimal_multiply/16/nulls=false/unicode=false,5,568,0,256
streamfusion,scalar_registry,integer_divide/flink_integer_divide/16/nulls=false/unicode=false,9,800,0,128
streamfusion,scalar_registry,integer_parse/flink_string_to_integer/16/nulls=false/unicode=false,7,528,0,128
streamfusion,scalar_registry,integer_try_parse/flink_string_to_integer/16/nulls=false/unicode=false,7,528,0,128
streamfusion,scalar_registry,integer_format/flink_integer_to_string/16/nulls=false/unicode=false,17,9160,0,4292
streamfusion,scalar_registry,from_unixtime/flink_from_unixtime/16/nulls=false/unicode=false,26,2100,0,372
streamfusion,scalar_registry,array_item/flink_array_item/16/nulls=false/unicode=false,11,920,0,128
streamfusion,scalar_registry,map_lookup_literal/flink_map_lookup_Int64(1)/16/nulls=false/unicode=false,15,864,0,128
streamfusion,scalar_registry,map_lookup_dynamic/flink_dynamic_map_lookup/16/nulls=false/unicode=false,14,1032,0,128
streamfusion,scalar_registry,float_comparison/flink_float_comparison_14/16/nulls=false/unicode=false,12,660,0,2
streamfusion,scalar_registry,random/flink_random/16/nulls=false/unicode=false,4,392,0,128
streamfusion,scalar_registry,random_seeded/flink_random/16/nulls=false/unicode=false,11,792,0,128
streamfusion,scalar_registry,random_integer/flink_random/16/nulls=false/unicode=false,11,728,0,64
streamfusion,scalar_registry,random_integer_seeded/flink_random/16/nulls=false/unicode=false,14,1032,0,64
streamfusion,scalar_registry,current_timestamp/flink_clock/16/nulls=false/unicode=false,11,664,0,192
streamfusion,scalar_registry,current_date/flink_clock/16/nulls=false/unicode=false,0,0,0,64
streamfusion,scalar_registry,current_time/flink_clock/16/nulls=false/unicode=false,0,0,0,64
streamfusion,scalar_registry,unix_timestamp/flink_clock/16/nulls=false/unicode=false,0,0,0,128
streamfusion,scalar_registry,watermark/flink_clock/16/nulls=false/unicode=false,11,664,0,194
streamfusion,scalar_registry,op=65/flink_sign/16/nulls=true/unicode=false,6,432,3,128
streamfusion,scalar_registry,op=67/flink_ascii/16/nulls=true/unicode=false,6,368,3,64
streamfusion,scalar_registry,op=81/flink_chr/16/nulls=true/unicode=false,12,716,0,76
streamfusion,scalar_registry,op=100/starts_with/16/nulls=true/unicode=false,12,653,3,2
streamfusion,scalar_registry,op=101/ends_with/16/nulls=true/unicode=false,12,652,3,2
streamfusion,scalar_registry,op=102/strpos/16/nulls=true/unicode=false,8,501,0,66
streamfusion,scalar_registry,op=103/flink_locate/16/nulls=true/unicode=false,13,1017,0,66
streamfusion,scalar_registry,op=104/flink_bin/16/nulls=true/unicode=false,12,1708,0,594
streamfusion,scalar_registry,op=105/flink_hex_int/16/nulls=true/unicode=false,12,940,0,204
streamfusion,scalar_registry,op=106/flink_hex_string/16/nulls=true/unicode=false,8,8852,3,8468
streamfusion,scalar_registry,op=107/flink_to_base64/16/nulls=true/unicode=false,8,6052,3,5668
streamfusion,scalar_registry,op=108/flink_unhex/16/nulls=true/unicode=false,10,636,0,126
streamfusion,scalar_registry,op=109/flink_greatest/16/nulls=true/unicode=false,9,648,3,128
streamfusion,scalar_registry,op=110/flink_least/16/nulls=true/unicode=false,9,648,3,128
streamfusion,scalar_registry,op=111/flink_initcap/16/nulls=true/unicode=false,19,5900,0,4270
streamfusion,scalar_registry,op=112/flink_translate/16/nulls=true/unicode=false,31,6810,0,4270
streamfusion,scalar_registry,op=113/btrim/16/nulls=true/unicode=false,17,16062,0,4270
streamfusion,scalar_registry,op=114/flink_elt/16/nulls=true/unicode=false,3,221,4271,0
streamfusion,scalar_registry,op=115/flink_url_encode/16/nulls=true/unicode=false,22,21156,0,5950
streamfusion,scalar_registry,op=116/flink_overlay/16/nulls=true/unicode=false,24,6075,0,4256
streamfusion,scalar_registry,op=117/flink_url_decode/16/nulls=true/unicode=false,15,5836,0,294
streamfusion,scalar_registry,op=118/flink_url_decode_ascii/16/nulls=true/unicode=false,15,5836,0,294
streamfusion,scalar_registry,op=120/flink_encode/16/nulls=true/unicode=false,4,285,4271,0
streamfusion,scalar_registry,op=121/flink_decode/16/nulls=true/unicode=false,4,285,4271,0
streamfusion,scalar_registry,op=122/flink_json_quote/16/nulls=true/unicode=false,20,14300,0,4298
streamfusion,scalar_registry,op=123/flink_json_unquote/16/nulls=true/unicode=false,13,818,0,154
streamfusion,scalar_registry,op=124/flink_split/16/nulls=true/unicode=false,30,14305,0,6850
streamfusion,scalar_registry,op=125/flink_substring/16/nulls=true/unicode=false,18,5492,0,126
streamfusion,scalar_registry,op=126/flink_left/16/nulls=true/unicode=false,15,5188,0,126
streamfusion,scalar_registry,op=127/flink_right/16/nulls=true/unicode=false,15,5188,0,126
streamfusion,scalar_registry,op=128/flink_lpad/16/nulls=true/unicode=false,22,14041,0,4550
streamfusion,scalar_registry,op=129/flink_rpad/16/nulls=true/unicode=false,22,14041,0,4550
streamfusion,scalar_registry,op=130/flink_split_index/16/nulls=true/unicode=false,21,5641,0,126
streamfusion,scalar_registry,op=131/flink_to_date/16/nulls=true/unicode=false,9,584,0,66
streamfusion,scalar_registry,op=133/flink_quarter/16/nulls=true/unicode=false,6,432,3,128
streamfusion,scalar_registry,op=134/flink_week/16/nulls=true/unicode=false,6,432,3,128
streamfusion,scalar_registry,op=135/flink_dayofyear/16/nulls=true/unicode=false,6,432,3,128
streamfusion,scalar_registry,op=136/flink_dayofweek/16/nulls=true/unicode=false,6,432,3,128
streamfusion,scalar_registry,op=139/ltrim/16/nulls=true/unicode=false,17,16062,0,4270
streamfusion,scalar_registry,op=140/rtrim/16/nulls=true/unicode=false,17,16062,0,4270
streamfusion,scalar_registry,op=142/flink_json_exists/16/nulls=true/unicode=false,41,1678,0,4
streamfusion,scalar_registry,op=151/flink_to_base64_binary/16/nulls=true/unicode=false,8,6052,3,5668
streamfusion,scalar_registry,op=152/flink_json_string/16/nulls=true/unicode=false,16,16748,0,4298
streamfusion,scalar_registry,op=153/flink_json_object/16/nulls=true/unicode=false,23,17019,0,4432
streamfusion,scalar_registry,op=154/flink_temporal_round/16/nulls=true/unicode=false,26,2152,0,194
streamfusion,scalar_registry,op=155/flink_timestamp_millis/16/nulls=true/unicode=false,6,392,3,128
streamfusion,scalar_registry,op=156/flink_timestamp_subtract_millis/16/nulls=true/unicode=false,6,488,3,128
streamfusion,scalar_registry,op=157/flink_timestamp_subtract_months/16/nulls=true/unicode=false,6,488,3,128
streamfusion,scalar_registry,op=158/flink_if_null/16/nulls=true/unicode=false,23,1138,0,128
streamfusion,scalar_registry,op=159/flink_string_to_boolean/16/nulls=true/unicode=false,9,576,0,4
streamfusion,scalar_registry,op=160/flink_string_to_boolean_or_null/16/nulls=true/unicode=false,9,576,0,4
streamfusion,scalar_registry,op=161/flink_instr/16/nulls=true/unicode=false,21,1713,0,66
streamfusion,scalar_registry,op=162/flink_hash_code/16/nulls=true/unicode=false,8,488,0,66
streamfusion,scalar_registry,op=165/flink_array_distinct/16/nulls=true/unicode=false,13,1268,3,410
streamfusion,scalar_registry,op=144/flink_is_json_value/16/nulls=true/unicode=false,36,1303,0,2
streamfusion,scalar_registry,op=145/flink_is_json_object/16/nulls=true/unicode=false,36,1303,0,2
streamfusion,scalar_registry,op=146/flink_is_json_array/16/nulls=true/unicode=false,36,1303,0,2
streamfusion,scalar_registry,op=147/flink_is_json_scalar/16/nulls=true/unicode=false,36,1303,0,2
streamfusion,scalar_registry,op=141/flink_json_value/16/nulls=true/unicode=false,45,2133,0,126
streamfusion,scalar_registry,op=148/flink_json_value_boolean/16/nulls=true/unicode=false,42,1897,0,4
streamfusion,scalar_registry,op=149/flink_json_value_integer/16/nulls=true/unicode=false,42,1905,0,66
streamfusion,scalar_registry,op=150/flink_json_value_double/16/nulls=true/unicode=false,42,1969,0,130
streamfusion,scalar_registry,decimal_cast/flink_decimal_cast/16/nulls=true/unicode=false,7,616,0,258
streamfusion,scalar_registry,decimal_to_double/flink_decimal_to_double/16/nulls=true/unicode=false,7,488,0,130
streamfusion,scalar_registry,decimal_to_float/flink_decimal_to_float/16/nulls=true/unicode=false,7,424,0,66
streamfusion,scalar_registry,decimal_round/flink_decimal_round/16/nulls=true/unicode=false,7,688,0,258
streamfusion,scalar_registry,decimal_truncate/flink_decimal_truncate/16/nulls=true/unicode=false,7,688,0,258
streamfusion,scalar_registry,decimal_add/flink_decimal_add/16/nulls=true/unicode=false,7,688,0,258
streamfusion,scalar_registry,decimal_subtract/flink_decimal_subtract/16/nulls=true/unicode=false,7,688,0,258
streamfusion,scalar_registry,decimal_multiply/flink_decimal_multiply/16/nulls=true/unicode=false,7,688,0,258
streamfusion,scalar_registry,integer_divide/flink_integer_divide/16/nulls=true/unicode=false,9,800,3,128
streamfusion,scalar_registry,integer_parse/flink_string_to_integer/16/nulls=true/unicode=false,9,648,0,130
streamfusion,scalar_registry,integer_try_parse/flink_string_to_integer/16/nulls=true/unicode=false,9,648,0,130
streamfusion,scalar_registry,integer_format/flink_integer_to_string/16/nulls=true/unicode=false,19,9280,0,3766
streamfusion,scalar_registry,from_unixtime/flink_from_unixtime/16/nulls=true/unicode=false,26,2156,0,336
streamfusion,scalar_registry,array_item/flink_array_item/16/nulls=true/unicode=false,13,1040,0,130
streamfusion,scalar_registry,map_lookup_literal/flink_map_lookup_Int64(1)/16/nulls=true/unicode=false,17,978,0,130
streamfusion,scalar_registry,map_lookup_dynamic/flink_dynamic_map_lookup/16/nulls=true/unicode=false,16,1146,0,130
streamfusion,scalar_registry,float_comparison/flink_float_comparison_14/16/nulls=true/unicode=false,14,780,0,4
streamfusion,scalar_registry,random/flink_random/16/nulls=true/unicode=false,4,392,0,128
streamfusion,scalar_registry,random_seeded/flink_random/16/nulls=true/unicode=false,11,792,0,128
streamfusion,scalar_registry,random_integer/flink_random/16/nulls=true/unicode=false,11,728,0,64
streamfusion,scalar_registry,random_integer_seeded/flink_random/16/nulls=true/unicode=false,14,1032,0,64
streamfusion,scalar_registry,current_timestamp/flink_clock/16/nulls=true/unicode=false,11,664,0,192
streamfusion,scalar_registry,current_date/flink_clock/16/nulls=true/unicode=false,0,0,0,64
streamfusion,scalar_registry,current_time/flink_clock/16/nulls=true/unicode=false,0,0,0,64
streamfusion,scalar_registry,unix_timestamp/flink_clock/16/nulls=true/unicode=false,0,0,0,128
streamfusion,scalar_registry,watermark/flink_clock/16/nulls=true/unicode=false,11,664,0,194
streamfusion,scalar_registry,op=65/flink_sign/16/nulls=true/unicode=true,6,432,3,128
streamfusion,scalar_registry,op=67/flink_ascii/16/nulls=true/unicode=true,6,368,3,64
streamfusion,scalar_registry,op=81/flink_chr/16/nulls=true/unicode=true,12,716,0,76
streamfusion,scalar_registry,op=100/starts_with/16/nulls=true/unicode=true,12,653,3,2
streamfusion,scalar_registry,op=101/ends_with/16/nulls=true/unicode=true,12,652,3,2
streamfusion,scalar_registry,op=102/strpos/16/nulls=true/unicode=true,8,501,0,66
streamfusion,scalar_registry,op=103/flink_locate/16/nulls=true/unicode=true,13,1017,0,66
streamfusion,scalar_registry,op=104/flink_bin/16/nulls=true/unicode=true,12,1708,0,594
streamfusion,scalar_registry,op=105/flink_hex_int/16/nulls=true/unicode=true,12,940,0,204
streamfusion,scalar_registry,op=106/flink_hex_string/16/nulls=true/unicode=true,8,9412,3,9028
streamfusion,scalar_registry,op=107/flink_to_base64/16/nulls=true/unicode=true,8,6444,3,6060
streamfusion,scalar_registry,op=108/flink_unhex/16/nulls=true/unicode=true,10,636,0,126
streamfusion,scalar_registry,op=109/flink_greatest/16/nulls=true/unicode=true,9,648,3,128
streamfusion,scalar_registry,op=110/flink_least/16/nulls=true/unicode=true,9,648,3,128
streamfusion,scalar_registry,op=111/flink_initcap/16/nulls=true/unicode=true,19,6180,0,4550
streamfusion,scalar_registry,op=112/flink_translate/16/nulls=true/unicode=true,31,7090,0,4550
streamfusion,scalar_registry,op=113/btrim/16/nulls=true/unicode=true,17,16062,0,4550
streamfusion,scalar_registry,op=114/flink_elt/16/nulls=true/unicode=true,3,221,4551,0
streamfusion,scalar_registry,op=115/flink_url_encode/16/nulls=true/unicode=true,24,38564,0,9478
streamfusion,scalar_registry,op=116/flink_overlay/16/nulls=true/unicode=true,24,6355,0,4480
streamfusion,scalar_registry,op=117/flink_url_decode/16/nulls=true/unicode=true,15,5836,0,294
streamfusion,scalar_registry,op=118/flink_url_decode_ascii/16/nulls=true/unicode=true,15,5836,0,294
streamfusion,scalar_registry,op=120/flink_encode/16/nulls=true/unicode=true,4,285,4551,0
streamfusion,scalar_registry,op=121/flink_decode/16/nulls=true/unicode=true,4,285,4551,0
streamfusion,scalar_registry,op=122/flink_json_quote/16/nulls=true/unicode=true,21,16164,0,8162
streamfusion,scalar_registry,op=123/flink_json_unquote/16/nulls=true/unicode=true,13,818,0,154
streamfusion,scalar_registry,op=124/flink_split/16/nulls=true/unicode=true,29,10233,0,5954
streamfusion,scalar_registry,op=125/flink_substring/16/nulls=true/unicode=true,18,5772,0,196
streamfusion,scalar_registry,op=126/flink_left/16/nulls=true/unicode=true,15,5468,0,210
streamfusion,scalar_registry,op=127/flink_right/16/nulls=true/unicode=true,15,5468,0,126
streamfusion,scalar_registry,op=128/flink_lpad/16/nulls=true/unicode=true,22,14881,0,5670
streamfusion,scalar_registry,op=129/flink_rpad/16/nulls=true/unicode=true,22,14881,0,5670
streamfusion,scalar_registry,op=130/flink_split_index/16/nulls=true/unicode=true,21,5921,0,140
streamfusion,scalar_registry,op=131/flink_to_date/16/nulls=true/unicode=true,9,584,0,66
streamfusion,scalar_registry,op=133/flink_quarter/16/nulls=true/unicode=true,6,432,3,128
streamfusion,scalar_registry,op=134/flink_week/16/nulls=true/unicode=true,6,432,3,128
streamfusion,scalar_registry,op=135/flink_dayofyear/16/nulls=true/unicode=true,6,432,3,128
streamfusion,scalar_registry,op=136/flink_dayofweek/16/nulls=true/unicode=true,6,432,3,128
streamfusion,scalar_registry,op=139/ltrim/16/nulls=true/unicode=true,17,16062,0,4550
streamfusion,scalar_registry,op=140/rtrim/16/nulls=true/unicode=true,17,16062,0,4550
streamfusion,scalar_registry,op=142/flink_json_exists/16/nulls=true/unicode=true,41,1678,0,4
streamfusion,scalar_registry,op=151/flink_to_base64_binary/16/nulls=true/unicode=true,8,6444,3,6060
streamfusion,scalar_registry,op=152/flink_json_string/16/nulls=true/unicode=true,16,16748,0,4578
streamfusion,scalar_registry,op=153/flink_json_object/16/nulls=true/unicode=true,23,17019,0,4712
streamfusion,scalar_registry,op=154/flink_temporal_round/16/nulls=true/unicode=true,26,2152,0,194
streamfusion,scalar_registry,op=155/flink_timestamp_millis/16/nulls=true/unicode=true,6,392,3,128
streamfusion,scalar_registry,op=156/flink_timestamp_subtract_millis/16/nulls=true/unicode=true,6,488,3,128
streamfusion,scalar_registry,op=157/flink_timestamp_subtract_months/16/nulls=true/unicode=true,6,488,3,128
streamfusion,scalar_registry,op=158/flink_if_null/16/nulls=true/unicode=true,23,1138,0,128
streamfusion,scalar_registry,op=159/flink_string_to_boolean/16/nulls=true/unicode=true,9,576,0,4
streamfusion,scalar_registry,op=160/flink_string_to_boolean_or_null/16/nulls=true/unicode=true,9,576,0,4
streamfusion,scalar_registry,op=161/flink_instr/16/nulls=true/unicode=true,21,1713,0,66
streamfusion,scalar_registry,op=162/flink_hash_code/16/nulls=true/unicode=true,8,488,0,66
streamfusion,scalar_registry,op=165/flink_array_distinct/16/nulls=true/unicode=true,13,1268,3,410
streamfusion,scalar_registry,op=144/flink_is_json_value/16/nulls=true/unicode=true,36,1303,0,2
streamfusion,scalar_registry,op=145/flink_is_json_object/16/nulls=true/unicode=true,36,1303,0,2
streamfusion,scalar_registry,op=146/flink_is_json_array/16/nulls=true/unicode=true,36,1303,0,2
streamfusion,scalar_registry,op=147/flink_is_json_scalar/16/nulls=true/unicode=true,36,1303,0,2
streamfusion,scalar_registry,op=141/flink_json_value/16/nulls=true/unicode=true,45,2133,0,126
streamfusion,scalar_registry,op=148/flink_json_value_boolean/16/nulls=true/unicode=true,42,1897,0,4
streamfusion,scalar_registry,op=149/flink_json_value_integer/16/nulls=true/unicode=true,42,1905,0,66
streamfusion,scalar_registry,op=150/flink_json_value_double/16/nulls=true/unicode=true,42,1969,0,130
streamfusion,scalar_registry,op=65/flink_sign/1024/nulls=false/unicode=false,6,8496,0,8192
streamfusion,scalar_registry,op=67/flink_ascii/1024/nulls=false/unicode=false,6,4400,0,4096
streamfusion,scalar_registry,op=81/flink_chr/1024/nulls=false/unicode=false,10,6644,0,5618
streamfusion,scalar_registry,op=100/starts_with/1024/nulls=false/unicode=false,12,773,0,128
streamfusion,scalar_registry,op=101/ends_with/1024/nulls=false/unicode=false,12,772,0,128
streamfusion,scalar_registry,op=102/strpos/1024/nulls=false/unicode=false,6,4413,0,4096
streamfusion,scalar_registry,op=103/flink_locate/1024/nulls=false/unicode=false,11,13953,0,4096
streamfusion,scalar_registry,op=104/flink_bin/1024/nulls=false/unicode=false,10,70132,0,13804
streamfusion,scalar_registry,op=105/flink_hex_int/1024/nulls=false/unicode=false,10,20980,0,7017
streamfusion,scalar_registry,op=106/flink_hex_string/1024/nulls=false/unicode=false,8,618884,0,618500
streamfusion,scalar_registry,op=107/flink_to_base64/1024/nulls=false/unicode=false,8,414084,0,413700
streamfusion,scalar_registry,op=108/flink_unhex/1024/nulls=false/unicode=false,8,9092,0,8196
streamfusion,scalar_registry,op=109/flink_greatest/1024/nulls=false/unicode=false,9,8712,0,8192
streamfusion,scalar_registry,op=110/flink_least/1024/nulls=false/unicode=false,9,8712,0,8192
streamfusion,scalar_registry,op=111/flink_initcap/1024/nulls=false/unicode=false,17,312812,0,311300
streamfusion,scalar_registry,op=112/flink_translate/1024/nulls=false/unicode=false,29,327802,0,311300
streamfusion,scalar_registry,op=113/btrim/1024/nulls=false/unicode=false,21,1052166,0,311300
streamfusion,scalar_registry,op=114/flink_elt/1024/nulls=false/unicode=false,3,221,311600,0
streamfusion,scalar_registry,op=115/flink_url_encode/1024/nulls=false/unicode=false,26,1053164,0,434180
streamfusion,scalar_registry,op=116/flink_overlay/1024/nulls=false/unicode=false,22,336155,0,310276
streamfusion,scalar_registry,op=117/flink_url_decode/1024/nulls=false/unicode=false,17,36372,0,20484
streamfusion,scalar_registry,op=118/flink_url_decode_ascii/1024/nulls=false/unicode=false,17,36372,0,20484
streamfusion,scalar_registry,op=120/flink_encode/1024/nulls=false/unicode=false,4,285,311600,0
streamfusion,scalar_registry,op=121/flink_decode/1024/nulls=false/unicode=false,4,285,311600,0
streamfusion,scalar_registry,op=122/flink_json_quote/1024/nulls=false/unicode=false,18,928112,0,313348
streamfusion,scalar_registry,op=123/flink_json_unquote/1024/nulls=false/unicode=false,11,13829,0,10244
streamfusion,scalar_registry,op=124/flink_split/1024/nulls=false/unicode=false,28,838573,0,499720
streamfusion,scalar_registry,op=125/flink_substring/1024/nulls=false/unicode=false,16,320768,0,8196
streamfusion,scalar_registry,op=126/flink_left/1024/nulls=false/unicode=false,13,316432,0,8196
streamfusion,scalar_registry,op=127/flink_right/1024/nulls=false/unicode=false,13,316432,0,8196
streamfusion,scalar_registry,op=128/flink_lpad/1024/nulls=false/unicode=false,20,936877,0,331780
streamfusion,scalar_registry,op=129/flink_rpad/1024/nulls=false/unicode=false,20,936877,0,331780
streamfusion,scalar_registry,op=130/flink_split_index/1024/nulls=false/unicode=false,19,321877,0,8196
streamfusion,scalar_registry,op=131/flink_to_date/1024/nulls=false/unicode=false,7,4496,0,4096
streamfusion,scalar_registry,op=133/flink_quarter/1024/nulls=false/unicode=false,6,8496,0,8192
streamfusion,scalar_registry,op=134/flink_week/1024/nulls=false/unicode=false,6,8496,0,8192
streamfusion,scalar_registry,op=135/flink_dayofyear/1024/nulls=false/unicode=false,6,8496,0,8192
streamfusion,scalar_registry,op=136/flink_dayofweek/1024/nulls=false/unicode=false,6,8496,0,8192
streamfusion,scalar_registry,op=139/ltrim/1024/nulls=false/unicode=false,21,1052166,0,311300
streamfusion,scalar_registry,op=140/rtrim/1024/nulls=false/unicode=false,21,1052166,0,311300
streamfusion,scalar_registry,op=142/flink_json_exists/1024/nulls=false/unicode=false,39,1622,0,128
streamfusion,scalar_registry,op=151/flink_to_base64_binary/1024/nulls=false/unicode=false,8,414084,0,413700
streamfusion,scalar_registry,op=152/flink_json_string/1024/nulls=false/unicode=false,14,1036724,0,313348
streamfusion,scalar_registry,op=153/flink_json_object/1024/nulls=false/unicode=false,23,1020987,0,321540
streamfusion,scalar_registry,op=154/flink_temporal_round/1024/nulls=false/unicode=false,44,60744,0,12288
streamfusion,scalar_registry,op=155/flink_timestamp_millis/1024/nulls=false/unicode=false,6,8456,0,8192
streamfusion,scalar_registry,op=156/flink_timestamp_subtract_millis/1024/nulls=false/unicode=false,6,8552,0,8192
streamfusion,scalar_registry,op=157/flink_timestamp_subtract_months/1024/nulls=false/unicode=false,6,8552,0,8192
streamfusion,scalar_registry,op=158/flink_if_null/1024/nulls=false/unicode=false,6,8568,8192,0
streamfusion,scalar_registry,op=159/flink_string_to_boolean/1024/nulls=false/unicode=false,7,520,0,128
streamfusion,scalar_registry,op=160/flink_string_to_boolean_or_null/1024/nulls=false/unicode=false,9,704,0,256
streamfusion,scalar_registry,op=161/flink_instr/1024/nulls=false/unicode=false,19,22713,0,4096
streamfusion,scalar_registry,op=162/flink_hash_code/1024/nulls=false/unicode=false,6,4400,0,4096
streamfusion,scalar_registry,op=165/flink_array_distinct/1024/nulls=false/unicode=false,13,46044,0,29060
streamfusion,scalar_registry,op=144/flink_is_json_value/1024/nulls=false/unicode=false,36,1367,0,128
streamfusion,scalar_registry,op=145/flink_is_json_object/1024/nulls=false/unicode=false,36,1367,0,128
streamfusion,scalar_registry,op=146/flink_is_json_array/1024/nulls=false/unicode=false,36,1367,0,128
streamfusion,scalar_registry,op=147/flink_is_json_scalar/1024/nulls=false/unicode=false,36,1367,0,128
streamfusion,scalar_registry,op=141/flink_json_value/1024/nulls=false/unicode=false,43,14109,0,8196
streamfusion,scalar_registry,op=148/flink_json_value_boolean/1024/nulls=false/unicode=false,40,1841,0,128
streamfusion,scalar_registry,op=149/flink_json_value_integer/1024/nulls=false/unicode=false,40,5817,0,4096
streamfusion,scalar_registry,op=150/flink_json_value_double/1024/nulls=false/unicode=false,40,9913,0,8192
streamfusion,scalar_registry,decimal_cast/flink_decimal_cast/1024/nulls=false/unicode=false,5,16624,0,16384
streamfusion,scalar_registry,decimal_to_double/flink_decimal_to_double/1024/nulls=false/unicode=false,5,8432,0,8192
streamfusion,scalar_registry,decimal_to_float/flink_decimal_to_float/1024/nulls=false/unicode=false,5,4336,0,4096
streamfusion,scalar_registry,decimal_round/flink_decimal_round/1024/nulls=false/unicode=false,5,16696,0,16384
streamfusion,scalar_registry,decimal_truncate/flink_decimal_truncate/1024/nulls=false/unicode=false,5,16696,0,16384
streamfusion,scalar_registry,decimal_add/flink_decimal_add/1024/nulls=false/unicode=false,5,16696,0,16384
streamfusion,scalar_registry,decimal_subtract/flink_decimal_subtract/1024/nulls=false/unicode=false,5,16696,0,16384
streamfusion,scalar_registry,decimal_multiply/flink_decimal_multiply/1024/nulls=false/unicode=false,5,16696,0,16384
streamfusion,scalar_registry,integer_divide/flink_integer_divide/1024/nulls=false/unicode=false,9,16928,0,8192
streamfusion,scalar_registry,integer_parse/flink_string_to_integer/1024/nulls=false/unicode=false,7,8592,0,8192
streamfusion,scalar_registry,integer_try_parse/flink_string_to_integer/1024/nulls=false/unicode=false,7,8592,0,8192
streamfusion,scalar_registry,integer_format/flink_integer_to_string/1024/nulls=false/unicode=false,18,1045264,0,274436
streamfusion,scalar_registry,from_unixtime/flink_from_unixtime/1024/nulls=false/unicode=false,1039,101876,0,23556
streamfusion,scalar_registry,array_item/flink_array_item/1024/nulls=false/unicode=false,11,21080,0,8192
streamfusion,scalar_registry,map_lookup_literal/flink_map_lookup_Int64(1)/1024/nulls=false/unicode=false,15,13584,0,8192
streamfusion,scalar_registry,map_lookup_dynamic/flink_dynamic_map_lookup/1024/nulls=false/unicode=false,14,21312,0,8192
streamfusion,scalar_registry,float_comparison/flink_float_comparison_14/1024/nulls=false/unicode=false,12,1984,0,128
streamfusion,scalar_registry,random/flink_random/1024/nulls=false/unicode=false,4,8456,0,8192
streamfusion,scalar_registry,random_seeded/flink_random/1024/nulls=false/unicode=false,11,12888,0,8192
streamfusion,scalar_registry,random_integer/flink_random/1024/nulls=false/unicode=false,11,8792,0,4096
streamfusion,scalar_registry,random_integer_seeded/flink_random/1024/nulls=false/unicode=false,14,13128,0,4096
streamfusion,scalar_registry,current_timestamp/flink_clock/1024/nulls=false/unicode=false,11,664,0,12288
streamfusion,scalar_registry,current_date/flink_clock/1024/nulls=false/unicode=false,0,0,0,4096
streamfusion,scalar_registry,current_time/flink_clock/1024/nulls=false/unicode=false,0,0,0,4096
streamfusion,scalar_registry,unix_timestamp/flink_clock/1024/nulls=false/unicode=false,0,0,0,8192
streamfusion,scalar_registry,watermark/flink_clock/1024/nulls=false/unicode=false,11,664,0,12416
streamfusion,scalar_registry,op=65/flink_sign/1024/nulls=true/unicode=false,6,8496,129,8192
streamfusion,scalar_registry,op=67/flink_ascii/1024/nulls=true/unicode=false,6,4400,129,4096
streamfusion,scalar_registry,op=81/flink_chr/1024/nulls=true/unicode=false,12,6828,0,5529
streamfusion,scalar_registry,op=100/starts_with/1024/nulls=true/unicode=false,12,773,129,128
streamfusion,scalar_registry,op=101/ends_with/1024/nulls=true/unicode=false,12,772,129,128
streamfusion,scalar_registry,op=102/strpos/1024/nulls=true/unicode=false,8,4597,0,4224
streamfusion,scalar_registry,op=103/flink_locate/1024/nulls=true/unicode=false,13,14137,0,4224
streamfusion,scalar_registry,op=104/flink_bin/1024/nulls=true/unicode=false,12,70316,0,12561
streamfusion,scalar_registry,op=105/flink_hex_int/1024/nulls=true/unicode=false,12,21164,0,6732
streamfusion,scalar_registry,op=106/flink_hex_string/1024/nulls=true/unicode=false,8,531284,129,530900
streamfusion,scalar_registry,op=107/flink_to_base64/1024/nulls=true/unicode=false,8,355684,129,355300
streamfusion,scalar_registry,op=108/flink_unhex/1024/nulls=true/unicode=false,10,8692,0,7740
streamfusion,scalar_registry,op=109/flink_greatest/1024/nulls=true/unicode=false,9,8712,129,8192
streamfusion,scalar_registry,op=110/flink_least/1024/nulls=true/unicode=false,9,8712,129,8192
streamfusion,scalar_registry,op=111/flink_initcap/1024/nulls=true/unicode=false,19,269196,0,267628
streamfusion,scalar_registry,op=112/flink_translate/1024/nulls=true/unicode=false,31,284186,0,267628
streamfusion,scalar_registry,op=113/btrim/1024/nulls=true/unicode=false,23,1052350,0,267628
streamfusion,scalar_registry,op=114/flink_elt/1024/nulls=true/unicode=false,3,221,267629,0
streamfusion,scalar_registry,op=115/flink_url_encode/1024/nulls=true/unicode=false,28,1053348,0,372988
streamfusion,scalar_registry,op=116/flink_overlay/1024/nulls=true/unicode=false,24,292539,0,266750
streamfusion,scalar_registry,op=117/flink_url_decode/1024/nulls=true/unicode=false,19,36556,0,18276
streamfusion,scalar_registry,op=118/flink_url_decode_ascii/1024/nulls=true/unicode=false,19,36556,0,18276
streamfusion,scalar_registry,op=120/flink_encode/1024/nulls=true/unicode=false,4,285,267629,0
streamfusion,scalar_registry,op=121/flink_decode/1024/nulls=true/unicode=false,4,285,267629,0
streamfusion,scalar_registry,op=122/flink_json_quote/1024/nulls=true/unicode=false,20,795996,0,269384
streamfusion,scalar_registry,op=123/flink_json_unquote/1024/nulls=true/unicode=false,13,12690,0,9496
streamfusion,scalar_registry,op=124/flink_split/1024/nulls=true/unicode=false,30,794657,0,429184
streamfusion,scalar_registry,op=125/flink_substring/1024/nulls=true/unicode=false,18,276852,0,7740
streamfusion,scalar_registry,op=126/flink_left/1024/nulls=true/unicode=false,15,272516,0,7740
streamfusion,scalar_registry,op=127/flink_right/1024/nulls=true/unicode=false,15,272516,0,7740
streamfusion,scalar_registry,op=128/flink_lpad/1024/nulls=true/unicode=false,22,804761,0,285188
streamfusion,scalar_registry,op=129/flink_rpad/1024/nulls=true/unicode=false,22,804761,0,285188
streamfusion,scalar_registry,op=130/flink_split_index/1024/nulls=true/unicode=false,21,277961,0,7740
streamfusion,scalar_registry,op=131/flink_to_date/1024/nulls=true/unicode=false,9,4680,0,4224
streamfusion,scalar_registry,op=133/flink_quarter/1024/nulls=true/unicode=false,6,8496,129,8192
streamfusion,scalar_registry,op=134/flink_week/1024/nulls=true/unicode=false,6,8496,129,8192
streamfusion,scalar_registry,op=135/flink_dayofyear/1024/nulls=true/unicode=false,6,8496,129,8192
streamfusion,scalar_registry,op=136/flink_dayofweek/1024/nulls=true/unicode=false,6,8496,129,8192
streamfusion,scalar_registry,op=139/ltrim/1024/nulls=true/unicode=false,23,1052350,0,267628
streamfusion,scalar_registry,op=140/rtrim/1024/nulls=true/unicode=false,23,1052350,0,267628
streamfusion,scalar_registry,op=142/flink_json_exists/1024/nulls=true/unicode=false,41,1806,0,256
streamfusion,scalar_registry,op=151/flink_to_base64_binary/1024/nulls=true/unicode=false,8,355684,129,355300
streamfusion,scalar_registry,op=152/flink_json_string/1024/nulls=true/unicode=false,16,1036908,0,269384
streamfusion,scalar_registry,op=153/flink_json_object/1024/nulls=true/unicode=false,23,1020987,0,278032
streamfusion,scalar_registry,op=154/flink_temporal_round/1024/nulls=true/unicode=false,44,60744,0,12416
streamfusion,scalar_registry,op=155/flink_timestamp_millis/1024/nulls=true/unicode=false,6,8456,129,8192
streamfusion,scalar_registry,op=156/flink_timestamp_subtract_millis/1024/nulls=true/unicode=false,6,8552,129,8192
streamfusion,scalar_registry,op=157/flink_timestamp_subtract_months/1024/nulls=true/unicode=false,6,8552,129,8192
streamfusion,scalar_registry,op=158/flink_if_null/1024/nulls=true/unicode=false,23,17520,0,8192
streamfusion,scalar_registry,op=159/flink_string_to_boolean/1024/nulls=true/unicode=false,9,704,0,256
streamfusion,scalar_registry,op=160/flink_string_to_boolean_or_null/1024/nulls=true/unicode=false,9,704,0,256
streamfusion,scalar_registry,op=161/flink_instr/1024/nulls=true/unicode=false,21,22897,0,4224
streamfusion,scalar_registry,op=162/flink_hash_code/1024/nulls=true/unicode=false,8,4584,0,4224
streamfusion,scalar_registry,op=165/flink_array_distinct/1024/nulls=true/unicode=false,13,42492,129,25502
streamfusion,scalar_registry,op=144/flink_is_json_value/1024/nulls=true/unicode=false,36,1367,0,128
streamfusion,scalar_registry,op=145/flink_is_json_object/1024/nulls=true/unicode=false,36,1367,0,128
streamfusion,scalar_registry,op=146/flink_is_json_array/1024/nulls=true/unicode=false,36,1367,0,128
streamfusion,scalar_registry,op=147/flink_is_json_scalar/1024/nulls=true/unicode=false,36,1367,0,128
streamfusion,scalar_registry,op=141/flink_json_value/1024/nulls=true/unicode=false,45,14293,0,7740
streamfusion,scalar_registry,op=148/flink_json_value_boolean/1024/nulls=true/unicode=false,42,2025,0,256
streamfusion,scalar_registry,op=149/flink_json_value_integer/1024/nulls=true/unicode=false,42,6001,0,4224
streamfusion,scalar_registry,op=150/flink_json_value_double/1024/nulls=true/unicode=false,42,10097,0,8320
streamfusion,scalar_registry,decimal_cast/flink_decimal_cast/1024/nulls=true/unicode=false,7,16808,0,16512
streamfusion,scalar_registry,decimal_to_double/flink_decimal_to_double/1024/nulls=true/unicode=false,7,8616,0,8320
streamfusion,scalar_registry,decimal_to_float/flink_decimal_to_float/1024/nulls=true/unicode=false,7,4520,0,4224
streamfusion,scalar_registry,decimal_round/flink_decimal_round/1024/nulls=true/unicode=false,7,16880,0,16512
streamfusion,scalar_registry,decimal_truncate/flink_decimal_truncate/1024/nulls=true/unicode=false,7,16880,0,16512
streamfusion,scalar_registry,decimal_add/flink_decimal_add/1024/nulls=true/unicode=false,7,16880,0,16512
streamfusion,scalar_registry,decimal_subtract/flink_decimal_subtract/1024/nulls=true/unicode=false,7,16880,0,16512
streamfusion,scalar_registry,decimal_multiply/flink_decimal_multiply/1024/nulls=true/unicode=false,7,16880,0,16512
streamfusion,scalar_registry,integer_divide/flink_integer_divide/1024/nulls=true/unicode=false,9,16928,129,8192
streamfusion,scalar_registry,integer_parse/flink_string_to_integer/1024/nulls=true/unicode=false,9,8776,0,8320
streamfusion,scalar_registry,integer_try_parse/flink_string_to_integer/1024/nulls=true/unicode=false,9,8776,0,8320
streamfusion,scalar_registry,integer_format/flink_integer_to_string/1024/nulls=true/unicode=false,19,521160,0,236020
streamfusion,scalar_registry,from_unixtime/flink_from_unixtime/1024/nulls=true/unicode=false,895,97388,0,20910
streamfusion,scalar_registry,array_item/flink_array_item/1024/nulls=true/unicode=false,13,21264,0,8320
streamfusion,scalar_registry,map_lookup_literal/flink_map_lookup_Int64(1)/1024/nulls=true/unicode=false,17,13768,0,8320
streamfusion,scalar_registry,map_lookup_dynamic/flink_dynamic_map_lookup/1024/nulls=true/unicode=false,16,21496,0,8320
streamfusion,scalar_registry,float_comparison/flink_float_comparison_14/1024/nulls=true/unicode=false,14,2168,0,256
streamfusion,scalar_registry,random/flink_random/1024/nulls=true/unicode=false,4,8456,0,8192
streamfusion,scalar_registry,random_seeded/flink_random/1024/nulls=true/unicode=false,11,12888,0,8192
streamfusion,scalar_registry,random_integer/flink_random/1024/nulls=true/unicode=false,11,8792,0,4096
streamfusion,scalar_registry,random_integer_seeded/flink_random/1024/nulls=true/unicode=false,14,13128,0,4096
streamfusion,scalar_registry,current_timestamp/flink_clock/1024/nulls=true/unicode=false,11,664,0,12288
streamfusion,scalar_registry,current_date/flink_clock/1024/nulls=true/unicode=false,0,0,0,4096
streamfusion,scalar_registry,current_time/flink_clock/1024/nulls=true/unicode=false,0,0,0,4096
streamfusion,scalar_registry,unix_timestamp/flink_clock/1024/nulls=true/unicode=false,0,0,0,8192
streamfusion,scalar_registry,watermark/flink_clock/1024/nulls=true/unicode=false,11,664,0,12416
streamfusion,scalar_registry,op=65/flink_sign/1024/nulls=true/unicode=true,6,8496,129,8192
streamfusion,scalar_registry,op=67/flink_ascii/1024/nulls=true/unicode=true,6,4400,129,4096
streamfusion,scalar_registry,op=81/flink_chr/1024/nulls=true/unicode=true,12,6828,0,5529
streamfusion,scalar_registry,op=100/starts_with/1024/nulls=true/unicode=true,12,773,129,128
streamfusion,scalar_registry,op=101/ends_with/1024/nulls=true/unicode=true,12,772,129,128
streamfusion,scalar_registry,op=102/strpos/1024/nulls=true/unicode=true,8,4597,0,4224
streamfusion,scalar_registry,op=103/flink_locate/1024/nulls=true/unicode=true,13,14137,0,4224
streamfusion,scalar_registry,op=104/flink_bin/1024/nulls=true/unicode=true,12,70316,0,12561
streamfusion,scalar_registry,op=105/flink_hex_int/1024/nulls=true/unicode=true,12,21164,0,6732
streamfusion,scalar_registry,op=106/flink_hex_string/1024/nulls=true/unicode=true,8,566404,129,566020
streamfusion,scalar_registry,op=107/flink_to_base64/1024/nulls=true/unicode=true,8,380268,129,379884
streamfusion,scalar_registry,op=108/flink_unhex/1024/nulls=true/unicode=true,10,8692,0,7740
streamfusion,scalar_registry,op=109/flink_greatest/1024/nulls=true/unicode=true,9,8712,129,8192
streamfusion,scalar_registry,op=110/flink_least/1024/nulls=true/unicode=true,9,8712,129,8192
streamfusion,scalar_registry,op=111/flink_initcap/1024/nulls=true/unicode=true,19,286756,0,285188
streamfusion,scalar_registry,op=112/flink_translate/1024/nulls=true/unicode=true,31,301746,0,285188
streamfusion,scalar_registry,op=113/btrim/1024/nulls=true/unicode=true,23,1052350,0,285188
streamfusion,scalar_registry,op=114/flink_elt/1024/nulls=true/unicode=true,3,221,285189,0
streamfusion,scalar_registry,op=115/flink_url_encode/1024/nulls=true/unicode=true,30,2102948,0,594244
streamfusion,scalar_registry,op=116/flink_overlay/1024/nulls=true/unicode=true,24,310099,0,280798
streamfusion,scalar_registry,op=117/flink_url_decode/1024/nulls=true/unicode=true,19,36556,0,18276
streamfusion,scalar_registry,op=118/flink_url_decode_ascii/1024/nulls=true/unicode=true,19,36556,0,18276
streamfusion,scalar_registry,op=120/flink_encode/1024/nulls=true/unicode=true,4,285,285189,0
streamfusion,scalar_registry,op=121/flink_decode/1024/nulls=true/unicode=true,4,285,285189,0
streamfusion,scalar_registry,op=122/flink_json_quote/1024/nulls=true/unicode=true,21,849700,0,511712
streamfusion,scalar_registry,op=123/flink_json_unquote/1024/nulls=true/unicode=true,13,12690,0,9496
streamfusion,scalar_registry,op=124/flink_split/1024/nulls=true/unicode=true,29,549817,0,372992
streamfusion,scalar_registry,op=125/flink_substring/1024/nulls=true/unicode=true,18,294412,0,12130
streamfusion,scalar_registry,op=126/flink_left/1024/nulls=true/unicode=true,15,290076,0,13008
streamfusion,scalar_registry,op=127/flink_right/1024/nulls=true/unicode=true,15,290076,0,7740
streamfusion,scalar_registry,op=128/flink_lpad/1024/nulls=true/unicode=true,22,857441,0,355428
streamfusion,scalar_registry,op=129/flink_rpad/1024/nulls=true/unicode=true,22,857441,0,355428
streamfusion,scalar_registry,op=130/flink_split_index/1024/nulls=true/unicode=true,21,295521,0,8618
streamfusion,scalar_registry,op=131/flink_to_date/1024/nulls=true/unicode=true,9,4680,0,4224
streamfusion,scalar_registry,op=133/flink_quarter/1024/nulls=true/unicode=true,6,8496,129,8192
streamfusion,scalar_registry,op=134/flink_week/1024/nulls=true/unicode=true,6,8496,129,8192
streamfusion,scalar_registry,op=135/flink_dayofyear/1024/nulls=true/unicode=true,6,8496,129,8192
streamfusion,scalar_registry,op=136/flink_dayofweek/1024/nulls=true/unicode=true,6,8496,129,8192
streamfusion,scalar_registry,op=139/ltrim/1024/nulls=true/unicode=true,23,1052350,0,285188
streamfusion,scalar_registry,op=140/rtrim/1024/nulls=true/unicode=true,23,1052350,0,285188
streamfusion,scalar_registry,op=142/flink_json_exists/1024/nulls=true/unicode=true,41,1806,0,256
streamfusion,scalar_registry,op=151/flink_to_base64_binary/1024/nulls=true/unicode=true,8,380268,129,379884
streamfusion,scalar_registry,op=152/flink_json_string/1024/nulls=true/unicode=true,16,1036908,0,286944
streamfusion,scalar_registry,op=153/flink_json_object/1024/nulls=true/unicode=true,23,1020987,0,295592
streamfusion,scalar_registry,op=154/flink_temporal_round/1024/nulls=true/unicode=true,44,60744,0,12416
streamfusion,scalar_registry,op=155/flink_timestamp_millis/1024/nulls=true/unicode=true,6,8456,129,8192
streamfusion,scalar_registry,op=156/flink_timestamp_subtract_millis/1024/nulls=true/unicode=true,6,8552,129,8192
streamfusion,scalar_registry,op=157/flink_timestamp_subtract_months/1024/nulls=true/unicode=true,6,8552,129,8192
streamfusion,scalar_registry,op=158/flink_if_null/1024/nulls=true/unicode=true,23,17520,0,8192
streamfusion,scalar_registry,op=159/flink_string_to_boolean/1024/nulls=true/unicode=true,9,704,0,256
streamfusion,scalar_registry,op=160/flink_string_to_boolean_or_null/1024/nulls=true/unicode=true,9,704,0,256
streamfusion,scalar_registry,op=161/flink_instr/1024/nulls=true/unicode=true,21,22897,0,4224
streamfusion,scalar_registry,op=162/flink_hash_code/1024/nulls=true/unicode=true,8,4584,0,4224
streamfusion,scalar_registry,op=165/flink_array_distinct/1024/nulls=true/unicode=true,13,42492,129,25502
streamfusion,scalar_registry,op=144/flink_is_json_value/1024/nulls=true/unicode=true,36,1367,0,128
streamfusion,scalar_registry,op=145/flink_is_json_object/1024/nulls=true/unicode=true,36,1367,0,128
streamfusion,scalar_registry,op=146/flink_is_json_array/1024/nulls=true/unicode=true,36,1367,0,128
streamfusion,scalar_registry,op=147/flink_is_json_scalar/1024/nulls=true/unicode=true,36,1367,0,128
streamfusion,scalar_registry,op=141/flink_json_value/1024/nulls=true/unicode=true,45,14293,0,7740
streamfusion,scalar_registry,op=148/flink_json_value_boolean/1024/nulls=true/unicode=true,42,2025,0,256
streamfusion,scalar_registry,op=149/flink_json_value_integer/1024/nulls=true/unicode=true,42,6001,0,4224
streamfusion,scalar_registry,op=150/flink_json_value_double/1024/nulls=true/unicode=true,42,10097,0,8320
streamfusion,scalar_registry,op=65/flink_sign/16384/nulls=false/unicode=false,6,131376,0,131072
streamfusion,scalar_registry,op=67/flink_ascii/16384/nulls=false/unicode=false,6,65840,0,65536
streamfusion,scalar_registry,op=81/flink_chr/16384/nulls=false/unicode=false,10,98804,0,90098
streamfusion,scalar_registry,op=100/starts_with/16384/nulls=false/unicode=false,12,2693,0,2048
streamfusion,scalar_registry,op=101/ends_with/16384/nulls=false/unicode=false,12,2692,0,2048
streamfusion,scalar_registry,op=102/strpos/16384/nulls=false/unicode=false,6,65853,0,65536
streamfusion,scalar_registry,op=103/flink_locate/16384/nulls=false/unicode=false,11,213633,0,65536
streamfusion,scalar_registry,op=104/flink_bin/16384/nulls=false/unicode=false,10,1114612,0,278984
streamfusion,scalar_registry,op=105/flink_hex_int/16384/nulls=false/unicode=false,10,328180,0,126816
streamfusion,scalar_registry,op=106/flink_hex_string/16384/nulls=false/unicode=false,8,9896324,0,9895940
streamfusion,scalar_registry,op=107/flink_to_base64/16384/nulls=false/unicode=false,8,6619524,0,6619140
streamfusion,scalar_registry,op=108/flink_unhex/16384/nulls=false/unicode=false,8,139652,0,131076
streamfusion,scalar_registry,op=109/flink_greatest/16384/nulls=false/unicode=false,9,131592,0,131072
streamfusion,scalar_registry,op=110/flink_least/16384/nulls=false/unicode=false,9,131592,0,131072
streamfusion,scalar_registry,op=111/flink_initcap/16384/nulls=false/unicode=false,17,4982252,0,4980740
streamfusion,scalar_registry,op=112/flink_translate/16384/nulls=false/unicode=false,29,5212282,0,4980740
streamfusion,scalar_registry,op=113/btrim/16384/nulls=false/unicode=false,25,16842246,0,4980740
streamfusion,scalar_registry,op=114/flink_elt/16384/nulls=false/unicode=false,3,221,4981040,0
streamfusion,scalar_registry,op=115/flink_url_encode/16384/nulls=false/unicode=false,34,16904804,0,6946820
streamfusion,scalar_registry,op=116/flink_overlay/16384/nulls=false/unicode=false,22,5358875,0,4964356
streamfusion,scalar_registry,op=117/flink_url_decode/16384/nulls=false/unicode=false,25,650892,0,327684
streamfusion,scalar_registry,op=118/flink_url_decode_ascii/16384/nulls=false/unicode=false,25,650892,0,327684
streamfusion,scalar_registry,op=120/flink_encode/16384/nulls=false/unicode=false,4,285,4981040,0
streamfusion,scalar_registry,op=121/flink_decode/16384/nulls=false/unicode=false,4,285,4981040,0
streamfusion,scalar_registry,op=122/flink_json_quote/16384/nulls=false/unicode=false,18,14813552,0,5013508
streamfusion,scalar_registry,op=123/flink_json_unquote/16384/nulls=false/unicode=false,11,213509,0,163844
streamfusion,scalar_registry,op=124/flink_split/16384/nulls=false/unicode=false,28,13387693,0,7995400
streamfusion,scalar_registry,op=125/flink_substring/16384/nulls=false/unicode=false,16,5113088,0,131076
streamfusion,scalar_registry,op=126/flink_left/16384/nulls=false/unicode=false,13,5047312,0,131076
streamfusion,scalar_registry,op=127/flink_right/16384/nulls=false/unicode=false,13,5047312,0,131076
streamfusion,scalar_registry,op=128/flink_lpad/16384/nulls=false/unicode=false,20,14960557,0,5308420
streamfusion,scalar_registry,op=129/flink_rpad/16384/nulls=false/unicode=false,20,14960557,0,5308420
streamfusion,scalar_registry,op=130/flink_split_index/16384/nulls=false/unicode=false,19,5129557,0,131076
streamfusion,scalar_registry,op=131/flink_to_date/16384/nulls=false/unicode=false,7,65936,0,65536
streamfusion,scalar_registry,op=133/flink_quarter/16384/nulls=false/unicode=false,6,131376,0,131072
streamfusion,scalar_registry,op=134/flink_week/16384/nulls=false/unicode=false,6,131376,0,131072
streamfusion,scalar_registry,op=135/flink_dayofyear/16384/nulls=false/unicode=false,6,131376,0,131072
streamfusion,scalar_registry,op=136/flink_dayofweek/16384/nulls=false/unicode=false,6,131376,0,131072
streamfusion,scalar_registry,op=139/ltrim/16384/nulls=false/unicode=false,25,16842246,0,4980740
streamfusion,scalar_registry,op=140/rtrim/16384/nulls=false/unicode=false,25,16842246,0,4980740
streamfusion,scalar_registry,op=142/flink_json_exists/16384/nulls=false/unicode=false,39,3542,0,2048
streamfusion,scalar_registry,op=151/flink_to_base64_binary/16384/nulls=false/unicode=false,8,6619524,0,6619140
streamfusion,scalar_registry,op=152/flink_json_string/16384/nulls=false/unicode=false,14,16581044,0,5013508
streamfusion,scalar_registry,op=153/flink_json_object/16384/nulls=false/unicode=false,23,16319547,0,5144580
streamfusion,scalar_registry,op=154/flink_temporal_round/16384/nulls=false/unicode=false,56,955464,0,196608
streamfusion,scalar_registry,op=155/flink_timestamp_millis/16384/nulls=false/unicode=false,6,131336,0,131072
streamfusion,scalar_registry,op=156/flink_timestamp_subtract_millis/16384/nulls=false/unicode=false,6,131432,0,131072
streamfusion,scalar_registry,op=157/flink_timestamp_subtract_months/16384/nulls=false/unicode=false,6,131432,0,131072
streamfusion,scalar_registry,op=158/flink_if_null/16384/nulls=false/unicode=false,6,131448,131072,0
streamfusion,scalar_registry,op=159/flink_string_to_boolean/16384/nulls=false/unicode=false,7,2440,0,2048
streamfusion,scalar_registry,op=160/flink_string_to_boolean_or_null/16384/nulls=false/unicode=false,9,4544,0,4096
streamfusion,scalar_registry,op=161/flink_instr/16384/nulls=false/unicode=false,19,345273,0,65536
streamfusion,scalar_registry,op=162/flink_hash_code/16384/nulls=false/unicode=false,6,65840,0,65536
streamfusion,scalar_registry,op=165/flink_array_distinct/16384/nulls=false/unicode=false,13,727644,0,464900
streamfusion,scalar_registry,op=144/flink_is_json_value/16384/nulls=false/unicode=false,36,3287,0,2048
streamfusion,scalar_registry,op=145/flink_is_json_object/16384/nulls=false/unicode=false,36,3287,0,2048
streamfusion,scalar_registry,op=146/flink_is_json_array/16384/nulls=false/unicode=false,36,3287,0,2048
streamfusion,scalar_registry,op=147/flink_is_json_scalar/16384/nulls=false/unicode=false,36,3287,0,2048
streamfusion,scalar_registry,op=141/flink_json_value/16384/nulls=false/unicode=false,43,198429,0,131076
streamfusion,scalar_registry,op=148/flink_json_value_boolean/16384/nulls=false/unicode=false,40,3761,0,2048
streamfusion,scalar_registry,op=149/flink_json_value_integer/16384/nulls=false/unicode=false,40,67257,0,65536
streamfusion,scalar_registry,op=150/flink_json_value_double/16384/nulls=false/unicode=false,40,132793,0,131072
streamfusion,scalar_registry,decimal_cast/flink_decimal_cast/16384/nulls=false/unicode=false,5,262384,0,262144
streamfusion,scalar_registry,decimal_to_double/flink_decimal_to_double/16384/nulls=false/unicode=false,5,131312,0,131072
streamfusion,scalar_registry,decimal_to_float/flink_decimal_to_float/16384/nulls=false/unicode=false,5,65776,0,65536
streamfusion,scalar_registry,decimal_round/flink_decimal_round/16384/nulls=false/unicode=false,5,262456,0,262144
streamfusion,scalar_registry,decimal_truncate/flink_decimal_truncate/16384/nulls=false/unicode=false,5,262456,0,262144
streamfusion,scalar_registry,decimal_add/flink_decimal_add/16384/nulls=false/unicode=false,5,262456,0,262144
streamfusion,scalar_registry,decimal_subtract/flink_decimal_subtract/16384/nulls=false/unicode=false,5,262456,0,262144
streamfusion,scalar_registry,decimal_multiply/flink_decimal_multiply/16384/nulls=false/unicode=false,5,262456,0,262144
streamfusion,scalar_registry,integer_divide/flink_integer_divide/16384/nulls=false/unicode=false,9,262688,0,131072
streamfusion,scalar_registry,integer_parse/flink_string_to_integer/16384/nulls=false/unicode=false,7,131472,0,131072
streamfusion,scalar_registry,integer_try_parse/flink_string_to_integer/16384/nulls=false/unicode=false,7,131472,0,131072
streamfusion,scalar_registry,integer_format/flink_integer_to_string/16384/nulls=false/unicode=false,18,16712464,0,4390916
streamfusion,scalar_registry,from_unixtime/flink_from_unixtime/16384/nulls=false/unicode=false,16403,1637876,0,376836
streamfusion,scalar_registry,array_item/flink_array_item/16384/nulls=false/unicode=false,11,328280,0,131072
streamfusion,scalar_registry,map_lookup_literal/flink_map_lookup_Int64(1)/16384/nulls=false/unicode=false,15,207504,0,131072
streamfusion,scalar_registry,map_lookup_dynamic/flink_dynamic_map_lookup/16384/nulls=false/unicode=false,14,330432,0,131072
streamfusion,scalar_registry,float_comparison/flink_float_comparison_14/16384/nulls=false/unicode=false,12,23104,0,2048
streamfusion,scalar_registry,random/flink_random/16384/nulls=false/unicode=false,4,131336,0,131072
streamfusion,scalar_registry,random_seeded/flink_random/16384/nulls=false/unicode=false,11,197208,0,131072
streamfusion,scalar_registry,random_integer/flink_random/16384/nulls=false/unicode=false,11,131672,0,65536
streamfusion,scalar_registry,random_integer_seeded/flink_random/16384/nulls=false/unicode=false,14,197448,0,65536
streamfusion,scalar_registry,current_timestamp/flink_clock/16384/nulls=false/unicode=false,11,664,0,196608
streamfusion,scalar_registry,current_date/flink_clock/16384/nulls=false/unicode=false,0,0,0,65536
streamfusion,scalar_registry,current_time/flink_clock/16384/nulls=false/unicode=false,0,0,0,65536
streamfusion,scalar_registry,unix_timestamp/flink_clock/16384/nulls=false/unicode=false,0,0,0,131072
streamfusion,scalar_registry,watermark/flink_clock/16384/nulls=false/unicode=false,11,664,0,198656
streamfusion,scalar_registry,op=65/flink_sign/16384/nulls=true/unicode=false,6,131376,2049,131072
streamfusion,scalar_registry,op=67/flink_ascii/16384/nulls=true/unicode=false,6,65840,2049,65536
streamfusion,scalar_registry,op=81/flink_chr/16384/nulls=true/unicode=false,12,100908,0,88638
streamfusion,scalar_registry,op=100/starts_with/16384/nulls=true/unicode=false,12,2693,2049,2048
streamfusion,scalar_registry,op=101/ends_with/16384/nulls=true/unicode=false,12,2692,2049,2048
streamfusion,scalar_registry,op=102/strpos/16384/nulls=true/unicode=false,8,67957,0,67584
streamfusion,scalar_registry,op=103/flink_locate/16384/nulls=true/unicode=false,13,215737,0,67584
streamfusion,scalar_registry,op=104/flink_bin/16384/nulls=true/unicode=false,12,1116716,0,250558
streamfusion,scalar_registry,op=105/flink_hex_int/16384/nulls=true/unicode=false,12,330284,0,120115
streamfusion,scalar_registry,op=106/flink_hex_string/16384/nulls=true/unicode=false,8,8492324,2049,8491940
streamfusion,scalar_registry,op=107/flink_to_base64/16384/nulls=true/unicode=false,8,5683524,2049,5683140
streamfusion,scalar_registry,op=108/flink_unhex/16384/nulls=true/unicode=false,10,132396,0,123764
streamfusion,scalar_registry,op=109/flink_greatest/16384/nulls=true/unicode=false,9,131592,2049,131072
streamfusion,scalar_registry,op=110/flink_least/16384/nulls=true/unicode=false,9,131592,2049,131072
streamfusion,scalar_registry,op=111/flink_initcap/16384/nulls=true/unicode=false,19,4282356,0,4280788
streamfusion,scalar_registry,op=112/flink_translate/16384/nulls=true/unicode=false,31,4512386,0,4280788
streamfusion,scalar_registry,op=113/btrim/16384/nulls=true/unicode=false,27,16844350,0,4280788
streamfusion,scalar_registry,op=114/flink_elt/16384/nulls=true/unicode=false,3,221,4280789,0
streamfusion,scalar_registry,op=115/flink_url_encode/16384/nulls=true/unicode=false,40,16908828,0,5966068
streamfusion,scalar_registry,op=116/flink_overlay/16384/nulls=true/unicode=false,24,4658979,0,4266744
streamfusion,scalar_registry,op=117/flink_url_decode/16384/nulls=true/unicode=false,31,654916,0,292292
streamfusion,scalar_registry,op=118/flink_url_decode_ascii/16384/nulls=true/unicode=false,31,654916,0,292292
streamfusion,scalar_registry,op=120/flink_encode/16384/nulls=true/unicode=false,4,285,4280789,0
streamfusion,scalar_registry,op=121/flink_decode/16384/nulls=true/unicode=false,4,285,4280789,0
streamfusion,scalar_registry,op=122/flink_json_quote/16384/nulls=true/unicode=false,20,12708756,0,4308876
streamfusion,scalar_registry,op=123/flink_json_unquote/16384/nulls=true/unicode=false,13,194544,0,151852
streamfusion,scalar_registry,op=124/flink_split/16384/nulls=true/unicode=false,30,12687497,0,6864888
streamfusion,scalar_registry,op=125/flink_substring/16384/nulls=true/unicode=false,18,4412892,0,123764
streamfusion,scalar_registry,op=126/flink_left/16384/nulls=true/unicode=false,15,4347116,0,123764
streamfusion,scalar_registry,op=127/flink_right/16384/nulls=true/unicode=false,15,4347116,0,123764
streamfusion,scalar_registry,op=128/flink_lpad/16384/nulls=true/unicode=false,22,12855761,0,4561668
streamfusion,scalar_registry,op=129/flink_rpad/16384/nulls=true/unicode=false,22,12855761,0,4561668
streamfusion,scalar_registry,op=130/flink_split_index/16384/nulls=true/unicode=false,21,4429361,0,123764
streamfusion,scalar_registry,op=131/flink_to_date/16384/nulls=true/unicode=false,9,68040,0,67584
streamfusion,scalar_registry,op=133/flink_quarter/16384/nulls=true/unicode=false,6,131376,2049,131072
streamfusion,scalar_registry,op=134/flink_week/16384/nulls=true/unicode=false,6,131376,2049,131072
streamfusion,scalar_registry,op=135/flink_dayofyear/16384/nulls=true/unicode=false,6,131376,2049,131072
streamfusion,scalar_registry,op=136/flink_dayofweek/16384/nulls=true/unicode=false,6,131376,2049,131072
streamfusion,scalar_registry,op=139/ltrim/16384/nulls=true/unicode=false,27,16844350,0,4280788
streamfusion,scalar_registry,op=140/rtrim/16384/nulls=true/unicode=false,27,16844350,0,4280788
streamfusion,scalar_registry,op=142/flink_json_exists/16384/nulls=true/unicode=false,41,5646,0,4096
streamfusion,scalar_registry,op=151/flink_to_base64_binary/16384/nulls=true/unicode=false,8,5683524,2049,5683140
streamfusion,scalar_registry,op=152/flink_json_string/16384/nulls=true/unicode=false,16,16583148,0,4308876
streamfusion,scalar_registry,op=153/flink_json_object/16384/nulls=true/unicode=false,23,16319547,0,4447260
streamfusion,scalar_registry,op=154/flink_temporal_round/16384/nulls=true/unicode=false,56,955464,0,198656
streamfusion,scalar_registry,op=155/flink_timestamp_millis/16384/nulls=true/unicode=false,6,131336,2049,131072
streamfusion,scalar_registry,op=156/flink_timestamp_subtract_millis/16384/nulls=true/unicode=false,6,131432,2049,131072
streamfusion,scalar_registry,op=157/flink_timestamp_subtract_months/16384/nulls=true/unicode=false,6,131432,2049,131072
streamfusion,scalar_registry,op=158/flink_if_null/16384/nulls=true/unicode=false,23,267120,0,131072
streamfusion,scalar_registry,op=159/flink_string_to_boolean/16384/nulls=true/unicode=false,9,4544,0,4096
streamfusion,scalar_registry,op=160/flink_string_to_boolean_or_null/16384/nulls=true/unicode=false,9,4544,0,4096
streamfusion,scalar_registry,op=161/flink_instr/16384/nulls=true/unicode=false,21,347377,0,67584
streamfusion,scalar_registry,op=162/flink_hash_code/16384/nulls=true/unicode=false,8,67944,0,67584
streamfusion,scalar_registry,op=165/flink_array_distinct/16384/nulls=true/unicode=false,13,670612,2049,407863
streamfusion,scalar_registry,op=144/flink_is_json_value/16384/nulls=true/unicode=false,36,3287,0,2048
streamfusion,scalar_registry,op=145/flink_is_json_object/16384/nulls=true/unicode=false,36,3287,0,2048
streamfusion,scalar_registry,op=146/flink_is_json_array/16384/nulls=true/unicode=false,36,3287,0,2048
streamfusion,scalar_registry,op=147/flink_is_json_scalar/16384/nulls=true/unicode=false,36,3287,0,2048
streamfusion,scalar_registry,op=141/flink_json_value/16384/nulls=true/unicode=false,45,200533,0,123764
streamfusion,scalar_registry,op=148/flink_json_value_boolean/16384/nulls=true/unicode=false,42,5865,0,4096
streamfusion,scalar_registry,op=149/flink_json_value_integer/16384/nulls=true/unicode=false,42,69361,0,67584
streamfusion,scalar_registry,op=150/flink_json_value_double/16384/nulls=true/unicode=false,42,134897,0,133120
streamfusion,scalar_registry,decimal_cast/flink_decimal_cast/16384/nulls=true/unicode=false,7,264488,0,264192
streamfusion,scalar_registry,decimal_to_double/flink_decimal_to_double/16384/nulls=true/unicode=false,7,133416,0,133120
streamfusion,scalar_registry,decimal_to_float/flink_decimal_to_float/16384/nulls=true/unicode=false,7,67880,0,67584
streamfusion,scalar_registry,decimal_round/flink_decimal_round/16384/nulls=true/unicode=false,7,264560,0,264192
streamfusion,scalar_registry,decimal_truncate/flink_decimal_truncate/16384/nulls=true/unicode=false,7,264560,0,264192
streamfusion,scalar_registry,decimal_add/flink_decimal_add/16384/nulls=true/unicode=false,7,264560,0,264192
streamfusion,scalar_registry,decimal_subtract/flink_decimal_subtract/16384/nulls=true/unicode=false,7,264560,0,264192
streamfusion,scalar_registry,decimal_multiply/flink_decimal_multiply/16384/nulls=true/unicode=false,7,264560,0,264192
streamfusion,scalar_registry,integer_divide/flink_integer_divide/16384/nulls=true/unicode=false,9,262688,2049,131072
streamfusion,scalar_registry,integer_parse/flink_string_to_integer/16384/nulls=true/unicode=false,9,133576,0,133120
streamfusion,scalar_registry,integer_try_parse/flink_string_to_integer/16384/nulls=true/unicode=false,9,133576,0,133120
streamfusion,scalar_registry,integer_format/flink_integer_to_string/16384/nulls=true/unicode=false,19,8325960,0,3775204
streamfusion,scalar_registry,from_unixtime/flink_from_unixtime/16384/nulls=true/unicode=false,14065,1565100,0,334424
streamfusion,scalar_registry,array_item/flink_array_item/16384/nulls=true/unicode=false,13,330384,0,133120
streamfusion,scalar_registry,map_lookup_literal/flink_map_lookup_Int64(1)/16384/nulls=true/unicode=false,17,209608,0,133120
streamfusion,scalar_registry,map_lookup_dynamic/flink_dynamic_map_lookup/16384/nulls=true/unicode=false,16,332536,0,133120
streamfusion,scalar_registry,float_comparison/flink_float_comparison_14/16384/nulls=true/unicode=false,14,25208,0,4096
streamfusion,scalar_registry,random/flink_random/16384/nulls=true/unicode=false,4,131336,0,131072
streamfusion,scalar_registry,random_seeded/flink_random/16384/nulls=true/unicode=false,11,197208,0,131072
streamfusion,scalar_registry,random_integer/flink_random/16384/nulls=true/unicode=false,11,131672,0,65536
streamfusion,scalar_registry,random_integer_seeded/flink_random/16384/nulls=true/unicode=false,14,197448,0,65536
streamfusion,scalar_registry,current_timestamp/flink_clock/16384/nulls=true/unicode=false,11,664,0,196608
streamfusion,scalar_registry,current_date/flink_clock/16384/nulls=true/unicode=false,0,0,0,65536
streamfusion,scalar_registry,current_time/flink_clock/16384/nulls=true/unicode=false,0,0,0,65536
streamfusion,scalar_registry,unix_timestamp/flink_clock/16384/nulls=true/unicode=false,0,0,0,131072
streamfusion,scalar_registry,watermark/flink_clock/16384/nulls=true/unicode=false,11,664,0,198656
streamfusion,scalar_registry,op=65/flink_sign/16384/nulls=true/unicode=true,6,131376,2049,131072
streamfusion,scalar_registry,op=67/flink_ascii/16384/nulls=true/unicode=true,6,65840,2049,65536
streamfusion,scalar_registry,op=81/flink_chr/16384/nulls=true/unicode=true,12,100908,0,88638
streamfusion,scalar_registry,op=100/starts_with/16384/nulls=true/unicode=true,12,2693,2049,2048
streamfusion,scalar_registry,op=101/ends_with/16384/nulls=true/unicode=true,12,2692,2049,2048
streamfusion,scalar_registry,op=102/strpos/16384/nulls=true/unicode=true,8,67957,0,67584
streamfusion,scalar_registry,op=103/flink_locate/16384/nulls=true/unicode=true,13,215737,0,67584
streamfusion,scalar_registry,op=104/flink_bin/16384/nulls=true/unicode=true,12,1116716,0,250558
streamfusion,scalar_registry,op=105/flink_hex_int/16384/nulls=true/unicode=true,12,330284,0,120115
streamfusion,scalar_registry,op=106/flink_hex_string/16384/nulls=true/unicode=true,8,9054084,2049,9053700
streamfusion,scalar_registry,op=107/flink_to_base64/16384/nulls=true/unicode=true,8,6076756,2049,6076372
streamfusion,scalar_registry,op=108/flink_unhex/16384/nulls=true/unicode=true,10,132396,0,123764
streamfusion,scalar_registry,op=109/flink_greatest/16384/nulls=true/unicode=true,9,131592,2049,131072
streamfusion,scalar_registry,op=110/flink_least/16384/nulls=true/unicode=true,9,131592,2049,131072
streamfusion,scalar_registry,op=111/flink_initcap/16384/nulls=true/unicode=true,19,4563236,0,4561668
streamfusion,scalar_registry,op=112/flink_translate/16384/nulls=true/unicode=true,31,4793266,0,4561668
streamfusion,scalar_registry,op=113/btrim/16384/nulls=true/unicode=true,27,16844350,0,4561668
streamfusion,scalar_registry,op=114/flink_elt/16384/nulls=true/unicode=true,3,221,4561669,0
streamfusion,scalar_registry,op=115/flink_url_encode/16384/nulls=true/unicode=true,42,33687068,0,9505156
streamfusion,scalar_registry,op=116/flink_overlay/16384/nulls=true/unicode=true,24,4939859,0,4491448
streamfusion,scalar_registry,op=117/flink_url_decode/16384/nulls=true/unicode=true,31,654916,0,292292
streamfusion,scalar_registry,op=118/flink_url_decode_ascii/16384/nulls=true/unicode=true,31,654916,0,292292
streamfusion,scalar_registry,op=120/flink_encode/16384/nulls=true/unicode=true,4,285,4561669,0
streamfusion,scalar_registry,op=121/flink_decode/16384/nulls=true/unicode=true,4,285,4561669,0
streamfusion,scalar_registry,op=122/flink_json_quote/16384/nulls=true/unicode=true,21,13552420,0,8185020
streamfusion,scalar_registry,op=123/flink_json_unquote/16384/nulls=true/unicode=true,13,194544,0,151852
streamfusion,scalar_registry,op=124/flink_split/16384/nulls=true/unicode=true,29,8773817,0,5966072
streamfusion,scalar_registry,op=125/flink_substring/16384/nulls=true/unicode=true,18,4693772,0,193984
streamfusion,scalar_registry,op=126/flink_left/16384/nulls=true/unicode=true,15,4627996,0,208028
streamfusion,scalar_registry,op=127/flink_right/16384/nulls=true/unicode=true,15,4627996,0,123764
streamfusion,scalar_registry,op=128/flink_lpad/16384/nulls=true/unicode=true,22,13698401,0,5685188
streamfusion,scalar_registry,op=129/flink_rpad/16384/nulls=true/unicode=true,22,13698401,0,5685188
streamfusion,scalar_registry,op=130/flink_split_index/16384/nulls=true/unicode=true,21,4710241,0,137808
streamfusion,scalar_registry,op=131/flink_to_date/16384/nulls=true/unicode=true,9,68040,0,67584
streamfusion,scalar_registry,op=133/flink_quarter/16384/nulls=true/unicode=true,6,131376,2049,131072
streamfusion,scalar_registry,op=134/flink_week/16384/nulls=true/unicode=true,6,131376,2049,131072
streamfusion,scalar_registry,op=135/flink_dayofyear/16384/nulls=true/unicode=true,6,131376,2049,131072
streamfusion,scalar_registry,op=136/flink_dayofweek/16384/nulls=true/unicode=true,6,131376,2049,131072
streamfusion,scalar_registry,op=139/ltrim/16384/nulls=true/unicode=true,27,16844350,0,4561668
streamfusion,scalar_registry,op=140/rtrim/16384/nulls=true/unicode=true,27,16844350,0,4561668
streamfusion,scalar_registry,op=142/flink_json_exists/16384/nulls=true/unicode=true,41,5646,0,4096
streamfusion,scalar_registry,op=151/flink_to_base64_binary/16384/nulls=true/unicode=true,8,6076756,2049,6076372
streamfusion,scalar_registry,op=152/flink_json_string/16384/nulls=true/unicode=true,16,16583148,0,4589756
streamfusion,scalar_registry,op=153/flink_json_object/16384/nulls=true/unicode=true,23,16319547,0,4728140
streamfusion,scalar_registry,op=154/flink_temporal_round/16384/nulls=true/unicode=true,56,955464,0,198656
streamfusion,scalar_registry,op=155/flink_timestamp_millis/16384/nulls=true/unicode=true,6,131336,2049,131072
streamfusion,scalar_registry,op=156/flink_timestamp_subtract_millis/16384/nulls=true/unicode=true,6,131432,2049,131072
streamfusion,scalar_registry,op=157/flink_timestamp_subtract_months/16384/nulls=true/unicode=true,6,131432,2049,131072
streamfusion,scalar_registry,op=158/flink_if_null/16384/nulls=true/unicode=true,23,267120,0,131072
streamfusion,scalar_registry,op=159/flink_string_to_boolean/16384/nulls=true/unicode=true,9,4544,0,4096
streamfusion,scalar_registry,op=160/flink_string_to_boolean_or_null/16384/nulls=true/unicode=true,9,4544,0,4096
streamfusion,scalar_registry,op=161/flink_instr/16384/nulls=true/unicode=true,21,347377,0,67584
streamfusion,scalar_registry,op=162/flink_hash_code/16384/nulls=true/unicode=true,8,67944,0,67584
streamfusion,scalar_registry,op=165/flink_array_distinct/16384/nulls=true/unicode=true,13,670612,2049,407863
streamfusion,scalar_registry,op=144/flink_is_json_value/16384/nulls=true/unicode=true,36,3287,0,2048
streamfusion,scalar_registry,op=145/flink_is_json_object/16384/nulls=true/unicode=true,36,3287,0,2048
streamfusion,scalar_registry,op=146/flink_is_json_array/16384/nulls=true/unicode=true,36,3287,0,2048
streamfusion,scalar_registry,op=147/flink_is_json_scalar/16384/nulls=true/unicode=true,36,3287,0,2048
streamfusion,scalar_registry,op=141/flink_json_value/16384/nulls=true/unicode=true,45,200533,0,123764
streamfusion,scalar_registry,op=148/flink_json_value_boolean/16384/nulls=true/unicode=true,42,5865,0,4096
streamfusion,scalar_registry,op=149/flink_json_value_integer/16384/nulls=true/unicode=true,42,69361,0,67584
streamfusion,scalar_registry,op=150/flink_json_value_double/16384/nulls=true/unicode=true,42,134897,0,133120
streamfusion-avro,avro_decode,format/avro/decode/16/bytes=8/confluent=false,75,52675,0,452
streamfusion-avro,avro_decode,format/avro/decode/16/bytes=8/confluent=true,73,52644,0,452
streamfusion-avro,avro_decode,format/avro/decode/16/bytes=264/confluent=false,78,67268,0,4548
streamfusion-avro,avro_decode,format/avro/decode/16/bytes=264/confluent=true,76,66980,0,4548
streamfusion-avro,avro_decode,format/avro/decode/16/bytes=4096/confluent=false,80,183740,0,65860
streamfusion-avro,avro_decode,format/avro/decode/16/bytes=4096/confluent=true,78,179620,0,65860
streamfusion-avro,avro_decode,format/avro/decode/1024/bytes=8/confluent=false,78,67011,0,28676
streamfusion-avro,avro_decode,format/avro/decode/1024/bytes=8/confluent=true,76,66980,0,28676
streamfusion-avro,avro_decode,format/avro/decode/1024/bytes=264/confluent=false,84,1099460,0,290820
streamfusion-avro,avro_decode,format/avro/decode/1024/bytes=264/confluent=true,82,1099172,0,290820
streamfusion-avro,avro_decode,format/avro/decode/1024/bytes=4096/confluent=false,86,8441276,0,4214788
streamfusion-avro,avro_decode,format/avro/decode/1024/bytes=4096/confluent=true,84,8437156,0,4214788
streamfusion-avro,avro_decode,format/avro/decode/16384/bytes=8/confluent=false,94,927291,0,458756
streamfusion-avro,avro_decode,format/avro/decode/16384/bytes=8/confluent=true,92,927260,0,458756
streamfusion-avro,avro_decode,format/avro/decode/16384/bytes=264/confluent=false,100,17442620,0,4653060
streamfusion-avro,avro_decode,format/avro/decode/16384/bytes=264/confluent=true,98,17442332,0,4653060
streamfusion-avro,avro_decode,format/avro/decode/16384/bytes=4096/confluent=false,102,134884916,0,67436548
streamfusion-avro,avro_decode,format/avro/decode/16384/bytes=4096/confluent=true,100,134880796,0,67436548
streamfusion-bridge,handoffs,bridge/c_data/16/bytes=8/cached=false,58,3723,308,2
streamfusion-bridge,handoffs,bridge/c_data/16/bytes=8/cached=true,40,2784,308,2
streamfusion-bridge,handoffs,bridge/c_data/16/bytes=264/cached=false,58,3723,3892,2
streamfusion-bridge,handoffs,bridge/c_data/16/bytes=264/cached=true,40,2784,3892,2
streamfusion-bridge,handoffs,bridge/c_data/16/bytes=4096/cached=false,58,3723,57540,2
streamfusion-bridge,handoffs,bridge/c_data/16/bytes=4096/cached=true,40,2784,57540,2
streamfusion-bridge,handoffs,bridge/c_data/1024/bytes=8/cached=false,58,3819,19316,128
streamfusion-bridge,handoffs,bridge/c_data/1024/bytes=8/cached=true,40,2880,19316,128
streamfusion-bridge,handoffs,bridge/c_data/1024/bytes=264/cached=false,58,3819,244084,128
streamfusion-bridge,handoffs,bridge/c_data/1024/bytes=264/cached=true,40,2880,244084,128
streamfusion-bridge,handoffs,bridge/c_data/1024/bytes=4096/cached=false,58,3819,3608580,128
streamfusion-bridge,handoffs,bridge/c_data/1024/bytes=4096/cached=true,40,2880,3608580,128
streamfusion-bridge,handoffs,bridge/c_data/16384/bytes=8/cached=false,58,5739,308964,2048
streamfusion-bridge,handoffs,bridge/c_data/16384/bytes=8/cached=true,40,4800,308964,2048
streamfusion-bridge,handoffs,bridge/c_data/16384/bytes=264/cached=false,58,5739,3904228,2048
streamfusion-bridge,handoffs,bridge/c_data/16384/bytes=264/cached=true,40,4800,3904228,2048
streamfusion-bridge,handoffs,bridge/c_data/16384/bytes=4096/cached=false,58,5739,57720836,2048
streamfusion-bridge,handoffs,bridge/c_data/16384/bytes=4096/cached=true,40,4800,57720836,2048
streamfusion-bridge,handoffs,"timestamp/16/Timestamp(Second, None)",9,560,0,130
streamfusion-bridge,handoffs,"timestamp/16/Timestamp(Millisecond, None)",9,560,0,130
streamfusion-bridge,handoffs,"timestamp/16/Timestamp(Microsecond, None)",9,560,0,130
streamfusion-bridge,handoffs,"timestamp/16/Timestamp(Nanosecond, None)",9,560,0,130
streamfusion-bridge,handoffs,ordering/16/nan_nulls,5,416,0,130
streamfusion-bridge,handoffs,partition/16/keys=1,17,1724,322,0
streamfusion-bridge,handoffs,partition/16/keys=64,148,15620,0,322
streamfusion-bridge,handoffs,partition/16/keys=16,148,15620,0,322
streamfusion-bridge,handoffs,"timestamp/1024/Timestamp(Second, None)",16,16816,0,8320
streamfusion-bridge,handoffs,"timestamp/1024/Timestamp(Millisecond, None)",16,16816,0,8320
streamfusion-bridge,handoffs,"timestamp/1024/Timestamp(Microsecond, None)",16,16816,0,8320
streamfusion-bridge,handoffs,"timestamp/1024/Timestamp(Nanosecond, None)",16,16816,0,8320
streamfusion-bridge,handoffs,ordering/1024/nan_nulls,5,8544,0,8320
streamfusion-bridge,handoffs,partition/1024/keys=1,20,26836,20608,0
streamfusion-bridge,handoffs,partition/1024/keys=64,616,102932,0,20608
streamfusion-bridge,handoffs,partition/1024/keys=1024,7216,891732,0,20608
streamfusion-bridge,handoffs,"timestamp/16384/Timestamp(Second, None)",24,266416,0,133120
streamfusion-bridge,handoffs,"timestamp/16384/Timestamp(Millisecond, None)",24,266416,0,133120
streamfusion-bridge,handoffs,"timestamp/16384/Timestamp(Microsecond, None)",24,266416,0,133120
streamfusion-bridge,handoffs,"timestamp/16384/Timestamp(Nanosecond, None)",24,266416,0,133120
streamfusion-bridge,handoffs,ordering/16384/nan_nulls,5,133344,0,133120
streamfusion-bridge,handoffs,partition/16384/keys=1,24,410836,329728,0
streamfusion-bridge,handoffs,partition/16384/keys=64,872,857492,0,329728
streamfusion-bridge,handoffs,partition/16384/keys=16384,114744,14241556,0,329728
streamfusion-csv,csv_decode,format/csv/decode/16/bytes=8/skip_errors=false,49,4268,0,452
streamfusion-csv,csv_decode,format/csv/decode/16/bytes=8/skip_errors=true,51,4374,0,440
streamfusion-csv,csv_decode,format/csv/decode/16/bytes=264/skip_errors=false,52,22910,0,4548
streamfusion-csv,csv_decode,format/csv/decode/16/bytes=264/skip_errors=true,53,14312,0,4024
streamfusion-csv,csv_decode,format/csv/decode/16/bytes=4096/skip_errors=false,54,200694,0,65860
streamfusion-csv,csv_decode,format/csv/decode/16/bytes=4096/skip_errors=true,56,192624,0,57672
streamfusion-csv,csv_decode,format/csv/decode/1024/bytes=8/skip_errors=false,2068,167788,0,28676
streamfusion-csv,csv_decode,format/csv/decode/1024/bytes=8/skip_errors=true,2070,166950,0,27782
streamfusion-csv,csv_decode,format/csv/decode/1024/bytes=264/skip_errors=false,2074,1462334,0,290820
streamfusion-csv,csv_decode,format/csv/decode/1024/bytes=264/skip_errors=true,2075,899832,0,252550
streamfusion-csv,csv_decode,format/csv/decode/1024/bytes=4096/skip_errors=false,2076,12728118,0,4214788
streamfusion-csv,csv_decode,format/csv/decode/1024/bytes=4096/skip_errors=true,2078,12130432,0,3617046
streamfusion-csv,csv_decode,format/csv/decode/16384/bytes=8/skip_errors=false,32792,2686828,0,458756
streamfusion-csv,csv_decode,format/csv/decode/16384/bytes=8/skip_errors=true,32794,2672552,0,444424
streamfusion-csv,csv_decode,format/csv/decode/16384/bytes=264/skip_errors=false,32798,23396414,0,4653060
streamfusion-csv,csv_decode,format/csv/decode/16384/bytes=264/skip_errors=true,32799,14394490,0,4039688
streamfusion-csv,csv_decode,format/csv/decode/16384/bytes=4096/skip_errors=false,32800,203622198,0,67436548
streamfusion-csv,csv_decode,format/csv/decode/16384/bytes=4096/skip_errors=true,32802,194042002,0,57856296
streamfusion-format-support,raw_decode,format/raw/decode/boolean/16/nulls=false/little=false,5,336,0,2
streamfusion-format-support,raw_decode,format/raw/decode/boolean/16/nulls=false/little=true,5,336,0,2
streamfusion-format-support,raw_decode,format/raw/decode/boolean/16/nulls=true/little=false,7,456,0,4
streamfusion-format-support,raw_decode,format/raw/decode/boolean/16/nulls=true/little=true,7,456,0,4
streamfusion-format-support,raw_decode,format/raw/decode/tinyint/16/nulls=false/little=false,5,296,0,16
streamfusion-format-support,raw_decode,format/raw/decode/tinyint/16/nulls=false/little=true,5,296,0,16
streamfusion-format-support,raw_decode,format/raw/decode/tinyint/16/nulls=true/little=false,7,416,0,18
streamfusion-format-support,raw_decode,format/raw/decode/tinyint/16/nulls=true/little=true,7,416,0,18
streamfusion-format-support,raw_decode,format/raw/decode/smallint/16/nulls=false/little=false,5,312,0,32
streamfusion-format-support,raw_decode,format/raw/decode/smallint/16/nulls=false/little=true,5,312,0,32
streamfusion-format-support,raw_decode,format/raw/decode/smallint/16/nulls=true/little=false,7,432,0,34
streamfusion-format-support,raw_decode,format/raw/decode/smallint/16/nulls=true/little=true,7,432,0,34
streamfusion-format-support,raw_decode,format/raw/decode/integer/16/nulls=false/little=false,5,344,0,64
streamfusion-format-support,raw_decode,format/raw/decode/integer/16/nulls=false/little=true,5,344,0,64
streamfusion-format-support,raw_decode,format/raw/decode/integer/16/nulls=true/little=false,7,464,0,66
streamfusion-format-support,raw_decode,format/raw/decode/integer/16/nulls=true/little=true,7,464,0,66
streamfusion-format-support,raw_decode,format/raw/decode/bigint/16/nulls=false/little=false,5,408,0,128
streamfusion-format-support,raw_decode,format/raw/decode/bigint/16/nulls=false/little=true,5,408,0,128
streamfusion-format-support,raw_decode,format/raw/decode/bigint/16/nulls=true/little=false,7,528,0,130
streamfusion-format-support,raw_decode,format/raw/decode/bigint/16/nulls=true/little=true,7,528,0,130
streamfusion-format-support,raw_decode,format/raw/decode/float/16/nulls=false/little=false,5,344,0,64
streamfusion-format-support,raw_decode,format/raw/decode/float/16/nulls=false/little=true,5,344,0,64
streamfusion-format-support,raw_decode,format/raw/decode/float/16/nulls=true/little=false,7,464,0,66
streamfusion-format-support,raw_decode,format/raw/decode/float/16/nulls=true/little=true,7,464,0,66
streamfusion-format-support,raw_decode,format/raw/decode/double/16/nulls=false/little=false,5,408,0,128
streamfusion-format-support,raw_decode,format/raw/decode/double/16/nulls=false/little=true,5,408,0,128
streamfusion-format-support,raw_decode,format/raw/decode/double/16/nulls=true/little=false,7,528,0,130
streamfusion-format-support,raw_decode,format/raw/decode/double/16/nulls=true/little=true,7,528,0,130
streamfusion-format-support,raw_decode,format/raw/decode/bytes/16/nulls=false/little=false,3,200,4556,0
streamfusion-format-support,raw_decode,format/raw/decode/bytes/16/nulls=false/little=true,3,200,4556,0
streamfusion-format-support,raw_decode,format/raw/decode/bytes/16/nulls=true/little=false,3,200,3767,0
streamfusion-format-support,raw_decode,format/raw/decode/bytes/16/nulls=true/little=true,3,200,3767,0
streamfusion-format-support,raw_decode,format/raw/decode/string/16/nulls=false/little=false,2,152,4556,0
streamfusion-format-support,raw_decode,format/raw/decode/string/16/nulls=false/little=true,2,152,4556,0
streamfusion-format-support,raw_decode,format/raw/decode/string/16/nulls=true/little=false,2,152,3767,0
streamfusion-format-support,raw_decode,format/raw/decode/string/16/nulls=true/little=true,2,152,3767,0
streamfusion-format-support,raw_decode,format/raw/decode/boolean/1024/nulls=false/little=false,5,400,0,128
streamfusion-format-support,raw_decode,format/raw/decode/boolean/1024/nulls=false/little=true,5,400,0,128
streamfusion-format-support,raw_decode,format/raw/decode/boolean/1024/nulls=true/little=false,7,584,0,256
streamfusion-format-support,raw_decode,format/raw/decode/boolean/1024/nulls=true/little=true,7,584,0,256
streamfusion-format-support,raw_decode,format/raw/decode/tinyint/1024/nulls=false/little=false,5,1304,0,1024
streamfusion-format-support,raw_decode,format/raw/decode/tinyint/1024/nulls=false/little=true,5,1304,0,1024
streamfusion-format-support,raw_decode,format/raw/decode/tinyint/1024/nulls=true/little=false,7,1488,0,1152
streamfusion-format-support,raw_decode,format/raw/decode/tinyint/1024/nulls=true/little=true,7,1488,0,1152
streamfusion-format-support,raw_decode,format/raw/decode/smallint/1024/nulls=false/little=false,5,2328,0,2048
streamfusion-format-support,raw_decode,format/raw/decode/smallint/1024/nulls=false/little=true,5,2328,0,2048
streamfusion-format-support,raw_decode,format/raw/decode/smallint/1024/nulls=true/little=false,7,2512,0,2176
streamfusion-format-support,raw_decode,format/raw/decode/smallint/1024/nulls=true/little=true,7,2512,0,2176
streamfusion-format-support,raw_decode,format/raw/decode/integer/1024/nulls=false/little=false,5,4376,0,4096
streamfusion-format-support,raw_decode,format/raw/decode/integer/1024/nulls=false/little=true,5,4376,0,4096
streamfusion-format-support,raw_decode,format/raw/decode/integer/1024/nulls=true/little=false,7,4560,0,4224
streamfusion-format-support,raw_decode,format/raw/decode/integer/1024/nulls=true/little=true,7,4560,0,4224
streamfusion-format-support,raw_decode,format/raw/decode/bigint/1024/nulls=false/little=false,5,8472,0,8192
streamfusion-format-support,raw_decode,format/raw/decode/bigint/1024/nulls=false/little=true,5,8472,0,8192
streamfusion-format-support,raw_decode,format/raw/decode/bigint/1024/nulls=true/little=false,7,8656,0,8320
streamfusion-format-support,raw_decode,format/raw/decode/bigint/1024/nulls=true/little=true,7,8656,0,8320
streamfusion-format-support,raw_decode,format/raw/decode/float/1024/nulls=false/little=false,5,4376,0,4096
streamfusion-format-support,raw_decode,format/raw/decode/float/1024/nulls=false/little=true,5,4376,0,4096
streamfusion-format-support,raw_decode,format/raw/decode/float/1024/nulls=true/little=false,7,4560,0,4224
streamfusion-format-support,raw_decode,format/raw/decode/float/1024/nulls=true/little=true,7,4560,0,4224
streamfusion-format-support,raw_decode,format/raw/decode/double/1024/nulls=false/little=false,5,8472,0,8192
streamfusion-format-support,raw_decode,format/raw/decode/double/1024/nulls=false/little=true,5,8472,0,8192
streamfusion-format-support,raw_decode,format/raw/decode/double/1024/nulls=true/little=false,7,8656,0,8320
streamfusion-format-support,raw_decode,format/raw/decode/double/1024/nulls=true/little=true,7,8656,0,8320
streamfusion-format-support,raw_decode,format/raw/decode/bytes/1024/nulls=false/little=false,3,200,274700,0
streamfusion-format-support,raw_decode,format/raw/decode/bytes/1024/nulls=false/little=true,3,200,274700,0
streamfusion-format-support,raw_decode,format/raw/decode/bytes/1024/nulls=true/little=false,3,200,236021,0
streamfusion-format-support,raw_decode,format/raw/decode/bytes/1024/nulls=true/little=true,3,200,236021,0
streamfusion-format-support,raw_decode,format/raw/decode/string/1024/nulls=false/little=false,2,152,274700,0
streamfusion-format-support,raw_decode,format/raw/decode/string/1024/nulls=false/little=true,2,152,274700,0
streamfusion-format-support,raw_decode,format/raw/decode/string/1024/nulls=true/little=false,2,152,236021,0
streamfusion-format-support,raw_decode,format/raw/decode/string/1024/nulls=true/little=true,2,152,236021,0
streamfusion-format-support,raw_decode,format/raw/decode/boolean/16384/nulls=false/little=false,5,2320,0,2048
streamfusion-format-support,raw_decode,format/raw/decode/boolean/16384/nulls=false/little=true,5,2320,0,2048
streamfusion-format-support,raw_decode,format/raw/decode/boolean/16384/nulls=true/little=false,7,4424,0,4096
streamfusion-format-support,raw_decode,format/raw/decode/boolean/16384/nulls=true/little=true,7,4424,0,4096
streamfusion-format-support,raw_decode,format/raw/decode/tinyint/16384/nulls=false/little=false,5,16664,0,16384
streamfusion-format-support,raw_decode,format/raw/decode/tinyint/16384/nulls=false/little=true,5,16664,0,16384
streamfusion-format-support,raw_decode,format/raw/decode/tinyint/16384/nulls=true/little=false,7,18768,0,18432
streamfusion-format-support,raw_decode,format/raw/decode/tinyint/16384/nulls=true/little=true,7,18768,0,18432
streamfusion-format-support,raw_decode,format/raw/decode/smallint/16384/nulls=false/little=false,5,33048,0,32768
streamfusion-format-support,raw_decode,format/raw/decode/smallint/16384/nulls=false/little=true,5,33048,0,32768
streamfusion-format-support,raw_decode,format/raw/decode/smallint/16384/nulls=true/little=false,7,35152,0,34816
streamfusion-format-support,raw_decode,format/raw/decode/smallint/16384/nulls=true/little=true,7,35152,0,34816
streamfusion-format-support,raw_decode,format/raw/decode/integer/16384/nulls=false/little=false,5,65816,0,65536
streamfusion-format-support,raw_decode,format/raw/decode/integer/16384/nulls=false/little=true,5,65816,0,65536
streamfusion-format-support,raw_decode,format/raw/decode/integer/16384/nulls=true/little=false,7,67920,0,67584
streamfusion-format-support,raw_decode,format/raw/decode/integer/16384/nulls=true/little=true,7,67920,0,67584
streamfusion-format-support,raw_decode,format/raw/decode/bigint/16384/nulls=false/little=false,5,131352,0,131072
streamfusion-format-support,raw_decode,format/raw/decode/bigint/16384/nulls=false/little=true,5,131352,0,131072
streamfusion-format-support,raw_decode,format/raw/decode/bigint/16384/nulls=true/little=false,7,133456,0,133120
streamfusion-format-support,raw_decode,format/raw/decode/bigint/16384/nulls=true/little=true,7,133456,0,133120
streamfusion-format-support,raw_decode,format/raw/decode/float/16384/nulls=false/little=false,5,65816,0,65536
streamfusion-format-support,raw_decode,format/raw/decode/float/16384/nulls=false/little=true,5,65816,0,65536
streamfusion-format-support,raw_decode,format/raw/decode/float/16384/nulls=true/little=false,7,67920,0,67584
streamfusion-format-support,raw_decode,format/raw/decode/float/16384/nulls=true/little=true,7,67920,0,67584
streamfusion-format-support,raw_decode,format/raw/decode/double/16384/nulls=false/little=false,5,131352,0,131072
streamfusion-format-support,raw_decode,format/raw/decode/double/16384/nulls=false/little=true,5,131352,0,131072
streamfusion-format-support,raw_decode,format/raw/decode/double/16384/nulls=true/little=false,7,133456,0,133120
streamfusion-format-support,raw_decode,format/raw/decode/double/16384/nulls=true/little=true,7,133456,0,133120
streamfusion-format-support,raw_decode,format/raw/decode/bytes/16384/nulls=false/little=false,3,200,4391180,0
streamfusion-format-support,raw_decode,format/raw/decode/bytes/16384/nulls=false/little=true,3,200,4391180,0
streamfusion-format-support,raw_decode,format/raw/decode/bytes/16384/nulls=true/little=false,3,200,3775205,0
streamfusion-format-support,raw_decode,format/raw/decode/bytes/16384/nulls=true/little=true,3,200,3775205,0
streamfusion-format-support,raw_decode,format/raw/decode/string/16384/nulls=false/little=false,2,152,4391180,0
streamfusion-format-support,raw_decode,format/raw/decode/string/16384/nulls=false/little=true,2,152,4391180,0
streamfusion-format-support,raw_decode,format/raw/decode/string/16384/nulls=true/little=false,2,152,3775205,0
streamfusion-format-support,raw_decode,format/raw/decode/string/16384/nulls=true/little=true,2,152,3775205,0
streamfusion-json,json_decode,16/bytes=8/projected=false,26,1856,0,452
streamfusion-json,json_decode,16/bytes=8/projected=true,7,504,0,128
streamfusion-json,json_decode,16/bytes=264/projected=false,26,9792,0,4548
streamfusion-json,json_decode,16/bytes=264/projected=true,7,504,0,128
streamfusion-json,json_decode,16/bytes=4096/projected=false,26,128584,0,65860
streamfusion-json,json_decode,16/bytes=4096/projected=true,7,504,0,128
streamfusion-json,json_decode,1024/bytes=8/projected=false,50,66368,0,28676
streamfusion-json,json_decode,1024/bytes=8/projected=true,13,16632,0,8192
streamfusion-json,json_decode,1024/bytes=264/projected=false,50,590400,0,290820
streamfusion-json,json_decode,1024/bytes=264/projected=true,13,16632,0,8192
streamfusion-json,json_decode,1024/bytes=4096/projected=false,50,8434504,0,4214788
streamfusion-json,json_decode,1024/bytes=4096/projected=true,13,16632,0,8192
streamfusion-json,json_decode,16384/bytes=8/projected=false,66,1049408,0,458756
streamfusion-json,json_decode,16384/bytes=8/projected=true,17,262392,0,131072
streamfusion-json,json_decode,16384/bytes=264/projected=false,66,9437760,0,4653060
streamfusion-json,json_decode,16384/bytes=264/projected=true,17,262392,0,131072
streamfusion-json,json_decode,16384/bytes=4096/projected=false,66,135000904,0,67436548
streamfusion-json,json_decode,16384/bytes=4096/projected=true,17,262392,0,131072
streamfusion-kafka,format_encode,json/16/bytes=8,19,2133,0,0
streamfusion-kafka,format_encode,csv/16/bytes=8,13,1504,0,0
streamfusion-kafka,format_encode,avro/16/bytes=8,75,11312,0,0
streamfusion-kafka,format_encode,avro_confluent/16/bytes=8,75,11392,0,0
streamfusion-kafka,format_encode,protobuf/16/bytes=8,24,2424,0,0
streamfusion-kafka,format_encode,raw/column=0/16/bytes=8/little=false,6,504,0,0
streamfusion-kafka,format_encode,raw/column=1/16/bytes=8/little=false,6,566,0,0
streamfusion-kafka,format_encode,raw/column=2/16/bytes=8/little=false,6,504,0,0
streamfusion-kafka,format_encode,raw/column=0/16/bytes=8/little=true,6,504,0,0
streamfusion-kafka,format_encode,raw/column=1/16/bytes=8/little=true,6,566,0,0
streamfusion-kafka,format_encode,raw/column=2/16/bytes=8/little=true,6,504,0,0
streamfusion-kafka,format_encode,json/16/bytes=264,19,6997,0,0
streamfusion-kafka,format_encode,csv/16/bytes=264,17,17114,0,0
streamfusion-kafka,format_encode,avro/16/bytes=264,78,29760,0,0
streamfusion-kafka,format_encode,avro_confluent/16/bytes=264,78,29840,0,0
streamfusion-kafka,format_encode,protobuf/16/bytes=264,24,18363,0,0
streamfusion-kafka,format_encode,raw/column=0/16/bytes=264/little=false,6,504,0,0
streamfusion-kafka,format_encode,raw/column=1/16/bytes=264/little=false,6,8502,0,0
streamfusion-kafka,format_encode,raw/column=2/16/bytes=264/little=false,6,504,0,0
streamfusion-kafka,format_encode,raw/column=0/16/bytes=264/little=true,6,504,0,0
streamfusion-kafka,format_encode,raw/column=1/16/bytes=264/little=true,6,8502,0,0
streamfusion-kafka,format_encode,raw/column=2/16/bytes=264/little=true,6,504,0,0
streamfusion-kafka,format_encode,json/16/bytes=4096,19,68437,0,0
streamfusion-kafka,format_encode,csv/16/bytes=4096,21,266706,0,0
streamfusion-kafka,format_encode,avro/16/bytes=4096,81,335099,0,0
streamfusion-kafka,format_encode,avro_confluent/16/bytes=4096,81,335494,0,0
streamfusion-kafka,format_encode,protobuf/16/bytes=4096,24,259779,0,0
streamfusion-kafka,format_encode,raw/column=0/16/bytes=4096/little=false,6,504,0,0
streamfusion-kafka,format_encode,raw/column=1/16/bytes=4096/little=false,6,127294,0,0
streamfusion-kafka,format_encode,raw/column=2/16/bytes=4096/little=false,6,504,0,0
streamfusion-kafka,format_encode,raw/column=0/16/bytes=4096/little=true,6,504,0,0
streamfusion-kafka,format_encode,raw/column=1/16/bytes=4096/little=true,6,127294,0,0
streamfusion-kafka,format_encode,raw/column=2/16/bytes=4096/little=true,6,504,0,0
streamfusion-kafka,format_encode,json/1024/bytes=8,20,129029,0,0
streamfusion-kafka,format_encode,csv/1024/bytes=8,19,82144,0,0
streamfusion-kafka,format_encode,avro/1024/bytes=8,80,128176,0,0
streamfusion-kafka,format_encode,avro_confluent/1024/bytes=8,79,146608,0,0
streamfusion-kafka,format_encode,protobuf/1024/bytes=8,1038,155640,0,0
streamfusion-kafka,format_encode,raw/column=0/1024/bytes=8/little=false,12,32760,0,0
streamfusion-kafka,format_encode,raw/column=1/1024/bytes=8/little=false,12,36854,0,0
streamfusion-kafka,format_encode,raw/column=2/1024/bytes=8/little=false,12,32760,0,0
streamfusion-kafka,format_encode,raw/column=0/1024/bytes=8/little=true,12,32760,0,0
streamfusion-kafka,format_encode,raw/column=1/1024/bytes=8/little=true,12,36854,0,0
streamfusion-kafka,format_encode,raw/column=2/1024/bytes=8/little=true,12,32760,0,0
streamfusion-kafka,format_encode,json/1024/bytes=264,19,365845,0,0
streamfusion-kafka,format_encode,csv/1024/bytes=264,23,1065434,0,0
streamfusion-kafka,format_encode,avro/1024/bytes=264,84,1374384,0,0
streamfusion-kafka,format_encode,avro_confluent/1024/bytes=264,82,983216,0,0
streamfusion-kafka,format_encode,protobuf/1024/bytes=264,1038,1191675,0,0
streamfusion-kafka,format_encode,raw/column=0/1024/bytes=264/little=false,12,32760,0,0
streamfusion-kafka,format_encode,raw/column=1/1024/bytes=264/little=false,12,560886,0,0
streamfusion-kafka,format_encode,raw/column=2/1024/bytes=264/little=false,12,32760,0,0
streamfusion-kafka,format_encode,raw/column=0/1024/bytes=264/little=true,12,32760,0,0
streamfusion-kafka,format_encode,raw/column=1/1024/bytes=264/little=true,12,560886,0,0
streamfusion-kafka,format_encode,raw/column=2/1024/bytes=264/little=true,12,32760,0,0
streamfusion-kafka,format_encode,json/1024/bytes=4096,19,4298005,0,0
streamfusion-kafka,format_encode,csv/1024/bytes=4096,27,16797906,0,0
streamfusion-kafka,format_encode,avro/1024/bytes=4096,87,21045419,0,0
streamfusion-kafka,format_encode,avro_confluent/1024/bytes=4096,86,14737584,0,0
streamfusion-kafka,format_encode,protobuf/1024/bytes=4096,1038,16883715,0,0
streamfusion-kafka,format_encode,raw/column=0/1024/bytes=4096/little=false,12,32760,0,0
streamfusion-kafka,format_encode,raw/column=1/1024/bytes=4096/little=false,12,8404990,0,0
streamfusion-kafka,format_encode,raw/column=2/1024/bytes=4096/little=false,12,32760,0,0
streamfusion-kafka,format_encode,raw/column=0/1024/bytes=4096/little=true,12,32760,0,0
streamfusion-kafka,format_encode,raw/column=1/1024/bytes=4096/little=true,12,8404990,0,0
streamfusion-kafka,format_encode,raw/column=2/1024/bytes=4096/little=true,12,32760,0,0
streamfusion-kafka,format_encode,json/16384/bytes=8,20,2033669,0,0
streamfusion-kafka,format_encode,csv/16384/bytes=8,23,1310944,0,0
streamfusion-kafka,format_encode,avro/16384/bytes=8,84,1933488,0,0
streamfusion-kafka,format_encode,avro_confluent/16384/bytes=8,79,2197680,0,0
streamfusion-kafka,format_encode,protobuf/16384/bytes=8,16402,2490360,0,0
streamfusion-kafka,format_encode,raw/column=0/16384/bytes=8/little=false,16,524280,0,0
streamfusion-kafka,format_encode,raw/column=1/16384/bytes=8/little=false,16,589814,0,0
streamfusion-kafka,format_encode,raw/column=2/16384/bytes=8/little=false,16,524280,0,0
streamfusion-kafka,format_encode,raw/column=0/16384/bytes=8/little=true,16,524280,0,0
streamfusion-kafka,format_encode,raw/column=1/16384/bytes=8/little=true,16,589814,0,0
streamfusion-kafka,format_encode,raw/column=2/16384/bytes=8/little=true,16,524280,0,0
streamfusion-kafka,format_encode,json/16384/bytes=264,19,5834005,0,0
streamfusion-kafka,format_encode,csv/16384/bytes=264,27,17039834,0,0
streamfusion-kafka,format_encode,avro/16384/bytes=264,88,21872816,0,0
streamfusion-kafka,format_encode,avro_confluent/16384/bytes=264,82,15583408,0,0
streamfusion-kafka,format_encode,protobuf/16384/bytes=264,16402,19070715,0,0
streamfusion-kafka,format_encode,raw/column=0/16384/bytes=264/little=false,16,524280,0,0
streamfusion-kafka,format_encode,raw/column=1/16384/bytes=264/little=false,16,8978166,0,0
streamfusion-kafka,format_encode,raw/column=2/16384/bytes=264/little=false,16,524280,0,0
streamfusion-kafka,format_encode,raw/column=0/16384/bytes=264/little=true,16,524280,0,0
streamfusion-kafka,format_encode,raw/column=1/16384/bytes=264/little=true,16,8978166,0,0
streamfusion-kafka,format_encode,raw/column=2/16384/bytes=264/little=true,16,524280,0,0
streamfusion-kafka,format_encode,json/16384/bytes=4096,19,68748565,0,0
streamfusion-kafka,format_encode,csv/16384/bytes=4096,31,268701906,0,0
streamfusion-kafka,format_encode,avro/16384/bytes=4096,91,336640171,0,0
streamfusion-kafka,format_encode,avro_confluent/16384/bytes=4096,86,235653296,0,0
streamfusion-kafka,format_encode,protobuf/16384/bytes=4096,16402,270200835,0,0
streamfusion-kafka,format_encode,raw/column=0/16384/bytes=4096/little=false,16,524280,0,0
streamfusion-kafka,format_encode,raw/column=1/16384/bytes=4096/little=false,16,134541310,0,0
streamfusion-kafka,format_encode,raw/column=2/16384/bytes=4096/little=false,16,524280,0,0
streamfusion-kafka,format_encode,raw/column=0/16384/bytes=4096/little=true,16,524280,0,0
streamfusion-kafka,format_encode,raw/column=1/16384/bytes=4096/little=true,16,134541310,0,0
streamfusion-kafka,format_encode,raw/column=2/16384/bytes=4096/little=true,16,524280,0,0
streamfusion-orc,normalization,CHAR(11)/16/bytes=8,9,1572,0,182
streamfusion-orc,normalization,STRING/16/bytes=8,0,0,225,0
streamfusion-orc,normalization,CHAR(267)/16/bytes=264,11,7716,0,3766
streamfusion-orc,normalization,STRING/16/bytes=264,0,0,3809,0
streamfusion-orc,normalization,CHAR(4099)/16/bytes=4096,14,128548,0,57414
streamfusion-orc,normalization,STRING/16/bytes=4096,0,0,57457,0
streamfusion-orc,normalization,timestamp/16/Second,36,2342,0,130
streamfusion-orc,normalization,timestamp/16/Millisecond,25,1528,0,130
streamfusion-orc,normalization,timestamp/16/Microsecond,25,1528,0,130
streamfusion-orc,normalization,timestamp/16/Nanosecond,25,1528,0,130
streamfusion-orc,normalization,CHAR(11)/1024/bytes=8,12,20004,0,11252
streamfusion-orc,normalization,STRING/1024/bytes=8,0,0,13887,0
streamfusion-orc,normalization,CHAR(267)/1024/bytes=264,17,527908,0,236020
streamfusion-orc,normalization,STRING/1024/bytes=264,0,0,238655,0
streamfusion-orc,normalization,CHAR(4099)/1024/bytes=4096,20,8390180,0,3600516
streamfusion-orc,normalization,STRING/1024/bytes=4096,0,0,3603151,0
streamfusion-orc,normalization,timestamp/1024/Second,50,44056,0,8320
streamfusion-orc,normalization,timestamp/1024/Millisecond,50,44056,0,8320
streamfusion-orc,normalization,timestamp/1024/Microsecond,50,44056,0,8320
streamfusion-orc,normalization,timestamp/1024/Nanosecond,50,44056,0,8320
streamfusion-orc,normalization,CHAR(11)/16384/bytes=8,16,329124,0,179940
streamfusion-orc,normalization,STRING/16384/bytes=8,0,0,222073,0
streamfusion-orc,normalization,CHAR(267)/16384/bytes=264,21,8455588,0,3775204
streamfusion-orc,normalization,STRING/16384/bytes=264,0,0,3817337,0
streamfusion-orc,normalization,CHAR(4099)/16384/bytes=4096,24,134282660,0,57591812
streamfusion-orc,normalization,STRING/16384/bytes=4096,0,0,57633945,0
streamfusion-orc,normalization,timestamp/16384/Second,70,694936,0,133120
streamfusion-orc,normalization,timestamp/16384/Millisecond,70,694936,0,133120
streamfusion-orc,normalization,timestamp/16384/Microsecond,70,694936,0,133120
streamfusion-orc,normalization,timestamp/16384/Nanosecond,70,694936,0,133120
streamfusion-paimon,snapshot_merge,16/runs=1/bytes=8/first=false/partial=false,61,4520,0,190
streamfusion-paimon,snapshot_merge,16/runs=1/bytes=8/first=true/partial=false,61,4520,0,190
streamfusion-paimon,snapshot_merge,16/runs=1/bytes=8/first=false/partial=true,58,4390,0,190
streamfusion-paimon,snapshot_merge,16/runs=1/bytes=264/first=false/partial=false,61,7848,0,3518
streamfusion-paimon,snapshot_merge,16/runs=1/bytes=264/first=true/partial=false,61,7848,0,3518
streamfusion-paimon,snapshot_merge,16/runs=1/bytes=264/first=false/partial=true,58,7718,0,3518
streamfusion-paimon,snapshot_merge,16/runs=4/bytes=8/first=false/partial=false,90,8688,0,190
streamfusion-paimon,snapshot_merge,16/runs=4/bytes=8/first=true/partial=false,89,8536,0,190
streamfusion-paimon,snapshot_merge,16/runs=4/bytes=8/first=false/partial=true,87,8558,0,190
streamfusion-paimon,snapshot_merge,16/runs=4/bytes=264/first=false/partial=false,90,12016,0,3518
streamfusion-paimon,snapshot_merge,16/runs=4/bytes=264/first=true/partial=false,89,11864,0,3518
streamfusion-paimon,snapshot_merge,16/runs=4/bytes=264/first=false/partial=true,87,11886,0,3518
streamfusion-paimon,snapshot_merge,16/runs=16/bytes=8/first=false/partial=false,244,35216,0,190
streamfusion-paimon,snapshot_merge,16/runs=16/bytes=8/first=true/partial=false,241,34216,0,190
streamfusion-paimon,snapshot_merge,16/runs=16/bytes=8/first=false/partial=true,241,35086,0,190
streamfusion-paimon,snapshot_merge,16/runs=16/bytes=264/first=false/partial=false,244,38544,0,3518
streamfusion-paimon,snapshot_merge,16/runs=16/bytes=264/first=true/partial=false,241,37544,0,3518
streamfusion-paimon,snapshot_merge,16/runs=16/bytes=264/first=false/partial=true,241,38414,0,3518
streamfusion-paimon,snapshot_merge,1024/runs=1/bytes=8/first=false/partial=false,66,65900,0,12268
streamfusion-paimon,snapshot_merge,1024/runs=1/bytes=8/first=true/partial=false,66,65900,0,12268
streamfusion-paimon,snapshot_merge,1024/runs=1/bytes=8/first=false/partial=true,69,66778,0,12268
streamfusion-paimon,snapshot_merge,1024/runs=1/bytes=264/first=false/partial=false,66,290412,0,236780
streamfusion-paimon,snapshot_merge,1024/runs=1/bytes=264/first=true/partial=false,66,290412,0,236780
streamfusion-paimon,snapshot_merge,1024/runs=1/bytes=264/first=false/partial=true,69,291290,0,236780
streamfusion-paimon,snapshot_merge,1024/runs=4/bytes=8/first=false/partial=false,95,121476,0,12268
streamfusion-paimon,snapshot_merge,1024/runs=4/bytes=8/first=true/partial=false,95,121476,0,12268
streamfusion-paimon,snapshot_merge,1024/runs=4/bytes=8/first=false/partial=true,98,122354,0,12268
streamfusion-paimon,snapshot_merge,1024/runs=4/bytes=264/first=false/partial=false,95,345988,0,236780
streamfusion-paimon,snapshot_merge,1024/runs=4/bytes=264/first=true/partial=false,95,345988,0,236780
streamfusion-paimon,snapshot_merge,1024/runs=4/bytes=264/first=false/partial=true,98,346866,0,236780
streamfusion-paimon,snapshot_merge,1024/runs=16/bytes=8/first=false/partial=false,249,353636,0,12268
streamfusion-paimon,snapshot_merge,1024/runs=16/bytes=8/first=true/partial=false,249,353636,0,12268
streamfusion-paimon,snapshot_merge,1024/runs=16/bytes=8/first=false/partial=true,252,354514,0,12268
streamfusion-paimon,snapshot_merge,1024/runs=16/bytes=264/first=false/partial=false,249,578148,0,236780
streamfusion-paimon,snapshot_merge,1024/runs=16/bytes=264/first=true/partial=false,249,578148,0,236780
streamfusion-paimon,snapshot_merge,1024/runs=16/bytes=264/first=false/partial=true,252,579026,0,236780
streamfusion-paimon,snapshot_merge,16384/runs=1/bytes=8/first=false/partial=false,683,1023333,0,196376
streamfusion-paimon,snapshot_merge,16384/runs=1/bytes=8/first=true/partial=false,683,1023333,0,196376
streamfusion-paimon,snapshot_merge,16384/runs=1/bytes=8/first=false/partial=true,701,1036781,0,196376
streamfusion-paimon,snapshot_merge,16384/runs=1/bytes=264/first=false/partial=false,683,4618341,0,3791384
streamfusion-paimon,snapshot_merge,16384/runs=1/bytes=264/first=true/partial=false,683,4618341,0,3791384
streamfusion-paimon,snapshot_merge,16384/runs=1/bytes=264/first=false/partial=true,701,4631789,0,3791384
streamfusion-paimon,snapshot_merge,16384/runs=4/bytes=8/first=false/partial=false,727,1865269,0,196376
streamfusion-paimon,snapshot_merge,16384/runs=4/bytes=8/first=true/partial=false,727,1865269,0,196376
streamfusion-paimon,snapshot_merge,16384/runs=4/bytes=8/first=false/partial=true,745,1878717,0,196376
streamfusion-paimon,snapshot_merge,16384/runs=4/bytes=264/first=false/partial=false,727,5460277,0,3791384
streamfusion-paimon,snapshot_merge,16384/runs=4/bytes=264/first=true/partial=false,727,5460277,0,3791384
streamfusion-paimon,snapshot_merge,16384/runs=4/bytes=264/first=false/partial=true,745,5473725,0,3791384
streamfusion-paimon,snapshot_merge,16384/runs=16/bytes=8/first=false/partial=false,911,5246469,0,196376
streamfusion-paimon,snapshot_merge,16384/runs=16/bytes=8/first=true/partial=false,911,5246469,0,196376
streamfusion-paimon,snapshot_merge,16384/runs=16/bytes=8/first=false/partial=true,929,5259917,0,196376
streamfusion-paimon,snapshot_merge,16384/runs=16/bytes=264/first=false/partial=false,911,8841477,0,3791384
streamfusion-paimon,snapshot_merge,16384/runs=16/bytes=264/first=true/partial=false,911,8841477,0,3791384
streamfusion-paimon,snapshot_merge,16384/runs=16/bytes=264/first=false/partial=true,929,8854925,0,3791384
streamfusion-parquet,parquet_io,encode/16/bytes=8/selected=false,202,109785,0,0
streamfusion-parquet,parquet_io,encode/16/bytes=8/selected=true,211,109653,0,0
streamfusion-parquet,parquet_io,decode/16/bytes=8,119,22354,0,302
streamfusion-parquet,parquet_io,encode/16/bytes=264/selected=false,199,113097,0,0
streamfusion-parquet,parquet_io,encode/16/bytes=264/selected=true,211,114591,0,0
streamfusion-parquet,parquet_io,decode/16/bytes=264,119,31952,0,3630
streamfusion-parquet,parquet_io,encode/16/bytes=4096/selected=false,201,197571,0,0
streamfusion-parquet,parquet_io,encode/16/bytes=4096/selected=true,213,221973,0,0
streamfusion-parquet,parquet_io,decode/16/bytes=4096,119,173917,0,53446
streamfusion-parquet,parquet_io,encode/1024/bytes=8/selected=false,212,246518,0,0
streamfusion-parquet,parquet_io,encode/1024/bytes=8/selected=true,223,205588,0,0
streamfusion-parquet,parquet_io,decode/1024/bytes=8,126,85681,0,19436
streamfusion-parquet,parquet_io,encode/1024/bytes=264/selected=false,212,249918,0,0
streamfusion-parquet,parquet_io,encode/1024/bytes=264/selected=true,223,321116,0,0
streamfusion-parquet,parquet_io,decode/1024/bytes=264,126,611375,0,243948
streamfusion-parquet,parquet_io,encode/1024/bytes=4096/selected=false,215,357224,0,0
streamfusion-parquet,parquet_io,encode/1024/bytes=4096/selected=true,225,2089172,0,0
streamfusion-parquet,parquet_io,decode/1024/bytes=4096,126,8478652,0,3604612
streamfusion-parquet,parquet_io,encode/16384/bytes=8/selected=false,282,2975903,0,0
streamfusion-parquet,parquet_io,encode/16384/bytes=8/selected=true,265,1671768,0,0
streamfusion-parquet,parquet_io,decode/16384/bytes=8,134,1068069,0,311004
streamfusion-parquet,parquet_io,encode/16384/bytes=264/selected=false,282,2986345,0,0
streamfusion-parquet,parquet_io,encode/16384/bytes=264/selected=true,265,3475490,0,0
streamfusion-parquet,parquet_io,decode/16384/bytes=264,134,9458083,0,3906012
streamfusion-parquet,parquet_io,encode/16384/bytes=4096/selected=false,282,3139625,0,0
streamfusion-parquet,parquet_io,encode/16384/bytes=4096/selected=true,265,30471930,0,0
streamfusion-parquet,parquet_io,decode/16384/bytes=4096,134,135044398,0,57718788
streamfusion-protobuf,protobuf_decode,format/protobuf/decode/16/bytes=8,39,25275,0,452
streamfusion-protobuf,protobuf_decode,format/protobuf/decode/16/bytes=264,39,33211,0,4548
streamfusion-protobuf,protobuf_decode,format/protobuf/decode/16/bytes=4096,39,152003,0,65860
streamfusion-protobuf,protobuf_decode,format/protobuf/decode/1024/bytes=8,45,61563,0,28676
streamfusion-protobuf,protobuf_decode,format/protobuf/decode/1024/bytes=264,45,585595,0,290820
streamfusion-protobuf,protobuf_decode,format/protobuf/decode/1024/bytes=4096,45,8429699,0,4214788
streamfusion-protobuf,protobuf_decode,format/protobuf/decode/16384/bytes=8,49,614523,0,458756
streamfusion-protobuf,protobuf_decode,format/protobuf/decode/16384/bytes=264,49,9002875,0,4653060
streamfusion-protobuf,protobuf_decode,format/protobuf/decode/16384/bytes=4096,49,134566019,0,67436548
