case,original_calls,candidate_calls,calls_delta,original_requested_bytes,candidate_requested_bytes,requested_bytes_delta,original_shared_output_bytes,candidate_shared_output_bytes,original_new_output_bytes,candidate_new_output_bytes
append/1024/domain=1024/bytes=264/nulls=false/limit=1/last=false,12446,12446,0,4271516,4271516,0,0,0,0,0
append/1024/domain=1024/bytes=264/nulls=false/limit=1/last=true,12446,12446,0,4271516,4271516,0,0,0,0,0
append/1024/domain=1024/bytes=264/nulls=false/limit=4/last=false,12446,12446,0,4271516,4271516,0,0,0,0,0
append/1024/domain=1024/bytes=264/nulls=true/limit=1/last=false,12263,12263,0,3640204,3640204,0,0,0,0,0
append/1024/domain=1024/bytes=264/nulls=true/limit=1/last=true,12263,12263,0,3640204,3640204,0,0,0,0,0
append/1024/domain=1024/bytes=264/nulls=true/limit=4/last=false,12263,12263,0,3640204,3640204,0,0,0,0,0
append/1024/domain=1024/bytes=8/nulls=false/limit=1/last=false,12441,12441,0,2154316,2154316,0,0,0,0,0
append/1024/domain=1024/bytes=8/nulls=false/limit=1/last=true,12441,12441,0,2154316,2154316,0,0,0,0,0
append/1024/domain=1024/bytes=8/nulls=false/limit=4/last=false,12441,12441,0,2154316,2154316,0,0,0,0,0
append/1024/domain=1024/bytes=8/nulls=true/limit=1/last=false,12259,12259,0,2148382,2148382,0,0,0,0,0
append/1024/domain=1024/bytes=8/nulls=true/limit=1/last=true,12259,12259,0,2148382,2148382,0,0,0,0,0
append/1024/domain=1024/bytes=8/nulls=true/limit=4/last=false,12259,12259,0,2148382,2148382,0,0,0,0,0
append/1024/domain=8/bytes=264/nulls=false/limit=1/last=false,4316,4316,0,811936,811936,0,0,0,0,0
append/1024/domain=8/bytes=264/nulls=false/limit=1/last=true,4316,4316,0,811959,811959,0,0,0,0,0
append/1024/domain=8/bytes=264/nulls=false/limit=4/last=false,4426,4426,0,947244,947244,0,0,0,0,0
append/1024/domain=8/bytes=264/nulls=true/limit=1/last=false,4222,4222,0,777436,777436,0,0,0,0,0
append/1024/domain=8/bytes=264/nulls=true/limit=1/last=true,4221,4221,0,776582,776582,0,0,0,0,0
append/1024/domain=8/bytes=264/nulls=true/limit=4/last=false,4330,4330,0,886603,886603,0,0,0,0,0
append/1024/domain=8/bytes=8/nulls=false/limit=1/last=false,4313,4313,0,522336,522336,0,0,0,0,0
append/1024/domain=8/bytes=8/nulls=false/limit=1/last=true,4313,4313,0,522449,522449,0,0,0,0,0
append/1024/domain=8/bytes=8/nulls=false/limit=4/last=false,4421,4421,0,555596,555596,0,0,0,0,0
append/1024/domain=8/bytes=8/nulls=true/limit=1/last=false,4220,4220,0,520912,520912,0,0,0,0,0
append/1024/domain=8/bytes=8/nulls=true/limit=1/last=true,4219,4219,0,520950,520950,0,0,0,0,0
append/1024/domain=8/bytes=8/nulls=true/limit=4/last=false,4325,4325,0,554289,554289,0,0,0,0,0
append/16/domain=16/bytes=264/nulls=false/limit=1/last=false,284,284,0,69092,69092,0,0,0,0,0
append/16/domain=16/bytes=264/nulls=false/limit=1/last=true,284,284,0,69092,69092,0,0,0,0,0
append/16/domain=16/bytes=264/nulls=false/limit=4/last=false,284,284,0,69092,69092,0,0,0,0,0
append/16/domain=16/bytes=264/nulls=true/limit=1/last=false,283,283,0,58858,58858,0,0,0,0,0
append/16/domain=16/bytes=264/nulls=true/limit=1/last=true,283,283,0,58858,58858,0,0,0,0,0
append/16/domain=16/bytes=264/nulls=true/limit=4/last=false,283,283,0,58858,58858,0,0,0,0,0
append/16/domain=16/bytes=8/nulls=false/limit=1/last=false,281,281,0,37540,37540,0,0,0,0,0
append/16/domain=16/bytes=8/nulls=false/limit=1/last=true,281,281,0,37540,37540,0,0,0,0,0
append/16/domain=16/bytes=8/nulls=false/limit=4/last=false,281,281,0,37540,37540,0,0,0,0,0
append/16/domain=16/bytes=8/nulls=true/limit=1/last=false,281,281,0,37650,37650,0,0,0,0,0
append/16/domain=16/bytes=8/nulls=true/limit=1/last=true,281,281,0,37650,37650,0,0,0,0,0
append/16/domain=16/bytes=8/nulls=true/limit=4/last=false,281,281,0,37650,37650,0,0,0,0,0
append/16/domain=8/bytes=264/nulls=false/limit=1/last=false,284,284,0,69092,69092,0,0,0,0,0
append/16/domain=8/bytes=264/nulls=false/limit=1/last=true,284,284,0,69092,69092,0,0,0,0,0
append/16/domain=8/bytes=264/nulls=false/limit=4/last=false,284,284,0,69092,69092,0,0,0,0,0
append/16/domain=8/bytes=264/nulls=true/limit=1/last=false,283,283,0,58858,58858,0,0,0,0,0
append/16/domain=8/bytes=264/nulls=true/limit=1/last=true,283,283,0,58858,58858,0,0,0,0,0
append/16/domain=8/bytes=264/nulls=true/limit=4/last=false,283,283,0,58858,58858,0,0,0,0,0
append/16/domain=8/bytes=8/nulls=false/limit=1/last=false,281,281,0,37540,37540,0,0,0,0,0
append/16/domain=8/bytes=8/nulls=false/limit=1/last=true,281,281,0,37540,37540,0,0,0,0,0
append/16/domain=8/bytes=8/nulls=false/limit=4/last=false,281,281,0,37540,37540,0,0,0,0,0
append/16/domain=8/bytes=8/nulls=true/limit=1/last=false,281,281,0,37650,37650,0,0,0,0,0
append/16/domain=8/bytes=8/nulls=true/limit=1/last=true,281,281,0,37650,37650,0,0,0,0,0
append/16/domain=8/bytes=8/nulls=true/limit=4/last=false,281,281,0,37650,37650,0,0,0,0,0
append/16384/domain=16384/bytes=264/nulls=false/limit=1/last=false,196810,196810,0,68350972,68350972,0,0,0,0,0
append/16384/domain=16384/bytes=264/nulls=false/limit=1/last=true,196810,196810,0,68350972,68350972,0,0,0,0,0
append/16384/domain=16384/bytes=264/nulls=false/limit=4/last=false,196810,196810,0,68350972,68350972,0,0,0,0,0
append/16384/domain=16384/bytes=264/nulls=true/limit=1/last=false,193843,193843,0,58262044,58262044,0,0,0,0,0
append/16384/domain=16384/bytes=264/nulls=true/limit=1/last=true,193843,193843,0,58262044,58262044,0,0,0,0,0
append/16384/domain=16384/bytes=264/nulls=true/limit=4/last=false,193843,193843,0,58262044,58262044,0,0,0,0,0
append/16384/domain=16384/bytes=8/nulls=false/limit=1/last=false,196806,196806,0,35270060,35270060,0,0,0,0,0
append/16384/domain=16384/bytes=8/nulls=false/limit=1/last=true,196806,196806,0,35270060,35270060,0,0,0,0,0
append/16384/domain=16384/bytes=8/nulls=false/limit=4/last=false,196806,196806,0,35270060,35270060,0,0,0,0,0
append/16384/domain=16384/bytes=8/nulls=true/limit=1/last=false,193839,193839,0,34623510,34623510,0,0,0,0,0
append/16384/domain=16384/bytes=8/nulls=true/limit=1/last=true,193839,193839,0,34623510,34623510,0,0,0,0,0
append/16384/domain=16384/bytes=8/nulls=true/limit=4/last=false,193839,193839,0,34623510,34623510,0,0,0,0,0
append/16384/domain=8/bytes=264/nulls=false/limit=1/last=false,65756,65756,0,12154000,12154000,0,0,0,0,0
append/16384/domain=8/bytes=264/nulls=false/limit=1/last=true,65756,65756,0,12154050,12154050,0,0,0,0,0
append/16384/domain=8/bytes=264/nulls=false/limit=4/last=false,65866,65866,0,12289308,12289308,0,0,0,0,0
append/16384/domain=8/bytes=264/nulls=true/limit=1/last=false,64266,64266,0,11737812,11737812,0,0,0,0,0
append/16384/domain=8/bytes=264/nulls=true/limit=1/last=true,64267,64267,0,11746048,11746048,0,0,0,0,0
append/16384/domain=8/bytes=264/nulls=true/limit=4/last=false,64374,64374,0,11846979,11846979,0,0,0,0,0
append/16384/domain=8/bytes=8/nulls=false/limit=1/last=false,65753,65753,0,7932240,7932240,0,0,0,0,0
append/16384/domain=8/bytes=8/nulls=false/limit=1/last=true,65753,65753,0,7932578,7932578,0,0,0,0,0
append/16384/domain=8/bytes=8/nulls=false/limit=4/last=false,65861,65861,0,7965500,7965500,0,0,0,0,0
append/16384/domain=8/bytes=8/nulls=true/limit=1/last=false,64264,64264,0,7906504,7906504,0,0,0,0,0
append/16384/domain=8/bytes=8/nulls=true/limit=1/last=true,64264,64264,0,7906818,7906818,0,0,0,0,0
append/16384/domain=8/bytes=8/nulls=true/limit=4/last=false,64369,64369,0,7939881,7939881,0,0,0,0,0
append_left/1024/domain=1024/bytes=264/nulls=false/outer=false,1092,1092,0,688656,688656,0,0,0,0,0
append_left/1024/domain=1024/bytes=264/nulls=false/outer=true,1109,1109,0,698827,698827,0,0,0,0,0
append_left/1024/domain=1024/bytes=264/nulls=true/outer=false,1092,1092,0,601056,601056,0,0,0,0,0
append_left/1024/domain=1024/bytes=264/nulls=true/outer=true,1109,1109,0,611227,611227,0,0,0,0,0
append_left/1024/domain=1024/bytes=8/nulls=false/outer=false,1092,1092,0,111570,111570,0,0,0,0,0
append_left/1024/domain=1024/bytes=8/nulls=false/outer=true,1109,1109,0,121741,121741,0,0,0,0,0
append_left/1024/domain=1024/bytes=8/nulls=true/outer=false,1092,1092,0,106242,106242,0,0,0,0,0
append_left/1024/domain=1024/bytes=8/nulls=true/outer=true,1109,1109,0,116413,116413,0,0,0,0,0
append_left/1024/domain=8/bytes=264/nulls=false/outer=false,1092,1092,0,688656,688656,0,0,0,0,0
append_left/1024/domain=8/bytes=264/nulls=false/outer=true,1109,1109,0,698827,698827,0,0,0,0,0
append_left/1024/domain=8/bytes=264/nulls=true/outer=false,1092,1092,0,601056,601056,0,0,0,0,0
append_left/1024/domain=8/bytes=264/nulls=true/outer=true,1109,1109,0,611227,611227,0,0,0,0,0
append_left/1024/domain=8/bytes=8/nulls=false/outer=false,1092,1092,0,111570,111570,0,0,0,0,0
append_left/1024/domain=8/bytes=8/nulls=false/outer=true,1109,1109,0,121741,121741,0,0,0,0,0
append_left/1024/domain=8/bytes=8/nulls=true/outer=false,1092,1092,0,106242,106242,0,0,0,0,0
append_left/1024/domain=8/bytes=8/nulls=true/outer=true,1109,1109,0,116413,116413,0,0,0,0,0
append_left/16/domain=16/bytes=264/nulls=false/outer=false,84,84,0,15312,15312,0,0,0,0,0
append_left/16/domain=16/bytes=264/nulls=false/outer=true,101,101,0,17419,17419,0,0,0,0,0
append_left/16/domain=16/bytes=264/nulls=true/outer=false,84,84,0,14112,14112,0,0,0,0,0
append_left/16/domain=16/bytes=264/nulls=true/outer=true,101,101,0,16219,16219,0,0,0,0,0
append_left/16/domain=16/bytes=8/nulls=false/outer=false,84,84,0,6288,6288,0,0,0,0,0
append_left/16/domain=16/bytes=8/nulls=false/outer=true,101,101,0,8395,8395,0,0,0,0,0
append_left/16/domain=16/bytes=8/nulls=true/outer=false,84,84,0,6216,6216,0,0,0,0,0
append_left/16/domain=16/bytes=8/nulls=true/outer=true,101,101,0,8323,8323,0,0,0,0,0
append_left/16/domain=8/bytes=264/nulls=false/outer=false,84,84,0,15312,15312,0,0,0,0,0
append_left/16/domain=8/bytes=264/nulls=false/outer=true,101,101,0,17419,17419,0,0,0,0,0
append_left/16/domain=8/bytes=264/nulls=true/outer=false,84,84,0,14112,14112,0,0,0,0,0
append_left/16/domain=8/bytes=264/nulls=true/outer=true,101,101,0,16219,16219,0,0,0,0,0
append_left/16/domain=8/bytes=8/nulls=false/outer=false,84,84,0,6288,6288,0,0,0,0,0
append_left/16/domain=8/bytes=8/nulls=false/outer=true,101,101,0,8395,8395,0,0,0,0,0
append_left/16/domain=8/bytes=8/nulls=true/outer=false,84,84,0,6216,6216,0,0,0,0,0
append_left/16/domain=8/bytes=8/nulls=true/outer=true,101,101,0,8323,8323,0,0,0,0,0
append_left/16384/domain=16384/bytes=264/nulls=false/outer=false,16452,16452,0,10949136,10949136,0,0,0,0,0
append_left/16384/domain=16384/bytes=264/nulls=false/outer=true,16469,16469,0,11082187,11082187,0,0,0,0,0
append_left/16384/domain=16384/bytes=264/nulls=true/outer=false,16452,16452,0,9545136,9545136,0,0,0,0,0
append_left/16384/domain=16384/bytes=264/nulls=true/outer=true,16469,16469,0,9678187,9678187,0,0,0,0,0
append_left/16384/domain=16384/bytes=8/nulls=false/outer=false,16452,16452,0,1985490,1985490,0,0,0,0,0
append_left/16384/domain=16384/bytes=8/nulls=false/outer=true,16469,16469,0,2118541,2118541,0,0,0,0,0
append_left/16384/domain=16384/bytes=8/nulls=true/outer=false,16452,16452,0,1861686,1861686,0,0,0,0,0
append_left/16384/domain=16384/bytes=8/nulls=true/outer=true,16469,16469,0,1994737,1994737,0,0,0,0,0
append_left/16384/domain=8/bytes=264/nulls=false/outer=false,16452,16452,0,10949136,10949136,0,0,0,0,0
append_left/16384/domain=8/bytes=264/nulls=false/outer=true,16469,16469,0,11082187,11082187,0,0,0,0,0
append_left/16384/domain=8/bytes=264/nulls=true/outer=false,16452,16452,0,9545136,9545136,0,0,0,0,0
append_left/16384/domain=8/bytes=264/nulls=true/outer=true,16469,16469,0,9678187,9678187,0,0,0,0,0
append_left/16384/domain=8/bytes=8/nulls=false/outer=false,16452,16452,0,1985490,1985490,0,0,0,0,0
append_left/16384/domain=8/bytes=8/nulls=false/outer=true,16469,16469,0,2118541,2118541,0,0,0,0,0
append_left/16384/domain=8/bytes=8/nulls=true/outer=false,16452,16452,0,1861686,1861686,0,0,0,0,0
append_left/16384/domain=8/bytes=8/nulls=true/outer=true,16469,16469,0,1994737,1994737,0,0,0,0,0
checkpoint/1024/domain=1024/bytes=264/nulls=false/limit=1/last=false,17,17,0,431,431,0,0,0,0,0
checkpoint/1024/domain=1024/bytes=264/nulls=false/limit=1/last=true,17,17,0,431,431,0,0,0,0,0
checkpoint/1024/domain=1024/bytes=264/nulls=false/limit=4/last=false,17,17,0,431,431,0,0,0,0,0
checkpoint/1024/domain=1024/bytes=264/nulls=false/outer=false,17,17,0,431,431,0,0,0,0,0
checkpoint/1024/domain=1024/bytes=264/nulls=false/outer=true,17,17,0,431,431,0,0,0,0,0
checkpoint/1024/domain=1024/bytes=264/nulls=true/limit=1/last=false,17,17,0,431,431,0,0,0,0,0
checkpoint/1024/domain=1024/bytes=264/nulls=true/limit=1/last=true,17,17,0,431,431,0,0,0,0,0
checkpoint/1024/domain=1024/bytes=264/nulls=true/limit=4/last=false,17,17,0,431,431,0,0,0,0,0
checkpoint/1024/domain=1024/bytes=264/nulls=true/outer=false,17,17,0,431,431,0,0,0,0,0
checkpoint/1024/domain=1024/bytes=264/nulls=true/outer=true,17,17,0,431,431,0,0,0,0,0
checkpoint/1024/domain=1024/bytes=8/nulls=false/limit=1/last=false,17,17,0,431,431,0,0,0,0,0
checkpoint/1024/domain=1024/bytes=8/nulls=false/limit=1/last=true,17,17,0,431,431,0,0,0,0,0
checkpoint/1024/domain=1024/bytes=8/nulls=false/limit=4/last=false,17,17,0,431,431,0,0,0,0,0
checkpoint/1024/domain=1024/bytes=8/nulls=false/outer=false,17,17,0,431,431,0,0,0,0,0
checkpoint/1024/domain=1024/bytes=8/nulls=false/outer=true,17,17,0,431,431,0,0,0,0,0
checkpoint/1024/domain=1024/bytes=8/nulls=true/limit=1/last=false,17,17,0,431,431,0,0,0,0,0
checkpoint/1024/domain=1024/bytes=8/nulls=true/limit=1/last=true,17,17,0,431,431,0,0,0,0,0
checkpoint/1024/domain=1024/bytes=8/nulls=true/limit=4/last=false,17,17,0,431,431,0,0,0,0,0
checkpoint/1024/domain=1024/bytes=8/nulls=true/outer=false,17,17,0,431,431,0,0,0,0,0
checkpoint/1024/domain=1024/bytes=8/nulls=true/outer=true,17,17,0,431,431,0,0,0,0,0
checkpoint/1024/domain=8/bytes=264/nulls=false/limit=1/last=false,17,17,0,431,431,0,0,0,0,0
checkpoint/1024/domain=8/bytes=264/nulls=false/limit=1/last=true,17,17,0,431,431,0,0,0,0,0
checkpoint/1024/domain=8/bytes=264/nulls=false/limit=4/last=false,17,17,0,431,431,0,0,0,0,0
checkpoint/1024/domain=8/bytes=264/nulls=false/outer=false,17,17,0,431,431,0,0,0,0,0
checkpoint/1024/domain=8/bytes=264/nulls=false/outer=true,17,17,0,431,431,0,0,0,0,0
checkpoint/1024/domain=8/bytes=264/nulls=true/limit=1/last=false,17,17,0,431,431,0,0,0,0,0
checkpoint/1024/domain=8/bytes=264/nulls=true/limit=1/last=true,17,17,0,431,431,0,0,0,0,0
checkpoint/1024/domain=8/bytes=264/nulls=true/limit=4/last=false,17,17,0,431,431,0,0,0,0,0
checkpoint/1024/domain=8/bytes=264/nulls=true/outer=false,17,17,0,431,431,0,0,0,0,0
checkpoint/1024/domain=8/bytes=264/nulls=true/outer=true,17,17,0,431,431,0,0,0,0,0
checkpoint/1024/domain=8/bytes=8/nulls=false/limit=1/last=false,17,17,0,431,431,0,0,0,0,0
checkpoint/1024/domain=8/bytes=8/nulls=false/limit=1/last=true,17,17,0,431,431,0,0,0,0,0
checkpoint/1024/domain=8/bytes=8/nulls=false/limit=4/last=false,17,17,0,431,431,0,0,0,0,0
checkpoint/1024/domain=8/bytes=8/nulls=false/outer=false,17,17,0,431,431,0,0,0,0,0
checkpoint/1024/domain=8/bytes=8/nulls=false/outer=true,17,17,0,431,431,0,0,0,0,0
checkpoint/1024/domain=8/bytes=8/nulls=true/limit=1/last=false,17,17,0,431,431,0,0,0,0,0
checkpoint/1024/domain=8/bytes=8/nulls=true/limit=1/last=true,17,17,0,431,431,0,0,0,0,0
checkpoint/1024/domain=8/bytes=8/nulls=true/limit=4/last=false,17,17,0,431,431,0,0,0,0,0
checkpoint/1024/domain=8/bytes=8/nulls=true/outer=false,17,17,0,431,431,0,0,0,0,0
checkpoint/1024/domain=8/bytes=8/nulls=true/outer=true,17,17,0,431,431,0,0,0,0,0
checkpoint/1024/keys=1024/bytes=264/nulls=false,17,17,0,431,431,0,0,0,0,0
checkpoint/1024/keys=1024/bytes=264/nulls=true,17,17,0,431,431,0,0,0,0,0
checkpoint/1024/keys=1024/bytes=8/nulls=false,17,17,0,431,431,0,0,0,0,0
checkpoint/1024/keys=1024/bytes=8/nulls=true,17,17,0,431,431,0,0,0,0,0
checkpoint/1024/keys=8/bytes=264/nulls=false,17,17,0,431,431,0,0,0,0,0
checkpoint/1024/keys=8/bytes=264/nulls=true,17,17,0,431,431,0,0,0,0,0
checkpoint/1024/keys=8/bytes=8/nulls=false,17,17,0,431,431,0,0,0,0,0
checkpoint/1024/keys=8/bytes=8/nulls=true,17,17,0,431,431,0,0,0,0,0
checkpoint/16/domain=16/bytes=264/nulls=false/limit=1/last=false,17,17,0,431,431,0,0,0,0,0
checkpoint/16/domain=16/bytes=264/nulls=false/limit=1/last=true,17,17,0,431,431,0,0,0,0,0
checkpoint/16/domain=16/bytes=264/nulls=false/limit=4/last=false,17,17,0,431,431,0,0,0,0,0
checkpoint/16/domain=16/bytes=264/nulls=false/outer=false,17,17,0,431,431,0,0,0,0,0
checkpoint/16/domain=16/bytes=264/nulls=false/outer=true,17,17,0,431,431,0,0,0,0,0
checkpoint/16/domain=16/bytes=264/nulls=true/limit=1/last=false,17,17,0,431,431,0,0,0,0,0
checkpoint/16/domain=16/bytes=264/nulls=true/limit=1/last=true,17,17,0,431,431,0,0,0,0,0
checkpoint/16/domain=16/bytes=264/nulls=true/limit=4/last=false,17,17,0,431,431,0,0,0,0,0
checkpoint/16/domain=16/bytes=264/nulls=true/outer=false,17,17,0,431,431,0,0,0,0,0
checkpoint/16/domain=16/bytes=264/nulls=true/outer=true,17,17,0,431,431,0,0,0,0,0
checkpoint/16/domain=16/bytes=8/nulls=false/limit=1/last=false,17,17,0,431,431,0,0,0,0,0
checkpoint/16/domain=16/bytes=8/nulls=false/limit=1/last=true,17,17,0,431,431,0,0,0,0,0
checkpoint/16/domain=16/bytes=8/nulls=false/limit=4/last=false,17,17,0,431,431,0,0,0,0,0
checkpoint/16/domain=16/bytes=8/nulls=false/outer=false,17,17,0,431,431,0,0,0,0,0
checkpoint/16/domain=16/bytes=8/nulls=false/outer=true,17,17,0,431,431,0,0,0,0,0
checkpoint/16/domain=16/bytes=8/nulls=true/limit=1/last=false,17,17,0,431,431,0,0,0,0,0
checkpoint/16/domain=16/bytes=8/nulls=true/limit=1/last=true,17,17,0,431,431,0,0,0,0,0
checkpoint/16/domain=16/bytes=8/nulls=true/limit=4/last=false,17,17,0,431,431,0,0,0,0,0
checkpoint/16/domain=16/bytes=8/nulls=true/outer=false,17,17,0,431,431,0,0,0,0,0
checkpoint/16/domain=16/bytes=8/nulls=true/outer=true,17,17,0,431,431,0,0,0,0,0
checkpoint/16/domain=8/bytes=264/nulls=false/limit=1/last=false,17,17,0,431,431,0,0,0,0,0
checkpoint/16/domain=8/bytes=264/nulls=false/limit=1/last=true,17,17,0,431,431,0,0,0,0,0
checkpoint/16/domain=8/bytes=264/nulls=false/limit=4/last=false,17,17,0,431,431,0,0,0,0,0
checkpoint/16/domain=8/bytes=264/nulls=false/outer=false,17,17,0,431,431,0,0,0,0,0
checkpoint/16/domain=8/bytes=264/nulls=false/outer=true,17,17,0,431,431,0,0,0,0,0
checkpoint/16/domain=8/bytes=264/nulls=true/limit=1/last=false,17,17,0,431,431,0,0,0,0,0
checkpoint/16/domain=8/bytes=264/nulls=true/limit=1/last=true,17,17,0,431,431,0,0,0,0,0
checkpoint/16/domain=8/bytes=264/nulls=true/limit=4/last=false,17,17,0,431,431,0,0,0,0,0
checkpoint/16/domain=8/bytes=264/nulls=true/outer=false,17,17,0,431,431,0,0,0,0,0
checkpoint/16/domain=8/bytes=264/nulls=true/outer=true,17,17,0,431,431,0,0,0,0,0
checkpoint/16/domain=8/bytes=8/nulls=false/limit=1/last=false,17,17,0,431,431,0,0,0,0,0
checkpoint/16/domain=8/bytes=8/nulls=false/limit=1/last=true,17,17,0,431,431,0,0,0,0,0
checkpoint/16/domain=8/bytes=8/nulls=false/limit=4/last=false,17,17,0,431,431,0,0,0,0,0
checkpoint/16/domain=8/bytes=8/nulls=false/outer=false,17,17,0,431,431,0,0,0,0,0
checkpoint/16/domain=8/bytes=8/nulls=false/outer=true,17,17,0,431,431,0,0,0,0,0
checkpoint/16/domain=8/bytes=8/nulls=true/limit=1/last=false,17,17,0,431,431,0,0,0,0,0
checkpoint/16/domain=8/bytes=8/nulls=true/limit=1/last=true,17,17,0,431,431,0,0,0,0,0
checkpoint/16/domain=8/bytes=8/nulls=true/limit=4/last=false,17,17,0,431,431,0,0,0,0,0
checkpoint/16/domain=8/bytes=8/nulls=true/outer=false,17,17,0,431,431,0,0,0,0,0
checkpoint/16/domain=8/bytes=8/nulls=true/outer=true,17,17,0,431,431,0,0,0,0,0
checkpoint/16/keys=16/bytes=264/nulls=false,17,17,0,431,431,0,0,0,0,0
checkpoint/16/keys=16/bytes=264/nulls=true,17,17,0,431,431,0,0,0,0,0
checkpoint/16/keys=16/bytes=8/nulls=false,17,17,0,431,431,0,0,0,0,0
checkpoint/16/keys=16/bytes=8/nulls=true,17,17,0,431,431,0,0,0,0,0
checkpoint/16/keys=8/bytes=264/nulls=false,17,17,0,431,431,0,0,0,0,0
checkpoint/16/keys=8/bytes=264/nulls=true,17,17,0,431,431,0,0,0,0,0
checkpoint/16/keys=8/bytes=8/nulls=false,17,17,0,431,431,0,0,0,0,0
checkpoint/16/keys=8/bytes=8/nulls=true,17,17,0,431,431,0,0,0,0,0
checkpoint/16384/domain=16384/bytes=264/nulls=false/limit=1/last=false,20,20,0,462,462,0,0,0,0,0
checkpoint/16384/domain=16384/bytes=264/nulls=false/limit=1/last=true,20,20,0,462,462,0,0,0,0,0
checkpoint/16384/domain=16384/bytes=264/nulls=false/limit=4/last=false,20,20,0,462,462,0,0,0,0,0
checkpoint/16384/domain=16384/bytes=264/nulls=false/outer=false,23,23,0,493,493,0,0,0,0,0
checkpoint/16384/domain=16384/bytes=264/nulls=false/outer=true,23,23,0,493,493,0,0,0,0,0
checkpoint/16384/domain=16384/bytes=264/nulls=true/limit=1/last=false,20,20,0,462,462,0,0,0,0,0
checkpoint/16384/domain=16384/bytes=264/nulls=true/limit=1/last=true,20,20,0,462,462,0,0,0,0,0
checkpoint/16384/domain=16384/bytes=264/nulls=true/limit=4/last=false,20,20,0,462,462,0,0,0,0,0
checkpoint/16384/domain=16384/bytes=264/nulls=true/outer=false,20,20,0,462,462,0,0,0,0,0
checkpoint/16384/domain=16384/bytes=264/nulls=true/outer=true,23,23,0,493,493,0,0,0,0,0
checkpoint/16384/domain=16384/bytes=8/nulls=false/limit=1/last=false,17,17,0,431,431,0,0,0,0,0
checkpoint/16384/domain=16384/bytes=8/nulls=false/limit=1/last=true,17,17,0,431,431,0,0,0,0,0
checkpoint/16384/domain=16384/bytes=8/nulls=false/limit=4/last=false,17,17,0,431,431,0,0,0,0,0
checkpoint/16384/domain=16384/bytes=8/nulls=false/outer=false,17,17,0,431,431,0,0,0,0,0
checkpoint/16384/domain=16384/bytes=8/nulls=false/outer=true,17,17,0,431,431,0,0,0,0,0
checkpoint/16384/domain=16384/bytes=8/nulls=true/limit=1/last=false,17,17,0,431,431,0,0,0,0,0
checkpoint/16384/domain=16384/bytes=8/nulls=true/limit=1/last=true,17,17,0,431,431,0,0,0,0,0
checkpoint/16384/domain=16384/bytes=8/nulls=true/limit=4/last=false,17,17,0,431,431,0,0,0,0,0
checkpoint/16384/domain=16384/bytes=8/nulls=true/outer=false,17,17,0,431,431,0,0,0,0,0
checkpoint/16384/domain=16384/bytes=8/nulls=true/outer=true,17,17,0,431,431,0,0,0,0,0
checkpoint/16384/domain=8/bytes=264/nulls=false/limit=1/last=false,17,17,0,431,431,0,0,0,0,0
checkpoint/16384/domain=8/bytes=264/nulls=false/limit=1/last=true,17,17,0,431,431,0,0,0,0,0
checkpoint/16384/domain=8/bytes=264/nulls=false/limit=4/last=false,17,17,0,431,431,0,0,0,0,0
checkpoint/16384/domain=8/bytes=264/nulls=false/outer=false,20,20,0,462,462,0,0,0,0,0
checkpoint/16384/domain=8/bytes=264/nulls=false/outer=true,23,23,0,493,493,0,0,0,0,0
checkpoint/16384/domain=8/bytes=264/nulls=true/limit=1/last=false,17,17,0,431,431,0,0,0,0,0
checkpoint/16384/domain=8/bytes=264/nulls=true/limit=1/last=true,17,17,0,431,431,0,0,0,0,0
checkpoint/16384/domain=8/bytes=264/nulls=true/limit=4/last=false,17,17,0,431,431,0,0,0,0,0
checkpoint/16384/domain=8/bytes=264/nulls=true/outer=false,20,20,0,462,462,0,0,0,0,0
checkpoint/16384/domain=8/bytes=264/nulls=true/outer=true,20,20,0,462,462,0,0,0,0,0
checkpoint/16384/domain=8/bytes=8/nulls=false/limit=1/last=false,17,17,0,431,431,0,0,0,0,0
checkpoint/16384/domain=8/bytes=8/nulls=false/limit=1/last=true,17,17,0,431,431,0,0,0,0,0
checkpoint/16384/domain=8/bytes=8/nulls=false/limit=4/last=false,17,17,0,431,431,0,0,0,0,0
checkpoint/16384/domain=8/bytes=8/nulls=false/outer=false,17,17,0,431,431,0,0,0,0,0
checkpoint/16384/domain=8/bytes=8/nulls=false/outer=true,17,17,0,431,431,0,0,0,0,0
checkpoint/16384/domain=8/bytes=8/nulls=true/limit=1/last=false,17,17,0,431,431,0,0,0,0,0
checkpoint/16384/domain=8/bytes=8/nulls=true/limit=1/last=true,17,17,0,431,431,0,0,0,0,0
checkpoint/16384/domain=8/bytes=8/nulls=true/limit=4/last=false,17,17,0,431,431,0,0,0,0,0
checkpoint/16384/domain=8/bytes=8/nulls=true/outer=false,17,17,0,431,431,0,0,0,0,0
checkpoint/16384/domain=8/bytes=8/nulls=true/outer=true,17,17,0,431,431,0,0,0,0,0
checkpoint/16384/keys=16384/bytes=264/nulls=false,20,20,0,462,462,0,0,0,0,0
checkpoint/16384/keys=16384/bytes=264/nulls=true,20,20,0,462,462,0,0,0,0,0
checkpoint/16384/keys=16384/bytes=8/nulls=false,17,17,0,431,431,0,0,0,0,0
checkpoint/16384/keys=16384/bytes=8/nulls=true,17,17,0,431,431,0,0,0,0,0
checkpoint/16384/keys=8/bytes=264/nulls=false,17,17,0,431,431,0,0,0,0,0
checkpoint/16384/keys=8/bytes=264/nulls=true,17,17,0,431,431,0,0,0,0,0
checkpoint/16384/keys=8/bytes=8/nulls=false,17,17,0,431,431,0,0,0,0,0
checkpoint/16384/keys=8/bytes=8/nulls=true,17,17,0,431,431,0,0,0,0,0
emitted_markers/1024/keys=1024/bytes=264/nulls=false,5188,5188,0,752592,752592,0,0,0,4,4
emitted_markers/1024/keys=1024/bytes=264/nulls=true,5188,5188,0,708492,708492,0,0,0,4,4
emitted_markers/1024/keys=1024/bytes=8/nulls=false,5188,5188,0,463824,463824,0,0,0,4,4
emitted_markers/1024/keys=1024/bytes=8/nulls=true,5188,5188,0,461178,461178,0,0,0,4,4
emitted_markers/1024/keys=8/bytes=264/nulls=false,2126,2126,0,426232,426232,0,0,0,4,4
emitted_markers/1024/keys=8/bytes=264/nulls=true,2126,2126,0,382132,382132,0,0,0,4,4
emitted_markers/1024/keys=8/bytes=8/nulls=false,2126,2126,0,137464,137464,0,0,0,4,4
emitted_markers/1024/keys=8/bytes=8/nulls=true,2126,2126,0,134818,134818,0,0,0,4,4
emitted_markers/16/keys=16/bytes=264/nulls=false,136,136,0,14228,14228,0,0,0,4,4
emitted_markers/16/keys=16/bytes=264/nulls=true,136,136,0,13328,13328,0,0,0,4,4
emitted_markers/16/keys=16/bytes=8/nulls=false,136,136,0,9716,9716,0,0,0,4,4
emitted_markers/16/keys=16/bytes=8/nulls=true,136,136,0,9662,9662,0,0,0,4,4
emitted_markers/16/keys=8/bytes=264/nulls=false,110,110,0,11628,11628,0,0,0,4,4
emitted_markers/16/keys=8/bytes=264/nulls=true,110,110,0,10728,10728,0,0,0,4,4
emitted_markers/16/keys=8/bytes=8/nulls=false,110,110,0,7116,7116,0,0,0,4,4
emitted_markers/16/keys=8/bytes=8/nulls=true,110,110,0,7062,7062,0,0,0,4,4
emitted_markers/16384/keys=16384/bytes=264/nulls=false,81996,81996,0,12002000,12002000,0,0,0,4,4
emitted_markers/16384/keys=16384/bytes=264/nulls=true,81996,81996,0,11299700,11299700,0,0,0,4,4
emitted_markers/16384/keys=16384/bytes=8/nulls=false,81996,81996,0,7381712,7381712,0,0,0,4,4
emitted_markers/16384/keys=16384/bytes=8/nulls=true,81996,81996,0,7339574,7339574,0,0,0,4,4
emitted_markers/16384/keys=8/bytes=264/nulls=false,32846,32846,0,6744952,6744952,0,0,0,4,4
emitted_markers/16384/keys=8/bytes=264/nulls=true,32846,32846,0,6042652,6042652,0,0,0,4,4
emitted_markers/16384/keys=8/bytes=8/nulls=false,32846,32846,0,2124664,2124664,0,0,0,4,4
emitted_markers/16384/keys=8/bytes=8/nulls=true,32846,32846,0,2082526,2082526,0,0,0,4,4
expired_markers/1024/keys=1024/bytes=264/nulls=false,14445,14445,0,2513060,2513060,0,0,0,294916,294916
expired_markers/1024/keys=1024/bytes=264/nulls=true,14445,14445,0,2297300,2297300,0,0,0,255648,255648
expired_markers/1024/keys=1024/bytes=8/nulls=false,14445,14445,0,1095844,1095844,0,0,0,32772,32772
expired_markers/1024/keys=1024/bytes=8/nulls=true,14445,14445,0,1083532,1083532,0,0,0,31136,31136
expired_markers/1024/keys=8/bytes=264/nulls=false,2218,2218,0,439836,439836,0,0,0,2308,2308
expired_markers/1024/keys=8/bytes=264/nulls=true,2218,2218,0,393424,393424,0,0,0,1773,1773
expired_markers/1024/keys=8/bytes=8/nulls=false,2218,2218,0,142252,142252,0,0,0,260,260
expired_markers/1024/keys=8/bytes=8/nulls=true,2218,2218,0,139498,139498,0,0,0,237,237
expired_markers/16/keys=16/bytes=264/nulls=false,303,303,0,41584,41584,0,0,0,4612,4612
expired_markers/16/keys=16/bytes=264/nulls=true,303,303,0,37216,37216,0,0,0,3810,3810
expired_markers/16/keys=16/bytes=8/nulls=false,303,303,0,19440,19440,0,0,0,516,516
expired_markers/16/keys=16/bytes=8/nulls=true,303,303,0,19224,19224,0,0,0,482,482
expired_markers/16/keys=8/bytes=264/nulls=false,202,202,0,25232,25232,0,0,0,2308,2308
expired_markers/16/keys=8/bytes=264/nulls=true,202,202,0,22020,22020,0,0,0,1773,1773
expired_markers/16/keys=8/bytes=8/nulls=false,202,202,0,11904,11904,0,0,0,260,260
expired_markers/16/keys=8/bytes=8/nulls=true,202,202,0,11742,11742,0,0,0,237,237
expired_markers/16384/keys=16384/bytes=264/nulls=false,229505,229505,0,40172068,40172068,0,0,0,4718596,4718596
expired_markers/16384/keys=16384/bytes=264/nulls=true,229505,229505,0,36735540,36735540,0,0,0,4093256,4093256
expired_markers/16384/keys=16384/bytes=8/nulls=false,229505,229505,0,17496612,17496612,0,0,0,524292,524292
expired_markers/16384/keys=16384/bytes=8/nulls=true,229505,229505,0,17300028,17300028,0,0,0,498248,498248
expired_markers/16384/keys=8/bytes=264/nulls=false,32938,32938,0,6758556,6758556,0,0,0,2308,2308
expired_markers/16384/keys=8/bytes=264/nulls=true,32938,32938,0,6053944,6053944,0,0,0,1773,1773
expired_markers/16384/keys=8/bytes=8/nulls=false,32938,32938,0,2129452,2129452,0,0,0,260,260
expired_markers/16384/keys=8/bytes=8/nulls=true,32938,32938,0,2087206,2087206,0,0,0,237,237
fire/1024/domain=1024/bytes=264/nulls=false/limit=1/last=false,7337,7337,0,3366625,3366625,0,0,0,323502,323502
fire/1024/domain=1024/bytes=264/nulls=false/limit=1/last=true,7337,7337,0,3366625,3366625,0,0,0,323502,323502
fire/1024/domain=1024/bytes=264/nulls=false/limit=4/last=false,7337,7337,0,3366625,3366625,0,0,0,323502,323502
fire/1024/domain=1024/bytes=264/nulls=true/limit=1/last=false,7154,7154,0,2737977,2737977,0,0,0,298198,298198
fire/1024/domain=1024/bytes=264/nulls=true/limit=1/last=true,7154,7154,0,2737977,2737977,0,0,0,298198,298198
fire/1024/domain=1024/bytes=264/nulls=true/limit=4/last=false,7154,7154,0,2737977,2737977,0,0,0,298198,298198
fire/1024/domain=1024/bytes=8/nulls=false/limit=1/last=false,7332,7332,0,1275833,1275833,0,0,0,61358,61358
fire/1024/domain=1024/bytes=8/nulls=false/limit=1/last=true,7332,7332,0,1275833,1275833,0,0,0,61358,61358
fire/1024/domain=1024/bytes=8/nulls=false/limit=4/last=false,7332,7332,0,1275833,1275833,0,0,0,61358,61358
fire/1024/domain=1024/bytes=8/nulls=true/limit=1/last=false,7150,7150,0,1270146,1270146,0,0,0,60118,60118
fire/1024/domain=1024/bytes=8/nulls=true/limit=1/last=true,7150,7150,0,1270146,1270146,0,0,0,60118,60118
fire/1024/domain=1024/bytes=8/nulls=true/limit=4/last=false,7150,7150,0,1270146,1270146,0,0,0,60118,60118
fire/1024/domain=8/bytes=264/nulls=false/limit=1/last=false,221,221,0,56961,56961,0,0,0,5042,5042
fire/1024/domain=8/bytes=264/nulls=false/limit=1/last=true,221,221,0,57071,57071,0,0,0,5065,5065
fire/1024/domain=8/bytes=264/nulls=false/limit=4/last=false,383,383,0,204841,204841,0,0,0,20206,20206
fire/1024/domain=8/bytes=264/nulls=true/limit=1/last=false,220,220,0,47797,47797,0,0,0,4776,4776
fire/1024/domain=8/bytes=264/nulls=true/limit=1/last=true,218,218,0,46733,46733,0,0,0,4522,4522
fire/1024/domain=8/bytes=264/nulls=true/limit=4/last=false,374,374,0,166639,166639,0,0,0,18859,18859
fire/1024/domain=8/bytes=8/nulls=false/limit=1/last=false,218,218,0,25825,25825,0,0,0,946,946
fire/1024/domain=8/bytes=8/nulls=false/limit=1/last=true,218,218,0,25980,25980,0,0,0,969,969
fire/1024/domain=8/bytes=8/nulls=false/limit=4/last=false,378,378,0,74153,74153,0,0,0,3822,3822
fire/1024/domain=8/bytes=8/nulls=true/limit=1/last=false,218,218,0,25903,25903,0,0,0,936,936
fire/1024/domain=8/bytes=8/nulls=true/limit=1/last=true,216,216,0,25925,25925,0,0,0,938,938
fire/1024/domain=8/bytes=8/nulls=true/limit=4/last=false,370,370,0,73969,73969,0,0,0,3755,3755
fire/16/domain=16/bytes=264/nulls=false/limit=1/last=false,221,221,0,56945,56945,0,0,0,5034,5034
fire/16/domain=16/bytes=264/nulls=false/limit=1/last=true,221,221,0,56945,56945,0,0,0,5034,5034
fire/16/domain=16/bytes=264/nulls=false/limit=4/last=false,221,221,0,56945,56945,0,0,0,5034,5034
fire/16/domain=16/bytes=264/nulls=true/limit=1/last=false,220,220,0,46799,46799,0,0,0,4497,4497
fire/16/domain=16/bytes=264/nulls=true/limit=1/last=true,220,220,0,46799,46799,0,0,0,4497,4497
fire/16/domain=16/bytes=264/nulls=true/limit=4/last=false,220,220,0,46799,46799,0,0,0,4497,4497
fire/16/domain=16/bytes=8/nulls=false/limit=1/last=false,218,218,0,25809,25809,0,0,0,938,938
fire/16/domain=16/bytes=8/nulls=false/limit=1/last=true,218,218,0,25809,25809,0,0,0,938,938
fire/16/domain=16/bytes=8/nulls=false/limit=4/last=false,218,218,0,25809,25809,0,0,0,938,938
fire/16/domain=16/bytes=8/nulls=true/limit=1/last=false,218,218,0,25955,25955,0,0,0,913,913
fire/16/domain=16/bytes=8/nulls=true/limit=1/last=true,218,218,0,25955,25955,0,0,0,913,913
fire/16/domain=16/bytes=8/nulls=true/limit=4/last=false,218,218,0,25955,25955,0,0,0,913,913
fire/16/domain=8/bytes=264/nulls=false/limit=1/last=false,221,221,0,56945,56945,0,0,0,5034,5034
fire/16/domain=8/bytes=264/nulls=false/limit=1/last=true,221,221,0,56945,56945,0,0,0,5034,5034
fire/16/domain=8/bytes=264/nulls=false/limit=4/last=false,221,221,0,56945,56945,0,0,0,5034,5034
fire/16/domain=8/bytes=264/nulls=true/limit=1/last=false,220,220,0,46799,46799,0,0,0,4497,4497
fire/16/domain=8/bytes=264/nulls=true/limit=1/last=true,220,220,0,46799,46799,0,0,0,4497,4497
fire/16/domain=8/bytes=264/nulls=true/limit=4/last=false,220,220,0,46799,46799,0,0,0,4497,4497
fire/16/domain=8/bytes=8/nulls=false/limit=1/last=false,218,218,0,25809,25809,0,0,0,938,938
fire/16/domain=8/bytes=8/nulls=false/limit=1/last=true,218,218,0,25809,25809,0,0,0,938,938
fire/16/domain=8/bytes=8/nulls=false/limit=4/last=false,218,218,0,25809,25809,0,0,0,938,938
fire/16/domain=8/bytes=8/nulls=true/limit=1/last=false,218,218,0,25955,25955,0,0,0,913,913
fire/16/domain=8/bytes=8/nulls=true/limit=1/last=true,218,218,0,25955,25955,0,0,0,913,913
fire/16/domain=8/bytes=8/nulls=true/limit=4/last=false,218,218,0,25955,25955,0,0,0,913,913
fire/16384/domain=16384/bytes=264/nulls=false/limit=1/last=false,114897,114897,0,53868353,53868353,0,0,0,5199006,5199006
fire/16384/domain=16384/bytes=264/nulls=false/limit=1/last=true,114897,114897,0,53868353,53868353,0,0,0,5199006,5199006
fire/16384/domain=16384/bytes=264/nulls=false/limit=4/last=false,114897,114897,0,53868353,53868353,0,0,0,5199006,5199006
fire/16384/domain=16384/bytes=264/nulls=true/limit=1/last=false,111930,111930,0,43819193,43819193,0,0,0,4795854,4795854
fire/16384/domain=16384/bytes=264/nulls=true/limit=1/last=true,111930,111930,0,43819193,43819193,0,0,0,4795854,4795854
fire/16384/domain=16384/bytes=264/nulls=true/limit=4/last=false,111930,111930,0,43819193,43819193,0,0,0,4795854,4795854
fire/16384/domain=16384/bytes=8/nulls=false/limit=1/last=false,114893,114893,0,21074969,21074969,0,0,0,1004702,1004702
fire/16384/domain=16384/bytes=8/nulls=false/limit=1/last=true,114893,114893,0,21074969,21074969,0,0,0,1004702,1004702
fire/16384/domain=16384/bytes=8/nulls=false/limit=4/last=false,114893,114893,0,21074969,21074969,0,0,0,1004702,1004702
fire/16384/domain=16384/bytes=8/nulls=true/limit=1/last=false,111926,111926,0,20442038,20442038,0,0,0,982990,982990
fire/16384/domain=16384/bytes=8/nulls=true/limit=1/last=true,111926,111926,0,20442038,20442038,0,0,0,982990,982990
fire/16384/domain=16384/bytes=8/nulls=true/limit=4/last=false,111926,111926,0,20442038,20442038,0,0,0,982990,982990
fire/16384/domain=8/bytes=264/nulls=false/limit=1/last=false,221,221,0,56961,56961,0,0,0,5042,5042
fire/16384/domain=8/bytes=264/nulls=false/limit=1/last=true,221,221,0,57125,57125,0,0,0,5092,5092
fire/16384/domain=8/bytes=264/nulls=false/limit=4/last=false,383,383,0,204841,204841,0,0,0,20206,20206
fire/16384/domain=8/bytes=264/nulls=true/limit=1/last=false,220,220,0,47797,47797,0,0,0,4776,4776
fire/16384/domain=8/bytes=264/nulls=true/limit=1/last=true,221,221,0,56141,56141,0,0,0,4820,4820
fire/16384/domain=8/bytes=264/nulls=true/limit=4/last=false,374,374,0,166639,166639,0,0,0,18859,18859
fire/16384/domain=8/bytes=8/nulls=false/limit=1/last=false,218,218,0,25825,25825,0,0,0,946,946
fire/16384/domain=8/bytes=8/nulls=false/limit=1/last=true,218,218,0,26133,26133,0,0,0,996,996
fire/16384/domain=8/bytes=8/nulls=false/limit=4/last=false,378,378,0,74153,74153,0,0,0,3822,3822
fire/16384/domain=8/bytes=8/nulls=true/limit=1/last=false,218,218,0,25903,25903,0,0,0,936,936
fire/16384/domain=8/bytes=8/nulls=true/limit=1/last=true,218,218,0,26190,26190,0,0,0,980,980
fire/16384/domain=8/bytes=8/nulls=true/limit=4/last=false,370,370,0,73969,73969,0,0,0,3755,3755
group/checkpoint/1024/domain=1024/bytes=264/nulls=false,19,19,0,480,480,0,0,0,0,0
group/checkpoint/1024/domain=1024/bytes=264/nulls=true,19,19,0,480,480,0,0,0,0,0
group/checkpoint/1024/domain=1024/bytes=8/nulls=false,19,19,0,480,480,0,0,0,0,0
group/checkpoint/1024/domain=1024/bytes=8/nulls=true,19,19,0,480,480,0,0,0,0,0
group/checkpoint/1024/domain=8/bytes=264/nulls=false,19,19,0,480,480,0,0,0,0,0
group/checkpoint/1024/domain=8/bytes=264/nulls=true,19,19,0,480,480,0,0,0,0,0
group/checkpoint/1024/domain=8/bytes=8/nulls=false,19,19,0,480,480,0,0,0,0,0
group/checkpoint/1024/domain=8/bytes=8/nulls=true,19,19,0,480,480,0,0,0,0,0
group/checkpoint/16/domain=16/bytes=264/nulls=false,19,19,0,480,480,0,0,0,0,0
group/checkpoint/16/domain=16/bytes=264/nulls=true,19,19,0,480,480,0,0,0,0,0
group/checkpoint/16/domain=16/bytes=8/nulls=false,19,19,0,480,480,0,0,0,0,0
group/checkpoint/16/domain=16/bytes=8/nulls=true,19,19,0,480,480,0,0,0,0,0
group/checkpoint/16/domain=8/bytes=264/nulls=false,19,19,0,480,480,0,0,0,0,0
group/checkpoint/16/domain=8/bytes=264/nulls=true,19,19,0,480,480,0,0,0,0,0
group/checkpoint/16/domain=8/bytes=8/nulls=false,19,19,0,480,480,0,0,0,0,0
group/checkpoint/16/domain=8/bytes=8/nulls=true,19,19,0,480,480,0,0,0,0,0
group/checkpoint/16384/domain=16384/bytes=264/nulls=false,22,22,0,511,511,0,0,0,0,0
group/checkpoint/16384/domain=16384/bytes=264/nulls=true,22,22,0,511,511,0,0,0,0,0
group/checkpoint/16384/domain=16384/bytes=8/nulls=false,19,19,0,480,480,0,0,0,0,0
group/checkpoint/16384/domain=16384/bytes=8/nulls=true,19,19,0,480,480,0,0,0,0,0
group/checkpoint/16384/domain=8/bytes=264/nulls=false,19,19,0,480,480,0,0,0,0,0
group/checkpoint/16384/domain=8/bytes=264/nulls=true,19,19,0,480,480,0,0,0,0,0
group/checkpoint/16384/domain=8/bytes=8/nulls=false,19,19,0,480,480,0,0,0,0,0
group/checkpoint/16384/domain=8/bytes=8/nulls=true,19,19,0,480,480,0,0,0,0,0
group/restore_aligned/1024/domain=1024/bytes=264/nulls=false,88,88,0,5837,5837,0,0,0,0,0
group/restore_aligned/1024/domain=1024/bytes=264/nulls=true,88,88,0,5837,5837,0,0,0,0,0
group/restore_aligned/1024/domain=1024/bytes=8/nulls=false,88,88,0,5837,5837,0,0,0,0,0
group/restore_aligned/1024/domain=1024/bytes=8/nulls=true,88,88,0,5837,5837,0,0,0,0,0
group/restore_aligned/1024/domain=8/bytes=264/nulls=false,88,88,0,5837,5837,0,0,0,0,0
group/restore_aligned/1024/domain=8/bytes=264/nulls=true,88,88,0,5837,5837,0,0,0,0,0
group/restore_aligned/1024/domain=8/bytes=8/nulls=false,88,88,0,5837,5837,0,0,0,0,0
group/restore_aligned/1024/domain=8/bytes=8/nulls=true,88,88,0,5837,5837,0,0,0,0,0
group/restore_aligned/16/domain=16/bytes=264/nulls=false,88,88,0,5837,5837,0,0,0,0,0
group/restore_aligned/16/domain=16/bytes=264/nulls=true,88,88,0,5837,5837,0,0,0,0,0
group/restore_aligned/16/domain=16/bytes=8/nulls=false,88,88,0,5837,5837,0,0,0,0,0
group/restore_aligned/16/domain=16/bytes=8/nulls=true,88,88,0,5837,5837,0,0,0,0,0
group/restore_aligned/16/domain=8/bytes=264/nulls=false,88,88,0,5837,5837,0,0,0,0,0
group/restore_aligned/16/domain=8/bytes=264/nulls=true,88,88,0,5837,5837,0,0,0,0,0
group/restore_aligned/16/domain=8/bytes=8/nulls=false,88,88,0,5837,5837,0,0,0,0,0
group/restore_aligned/16/domain=8/bytes=8/nulls=true,88,88,0,5837,5837,0,0,0,0,0
group/restore_aligned/16384/domain=16384/bytes=264/nulls=false,94,94,0,5990,5990,0,0,0,0,0
group/restore_aligned/16384/domain=16384/bytes=264/nulls=true,94,94,0,5990,5990,0,0,0,0,0
group/restore_aligned/16384/domain=16384/bytes=8/nulls=false,88,88,0,5837,5837,0,0,0,0,0
group/restore_aligned/16384/domain=16384/bytes=8/nulls=true,88,88,0,5837,5837,0,0,0,0,0
group/restore_aligned/16384/domain=8/bytes=264/nulls=false,88,88,0,5837,5837,0,0,0,0,0
group/restore_aligned/16384/domain=8/bytes=264/nulls=true,88,88,0,5837,5837,0,0,0,0,0
group/restore_aligned/16384/domain=8/bytes=8/nulls=false,88,88,0,5837,5837,0,0,0,0,0
group/restore_aligned/16384/domain=8/bytes=8/nulls=true,88,88,0,5837,5837,0,0,0,0,0
group/restore_rebuilt/1024/domain=1024/bytes=264/nulls=false,2113,2113,0,350512,350512,0,0,0,0,0
group/restore_rebuilt/1024/domain=1024/bytes=264/nulls=true,1927,1927,0,318875,318875,0,0,0,0,0
group/restore_rebuilt/1024/domain=1024/bytes=8/nulls=false,2113,2113,0,88368,88368,0,0,0,0,0
group/restore_rebuilt/1024/domain=1024/bytes=8/nulls=true,1927,1927,0,80795,80795,0,0,0,0,0
group/restore_rebuilt/1024/domain=8/bytes=264/nulls=false,81,81,0,7928,7928,0,0,0,0,0
group/restore_rebuilt/1024/domain=8/bytes=264/nulls=true,83,83,0,7993,7993,0,0,0,0,0
group/restore_rebuilt/1024/domain=8/bytes=8/nulls=false,81,81,0,5880,5880,0,0,0,0,0
group/restore_rebuilt/1024/domain=8/bytes=8/nulls=true,83,83,0,5945,5945,0,0,0,0,0
group/restore_rebuilt/16/domain=16/bytes=264/nulls=false,97,97,0,10624,10624,0,0,0,0,0
group/restore_rebuilt/16/domain=16/bytes=264/nulls=true,95,95,0,10015,10015,0,0,0,0,0
group/restore_rebuilt/16/domain=16/bytes=8/nulls=false,97,97,0,6528,6528,0,0,0,0,0
group/restore_rebuilt/16/domain=16/bytes=8/nulls=true,95,95,0,6431,6431,0,0,0,0,0
group/restore_rebuilt/16/domain=8/bytes=264/nulls=false,81,81,0,7928,7928,0,0,0,0,0
group/restore_rebuilt/16/domain=8/bytes=264/nulls=true,83,83,0,7993,7993,0,0,0,0,0
group/restore_rebuilt/16/domain=8/bytes=8/nulls=false,81,81,0,5880,5880,0,0,0,0,0
group/restore_rebuilt/16/domain=8/bytes=8/nulls=true,83,83,0,5945,5945,0,0,0,0,0
group/restore_rebuilt/16384/domain=16384/bytes=264/nulls=false,32833,32833,0,5649712,5649712,0,0,0,0,0
group/restore_rebuilt/16384/domain=16384/bytes=264/nulls=true,29855,29855,0,5136455,5136455,0,0,0,0,0
group/restore_rebuilt/16384/domain=16384/bytes=8/nulls=false,32833,32833,0,1455408,1455408,0,0,0,0,0
group/restore_rebuilt/16384/domain=16384/bytes=8/nulls=true,29855,29855,0,1323591,1323591,0,0,0,0,0
group/restore_rebuilt/16384/domain=8/bytes=264/nulls=false,81,81,0,7928,7928,0,0,0,0,0
group/restore_rebuilt/16384/domain=8/bytes=264/nulls=true,83,83,0,7993,7993,0,0,0,0,0
group/restore_rebuilt/16384/domain=8/bytes=8/nulls=false,81,81,0,5880,5880,0,0,0,0,0
group/restore_rebuilt/16384/domain=8/bytes=8/nulls=true,83,83,0,5945,5945,0,0,0,0,0
group/update_flush/1024/domain=1024/bytes=264/nulls=false,12523,12523,0,5337346,5337346,0,0,0,299950,299950
group/update_flush/1024/domain=1024/bytes=264/nulls=true,11601,11601,0,4986845,4986845,0,0,0,272671,272671
group/update_flush/1024/domain=1024/bytes=8/nulls=false,12518,12518,0,2222850,2222850,0,0,0,37806,37806
group/update_flush/1024/domain=1024/bytes=8/nulls=true,11596,11596,0,2128349,2128349,0,0,0,34591,34591
group/update_flush/1024/domain=8/bytes=264/nulls=false,2265,2265,0,629938,629938,0,0,0,2332,2332
group/update_flush/1024/domain=8/bytes=264/nulls=true,2292,2292,0,583334,583334,0,0,0,2357,2357
group/update_flush/1024/domain=8/bytes=8/nulls=false,2262,2262,0,88178,88178,0,0,0,284,284
group/update_flush/1024/domain=8/bytes=8/nulls=true,2289,2289,0,89702,89702,0,0,0,309,309
group/update_flush/16/domain=16/bytes=264/nulls=false,343,343,0,83362,83362,0,0,0,4666,4666
group/update_flush/16/domain=16/bytes=264/nulls=true,341,341,0,78530,78530,0,0,0,4108,4108
group/update_flush/16/domain=16/bytes=8/nulls=false,340,340,0,40546,40546,0,0,0,570,570
group/update_flush/16/domain=16/bytes=8/nulls=true,338,338,0,39810,39810,0,0,0,524,524
group/update_flush/16/domain=8/bytes=264/nulls=false,249,249,0,49330,49330,0,0,0,2332,2332
group/update_flush/16/domain=8/bytes=264/nulls=true,276,276,0,52774,52774,0,0,0,2357,2357
group/update_flush/16/domain=8/bytes=8/nulls=false,246,246,0,23666,23666,0,0,0,284,284
group/update_flush/16/domain=8/bytes=8/nulls=true,273,273,0,28134,28134,0,0,0,309,309
group/update_flush/16384/domain=16384/bytes=264/nulls=false,196895,196895,0,86238658,86238658,0,0,0,4822174,4822174
group/update_flush/16384/domain=16384/bytes=264/nulls=true,182018,182018,0,80232710,80232710,0,0,0,4387381,4387381
group/update_flush/16384/domain=16384/bytes=8/nulls=false,196891,196891,0,36954050,36954050,0,0,0,627870,627870
group/update_flush/16384/domain=16384/bytes=8/nulls=true,182014,182014,0,35412742,35412742,0,0,0,574517,574517
group/update_flush/16384/domain=8/bytes=264/nulls=false,32985,32985,0,9477298,9477298,0,0,0,2332,2332
group/update_flush/16384/domain=8/bytes=264/nulls=true,33012,33012,0,8671270,8671270,0,0,0,2357,2357
group/update_flush/16384/domain=8/bytes=8/nulls=false,32982,32982,0,1071218,1071218,0,0,0,284,284
group/update_flush/16384/domain=8/bytes=8/nulls=true,33009,33009,0,1028070,1028070,0,0,0,309,309
live_markers/1024/keys=1024/bytes=264/nulls=false,6213,6213,0,760792,760792,0,0,0,4,4
live_markers/1024/keys=1024/bytes=264/nulls=true,6213,6213,0,716692,716692,0,0,0,4,4
live_markers/1024/keys=1024/bytes=8/nulls=false,6213,6213,0,472024,472024,0,0,0,4,4
live_markers/1024/keys=1024/bytes=8/nulls=true,6213,6213,0,469378,469378,0,0,0,4,4
live_markers/1024/keys=8/bytes=264/nulls=false,2135,2135,0,426304,426304,0,0,0,4,4
live_markers/1024/keys=8/bytes=264/nulls=true,2135,2135,0,382204,382204,0,0,0,4,4
live_markers/1024/keys=8/bytes=8/nulls=false,2135,2135,0,137536,137536,0,0,0,4,4
live_markers/1024/keys=8/bytes=8/nulls=true,2135,2135,0,134890,134890,0,0,0,4,4
live_markers/16/keys=16/bytes=264/nulls=false,153,153,0,14364,14364,0,0,0,4,4
live_markers/16/keys=16/bytes=264/nulls=true,153,153,0,13464,13464,0,0,0,4,4
live_markers/16/keys=16/bytes=8/nulls=false,153,153,0,9852,9852,0,0,0,4,4
live_markers/16/keys=16/bytes=8/nulls=true,153,153,0,9798,9798,0,0,0,4,4
live_markers/16/keys=8/bytes=264/nulls=false,119,119,0,11700,11700,0,0,0,4,4
live_markers/16/keys=8/bytes=264/nulls=true,119,119,0,10800,10800,0,0,0,4,4
live_markers/16/keys=8/bytes=8/nulls=false,119,119,0,7188,7188,0,0,0,4,4
live_markers/16/keys=8/bytes=8/nulls=true,119,119,0,7134,7134,0,0,0,4,4
live_markers/16384/keys=16384/bytes=264/nulls=false,98381,98381,0,12133080,12133080,0,0,0,4,4
live_markers/16384/keys=16384/bytes=264/nulls=true,98381,98381,0,11430780,11430780,0,0,0,4,4
live_markers/16384/keys=16384/bytes=8/nulls=false,98381,98381,0,7512792,7512792,0,0,0,4,4
live_markers/16384/keys=16384/bytes=8/nulls=true,98381,98381,0,7470654,7470654,0,0,0,4,4
live_markers/16384/keys=8/bytes=264/nulls=false,32855,32855,0,6745024,6745024,0,0,0,4,4
live_markers/16384/keys=8/bytes=264/nulls=true,32855,32855,0,6042724,6042724,0,0,0,4,4
live_markers/16384/keys=8/bytes=8/nulls=false,32855,32855,0,2124736,2124736,0,0,0,4,4
live_markers/16384/keys=8/bytes=8/nulls=true,32855,32855,0,2082598,2082598,0,0,0,4,4
memory_rank/append/1024/domain=1024/bytes=264/nulls=false/limit=1/last=false,4121,4121,0,1037522,1037522,0,0,0,0,0
memory_rank/append/1024/domain=1024/bytes=264/nulls=false/limit=1/last=true,4121,4121,0,1037522,1037522,0,0,0,0,0
memory_rank/append/1024/domain=1024/bytes=264/nulls=false/limit=4/last=false,4121,4121,0,1037522,1037522,0,0,0,0,0
memory_rank/append/1024/domain=1024/bytes=264/nulls=true/limit=1/last=false,4027,4027,0,1011962,1011962,0,0,0,0,0
memory_rank/append/1024/domain=1024/bytes=264/nulls=true/limit=1/last=true,4027,4027,0,1011962,1011962,0,0,0,0,0
memory_rank/append/1024/domain=1024/bytes=264/nulls=true/limit=4/last=false,4027,4027,0,1011962,1011962,0,0,0,0,0
memory_rank/append/1024/domain=1024/bytes=8/nulls=false/limit=1/last=false,4121,4121,0,775378,775378,0,0,0,0,0
memory_rank/append/1024/domain=1024/bytes=8/nulls=false/limit=1/last=true,4121,4121,0,775378,775378,0,0,0,0,0
memory_rank/append/1024/domain=1024/bytes=8/nulls=false/limit=4/last=false,4121,4121,0,775378,775378,0,0,0,0,0
memory_rank/append/1024/domain=1024/bytes=8/nulls=true/limit=1/last=false,4027,4027,0,773882,773882,0,0,0,0,0
memory_rank/append/1024/domain=1024/bytes=8/nulls=true/limit=1/last=true,4027,4027,0,773882,773882,0,0,0,0,0
memory_rank/append/1024/domain=1024/bytes=8/nulls=true/limit=4/last=false,4027,4027,0,773882,773882,0,0,0,0,0
memory_rank/append/1024/domain=8/bytes=264/nulls=false/limit=1/last=false,3107,3107,0,678578,678578,0,0,0,0,0
memory_rank/append/1024/domain=8/bytes=264/nulls=false/limit=1/last=true,3107,3107,0,678578,678578,0,0,0,0,0
memory_rank/append/1024/domain=8/bytes=264/nulls=false/limit=4/last=false,3123,3123,0,681650,681650,0,0,0,0,0
memory_rank/append/1024/domain=8/bytes=264/nulls=true/limit=1/last=false,3013,3013,0,653018,653018,0,0,0,0,0
memory_rank/append/1024/domain=8/bytes=264/nulls=true/limit=1/last=true,3013,3013,0,653018,653018,0,0,0,0,0
memory_rank/append/1024/domain=8/bytes=264/nulls=true/limit=4/last=false,3029,3029,0,656090,656090,0,0,0,0,0
memory_rank/append/1024/domain=8/bytes=8/nulls=false/limit=1/last=false,3107,3107,0,416434,416434,0,0,0,0,0
memory_rank/append/1024/domain=8/bytes=8/nulls=false/limit=1/last=true,3107,3107,0,416434,416434,0,0,0,0,0
memory_rank/append/1024/domain=8/bytes=8/nulls=false/limit=4/last=false,3123,3123,0,419506,419506,0,0,0,0,0
memory_rank/append/1024/domain=8/bytes=8/nulls=true/limit=1/last=false,3013,3013,0,414938,414938,0,0,0,0,0
memory_rank/append/1024/domain=8/bytes=8/nulls=true/limit=1/last=true,3013,3013,0,414938,414938,0,0,0,0,0
memory_rank/append/1024/domain=8/bytes=8/nulls=true/limit=4/last=false,3029,3029,0,418010,418010,0,0,0,0,0
memory_rank/append/16/domain=16/bytes=264/nulls=false/limit=1/last=false,83,83,0,17390,17390,0,0,0,0,0
memory_rank/append/16/domain=16/bytes=264/nulls=false/limit=1/last=true,83,83,0,17390,17390,0,0,0,0,0
memory_rank/append/16/domain=16/bytes=264/nulls=false/limit=4/last=false,83,83,0,17390,17390,0,0,0,0,0
memory_rank/append/16/domain=16/bytes=264/nulls=true/limit=1/last=false,81,81,0,16849,16849,0,0,0,0,0
memory_rank/append/16/domain=16/bytes=264/nulls=true/limit=1/last=true,81,81,0,16849,16849,0,0,0,0,0
memory_rank/append/16/domain=16/bytes=264/nulls=true/limit=4/last=false,81,81,0,16849,16849,0,0,0,0,0
memory_rank/append/16/domain=16/bytes=8/nulls=false/limit=1/last=false,83,83,0,13294,13294,0,0,0,0,0
memory_rank/append/16/domain=16/bytes=8/nulls=false/limit=1/last=true,83,83,0,13294,13294,0,0,0,0,0
memory_rank/append/16/domain=16/bytes=8/nulls=false/limit=4/last=false,83,83,0,13294,13294,0,0,0,0,0
memory_rank/append/16/domain=16/bytes=8/nulls=true/limit=1/last=false,81,81,0,13265,13265,0,0,0,0,0
memory_rank/append/16/domain=16/bytes=8/nulls=true/limit=1/last=true,81,81,0,13265,13265,0,0,0,0,0
memory_rank/append/16/domain=16/bytes=8/nulls=true/limit=4/last=false,81,81,0,13265,13265,0,0,0,0,0
memory_rank/append/16/domain=8/bytes=264/nulls=false/limit=1/last=false,83,83,0,17390,17390,0,0,0,0,0
memory_rank/append/16/domain=8/bytes=264/nulls=false/limit=1/last=true,83,83,0,17390,17390,0,0,0,0,0
memory_rank/append/16/domain=8/bytes=264/nulls=false/limit=4/last=false,83,83,0,17390,17390,0,0,0,0,0
memory_rank/append/16/domain=8/bytes=264/nulls=true/limit=1/last=false,81,81,0,16849,16849,0,0,0,0,0
memory_rank/append/16/domain=8/bytes=264/nulls=true/limit=1/last=true,81,81,0,16849,16849,0,0,0,0,0
memory_rank/append/16/domain=8/bytes=264/nulls=true/limit=4/last=false,81,81,0,16849,16849,0,0,0,0,0
memory_rank/append/16/domain=8/bytes=8/nulls=false/limit=1/last=false,83,83,0,13294,13294,0,0,0,0,0
memory_rank/append/16/domain=8/bytes=8/nulls=false/limit=1/last=true,83,83,0,13294,13294,0,0,0,0,0
memory_rank/append/16/domain=8/bytes=8/nulls=false/limit=4/last=false,83,83,0,13294,13294,0,0,0,0,0
memory_rank/append/16/domain=8/bytes=8/nulls=true/limit=1/last=false,81,81,0,13265,13265,0,0,0,0,0
memory_rank/append/16/domain=8/bytes=8/nulls=true/limit=1/last=true,81,81,0,13265,13265,0,0,0,0,0
memory_rank/append/16/domain=8/bytes=8/nulls=true/limit=4/last=false,81,81,0,13265,13265,0,0,0,0,0
memory_rank/append/16384/domain=16384/bytes=264/nulls=false/limit=1/last=false,65565,65565,0,16603650,16603650,0,0,0,0,0
memory_rank/append/16384/domain=16384/bytes=264/nulls=false/limit=1/last=true,65565,65565,0,16603650,16603650,0,0,0,0,0
memory_rank/append/16384/domain=16384/bytes=264/nulls=false/limit=4/last=false,65565,65565,0,16603650,16603650,0,0,0,0,0
memory_rank/append/16384/domain=16384/bytes=264/nulls=true/limit=1/last=false,64075,64075,0,16196402,16196402,0,0,0,0,0
memory_rank/append/16384/domain=16384/bytes=264/nulls=true/limit=1/last=true,64075,64075,0,16196402,16196402,0,0,0,0,0
memory_rank/append/16384/domain=16384/bytes=264/nulls=true/limit=4/last=false,64075,64075,0,16196402,16196402,0,0,0,0,0
memory_rank/append/16384/domain=16384/bytes=8/nulls=false/limit=1/last=false,65565,65565,0,12409346,12409346,0,0,0,0,0
memory_rank/append/16384/domain=16384/bytes=8/nulls=false/limit=1/last=true,65565,65565,0,12409346,12409346,0,0,0,0,0
memory_rank/append/16384/domain=16384/bytes=8/nulls=false/limit=4/last=false,65565,65565,0,12409346,12409346,0,0,0,0,0
memory_rank/append/16384/domain=16384/bytes=8/nulls=true/limit=1/last=false,64075,64075,0,12383538,12383538,0,0,0,0,0
memory_rank/append/16384/domain=16384/bytes=8/nulls=true/limit=1/last=true,64075,64075,0,12383538,12383538,0,0,0,0,0
memory_rank/append/16384/domain=16384/bytes=8/nulls=true/limit=4/last=false,64075,64075,0,12383538,12383538,0,0,0,0,0
memory_rank/append/16384/domain=8/bytes=264/nulls=false/limit=1/last=false,49187,49187,0,10776482,10776482,0,0,0,0,0
memory_rank/append/16384/domain=8/bytes=264/nulls=false/limit=1/last=true,49187,49187,0,10776482,10776482,0,0,0,0,0
memory_rank/append/16384/domain=8/bytes=264/nulls=false/limit=4/last=false,49203,49203,0,10779554,10779554,0,0,0,0,0
memory_rank/append/16384/domain=8/bytes=264/nulls=true/limit=1/last=false,47697,47697,0,10369234,10369234,0,0,0,0,0
memory_rank/append/16384/domain=8/bytes=264/nulls=true/limit=1/last=true,47697,47697,0,10369234,10369234,0,0,0,0,0
memory_rank/append/16384/domain=8/bytes=264/nulls=true/limit=4/last=false,47713,47713,0,10372306,10372306,0,0,0,0,0
memory_rank/append/16384/domain=8/bytes=8/nulls=false/limit=1/last=false,49187,49187,0,6582178,6582178,0,0,0,0,0
memory_rank/append/16384/domain=8/bytes=8/nulls=false/limit=1/last=true,49187,49187,0,6582178,6582178,0,0,0,0,0
memory_rank/append/16384/domain=8/bytes=8/nulls=false/limit=4/last=false,49203,49203,0,6585250,6585250,0,0,0,0,0
memory_rank/append/16384/domain=8/bytes=8/nulls=true/limit=1/last=false,47697,47697,0,6556370,6556370,0,0,0,0,0
memory_rank/append/16384/domain=8/bytes=8/nulls=true/limit=1/last=true,47697,47697,0,6556370,6556370,0,0,0,0,0
memory_rank/append/16384/domain=8/bytes=8/nulls=true/limit=4/last=false,47713,47713,0,6559442,6559442,0,0,0,0,0
memory_rank/fire/1024/domain=1024/bytes=264/nulls=false/limit=1/last=false,2171,2171,0,1993191,1993191,0,0,0,323502,323502
memory_rank/fire/1024/domain=1024/bytes=264/nulls=false/limit=1/last=true,2171,2171,0,1993191,1993191,0,0,0,323502,323502
memory_rank/fire/1024/domain=1024/bytes=264/nulls=false/limit=4/last=false,2171,2171,0,1993191,1993191,0,0,0,323502,323502
memory_rank/fire/1024/domain=1024/bytes=264/nulls=true/limit=1/last=false,2082,2082,0,1443839,1443839,0,0,0,298198,298198
memory_rank/fire/1024/domain=1024/bytes=264/nulls=true/limit=1/last=true,2082,2082,0,1443839,1443839,0,0,0,298198,298198
memory_rank/fire/1024/domain=1024/bytes=264/nulls=true/limit=4/last=false,2082,2082,0,1443839,1443839,0,0,0,298198,298198
memory_rank/fire/1024/domain=1024/bytes=8/nulls=false/limit=1/last=false,2166,2166,0,715239,715239,0,0,0,61358,61358
memory_rank/fire/1024/domain=1024/bytes=8/nulls=false/limit=1/last=true,2166,2166,0,715239,715239,0,0,0,61358,61358
memory_rank/fire/1024/domain=1024/bytes=8/nulls=false/limit=4/last=false,2166,2166,0,715239,715239,0,0,0,61358,61358
memory_rank/fire/1024/domain=1024/bytes=8/nulls=true/limit=1/last=false,2078,2078,0,714239,714239,0,0,0,60118,60118
memory_rank/fire/1024/domain=1024/bytes=8/nulls=true/limit=1/last=true,2078,2078,0,714239,714239,0,0,0,60118,60118
memory_rank/fire/1024/domain=1024/bytes=8/nulls=true/limit=4/last=false,2078,2078,0,714239,714239,0,0,0,60118,60118
memory_rank/fire/1024/domain=8/bytes=264/nulls=false/limit=1/last=false,100,100,0,33067,33067,0,0,0,5042,5042
memory_rank/fire/1024/domain=8/bytes=264/nulls=false/limit=1/last=true,100,100,0,33090,33090,0,0,0,5065,5065
memory_rank/fire/1024/domain=8/bytes=264/nulls=false/limit=4/last=false,164,164,0,117543,117543,0,0,0,20206,20206
memory_rank/fire/1024/domain=8/bytes=264/nulls=true/limit=1/last=false,100,100,0,24727,24727,0,0,0,4776,4776
memory_rank/fire/1024/domain=8/bytes=264/nulls=true/limit=1/last=true,99,99,0,24473,24473,0,0,0,4522,4522
memory_rank/fire/1024/domain=8/bytes=264/nulls=true/limit=4/last=false,160,160,0,83540,83540,0,0,0,18859,18859
memory_rank/fire/1024/domain=8/bytes=8/nulls=false/limit=1/last=false,97,97,0,14635,14635,0,0,0,946,946
memory_rank/fire/1024/domain=8/bytes=8/nulls=false/limit=1/last=true,97,97,0,14658,14658,0,0,0,969,969
memory_rank/fire/1024/domain=8/bytes=8/nulls=false/limit=4/last=false,159,159,0,37671,37671,0,0,0,3822,3822
memory_rank/fire/1024/domain=8/bytes=8/nulls=true/limit=1/last=false,98,98,0,14743,14743,0,0,0,936,936
memory_rank/fire/1024/domain=8/bytes=8/nulls=true/limit=1/last=true,97,97,0,14745,14745,0,0,0,938,938
memory_rank/fire/1024/domain=8/bytes=8/nulls=true/limit=4/last=false,156,156,0,37716,37716,0,0,0,3755,3755
memory_rank/fire/16/domain=16/bytes=264/nulls=false/limit=1/last=false,100,100,0,33059,33059,0,0,0,5034,5034
memory_rank/fire/16/domain=16/bytes=264/nulls=false/limit=1/last=true,100,100,0,33059,33059,0,0,0,5034,5034
memory_rank/fire/16/domain=16/bytes=264/nulls=false/limit=4/last=false,100,100,0,33059,33059,0,0,0,5034,5034
memory_rank/fire/16/domain=16/bytes=264/nulls=true/limit=1/last=false,101,101,0,24566,24566,0,0,0,4497,4497
memory_rank/fire/16/domain=16/bytes=264/nulls=true/limit=1/last=true,101,101,0,24566,24566,0,0,0,4497,4497
memory_rank/fire/16/domain=16/bytes=264/nulls=true/limit=4/last=false,101,101,0,24566,24566,0,0,0,4497,4497
memory_rank/fire/16/domain=16/bytes=8/nulls=false/limit=1/last=false,97,97,0,14627,14627,0,0,0,938,938
memory_rank/fire/16/domain=16/bytes=8/nulls=false/limit=1/last=true,97,97,0,14627,14627,0,0,0,938,938
memory_rank/fire/16/domain=16/bytes=8/nulls=false/limit=4/last=false,97,97,0,14627,14627,0,0,0,938,938
memory_rank/fire/16/domain=16/bytes=8/nulls=true/limit=1/last=false,99,99,0,14838,14838,0,0,0,913,913
memory_rank/fire/16/domain=16/bytes=8/nulls=true/limit=1/last=true,99,99,0,14838,14838,0,0,0,913,913
memory_rank/fire/16/domain=16/bytes=8/nulls=true/limit=4/last=false,99,99,0,14838,14838,0,0,0,913,913
memory_rank/fire/16/domain=8/bytes=264/nulls=false/limit=1/last=false,100,100,0,33059,33059,0,0,0,5034,5034
memory_rank/fire/16/domain=8/bytes=264/nulls=false/limit=1/last=true,100,100,0,33059,33059,0,0,0,5034,5034
memory_rank/fire/16/domain=8/bytes=264/nulls=false/limit=4/last=false,100,100,0,33059,33059,0,0,0,5034,5034
memory_rank/fire/16/domain=8/bytes=264/nulls=true/limit=1/last=false,101,101,0,24566,24566,0,0,0,4497,4497
memory_rank/fire/16/domain=8/bytes=264/nulls=true/limit=1/last=true,101,101,0,24566,24566,0,0,0,4497,4497
memory_rank/fire/16/domain=8/bytes=264/nulls=true/limit=4/last=false,101,101,0,24566,24566,0,0,0,4497,4497
memory_rank/fire/16/domain=8/bytes=8/nulls=false/limit=1/last=false,97,97,0,14627,14627,0,0,0,938,938
memory_rank/fire/16/domain=8/bytes=8/nulls=false/limit=1/last=true,97,97,0,14627,14627,0,0,0,938,938
memory_rank/fire/16/domain=8/bytes=8/nulls=false/limit=4/last=false,97,97,0,14627,14627,0,0,0,938,938
memory_rank/fire/16/domain=8/bytes=8/nulls=true/limit=1/last=false,99,99,0,14838,14838,0,0,0,913,913
memory_rank/fire/16/domain=8/bytes=8/nulls=true/limit=1/last=true,99,99,0,14838,14838,0,0,0,913,913
memory_rank/fire/16/domain=8/bytes=8/nulls=true/limit=4/last=false,99,99,0,14838,14838,0,0,0,913,913
memory_rank/fire/16384/domain=16384/bytes=264/nulls=false/limit=1/last=false,32927,32927,0,31874775,31874775,0,0,0,5199006,5199006
memory_rank/fire/16384/domain=16384/bytes=264/nulls=false/limit=1/last=true,32927,32927,0,31874775,31874775,0,0,0,5199006,5199006
memory_rank/fire/16384/domain=16384/bytes=264/nulls=false/limit=4/last=false,32927,32927,0,31874775,31874775,0,0,0,5199006,5199006
memory_rank/fire/16384/domain=16384/bytes=264/nulls=true/limit=1/last=false,31450,31450,0,23087095,23087095,0,0,0,4795854,4795854
memory_rank/fire/16384/domain=16384/bytes=264/nulls=true/limit=1/last=true,31450,31450,0,23087095,23087095,0,0,0,4795854,4795854
memory_rank/fire/16384/domain=16384/bytes=264/nulls=true/limit=4/last=false,31450,31450,0,23087095,23087095,0,0,0,4795854,4795854
memory_rank/fire/16384/domain=16384/bytes=8/nulls=false/limit=1/last=false,32923,32923,0,11951831,11951831,0,0,0,1004702,1004702
memory_rank/fire/16384/domain=16384/bytes=8/nulls=false/limit=1/last=true,32923,32923,0,11951831,11951831,0,0,0,1004702,1004702
memory_rank/fire/16384/domain=16384/bytes=8/nulls=false/limit=4/last=false,32923,32923,0,11951831,11951831,0,0,0,1004702,1004702
memory_rank/fire/16384/domain=16384/bytes=8/nulls=true/limit=1/last=false,31446,31446,0,11409911,11409911,0,0,0,982990,982990
memory_rank/fire/16384/domain=16384/bytes=8/nulls=true/limit=1/last=true,31446,31446,0,11409911,11409911,0,0,0,982990,982990
memory_rank/fire/16384/domain=16384/bytes=8/nulls=true/limit=4/last=false,31446,31446,0,11409911,11409911,0,0,0,982990,982990
memory_rank/fire/16384/domain=8/bytes=264/nulls=false/limit=1/last=false,100,100,0,33067,33067,0,0,0,5042,5042
memory_rank/fire/16384/domain=8/bytes=264/nulls=false/limit=1/last=true,100,100,0,33117,33117,0,0,0,5092,5092
memory_rank/fire/16384/domain=8/bytes=264/nulls=false/limit=4/last=false,164,164,0,117543,117543,0,0,0,20206,20206
memory_rank/fire/16384/domain=8/bytes=264/nulls=true/limit=1/last=false,100,100,0,24727,24727,0,0,0,4776,4776
memory_rank/fire/16384/domain=8/bytes=264/nulls=true/limit=1/last=true,101,101,0,32963,32963,0,0,0,4820,4820
memory_rank/fire/16384/domain=8/bytes=264/nulls=true/limit=4/last=false,160,160,0,83540,83540,0,0,0,18859,18859
memory_rank/fire/16384/domain=8/bytes=8/nulls=false/limit=1/last=false,97,97,0,14635,14635,0,0,0,946,946
memory_rank/fire/16384/domain=8/bytes=8/nulls=false/limit=1/last=true,97,97,0,14685,14685,0,0,0,996,996
memory_rank/fire/16384/domain=8/bytes=8/nulls=false/limit=4/last=false,159,159,0,37671,37671,0,0,0,3822,3822
memory_rank/fire/16384/domain=8/bytes=8/nulls=true/limit=1/last=false,98,98,0,14743,14743,0,0,0,936,936
memory_rank/fire/16384/domain=8/bytes=8/nulls=true/limit=1/last=true,98,98,0,14787,14787,0,0,0,980,980
memory_rank/fire/16384/domain=8/bytes=8/nulls=true/limit=4/last=false,156,156,0,37716,37716,0,0,0,3755,3755
memory_rank/update/1024/domain=1024/bytes=264/nulls=false/limit=1/last=false,3087,3087,0,673078,673078,0,0,0,0,0
memory_rank/update/1024/domain=1024/bytes=264/nulls=false/limit=1/last=true,3087,3087,0,673078,673078,0,0,0,0,0
memory_rank/update/1024/domain=1024/bytes=264/nulls=false/limit=4/last=false,3087,3087,0,673078,673078,0,0,0,0,0
memory_rank/update/1024/domain=1024/bytes=264/nulls=true/limit=1/last=false,2993,2993,0,647518,647518,0,0,0,0,0
memory_rank/update/1024/domain=1024/bytes=264/nulls=true/limit=1/last=true,2993,2993,0,647518,647518,0,0,0,0,0
memory_rank/update/1024/domain=1024/bytes=264/nulls=true/limit=4/last=false,2993,2993,0,647518,647518,0,0,0,0,0
memory_rank/update/1024/domain=1024/bytes=8/nulls=false/limit=1/last=false,3087,3087,0,410934,410934,0,0,0,0,0
memory_rank/update/1024/domain=1024/bytes=8/nulls=false/limit=1/last=true,3087,3087,0,410934,410934,0,0,0,0,0
memory_rank/update/1024/domain=1024/bytes=8/nulls=false/limit=4/last=false,3087,3087,0,410934,410934,0,0,0,0,0
memory_rank/update/1024/domain=1024/bytes=8/nulls=true/limit=1/last=false,2993,2993,0,409438,409438,0,0,0,0,0
memory_rank/update/1024/domain=1024/bytes=8/nulls=true/limit=1/last=true,2993,2993,0,409438,409438,0,0,0,0,0
memory_rank/update/1024/domain=1024/bytes=8/nulls=true/limit=4/last=false,2993,2993,0,409438,409438,0,0,0,0,0
memory_rank/update/1024/domain=8/bytes=264/nulls=false/limit=1/last=false,3087,3087,0,673078,673078,0,0,0,0,0
memory_rank/update/1024/domain=8/bytes=264/nulls=false/limit=1/last=true,3087,3087,0,673078,673078,0,0,0,0,0
memory_rank/update/1024/domain=8/bytes=264/nulls=false/limit=4/last=false,3087,3087,0,673078,673078,0,0,0,0,0
memory_rank/update/1024/domain=8/bytes=264/nulls=true/limit=1/last=false,2993,2993,0,647518,647518,0,0,0,0,0
memory_rank/update/1024/domain=8/bytes=264/nulls=true/limit=1/last=true,2993,2993,0,647518,647518,0,0,0,0,0
memory_rank/update/1024/domain=8/bytes=264/nulls=true/limit=4/last=false,2993,2993,0,647518,647518,0,0,0,0,0
memory_rank/update/1024/domain=8/bytes=8/nulls=false/limit=1/last=false,3087,3087,0,410934,410934,0,0,0,0,0
memory_rank/update/1024/domain=8/bytes=8/nulls=false/limit=1/last=true,3087,3087,0,410934,410934,0,0,0,0,0
memory_rank/update/1024/domain=8/bytes=8/nulls=false/limit=4/last=false,3087,3087,0,410934,410934,0,0,0,0,0
memory_rank/update/1024/domain=8/bytes=8/nulls=true/limit=1/last=false,2993,2993,0,409438,409438,0,0,0,0,0
memory_rank/update/1024/domain=8/bytes=8/nulls=true/limit=1/last=true,2993,2993,0,409438,409438,0,0,0,0,0
memory_rank/update/1024/domain=8/bytes=8/nulls=true/limit=4/last=false,2993,2993,0,409438,409438,0,0,0,0,0
memory_rank/update/16/domain=16/bytes=264/nulls=false/limit=1/last=false,63,63,0,11890,11890,0,0,0,0,0
memory_rank/update/16/domain=16/bytes=264/nulls=false/limit=1/last=true,63,63,0,11890,11890,0,0,0,0,0
memory_rank/update/16/domain=16/bytes=264/nulls=false/limit=4/last=false,63,63,0,11890,11890,0,0,0,0,0
memory_rank/update/16/domain=16/bytes=264/nulls=true/limit=1/last=false,61,61,0,11349,11349,0,0,0,0,0
memory_rank/update/16/domain=16/bytes=264/nulls=true/limit=1/last=true,61,61,0,11349,11349,0,0,0,0,0
memory_rank/update/16/domain=16/bytes=264/nulls=true/limit=4/last=false,61,61,0,11349,11349,0,0,0,0,0
memory_rank/update/16/domain=16/bytes=8/nulls=false/limit=1/last=false,63,63,0,7794,7794,0,0,0,0,0
memory_rank/update/16/domain=16/bytes=8/nulls=false/limit=1/last=true,63,63,0,7794,7794,0,0,0,0,0
memory_rank/update/16/domain=16/bytes=8/nulls=false/limit=4/last=false,63,63,0,7794,7794,0,0,0,0,0
memory_rank/update/16/domain=16/bytes=8/nulls=true/limit=1/last=false,61,61,0,7765,7765,0,0,0,0,0
memory_rank/update/16/domain=16/bytes=8/nulls=true/limit=1/last=true,61,61,0,7765,7765,0,0,0,0,0
memory_rank/update/16/domain=16/bytes=8/nulls=true/limit=4/last=false,61,61,0,7765,7765,0,0,0,0,0
memory_rank/update/16/domain=8/bytes=264/nulls=false/limit=1/last=false,63,63,0,11890,11890,0,0,0,0,0
memory_rank/update/16/domain=8/bytes=264/nulls=false/limit=1/last=true,63,63,0,11890,11890,0,0,0,0,0
memory_rank/update/16/domain=8/bytes=264/nulls=false/limit=4/last=false,63,63,0,11890,11890,0,0,0,0,0
memory_rank/update/16/domain=8/bytes=264/nulls=true/limit=1/last=false,61,61,0,11349,11349,0,0,0,0,0
memory_rank/update/16/domain=8/bytes=264/nulls=true/limit=1/last=true,61,61,0,11349,11349,0,0,0,0,0
memory_rank/update/16/domain=8/bytes=264/nulls=true/limit=4/last=false,61,61,0,11349,11349,0,0,0,0,0
memory_rank/update/16/domain=8/bytes=8/nulls=false/limit=1/last=false,63,63,0,7794,7794,0,0,0,0,0
memory_rank/update/16/domain=8/bytes=8/nulls=false/limit=1/last=true,63,63,0,7794,7794,0,0,0,0,0
memory_rank/update/16/domain=8/bytes=8/nulls=false/limit=4/last=false,63,63,0,7794,7794,0,0,0,0,0
memory_rank/update/16/domain=8/bytes=8/nulls=true/limit=1/last=false,61,61,0,7765,7765,0,0,0,0,0
memory_rank/update/16/domain=8/bytes=8/nulls=true/limit=1/last=true,61,61,0,7765,7765,0,0,0,0,0
memory_rank/update/16/domain=8/bytes=8/nulls=true/limit=4/last=false,61,61,0,7765,7765,0,0,0,0,0
memory_rank/update/16384/domain=16384/bytes=264/nulls=false/limit=1/last=false,49167,49167,0,10770982,10770982,0,0,0,0,0
memory_rank/update/16384/domain=16384/bytes=264/nulls=false/limit=1/last=true,49167,49167,0,10770982,10770982,0,0,0,0,0
memory_rank/update/16384/domain=16384/bytes=264/nulls=false/limit=4/last=false,49167,49167,0,10770982,10770982,0,0,0,0,0
memory_rank/update/16384/domain=16384/bytes=264/nulls=true/limit=1/last=false,47677,47677,0,10363734,10363734,0,0,0,0,0
memory_rank/update/16384/domain=16384/bytes=264/nulls=true/limit=1/last=true,47677,47677,0,10363734,10363734,0,0,0,0,0
memory_rank/update/16384/domain=16384/bytes=264/nulls=true/limit=4/last=false,47677,47677,0,10363734,10363734,0,0,0,0,0
memory_rank/update/16384/domain=16384/bytes=8/nulls=false/limit=1/last=false,49167,49167,0,6576678,6576678,0,0,0,0,0
memory_rank/update/16384/domain=16384/bytes=8/nulls=false/limit=1/last=true,49167,49167,0,6576678,6576678,0,0,0,0,0
memory_rank/update/16384/domain=16384/bytes=8/nulls=false/limit=4/last=false,49167,49167,0,6576678,6576678,0,0,0,0,0
memory_rank/update/16384/domain=16384/bytes=8/nulls=true/limit=1/last=false,47677,47677,0,6550870,6550870,0,0,0,0,0
memory_rank/update/16384/domain=16384/bytes=8/nulls=true/limit=1/last=true,47677,47677,0,6550870,6550870,0,0,0,0,0
memory_rank/update/16384/domain=16384/bytes=8/nulls=true/limit=4/last=false,47677,47677,0,6550870,6550870,0,0,0,0,0
memory_rank/update/16384/domain=8/bytes=264/nulls=false/limit=1/last=false,49167,49167,0,10770982,10770982,0,0,0,0,0
memory_rank/update/16384/domain=8/bytes=264/nulls=false/limit=1/last=true,49167,49167,0,10770982,10770982,0,0,0,0,0
memory_rank/update/16384/domain=8/bytes=264/nulls=false/limit=4/last=false,49167,49167,0,10770982,10770982,0,0,0,0,0
memory_rank/update/16384/domain=8/bytes=264/nulls=true/limit=1/last=false,47677,47677,0,10363734,10363734,0,0,0,0,0
memory_rank/update/16384/domain=8/bytes=264/nulls=true/limit=1/last=true,47677,47677,0,10363734,10363734,0,0,0,0,0
memory_rank/update/16384/domain=8/bytes=264/nulls=true/limit=4/last=false,47677,47677,0,10363734,10363734,0,0,0,0,0
memory_rank/update/16384/domain=8/bytes=8/nulls=false/limit=1/last=false,49167,49167,0,6576678,6576678,0,0,0,0,0
memory_rank/update/16384/domain=8/bytes=8/nulls=false/limit=1/last=true,49167,49167,0,6576678,6576678,0,0,0,0,0
memory_rank/update/16384/domain=8/bytes=8/nulls=false/limit=4/last=false,49167,49167,0,6576678,6576678,0,0,0,0,0
memory_rank/update/16384/domain=8/bytes=8/nulls=true/limit=1/last=false,47677,47677,0,6550870,6550870,0,0,0,0,0
memory_rank/update/16384/domain=8/bytes=8/nulls=true/limit=1/last=true,47677,47677,0,6550870,6550870,0,0,0,0,0
memory_rank/update/16384/domain=8/bytes=8/nulls=true/limit=4/last=false,47677,47677,0,6550870,6550870,0,0,0,0,0
over/checkpoint/1024/domain=1024/bytes=264/nulls=false,19,19,0,480,480,0,0,0,0,0
over/checkpoint/1024/domain=1024/bytes=264/nulls=true,19,19,0,480,480,0,0,0,0,0
over/checkpoint/1024/domain=1024/bytes=8/nulls=false,19,19,0,480,480,0,0,0,0,0
over/checkpoint/1024/domain=1024/bytes=8/nulls=true,19,19,0,480,480,0,0,0,0,0
over/checkpoint/1024/domain=8/bytes=264/nulls=false,19,19,0,480,480,0,0,0,0,0
over/checkpoint/1024/domain=8/bytes=264/nulls=true,19,19,0,480,480,0,0,0,0,0
over/checkpoint/1024/domain=8/bytes=8/nulls=false,19,19,0,480,480,0,0,0,0,0
over/checkpoint/1024/domain=8/bytes=8/nulls=true,19,19,0,480,480,0,0,0,0,0
over/checkpoint/16/domain=16/bytes=264/nulls=false,19,19,0,480,480,0,0,0,0,0
over/checkpoint/16/domain=16/bytes=264/nulls=true,19,19,0,480,480,0,0,0,0,0
over/checkpoint/16/domain=16/bytes=8/nulls=false,19,19,0,480,480,0,0,0,0,0
over/checkpoint/16/domain=16/bytes=8/nulls=true,19,19,0,480,480,0,0,0,0,0
over/checkpoint/16/domain=8/bytes=264/nulls=false,19,19,0,480,480,0,0,0,0,0
over/checkpoint/16/domain=8/bytes=264/nulls=true,19,19,0,480,480,0,0,0,0,0
over/checkpoint/16/domain=8/bytes=8/nulls=false,19,19,0,480,480,0,0,0,0,0
over/checkpoint/16/domain=8/bytes=8/nulls=true,19,19,0,480,480,0,0,0,0,0
over/checkpoint/16384/domain=16384/bytes=264/nulls=false,22,22,0,511,511,0,0,0,0,0
over/checkpoint/16384/domain=16384/bytes=264/nulls=true,22,22,0,511,511,0,0,0,0,0
over/checkpoint/16384/domain=16384/bytes=8/nulls=false,19,19,0,480,480,0,0,0,0,0
over/checkpoint/16384/domain=16384/bytes=8/nulls=true,19,19,0,480,480,0,0,0,0,0
over/checkpoint/16384/domain=8/bytes=264/nulls=false,22,22,0,511,511,0,0,0,0,0
over/checkpoint/16384/domain=8/bytes=264/nulls=true,22,22,0,511,511,0,0,0,0,0
over/checkpoint/16384/domain=8/bytes=8/nulls=false,19,19,0,480,480,0,0,0,0,0
over/checkpoint/16384/domain=8/bytes=8/nulls=true,19,19,0,480,480,0,0,0,0,0
over/checkpoint_after_fire/1024/domain=1024/bytes=264/nulls=false,19,19,0,480,480,0,0,0,0,0
over/checkpoint_after_fire/1024/domain=1024/bytes=264/nulls=true,19,19,0,480,480,0,0,0,0,0
over/checkpoint_after_fire/1024/domain=1024/bytes=8/nulls=false,19,19,0,480,480,0,0,0,0,0
over/checkpoint_after_fire/1024/domain=1024/bytes=8/nulls=true,19,19,0,480,480,0,0,0,0,0
over/checkpoint_after_fire/1024/domain=8/bytes=264/nulls=false,19,19,0,480,480,0,0,0,0,0
over/checkpoint_after_fire/1024/domain=8/bytes=264/nulls=true,19,19,0,480,480,0,0,0,0,0
over/checkpoint_after_fire/1024/domain=8/bytes=8/nulls=false,19,19,0,480,480,0,0,0,0,0
over/checkpoint_after_fire/1024/domain=8/bytes=8/nulls=true,19,19,0,480,480,0,0,0,0,0
over/checkpoint_after_fire/16/domain=16/bytes=264/nulls=false,19,19,0,480,480,0,0,0,0,0
over/checkpoint_after_fire/16/domain=16/bytes=264/nulls=true,19,19,0,480,480,0,0,0,0,0
over/checkpoint_after_fire/16/domain=16/bytes=8/nulls=false,19,19,0,480,480,0,0,0,0,0
over/checkpoint_after_fire/16/domain=16/bytes=8/nulls=true,19,19,0,480,480,0,0,0,0,0
over/checkpoint_after_fire/16/domain=8/bytes=264/nulls=false,19,19,0,480,480,0,0,0,0,0
over/checkpoint_after_fire/16/domain=8/bytes=264/nulls=true,19,19,0,480,480,0,0,0,0,0
over/checkpoint_after_fire/16/domain=8/bytes=8/nulls=false,19,19,0,480,480,0,0,0,0,0
over/checkpoint_after_fire/16/domain=8/bytes=8/nulls=true,19,19,0,480,480,0,0,0,0,0
over/checkpoint_after_fire/16384/domain=16384/bytes=264/nulls=false,22,22,0,511,511,0,0,0,0,0
over/checkpoint_after_fire/16384/domain=16384/bytes=264/nulls=true,22,22,0,511,511,0,0,0,0,0
over/checkpoint_after_fire/16384/domain=16384/bytes=8/nulls=false,19,19,0,480,480,0,0,0,0,0
over/checkpoint_after_fire/16384/domain=16384/bytes=8/nulls=true,19,19,0,480,480,0,0,0,0,0
over/checkpoint_after_fire/16384/domain=8/bytes=264/nulls=false,22,22,0,511,511,0,0,0,0,0
over/checkpoint_after_fire/16384/domain=8/bytes=264/nulls=true,22,22,0,511,511,0,0,0,0,0
over/checkpoint_after_fire/16384/domain=8/bytes=8/nulls=false,19,19,0,480,480,0,0,0,0,0
over/checkpoint_after_fire/16384/domain=8/bytes=8/nulls=true,19,19,0,480,480,0,0,0,0,0
over/fire/1024/domain=1024/bytes=264/nulls=false,10408,10408,0,2061692,2061692,0,0,0,315310,315310
over/fire/1024/domain=1024/bytes=264/nulls=true,10414,10414,0,1934908,1934908,0,0,0,275993,275993
over/fire/1024/domain=1024/bytes=8/nulls=false,10408,10408,0,1222444,1222444,0,0,0,53166,53166
over/fire/1024/domain=1024/bytes=8/nulls=true,10414,10414,0,1215308,1215308,0,0,0,51225,51225
over/fire/1024/domain=8/bytes=264/nulls=false,5293,5293,0,1239524,1239524,0,0,0,315310,315310
over/fire/1024/domain=8/bytes=264/nulls=true,5296,5296,0,1112492,1112492,0,0,0,275993,275993
over/fire/1024/domain=8/bytes=8/nulls=false,5293,5293,0,400276,400276,0,0,0,53166,53166
over/fire/1024/domain=8/bytes=8/nulls=true,5296,5296,0,392892,392892,0,0,0,51225,51225
over/fire/16/domain=16/bytes=264/nulls=false,285,285,0,38908,38908,0,0,0,4906,4906
over/fire/16/domain=16/bytes=264/nulls=true,289,289,0,37436,37436,0,0,0,4371,4371
over/fire/16/domain=16/bytes=8/nulls=false,285,285,0,25788,25788,0,0,0,810,810
over/fire/16/domain=16/bytes=8/nulls=true,289,289,0,25956,25956,0,0,0,787,787
over/fire/16/domain=8/bytes=264/nulls=false,240,240,0,32404,32404,0,0,0,4906,4906
over/fire/16/domain=8/bytes=264/nulls=true,242,242,0,30812,30812,0,0,0,4371,4371
over/fire/16/domain=8/bytes=8/nulls=false,240,240,0,19284,19284,0,0,0,810,810
over/fire/16/domain=8/bytes=8/nulls=true,242,242,0,19332,19332,0,0,0,787,787
over/fire/16384/domain=16384/bytes=264/nulls=false,164036,164036,0,32903420,32903420,0,0,0,5067934,5067934
over/fire/16384/domain=16384/bytes=264/nulls=true,164050,164050,0,30868044,30868044,0,0,0,4434503,4434503
over/fire/16384/domain=16384/bytes=8/nulls=false,164036,164036,0,19745452,19745452,0,0,0,873630,873630
over/fire/16384/domain=16384/bytes=8/nulls=true,164050,164050,0,19589312,19589312,0,0,0,839239,839239
over/fire/16384/domain=8/bytes=264/nulls=false,82101,82101,0,19654884,19654884,0,0,0,5067934,5067934
over/fire/16384/domain=8/bytes=264/nulls=true,82108,82108,0,17615420,17615420,0,0,0,4434503,4434503
over/fire/16384/domain=8/bytes=8/nulls=false,82101,82101,0,6496916,6496916,0,0,0,873630,873630
over/fire/16384/domain=8/bytes=8/nulls=true,82108,82108,0,6336688,6336688,0,0,0,839239,839239
over/push/1024/domain=1024/bytes=264/nulls=false,1051,1051,0,716992,716992,0,0,0,0,0
over/push/1024/domain=1024/bytes=264/nulls=true,1051,1051,0,629392,629392,0,0,0,0,0
over/push/1024/domain=1024/bytes=8/nulls=false,1051,1051,0,139888,139888,0,0,0,0,0
over/push/1024/domain=1024/bytes=8/nulls=true,1051,1051,0,134560,134560,0,0,0,0,0
over/push/1024/domain=8/bytes=264/nulls=false,1051,1051,0,716992,716992,0,0,0,0,0
over/push/1024/domain=8/bytes=264/nulls=true,1051,1051,0,629392,629392,0,0,0,0,0
over/push/1024/domain=8/bytes=8/nulls=false,1051,1051,0,139888,139888,0,0,0,0,0
over/push/1024/domain=8/bytes=8/nulls=true,1051,1051,0,134560,134560,0,0,0,0,0
over/push/16/domain=16/bytes=264/nulls=false,43,43,0,13092,13092,0,0,0,0,0
over/push/16/domain=16/bytes=264/nulls=true,43,43,0,11892,11892,0,0,0,0,0
over/push/16/domain=16/bytes=8/nulls=false,43,43,0,4068,4068,0,0,0,0,0
over/push/16/domain=16/bytes=8/nulls=true,43,43,0,3996,3996,0,0,0,0,0
over/push/16/domain=8/bytes=264/nulls=false,43,43,0,13092,13092,0,0,0,0,0
over/push/16/domain=8/bytes=264/nulls=true,43,43,0,11892,11892,0,0,0,0,0
over/push/16/domain=8/bytes=8/nulls=false,43,43,0,4068,4068,0,0,0,0,0
over/push/16/domain=8/bytes=8/nulls=true,43,43,0,3996,3996,0,0,0,0,0
over/push/16384/domain=16384/bytes=264/nulls=false,16411,16411,0,11444032,11444032,0,0,0,0,0
over/push/16384/domain=16384/bytes=264/nulls=true,16411,16411,0,10040032,10040032,0,0,0,0,0
over/push/16384/domain=16384/bytes=8/nulls=false,16411,16411,0,2480368,2480368,0,0,0,0,0
over/push/16384/domain=16384/bytes=8/nulls=true,16411,16411,0,2356564,2356564,0,0,0,0,0
over/push/16384/domain=8/bytes=264/nulls=false,16411,16411,0,11444032,11444032,0,0,0,0,0
over/push/16384/domain=8/bytes=264/nulls=true,16411,16411,0,10040032,10040032,0,0,0,0,0
over/push/16384/domain=8/bytes=8/nulls=false,16411,16411,0,2480368,2480368,0,0,0,0,0
over/push/16384/domain=8/bytes=8/nulls=true,16411,16411,0,2356564,2356564,0,0,0,0,0
over/restore_aligned/1024/domain=1024/bytes=264/nulls=false,85,85,0,5182,5182,0,0,0,0,0
over/restore_aligned/1024/domain=1024/bytes=264/nulls=true,85,85,0,5182,5182,0,0,0,0,0
over/restore_aligned/1024/domain=1024/bytes=8/nulls=false,85,85,0,5182,5182,0,0,0,0,0
over/restore_aligned/1024/domain=1024/bytes=8/nulls=true,85,85,0,5182,5182,0,0,0,0,0
over/restore_aligned/1024/domain=8/bytes=264/nulls=false,85,85,0,5182,5182,0,0,0,0,0
over/restore_aligned/1024/domain=8/bytes=264/nulls=true,85,85,0,5182,5182,0,0,0,0,0
over/restore_aligned/1024/domain=8/bytes=8/nulls=false,85,85,0,5182,5182,0,0,0,0,0
over/restore_aligned/1024/domain=8/bytes=8/nulls=true,85,85,0,5182,5182,0,0,0,0,0
over/restore_aligned/16/domain=16/bytes=264/nulls=false,85,85,0,5182,5182,0,0,0,0,0
over/restore_aligned/16/domain=16/bytes=264/nulls=true,85,85,0,5182,5182,0,0,0,0,0
over/restore_aligned/16/domain=16/bytes=8/nulls=false,85,85,0,5182,5182,0,0,0,0,0
over/restore_aligned/16/domain=16/bytes=8/nulls=true,85,85,0,5182,5182,0,0,0,0,0
over/restore_aligned/16/domain=8/bytes=264/nulls=false,85,85,0,5182,5182,0,0,0,0,0
over/restore_aligned/16/domain=8/bytes=264/nulls=true,85,85,0,5182,5182,0,0,0,0,0
over/restore_aligned/16/domain=8/bytes=8/nulls=false,85,85,0,5182,5182,0,0,0,0,0
over/restore_aligned/16/domain=8/bytes=8/nulls=true,85,85,0,5182,5182,0,0,0,0,0
over/restore_aligned/16384/domain=16384/bytes=264/nulls=false,91,91,0,5335,5335,0,0,0,0,0
over/restore_aligned/16384/domain=16384/bytes=264/nulls=true,91,91,0,5335,5335,0,0,0,0,0
over/restore_aligned/16384/domain=16384/bytes=8/nulls=false,85,85,0,5182,5182,0,0,0,0,0
over/restore_aligned/16384/domain=16384/bytes=8/nulls=true,85,85,0,5182,5182,0,0,0,0,0
over/restore_aligned/16384/domain=8/bytes=264/nulls=false,91,91,0,5335,5335,0,0,0,0,0
over/restore_aligned/16384/domain=8/bytes=264/nulls=true,91,91,0,5335,5335,0,0,0,0,0
over/restore_aligned/16384/domain=8/bytes=8/nulls=false,85,85,0,5182,5182,0,0,0,0,0
over/restore_aligned/16384/domain=8/bytes=8/nulls=true,85,85,0,5182,5182,0,0,0,0,0
over/restore_fold_aligned/1024/domain=1024/bytes=264/nulls=false,85,85,0,5182,5182,0,0,0,0,0
over/restore_fold_aligned/1024/domain=1024/bytes=264/nulls=true,85,85,0,5182,5182,0,0,0,0,0
over/restore_fold_aligned/1024/domain=1024/bytes=8/nulls=false,85,85,0,5182,5182,0,0,0,0,0
over/restore_fold_aligned/1024/domain=1024/bytes=8/nulls=true,85,85,0,5182,5182,0,0,0,0,0
over/restore_fold_aligned/1024/domain=8/bytes=264/nulls=false,85,85,0,5182,5182,0,0,0,0,0
over/restore_fold_aligned/1024/domain=8/bytes=264/nulls=true,85,85,0,5182,5182,0,0,0,0,0
over/restore_fold_aligned/1024/domain=8/bytes=8/nulls=false,85,85,0,5182,5182,0,0,0,0,0
over/restore_fold_aligned/1024/domain=8/bytes=8/nulls=true,85,85,0,5182,5182,0,0,0,0,0
over/restore_fold_aligned/16/domain=16/bytes=264/nulls=false,85,85,0,5182,5182,0,0,0,0,0
over/restore_fold_aligned/16/domain=16/bytes=264/nulls=true,85,85,0,5182,5182,0,0,0,0,0
over/restore_fold_aligned/16/domain=16/bytes=8/nulls=false,85,85,0,5182,5182,0,0,0,0,0
over/restore_fold_aligned/16/domain=16/bytes=8/nulls=true,85,85,0,5182,5182,0,0,0,0,0
over/restore_fold_aligned/16/domain=8/bytes=264/nulls=false,85,85,0,5182,5182,0,0,0,0,0
over/restore_fold_aligned/16/domain=8/bytes=264/nulls=true,85,85,0,5182,5182,0,0,0,0,0
over/restore_fold_aligned/16/domain=8/bytes=8/nulls=false,85,85,0,5182,5182,0,0,0,0,0
over/restore_fold_aligned/16/domain=8/bytes=8/nulls=true,85,85,0,5182,5182,0,0,0,0,0
over/restore_fold_aligned/16384/domain=16384/bytes=264/nulls=false,91,91,0,5335,5335,0,0,0,0,0
over/restore_fold_aligned/16384/domain=16384/bytes=264/nulls=true,91,91,0,5335,5335,0,0,0,0,0
over/restore_fold_aligned/16384/domain=16384/bytes=8/nulls=false,85,85,0,5182,5182,0,0,0,0,0
over/restore_fold_aligned/16384/domain=16384/bytes=8/nulls=true,85,85,0,5182,5182,0,0,0,0,0
over/restore_fold_aligned/16384/domain=8/bytes=264/nulls=false,91,91,0,5335,5335,0,0,0,0,0
over/restore_fold_aligned/16384/domain=8/bytes=264/nulls=true,91,91,0,5335,5335,0,0,0,0,0
over/restore_fold_aligned/16384/domain=8/bytes=8/nulls=false,85,85,0,5182,5182,0,0,0,0,0
over/restore_fold_aligned/16384/domain=8/bytes=8/nulls=true,85,85,0,5182,5182,0,0,0,0,0
over/restore_fold_rebuilt/1024/domain=1024/bytes=264/nulls=false,2112,2112,0,199201,199201,0,0,0,0,0
over/restore_fold_rebuilt/1024/domain=1024/bytes=264/nulls=true,2112,2112,0,177301,177301,0,0,0,0,0
over/restore_fold_rebuilt/1024/domain=1024/bytes=8/nulls=false,2112,2112,0,55033,55033,0,0,0,0,0
over/restore_fold_rebuilt/1024/domain=1024/bytes=8/nulls=true,2112,2112,0,53683,53683,0,0,0,0,0
over/restore_fold_rebuilt/1024/domain=8/bytes=264/nulls=false,1104,1104,0,183577,183577,0,0,0,0,0
over/restore_fold_rebuilt/1024/domain=8/bytes=264/nulls=true,1104,1104,0,161677,161677,0,0,0,0,0
over/restore_fold_rebuilt/1024/domain=8/bytes=8/nulls=false,1104,1104,0,39409,39409,0,0,0,0,0
over/restore_fold_rebuilt/1024/domain=8/bytes=8/nulls=true,1104,1104,0,38059,38059,0,0,0,0,0
over/restore_fold_rebuilt/16/domain=16/bytes=264/nulls=false,96,96,0,7681,7681,0,0,0,0,0
over/restore_fold_rebuilt/16/domain=16/bytes=264/nulls=true,96,96,0,7381,7381,0,0,0,0,0
over/restore_fold_rebuilt/16/domain=16/bytes=8/nulls=false,96,96,0,5425,5425,0,0,0,0,0
over/restore_fold_rebuilt/16/domain=16/bytes=8/nulls=true,96,96,0,5407,5407,0,0,0,0,0
over/restore_fold_rebuilt/16/domain=8/bytes=264/nulls=false,96,96,0,7681,7681,0,0,0,0,0
over/restore_fold_rebuilt/16/domain=8/bytes=264/nulls=true,96,96,0,7381,7381,0,0,0,0,0
over/restore_fold_rebuilt/16/domain=8/bytes=8/nulls=false,96,96,0,5425,5425,0,0,0,0,0
over/restore_fold_rebuilt/16/domain=8/bytes=8/nulls=true,96,96,0,5407,5407,0,0,0,0,0
over/restore_fold_rebuilt/16384/domain=16384/bytes=264/nulls=false,32832,32832,0,3117601,3117601,0,0,0,0,0
over/restore_fold_rebuilt/16384/domain=16384/bytes=264/nulls=true,32832,32832,0,2766601,2766601,0,0,0,0,0
over/restore_fold_rebuilt/16384/domain=16384/bytes=8/nulls=false,32832,32832,0,881185,881185,0,0,0,0,0
over/restore_fold_rebuilt/16384/domain=16384/bytes=8/nulls=true,32832,32832,0,849595,849595,0,0,0,0,0
over/restore_fold_rebuilt/16384/domain=8/bytes=264/nulls=false,16464,16464,0,2863897,2863897,0,0,0,0,0
over/restore_fold_rebuilt/16384/domain=8/bytes=264/nulls=true,16464,16464,0,2512897,2512897,0,0,0,0,0
over/restore_fold_rebuilt/16384/domain=8/bytes=8/nulls=false,16464,16464,0,627481,627481,0,0,0,0,0
over/restore_fold_rebuilt/16384/domain=8/bytes=8/nulls=true,16464,16464,0,595891,595891,0,0,0,0,0
over/restore_rebuilt/1024/domain=1024/bytes=264/nulls=false,2112,2112,0,362017,362017,0,0,0,0,0
over/restore_rebuilt/1024/domain=1024/bytes=264/nulls=true,2112,2112,0,318217,318217,0,0,0,0,0
over/restore_rebuilt/1024/domain=1024/bytes=8/nulls=false,2112,2112,0,73465,73465,0,0,0,0,0
over/restore_rebuilt/1024/domain=1024/bytes=8/nulls=true,2112,2112,0,70801,70801,0,0,0,0,0
over/restore_rebuilt/1024/domain=8/bytes=264/nulls=false,2112,2112,0,362017,362017,0,0,0,0,0
over/restore_rebuilt/1024/domain=8/bytes=264/nulls=true,2112,2112,0,318217,318217,0,0,0,0,0
over/restore_rebuilt/1024/domain=8/bytes=8/nulls=false,2112,2112,0,73465,73465,0,0,0,0,0
over/restore_rebuilt/1024/domain=8/bytes=8/nulls=true,2112,2112,0,70801,70801,0,0,0,0,0
over/restore_rebuilt/16/domain=16/bytes=264/nulls=false,96,96,0,10225,10225,0,0,0,0,0
over/restore_rebuilt/16/domain=16/bytes=264/nulls=true,96,96,0,9625,9625,0,0,0,0,0
over/restore_rebuilt/16/domain=16/bytes=8/nulls=false,96,96,0,5713,5713,0,0,0,0,0
over/restore_rebuilt/16/domain=16/bytes=8/nulls=true,96,96,0,5677,5677,0,0,0,0,0
over/restore_rebuilt/16/domain=8/bytes=264/nulls=false,96,96,0,10225,10225,0,0,0,0,0
over/restore_rebuilt/16/domain=8/bytes=264/nulls=true,96,96,0,9625,9625,0,0,0,0,0
over/restore_rebuilt/16/domain=8/bytes=8/nulls=false,96,96,0,5713,5713,0,0,0,0,0
over/restore_rebuilt/16/domain=8/bytes=8/nulls=true,96,96,0,5677,5677,0,0,0,0,0
over/restore_rebuilt/16384/domain=16384/bytes=264/nulls=false,32832,32832,0,5722657,5722657,0,0,0,0,0
over/restore_rebuilt/16384/domain=16384/bytes=264/nulls=true,32832,32832,0,5020657,5020657,0,0,0,0,0
over/restore_rebuilt/16384/domain=16384/bytes=8/nulls=false,32832,32832,0,1240825,1240825,0,0,0,0,0
over/restore_rebuilt/16384/domain=16384/bytes=8/nulls=true,32832,32832,0,1178923,1178923,0,0,0,0,0
over/restore_rebuilt/16384/domain=8/bytes=264/nulls=false,32832,32832,0,5722657,5722657,0,0,0,0,0
over/restore_rebuilt/16384/domain=8/bytes=264/nulls=true,32832,32832,0,5020657,5020657,0,0,0,0,0
over/restore_rebuilt/16384/domain=8/bytes=8/nulls=false,32832,32832,0,1240825,1240825,0,0,0,0,0
over/restore_rebuilt/16384/domain=8/bytes=8/nulls=true,32832,32832,0,1178923,1178923,0,0,0,0,0
pending/1024/keys=1024/bytes=264/nulls=false,12377,12377,0,2317504,2317504,0,0,0,294916,294916
pending/1024/keys=1024/bytes=264/nulls=true,12377,12377,0,2101744,2101744,0,0,0,255648,255648
pending/1024/keys=1024/bytes=8/nulls=false,12377,12377,0,900288,900288,0,0,0,32772,32772
pending/1024/keys=1024/bytes=8/nulls=true,12377,12377,0,887976,887976,0,0,0,31136,31136
pending/1024/keys=8/bytes=264/nulls=false,2196,2196,0,438448,438448,0,0,0,2308,2308
pending/1024/keys=8/bytes=264/nulls=true,2196,2196,0,392036,392036,0,0,0,1773,1773
pending/1024/keys=8/bytes=8/nulls=false,2196,2196,0,140864,140864,0,0,0,260,260
pending/1024/keys=8/bytes=8/nulls=true,2196,2196,0,138110,138110,0,0,0,237,237
pending/16/keys=16/bytes=264/nulls=false,263,263,0,38652,38652,0,0,0,4612,4612
pending/16/keys=16/bytes=264/nulls=true,263,263,0,34284,34284,0,0,0,3810,3810
pending/16/keys=16/bytes=8/nulls=false,263,263,0,16508,16508,0,0,0,516,516
pending/16/keys=16/bytes=8/nulls=true,263,263,0,16292,16292,0,0,0,482,482
pending/16/keys=8/bytes=264/nulls=false,180,180,0,23844,23844,0,0,0,2308,2308
pending/16/keys=8/bytes=264/nulls=true,180,180,0,20632,20632,0,0,0,1773,1773
pending/16/keys=8/bytes=8/nulls=false,180,180,0,10516,10516,0,0,0,260,260
pending/16/keys=8/bytes=8/nulls=true,180,180,0,10354,10354,0,0,0,237,237
pending/16384/keys=16384/bytes=264/nulls=false,196709,196709,0,37042688,37042688,0,0,0,4718596,4718596
pending/16384/keys=16384/bytes=264/nulls=true,196709,196709,0,33606160,33606160,0,0,0,4093256,4093256
pending/16384/keys=16384/bytes=8/nulls=false,196709,196709,0,14367232,14367232,0,0,0,524292,524292
pending/16384/keys=16384/bytes=8/nulls=true,196709,196709,0,14170648,14170648,0,0,0,498248,498248
pending/16384/keys=8/bytes=264/nulls=false,32916,32916,0,6757168,6757168,0,0,0,2308,2308
pending/16384/keys=8/bytes=264/nulls=true,32916,32916,0,6052556,6052556,0,0,0,1773,1773
pending/16384/keys=8/bytes=8/nulls=false,32916,32916,0,2128064,2128064,0,0,0,260,260
pending/16384/keys=8/bytes=8/nulls=true,32916,32916,0,2085818,2085818,0,0,0,237,237
pending_not_expired/1024/keys=1024/bytes=264/nulls=false,5152,5152,0,1130840,1130840,0,0,0,294916,294916
pending_not_expired/1024/keys=1024/bytes=264/nulls=true,5152,5152,0,1003280,1003280,0,0,0,255648,255648
pending_not_expired/1024/keys=1024/bytes=8/nulls=false,5152,5152,0,291160,291160,0,0,0,32772,32772
pending_not_expired/1024/keys=1024/bytes=8/nulls=true,5152,5152,0,284140,284140,0,0,0,31136,31136
pending_not_expired/1024/keys=8/bytes=264/nulls=false,65,65,0,9832,9832,0,0,0,2308,2308
pending_not_expired/1024/keys=8/bytes=264/nulls=true,65,65,0,8120,8120,0,0,0,1773,1773
pending_not_expired/1024/keys=8/bytes=8/nulls=false,65,65,0,3272,3272,0,0,0,260,260
pending_not_expired/1024/keys=8/bytes=8/nulls=true,65,65,0,3200,3200,0,0,0,237,237
pending_not_expired/16/keys=16/bytes=264/nulls=false,106,106,0,18656,18656,0,0,0,4612,4612
pending_not_expired/16/keys=16/bytes=264/nulls=true,106,106,0,16088,16088,0,0,0,3810,3810
pending_not_expired/16/keys=16/bytes=8/nulls=false,106,106,0,5536,5536,0,0,0,516,516
pending_not_expired/16/keys=16/bytes=8/nulls=true,106,106,0,5428,5428,0,0,0,482,482
pending_not_expired/16/keys=8/bytes=264/nulls=false,65,65,0,9832,9832,0,0,0,2308,2308
pending_not_expired/16/keys=8/bytes=264/nulls=true,65,65,0,8120,8120,0,0,0,1773,1773
pending_not_expired/16/keys=8/bytes=8/nulls=false,65,65,0,3272,3272,0,0,0,260,260
pending_not_expired/16/keys=8/bytes=8/nulls=true,65,65,0,3200,3200,0,0,0,237,237
pending_not_expired/16384/keys=16384/bytes=264/nulls=false,81956,81956,0,18078680,18078680,0,0,0,4718596,4718596
pending_not_expired/16384/keys=16384/bytes=264/nulls=true,81956,81956,0,16046752,16046752,0,0,0,4093256,4093256
pending_not_expired/16384/keys=16384/bytes=8/nulls=false,81956,81956,0,4643800,4643800,0,0,0,524292,524292
pending_not_expired/16384/keys=16384/bytes=8/nulls=true,81956,81956,0,4531492,4531492,0,0,0,498248,498248
pending_not_expired/16384/keys=8/bytes=264/nulls=false,65,65,0,9832,9832,0,0,0,2308,2308
pending_not_expired/16384/keys=8/bytes=264/nulls=true,65,65,0,8120,8120,0,0,0,1773,1773
pending_not_expired/16384/keys=8/bytes=8/nulls=false,65,65,0,3272,3272,0,0,0,260,260
pending_not_expired/16384/keys=8/bytes=8/nulls=true,65,65,0,3200,3200,0,0,0,237,237
probe_right/1024/domain=1024/bytes=264/nulls=false/outer=false,4022,4022,0,2441142,2441142,0,0,0,298865,298865
probe_right/1024/domain=1024/bytes=264/nulls=false/outer=true,4643,4643,0,2814280,2814280,0,0,0,298865,298865
probe_right/1024/domain=1024/bytes=264/nulls=true/outer=false,4030,4030,0,2191160,2191160,0,0,0,259302,259302
probe_right/1024/domain=1024/bytes=264/nulls=true/outer=true,4651,4651,0,2542398,2542398,0,0,0,259302,259302
probe_right/1024/domain=1024/bytes=8/nulls=false/outer=false,4022,4022,0,788856,788856,0,0,0,36721,36721
probe_right/1024/domain=1024/bytes=8/nulls=false/outer=true,4643,4643,0,1017718,1017718,0,0,0,36721,36721
probe_right/1024/domain=1024/bytes=8/nulls=true/outer=false,4030,4030,0,774446,774446,0,0,0,34534,34534
probe_right/1024/domain=1024/bytes=8/nulls=true/outer=true,4651,4651,0,1001976,1001976,0,0,0,34534,34534
probe_right/1024/domain=8/bytes=264/nulls=false/outer=false,3515,3515,0,2099998,2099998,0,0,0,297949,297949
probe_right/1024/domain=8/bytes=264/nulls=false/outer=true,4129,4129,0,2450672,2450672,0,0,0,297949,297949
probe_right/1024/domain=8/bytes=264/nulls=true/outer=false,3519,3519,0,1933258,1933258,0,0,0,278163,278163
probe_right/1024/domain=8/bytes=264/nulls=true/outer=true,4133,4133,0,2262032,2262032,0,0,0,278163,278163
probe_right/1024/domain=8/bytes=8/nulls=false/outer=false,3515,3515,0,734224,734224,0,0,0,35805,35805
probe_right/1024/domain=8/bytes=8/nulls=false/outer=true,4129,4129,0,940622,940622,0,0,0,35805,35805
probe_right/1024/domain=8/bytes=8/nulls=true/outer=false,3519,3519,0,724508,724508,0,0,0,34707,34707
probe_right/1024/domain=8/bytes=8/nulls=true/outer=true,4133,4133,0,929574,929574,0,0,0,34707,34707
probe_right/16/domain=16/bytes=264/nulls=false/outer=false,488,488,0,432524,432524,0,0,0,4651,4651
probe_right/16/domain=16/bytes=264/nulls=false/outer=true,587,587,0,575646,575646,0,0,0,4651,4651
probe_right/16/domain=16/bytes=264/nulls=true/outer=false,496,496,0,429388,429388,0,0,0,4113,4113
probe_right/16/domain=16/bytes=264/nulls=true/outer=true,595,595,0,572210,572210,0,0,0,4113,4113
probe_right/16/domain=16/bytes=8/nulls=false/outer=false,488,488,0,406700,406700,0,0,0,555,555
probe_right/16/domain=16/bytes=8/nulls=false/outer=true,587,587,0,547566,547566,0,0,0,555,555
probe_right/16/domain=16/bytes=8/nulls=true/outer=false,496,496,0,406792,406792,0,0,0,529,529
probe_right/16/domain=16/bytes=8/nulls=true/outer=true,595,595,0,547640,547640,0,0,0,529,529
probe_right/16/domain=8/bytes=264/nulls=false/outer=false,485,485,0,429884,429884,0,0,0,4651,4651
probe_right/16/domain=8/bytes=264/nulls=false/outer=true,583,583,0,572814,572814,0,0,0,4651,4651
probe_right/16/domain=8/bytes=264/nulls=true/outer=false,489,489,0,427760,427760,0,0,0,4382,4382
probe_right/16/domain=8/bytes=264/nulls=true/outer=true,587,587,0,570390,570390,0,0,0,4382,4382
probe_right/16/domain=8/bytes=8/nulls=false/outer=false,485,485,0,406316,406316,0,0,0,555,555
probe_right/16/domain=8/bytes=8/nulls=false/outer=true,583,583,0,546990,546990,0,0,0,555,555
probe_right/16/domain=8/bytes=8/nulls=true/outer=false,489,489,0,406344,406344,0,0,0,542,542
probe_right/16/domain=8/bytes=8/nulls=true/outer=true,587,587,0,547000,547000,0,0,0,542,542
probe_right/16384/domain=16384/bytes=264/nulls=false/outer=false,57789,57789,0,37656190,37656190,0,0,0,4802050,4802050
probe_right/16384/domain=16384/bytes=264/nulls=false/outer=true,66102,66102,0,41531648,41531648,0,0,0,4802050,4802050
probe_right/16384/domain=16384/bytes=264/nulls=true/outer=false,57799,57799,0,32999407,32999407,0,0,0,4165058,4165058
probe_right/16384/domain=16384/bytes=264/nulls=true/outer=true,66112,66112,0,36523865,36523865,0,0,0,4165058,4165058
probe_right/16384/domain=16384/bytes=8/nulls=false/outer=false,57789,57789,0,7424514,7424514,0,0,0,607746,607746
probe_right/16384/domain=16384/bytes=8/nulls=false/outer=true,66102,66102,0,9059056,9059056,0,0,0,607746,607746
probe_right/16384/domain=16384/bytes=8/nulls=true/outer=false,57799,57799,0,7085463,7085463,0,0,0,569794,569794
probe_right/16384/domain=16384/bytes=8/nulls=true/outer=true,66112,66112,0,8689054,8689054,0,0,0,569794,569794
probe_right/16384/domain=8/bytes=264/nulls=false/outer=false,49602,49602,0,32139700,32139700,0,0,0,4778581,4778581
probe_right/16384/domain=8/bytes=264/nulls=false/outer=true,57904,57904,0,35654710,35654710,0,0,0,4778581,4778581
probe_right/16384/domain=8/bytes=264/nulls=true/outer=false,49608,49608,0,28821263,28821263,0,0,0,4459818,4459818
probe_right/16384/domain=8/bytes=264/nulls=true/outer=true,57910,57910,0,31985273,31985273,0,0,0,4459818,4459818
probe_right/16384/domain=8/bytes=8/nulls=false/outer=false,49602,49602,0,6396582,6396582,0,0,0,584277,584277
probe_right/16384/domain=8/bytes=8/nulls=false/outer=true,57904,57904,0,7670676,7670676,0,0,0,584277,584277
probe_right/16384/domain=8/bytes=8/nulls=true/outer=false,49608,49608,0,6155461,6155461,0,0,0,565034,565034
probe_right/16384/domain=8/bytes=8/nulls=true/outer=true,57910,57910,0,7398604,7398604,0,0,0,565034,565034
restore/1024/domain=1024/bytes=264/nulls=false/limit=1/last=false/aligned=false,1075,1075,0,195920,195920,0,0,0,0,0
restore/1024/domain=1024/bytes=264/nulls=false/limit=1/last=false/aligned=true,72,72,0,4996,4996,0,0,0,0,0
restore/1024/domain=1024/bytes=264/nulls=false/limit=1/last=true/aligned=false,1075,1075,0,195920,195920,0,0,0,0,0
restore/1024/domain=1024/bytes=264/nulls=false/limit=1/last=true/aligned=true,72,72,0,4996,4996,0,0,0,0,0
restore/1024/domain=1024/bytes=264/nulls=false/limit=4/last=false/aligned=false,1075,1075,0,195920,195920,0,0,0,0,0
restore/1024/domain=1024/bytes=264/nulls=false/limit=4/last=false/aligned=true,72,72,0,4996,4996,0,0,0,0,0
restore/1024/domain=1024/bytes=264/nulls=false/outer=false/aligned=false,4659,4659,0,547371,547371,0,0,0,0,0
restore/1024/domain=1024/bytes=264/nulls=false/outer=false/aligned=true,71,71,0,4110,4110,0,0,0,0,0
restore/1024/domain=1024/bytes=264/nulls=false/outer=true/aligned=false,4659,4659,0,547371,547371,0,0,0,0,0
restore/1024/domain=1024/bytes=264/nulls=false/outer=true/aligned=true,71,71,0,4110,4110,0,0,0,0,0
restore/1024/domain=1024/bytes=264/nulls=true/limit=1/last=false/aligned=false,1075,1075,0,181820,181820,0,0,0,0,0
restore/1024/domain=1024/bytes=264/nulls=true/limit=1/last=false/aligned=true,72,72,0,4996,4996,0,0,0,0,0
restore/1024/domain=1024/bytes=264/nulls=true/limit=1/last=true/aligned=false,1075,1075,0,181820,181820,0,0,0,0,0
restore/1024/domain=1024/bytes=264/nulls=true/limit=1/last=true/aligned=true,72,72,0,4996,4996,0,0,0,0,0
restore/1024/domain=1024/bytes=264/nulls=true/limit=4/last=false/aligned=false,1075,1075,0,181820,181820,0,0,0,0,0
restore/1024/domain=1024/bytes=264/nulls=true/limit=4/last=false/aligned=true,72,72,0,4996,4996,0,0,0,0,0
restore/1024/domain=1024/bytes=264/nulls=true/outer=false/aligned=false,4659,4659,0,481671,481671,0,0,0,0,0
restore/1024/domain=1024/bytes=264/nulls=true/outer=false/aligned=true,71,71,0,4110,4110,0,0,0,0,0
restore/1024/domain=1024/bytes=264/nulls=true/outer=true/aligned=false,4659,4659,0,481671,481671,0,0,0,0,0
restore/1024/domain=1024/bytes=264/nulls=true/outer=true/aligned=true,71,71,0,4110,4110,0,0,0,0,0
restore/1024/domain=1024/bytes=8/nulls=false/limit=1/last=false/aligned=false,1075,1075,0,51644,51644,0,0,0,0,0
restore/1024/domain=1024/bytes=8/nulls=false/limit=1/last=false/aligned=true,72,72,0,4996,4996,0,0,0,0,0
restore/1024/domain=1024/bytes=8/nulls=false/limit=1/last=true/aligned=false,1075,1075,0,51644,51644,0,0,0,0,0
restore/1024/domain=1024/bytes=8/nulls=false/limit=1/last=true/aligned=true,72,72,0,4996,4996,0,0,0,0,0
restore/1024/domain=1024/bytes=8/nulls=false/limit=4/last=false/aligned=false,1075,1075,0,51644,51644,0,0,0,0,0
restore/1024/domain=1024/bytes=8/nulls=false/limit=4/last=false/aligned=true,72,72,0,4996,4996,0,0,0,0,0
restore/1024/domain=1024/bytes=8/nulls=false/outer=false/aligned=false,4659,4659,0,114444,114444,0,0,0,0,0
restore/1024/domain=1024/bytes=8/nulls=false/outer=false/aligned=true,71,71,0,4110,4110,0,0,0,0,0
restore/1024/domain=1024/bytes=8/nulls=false/outer=true/aligned=false,4659,4659,0,114444,114444,0,0,0,0,0
restore/1024/domain=1024/bytes=8/nulls=false/outer=true/aligned=true,71,71,0,4110,4110,0,0,0,0,0
restore/1024/domain=1024/bytes=8/nulls=true/limit=1/last=false/aligned=false,1075,1075,0,50780,50780,0,0,0,0,0
restore/1024/domain=1024/bytes=8/nulls=true/limit=1/last=false/aligned=true,72,72,0,4996,4996,0,0,0,0,0
restore/1024/domain=1024/bytes=8/nulls=true/limit=1/last=true/aligned=false,1075,1075,0,50780,50780,0,0,0,0,0
restore/1024/domain=1024/bytes=8/nulls=true/limit=1/last=true/aligned=true,72,72,0,4996,4996,0,0,0,0,0
restore/1024/domain=1024/bytes=8/nulls=true/limit=4/last=false/aligned=false,1075,1075,0,50780,50780,0,0,0,0,0
restore/1024/domain=1024/bytes=8/nulls=true/limit=4/last=false/aligned=true,72,72,0,4996,4996,0,0,0,0,0
restore/1024/domain=1024/bytes=8/nulls=true/outer=false/aligned=false,4659,4659,0,110466,110466,0,0,0,0,0
restore/1024/domain=1024/bytes=8/nulls=true/outer=false/aligned=true,71,71,0,4110,4110,0,0,0,0,0
restore/1024/domain=1024/bytes=8/nulls=true/outer=true/aligned=false,4659,4659,0,110466,110466,0,0,0,0,0
restore/1024/domain=1024/bytes=8/nulls=true/outer=true/aligned=true,71,71,0,4110,4110,0,0,0,0,0
restore/1024/domain=8/bytes=264/nulls=false/limit=1/last=false/aligned=false,67,67,0,7424,7424,0,0,0,0,0
restore/1024/domain=8/bytes=264/nulls=false/limit=1/last=false/aligned=true,72,72,0,4996,4996,0,0,0,0,0
restore/1024/domain=8/bytes=264/nulls=false/limit=1/last=true/aligned=false,67,67,0,7424,7424,0,0,0,0,0
restore/1024/domain=8/bytes=264/nulls=false/limit=1/last=true/aligned=true,72,72,0,4996,4996,0,0,0,0,0
restore/1024/domain=8/bytes=264/nulls=false/limit=4/last=false/aligned=false,67,67,0,15608,15608,0,0,0,0,0
restore/1024/domain=8/bytes=264/nulls=false/limit=4/last=false/aligned=true,72,72,0,4996,4996,0,0,0,0,0
restore/1024/domain=8/bytes=264/nulls=false/outer=false/aligned=false,3135,3135,0,367539,367539,0,0,0,0,0
restore/1024/domain=8/bytes=264/nulls=false/outer=false/aligned=true,71,71,0,4110,4110,0,0,0,0,0
restore/1024/domain=8/bytes=264/nulls=false/outer=true/aligned=false,3135,3135,0,367539,367539,0,0,0,0,0
restore/1024/domain=8/bytes=264/nulls=false/outer=true/aligned=true,71,71,0,4110,4110,0,0,0,0,0
restore/1024/domain=8/bytes=264/nulls=true/limit=1/last=false/aligned=false,67,67,0,7124,7124,0,0,0,0,0
restore/1024/domain=8/bytes=264/nulls=true/limit=1/last=false/aligned=true,72,72,0,4996,4996,0,0,0,0,0
restore/1024/domain=8/bytes=264/nulls=true/limit=1/last=true/aligned=false,67,67,0,6824,6824,0,0,0,0,0
restore/1024/domain=8/bytes=264/nulls=true/limit=1/last=true/aligned=true,72,72,0,4996,4996,0,0,0,0,0
restore/1024/domain=8/bytes=264/nulls=true/limit=4/last=false/aligned=false,67,67,0,14108,14108,0,0,0,0,0
restore/1024/domain=8/bytes=264/nulls=true/limit=4/last=false/aligned=true,72,72,0,4996,4996,0,0,0,0,0
restore/1024/domain=8/bytes=264/nulls=true/outer=false/aligned=false,3135,3135,0,323739,323739,0,0,0,0,0
restore/1024/domain=8/bytes=264/nulls=true/outer=false/aligned=true,71,71,0,4110,4110,0,0,0,0,0
restore/1024/domain=8/bytes=264/nulls=true/outer=true/aligned=false,3135,3135,0,323739,323739,0,0,0,0,0
restore/1024/domain=8/bytes=264/nulls=true/outer=true/aligned=true,71,71,0,4110,4110,0,0,0,0,0
restore/1024/domain=8/bytes=8/nulls=false/limit=1/last=false/aligned=false,67,67,0,5168,5168,0,0,0,0,0
restore/1024/domain=8/bytes=8/nulls=false/limit=1/last=false/aligned=true,72,72,0,4996,4996,0,0,0,0,0
restore/1024/domain=8/bytes=8/nulls=false/limit=1/last=true/aligned=false,67,67,0,5195,5195,0,0,0,0,0
restore/1024/domain=8/bytes=8/nulls=false/limit=1/last=true/aligned=true,72,72,0,4996,4996,0,0,0,0,0
restore/1024/domain=8/bytes=8/nulls=false/limit=4/last=false/aligned=false,67,67,0,6584,6584,0,0,0,0,0
restore/1024/domain=8/bytes=8/nulls=false/limit=4/last=false/aligned=true,72,72,0,4996,4996,0,0,0,0,0
restore/1024/domain=8/bytes=8/nulls=false/outer=false/aligned=false,3135,3135,0,77868,77868,0,0,0,0,0
restore/1024/domain=8/bytes=8/nulls=false/outer=false/aligned=true,71,71,0,4110,4110,0,0,0,0,0
restore/1024/domain=8/bytes=8/nulls=false/outer=true/aligned=false,3135,3135,0,77868,77868,0,0,0,0,0
restore/1024/domain=8/bytes=8/nulls=false/outer=true/aligned=true,71,71,0,4110,4110,0,0,0,0,0
restore/1024/domain=8/bytes=8/nulls=true/limit=1/last=false/aligned=false,67,67,0,5150,5150,0,0,0,0,0
restore/1024/domain=8/bytes=8/nulls=true/limit=1/last=false/aligned=true,72,72,0,4996,4996,0,0,0,0,0
restore/1024/domain=8/bytes=8/nulls=true/limit=1/last=true/aligned=false,67,67,0,5150,5150,0,0,0,0,0
restore/1024/domain=8/bytes=8/nulls=true/limit=1/last=true/aligned=true,72,72,0,4996,4996,0,0,0,0,0
restore/1024/domain=8/bytes=8/nulls=true/limit=4/last=false/aligned=false,67,67,0,6494,6494,0,0,0,0,0
restore/1024/domain=8/bytes=8/nulls=true/limit=4/last=false/aligned=true,72,72,0,4996,4996,0,0,0,0,0
restore/1024/domain=8/bytes=8/nulls=true/outer=false/aligned=false,3135,3135,0,75204,75204,0,0,0,0,0
restore/1024/domain=8/bytes=8/nulls=true/outer=false/aligned=true,71,71,0,4110,4110,0,0,0,0,0
restore/1024/domain=8/bytes=8/nulls=true/outer=true/aligned=false,3135,3135,0,75204,75204,0,0,0,0,0
restore/1024/domain=8/bytes=8/nulls=true/outer=true/aligned=true,71,71,0,4110,4110,0,0,0,0,0
restore/1024/keys=1024/bytes=264/nulls=false/aligned=false,1585,1585,0,189349,189349,0,0,0,0,0
restore/1024/keys=1024/bytes=264/nulls=false/aligned=true,70,70,0,4080,4080,0,0,0,0,0
restore/1024/keys=1024/bytes=264/nulls=true/aligned=false,1585,1585,0,167449,167449,0,0,0,0,0
restore/1024/keys=1024/bytes=264/nulls=true/aligned=true,70,70,0,4080,4080,0,0,0,0,0
restore/1024/keys=1024/bytes=8/nulls=false/aligned=false,1585,1585,0,44965,44965,0,0,0,0,0
restore/1024/keys=1024/bytes=8/nulls=false/aligned=true,70,70,0,4080,4080,0,0,0,0,0
restore/1024/keys=1024/bytes=8/nulls=true/aligned=false,1585,1585,0,43651,43651,0,0,0,0,0
restore/1024/keys=1024/bytes=8/nulls=true/aligned=true,70,70,0,4080,4080,0,0,0,0,0
restore/1024/keys=8/bytes=264/nulls=false/aligned=false,61,61,0,4945,4945,0,0,0,0,0
restore/1024/keys=8/bytes=264/nulls=false/aligned=true,70,70,0,4080,4080,0,0,0,0,0
restore/1024/keys=8/bytes=264/nulls=true/aligned=false,61,61,0,4645,4645,0,0,0,0,0
restore/1024/keys=8/bytes=264/nulls=true/aligned=true,70,70,0,4080,4080,0,0,0,0,0
restore/1024/keys=8/bytes=8/nulls=false/aligned=false,61,61,0,3817,3817,0,0,0,0,0
restore/1024/keys=8/bytes=8/nulls=false/aligned=true,70,70,0,4080,4080,0,0,0,0,0
restore/1024/keys=8/bytes=8/nulls=true/aligned=false,61,61,0,3799,3799,0,0,0,0,0
restore/1024/keys=8/bytes=8/nulls=true/aligned=true,70,70,0,4080,4080,0,0,0,0,0
restore/16/domain=16/bytes=264/nulls=false/limit=1/last=false/aligned=false,67,67,0,7424,7424,0,0,0,0,0
restore/16/domain=16/bytes=264/nulls=false/limit=1/last=false/aligned=true,72,72,0,4996,4996,0,0,0,0,0
restore/16/domain=16/bytes=264/nulls=false/limit=1/last=true/aligned=false,67,67,0,7424,7424,0,0,0,0,0
restore/16/domain=16/bytes=264/nulls=false/limit=1/last=true/aligned=true,72,72,0,4996,4996,0,0,0,0,0
restore/16/domain=16/bytes=264/nulls=false/limit=4/last=false/aligned=false,67,67,0,7424,7424,0,0,0,0,0
restore/16/domain=16/bytes=264/nulls=false/limit=4/last=false/aligned=true,72,72,0,4996,4996,0,0,0,0,0
restore/16/domain=16/bytes=264/nulls=false/outer=false/aligned=false,123,123,0,12123,12123,0,0,0,0,0
restore/16/domain=16/bytes=264/nulls=false/outer=false/aligned=true,71,71,0,4110,4110,0,0,0,0,0
restore/16/domain=16/bytes=264/nulls=false/outer=true/aligned=false,123,123,0,12123,12123,0,0,0,0,0
restore/16/domain=16/bytes=264/nulls=false/outer=true/aligned=true,71,71,0,4110,4110,0,0,0,0,0
restore/16/domain=16/bytes=264/nulls=true/limit=1/last=false/aligned=false,67,67,0,7124,7124,0,0,0,0,0
restore/16/domain=16/bytes=264/nulls=true/limit=1/last=false/aligned=true,72,72,0,4996,4996,0,0,0,0,0
restore/16/domain=16/bytes=264/nulls=true/limit=1/last=true/aligned=false,67,67,0,7124,7124,0,0,0,0,0
restore/16/domain=16/bytes=264/nulls=true/limit=1/last=true/aligned=true,72,72,0,4996,4996,0,0,0,0,0
restore/16/domain=16/bytes=264/nulls=true/limit=4/last=false/aligned=false,67,67,0,7124,7124,0,0,0,0,0
restore/16/domain=16/bytes=264/nulls=true/limit=4/last=false/aligned=true,72,72,0,4996,4996,0,0,0,0,0
restore/16/domain=16/bytes=264/nulls=true/outer=false/aligned=false,123,123,0,11223,11223,0,0,0,0,0
restore/16/domain=16/bytes=264/nulls=true/outer=false/aligned=true,71,71,0,4110,4110,0,0,0,0,0
restore/16/domain=16/bytes=264/nulls=true/outer=true/aligned=false,123,123,0,11223,11223,0,0,0,0,0
restore/16/domain=16/bytes=264/nulls=true/outer=true/aligned=true,71,71,0,4110,4110,0,0,0,0,0
restore/16/domain=16/bytes=8/nulls=false/limit=1/last=false/aligned=false,67,67,0,5168,5168,0,0,0,0,0
restore/16/domain=16/bytes=8/nulls=false/limit=1/last=false/aligned=true,72,72,0,4996,4996,0,0,0,0,0
restore/16/domain=16/bytes=8/nulls=false/limit=1/last=true/aligned=false,67,67,0,5168,5168,0,0,0,0,0
restore/16/domain=16/bytes=8/nulls=false/limit=1/last=true/aligned=true,72,72,0,4996,4996,0,0,0,0,0
restore/16/domain=16/bytes=8/nulls=false/limit=4/last=false/aligned=false,67,67,0,5168,5168,0,0,0,0,0
restore/16/domain=16/bytes=8/nulls=false/limit=4/last=false/aligned=true,72,72,0,4996,4996,0,0,0,0,0
restore/16/domain=16/bytes=8/nulls=false/outer=false/aligned=false,123,123,0,5355,5355,0,0,0,0,0
restore/16/domain=16/bytes=8/nulls=false/outer=false/aligned=true,71,71,0,4110,4110,0,0,0,0,0
restore/16/domain=16/bytes=8/nulls=false/outer=true/aligned=false,123,123,0,5355,5355,0,0,0,0,0
restore/16/domain=16/bytes=8/nulls=false/outer=true/aligned=true,71,71,0,4110,4110,0,0,0,0,0
restore/16/domain=16/bytes=8/nulls=true/limit=1/last=false/aligned=false,67,67,0,5150,5150,0,0,0,0,0
restore/16/domain=16/bytes=8/nulls=true/limit=1/last=false/aligned=true,72,72,0,4996,4996,0,0,0,0,0
restore/16/domain=16/bytes=8/nulls=true/limit=1/last=true/aligned=false,67,67,0,5150,5150,0,0,0,0,0
restore/16/domain=16/bytes=8/nulls=true/limit=1/last=true/aligned=true,72,72,0,4996,4996,0,0,0,0,0
restore/16/domain=16/bytes=8/nulls=true/limit=4/last=false/aligned=false,67,67,0,5150,5150,0,0,0,0,0
restore/16/domain=16/bytes=8/nulls=true/limit=4/last=false/aligned=true,72,72,0,4996,4996,0,0,0,0,0
restore/16/domain=16/bytes=8/nulls=true/outer=false/aligned=false,123,123,0,5301,5301,0,0,0,0,0
restore/16/domain=16/bytes=8/nulls=true/outer=false/aligned=true,71,71,0,4110,4110,0,0,0,0,0
restore/16/domain=16/bytes=8/nulls=true/outer=true/aligned=false,123,123,0,5301,5301,0,0,0,0,0
restore/16/domain=16/bytes=8/nulls=true/outer=true/aligned=true,71,71,0,4110,4110,0,0,0,0,0
restore/16/domain=8/bytes=264/nulls=false/limit=1/last=false/aligned=false,67,67,0,7424,7424,0,0,0,0,0
restore/16/domain=8/bytes=264/nulls=false/limit=1/last=false/aligned=true,72,72,0,4996,4996,0,0,0,0,0
restore/16/domain=8/bytes=264/nulls=false/limit=1/last=true/aligned=false,67,67,0,7424,7424,0,0,0,0,0
restore/16/domain=8/bytes=264/nulls=false/limit=1/last=true/aligned=true,72,72,0,4996,4996,0,0,0,0,0
restore/16/domain=8/bytes=264/nulls=false/limit=4/last=false/aligned=false,67,67,0,7424,7424,0,0,0,0,0
restore/16/domain=8/bytes=264/nulls=false/limit=4/last=false/aligned=true,72,72,0,4996,4996,0,0,0,0,0
restore/16/domain=8/bytes=264/nulls=false/outer=false/aligned=false,111,111,0,10707,10707,0,0,0,0,0
restore/16/domain=8/bytes=264/nulls=false/outer=false/aligned=true,71,71,0,4110,4110,0,0,0,0,0
restore/16/domain=8/bytes=264/nulls=false/outer=true/aligned=false,111,111,0,10707,10707,0,0,0,0,0
restore/16/domain=8/bytes=264/nulls=false/outer=true/aligned=true,71,71,0,4110,4110,0,0,0,0,0
restore/16/domain=8/bytes=264/nulls=true/limit=1/last=false/aligned=false,67,67,0,7424,7424,0,0,0,0,0
restore/16/domain=8/bytes=264/nulls=true/limit=1/last=false/aligned=true,72,72,0,4996,4996,0,0,0,0,0
restore/16/domain=8/bytes=264/nulls=true/limit=1/last=true/aligned=false,67,67,0,7424,7424,0,0,0,0,0
restore/16/domain=8/bytes=264/nulls=true/limit=1/last=true/aligned=true,72,72,0,4996,4996,0,0,0,0,0
restore/16/domain=8/bytes=264/nulls=true/limit=4/last=false/aligned=false,67,67,0,7424,7424,0,0,0,0,0
restore/16/domain=8/bytes=264/nulls=true/limit=4/last=false/aligned=true,72,72,0,4996,4996,0,0,0,0,0
restore/16/domain=8/bytes=264/nulls=true/outer=false/aligned=false,111,111,0,10107,10107,0,0,0,0,0
restore/16/domain=8/bytes=264/nulls=true/outer=false/aligned=true,71,71,0,4110,4110,0,0,0,0,0
restore/16/domain=8/bytes=264/nulls=true/outer=true/aligned=false,111,111,0,10107,10107,0,0,0,0,0
restore/16/domain=8/bytes=264/nulls=true/outer=true/aligned=true,71,71,0,4110,4110,0,0,0,0,0
restore/16/domain=8/bytes=8/nulls=false/limit=1/last=false/aligned=false,67,67,0,5168,5168,0,0,0,0,0
restore/16/domain=8/bytes=8/nulls=false/limit=1/last=false/aligned=true,72,72,0,4996,4996,0,0,0,0,0
restore/16/domain=8/bytes=8/nulls=false/limit=1/last=true/aligned=false,67,67,0,5168,5168,0,0,0,0,0
restore/16/domain=8/bytes=8/nulls=false/limit=1/last=true/aligned=true,72,72,0,4996,4996,0,0,0,0,0
restore/16/domain=8/bytes=8/nulls=false/limit=4/last=false/aligned=false,67,67,0,5168,5168,0,0,0,0,0
restore/16/domain=8/bytes=8/nulls=false/limit=4/last=false/aligned=true,72,72,0,4996,4996,0,0,0,0,0
restore/16/domain=8/bytes=8/nulls=false/outer=false/aligned=false,111,111,0,5067,5067,0,0,0,0,0
restore/16/domain=8/bytes=8/nulls=false/outer=false/aligned=true,71,71,0,4110,4110,0,0,0,0,0
restore/16/domain=8/bytes=8/nulls=false/outer=true/aligned=false,111,111,0,5067,5067,0,0,0,0,0
restore/16/domain=8/bytes=8/nulls=false/outer=true/aligned=true,71,71,0,4110,4110,0,0,0,0,0
restore/16/domain=8/bytes=8/nulls=true/limit=1/last=false/aligned=false,67,67,0,5168,5168,0,0,0,0,0
restore/16/domain=8/bytes=8/nulls=true/limit=1/last=false/aligned=true,72,72,0,4996,4996,0,0,0,0,0
restore/16/domain=8/bytes=8/nulls=true/limit=1/last=true/aligned=false,67,67,0,5168,5168,0,0,0,0,0
restore/16/domain=8/bytes=8/nulls=true/limit=1/last=true/aligned=true,72,72,0,4996,4996,0,0,0,0,0
restore/16/domain=8/bytes=8/nulls=true/limit=4/last=false/aligned=false,67,67,0,5168,5168,0,0,0,0,0
restore/16/domain=8/bytes=8/nulls=true/limit=4/last=false/aligned=true,72,72,0,4996,4996,0,0,0,0,0
restore/16/domain=8/bytes=8/nulls=true/outer=false/aligned=false,111,111,0,5031,5031,0,0,0,0,0
restore/16/domain=8/bytes=8/nulls=true/outer=false/aligned=true,71,71,0,4110,4110,0,0,0,0,0
restore/16/domain=8/bytes=8/nulls=true/outer=true/aligned=false,111,111,0,5031,5031,0,0,0,0,0
restore/16/domain=8/bytes=8/nulls=true/outer=true/aligned=true,71,71,0,4110,4110,0,0,0,0,0
restore/16/keys=16/bytes=264/nulls=false/aligned=false,73,73,0,6397,6397,0,0,0,0,0
restore/16/keys=16/bytes=264/nulls=false/aligned=true,70,70,0,4080,4080,0,0,0,0,0
restore/16/keys=16/bytes=264/nulls=true/aligned=false,73,73,0,6097,6097,0,0,0,0,0
restore/16/keys=16/bytes=264/nulls=true/aligned=true,70,70,0,4080,4080,0,0,0,0,0
restore/16/keys=16/bytes=8/nulls=false/aligned=false,73,73,0,4141,4141,0,0,0,0,0
restore/16/keys=16/bytes=8/nulls=false/aligned=true,70,70,0,4080,4080,0,0,0,0,0
restore/16/keys=16/bytes=8/nulls=true/aligned=false,73,73,0,4123,4123,0,0,0,0,0
restore/16/keys=16/bytes=8/nulls=true/aligned=true,70,70,0,4080,4080,0,0,0,0,0
restore/16/keys=8/bytes=264/nulls=false/aligned=false,61,61,0,4945,4945,0,0,0,0,0
restore/16/keys=8/bytes=264/nulls=false/aligned=true,70,70,0,4080,4080,0,0,0,0,0
restore/16/keys=8/bytes=264/nulls=true/aligned=false,61,61,0,4645,4645,0,0,0,0,0
restore/16/keys=8/bytes=264/nulls=true/aligned=true,70,70,0,4080,4080,0,0,0,0,0
restore/16/keys=8/bytes=8/nulls=false/aligned=false,61,61,0,3817,3817,0,0,0,0,0
restore/16/keys=8/bytes=8/nulls=false/aligned=true,70,70,0,4080,4080,0,0,0,0,0
restore/16/keys=8/bytes=8/nulls=true/aligned=false,61,61,0,3799,3799,0,0,0,0,0
restore/16/keys=8/bytes=8/nulls=true/aligned=true,70,70,0,4080,4080,0,0,0,0,0
restore/16384/domain=16384/bytes=264/nulls=false/limit=1/last=false/aligned=false,16435,16435,0,3068240,3068240,0,0,0,0,0
restore/16384/domain=16384/bytes=264/nulls=false/limit=1/last=false/aligned=true,78,78,0,5155,5155,0,0,0,0,0
restore/16384/domain=16384/bytes=264/nulls=false/limit=1/last=true/aligned=false,16435,16435,0,3068240,3068240,0,0,0,0,0
restore/16384/domain=16384/bytes=264/nulls=false/limit=1/last=true/aligned=true,78,78,0,5155,5155,0,0,0,0,0
restore/16384/domain=16384/bytes=264/nulls=false/limit=4/last=false/aligned=false,16435,16435,0,3068240,3068240,0,0,0,0,0
restore/16384/domain=16384/bytes=264/nulls=false/limit=4/last=false/aligned=true,78,78,0,5155,5155,0,0,0,0,0
restore/16384/domain=16384/bytes=264/nulls=false/outer=false/aligned=false,73779,73779,0,8703531,8703531,0,0,0,0,0
restore/16384/domain=16384/bytes=264/nulls=false/outer=false/aligned=true,83,83,0,4404,4404,0,0,0,0,0
restore/16384/domain=16384/bytes=264/nulls=false/outer=true/aligned=false,73779,73779,0,8703531,8703531,0,0,0,0,0
restore/16384/domain=16384/bytes=264/nulls=false/outer=true/aligned=true,83,83,0,4404,4404,0,0,0,0,0
restore/16384/domain=16384/bytes=264/nulls=true/limit=1/last=false/aligned=false,16435,16435,0,2844740,2844740,0,0,0,0,0
restore/16384/domain=16384/bytes=264/nulls=true/limit=1/last=false/aligned=true,78,78,0,5155,5155,0,0,0,0,0
restore/16384/domain=16384/bytes=264/nulls=true/limit=1/last=true/aligned=false,16435,16435,0,2844740,2844740,0,0,0,0,0
restore/16384/domain=16384/bytes=264/nulls=true/limit=1/last=true/aligned=true,78,78,0,5155,5155,0,0,0,0,0
restore/16384/domain=16384/bytes=264/nulls=true/limit=4/last=false/aligned=false,16435,16435,0,2844740,2844740,0,0,0,0,0
restore/16384/domain=16384/bytes=264/nulls=true/limit=4/last=false/aligned=true,78,78,0,5155,5155,0,0,0,0,0
restore/16384/domain=16384/bytes=264/nulls=true/outer=false/aligned=false,73779,73779,0,7650531,7650531,0,0,0,0,0
restore/16384/domain=16384/bytes=264/nulls=true/outer=false/aligned=true,77,77,0,4257,4257,0,0,0,0,0
restore/16384/domain=16384/bytes=264/nulls=true/outer=true/aligned=false,73779,73779,0,7650531,7650531,0,0,0,0,0
restore/16384/domain=16384/bytes=264/nulls=true/outer=true/aligned=true,83,83,0,4404,4404,0,0,0,0,0
restore/16384/domain=16384/bytes=8/nulls=false/limit=1/last=false/aligned=false,16435,16435,0,827324,827324,0,0,0,0,0
restore/16384/domain=16384/bytes=8/nulls=false/limit=1/last=false/aligned=true,72,72,0,4996,4996,0,0,0,0,0
restore/16384/domain=16384/bytes=8/nulls=false/limit=1/last=true/aligned=false,16435,16435,0,827324,827324,0,0,0,0,0
restore/16384/domain=16384/bytes=8/nulls=false/limit=1/last=true/aligned=true,72,72,0,4996,4996,0,0,0,0,0
restore/16384/domain=16384/bytes=8/nulls=false/limit=4/last=false/aligned=false,16435,16435,0,827324,827324,0,0,0,0,0
restore/16384/domain=16384/bytes=8/nulls=false/limit=4/last=false/aligned=true,72,72,0,4996,4996,0,0,0,0,0
restore/16384/domain=16384/bytes=8/nulls=false/outer=false/aligned=false,73779,73779,0,1976301,1976301,0,0,0,0,0
restore/16384/domain=16384/bytes=8/nulls=false/outer=false/aligned=true,71,71,0,4110,4110,0,0,0,0,0
restore/16384/domain=16384/bytes=8/nulls=false/outer=true/aligned=false,73779,73779,0,1976301,1976301,0,0,0,0,0
restore/16384/domain=16384/bytes=8/nulls=false/outer=true/aligned=true,71,71,0,4110,4110,0,0,0,0,0
restore/16384/domain=16384/bytes=8/nulls=true/limit=1/last=false/aligned=false,16435,16435,0,807614,807614,0,0,0,0,0
restore/16384/domain=16384/bytes=8/nulls=true/limit=1/last=false/aligned=true,72,72,0,4996,4996,0,0,0,0,0
restore/16384/domain=16384/bytes=8/nulls=true/limit=1/last=true/aligned=false,16435,16435,0,807614,807614,0,0,0,0,0
restore/16384/domain=16384/bytes=8/nulls=true/limit=1/last=true/aligned=true,72,72,0,4996,4996,0,0,0,0,0
restore/16384/domain=16384/bytes=8/nulls=true/limit=4/last=false/aligned=false,16435,16435,0,807614,807614,0,0,0,0,0
restore/16384/domain=16384/bytes=8/nulls=true/limit=4/last=false/aligned=true,72,72,0,4996,4996,0,0,0,0,0
restore/16384/domain=16384/bytes=8/nulls=true/outer=false/aligned=false,73779,73779,0,1884087,1884087,0,0,0,0,0
restore/16384/domain=16384/bytes=8/nulls=true/outer=false/aligned=true,71,71,0,4110,4110,0,0,0,0,0
restore/16384/domain=16384/bytes=8/nulls=true/outer=true/aligned=false,73779,73779,0,1884087,1884087,0,0,0,0,0
restore/16384/domain=16384/bytes=8/nulls=true/outer=true/aligned=true,71,71,0,4110,4110,0,0,0,0,0
restore/16384/domain=8/bytes=264/nulls=false/limit=1/last=false/aligned=false,67,67,0,7424,7424,0,0,0,0,0
restore/16384/domain=8/bytes=264/nulls=false/limit=1/last=false/aligned=true,72,72,0,4996,4996,0,0,0,0,0
restore/16384/domain=8/bytes=264/nulls=false/limit=1/last=true/aligned=false,67,67,0,7424,7424,0,0,0,0,0
restore/16384/domain=8/bytes=264/nulls=false/limit=1/last=true/aligned=true,72,72,0,4996,4996,0,0,0,0,0
restore/16384/domain=8/bytes=264/nulls=false/limit=4/last=false/aligned=false,67,67,0,15608,15608,0,0,0,0,0
restore/16384/domain=8/bytes=264/nulls=false/limit=4/last=false/aligned=true,72,72,0,4996,4996,0,0,0,0,0
restore/16384/domain=8/bytes=264/nulls=false/outer=false/aligned=false,49215,49215,0,5804979,5804979,0,0,0,0,0
restore/16384/domain=8/bytes=264/nulls=false/outer=false/aligned=true,77,77,0,4257,4257,0,0,0,0,0
restore/16384/domain=8/bytes=264/nulls=false/outer=true/aligned=false,49215,49215,0,5804979,5804979,0,0,0,0,0
restore/16384/domain=8/bytes=264/nulls=false/outer=true/aligned=true,83,83,0,4404,4404,0,0,0,0,0
restore/16384/domain=8/bytes=264/nulls=true/limit=1/last=false/aligned=false,67,67,0,7124,7124,0,0,0,0,0
restore/16384/domain=8/bytes=264/nulls=true/limit=1/last=false/aligned=true,72,72,0,4996,4996,0,0,0,0,0
restore/16384/domain=8/bytes=264/nulls=true/limit=1/last=true/aligned=false,67,67,0,7424,7424,0,0,0,0,0
restore/16384/domain=8/bytes=264/nulls=true/limit=1/last=true/aligned=true,72,72,0,4996,4996,0,0,0,0,0
restore/16384/domain=8/bytes=264/nulls=true/limit=4/last=false/aligned=false,67,67,0,14108,14108,0,0,0,0,0
restore/16384/domain=8/bytes=264/nulls=true/limit=4/last=false/aligned=true,72,72,0,4996,4996,0,0,0,0,0
restore/16384/domain=8/bytes=264/nulls=true/outer=false/aligned=false,49215,49215,0,5102979,5102979,0,0,0,0,0
restore/16384/domain=8/bytes=264/nulls=true/outer=false/aligned=true,77,77,0,4257,4257,0,0,0,0,0
restore/16384/domain=8/bytes=264/nulls=true/outer=true/aligned=false,49215,49215,0,5102979,5102979,0,0,0,0,0
restore/16384/domain=8/bytes=264/nulls=true/outer=true/aligned=true,77,77,0,4257,4257,0,0,0,0,0
restore/16384/domain=8/bytes=8/nulls=false/limit=1/last=false/aligned=false,67,67,0,5168,5168,0,0,0,0,0
restore/16384/domain=8/bytes=8/nulls=false/limit=1/last=false/aligned=true,72,72,0,4996,4996,0,0,0,0,0
restore/16384/domain=8/bytes=8/nulls=false/limit=1/last=true/aligned=false,67,67,0,5240,5240,0,0,0,0,0
restore/16384/domain=8/bytes=8/nulls=false/limit=1/last=true/aligned=true,72,72,0,4996,4996,0,0,0,0,0
restore/16384/domain=8/bytes=8/nulls=false/limit=4/last=false/aligned=false,67,67,0,6584,6584,0,0,0,0,0
restore/16384/domain=8/bytes=8/nulls=false/limit=4/last=false/aligned=true,72,72,0,4996,4996,0,0,0,0,0
restore/16384/domain=8/bytes=8/nulls=false/outer=false/aligned=false,49215,49215,0,1322028,1322028,0,0,0,0,0
restore/16384/domain=8/bytes=8/nulls=false/outer=false/aligned=true,71,71,0,4110,4110,0,0,0,0,0
restore/16384/domain=8/bytes=8/nulls=false/outer=true/aligned=false,49215,49215,0,1322028,1322028,0,0,0,0,0
restore/16384/domain=8/bytes=8/nulls=false/outer=true/aligned=true,71,71,0,4110,4110,0,0,0,0,0
restore/16384/domain=8/bytes=8/nulls=true/limit=1/last=false/aligned=false,67,67,0,5150,5150,0,0,0,0,0
restore/16384/domain=8/bytes=8/nulls=true/limit=1/last=false/aligned=true,72,72,0,4996,4996,0,0,0,0,0
restore/16384/domain=8/bytes=8/nulls=true/limit=1/last=true/aligned=false,67,67,0,5240,5240,0,0,0,0,0
restore/16384/domain=8/bytes=8/nulls=true/limit=1/last=true/aligned=true,72,72,0,4996,4996,0,0,0,0,0
restore/16384/domain=8/bytes=8/nulls=true/limit=4/last=false/aligned=false,67,67,0,6494,6494,0,0,0,0,0
restore/16384/domain=8/bytes=8/nulls=true/limit=4/last=false/aligned=true,72,72,0,4996,4996,0,0,0,0,0
restore/16384/domain=8/bytes=8/nulls=true/outer=false/aligned=false,49215,49215,0,1260126,1260126,0,0,0,0,0
restore/16384/domain=8/bytes=8/nulls=true/outer=false/aligned=true,71,71,0,4110,4110,0,0,0,0,0
restore/16384/domain=8/bytes=8/nulls=true/outer=true/aligned=false,49215,49215,0,1260126,1260126,0,0,0,0,0
restore/16384/domain=8/bytes=8/nulls=true/outer=true/aligned=true,71,71,0,4110,4110,0,0,0,0,0
restore/16384/keys=16384/bytes=264/nulls=false/aligned=false,24625,24625,0,2977189,2977189,0,0,0,0,0
restore/16384/keys=16384/bytes=264/nulls=false/aligned=true,76,76,0,4245,4245,0,0,0,0,0
restore/16384/keys=16384/bytes=264/nulls=true/aligned=false,24625,24625,0,2626189,2626189,0,0,0,0,0
restore/16384/keys=16384/bytes=264/nulls=true/aligned=true,76,76,0,4245,4245,0,0,0,0,0
restore/16384/keys=16384/bytes=8/nulls=false/aligned=false,24625,24625,0,667045,667045,0,0,0,0,0
restore/16384/keys=16384/bytes=8/nulls=false/aligned=true,70,70,0,4080,4080,0,0,0,0,0
restore/16384/keys=16384/bytes=8/nulls=true/aligned=false,24625,24625,0,645985,645985,0,0,0,0,0
restore/16384/keys=16384/bytes=8/nulls=true/aligned=true,70,70,0,4080,4080,0,0,0,0,0
restore/16384/keys=8/bytes=264/nulls=false/aligned=false,61,61,0,4945,4945,0,0,0,0,0
restore/16384/keys=8/bytes=264/nulls=false/aligned=true,70,70,0,4080,4080,0,0,0,0,0
restore/16384/keys=8/bytes=264/nulls=true/aligned=false,61,61,0,4645,4645,0,0,0,0,0
restore/16384/keys=8/bytes=264/nulls=true/aligned=true,70,70,0,4080,4080,0,0,0,0,0
restore/16384/keys=8/bytes=8/nulls=false/aligned=false,61,61,0,3817,3817,0,0,0,0,0
restore/16384/keys=8/bytes=8/nulls=false/aligned=true,70,70,0,4080,4080,0,0,0,0,0
restore/16384/keys=8/bytes=8/nulls=true/aligned=false,61,61,0,3799,3799,0,0,0,0,0
restore/16384/keys=8/bytes=8/nulls=true/aligned=true,70,70,0,4080,4080,0,0,0,0,0
session/checkpoint_after_fire/1024/domain=1024/bytes=264/nulls=false,19,19,0,480,480,0,0,0,0,0
session/checkpoint_after_fire/1024/domain=1024/bytes=264/nulls=true,19,19,0,480,480,0,0,0,0,0
session/checkpoint_after_fire/1024/domain=1024/bytes=8/nulls=false,19,19,0,480,480,0,0,0,0,0
session/checkpoint_after_fire/1024/domain=1024/bytes=8/nulls=true,19,19,0,480,480,0,0,0,0,0
session/checkpoint_after_fire/1024/domain=8/bytes=264/nulls=false,19,19,0,480,480,0,0,0,0,0
session/checkpoint_after_fire/1024/domain=8/bytes=264/nulls=true,19,19,0,480,480,0,0,0,0,0
session/checkpoint_after_fire/1024/domain=8/bytes=8/nulls=false,19,19,0,480,480,0,0,0,0,0
session/checkpoint_after_fire/1024/domain=8/bytes=8/nulls=true,19,19,0,480,480,0,0,0,0,0
session/checkpoint_after_fire/16/domain=16/bytes=264/nulls=false,19,19,0,480,480,0,0,0,0,0
session/checkpoint_after_fire/16/domain=16/bytes=264/nulls=true,19,19,0,480,480,0,0,0,0,0
session/checkpoint_after_fire/16/domain=16/bytes=8/nulls=false,19,19,0,480,480,0,0,0,0,0
session/checkpoint_after_fire/16/domain=16/bytes=8/nulls=true,19,19,0,480,480,0,0,0,0,0
session/checkpoint_after_fire/16/domain=8/bytes=264/nulls=false,19,19,0,480,480,0,0,0,0,0
session/checkpoint_after_fire/16/domain=8/bytes=264/nulls=true,19,19,0,480,480,0,0,0,0,0
session/checkpoint_after_fire/16/domain=8/bytes=8/nulls=false,19,19,0,480,480,0,0,0,0,0
session/checkpoint_after_fire/16/domain=8/bytes=8/nulls=true,19,19,0,480,480,0,0,0,0,0
session/checkpoint_after_fire/16384/domain=16384/bytes=264/nulls=false,38,38,0,858,858,0,0,0,0,0
session/checkpoint_after_fire/16384/domain=16384/bytes=264/nulls=true,35,35,0,827,827,0,0,0,0,0
session/checkpoint_after_fire/16384/domain=16384/bytes=8/nulls=false,28,28,0,573,573,0,0,0,0,0
session/checkpoint_after_fire/16384/domain=16384/bytes=8/nulls=true,25,25,0,542,542,0,0,0,0,0
session/checkpoint_after_fire/16384/domain=8/bytes=264/nulls=false,19,19,0,480,480,0,0,0,0,0
session/checkpoint_after_fire/16384/domain=8/bytes=264/nulls=true,19,19,0,480,480,0,0,0,0,0
session/checkpoint_after_fire/16384/domain=8/bytes=8/nulls=false,19,19,0,480,480,0,0,0,0,0
session/checkpoint_after_fire/16384/domain=8/bytes=8/nulls=true,19,19,0,480,480,0,0,0,0,0
session/fire/1024/domain=1024/bytes=264/nulls=false,16452,16452,0,2474834,2474834,0,0,0,307118,307118
session/fire/1024/domain=1024/bytes=264/nulls=true,15102,15102,0,2284182,2284182,0,0,0,279188,279188
session/fire/1024/domain=1024/bytes=8/nulls=false,16452,16452,0,1058482,1058482,0,0,0,44974,44974
session/fire/1024/domain=1024/bytes=8/nulls=true,15102,15102,0,997818,997818,0,0,0,41108,41108
session/fire/1024/domain=8/bytes=264/nulls=false,182,182,0,22002,22002,0,0,0,2388,2388
session/fire/1024/domain=8/bytes=264/nulls=true,204,204,0,24125,24125,0,0,0,2420,2420
session/fire/1024/domain=8/bytes=8/nulls=false,182,182,0,10930,10930,0,0,0,340,340
session/fire/1024/domain=8/bytes=8/nulls=true,204,204,0,13053,13053,0,0,0,372,372
session/fire/16/domain=16/bytes=264/nulls=false,312,312,0,41346,41346,0,0,0,4778,4778
session/fire/16/domain=16/bytes=264/nulls=true,302,302,0,38075,38075,0,0,0,4213,4213
session/fire/16/domain=16/bytes=8/nulls=false,312,312,0,19202,19202,0,0,0,682,682
session/fire/16/domain=16/bytes=8/nulls=true,302,302,0,18699,18699,0,0,0,629,629
session/fire/16/domain=8/bytes=264/nulls=false,182,182,0,22002,22002,0,0,0,2388,2388
session/fire/16/domain=8/bytes=264/nulls=true,204,204,0,24125,24125,0,0,0,2420,2420
session/fire/16/domain=8/bytes=8/nulls=false,182,182,0,10930,10930,0,0,0,340,340
session/fire/16/domain=8/bytes=8/nulls=true,204,204,0,13053,13053,0,0,0,372,372
session/fire/16384/domain=16384/bytes=264/nulls=false,262220,262220,0,39579474,39579474,0,0,0,4936862,4936862
session/fire/16384/domain=16384/bytes=264/nulls=true,240533,240533,0,36545705,36545705,0,0,0,4491646,4491646
session/fire/16384/domain=16384/bytes=8/nulls=false,262220,262220,0,17457842,17457842,0,0,0,742558,742558
session/fire/16384/domain=16384/bytes=8/nulls=true,240533,240533,0,16435869,16435869,0,0,0,678782,678782
session/fire/16384/domain=8/bytes=264/nulls=false,182,182,0,22002,22002,0,0,0,2388,2388
session/fire/16384/domain=8/bytes=264/nulls=true,204,204,0,24125,24125,0,0,0,2420,2420
session/fire/16384/domain=8/bytes=8/nulls=false,182,182,0,10930,10930,0,0,0,340,340
session/fire/16384/domain=8/bytes=8/nulls=true,204,204,0,13053,13053,0,0,0,372,372
session/merge/1024/domain=1024/bytes=264/nulls=false,83080,80008,-3072,10623448,10500568,-122880,0,0,0,0
session/merge/1024/domain=1024/bytes=264/nulls=true,78450,73800,-4650,9932063,9760943,-171120,0,0,0,0
session/merge/1024/domain=1024/bytes=8/nulls=false,83079,80008,-3071,5428970,5306146,-122824,0,0,0,0
session/merge/1024/domain=1024/bytes=8/nulls=true,78449,73800,-4649,5213961,5042897,-171064,0,0,0,0
session/merge/1024/domain=8/bytes=264/nulls=false,1769,1769,0,462080,462080,0,0,0,0,0
session/merge/1024/domain=8/bytes=264/nulls=true,1888,1888,0,445086,445086,0,0,0,0,0
session/merge/1024/domain=8/bytes=8/nulls=false,1769,1769,0,134986,134986,0,0,0,0,0
session/merge/1024/domain=8/bytes=8/nulls=true,1888,1888,0,144218,144218,0,0,0,0,0
session/merge/16/domain=16/bytes=264/nulls=false,1371,1323,-48,166320,164400,-1920,0,0,0,0
session/merge/16/domain=16/bytes=264/nulls=true,1345,1275,-70,154880,152304,-2576,0,0,0,0
session/merge/16/domain=16/bytes=8/nulls=false,1371,1323,-48,85130,83210,-1920,0,0,0,0
session/merge/16/domain=16/bytes=8/nulls=true,1345,1275,-70,83560,80984,-2576,0,0,0,0
session/merge/16/domain=8/bytes=264/nulls=false,721,721,0,86224,86224,0,0,0,0,0
session/merge/16/domain=8/bytes=264/nulls=true,835,825,-10,95766,95398,-368,0,0,0,0
session/merge/16/domain=8/bytes=8/nulls=false,721,721,0,43386,43386,0,0,0,0,0
session/merge/16/domain=8/bytes=8/nulls=true,835,825,-10,53210,52842,-368,0,0,0,0
session/merge/16384/domain=16384/bytes=264/nulls=false,1327279,1278127,-49152,169958048,167991968,-1966080,0,0,0,0
session/merge/16384/domain=16384/bytes=264/nulls=true,1252871,1178401,-74470,158966734,156226238,-2740496,0,0,0,0
session/merge/16384/domain=16384/bytes=8/nulls=false,1327279,1278127,-49152,89285098,87319018,-1966080,0,0,0,0
session/merge/16384/domain=16384/bytes=8/nulls=true,1252871,1178402,-74469,85630104,82889664,-2740440,0,0,0,0
session/merge/16384/domain=8/bytes=264/nulls=false,17169,17169,0,6256896,6256896,0,0,0,0,0
session/merge/16384/domain=8/bytes=264/nulls=true,17293,17293,0,5838430,5838430,0,0,0,0,0
session/merge/16384/domain=8/bytes=8/nulls=false,17169,17169,0,1598282,1598282,0,0,0,0,0
session/merge/16384/domain=8/bytes=8/nulls=true,17293,17293,0,1599714,1599714,0,0,0,0,0
session/restore_aligned/1024/domain=1024/bytes=264/nulls=false,132,132,0,7389,7389,0,0,0,0,0
session/restore_aligned/1024/domain=1024/bytes=264/nulls=true,132,132,0,7389,7389,0,0,0,0,0
session/restore_aligned/1024/domain=1024/bytes=8/nulls=false,132,132,0,7389,7389,0,0,0,0,0
session/restore_aligned/1024/domain=1024/bytes=8/nulls=true,132,132,0,7389,7389,0,0,0,0,0
session/restore_aligned/1024/domain=8/bytes=264/nulls=false,132,132,0,7389,7389,0,0,0,0,0
session/restore_aligned/1024/domain=8/bytes=264/nulls=true,132,132,0,7389,7389,0,0,0,0,0
session/restore_aligned/1024/domain=8/bytes=8/nulls=false,132,132,0,7389,7389,0,0,0,0,0
session/restore_aligned/1024/domain=8/bytes=8/nulls=true,132,132,0,7389,7389,0,0,0,0,0
session/restore_aligned/16/domain=16/bytes=264/nulls=false,132,132,0,7389,7389,0,0,0,0,0
session/restore_aligned/16/domain=16/bytes=264/nulls=true,132,132,0,7389,7389,0,0,0,0,0
session/restore_aligned/16/domain=16/bytes=8/nulls=false,132,132,0,7389,7389,0,0,0,0,0
session/restore_aligned/16/domain=16/bytes=8/nulls=true,132,132,0,7389,7389,0,0,0,0,0
session/restore_aligned/16/domain=8/bytes=264/nulls=false,132,132,0,7389,7389,0,0,0,0,0
session/restore_aligned/16/domain=8/bytes=264/nulls=true,132,132,0,7389,7389,0,0,0,0,0
session/restore_aligned/16/domain=8/bytes=8/nulls=false,132,132,0,7389,7389,0,0,0,0,0
session/restore_aligned/16/domain=8/bytes=8/nulls=true,132,132,0,7389,7389,0,0,0,0,0
session/restore_aligned/16384/domain=16384/bytes=264/nulls=false,150,150,0,7848,7848,0,0,0,0,0
session/restore_aligned/16384/domain=16384/bytes=264/nulls=true,168,168,0,8307,8307,0,0,0,0,0
session/restore_aligned/16384/domain=16384/bytes=8/nulls=false,144,144,0,7695,7695,0,0,0,0,0
session/restore_aligned/16384/domain=16384/bytes=8/nulls=true,138,138,0,7542,7542,0,0,0,0,0
session/restore_aligned/16384/domain=8/bytes=264/nulls=false,132,132,0,7389,7389,0,0,0,0,0
session/restore_aligned/16384/domain=8/bytes=264/nulls=true,132,132,0,7389,7389,0,0,0,0,0
session/restore_aligned/16384/domain=8/bytes=8/nulls=false,132,132,0,7389,7389,0,0,0,0,0
session/restore_aligned/16384/domain=8/bytes=8/nulls=true,132,132,0,7389,7389,0,0,0,0,0
session/restore_rebuilt/1024/domain=1024/bytes=264/nulls=false,2159,2159,0,344773,344773,0,0,0,0,0
session/restore_rebuilt/1024/domain=1024/bytes=264/nulls=true,1973,1973,0,313783,313783,0,0,0,0,0
session/restore_rebuilt/1024/domain=1024/bytes=8/nulls=false,2159,2159,0,56221,56221,0,0,0,0,0
session/restore_rebuilt/1024/domain=1024/bytes=8/nulls=true,1973,1973,0,51712,51712,0,0,0,0,0
session/restore_rebuilt/1024/domain=8/bytes=264/nulls=false,127,127,0,9493,9493,0,0,0,0,0
session/restore_rebuilt/1024/domain=8/bytes=264/nulls=true,129,129,0,9523,9523,0,0,0,0,0
session/restore_rebuilt/1024/domain=8/bytes=8/nulls=false,127,127,0,7237,7237,0,0,0,0,0
session/restore_rebuilt/1024/domain=8/bytes=8/nulls=true,129,129,0,7267,7267,0,0,0,0,0
session/restore_rebuilt/16/domain=16/bytes=264/nulls=false,143,143,0,12133,12133,0,0,0,0,0
session/restore_rebuilt/16/domain=16/bytes=264/nulls=true,141,141,0,11503,11503,0,0,0,0,0
session/restore_rebuilt/16/domain=16/bytes=8/nulls=false,143,143,0,7621,7621,0,0,0,0,0
session/restore_rebuilt/16/domain=16/bytes=8/nulls=true,141,141,0,7555,7555,0,0,0,0,0
session/restore_rebuilt/16/domain=8/bytes=264/nulls=false,127,127,0,9493,9493,0,0,0,0,0
session/restore_rebuilt/16/domain=8/bytes=264/nulls=true,129,129,0,9523,9523,0,0,0,0,0
session/restore_rebuilt/16/domain=8/bytes=8/nulls=false,127,127,0,7237,7237,0,0,0,0,0
session/restore_rebuilt/16/domain=8/bytes=8/nulls=true,129,129,0,7267,7267,0,0,0,0,0
session/restore_rebuilt/16384/domain=16384/bytes=264/nulls=false,32879,32879,0,5413573,5413573,0,0,0,0,0
session/restore_rebuilt/16384/domain=16384/bytes=264/nulls=true,29901,29901,0,4921903,4921903,0,0,0,0,0
session/restore_rebuilt/16384/domain=16384/bytes=8/nulls=false,32879,32879,0,931741,931741,0,0,0,0,0
session/restore_rebuilt/16384/domain=16384/bytes=8/nulls=true,29901,29901,0,847660,847660,0,0,0,0,0
session/restore_rebuilt/16384/domain=8/bytes=264/nulls=false,127,127,0,9493,9493,0,0,0,0,0
session/restore_rebuilt/16384/domain=8/bytes=264/nulls=true,129,129,0,9523,9523,0,0,0,0,0
session/restore_rebuilt/16384/domain=8/bytes=8/nulls=false,127,127,0,7237,7237,0,0,0,0,0
session/restore_rebuilt/16384/domain=8/bytes=8/nulls=true,129,129,0,7267,7267,0,0,0,0,0
temporal_join/build/1024/domain=1024/bytes=264/nulls=false,4110,4110,0,761764,761764,0,0,0,0,0
temporal_join/build/1024/domain=1024/bytes=264/nulls=true,4110,4110,0,674164,674164,0,0,0,0,0
temporal_join/build/1024/domain=1024/bytes=8/nulls=false,4110,4110,0,184660,184660,0,0,0,0,0
temporal_join/build/1024/domain=1024/bytes=8/nulls=true,4110,4110,0,179332,179332,0,0,0,0,0
temporal_join/build/1024/domain=8/bytes=264/nulls=false,46,46,0,6876,6876,0,0,0,0,0
temporal_join/build/1024/domain=8/bytes=264/nulls=true,46,46,0,6276,6276,0,0,0,0,0
temporal_join/build/1024/domain=8/bytes=8/nulls=false,46,46,0,2364,2364,0,0,0,0,0
temporal_join/build/1024/domain=8/bytes=8/nulls=true,46,46,0,2328,2328,0,0,0,0,0
temporal_join/build/16/domain=16/bytes=264/nulls=false,78,78,0,12820,12820,0,0,0,0,0
temporal_join/build/16/domain=16/bytes=264/nulls=true,78,78,0,11620,11620,0,0,0,0,0
temporal_join/build/16/domain=16/bytes=8/nulls=false,78,78,0,3796,3796,0,0,0,0,0
temporal_join/build/16/domain=16/bytes=8/nulls=true,78,78,0,3724,3724,0,0,0,0,0
temporal_join/build/16/domain=8/bytes=264/nulls=false,46,46,0,6876,6876,0,0,0,0,0
temporal_join/build/16/domain=8/bytes=264/nulls=true,46,46,0,6276,6276,0,0,0,0,0
temporal_join/build/16/domain=8/bytes=8/nulls=false,46,46,0,2364,2364,0,0,0,0,0
temporal_join/build/16/domain=8/bytes=8/nulls=true,46,46,0,2328,2328,0,0,0,0,0
temporal_join/build/16384/domain=16384/bytes=264/nulls=false,65550,65550,0,12174244,12174244,0,0,0,0,0
temporal_join/build/16384/domain=16384/bytes=264/nulls=true,65550,65550,0,10770244,10770244,0,0,0,0,0
temporal_join/build/16384/domain=16384/bytes=8/nulls=false,65550,65550,0,3210580,3210580,0,0,0,0,0
temporal_join/build/16384/domain=16384/bytes=8/nulls=true,65550,65550,0,3086776,3086776,0,0,0,0,0
temporal_join/build/16384/domain=8/bytes=264/nulls=false,46,46,0,6876,6876,0,0,0,0,0
temporal_join/build/16384/domain=8/bytes=264/nulls=true,46,46,0,6276,6276,0,0,0,0,0
temporal_join/build/16384/domain=8/bytes=8/nulls=false,46,46,0,2364,2364,0,0,0,0,0
temporal_join/build/16384/domain=8/bytes=8/nulls=true,46,46,0,2328,2328,0,0,0,0,0
temporal_join/checkpoint/1024/domain=1024/bytes=264/nulls=false,19,19,0,480,480,0,0,0,0,0
temporal_join/checkpoint/1024/domain=1024/bytes=264/nulls=true,19,19,0,480,480,0,0,0,0,0
temporal_join/checkpoint/1024/domain=1024/bytes=8/nulls=false,19,19,0,480,480,0,0,0,0,0
temporal_join/checkpoint/1024/domain=1024/bytes=8/nulls=true,19,19,0,480,480,0,0,0,0,0
temporal_join/checkpoint/1024/domain=8/bytes=264/nulls=false,19,19,0,480,480,0,0,0,0,0
temporal_join/checkpoint/1024/domain=8/bytes=264/nulls=true,19,19,0,480,480,0,0,0,0,0
temporal_join/checkpoint/1024/domain=8/bytes=8/nulls=false,19,19,0,480,480,0,0,0,0,0
temporal_join/checkpoint/1024/domain=8/bytes=8/nulls=true,19,19,0,480,480,0,0,0,0,0
temporal_join/checkpoint/16/domain=16/bytes=264/nulls=false,19,19,0,480,480,0,0,0,0,0
temporal_join/checkpoint/16/domain=16/bytes=264/nulls=true,19,19,0,480,480,0,0,0,0,0
temporal_join/checkpoint/16/domain=16/bytes=8/nulls=false,19,19,0,480,480,0,0,0,0,0
temporal_join/checkpoint/16/domain=16/bytes=8/nulls=true,19,19,0,480,480,0,0,0,0,0
temporal_join/checkpoint/16/domain=8/bytes=264/nulls=false,19,19,0,480,480,0,0,0,0,0
temporal_join/checkpoint/16/domain=8/bytes=264/nulls=true,19,19,0,480,480,0,0,0,0,0
temporal_join/checkpoint/16/domain=8/bytes=8/nulls=false,19,19,0,480,480,0,0,0,0,0
temporal_join/checkpoint/16/domain=8/bytes=8/nulls=true,19,19,0,480,480,0,0,0,0,0
temporal_join/checkpoint/16384/domain=16384/bytes=264/nulls=false,25,25,0,542,542,0,0,0,0,0
temporal_join/checkpoint/16384/domain=16384/bytes=264/nulls=true,25,25,0,542,542,0,0,0,0,0
temporal_join/checkpoint/16384/domain=16384/bytes=8/nulls=false,19,19,0,480,480,0,0,0,0,0
temporal_join/checkpoint/16384/domain=16384/bytes=8/nulls=true,19,19,0,480,480,0,0,0,0,0
temporal_join/checkpoint/16384/domain=8/bytes=264/nulls=false,22,22,0,511,511,0,0,0,0,0
temporal_join/checkpoint/16384/domain=8/bytes=264/nulls=true,22,22,0,511,511,0,0,0,0,0
temporal_join/checkpoint/16384/domain=8/bytes=8/nulls=false,19,19,0,480,480,0,0,0,0,0
temporal_join/checkpoint/16384/domain=8/bytes=8/nulls=true,19,19,0,480,480,0,0,0,0,0
temporal_join/fire/1024/domain=1024/bytes=264/nulls=false,24543,24543,0,6830124,6830124,0,0,0,460039,460039
temporal_join/fire/1024/domain=1024/bytes=264/nulls=true,24106,24106,0,5602518,5602518,0,0,0,400616,400616
temporal_join/fire/1024/domain=1024/bytes=8/nulls=false,24533,24533,0,2395452,2395452,0,0,0,66823,66823
temporal_join/fire/1024/domain=1024/bytes=8/nulls=true,24098,24098,0,2369286,2369286,0,0,0,63464,63464
temporal_join/fire/1024/domain=8/bytes=264/nulls=false,14210,14210,0,5485794,5485794,0,0,0,459058,459058
temporal_join/fire/1024/domain=8/bytes=264/nulls=true,13791,13791,0,4396388,4396388,0,0,0,402205,402205
temporal_join/fire/1024/domain=8/bytes=8/nulls=false,14200,14200,0,1910010,1910010,0,0,0,65842,65842
temporal_join/fire/1024/domain=8/bytes=8/nulls=true,13783,13783,0,1892570,1892570,0,0,0,62749,62749
temporal_join/fire/16/domain=16/bytes=264/nulls=false,523,523,0,112232,112232,0,0,0,7159,7159
temporal_join/fire/16/domain=16/bytes=264/nulls=true,517,517,0,94074,94074,0,0,0,6350,6350
temporal_join/fire/16/domain=16/bytes=8/nulls=false,518,518,0,46248,46248,0,0,0,1015,1015
temporal_join/fire/16/domain=16/bytes=8/nulls=true,514,514,0,46066,46066,0,0,0,974,974
temporal_join/fire/16/domain=8/bytes=264/nulls=false,441,441,0,100842,100842,0,0,0,7156,7156
temporal_join/fire/16/domain=8/bytes=264/nulls=true,435,435,0,83584,83584,0,0,0,6347,6347
temporal_join/fire/16/domain=8/bytes=8/nulls=false,436,436,0,41626,41626,0,0,0,1012,1012
temporal_join/fire/16/domain=8/bytes=8/nulls=true,432,432,0,41498,41498,0,0,0,971,971
temporal_join/fire/16384/domain=16384/bytes=264/nulls=false,389405,389405,0,109312716,109312716,0,0,0,7395055,7395055
temporal_join/fire/16384/domain=16384/bytes=264/nulls=true,382390,382390,0,89643808,89643808,0,0,0,6437741,6437741
temporal_join/fire/16384/domain=16384/bytes=8/nulls=false,389397,389397,0,39954396,39954396,0,0,0,1103599,1103599
temporal_join/fire/16384/domain=16384/bytes=8/nulls=true,382382,382382,0,38618236,38618236,0,0,0,1044845,1044845
temporal_join/fire/16384/domain=8/bytes=264/nulls=false,221692,221692,0,87639106,87639106,0,0,0,7367842,7367842
temporal_join/fire/16384/domain=8/bytes=264/nulls=true,214969,214969,0,70205240,70205240,0,0,0,6453835,6453835
temporal_join/fire/16384/domain=8/bytes=8/nulls=false,221683,221683,0,31457370,31457370,0,0,0,1076386,1076386
temporal_join/fire/16384/domain=8/bytes=8/nulls=true,214961,214961,0,30586820,30586820,0,0,0,1023563,1023563
temporal_join/probe/1024/domain=1024/bytes=264/nulls=false,4110,4110,0,769956,769956,0,0,0,0,0
temporal_join/probe/1024/domain=1024/bytes=264/nulls=true,4110,4110,0,682356,682356,0,0,0,0,0
temporal_join/probe/1024/domain=1024/bytes=8/nulls=false,4110,4110,0,192852,192852,0,0,0,0,0
temporal_join/probe/1024/domain=1024/bytes=8/nulls=true,4110,4110,0,187524,187524,0,0,0,0,0
temporal_join/probe/1024/domain=8/bytes=264/nulls=false,4110,4110,0,769956,769956,0,0,0,0,0
temporal_join/probe/1024/domain=8/bytes=264/nulls=true,4110,4110,0,682356,682356,0,0,0,0,0
temporal_join/probe/1024/domain=8/bytes=8/nulls=false,4110,4110,0,192852,192852,0,0,0,0,0
temporal_join/probe/1024/domain=8/bytes=8/nulls=true,4110,4110,0,187524,187524,0,0,0,0,0
temporal_join/probe/16/domain=16/bytes=264/nulls=false,78,78,0,12948,12948,0,0,0,0,0
temporal_join/probe/16/domain=16/bytes=264/nulls=true,78,78,0,11748,11748,0,0,0,0,0
temporal_join/probe/16/domain=16/bytes=8/nulls=false,78,78,0,3924,3924,0,0,0,0,0
temporal_join/probe/16/domain=16/bytes=8/nulls=true,78,78,0,3852,3852,0,0,0,0,0
temporal_join/probe/16/domain=8/bytes=264/nulls=false,78,78,0,12948,12948,0,0,0,0,0
temporal_join/probe/16/domain=8/bytes=264/nulls=true,78,78,0,11748,11748,0,0,0,0,0
temporal_join/probe/16/domain=8/bytes=8/nulls=false,78,78,0,3924,3924,0,0,0,0,0
temporal_join/probe/16/domain=8/bytes=8/nulls=true,78,78,0,3852,3852,0,0,0,0,0
temporal_join/probe/16384/domain=16384/bytes=264/nulls=false,65550,65550,0,12305316,12305316,0,0,0,0,0
temporal_join/probe/16384/domain=16384/bytes=264/nulls=true,65550,65550,0,10901316,10901316,0,0,0,0,0
temporal_join/probe/16384/domain=16384/bytes=8/nulls=false,65550,65550,0,3341652,3341652,0,0,0,0,0
temporal_join/probe/16384/domain=16384/bytes=8/nulls=true,65550,65550,0,3217848,3217848,0,0,0,0,0
temporal_join/probe/16384/domain=8/bytes=264/nulls=false,65550,65550,0,12305316,12305316,0,0,0,0,0
temporal_join/probe/16384/domain=8/bytes=264/nulls=true,65550,65550,0,10901316,10901316,0,0,0,0,0
temporal_join/probe/16384/domain=8/bytes=8/nulls=false,65550,65550,0,3341652,3341652,0,0,0,0,0
temporal_join/probe/16384/domain=8/bytes=8/nulls=true,65550,65550,0,3217848,3217848,0,0,0,0,0
temporal_join/restore_aligned/1024/domain=1024/bytes=264/nulls=false,4173,4173,0,713372,713372,0,0,0,0,0
temporal_join/restore_aligned/1024/domain=1024/bytes=264/nulls=true,4173,4173,0,625772,625772,0,0,0,0,0
temporal_join/restore_aligned/1024/domain=1024/bytes=8/nulls=false,4173,4173,0,136268,136268,0,0,0,0,0
temporal_join/restore_aligned/1024/domain=1024/bytes=8/nulls=true,4173,4173,0,130940,130940,0,0,0,0,0
temporal_join/restore_aligned/1024/domain=8/bytes=264/nulls=false,2141,2141,0,365900,365900,0,0,0,0,0
temporal_join/restore_aligned/1024/domain=8/bytes=264/nulls=true,2141,2141,0,321800,321800,0,0,0,0,0
temporal_join/restore_aligned/1024/domain=8/bytes=8/nulls=false,2141,2141,0,75092,75092,0,0,0,0,0
temporal_join/restore_aligned/1024/domain=8/bytes=8/nulls=true,2141,2141,0,72410,72410,0,0,0,0,0
temporal_join/restore_aligned/16/domain=16/bytes=264/nulls=false,141,141,0,15836,15836,0,0,0,0,0
temporal_join/restore_aligned/16/domain=16/bytes=264/nulls=true,141,141,0,14636,14636,0,0,0,0,0
temporal_join/restore_aligned/16/domain=16/bytes=8/nulls=false,141,141,0,6812,6812,0,0,0,0,0
temporal_join/restore_aligned/16/domain=16/bytes=8/nulls=true,141,141,0,6740,6740,0,0,0,0,0
temporal_join/restore_aligned/16/domain=8/bytes=264/nulls=false,125,125,0,13100,13100,0,0,0,0,0
temporal_join/restore_aligned/16/domain=8/bytes=264/nulls=true,125,125,0,12200,12200,0,0,0,0,0
temporal_join/restore_aligned/16/domain=8/bytes=8/nulls=false,125,125,0,6332,6332,0,0,0,0,0
temporal_join/restore_aligned/16/domain=8/bytes=8/nulls=true,125,125,0,6278,6278,0,0,0,0,0
temporal_join/restore_aligned/16384/domain=16384/bytes=264/nulls=false,65625,65625,0,11342798,11342798,0,0,0,0,0
temporal_join/restore_aligned/16384/domain=16384/bytes=264/nulls=true,65625,65625,0,9938798,9938798,0,0,0,0,0
temporal_join/restore_aligned/16384/domain=16384/bytes=8/nulls=false,65613,65613,0,2378828,2378828,0,0,0,0,0
temporal_join/restore_aligned/16384/domain=16384/bytes=8/nulls=true,65613,65613,0,2255024,2255024,0,0,0,0,0
temporal_join/restore_aligned/16384/domain=8/bytes=264/nulls=false,32867,32867,0,5742053,5742053,0,0,0,0,0
temporal_join/restore_aligned/16384/domain=8/bytes=264/nulls=true,32867,32867,0,5039753,5039753,0,0,0,0,0
temporal_join/restore_aligned/16384/domain=8/bytes=8/nulls=false,32861,32861,0,1257812,1257812,0,0,0,0,0
temporal_join/restore_aligned/16384/domain=8/bytes=8/nulls=true,32861,32861,0,1195892,1195892,0,0,0,0,0
temporal_join/restore_clipped/1024/domain=1024/bytes=264/nulls=false,8245,8245,0,1421367,1421367,0,0,0,0,0
temporal_join/restore_clipped/1024/domain=1024/bytes=264/nulls=true,8245,8245,0,1246167,1246167,0,0,0,0,0
temporal_join/restore_clipped/1024/domain=1024/bytes=8/nulls=false,8245,8245,0,267159,267159,0,0,0,0,0
temporal_join/restore_clipped/1024/domain=1024/bytes=8/nulls=true,8245,8245,0,256503,256503,0,0,0,0,0
temporal_join/restore_clipped/1024/domain=8/bytes=264/nulls=false,4181,4181,0,726423,726423,0,0,0,0,0
temporal_join/restore_clipped/1024/domain=8/bytes=264/nulls=true,4181,4181,0,638223,638223,0,0,0,0,0
temporal_join/restore_clipped/1024/domain=8/bytes=8/nulls=false,4181,4181,0,144807,144807,0,0,0,0,0
temporal_join/restore_clipped/1024/domain=8/bytes=8/nulls=true,4181,4181,0,139443,139443,0,0,0,0,0
temporal_join/restore_clipped/16/domain=16/bytes=264/nulls=false,181,181,0,26295,26295,0,0,0,0,0
temporal_join/restore_clipped/16/domain=16/bytes=264/nulls=true,181,181,0,23895,23895,0,0,0,0,0
temporal_join/restore_clipped/16/domain=16/bytes=8/nulls=false,181,181,0,8247,8247,0,0,0,0,0
temporal_join/restore_clipped/16/domain=16/bytes=8/nulls=true,181,181,0,8103,8103,0,0,0,0,0
temporal_join/restore_clipped/16/domain=8/bytes=264/nulls=false,149,149,0,20823,20823,0,0,0,0,0
temporal_join/restore_clipped/16/domain=8/bytes=264/nulls=true,149,149,0,19023,19023,0,0,0,0,0
temporal_join/restore_clipped/16/domain=8/bytes=8/nulls=false,149,149,0,7287,7287,0,0,0,0,0
temporal_join/restore_clipped/16/domain=8/bytes=8/nulls=true,149,149,0,7179,7179,0,0,0,0,0
temporal_join/restore_clipped/16384/domain=16384/bytes=264/nulls=false,131125,131125,0,22679607,22679607,0,0,0,0,0
temporal_join/restore_clipped/16384/domain=16384/bytes=264/nulls=true,131125,131125,0,19871607,19871607,0,0,0,0,0
temporal_join/restore_clipped/16384/domain=16384/bytes=8/nulls=false,131125,131125,0,4752279,4752279,0,0,0,0,0
temporal_join/restore_clipped/16384/domain=16384/bytes=8/nulls=true,131125,131125,0,4504671,4504671,0,0,0,0,0
temporal_join/restore_clipped/16384/domain=8/bytes=264/nulls=false,65621,65621,0,11478423,11478423,0,0,0,0,0
temporal_join/restore_clipped/16384/domain=8/bytes=264/nulls=true,65621,65621,0,10073823,10073823,0,0,0,0,0
temporal_join/restore_clipped/16384/domain=8/bytes=8/nulls=false,65621,65621,0,2510247,2510247,0,0,0,0,0
temporal_join/restore_clipped/16384/domain=8/bytes=8/nulls=true,65621,65621,0,2386407,2386407,0,0,0,0,0
temporal_sort/1024/bytes=264/nulls=false,4127,4127,0,1701240,1701240,0,0,0,286641,286641
temporal_sort/1024/bytes=264/nulls=true,4127,4127,0,1486936,1486936,0,0,0,247652,247652
temporal_sort/1024/bytes=8/nulls=false,4127,4127,0,284024,284024,0,0,0,24497,24497
temporal_sort/1024/bytes=8/nulls=true,4127,4127,0,271784,271784,0,0,0,22884,22884
temporal_sort/16/bytes=264/nulls=false,88,88,0,27400,27400,0,0,0,4459,4459
temporal_sort/16/bytes=264/nulls=true,88,88,0,24488,24488,0,0,0,3928,3928
temporal_sort/16/bytes=8/nulls=false,88,88,0,5256,5256,0,0,0,363,363
temporal_sort/16/bytes=8/nulls=true,88,88,0,5112,5112,0,0,0,344,344
temporal_sort/16384/bytes=264/nulls=false,65571,65571,0,27224440,27224440,0,0,0,4609186,4609186
temporal_sort/16384/bytes=264/nulls=true,65571,65571,0,23786232,23786232,0,0,0,3981019,3981019
temporal_sort/16384/bytes=8/nulls=false,65571,65571,0,4548984,4548984,0,0,0,414882,414882
temporal_sort/16384/bytes=8/nulls=true,65571,65571,0,4349336,4349336,0,0,0,385755,385755
temporal_sort_checkpoint/1024/bytes=264/nulls=false,17,17,0,431,431,0,0,0,0,0
temporal_sort_checkpoint/1024/bytes=264/nulls=true,17,17,0,431,431,0,0,0,0,0
temporal_sort_checkpoint/1024/bytes=8/nulls=false,17,17,0,431,431,0,0,0,0,0
temporal_sort_checkpoint/1024/bytes=8/nulls=true,17,17,0,431,431,0,0,0,0,0
temporal_sort_checkpoint/16/bytes=264/nulls=false,17,17,0,431,431,0,0,0,0,0
temporal_sort_checkpoint/16/bytes=264/nulls=true,17,17,0,431,431,0,0,0,0,0
temporal_sort_checkpoint/16/bytes=8/nulls=false,17,17,0,431,431,0,0,0,0,0
temporal_sort_checkpoint/16/bytes=8/nulls=true,17,17,0,431,431,0,0,0,0,0
temporal_sort_checkpoint/16384/bytes=264/nulls=false,20,20,0,462,462,0,0,0,0,0
temporal_sort_checkpoint/16384/bytes=264/nulls=true,20,20,0,462,462,0,0,0,0,0
temporal_sort_checkpoint/16384/bytes=8/nulls=false,17,17,0,431,431,0,0,0,0,0
temporal_sort_checkpoint/16384/bytes=8/nulls=true,17,17,0,431,431,0,0,0,0,0
temporal_sort_restore/1024/bytes=264/nulls=false/aligned=false,2088,2088,0,340761,340761,0,0,0,0,0
temporal_sort_restore/1024/bytes=264/nulls=false/aligned=true,62,62,0,3528,3528,0,0,0,0,0
temporal_sort_restore/1024/bytes=264/nulls=true/aligned=false,2088,2088,0,296961,296961,0,0,0,0,0
temporal_sort_restore/1024/bytes=264/nulls=true/aligned=true,62,62,0,3528,3528,0,0,0,0,0
temporal_sort_restore/1024/bytes=8/nulls=false/aligned=false,2088,2088,0,51993,51993,0,0,0,0,0
temporal_sort_restore/1024/bytes=8/nulls=false/aligned=true,62,62,0,3528,3528,0,0,0,0,0
temporal_sort_restore/1024/bytes=8/nulls=true/aligned=false,2088,2088,0,49365,49365,0,0,0,0,0
temporal_sort_restore/1024/bytes=8/nulls=true/aligned=true,62,62,0,3528,3528,0,0,0,0,0
temporal_sort_restore/16/bytes=264/nulls=false/aligned=false,72,72,0,8121,8121,0,0,0,0,0
temporal_sort_restore/16/bytes=264/nulls=false/aligned=true,62,62,0,3528,3528,0,0,0,0,0
temporal_sort_restore/16/bytes=264/nulls=true/aligned=false,72,72,0,7521,7521,0,0,0,0,0
temporal_sort_restore/16/bytes=264/nulls=true/aligned=true,62,62,0,3528,3528,0,0,0,0,0
temporal_sort_restore/16/bytes=8/nulls=false/aligned=false,72,72,0,3609,3609,0,0,0,0,0
temporal_sort_restore/16/bytes=8/nulls=false/aligned=true,62,62,0,3528,3528,0,0,0,0,0
temporal_sort_restore/16/bytes=8/nulls=true/aligned=false,72,72,0,3573,3573,0,0,0,0,0
temporal_sort_restore/16/bytes=8/nulls=true/aligned=true,62,62,0,3528,3528,0,0,0,0,0
temporal_sort_restore/16384/bytes=264/nulls=false/aligned=false,32808,32808,0,5409561,5409561,0,0,0,0,0
temporal_sort_restore/16384/bytes=264/nulls=false/aligned=true,68,68,0,3711,3711,0,0,0,0,0
temporal_sort_restore/16384/bytes=264/nulls=true/aligned=false,32808,32808,0,4707561,4707561,0,0,0,0,0
temporal_sort_restore/16384/bytes=264/nulls=true/aligned=true,68,68,0,3711,3711,0,0,0,0,0
temporal_sort_restore/16384/bytes=8/nulls=false/aligned=false,32808,32808,0,789273,789273,0,0,0,0,0
temporal_sort_restore/16384/bytes=8/nulls=false/aligned=true,62,62,0,3528,3528,0,0,0,0,0
temporal_sort_restore/16384/bytes=8/nulls=true/aligned=false,32808,32808,0,747153,747153,0,0,0,0,0
temporal_sort_restore/16384/bytes=8/nulls=true/aligned=true,62,62,0,3528,3528,0,0,0,0,0
tumbling/checkpoint_after_fire/1024/domain=1024/bytes=264/nulls=false,19,19,0,480,480,0,0,0,0,0
tumbling/checkpoint_after_fire/1024/domain=1024/bytes=264/nulls=true,19,19,0,480,480,0,0,0,0,0
tumbling/checkpoint_after_fire/1024/domain=1024/bytes=8/nulls=false,19,19,0,480,480,0,0,0,0,0
tumbling/checkpoint_after_fire/1024/domain=1024/bytes=8/nulls=true,19,19,0,480,480,0,0,0,0,0
tumbling/checkpoint_after_fire/1024/domain=8/bytes=264/nulls=false,19,19,0,480,480,0,0,0,0,0
tumbling/checkpoint_after_fire/1024/domain=8/bytes=264/nulls=true,19,19,0,480,480,0,0,0,0,0
tumbling/checkpoint_after_fire/1024/domain=8/bytes=8/nulls=false,19,19,0,480,480,0,0,0,0,0
tumbling/checkpoint_after_fire/1024/domain=8/bytes=8/nulls=true,19,19,0,480,480,0,0,0,0,0
tumbling/checkpoint_after_fire/16/domain=16/bytes=264/nulls=false,19,19,0,480,480,0,0,0,0,0
tumbling/checkpoint_after_fire/16/domain=16/bytes=264/nulls=true,19,19,0,480,480,0,0,0,0,0
tumbling/checkpoint_after_fire/16/domain=16/bytes=8/nulls=false,19,19,0,480,480,0,0,0,0,0
tumbling/checkpoint_after_fire/16/domain=16/bytes=8/nulls=true,19,19,0,480,480,0,0,0,0,0
tumbling/checkpoint_after_fire/16/domain=8/bytes=264/nulls=false,19,19,0,480,480,0,0,0,0,0
tumbling/checkpoint_after_fire/16/domain=8/bytes=264/nulls=true,19,19,0,480,480,0,0,0,0,0
tumbling/checkpoint_after_fire/16/domain=8/bytes=8/nulls=false,19,19,0,480,480,0,0,0,0,0
tumbling/checkpoint_after_fire/16/domain=8/bytes=8/nulls=true,19,19,0,480,480,0,0,0,0,0
tumbling/checkpoint_after_fire/16384/domain=16384/bytes=264/nulls=false,25,25,0,542,542,0,0,0,0,0
tumbling/checkpoint_after_fire/16384/domain=16384/bytes=264/nulls=true,22,22,0,511,511,0,0,0,0,0
tumbling/checkpoint_after_fire/16384/domain=16384/bytes=8/nulls=false,19,19,0,480,480,0,0,0,0,0
tumbling/checkpoint_after_fire/16384/domain=16384/bytes=8/nulls=true,19,19,0,480,480,0,0,0,0,0
tumbling/checkpoint_after_fire/16384/domain=8/bytes=264/nulls=false,19,19,0,480,480,0,0,0,0,0
tumbling/checkpoint_after_fire/16384/domain=8/bytes=264/nulls=true,19,19,0,480,480,0,0,0,0,0
tumbling/checkpoint_after_fire/16384/domain=8/bytes=8/nulls=false,19,19,0,480,480,0,0,0,0,0
tumbling/checkpoint_after_fire/16384/domain=8/bytes=8/nulls=true,19,19,0,480,480,0,0,0,0,0
tumbling/fire/1024/domain=1024/bytes=264/nulls=false,7241,7241,0,1043498,1043498,0,0,0,153561,153561
tumbling/fire/1024/domain=1024/bytes=264/nulls=true,6666,6666,0,961131,961131,0,0,0,139610,139610
tumbling/fire/1024/domain=1024/bytes=8/nulls=false,7241,7241,0,479598,479598,0,0,0,22489,22489
tumbling/fire/1024/domain=1024/bytes=8/nulls=true,6666,6666,0,448971,448971,0,0,0,20570,20570
tumbling/fire/1024/domain=8/bytes=264/nulls=false,108,108,0,10638,10638,0,0,0,1196,1196
tumbling/fire/1024/domain=8/bytes=264/nulls=true,129,129,0,12456,12456,0,0,0,1226,1226
tumbling/fire/1024/domain=8/bytes=8/nulls=false,108,108,0,6230,6230,0,0,0,172,172
tumbling/fire/1024/domain=8/bytes=8/nulls=true,129,129,0,8048,8048,0,0,0,202,202
tumbling/fire/16/domain=16/bytes=264/nulls=false,167,167,0,18722,18722,0,0,0,2391,2391
tumbling/fire/16/domain=16/bytes=264/nulls=true,171,171,0,17720,17720,0,0,0,2122,2122
tumbling/fire/16/domain=16/bytes=8/nulls=false,167,167,0,9906,9906,0,0,0,343,343
tumbling/fire/16/domain=16/bytes=8/nulls=true,171,171,0,10006,10006,0,0,0,330,330
tumbling/fire/16/domain=8/bytes=264/nulls=false,108,108,0,10638,10638,0,0,0,1196,1196
tumbling/fire/16/domain=8/bytes=264/nulls=true,129,129,0,12456,12456,0,0,0,1226,1226
tumbling/fire/16/domain=8/bytes=8/nulls=false,108,108,0,6230,6230,0,0,0,172,172
tumbling/fire/16/domain=8/bytes=8/nulls=true,129,129,0,8048,8048,0,0,0,202,202
tumbling/fire/16384/domain=16384/bytes=264/nulls=false,114773,114773,0,16669738,16669738,0,0,0,2468433,2468433
tumbling/fire/16384/domain=16384/bytes=264/nulls=true,105428,105428,0,15353503,15353503,0,0,0,2245838,2245838
tumbling/fire/16384/domain=16384/bytes=8/nulls=false,114773,114773,0,7849838,7849838,0,0,0,371281,371281
tumbling/fire/16384/domain=16384/bytes=8/nulls=true,105428,105428,0,7335693,7335693,0,0,0,339406,339406
tumbling/fire/16384/domain=8/bytes=264/nulls=false,108,108,0,10638,10638,0,0,0,1196,1196
tumbling/fire/16384/domain=8/bytes=264/nulls=true,129,129,0,12456,12456,0,0,0,1226,1226
tumbling/fire/16384/domain=8/bytes=8/nulls=false,108,108,0,6230,6230,0,0,0,172,172
tumbling/fire/16384/domain=8/bytes=8/nulls=true,129,129,0,8048,8048,0,0,0,202,202
tumbling/restore_aligned/1024/domain=1024/bytes=264/nulls=false,132,132,0,7389,7389,0,0,0,0,0
tumbling/restore_aligned/1024/domain=1024/bytes=264/nulls=true,132,132,0,7389,7389,0,0,0,0,0
tumbling/restore_aligned/1024/domain=1024/bytes=8/nulls=false,132,132,0,7389,7389,0,0,0,0,0
tumbling/restore_aligned/1024/domain=1024/bytes=8/nulls=true,132,132,0,7389,7389,0,0,0,0,0
tumbling/restore_aligned/1024/domain=8/bytes=264/nulls=false,132,132,0,7389,7389,0,0,0,0,0
tumbling/restore_aligned/1024/domain=8/bytes=264/nulls=true,132,132,0,7389,7389,0,0,0,0,0
tumbling/restore_aligned/1024/domain=8/bytes=8/nulls=false,132,132,0,7389,7389,0,0,0,0,0
tumbling/restore_aligned/1024/domain=8/bytes=8/nulls=true,132,132,0,7389,7389,0,0,0,0,0
tumbling/restore_aligned/16/domain=16/bytes=264/nulls=false,132,132,0,7389,7389,0,0,0,0,0
tumbling/restore_aligned/16/domain=16/bytes=264/nulls=true,132,132,0,7389,7389,0,0,0,0,0
tumbling/restore_aligned/16/domain=16/bytes=8/nulls=false,132,132,0,7389,7389,0,0,0,0,0
tumbling/restore_aligned/16/domain=16/bytes=8/nulls=true,132,132,0,7389,7389,0,0,0,0,0
tumbling/restore_aligned/16/domain=8/bytes=264/nulls=false,132,132,0,7389,7389,0,0,0,0,0
tumbling/restore_aligned/16/domain=8/bytes=264/nulls=true,132,132,0,7389,7389,0,0,0,0,0
tumbling/restore_aligned/16/domain=8/bytes=8/nulls=false,132,132,0,7389,7389,0,0,0,0,0
tumbling/restore_aligned/16/domain=8/bytes=8/nulls=true,132,132,0,7389,7389,0,0,0,0,0
tumbling/restore_aligned/16384/domain=16384/bytes=264/nulls=false,144,144,0,7695,7695,0,0,0,0,0
tumbling/restore_aligned/16384/domain=16384/bytes=264/nulls=true,138,138,0,7542,7542,0,0,0,0,0
tumbling/restore_aligned/16384/domain=16384/bytes=8/nulls=false,132,132,0,7389,7389,0,0,0,0,0
tumbling/restore_aligned/16384/domain=16384/bytes=8/nulls=true,132,132,0,7389,7389,0,0,0,0,0
tumbling/restore_aligned/16384/domain=8/bytes=264/nulls=false,132,132,0,7389,7389,0,0,0,0,0
tumbling/restore_aligned/16384/domain=8/bytes=264/nulls=true,132,132,0,7389,7389,0,0,0,0,0
tumbling/restore_aligned/16384/domain=8/bytes=8/nulls=false,132,132,0,7389,7389,0,0,0,0,0
tumbling/restore_aligned/16384/domain=8/bytes=8/nulls=true,132,132,0,7389,7389,0,0,0,0,0
tumbling/restore_rebuilt/1024/domain=1024/bytes=264/nulls=false,1135,1135,0,175812,175812,0,0,0,0,0
tumbling/restore_rebuilt/1024/domain=1024/bytes=264/nulls=true,1043,1043,0,160332,160332,0,0,0,0,0
tumbling/restore_rebuilt/1024/domain=1024/bytes=8/nulls=false,1135,1135,0,31536,31536,0,0,0,0,0
tumbling/restore_rebuilt/1024/domain=1024/bytes=8/nulls=true,1043,1043,0,29292,29292,0,0,0,0,0
tumbling/restore_rebuilt/1024/domain=8/bytes=264/nulls=false,119,119,0,8172,8172,0,0,0,0,0
tumbling/restore_rebuilt/1024/domain=8/bytes=264/nulls=true,121,121,0,8202,8202,0,0,0,0,0
tumbling/restore_rebuilt/1024/domain=8/bytes=8/nulls=false,119,119,0,7044,7044,0,0,0,0,0
tumbling/restore_rebuilt/1024/domain=8/bytes=8/nulls=true,121,121,0,7074,7074,0,0,0,0,0
tumbling/restore_rebuilt/16/domain=16/bytes=264/nulls=false,127,127,0,9492,9492,0,0,0,0,0
tumbling/restore_rebuilt/16/domain=16/bytes=264/nulls=true,127,127,0,9192,9192,0,0,0,0,0
tumbling/restore_rebuilt/16/domain=16/bytes=8/nulls=false,127,127,0,7236,7236,0,0,0,0,0
tumbling/restore_rebuilt/16/domain=16/bytes=8/nulls=true,127,127,0,7218,7218,0,0,0,0,0
tumbling/restore_rebuilt/16/domain=8/bytes=264/nulls=false,119,119,0,8172,8172,0,0,0,0,0
tumbling/restore_rebuilt/16/domain=8/bytes=264/nulls=true,121,121,0,8202,8202,0,0,0,0,0
tumbling/restore_rebuilt/16/domain=8/bytes=8/nulls=false,119,119,0,7044,7044,0,0,0,0,0
tumbling/restore_rebuilt/16/domain=8/bytes=8/nulls=true,121,121,0,7074,7074,0,0,0,0,0
tumbling/restore_rebuilt/16384/domain=16384/bytes=264/nulls=false,16495,16495,0,2710212,2710212,0,0,0,0,0
tumbling/restore_rebuilt/16384/domain=16384/bytes=264/nulls=true,15007,15007,0,2464392,2464392,0,0,0,0,0
tumbling/restore_rebuilt/16384/domain=16384/bytes=8/nulls=false,16495,16495,0,469296,469296,0,0,0,0,0
tumbling/restore_rebuilt/16384/domain=16384/bytes=8/nulls=true,15007,15007,0,427266,427266,0,0,0,0,0
tumbling/restore_rebuilt/16384/domain=8/bytes=264/nulls=false,119,119,0,8172,8172,0,0,0,0,0
tumbling/restore_rebuilt/16384/domain=8/bytes=264/nulls=true,121,121,0,8202,8202,0,0,0,0,0
tumbling/restore_rebuilt/16384/domain=8/bytes=8/nulls=false,119,119,0,7044,7044,0,0,0,0,0
tumbling/restore_rebuilt/16384/domain=8/bytes=8/nulls=true,121,121,0,7074,7074,0,0,0,0,0
tumbling/update/1024/domain=1024/bytes=264/nulls=false,17511,17511,0,3569978,3569978,0,0,0,0,0
tumbling/update/1024/domain=1024/bytes=264/nulls=true,17554,17554,0,3383966,3383966,0,0,0,0,0
tumbling/update/1024/domain=1024/bytes=8/nulls=false,17511,17511,0,1837898,1837898,0,0,0,0,0
tumbling/update/1024/domain=1024/bytes=8/nulls=true,17554,17554,0,1810772,1810772,0,0,0,0,0
tumbling/update/1024/domain=8/bytes=264/nulls=false,229,229,0,367346,367346,0,0,0,0,0
tumbling/update/1024/domain=8/bytes=264/nulls=true,294,294,0,343648,343648,0,0,0,0,0
tumbling/update/1024/domain=8/bytes=8/nulls=false,229,229,0,67042,67042,0,0,0,0,0
tumbling/update/1024/domain=8/bytes=8/nulls=true,294,294,0,69852,69852,0,0,0,0,0
tumbling/update/16/domain=16/bytes=264/nulls=false,332,332,0,57146,57146,0,0,0,0,0
tumbling/update/16/domain=16/bytes=264/nulls=true,358,358,0,54434,54434,0,0,0,0,0
tumbling/update/16/domain=16/bytes=8/nulls=false,332,332,0,29818,29818,0,0,0,0,0
tumbling/update/16/domain=16/bytes=8/nulls=true,358,358,0,30490,30490,0,0,0,0,0
tumbling/update/16/domain=8/bytes=264/nulls=false,189,189,0,31810,31810,0,0,0,0,0
tumbling/update/16/domain=8/bytes=264/nulls=true,244,244,0,34624,34624,0,0,0,0,0
tumbling/update/16/domain=8/bytes=8/nulls=false,189,189,0,15762,15762,0,0,0,0,0
tumbling/update/16/domain=8/bytes=8/nulls=true,244,244,0,19140,19140,0,0,0,0,0
tumbling/update/16384/domain=16384/bytes=264/nulls=false,278658,278658,0,57083906,57083906,0,0,0,0,0
tumbling/update/16384/domain=16384/bytes=264/nulls=true,278919,278919,0,54122090,54122090,0,0,0,0,0
tumbling/update/16384/domain=16384/bytes=8/nulls=false,278658,278658,0,30192658,30192658,0,0,0,0,0
tumbling/update/16384/domain=16384/bytes=8/nulls=true,278919,278919,0,29676376,29676376,0,0,0,0,0
tumbling/update/16384/domain=8/bytes=264/nulls=false,261,261,0,5482226,5482226,0,0,0,0,0
tumbling/update/16384/domain=8/bytes=264/nulls=true,334,334,0,5057056,5057056,0,0,0,0,0
tumbling/update/16384/domain=8/bytes=8/nulls=false,261,261,0,850402,850402,0,0,0,0,0
tumbling/update/16384/domain=8/bytes=8/nulls=true,334,334,0,845412,845412,0,0,0,0,0
update/1024/domain=1024/bytes=264/nulls=false/limit=1/last=false,15563,15563,0,5076730,5076730,0,0,0,0,0
update/1024/domain=1024/bytes=264/nulls=false/limit=1/last=true,15563,15563,0,5076730,5076730,0,0,0,0,0
update/1024/domain=1024/bytes=264/nulls=false/limit=4/last=false,17618,17618,0,7897764,7897764,0,0,0,0,0
update/1024/domain=1024/bytes=264/nulls=true/limit=1/last=false,15286,15286,0,4394322,4394322,0,0,0,0,0
update/1024/domain=1024/bytes=264/nulls=true/limit=1/last=true,15286,15286,0,4394322,4394322,0,0,0,0,0
update/1024/domain=1024/bytes=264/nulls=true/limit=4/last=false,17249,17249,0,6581420,6581420,0,0,0,0,0
update/1024/domain=1024/bytes=8/nulls=false/limit=1/last=false,15558,15558,0,2435242,2435242,0,0,0,0,0
update/1024/domain=1024/bytes=8/nulls=false/limit=1/last=true,15558,15558,0,2435242,2435242,0,0,0,0,0
update/1024/domain=1024/bytes=8/nulls=false/limit=4/last=false,17613,17613,0,3112668,3112668,0,0,0,0,0
update/1024/domain=1024/bytes=8/nulls=true/limit=1/last=false,15282,15282,0,2426340,2426340,0,0,0,0,0
update/1024/domain=1024/bytes=8/nulls=true/limit=1/last=true,15282,15282,0,2426340,2426340,0,0,0,0,0
update/1024/domain=1024/bytes=8/nulls=true/limit=4/last=false,17245,17245,0,3097625,3097625,0,0,0,0,0
update/1024/domain=8/bytes=264/nulls=false/limit=1/last=false,4403,4403,0,826506,826506,0,0,0,0,0
update/1024/domain=8/bytes=264/nulls=false/limit=1/last=true,4403,4403,0,826616,826616,0,0,0,0,0
update/1024/domain=8/bytes=264/nulls=false/limit=4/last=false,4595,4595,0,1007314,1007314,0,0,0,0,0
update/1024/domain=8/bytes=264/nulls=true/limit=1/last=false,4308,4308,0,791482,791482,0,0,0,0,0
update/1024/domain=8/bytes=264/nulls=true/limit=1/last=true,4306,4306,0,790118,790118,0,0,0,0,0
update/1024/domain=8/bytes=264/nulls=true/limit=4/last=false,4494,4494,0,943974,943974,0,0,0,0,0
update/1024/domain=8/bytes=8/nulls=false/limit=1/last=false,4400,4400,0,528714,528714,0,0,0,0,0
update/1024/domain=8/bytes=8/nulls=false/limit=1/last=true,4400,4400,0,528914,528914,0,0,0,0,0
update/1024/domain=8/bytes=8/nulls=false/limit=4/last=false,4590,4590,0,582898,582898,0,0,0,0,0
update/1024/domain=8/bytes=8/nulls=true/limit=1/last=false,4306,4306,0,527278,527278,0,0,0,0,0
update/1024/domain=8/bytes=8/nulls=true/limit=1/last=true,4304,4304,0,527318,527318,0,0,0,0,0
update/1024/domain=8/bytes=8/nulls=true/limit=4/last=false,4489,4489,0,581452,581452,0,0,0,0,0
update/16/domain=16/bytes=264/nulls=false/limit=1/last=false,371,371,0,83654,83654,0,0,0,0,0
update/16/domain=16/bytes=264/nulls=false/limit=1/last=true,371,371,0,83654,83654,0,0,0,0,0
update/16/domain=16/bytes=264/nulls=false/limit=4/last=false,410,410,0,127708,127708,0,0,0,0,0
update/16/domain=16/bytes=264/nulls=true/limit=1/last=false,368,368,0,72367,72367,0,0,0,0,0
update/16/domain=16/bytes=264/nulls=true/limit=1/last=true,368,368,0,72367,72367,0,0,0,0,0
update/16/domain=16/bytes=264/nulls=true/limit=4/last=false,405,405,0,105888,105888,0,0,0,0,0
update/16/domain=16/bytes=8/nulls=false/limit=1/last=false,368,368,0,43910,43910,0,0,0,0,0
update/16/domain=16/bytes=8/nulls=false/limit=1/last=true,368,368,0,43910,43910,0,0,0,0,0
update/16/domain=16/bytes=8/nulls=false/limit=4/last=false,406,406,0,53948,53948,0,0,0,0,0
update/16/domain=16/bytes=8/nulls=true/limit=1/last=false,366,366,0,43991,43991,0,0,0,0,0
update/16/domain=16/bytes=8/nulls=true/limit=1/last=true,366,366,0,43991,43991,0,0,0,0,0
update/16/domain=16/bytes=8/nulls=true/limit=4/last=false,402,402,0,53892,53892,0,0,0,0,0
update/16/domain=8/bytes=264/nulls=false/limit=1/last=false,371,371,0,83654,83654,0,0,0,0,0
update/16/domain=8/bytes=264/nulls=false/limit=1/last=true,371,371,0,83654,83654,0,0,0,0,0
update/16/domain=8/bytes=264/nulls=false/limit=4/last=false,410,410,0,127708,127708,0,0,0,0,0
update/16/domain=8/bytes=264/nulls=true/limit=1/last=false,368,368,0,72367,72367,0,0,0,0,0
update/16/domain=8/bytes=264/nulls=true/limit=1/last=true,368,368,0,72367,72367,0,0,0,0,0
update/16/domain=8/bytes=264/nulls=true/limit=4/last=false,405,405,0,105888,105888,0,0,0,0,0
update/16/domain=8/bytes=8/nulls=false/limit=1/last=false,368,368,0,43910,43910,0,0,0,0,0
update/16/domain=8/bytes=8/nulls=false/limit=1/last=true,368,368,0,43910,43910,0,0,0,0,0
update/16/domain=8/bytes=8/nulls=false/limit=4/last=false,406,406,0,53948,53948,0,0,0,0,0
update/16/domain=8/bytes=8/nulls=true/limit=1/last=false,366,366,0,43991,43991,0,0,0,0,0
update/16/domain=8/bytes=8/nulls=true/limit=1/last=true,366,366,0,43991,43991,0,0,0,0,0
update/16/domain=8/bytes=8/nulls=true/limit=4/last=false,402,402,0,53892,53892,0,0,0,0,0
update/16384/domain=16384/bytes=264/nulls=false/limit=1/last=false,246011,246011,0,81251466,81251466,0,0,0,0,0
update/16384/domain=16384/bytes=264/nulls=false/limit=1/last=true,246011,246011,0,81251466,81251466,0,0,0,0,0
update/16384/domain=16384/bytes=264/nulls=false/limit=4/last=false,278786,278786,0,126411044,126411044,0,0,0,0,0
update/16384/domain=16384/bytes=264/nulls=true/limit=1/last=false,241554,241554,0,70348058,70348058,0,0,0,0,0
update/16384/domain=16384/bytes=264/nulls=true/limit=1/last=true,241554,241554,0,70348058,70348058,0,0,0,0,0
update/16384/domain=16384/bytes=264/nulls=true/limit=4/last=false,272841,272841,0,105378972,105378972,0,0,0,0,0
update/16384/domain=16384/bytes=8/nulls=false/limit=1/last=false,246007,246007,0,39781946,39781946,0,0,0,0,0
update/16384/domain=16384/bytes=8/nulls=false/limit=1/last=true,246007,246007,0,39781946,39781946,0,0,0,0,0
update/16384/domain=16384/bytes=8/nulls=false/limit=4/last=false,278782,278782,0,51573084,51573084,0,0,0,0,0
update/16384/domain=16384/bytes=8/nulls=true/limit=1/last=false,241550,241550,0,39083796,39083796,0,0,0,0,0
update/16384/domain=16384/bytes=8/nulls=true/limit=1/last=true,241550,241550,0,39083796,39083796,0,0,0,0,0
update/16384/domain=16384/bytes=8/nulls=true/limit=4/last=false,272837,272837,0,50214797,50214797,0,0,0,0,0
update/16384/domain=8/bytes=264/nulls=false/limit=1/last=false,65843,65843,0,12168570,12168570,0,0,0,0,0
update/16384/domain=8/bytes=264/nulls=false/limit=1/last=true,65843,65843,0,12168734,12168734,0,0,0,0,0
update/16384/domain=8/bytes=264/nulls=false/limit=4/last=false,66035,66035,0,12349378,12349378,0,0,0,0,0
update/16384/domain=8/bytes=264/nulls=true/limit=1/last=false,64352,64352,0,11751858,11751858,0,0,0,0,0
update/16384/domain=8/bytes=264/nulls=true/limit=1/last=true,64353,64353,0,11760202,11760202,0,0,0,0,0
update/16384/domain=8/bytes=264/nulls=true/limit=4/last=false,64538,64538,0,11904350,11904350,0,0,0,0,0
update/16384/domain=8/bytes=8/nulls=false/limit=1/last=false,65840,65840,0,7938618,7938618,0,0,0,0,0
update/16384/domain=8/bytes=8/nulls=false/limit=1/last=true,65840,65840,0,7939070,7939070,0,0,0,0,0
update/16384/domain=8/bytes=8/nulls=false/limit=4/last=false,66030,66030,0,7992802,7992802,0,0,0,0,0
update/16384/domain=8/bytes=8/nulls=true/limit=1/last=false,64350,64350,0,7912870,7912870,0,0,0,0,0
update/16384/domain=8/bytes=8/nulls=true/limit=1/last=true,64350,64350,0,7913292,7913292,0,0,0,0,0
update/16384/domain=8/bytes=8/nulls=true/limit=4/last=false,64533,64533,0,7967044,7967044,0,0,0,0,0
watermark_expire/1024/domain=1024/bytes=264/nulls=false/outer=false,5651,5651,0,1311008,1311008,0,0,0,0,0
watermark_expire/1024/domain=1024/bytes=264/nulls=false/outer=true,5719,5719,0,1495584,1495584,0,0,0,159904,159904
watermark_expire/1024/domain=1024/bytes=264/nulls=true/outer=false,5651,5651,0,1157708,1157708,0,0,0,0,0
watermark_expire/1024/domain=1024/bytes=264/nulls=true/outer=true,5719,5719,0,1322444,1322444,0,0,0,140117,140117
watermark_expire/1024/domain=1024/bytes=8/nulls=false/outer=false,5651,5651,0,300770,300770,0,0,0,0,0
watermark_expire/1024/domain=1024/bytes=8/nulls=false/outer=true,5719,5719,0,354274,354274,0,0,0,28832,28832
watermark_expire/1024/domain=1024/bytes=8/nulls=true/outer=false,5651,5651,0,291500,291500,0,0,0,0,0
watermark_expire/1024/domain=1024/bytes=8/nulls=true/outer=true,5719,5719,0,343852,343852,0,0,0,27733,27733
watermark_expire/1024/domain=8/bytes=264/nulls=false/outer=false,3104,3104,0,761860,761860,0,0,0,0,0
watermark_expire/1024/domain=8/bytes=264/nulls=false/outer=true,3172,3172,0,946436,946436,0,0,0,159904,159904
watermark_expire/1024/domain=8/bytes=264/nulls=true/outer=false,3104,3104,0,674260,674260,0,0,0,0,0
watermark_expire/1024/domain=8/bytes=264/nulls=true/outer=true,3172,3172,0,838996,838996,0,0,0,140117,140117
watermark_expire/1024/domain=8/bytes=8/nulls=false/outer=false,3104,3104,0,181390,181390,0,0,0,0,0
watermark_expire/1024/domain=8/bytes=8/nulls=false/outer=true,3172,3172,0,234894,234894,0,0,0,28832,28832
watermark_expire/1024/domain=8/bytes=8/nulls=true/outer=false,3104,3104,0,176062,176062,0,0,0,0,0
watermark_expire/1024/domain=8/bytes=8/nulls=true/outer=true,3172,3172,0,228414,228414,0,0,0,27733,27733
watermark_expire/16/domain=16/bytes=264/nulls=false/outer=false,95,95,0,20264,20264,0,0,0,0,0
watermark_expire/16/domain=16/bytes=264/nulls=false/outer=true,157,157,0,27043,27043,0,0,0,2495,2495
watermark_expire/16/domain=16/bytes=264/nulls=true/outer=false,95,95,0,18164,18164,0,0,0,0,0
watermark_expire/16/domain=16/bytes=264/nulls=true/outer=true,157,157,0,24687,24687,0,0,0,2225,2225
watermark_expire/16/domain=16/bytes=8/nulls=false/outer=false,95,95,0,4472,4472,0,0,0,0,0
watermark_expire/16/domain=16/bytes=8/nulls=false/outer=true,157,157,0,9203,9203,0,0,0,447,447
watermark_expire/16/domain=16/bytes=8/nulls=true/outer=false,95,95,0,4346,4346,0,0,0,0,0
watermark_expire/16/domain=16/bytes=8/nulls=true/outer=true,157,157,0,9077,9077,0,0,0,433,433
watermark_expire/16/domain=8/bytes=264/nulls=false/outer=false,74,74,0,15940,15940,0,0,0,0,0
watermark_expire/16/domain=8/bytes=264/nulls=false/outer=true,136,136,0,22719,22719,0,0,0,2495,2495
watermark_expire/16/domain=8/bytes=264/nulls=true/outer=false,74,74,0,14740,14740,0,0,0,0,0
watermark_expire/16/domain=8/bytes=264/nulls=true/outer=true,136,136,0,21263,21263,0,0,0,2225,2225
watermark_expire/16/domain=8/bytes=8/nulls=false/outer=false,74,74,0,3532,3532,0,0,0,0,0
watermark_expire/16/domain=8/bytes=8/nulls=false/outer=true,136,136,0,8263,8263,0,0,0,447,447
watermark_expire/16/domain=8/bytes=8/nulls=true/outer=false,74,74,0,3460,3460,0,0,0,0,0
watermark_expire/16/domain=8/bytes=8/nulls=true/outer=true,136,136,0,8191,8191,0,0,0,433,433
watermark_expire/16384/domain=16384/bytes=264/nulls=false/outer=false,90139,90139,0,20979488,20979488,0,0,0,0,0
watermark_expire/16384/domain=16384/bytes=264/nulls=false/outer=true,90211,90211,0,23884064,23884064,0,0,0,2569817,2569817
watermark_expire/16384/domain=16384/bytes=264/nulls=true/outer=false,90139,90139,0,18522488,18522488,0,0,0,0,0
watermark_expire/16384/domain=16384/bytes=264/nulls=true/outer=true,90211,90211,0,21107256,21107256,0,0,0,2251053,2251053
watermark_expire/16384/domain=16384/bytes=8/nulls=false/outer=false,90139,90139,0,5279621,5279621,0,0,0,0,0
watermark_expire/16384/domain=16384/bytes=8/nulls=false/outer=true,90211,90211,0,6087045,6087045,0,0,0,472665,472665
watermark_expire/16384/domain=16384/bytes=8/nulls=true/outer=false,90139,90139,0,5064881,5064881,0,0,0,0,0
watermark_expire/16384/domain=16384/bytes=8/nulls=true/outer=true,90211,90211,0,5852017,5852017,0,0,0,453421,453421
watermark_expire/16384/domain=8/bytes=264/nulls=false/outer=false,49188,49188,0,12128260,12128260,0,0,0,0,0
watermark_expire/16384/domain=8/bytes=264/nulls=false/outer=true,49260,49260,0,15032836,15032836,0,0,0,2569817,2569817
watermark_expire/16384/domain=8/bytes=264/nulls=true/outer=false,49188,49188,0,10724260,10724260,0,0,0,0,0
watermark_expire/16384/domain=8/bytes=264/nulls=true/outer=true,49260,49260,0,13309028,13309028,0,0,0,2251053,2251053
watermark_expire/16384/domain=8/bytes=8/nulls=false/outer=false,49188,49188,0,3161230,3161230,0,0,0,0,0
watermark_expire/16384/domain=8/bytes=8/nulls=false/outer=true,49260,49260,0,3968654,3968654,0,0,0,472665,472665
watermark_expire/16384/domain=8/bytes=8/nulls=true/outer=false,49188,49188,0,3037426,3037426,0,0,0,0,0
watermark_expire/16384/domain=8/bytes=8/nulls=true/outer=true,49260,49260,0,3824562,3824562,0,0,0,453421,453421
