case,sample,iterations,elapsed_ns,sampling_mode
engine/rocksdb/updating_join/updating_join/checkpoint/16384/domain=1/bytes=264/nulls=true/mini_batch=false,0,1.0,34968690.0,Flat
engine/rocksdb/updating_join/updating_join/checkpoint/16384/domain=1/bytes=264/nulls=true/mini_batch=false,1,1.0,40992904.0,Flat
engine/rocksdb/updating_join/updating_join/checkpoint/16384/domain=1/bytes=264/nulls=true/mini_batch=false,2,1.0,41622600.0,Flat
engine/rocksdb/updating_join/updating_join/checkpoint/16384/domain=1/bytes=264/nulls=true/mini_batch=false,3,1.0,32080727.0,Flat
engine/rocksdb/updating_join/updating_join/checkpoint/16384/domain=1/bytes=264/nulls=true/mini_batch=false,4,1.0,44682296.0,Flat
engine/rocksdb/updating_join/updating_join/checkpoint/16384/domain=1/bytes=264/nulls=true/mini_batch=false,5,1.0,41532552.0,Flat
engine/rocksdb/updating_join/updating_join/checkpoint/16384/domain=1/bytes=264/nulls=true/mini_batch=false,6,1.0,34124296.0,Flat
engine/rocksdb/updating_join/updating_join/checkpoint/16384/domain=1/bytes=264/nulls=true/mini_batch=false,7,1.0,44462035.0,Flat
engine/rocksdb/updating_join/updating_join/checkpoint/16384/domain=1/bytes=264/nulls=true/mini_batch=false,8,1.0,43704341.0,Flat
engine/rocksdb/updating_join/updating_join/checkpoint/16384/domain=1/bytes=264/nulls=true/mini_batch=false,9,1.0,33712912.0,Flat
engine/rocksdb/updating_join/updating_join/checkpoint/16384/domain=1/bytes=264/nulls=true/mini_batch=false,10,1.0,41645670.0,Flat
engine/rocksdb/updating_join/updating_join/checkpoint/16384/domain=1/bytes=264/nulls=true/mini_batch=false,11,1.0,42239630.0,Flat
engine/rocksdb/updating_join/updating_join/checkpoint/16384/domain=1/bytes=264/nulls=true/mini_batch=false,12,1.0,36304215.0,Flat
engine/rocksdb/updating_join/updating_join/checkpoint/16384/domain=1/bytes=264/nulls=true/mini_batch=false,13,1.0,41180315.0,Flat
engine/rocksdb/updating_join/updating_join/checkpoint/16384/domain=1/bytes=264/nulls=true/mini_batch=false,14,1.0,33043954.0,Flat
engine/rocksdb/updating_join/updating_join/checkpoint/16384/domain=1/bytes=264/nulls=true/mini_batch=false,15,1.0,41205888.0,Flat
engine/rocksdb/updating_join/updating_join/checkpoint/16384/domain=1/bytes=264/nulls=true/mini_batch=false,16,1.0,44096840.0,Flat
engine/rocksdb/updating_join/updating_join/checkpoint/16384/domain=1/bytes=264/nulls=true/mini_batch=false,17,1.0,42373797.0,Flat
engine/rocksdb/updating_join/updating_join/checkpoint/16384/domain=1/bytes=264/nulls=true/mini_batch=false,18,1.0,44427025.0,Flat
engine/rocksdb/updating_join/updating_join/checkpoint/16384/domain=1/bytes=264/nulls=true/mini_batch=false,19,1.0,39541002.0,Flat
engine/rocksdb/updating_join/updating_join/checkpoint/16384/domain=1/bytes=264/nulls=true/mini_batch=false,20,1.0,39687651.0,Flat
engine/rocksdb/updating_join/updating_join/checkpoint/16384/domain=1/bytes=264/nulls=true/mini_batch=false,21,1.0,35080695.0,Flat
engine/rocksdb/updating_join/updating_join/checkpoint/16384/domain=1/bytes=264/nulls=true/mini_batch=false,22,1.0,43346929.0,Flat
engine/rocksdb/updating_join/updating_join/checkpoint/16384/domain=1/bytes=264/nulls=true/mini_batch=false,23,1.0,41300886.0,Flat
engine/rocksdb/updating_join/updating_join/checkpoint/16384/domain=1/bytes=264/nulls=true/mini_batch=false,24,1.0,32784232.0,Flat
engine/rocksdb/updating_join/updating_join/checkpoint/16384/domain=1/bytes=264/nulls=true/mini_batch=false,25,1.0,39382898.0,Flat
engine/rocksdb/updating_join/updating_join/checkpoint/16384/domain=1/bytes=264/nulls=true/mini_batch=false,26,1.0,41644395.0,Flat
engine/rocksdb/updating_join/updating_join/checkpoint/16384/domain=1/bytes=264/nulls=true/mini_batch=false,27,1.0,42758257.0,Flat
engine/rocksdb/updating_join/updating_join/checkpoint/16384/domain=1/bytes=264/nulls=true/mini_batch=false,28,1.0,39343029.0,Flat
engine/rocksdb/updating_join/updating_join/checkpoint/16384/domain=1/bytes=264/nulls=true/mini_batch=false,29,1.0,43387035.0,Flat
engine/rocksdb/updating_join/updating_join/checkpoint/16384/domain=1/bytes=264/nulls=true/mini_batch=false,30,1.0,41213108.0,Flat
engine/rocksdb/updating_join/updating_join/checkpoint/16384/domain=1/bytes=264/nulls=true/mini_batch=false,31,1.0,44331351.0,Flat
engine/rocksdb/updating_join/updating_join/checkpoint/16384/domain=1/bytes=264/nulls=true/mini_batch=false,32,1.0,44439743.0,Flat
engine/rocksdb/updating_join/updating_join/checkpoint/16384/domain=1/bytes=264/nulls=true/mini_batch=false,33,1.0,42871523.0,Flat
engine/rocksdb/updating_join/updating_join/checkpoint/16384/domain=1/bytes=264/nulls=true/mini_batch=false,34,1.0,43443457.0,Flat
engine/rocksdb/updating_join/updating_join/checkpoint/16384/domain=1/bytes=264/nulls=true/mini_batch=false,35,1.0,41164295.0,Flat
engine/rocksdb/updating_join/updating_join/checkpoint/16384/domain=1/bytes=264/nulls=true/mini_batch=false,36,1.0,41884267.0,Flat
engine/rocksdb/updating_join/updating_join/checkpoint/16384/domain=1/bytes=264/nulls=true/mini_batch=false,37,1.0,53728173.0,Flat
engine/rocksdb/updating_join/updating_join/checkpoint/16384/domain=1/bytes=264/nulls=true/mini_batch=false,38,1.0,44335760.0,Flat
engine/rocksdb/updating_join/updating_join/checkpoint/16384/domain=1/bytes=264/nulls=true/mini_batch=false,39,1.0,48020166.0,Flat
engine/rocksdb/updating_join/updating_join/checkpoint/16384/domain=1/bytes=264/nulls=true/mini_batch=false,40,1.0,41648998.0,Flat
engine/rocksdb/updating_join/updating_join/checkpoint/16384/domain=1/bytes=264/nulls=true/mini_batch=false,41,1.0,63189024.0,Flat
engine/rocksdb/updating_join/updating_join/checkpoint/16384/domain=1/bytes=264/nulls=true/mini_batch=false,42,1.0,56408869.0,Flat
engine/rocksdb/updating_join/updating_join/checkpoint/16384/domain=1/bytes=264/nulls=true/mini_batch=false,43,1.0,67407406.0,Flat
engine/rocksdb/updating_join/updating_join/checkpoint/16384/domain=1/bytes=264/nulls=true/mini_batch=false,44,1.0,73634971.0,Flat
engine/rocksdb/updating_join/updating_join/checkpoint/16384/domain=1/bytes=264/nulls=true/mini_batch=false,45,1.0,48513550.0,Flat
engine/rocksdb/updating_join/updating_join/checkpoint/16384/domain=1/bytes=264/nulls=true/mini_batch=false,46,1.0,84571737.0,Flat
engine/rocksdb/updating_join/updating_join/checkpoint/16384/domain=1/bytes=264/nulls=true/mini_batch=false,47,1.0,24528705.0,Flat
engine/rocksdb/updating_join/updating_join/checkpoint/16384/domain=1/bytes=264/nulls=true/mini_batch=false,48,1.0,36129920.0,Flat
engine/rocksdb/updating_join/updating_join/checkpoint/16384/domain=1/bytes=264/nulls=true/mini_batch=false,49,1.0,30928878.0,Flat
engine/rocksdb/updating_join/updating_join/checkpoint/16384/domain=1/bytes=264/nulls=true/mini_batch=false,50,1.0,30719420.0,Flat
engine/rocksdb/updating_join/updating_join/checkpoint/16384/domain=1/bytes=264/nulls=true/mini_batch=false,51,1.0,42361010.0,Flat
engine/rocksdb/updating_join/updating_join/checkpoint/16384/domain=1/bytes=264/nulls=true/mini_batch=false,52,1.0,33630788.0,Flat
engine/rocksdb/updating_join/updating_join/checkpoint/16384/domain=1/bytes=264/nulls=true/mini_batch=false,53,1.0,43749720.0,Flat
engine/rocksdb/updating_join/updating_join/checkpoint/16384/domain=1/bytes=264/nulls=true/mini_batch=false,54,1.0,43231307.0,Flat
engine/rocksdb/updating_join/updating_join/checkpoint/16384/domain=1/bytes=264/nulls=true/mini_batch=false,55,1.0,44512571.0,Flat
engine/rocksdb/updating_join/updating_join/checkpoint/16384/domain=1/bytes=264/nulls=true/mini_batch=false,56,1.0,43803194.0,Flat
engine/rocksdb/updating_join/updating_join/checkpoint/16384/domain=1/bytes=264/nulls=true/mini_batch=false,57,1.0,40959077.0,Flat
engine/rocksdb/updating_join/updating_join/checkpoint/16384/domain=1/bytes=264/nulls=true/mini_batch=false,58,1.0,41325386.0,Flat
engine/rocksdb/updating_join/updating_join/checkpoint/16384/domain=1/bytes=264/nulls=true/mini_batch=false,59,1.0,40177889.0,Flat
engine/rocksdb/updating_join/updating_join/checkpoint/16384/domain=1/bytes=264/nulls=true/mini_batch=false,60,1.0,39437368.0,Flat
engine/rocksdb/updating_join/updating_join/checkpoint/16384/domain=1/bytes=264/nulls=true/mini_batch=false,61,1.0,79811738.0,Flat
engine/rocksdb/updating_join/updating_join/checkpoint/16384/domain=1/bytes=264/nulls=true/mini_batch=false,62,1.0,40003579.0,Flat
engine/rocksdb/updating_join/updating_join/checkpoint/16384/domain=1/bytes=264/nulls=true/mini_batch=false,63,1.0,40682796.0,Flat
engine/rocksdb/updating_join/updating_join/checkpoint/16384/domain=1/bytes=264/nulls=true/mini_batch=false,64,1.0,98980374.0,Flat
engine/rocksdb/updating_join/updating_join/checkpoint/16384/domain=1/bytes=264/nulls=true/mini_batch=false,65,1.0,40543999.0,Flat
engine/rocksdb/updating_join/updating_join/checkpoint/16384/domain=1/bytes=264/nulls=true/mini_batch=false,66,1.0,40967156.0,Flat
engine/rocksdb/updating_join/updating_join/checkpoint/16384/domain=1/bytes=264/nulls=true/mini_batch=false,67,1.0,40690952.0,Flat
engine/rocksdb/updating_join/updating_join/checkpoint/16384/domain=1/bytes=264/nulls=true/mini_batch=false,68,1.0,38801425.0,Flat
engine/rocksdb/updating_join/updating_join/checkpoint/16384/domain=1/bytes=264/nulls=true/mini_batch=false,69,1.0,38232234.0,Flat
engine/rocksdb/updating_join/updating_join/checkpoint/16384/domain=1/bytes=264/nulls=true/mini_batch=false,70,1.0,40292986.0,Flat
engine/rocksdb/updating_join/updating_join/checkpoint/16384/domain=1/bytes=264/nulls=true/mini_batch=false,71,1.0,38415005.0,Flat
engine/rocksdb/updating_join/updating_join/checkpoint/16384/domain=1/bytes=264/nulls=true/mini_batch=false,72,1.0,38510279.0,Flat
engine/rocksdb/updating_join/updating_join/checkpoint/16384/domain=1/bytes=264/nulls=true/mini_batch=false,73,1.0,40131113.0,Flat
engine/rocksdb/updating_join/updating_join/checkpoint/16384/domain=1/bytes=264/nulls=true/mini_batch=false,74,1.0,39397811.0,Flat
engine/rocksdb/updating_join/updating_join/checkpoint/16384/domain=1/bytes=264/nulls=true/mini_batch=false,75,1.0,47015203.0,Flat
engine/rocksdb/updating_join/updating_join/checkpoint/16384/domain=1/bytes=264/nulls=true/mini_batch=false,76,1.0,37426557.0,Flat
engine/rocksdb/updating_join/updating_join/checkpoint/16384/domain=1/bytes=264/nulls=true/mini_batch=false,77,1.0,43775196.0,Flat
engine/rocksdb/updating_join/updating_join/checkpoint/16384/domain=1/bytes=264/nulls=true/mini_batch=false,78,1.0,36697097.0,Flat
engine/rocksdb/updating_join/updating_join/checkpoint/16384/domain=1/bytes=264/nulls=true/mini_batch=false,79,1.0,41978929.0,Flat
engine/rocksdb/updating_join/updating_join/checkpoint/16384/domain=1/bytes=264/nulls=true/mini_batch=false,80,1.0,40755730.0,Flat
engine/rocksdb/updating_join/updating_join/checkpoint/16384/domain=1/bytes=264/nulls=true/mini_batch=false,81,1.0,42113376.0,Flat
engine/rocksdb/updating_join/updating_join/checkpoint/16384/domain=1/bytes=264/nulls=true/mini_batch=false,82,1.0,44391274.0,Flat
engine/rocksdb/updating_join/updating_join/checkpoint/16384/domain=1/bytes=264/nulls=true/mini_batch=false,83,1.0,36082108.0,Flat
engine/rocksdb/updating_join/updating_join/checkpoint/16384/domain=1/bytes=264/nulls=true/mini_batch=false,84,1.0,31020001.0,Flat
engine/rocksdb/updating_join/updating_join/checkpoint/16384/domain=1/bytes=264/nulls=true/mini_batch=false,85,1.0,39610709.0,Flat
engine/rocksdb/updating_join/updating_join/checkpoint/16384/domain=1/bytes=264/nulls=true/mini_batch=false,86,1.0,39808993.0,Flat
engine/rocksdb/updating_join/updating_join/checkpoint/16384/domain=1/bytes=264/nulls=true/mini_batch=false,87,1.0,62768746.0,Flat
engine/rocksdb/updating_join/updating_join/checkpoint/16384/domain=1/bytes=264/nulls=true/mini_batch=false,88,1.0,37941228.0,Flat
engine/rocksdb/updating_join/updating_join/checkpoint/16384/domain=1/bytes=264/nulls=true/mini_batch=false,89,1.0,46437644.0,Flat
engine/rocksdb/updating_join/updating_join/checkpoint/16384/domain=1/bytes=264/nulls=true/mini_batch=false,90,1.0,37578431.0,Flat
engine/rocksdb/updating_join/updating_join/checkpoint/16384/domain=1/bytes=264/nulls=true/mini_batch=false,91,1.0,42036858.0,Flat
engine/rocksdb/updating_join/updating_join/checkpoint/16384/domain=1/bytes=264/nulls=true/mini_batch=false,92,1.0,41582585.0,Flat
engine/rocksdb/updating_join/updating_join/checkpoint/16384/domain=1/bytes=264/nulls=true/mini_batch=false,93,1.0,44473798.0,Flat
engine/rocksdb/updating_join/updating_join/checkpoint/16384/domain=1/bytes=264/nulls=true/mini_batch=false,94,1.0,38540083.0,Flat
engine/rocksdb/updating_join/updating_join/checkpoint/16384/domain=1/bytes=264/nulls=true/mini_batch=false,95,1.0,41930212.0,Flat
engine/rocksdb/updating_join/updating_join/checkpoint/16384/domain=1/bytes=264/nulls=true/mini_batch=false,96,1.0,32727466.0,Flat
engine/rocksdb/updating_join/updating_join/checkpoint/16384/domain=1/bytes=264/nulls=true/mini_batch=false,97,1.0,42121680.0,Flat
engine/rocksdb/updating_join/updating_join/checkpoint/16384/domain=1/bytes=264/nulls=true/mini_batch=false,98,1.0,40468543.0,Flat
engine/rocksdb/updating_join/updating_join/checkpoint/16384/domain=1/bytes=264/nulls=true/mini_batch=false,99,1.0,38037978.0,Flat
engine/rocksdb/updating_join/updating_join/checkpoint/16384/domain=1/bytes=264/nulls=true/mini_batch=true,0,3.0,24265168.0,Flat
engine/rocksdb/updating_join/updating_join/checkpoint/16384/domain=1/bytes=264/nulls=true/mini_batch=true,1,3.0,20712139.0,Flat
engine/rocksdb/updating_join/updating_join/checkpoint/16384/domain=1/bytes=264/nulls=true/mini_batch=true,2,3.0,20451998.0,Flat
engine/rocksdb/updating_join/updating_join/checkpoint/16384/domain=1/bytes=264/nulls=true/mini_batch=true,3,3.0,27586675.0,Flat
engine/rocksdb/updating_join/updating_join/checkpoint/16384/domain=1/bytes=264/nulls=true/mini_batch=true,4,3.0,22832070.0,Flat
engine/rocksdb/updating_join/updating_join/checkpoint/16384/domain=1/bytes=264/nulls=true/mini_batch=true,5,3.0,20035938.0,Flat
engine/rocksdb/updating_join/updating_join/checkpoint/16384/domain=1/bytes=264/nulls=true/mini_batch=true,6,3.0,20224241.0,Flat
engine/rocksdb/updating_join/updating_join/checkpoint/16384/domain=1/bytes=264/nulls=true/mini_batch=true,7,3.0,19447132.0,Flat
engine/rocksdb/updating_join/updating_join/checkpoint/16384/domain=1/bytes=264/nulls=true/mini_batch=true,8,3.0,23178182.0,Flat
engine/rocksdb/updating_join/updating_join/checkpoint/16384/domain=1/bytes=264/nulls=true/mini_batch=true,9,3.0,23038651.0,Flat
engine/rocksdb/updating_join/updating_join/checkpoint/16384/domain=1/bytes=264/nulls=true/mini_batch=true,10,3.0,18787728.0,Flat
engine/rocksdb/updating_join/updating_join/checkpoint/16384/domain=1/bytes=264/nulls=true/mini_batch=true,11,3.0,19219505.0,Flat
engine/rocksdb/updating_join/updating_join/checkpoint/16384/domain=1/bytes=264/nulls=true/mini_batch=true,12,3.0,25460508.0,Flat
engine/rocksdb/updating_join/updating_join/checkpoint/16384/domain=1/bytes=264/nulls=true/mini_batch=true,13,3.0,23496696.0,Flat
engine/rocksdb/updating_join/updating_join/checkpoint/16384/domain=1/bytes=264/nulls=true/mini_batch=true,14,3.0,19268187.0,Flat
engine/rocksdb/updating_join/updating_join/checkpoint/16384/domain=1/bytes=264/nulls=true/mini_batch=true,15,3.0,20648412.0,Flat
engine/rocksdb/updating_join/updating_join/checkpoint/16384/domain=1/bytes=264/nulls=true/mini_batch=true,16,3.0,19703511.0,Flat
engine/rocksdb/updating_join/updating_join/checkpoint/16384/domain=1/bytes=264/nulls=true/mini_batch=true,17,3.0,20570073.0,Flat
engine/rocksdb/updating_join/updating_join/checkpoint/16384/domain=1/bytes=264/nulls=true/mini_batch=true,18,3.0,21442651.0,Flat
engine/rocksdb/updating_join/updating_join/checkpoint/16384/domain=1/bytes=264/nulls=true/mini_batch=true,19,3.0,18982042.0,Flat
engine/rocksdb/updating_join/updating_join/checkpoint/16384/domain=1/bytes=264/nulls=true/mini_batch=true,20,3.0,22320719.0,Flat
engine/rocksdb/updating_join/updating_join/checkpoint/16384/domain=1/bytes=264/nulls=true/mini_batch=true,21,3.0,19428123.0,Flat
engine/rocksdb/updating_join/updating_join/checkpoint/16384/domain=1/bytes=264/nulls=true/mini_batch=true,22,3.0,20647274.0,Flat
engine/rocksdb/updating_join/updating_join/checkpoint/16384/domain=1/bytes=264/nulls=true/mini_batch=true,23,3.0,19441860.0,Flat
engine/rocksdb/updating_join/updating_join/checkpoint/16384/domain=1/bytes=264/nulls=true/mini_batch=true,24,3.0,20647864.0,Flat
engine/rocksdb/updating_join/updating_join/checkpoint/16384/domain=1/bytes=264/nulls=true/mini_batch=true,25,3.0,18704293.0,Flat
engine/rocksdb/updating_join/updating_join/checkpoint/16384/domain=1/bytes=264/nulls=true/mini_batch=true,26,3.0,18396711.0,Flat
engine/rocksdb/updating_join/updating_join/checkpoint/16384/domain=1/bytes=264/nulls=true/mini_batch=true,27,3.0,18837111.0,Flat
engine/rocksdb/updating_join/updating_join/checkpoint/16384/domain=1/bytes=264/nulls=true/mini_batch=true,28,3.0,20134974.0,Flat
engine/rocksdb/updating_join/updating_join/checkpoint/16384/domain=1/bytes=264/nulls=true/mini_batch=true,29,3.0,24769106.0,Flat
engine/rocksdb/updating_join/updating_join/checkpoint/16384/domain=1/bytes=264/nulls=true/mini_batch=true,30,3.0,24435544.0,Flat
engine/rocksdb/updating_join/updating_join/checkpoint/16384/domain=1/bytes=264/nulls=true/mini_batch=true,31,3.0,22779923.0,Flat
engine/rocksdb/updating_join/updating_join/checkpoint/16384/domain=1/bytes=264/nulls=true/mini_batch=true,32,3.0,20545907.0,Flat
engine/rocksdb/updating_join/updating_join/checkpoint/16384/domain=1/bytes=264/nulls=true/mini_batch=true,33,3.0,22071320.0,Flat
engine/rocksdb/updating_join/updating_join/checkpoint/16384/domain=1/bytes=264/nulls=true/mini_batch=true,34,3.0,18720928.0,Flat
engine/rocksdb/updating_join/updating_join/checkpoint/16384/domain=1/bytes=264/nulls=true/mini_batch=true,35,3.0,18412019.0,Flat
engine/rocksdb/updating_join/updating_join/checkpoint/16384/domain=1/bytes=264/nulls=true/mini_batch=true,36,3.0,20433935.0,Flat
engine/rocksdb/updating_join/updating_join/checkpoint/16384/domain=1/bytes=264/nulls=true/mini_batch=true,37,3.0,21766722.0,Flat
engine/rocksdb/updating_join/updating_join/checkpoint/16384/domain=1/bytes=264/nulls=true/mini_batch=true,38,3.0,19345354.0,Flat
engine/rocksdb/updating_join/updating_join/checkpoint/16384/domain=1/bytes=264/nulls=true/mini_batch=true,39,3.0,18171957.0,Flat
engine/rocksdb/updating_join/updating_join/checkpoint/16384/domain=1/bytes=264/nulls=true/mini_batch=true,40,3.0,17915767.0,Flat
engine/rocksdb/updating_join/updating_join/checkpoint/16384/domain=1/bytes=264/nulls=true/mini_batch=true,41,3.0,19870293.0,Flat
engine/rocksdb/updating_join/updating_join/checkpoint/16384/domain=1/bytes=264/nulls=true/mini_batch=true,42,3.0,23506129.0,Flat
engine/rocksdb/updating_join/updating_join/checkpoint/16384/domain=1/bytes=264/nulls=true/mini_batch=true,43,3.0,21238956.0,Flat
engine/rocksdb/updating_join/updating_join/checkpoint/16384/domain=1/bytes=264/nulls=true/mini_batch=true,44,3.0,22207993.0,Flat
engine/rocksdb/updating_join/updating_join/checkpoint/16384/domain=1/bytes=264/nulls=true/mini_batch=true,45,3.0,20429610.0,Flat
engine/rocksdb/updating_join/updating_join/checkpoint/16384/domain=1/bytes=264/nulls=true/mini_batch=true,46,3.0,19724758.0,Flat
engine/rocksdb/updating_join/updating_join/checkpoint/16384/domain=1/bytes=264/nulls=true/mini_batch=true,47,3.0,22282350.0,Flat
engine/rocksdb/updating_join/updating_join/checkpoint/16384/domain=1/bytes=264/nulls=true/mini_batch=true,48,3.0,21194771.0,Flat
engine/rocksdb/updating_join/updating_join/checkpoint/16384/domain=1/bytes=264/nulls=true/mini_batch=true,49,3.0,18340491.0,Flat
engine/rocksdb/updating_join/updating_join/checkpoint/16384/domain=1/bytes=264/nulls=true/mini_batch=true,50,3.0,21247718.0,Flat
engine/rocksdb/updating_join/updating_join/checkpoint/16384/domain=1/bytes=264/nulls=true/mini_batch=true,51,3.0,22650845.0,Flat
engine/rocksdb/updating_join/updating_join/checkpoint/16384/domain=1/bytes=264/nulls=true/mini_batch=true,52,3.0,29112860.0,Flat
engine/rocksdb/updating_join/updating_join/checkpoint/16384/domain=1/bytes=264/nulls=true/mini_batch=true,53,3.0,19789698.0,Flat
engine/rocksdb/updating_join/updating_join/checkpoint/16384/domain=1/bytes=264/nulls=true/mini_batch=true,54,3.0,19019084.0,Flat
engine/rocksdb/updating_join/updating_join/checkpoint/16384/domain=1/bytes=264/nulls=true/mini_batch=true,55,3.0,21842748.0,Flat
engine/rocksdb/updating_join/updating_join/checkpoint/16384/domain=1/bytes=264/nulls=true/mini_batch=true,56,3.0,25194596.0,Flat
engine/rocksdb/updating_join/updating_join/checkpoint/16384/domain=1/bytes=264/nulls=true/mini_batch=true,57,3.0,18339494.0,Flat
engine/rocksdb/updating_join/updating_join/checkpoint/16384/domain=1/bytes=264/nulls=true/mini_batch=true,58,3.0,18432521.0,Flat
engine/rocksdb/updating_join/updating_join/checkpoint/16384/domain=1/bytes=264/nulls=true/mini_batch=true,59,3.0,19320480.0,Flat
engine/rocksdb/updating_join/updating_join/checkpoint/16384/domain=1/bytes=264/nulls=true/mini_batch=true,60,3.0,20552037.0,Flat
engine/rocksdb/updating_join/updating_join/checkpoint/16384/domain=1/bytes=264/nulls=true/mini_batch=true,61,3.0,22253387.0,Flat
engine/rocksdb/updating_join/updating_join/checkpoint/16384/domain=1/bytes=264/nulls=true/mini_batch=true,62,3.0,17751319.0,Flat
engine/rocksdb/updating_join/updating_join/checkpoint/16384/domain=1/bytes=264/nulls=true/mini_batch=true,63,3.0,19889512.0,Flat
engine/rocksdb/updating_join/updating_join/checkpoint/16384/domain=1/bytes=264/nulls=true/mini_batch=true,64,3.0,19593410.0,Flat
engine/rocksdb/updating_join/updating_join/checkpoint/16384/domain=1/bytes=264/nulls=true/mini_batch=true,65,3.0,19669432.0,Flat
engine/rocksdb/updating_join/updating_join/checkpoint/16384/domain=1/bytes=264/nulls=true/mini_batch=true,66,3.0,21461087.0,Flat
engine/rocksdb/updating_join/updating_join/checkpoint/16384/domain=1/bytes=264/nulls=true/mini_batch=true,67,3.0,20020727.0,Flat
engine/rocksdb/updating_join/updating_join/checkpoint/16384/domain=1/bytes=264/nulls=true/mini_batch=true,68,3.0,20715897.0,Flat
engine/rocksdb/updating_join/updating_join/checkpoint/16384/domain=1/bytes=264/nulls=true/mini_batch=true,69,3.0,20128174.0,Flat
engine/rocksdb/updating_join/updating_join/checkpoint/16384/domain=1/bytes=264/nulls=true/mini_batch=true,70,3.0,19737731.0,Flat
engine/rocksdb/updating_join/updating_join/checkpoint/16384/domain=1/bytes=264/nulls=true/mini_batch=true,71,3.0,24249734.0,Flat
engine/rocksdb/updating_join/updating_join/checkpoint/16384/domain=1/bytes=264/nulls=true/mini_batch=true,72,3.0,22936046.0,Flat
engine/rocksdb/updating_join/updating_join/checkpoint/16384/domain=1/bytes=264/nulls=true/mini_batch=true,73,3.0,22652651.0,Flat
engine/rocksdb/updating_join/updating_join/checkpoint/16384/domain=1/bytes=264/nulls=true/mini_batch=true,74,3.0,20446541.0,Flat
engine/rocksdb/updating_join/updating_join/checkpoint/16384/domain=1/bytes=264/nulls=true/mini_batch=true,75,3.0,20310929.0,Flat
engine/rocksdb/updating_join/updating_join/checkpoint/16384/domain=1/bytes=264/nulls=true/mini_batch=true,76,3.0,23658169.0,Flat
engine/rocksdb/updating_join/updating_join/checkpoint/16384/domain=1/bytes=264/nulls=true/mini_batch=true,77,3.0,22408637.0,Flat
engine/rocksdb/updating_join/updating_join/checkpoint/16384/domain=1/bytes=264/nulls=true/mini_batch=true,78,3.0,26816074.0,Flat
engine/rocksdb/updating_join/updating_join/checkpoint/16384/domain=1/bytes=264/nulls=true/mini_batch=true,79,3.0,23223268.0,Flat
engine/rocksdb/updating_join/updating_join/checkpoint/16384/domain=1/bytes=264/nulls=true/mini_batch=true,80,3.0,20350893.0,Flat
engine/rocksdb/updating_join/updating_join/checkpoint/16384/domain=1/bytes=264/nulls=true/mini_batch=true,81,3.0,19191673.0,Flat
engine/rocksdb/updating_join/updating_join/checkpoint/16384/domain=1/bytes=264/nulls=true/mini_batch=true,82,3.0,19890524.0,Flat
engine/rocksdb/updating_join/updating_join/checkpoint/16384/domain=1/bytes=264/nulls=true/mini_batch=true,83,3.0,22515044.0,Flat
engine/rocksdb/updating_join/updating_join/checkpoint/16384/domain=1/bytes=264/nulls=true/mini_batch=true,84,3.0,22695207.0,Flat
engine/rocksdb/updating_join/updating_join/checkpoint/16384/domain=1/bytes=264/nulls=true/mini_batch=true,85,3.0,22768089.0,Flat
engine/rocksdb/updating_join/updating_join/checkpoint/16384/domain=1/bytes=264/nulls=true/mini_batch=true,86,3.0,19650960.0,Flat
engine/rocksdb/updating_join/updating_join/checkpoint/16384/domain=1/bytes=264/nulls=true/mini_batch=true,87,3.0,20258411.0,Flat
engine/rocksdb/updating_join/updating_join/checkpoint/16384/domain=1/bytes=264/nulls=true/mini_batch=true,88,3.0,25390172.0,Flat
engine/rocksdb/updating_join/updating_join/checkpoint/16384/domain=1/bytes=264/nulls=true/mini_batch=true,89,3.0,21897919.0,Flat
engine/rocksdb/updating_join/updating_join/checkpoint/16384/domain=1/bytes=264/nulls=true/mini_batch=true,90,3.0,20308780.0,Flat
engine/rocksdb/updating_join/updating_join/checkpoint/16384/domain=1/bytes=264/nulls=true/mini_batch=true,91,3.0,21171515.0,Flat
engine/rocksdb/updating_join/updating_join/checkpoint/16384/domain=1/bytes=264/nulls=true/mini_batch=true,92,3.0,22257519.0,Flat
engine/rocksdb/updating_join/updating_join/checkpoint/16384/domain=1/bytes=264/nulls=true/mini_batch=true,93,3.0,23167696.0,Flat
engine/rocksdb/updating_join/updating_join/checkpoint/16384/domain=1/bytes=264/nulls=true/mini_batch=true,94,3.0,21483192.0,Flat
engine/rocksdb/updating_join/updating_join/checkpoint/16384/domain=1/bytes=264/nulls=true/mini_batch=true,95,3.0,24314180.0,Flat
engine/rocksdb/updating_join/updating_join/checkpoint/16384/domain=1/bytes=264/nulls=true/mini_batch=true,96,3.0,22392595.0,Flat
engine/rocksdb/updating_join/updating_join/checkpoint/16384/domain=1/bytes=264/nulls=true/mini_batch=true,97,3.0,19675186.0,Flat
engine/rocksdb/updating_join/updating_join/checkpoint/16384/domain=1/bytes=264/nulls=true/mini_batch=true,98,3.0,22443733.0,Flat
engine/rocksdb/updating_join/updating_join/checkpoint/16384/domain=1/bytes=264/nulls=true/mini_batch=true,99,3.0,22729822.0,Flat
engine/rocksdb/updating_join/updating_join/checkpoint/16384/domain=16384/bytes=264/nulls=true/mini_batch=false,0,1.0,18450235.0,Flat
engine/rocksdb/updating_join/updating_join/checkpoint/16384/domain=16384/bytes=264/nulls=true/mini_batch=false,1,1.0,35752123.0,Flat
engine/rocksdb/updating_join/updating_join/checkpoint/16384/domain=16384/bytes=264/nulls=true/mini_batch=false,2,1.0,33611756.0,Flat
engine/rocksdb/updating_join/updating_join/checkpoint/16384/domain=16384/bytes=264/nulls=true/mini_batch=false,3,1.0,26803583.0,Flat
engine/rocksdb/updating_join/updating_join/checkpoint/16384/domain=16384/bytes=264/nulls=true/mini_batch=false,4,1.0,30253589.0,Flat
engine/rocksdb/updating_join/updating_join/checkpoint/16384/domain=16384/bytes=264/nulls=true/mini_batch=false,5,1.0,25483037.0,Flat
engine/rocksdb/updating_join/updating_join/checkpoint/16384/domain=16384/bytes=264/nulls=true/mini_batch=false,6,1.0,41884598.0,Flat
engine/rocksdb/updating_join/updating_join/checkpoint/16384/domain=16384/bytes=264/nulls=true/mini_batch=false,7,1.0,20402501.0,Flat
engine/rocksdb/updating_join/updating_join/checkpoint/16384/domain=16384/bytes=264/nulls=true/mini_batch=false,8,1.0,18921468.0,Flat
engine/rocksdb/updating_join/updating_join/checkpoint/16384/domain=16384/bytes=264/nulls=true/mini_batch=false,9,1.0,22446236.0,Flat
engine/rocksdb/updating_join/updating_join/checkpoint/16384/domain=16384/bytes=264/nulls=true/mini_batch=false,10,1.0,33095764.0,Flat
engine/rocksdb/updating_join/updating_join/checkpoint/16384/domain=16384/bytes=264/nulls=true/mini_batch=false,11,1.0,18290487.0,Flat
engine/rocksdb/updating_join/updating_join/checkpoint/16384/domain=16384/bytes=264/nulls=true/mini_batch=false,12,1.0,24783001.0,Flat
engine/rocksdb/updating_join/updating_join/checkpoint/16384/domain=16384/bytes=264/nulls=true/mini_batch=false,13,1.0,33573306.0,Flat
engine/rocksdb/updating_join/updating_join/checkpoint/16384/domain=16384/bytes=264/nulls=true/mini_batch=false,14,1.0,34266261.0,Flat
engine/rocksdb/updating_join/updating_join/checkpoint/16384/domain=16384/bytes=264/nulls=true/mini_batch=false,15,1.0,19155478.0,Flat
engine/rocksdb/updating_join/updating_join/checkpoint/16384/domain=16384/bytes=264/nulls=true/mini_batch=false,16,1.0,29567128.0,Flat
engine/rocksdb/updating_join/updating_join/checkpoint/16384/domain=16384/bytes=264/nulls=true/mini_batch=false,17,1.0,16809990.0,Flat
engine/rocksdb/updating_join/updating_join/checkpoint/16384/domain=16384/bytes=264/nulls=true/mini_batch=false,18,1.0,19668704.0,Flat
engine/rocksdb/updating_join/updating_join/checkpoint/16384/domain=16384/bytes=264/nulls=true/mini_batch=false,19,1.0,33436862.0,Flat
engine/rocksdb/updating_join/updating_join/checkpoint/16384/domain=16384/bytes=264/nulls=true/mini_batch=false,20,1.0,16448692.0,Flat
engine/rocksdb/updating_join/updating_join/checkpoint/16384/domain=16384/bytes=264/nulls=true/mini_batch=false,21,1.0,36532932.0,Flat
engine/rocksdb/updating_join/updating_join/checkpoint/16384/domain=16384/bytes=264/nulls=true/mini_batch=false,22,1.0,25431760.0,Flat
engine/rocksdb/updating_join/updating_join/checkpoint/16384/domain=16384/bytes=264/nulls=true/mini_batch=false,23,1.0,36430521.0,Flat
engine/rocksdb/updating_join/updating_join/checkpoint/16384/domain=16384/bytes=264/nulls=true/mini_batch=false,24,1.0,29637922.0,Flat
engine/rocksdb/updating_join/updating_join/checkpoint/16384/domain=16384/bytes=264/nulls=true/mini_batch=false,25,1.0,23804908.0,Flat
engine/rocksdb/updating_join/updating_join/checkpoint/16384/domain=16384/bytes=264/nulls=true/mini_batch=false,26,1.0,33101074.0,Flat
engine/rocksdb/updating_join/updating_join/checkpoint/16384/domain=16384/bytes=264/nulls=true/mini_batch=false,27,1.0,31095415.0,Flat
engine/rocksdb/updating_join/updating_join/checkpoint/16384/domain=16384/bytes=264/nulls=true/mini_batch=false,28,1.0,26442854.0,Flat
engine/rocksdb/updating_join/updating_join/checkpoint/16384/domain=16384/bytes=264/nulls=true/mini_batch=false,29,1.0,56582012.0,Flat
engine/rocksdb/updating_join/updating_join/checkpoint/16384/domain=16384/bytes=264/nulls=true/mini_batch=false,30,1.0,24144799.0,Flat
engine/rocksdb/updating_join/updating_join/checkpoint/16384/domain=16384/bytes=264/nulls=true/mini_batch=false,31,1.0,22293645.0,Flat
engine/rocksdb/updating_join/updating_join/checkpoint/16384/domain=16384/bytes=264/nulls=true/mini_batch=false,32,1.0,22353856.0,Flat
engine/rocksdb/updating_join/updating_join/checkpoint/16384/domain=16384/bytes=264/nulls=true/mini_batch=false,33,1.0,28286121.0,Flat
engine/rocksdb/updating_join/updating_join/checkpoint/16384/domain=16384/bytes=264/nulls=true/mini_batch=false,34,1.0,18918052.0,Flat
engine/rocksdb/updating_join/updating_join/checkpoint/16384/domain=16384/bytes=264/nulls=true/mini_batch=false,35,1.0,21906433.0,Flat
engine/rocksdb/updating_join/updating_join/checkpoint/16384/domain=16384/bytes=264/nulls=true/mini_batch=false,36,1.0,22275042.0,Flat
engine/rocksdb/updating_join/updating_join/checkpoint/16384/domain=16384/bytes=264/nulls=true/mini_batch=false,37,1.0,27718678.0,Flat
engine/rocksdb/updating_join/updating_join/checkpoint/16384/domain=16384/bytes=264/nulls=true/mini_batch=false,38,1.0,22053814.0,Flat
engine/rocksdb/updating_join/updating_join/checkpoint/16384/domain=16384/bytes=264/nulls=true/mini_batch=false,39,1.0,23199819.0,Flat
engine/rocksdb/updating_join/updating_join/checkpoint/16384/domain=16384/bytes=264/nulls=true/mini_batch=false,40,1.0,27987872.0,Flat
engine/rocksdb/updating_join/updating_join/checkpoint/16384/domain=16384/bytes=264/nulls=true/mini_batch=false,41,1.0,36666827.0,Flat
engine/rocksdb/updating_join/updating_join/checkpoint/16384/domain=16384/bytes=264/nulls=true/mini_batch=false,42,1.0,30041037.0,Flat
engine/rocksdb/updating_join/updating_join/checkpoint/16384/domain=16384/bytes=264/nulls=true/mini_batch=false,43,1.0,17735794.0,Flat
engine/rocksdb/updating_join/updating_join/checkpoint/16384/domain=16384/bytes=264/nulls=true/mini_batch=false,44,1.0,36989525.0,Flat
engine/rocksdb/updating_join/updating_join/checkpoint/16384/domain=16384/bytes=264/nulls=true/mini_batch=false,45,1.0,29099360.0,Flat
engine/rocksdb/updating_join/updating_join/checkpoint/16384/domain=16384/bytes=264/nulls=true/mini_batch=false,46,1.0,24565285.0,Flat
engine/rocksdb/updating_join/updating_join/checkpoint/16384/domain=16384/bytes=264/nulls=true/mini_batch=false,47,1.0,31435767.0,Flat
engine/rocksdb/updating_join/updating_join/checkpoint/16384/domain=16384/bytes=264/nulls=true/mini_batch=false,48,1.0,24409293.0,Flat
engine/rocksdb/updating_join/updating_join/checkpoint/16384/domain=16384/bytes=264/nulls=true/mini_batch=false,49,1.0,27460080.0,Flat
engine/rocksdb/updating_join/updating_join/checkpoint/16384/domain=16384/bytes=264/nulls=true/mini_batch=false,50,1.0,30481096.0,Flat
engine/rocksdb/updating_join/updating_join/checkpoint/16384/domain=16384/bytes=264/nulls=true/mini_batch=false,51,1.0,23216204.0,Flat
engine/rocksdb/updating_join/updating_join/checkpoint/16384/domain=16384/bytes=264/nulls=true/mini_batch=false,52,1.0,22502889.0,Flat
engine/rocksdb/updating_join/updating_join/checkpoint/16384/domain=16384/bytes=264/nulls=true/mini_batch=false,53,1.0,23623094.0,Flat
engine/rocksdb/updating_join/updating_join/checkpoint/16384/domain=16384/bytes=264/nulls=true/mini_batch=false,54,1.0,23169720.0,Flat
engine/rocksdb/updating_join/updating_join/checkpoint/16384/domain=16384/bytes=264/nulls=true/mini_batch=false,55,1.0,26055873.0,Flat
engine/rocksdb/updating_join/updating_join/checkpoint/16384/domain=16384/bytes=264/nulls=true/mini_batch=false,56,1.0,25617558.0,Flat
engine/rocksdb/updating_join/updating_join/checkpoint/16384/domain=16384/bytes=264/nulls=true/mini_batch=false,57,1.0,22830180.0,Flat
engine/rocksdb/updating_join/updating_join/checkpoint/16384/domain=16384/bytes=264/nulls=true/mini_batch=false,58,1.0,19532276.0,Flat
engine/rocksdb/updating_join/updating_join/checkpoint/16384/domain=16384/bytes=264/nulls=true/mini_batch=false,59,1.0,26541790.0,Flat
engine/rocksdb/updating_join/updating_join/checkpoint/16384/domain=16384/bytes=264/nulls=true/mini_batch=false,60,1.0,25572309.0,Flat
engine/rocksdb/updating_join/updating_join/checkpoint/16384/domain=16384/bytes=264/nulls=true/mini_batch=false,61,1.0,22109241.0,Flat
engine/rocksdb/updating_join/updating_join/checkpoint/16384/domain=16384/bytes=264/nulls=true/mini_batch=false,62,1.0,17737765.0,Flat
engine/rocksdb/updating_join/updating_join/checkpoint/16384/domain=16384/bytes=264/nulls=true/mini_batch=false,63,1.0,17983476.0,Flat
engine/rocksdb/updating_join/updating_join/checkpoint/16384/domain=16384/bytes=264/nulls=true/mini_batch=false,64,1.0,22896188.0,Flat
engine/rocksdb/updating_join/updating_join/checkpoint/16384/domain=16384/bytes=264/nulls=true/mini_batch=false,65,1.0,21305771.0,Flat
engine/rocksdb/updating_join/updating_join/checkpoint/16384/domain=16384/bytes=264/nulls=true/mini_batch=false,66,1.0,23875605.0,Flat
engine/rocksdb/updating_join/updating_join/checkpoint/16384/domain=16384/bytes=264/nulls=true/mini_batch=false,67,1.0,26270072.0,Flat
engine/rocksdb/updating_join/updating_join/checkpoint/16384/domain=16384/bytes=264/nulls=true/mini_batch=false,68,1.0,24401131.0,Flat
engine/rocksdb/updating_join/updating_join/checkpoint/16384/domain=16384/bytes=264/nulls=true/mini_batch=false,69,1.0,21821647.0,Flat
engine/rocksdb/updating_join/updating_join/checkpoint/16384/domain=16384/bytes=264/nulls=true/mini_batch=false,70,1.0,16790755.0,Flat
engine/rocksdb/updating_join/updating_join/checkpoint/16384/domain=16384/bytes=264/nulls=true/mini_batch=false,71,1.0,21575693.0,Flat
engine/rocksdb/updating_join/updating_join/checkpoint/16384/domain=16384/bytes=264/nulls=true/mini_batch=false,72,1.0,15989298.0,Flat
engine/rocksdb/updating_join/updating_join/checkpoint/16384/domain=16384/bytes=264/nulls=true/mini_batch=false,73,1.0,37035188.0,Flat
engine/rocksdb/updating_join/updating_join/checkpoint/16384/domain=16384/bytes=264/nulls=true/mini_batch=false,74,1.0,33261163.0,Flat
engine/rocksdb/updating_join/updating_join/checkpoint/16384/domain=16384/bytes=264/nulls=true/mini_batch=false,75,1.0,38118113.0,Flat
engine/rocksdb/updating_join/updating_join/checkpoint/16384/domain=16384/bytes=264/nulls=true/mini_batch=false,76,1.0,25607030.0,Flat
engine/rocksdb/updating_join/updating_join/checkpoint/16384/domain=16384/bytes=264/nulls=true/mini_batch=false,77,1.0,35401846.0,Flat
engine/rocksdb/updating_join/updating_join/checkpoint/16384/domain=16384/bytes=264/nulls=true/mini_batch=false,78,1.0,21542249.0,Flat
engine/rocksdb/updating_join/updating_join/checkpoint/16384/domain=16384/bytes=264/nulls=true/mini_batch=false,79,1.0,23326823.0,Flat
engine/rocksdb/updating_join/updating_join/checkpoint/16384/domain=16384/bytes=264/nulls=true/mini_batch=false,80,1.0,167395927.0,Flat
engine/rocksdb/updating_join/updating_join/checkpoint/16384/domain=16384/bytes=264/nulls=true/mini_batch=false,81,1.0,203094612.0,Flat
engine/rocksdb/updating_join/updating_join/checkpoint/16384/domain=16384/bytes=264/nulls=true/mini_batch=false,82,1.0,322233643.0,Flat
engine/rocksdb/updating_join/updating_join/checkpoint/16384/domain=16384/bytes=264/nulls=true/mini_batch=false,83,1.0,110816604.0,Flat
engine/rocksdb/updating_join/updating_join/checkpoint/16384/domain=16384/bytes=264/nulls=true/mini_batch=false,84,1.0,27746205.0,Flat
engine/rocksdb/updating_join/updating_join/checkpoint/16384/domain=16384/bytes=264/nulls=true/mini_batch=false,85,1.0,27472230.0,Flat
engine/rocksdb/updating_join/updating_join/checkpoint/16384/domain=16384/bytes=264/nulls=true/mini_batch=false,86,1.0,22820682.0,Flat
engine/rocksdb/updating_join/updating_join/checkpoint/16384/domain=16384/bytes=264/nulls=true/mini_batch=false,87,1.0,29010069.0,Flat
engine/rocksdb/updating_join/updating_join/checkpoint/16384/domain=16384/bytes=264/nulls=true/mini_batch=false,88,1.0,33379818.0,Flat
engine/rocksdb/updating_join/updating_join/checkpoint/16384/domain=16384/bytes=264/nulls=true/mini_batch=false,89,1.0,35719324.0,Flat
engine/rocksdb/updating_join/updating_join/checkpoint/16384/domain=16384/bytes=264/nulls=true/mini_batch=false,90,1.0,22737765.0,Flat
engine/rocksdb/updating_join/updating_join/checkpoint/16384/domain=16384/bytes=264/nulls=true/mini_batch=false,91,1.0,24558798.0,Flat
engine/rocksdb/updating_join/updating_join/checkpoint/16384/domain=16384/bytes=264/nulls=true/mini_batch=false,92,1.0,21147885.0,Flat
engine/rocksdb/updating_join/updating_join/checkpoint/16384/domain=16384/bytes=264/nulls=true/mini_batch=false,93,1.0,27911241.0,Flat
engine/rocksdb/updating_join/updating_join/checkpoint/16384/domain=16384/bytes=264/nulls=true/mini_batch=false,94,1.0,22295012.0,Flat
engine/rocksdb/updating_join/updating_join/checkpoint/16384/domain=16384/bytes=264/nulls=true/mini_batch=false,95,1.0,21377029.0,Flat
engine/rocksdb/updating_join/updating_join/checkpoint/16384/domain=16384/bytes=264/nulls=true/mini_batch=false,96,1.0,19397609.0,Flat
engine/rocksdb/updating_join/updating_join/checkpoint/16384/domain=16384/bytes=264/nulls=true/mini_batch=false,97,1.0,17941603.0,Flat
engine/rocksdb/updating_join/updating_join/checkpoint/16384/domain=16384/bytes=264/nulls=true/mini_batch=false,98,1.0,40110148.0,Flat
engine/rocksdb/updating_join/updating_join/checkpoint/16384/domain=16384/bytes=264/nulls=true/mini_batch=false,99,1.0,29731585.0,Flat
engine/rocksdb/updating_join/updating_join/checkpoint/16384/domain=16384/bytes=264/nulls=true/mini_batch=true,0,1.0,14693289.0,Flat
engine/rocksdb/updating_join/updating_join/checkpoint/16384/domain=16384/bytes=264/nulls=true/mini_batch=true,1,1.0,23462577.0,Flat
engine/rocksdb/updating_join/updating_join/checkpoint/16384/domain=16384/bytes=264/nulls=true/mini_batch=true,2,1.0,12392784.0,Flat
engine/rocksdb/updating_join/updating_join/checkpoint/16384/domain=16384/bytes=264/nulls=true/mini_batch=true,3,1.0,24255489.0,Flat
engine/rocksdb/updating_join/updating_join/checkpoint/16384/domain=16384/bytes=264/nulls=true/mini_batch=true,4,1.0,15984005.0,Flat
engine/rocksdb/updating_join/updating_join/checkpoint/16384/domain=16384/bytes=264/nulls=true/mini_batch=true,5,1.0,12031497.0,Flat
engine/rocksdb/updating_join/updating_join/checkpoint/16384/domain=16384/bytes=264/nulls=true/mini_batch=true,6,1.0,12988891.0,Flat
engine/rocksdb/updating_join/updating_join/checkpoint/16384/domain=16384/bytes=264/nulls=true/mini_batch=true,7,1.0,19070467.0,Flat
engine/rocksdb/updating_join/updating_join/checkpoint/16384/domain=16384/bytes=264/nulls=true/mini_batch=true,8,1.0,18950623.0,Flat
engine/rocksdb/updating_join/updating_join/checkpoint/16384/domain=16384/bytes=264/nulls=true/mini_batch=true,9,1.0,19850593.0,Flat
engine/rocksdb/updating_join/updating_join/checkpoint/16384/domain=16384/bytes=264/nulls=true/mini_batch=true,10,1.0,18693727.0,Flat
engine/rocksdb/updating_join/updating_join/checkpoint/16384/domain=16384/bytes=264/nulls=true/mini_batch=true,11,1.0,19623467.0,Flat
engine/rocksdb/updating_join/updating_join/checkpoint/16384/domain=16384/bytes=264/nulls=true/mini_batch=true,12,1.0,16379792.0,Flat
engine/rocksdb/updating_join/updating_join/checkpoint/16384/domain=16384/bytes=264/nulls=true/mini_batch=true,13,1.0,18238128.0,Flat
engine/rocksdb/updating_join/updating_join/checkpoint/16384/domain=16384/bytes=264/nulls=true/mini_batch=true,14,1.0,14252354.0,Flat
engine/rocksdb/updating_join/updating_join/checkpoint/16384/domain=16384/bytes=264/nulls=true/mini_batch=true,15,1.0,16475600.0,Flat
engine/rocksdb/updating_join/updating_join/checkpoint/16384/domain=16384/bytes=264/nulls=true/mini_batch=true,16,1.0,14476996.0,Flat
engine/rocksdb/updating_join/updating_join/checkpoint/16384/domain=16384/bytes=264/nulls=true/mini_batch=true,17,1.0,14990853.0,Flat
engine/rocksdb/updating_join/updating_join/checkpoint/16384/domain=16384/bytes=264/nulls=true/mini_batch=true,18,1.0,12700344.0,Flat
engine/rocksdb/updating_join/updating_join/checkpoint/16384/domain=16384/bytes=264/nulls=true/mini_batch=true,19,1.0,20464013.0,Flat
engine/rocksdb/updating_join/updating_join/checkpoint/16384/domain=16384/bytes=264/nulls=true/mini_batch=true,20,1.0,18077466.0,Flat
engine/rocksdb/updating_join/updating_join/checkpoint/16384/domain=16384/bytes=264/nulls=true/mini_batch=true,21,1.0,16956643.0,Flat
engine/rocksdb/updating_join/updating_join/checkpoint/16384/domain=16384/bytes=264/nulls=true/mini_batch=true,22,1.0,18484107.0,Flat
engine/rocksdb/updating_join/updating_join/checkpoint/16384/domain=16384/bytes=264/nulls=true/mini_batch=true,23,1.0,13880865.0,Flat
engine/rocksdb/updating_join/updating_join/checkpoint/16384/domain=16384/bytes=264/nulls=true/mini_batch=true,24,1.0,11146714.0,Flat
engine/rocksdb/updating_join/updating_join/checkpoint/16384/domain=16384/bytes=264/nulls=true/mini_batch=true,25,1.0,18989268.0,Flat
engine/rocksdb/updating_join/updating_join/checkpoint/16384/domain=16384/bytes=264/nulls=true/mini_batch=true,26,1.0,10670416.0,Flat
engine/rocksdb/updating_join/updating_join/checkpoint/16384/domain=16384/bytes=264/nulls=true/mini_batch=true,27,1.0,12707335.0,Flat
engine/rocksdb/updating_join/updating_join/checkpoint/16384/domain=16384/bytes=264/nulls=true/mini_batch=true,28,1.0,16632851.0,Flat
engine/rocksdb/updating_join/updating_join/checkpoint/16384/domain=16384/bytes=264/nulls=true/mini_batch=true,29,1.0,13042291.0,Flat
engine/rocksdb/updating_join/updating_join/checkpoint/16384/domain=16384/bytes=264/nulls=true/mini_batch=true,30,1.0,14520633.0,Flat
engine/rocksdb/updating_join/updating_join/checkpoint/16384/domain=16384/bytes=264/nulls=true/mini_batch=true,31,1.0,12729816.0,Flat
engine/rocksdb/updating_join/updating_join/checkpoint/16384/domain=16384/bytes=264/nulls=true/mini_batch=true,32,1.0,15206920.0,Flat
engine/rocksdb/updating_join/updating_join/checkpoint/16384/domain=16384/bytes=264/nulls=true/mini_batch=true,33,1.0,23945409.0,Flat
engine/rocksdb/updating_join/updating_join/checkpoint/16384/domain=16384/bytes=264/nulls=true/mini_batch=true,34,1.0,9266166.0,Flat
engine/rocksdb/updating_join/updating_join/checkpoint/16384/domain=16384/bytes=264/nulls=true/mini_batch=true,35,1.0,13722066.0,Flat
engine/rocksdb/updating_join/updating_join/checkpoint/16384/domain=16384/bytes=264/nulls=true/mini_batch=true,36,1.0,23992989.0,Flat
engine/rocksdb/updating_join/updating_join/checkpoint/16384/domain=16384/bytes=264/nulls=true/mini_batch=true,37,1.0,11517231.0,Flat
engine/rocksdb/updating_join/updating_join/checkpoint/16384/domain=16384/bytes=264/nulls=true/mini_batch=true,38,1.0,11084292.0,Flat
engine/rocksdb/updating_join/updating_join/checkpoint/16384/domain=16384/bytes=264/nulls=true/mini_batch=true,39,1.0,10651351.0,Flat
engine/rocksdb/updating_join/updating_join/checkpoint/16384/domain=16384/bytes=264/nulls=true/mini_batch=true,40,1.0,11392315.0,Flat
engine/rocksdb/updating_join/updating_join/checkpoint/16384/domain=16384/bytes=264/nulls=true/mini_batch=true,41,1.0,12171031.0,Flat
engine/rocksdb/updating_join/updating_join/checkpoint/16384/domain=16384/bytes=264/nulls=true/mini_batch=true,42,1.0,18217751.0,Flat
engine/rocksdb/updating_join/updating_join/checkpoint/16384/domain=16384/bytes=264/nulls=true/mini_batch=true,43,1.0,10398081.0,Flat
engine/rocksdb/updating_join/updating_join/checkpoint/16384/domain=16384/bytes=264/nulls=true/mini_batch=true,44,1.0,12281247.0,Flat
engine/rocksdb/updating_join/updating_join/checkpoint/16384/domain=16384/bytes=264/nulls=true/mini_batch=true,45,1.0,9691572.0,Flat
engine/rocksdb/updating_join/updating_join/checkpoint/16384/domain=16384/bytes=264/nulls=true/mini_batch=true,46,1.0,9533800.0,Flat
engine/rocksdb/updating_join/updating_join/checkpoint/16384/domain=16384/bytes=264/nulls=true/mini_batch=true,47,1.0,11116323.0,Flat
engine/rocksdb/updating_join/updating_join/checkpoint/16384/domain=16384/bytes=264/nulls=true/mini_batch=true,48,1.0,11316166.0,Flat
engine/rocksdb/updating_join/updating_join/checkpoint/16384/domain=16384/bytes=264/nulls=true/mini_batch=true,49,1.0,11552625.0,Flat
engine/rocksdb/updating_join/updating_join/checkpoint/16384/domain=16384/bytes=264/nulls=true/mini_batch=true,50,1.0,15634576.0,Flat
engine/rocksdb/updating_join/updating_join/checkpoint/16384/domain=16384/bytes=264/nulls=true/mini_batch=true,51,1.0,9355796.0,Flat
engine/rocksdb/updating_join/updating_join/checkpoint/16384/domain=16384/bytes=264/nulls=true/mini_batch=true,52,1.0,10131817.0,Flat
engine/rocksdb/updating_join/updating_join/checkpoint/16384/domain=16384/bytes=264/nulls=true/mini_batch=true,53,1.0,11179346.0,Flat
engine/rocksdb/updating_join/updating_join/checkpoint/16384/domain=16384/bytes=264/nulls=true/mini_batch=true,54,1.0,8874087.0,Flat
engine/rocksdb/updating_join/updating_join/checkpoint/16384/domain=16384/bytes=264/nulls=true/mini_batch=true,55,1.0,16204747.0,Flat
engine/rocksdb/updating_join/updating_join/checkpoint/16384/domain=16384/bytes=264/nulls=true/mini_batch=true,56,1.0,15495460.0,Flat
engine/rocksdb/updating_join/updating_join/checkpoint/16384/domain=16384/bytes=264/nulls=true/mini_batch=true,57,1.0,9819548.0,Flat
engine/rocksdb/updating_join/updating_join/checkpoint/16384/domain=16384/bytes=264/nulls=true/mini_batch=true,58,1.0,10450032.0,Flat
engine/rocksdb/updating_join/updating_join/checkpoint/16384/domain=16384/bytes=264/nulls=true/mini_batch=true,59,1.0,10664759.0,Flat
engine/rocksdb/updating_join/updating_join/checkpoint/16384/domain=16384/bytes=264/nulls=true/mini_batch=true,60,1.0,9020319.0,Flat
engine/rocksdb/updating_join/updating_join/checkpoint/16384/domain=16384/bytes=264/nulls=true/mini_batch=true,61,1.0,7943029.0,Flat
engine/rocksdb/updating_join/updating_join/checkpoint/16384/domain=16384/bytes=264/nulls=true/mini_batch=true,62,1.0,10794541.0,Flat
engine/rocksdb/updating_join/updating_join/checkpoint/16384/domain=16384/bytes=264/nulls=true/mini_batch=true,63,1.0,10212015.0,Flat
engine/rocksdb/updating_join/updating_join/checkpoint/16384/domain=16384/bytes=264/nulls=true/mini_batch=true,64,1.0,10502057.0,Flat
engine/rocksdb/updating_join/updating_join/checkpoint/16384/domain=16384/bytes=264/nulls=true/mini_batch=true,65,1.0,22256354.0,Flat
engine/rocksdb/updating_join/updating_join/checkpoint/16384/domain=16384/bytes=264/nulls=true/mini_batch=true,66,1.0,12420776.0,Flat
engine/rocksdb/updating_join/updating_join/checkpoint/16384/domain=16384/bytes=264/nulls=true/mini_batch=true,67,1.0,16744546.0,Flat
engine/rocksdb/updating_join/updating_join/checkpoint/16384/domain=16384/bytes=264/nulls=true/mini_batch=true,68,1.0,10670859.0,Flat
engine/rocksdb/updating_join/updating_join/checkpoint/16384/domain=16384/bytes=264/nulls=true/mini_batch=true,69,1.0,10814313.0,Flat
engine/rocksdb/updating_join/updating_join/checkpoint/16384/domain=16384/bytes=264/nulls=true/mini_batch=true,70,1.0,20717562.0,Flat
engine/rocksdb/updating_join/updating_join/checkpoint/16384/domain=16384/bytes=264/nulls=true/mini_batch=true,71,1.0,9155967.0,Flat
engine/rocksdb/updating_join/updating_join/checkpoint/16384/domain=16384/bytes=264/nulls=true/mini_batch=true,72,1.0,21281911.0,Flat
engine/rocksdb/updating_join/updating_join/checkpoint/16384/domain=16384/bytes=264/nulls=true/mini_batch=true,73,1.0,12439998.0,Flat
engine/rocksdb/updating_join/updating_join/checkpoint/16384/domain=16384/bytes=264/nulls=true/mini_batch=true,74,1.0,10966656.0,Flat
engine/rocksdb/updating_join/updating_join/checkpoint/16384/domain=16384/bytes=264/nulls=true/mini_batch=true,75,1.0,20821692.0,Flat
engine/rocksdb/updating_join/updating_join/checkpoint/16384/domain=16384/bytes=264/nulls=true/mini_batch=true,76,1.0,52203034.0,Flat
engine/rocksdb/updating_join/updating_join/checkpoint/16384/domain=16384/bytes=264/nulls=true/mini_batch=true,77,1.0,69843300.0,Flat
engine/rocksdb/updating_join/updating_join/checkpoint/16384/domain=16384/bytes=264/nulls=true/mini_batch=true,78,1.0,56010308.0,Flat
engine/rocksdb/updating_join/updating_join/checkpoint/16384/domain=16384/bytes=264/nulls=true/mini_batch=true,79,1.0,48613602.0,Flat
engine/rocksdb/updating_join/updating_join/checkpoint/16384/domain=16384/bytes=264/nulls=true/mini_batch=true,80,1.0,61528494.0,Flat
engine/rocksdb/updating_join/updating_join/checkpoint/16384/domain=16384/bytes=264/nulls=true/mini_batch=true,81,1.0,13423090.0,Flat
engine/rocksdb/updating_join/updating_join/checkpoint/16384/domain=16384/bytes=264/nulls=true/mini_batch=true,82,1.0,10529895.0,Flat
engine/rocksdb/updating_join/updating_join/checkpoint/16384/domain=16384/bytes=264/nulls=true/mini_batch=true,83,1.0,10565853.0,Flat
engine/rocksdb/updating_join/updating_join/checkpoint/16384/domain=16384/bytes=264/nulls=true/mini_batch=true,84,1.0,15075206.0,Flat
engine/rocksdb/updating_join/updating_join/checkpoint/16384/domain=16384/bytes=264/nulls=true/mini_batch=true,85,1.0,16314287.0,Flat
engine/rocksdb/updating_join/updating_join/checkpoint/16384/domain=16384/bytes=264/nulls=true/mini_batch=true,86,1.0,13637880.0,Flat
engine/rocksdb/updating_join/updating_join/checkpoint/16384/domain=16384/bytes=264/nulls=true/mini_batch=true,87,1.0,13335441.0,Flat
engine/rocksdb/updating_join/updating_join/checkpoint/16384/domain=16384/bytes=264/nulls=true/mini_batch=true,88,1.0,12214925.0,Flat
engine/rocksdb/updating_join/updating_join/checkpoint/16384/domain=16384/bytes=264/nulls=true/mini_batch=true,89,1.0,14349110.0,Flat
engine/rocksdb/updating_join/updating_join/checkpoint/16384/domain=16384/bytes=264/nulls=true/mini_batch=true,90,1.0,22242835.0,Flat
engine/rocksdb/updating_join/updating_join/checkpoint/16384/domain=16384/bytes=264/nulls=true/mini_batch=true,91,1.0,23275084.0,Flat
engine/rocksdb/updating_join/updating_join/checkpoint/16384/domain=16384/bytes=264/nulls=true/mini_batch=true,92,1.0,9865136.0,Flat
engine/rocksdb/updating_join/updating_join/checkpoint/16384/domain=16384/bytes=264/nulls=true/mini_batch=true,93,1.0,21359265.0,Flat
engine/rocksdb/updating_join/updating_join/checkpoint/16384/domain=16384/bytes=264/nulls=true/mini_batch=true,94,1.0,26697455.0,Flat
engine/rocksdb/updating_join/updating_join/checkpoint/16384/domain=16384/bytes=264/nulls=true/mini_batch=true,95,1.0,9538118.0,Flat
engine/rocksdb/updating_join/updating_join/checkpoint/16384/domain=16384/bytes=264/nulls=true/mini_batch=true,96,1.0,56939828.0,Flat
engine/rocksdb/updating_join/updating_join/checkpoint/16384/domain=16384/bytes=264/nulls=true/mini_batch=true,97,1.0,19501551.0,Flat
engine/rocksdb/updating_join/updating_join/checkpoint/16384/domain=16384/bytes=264/nulls=true/mini_batch=true,98,1.0,25118588.0,Flat
engine/rocksdb/updating_join/updating_join/checkpoint/16384/domain=16384/bytes=264/nulls=true/mini_batch=true,99,1.0,14990730.0,Flat
engine/rocksdb/updating_join/updating_join/checkpoint/16384/domain=8/bytes=264/nulls=true/mini_batch=false,0,1.0,9114544.0,Flat
engine/rocksdb/updating_join/updating_join/checkpoint/16384/domain=8/bytes=264/nulls=true/mini_batch=false,1,1.0,11280315.0,Flat
engine/rocksdb/updating_join/updating_join/checkpoint/16384/domain=8/bytes=264/nulls=true/mini_batch=false,2,1.0,7556177.0,Flat
engine/rocksdb/updating_join/updating_join/checkpoint/16384/domain=8/bytes=264/nulls=true/mini_batch=false,3,1.0,7008364.0,Flat
engine/rocksdb/updating_join/updating_join/checkpoint/16384/domain=8/bytes=264/nulls=true/mini_batch=false,4,1.0,8704191.0,Flat
engine/rocksdb/updating_join/updating_join/checkpoint/16384/domain=8/bytes=264/nulls=true/mini_batch=false,5,1.0,7761689.0,Flat
engine/rocksdb/updating_join/updating_join/checkpoint/16384/domain=8/bytes=264/nulls=true/mini_batch=false,6,1.0,7052198.0,Flat
engine/rocksdb/updating_join/updating_join/checkpoint/16384/domain=8/bytes=264/nulls=true/mini_batch=false,7,1.0,7174078.0,Flat
engine/rocksdb/updating_join/updating_join/checkpoint/16384/domain=8/bytes=264/nulls=true/mini_batch=false,8,1.0,9369502.0,Flat
engine/rocksdb/updating_join/updating_join/checkpoint/16384/domain=8/bytes=264/nulls=true/mini_batch=false,9,1.0,6721781.0,Flat
engine/rocksdb/updating_join/updating_join/checkpoint/16384/domain=8/bytes=264/nulls=true/mini_batch=false,10,1.0,8288705.0,Flat
engine/rocksdb/updating_join/updating_join/checkpoint/16384/domain=8/bytes=264/nulls=true/mini_batch=false,11,1.0,7177869.0,Flat
engine/rocksdb/updating_join/updating_join/checkpoint/16384/domain=8/bytes=264/nulls=true/mini_batch=false,12,1.0,9033135.0,Flat
engine/rocksdb/updating_join/updating_join/checkpoint/16384/domain=8/bytes=264/nulls=true/mini_batch=false,13,1.0,8396995.0,Flat
engine/rocksdb/updating_join/updating_join/checkpoint/16384/domain=8/bytes=264/nulls=true/mini_batch=false,14,1.0,7839557.0,Flat
engine/rocksdb/updating_join/updating_join/checkpoint/16384/domain=8/bytes=264/nulls=true/mini_batch=false,15,1.0,7339466.0,Flat
engine/rocksdb/updating_join/updating_join/checkpoint/16384/domain=8/bytes=264/nulls=true/mini_batch=false,16,1.0,6357642.0,Flat
engine/rocksdb/updating_join/updating_join/checkpoint/16384/domain=8/bytes=264/nulls=true/mini_batch=false,17,1.0,10049344.0,Flat
engine/rocksdb/updating_join/updating_join/checkpoint/16384/domain=8/bytes=264/nulls=true/mini_batch=false,18,1.0,6388961.0,Flat
engine/rocksdb/updating_join/updating_join/checkpoint/16384/domain=8/bytes=264/nulls=true/mini_batch=false,19,1.0,7567969.0,Flat
engine/rocksdb/updating_join/updating_join/checkpoint/16384/domain=8/bytes=264/nulls=true/mini_batch=false,20,1.0,11607913.0,Flat
engine/rocksdb/updating_join/updating_join/checkpoint/16384/domain=8/bytes=264/nulls=true/mini_batch=false,21,1.0,25245630.0,Flat
engine/rocksdb/updating_join/updating_join/checkpoint/16384/domain=8/bytes=264/nulls=true/mini_batch=false,22,1.0,7109848.0,Flat
engine/rocksdb/updating_join/updating_join/checkpoint/16384/domain=8/bytes=264/nulls=true/mini_batch=false,23,1.0,7734632.0,Flat
engine/rocksdb/updating_join/updating_join/checkpoint/16384/domain=8/bytes=264/nulls=true/mini_batch=false,24,1.0,7079828.0,Flat
engine/rocksdb/updating_join/updating_join/checkpoint/16384/domain=8/bytes=264/nulls=true/mini_batch=false,25,1.0,10872503.0,Flat
engine/rocksdb/updating_join/updating_join/checkpoint/16384/domain=8/bytes=264/nulls=true/mini_batch=false,26,1.0,8186274.0,Flat
engine/rocksdb/updating_join/updating_join/checkpoint/16384/domain=8/bytes=264/nulls=true/mini_batch=false,27,1.0,8851695.0,Flat
engine/rocksdb/updating_join/updating_join/checkpoint/16384/domain=8/bytes=264/nulls=true/mini_batch=false,28,1.0,8528623.0,Flat
engine/rocksdb/updating_join/updating_join/checkpoint/16384/domain=8/bytes=264/nulls=true/mini_batch=false,29,1.0,11211512.0,Flat
engine/rocksdb/updating_join/updating_join/checkpoint/16384/domain=8/bytes=264/nulls=true/mini_batch=false,30,1.0,7148843.0,Flat
engine/rocksdb/updating_join/updating_join/checkpoint/16384/domain=8/bytes=264/nulls=true/mini_batch=false,31,1.0,7281370.0,Flat
engine/rocksdb/updating_join/updating_join/checkpoint/16384/domain=8/bytes=264/nulls=true/mini_batch=false,32,1.0,7524973.0,Flat
engine/rocksdb/updating_join/updating_join/checkpoint/16384/domain=8/bytes=264/nulls=true/mini_batch=false,33,1.0,8657358.0,Flat
engine/rocksdb/updating_join/updating_join/checkpoint/16384/domain=8/bytes=264/nulls=true/mini_batch=false,34,1.0,8210123.0,Flat
engine/rocksdb/updating_join/updating_join/checkpoint/16384/domain=8/bytes=264/nulls=true/mini_batch=false,35,1.0,7078645.0,Flat
engine/rocksdb/updating_join/updating_join/checkpoint/16384/domain=8/bytes=264/nulls=true/mini_batch=false,36,1.0,7546646.0,Flat
engine/rocksdb/updating_join/updating_join/checkpoint/16384/domain=8/bytes=264/nulls=true/mini_batch=false,37,1.0,13671679.0,Flat
engine/rocksdb/updating_join/updating_join/checkpoint/16384/domain=8/bytes=264/nulls=true/mini_batch=false,38,1.0,7584497.0,Flat
engine/rocksdb/updating_join/updating_join/checkpoint/16384/domain=8/bytes=264/nulls=true/mini_batch=false,39,1.0,9312046.0,Flat
engine/rocksdb/updating_join/updating_join/checkpoint/16384/domain=8/bytes=264/nulls=true/mini_batch=false,40,1.0,8124305.0,Flat
engine/rocksdb/updating_join/updating_join/checkpoint/16384/domain=8/bytes=264/nulls=true/mini_batch=false,41,1.0,7404311.0,Flat
engine/rocksdb/updating_join/updating_join/checkpoint/16384/domain=8/bytes=264/nulls=true/mini_batch=false,42,1.0,9065367.0,Flat
engine/rocksdb/updating_join/updating_join/checkpoint/16384/domain=8/bytes=264/nulls=true/mini_batch=false,43,1.0,9755245.0,Flat
engine/rocksdb/updating_join/updating_join/checkpoint/16384/domain=8/bytes=264/nulls=true/mini_batch=false,44,1.0,7809981.0,Flat
engine/rocksdb/updating_join/updating_join/checkpoint/16384/domain=8/bytes=264/nulls=true/mini_batch=false,45,1.0,7392694.0,Flat
engine/rocksdb/updating_join/updating_join/checkpoint/16384/domain=8/bytes=264/nulls=true/mini_batch=false,46,1.0,10224316.0,Flat
engine/rocksdb/updating_join/updating_join/checkpoint/16384/domain=8/bytes=264/nulls=true/mini_batch=false,47,1.0,8800022.0,Flat
engine/rocksdb/updating_join/updating_join/checkpoint/16384/domain=8/bytes=264/nulls=true/mini_batch=false,48,1.0,11347097.0,Flat
engine/rocksdb/updating_join/updating_join/checkpoint/16384/domain=8/bytes=264/nulls=true/mini_batch=false,49,1.0,8526690.0,Flat
engine/rocksdb/updating_join/updating_join/checkpoint/16384/domain=8/bytes=264/nulls=true/mini_batch=false,50,1.0,8703403.0,Flat
engine/rocksdb/updating_join/updating_join/checkpoint/16384/domain=8/bytes=264/nulls=true/mini_batch=false,51,1.0,8283376.0,Flat
engine/rocksdb/updating_join/updating_join/checkpoint/16384/domain=8/bytes=264/nulls=true/mini_batch=false,52,1.0,7871766.0,Flat
engine/rocksdb/updating_join/updating_join/checkpoint/16384/domain=8/bytes=264/nulls=true/mini_batch=false,53,1.0,8798862.0,Flat
engine/rocksdb/updating_join/updating_join/checkpoint/16384/domain=8/bytes=264/nulls=true/mini_batch=false,54,1.0,8784256.0,Flat
engine/rocksdb/updating_join/updating_join/checkpoint/16384/domain=8/bytes=264/nulls=true/mini_batch=false,55,1.0,8554192.0,Flat
engine/rocksdb/updating_join/updating_join/checkpoint/16384/domain=8/bytes=264/nulls=true/mini_batch=false,56,1.0,9508380.0,Flat
engine/rocksdb/updating_join/updating_join/checkpoint/16384/domain=8/bytes=264/nulls=true/mini_batch=false,57,1.0,6072805.0,Flat
engine/rocksdb/updating_join/updating_join/checkpoint/16384/domain=8/bytes=264/nulls=true/mini_batch=false,58,1.0,6563811.0,Flat
engine/rocksdb/updating_join/updating_join/checkpoint/16384/domain=8/bytes=264/nulls=true/mini_batch=false,59,1.0,6863454.0,Flat
engine/rocksdb/updating_join/updating_join/checkpoint/16384/domain=8/bytes=264/nulls=true/mini_batch=false,60,1.0,8129820.0,Flat
engine/rocksdb/updating_join/updating_join/checkpoint/16384/domain=8/bytes=264/nulls=true/mini_batch=false,61,1.0,9166289.0,Flat
engine/rocksdb/updating_join/updating_join/checkpoint/16384/domain=8/bytes=264/nulls=true/mini_batch=false,62,1.0,5815386.0,Flat
engine/rocksdb/updating_join/updating_join/checkpoint/16384/domain=8/bytes=264/nulls=true/mini_batch=false,63,1.0,9873625.0,Flat
engine/rocksdb/updating_join/updating_join/checkpoint/16384/domain=8/bytes=264/nulls=true/mini_batch=false,64,1.0,8762579.0,Flat
engine/rocksdb/updating_join/updating_join/checkpoint/16384/domain=8/bytes=264/nulls=true/mini_batch=false,65,1.0,9152098.0,Flat
engine/rocksdb/updating_join/updating_join/checkpoint/16384/domain=8/bytes=264/nulls=true/mini_batch=false,66,1.0,6427383.0,Flat
engine/rocksdb/updating_join/updating_join/checkpoint/16384/domain=8/bytes=264/nulls=true/mini_batch=false,67,1.0,9145523.0,Flat
engine/rocksdb/updating_join/updating_join/checkpoint/16384/domain=8/bytes=264/nulls=true/mini_batch=false,68,1.0,7195977.0,Flat
engine/rocksdb/updating_join/updating_join/checkpoint/16384/domain=8/bytes=264/nulls=true/mini_batch=false,69,1.0,8912118.0,Flat
engine/rocksdb/updating_join/updating_join/checkpoint/16384/domain=8/bytes=264/nulls=true/mini_batch=false,70,1.0,7865451.0,Flat
engine/rocksdb/updating_join/updating_join/checkpoint/16384/domain=8/bytes=264/nulls=true/mini_batch=false,71,1.0,7564850.0,Flat
engine/rocksdb/updating_join/updating_join/checkpoint/16384/domain=8/bytes=264/nulls=true/mini_batch=false,72,1.0,8217566.0,Flat
engine/rocksdb/updating_join/updating_join/checkpoint/16384/domain=8/bytes=264/nulls=true/mini_batch=false,73,1.0,9861640.0,Flat
engine/rocksdb/updating_join/updating_join/checkpoint/16384/domain=8/bytes=264/nulls=true/mini_batch=false,74,1.0,7700050.0,Flat
engine/rocksdb/updating_join/updating_join/checkpoint/16384/domain=8/bytes=264/nulls=true/mini_batch=false,75,1.0,9980177.0,Flat
engine/rocksdb/updating_join/updating_join/checkpoint/16384/domain=8/bytes=264/nulls=true/mini_batch=false,76,1.0,9076923.0,Flat
engine/rocksdb/updating_join/updating_join/checkpoint/16384/domain=8/bytes=264/nulls=true/mini_batch=false,77,1.0,7593463.0,Flat
engine/rocksdb/updating_join/updating_join/checkpoint/16384/domain=8/bytes=264/nulls=true/mini_batch=false,78,1.0,6952155.0,Flat
engine/rocksdb/updating_join/updating_join/checkpoint/16384/domain=8/bytes=264/nulls=true/mini_batch=false,79,1.0,11746932.0,Flat
engine/rocksdb/updating_join/updating_join/checkpoint/16384/domain=8/bytes=264/nulls=true/mini_batch=false,80,1.0,7682298.0,Flat
engine/rocksdb/updating_join/updating_join/checkpoint/16384/domain=8/bytes=264/nulls=true/mini_batch=false,81,1.0,9420467.0,Flat
engine/rocksdb/updating_join/updating_join/checkpoint/16384/domain=8/bytes=264/nulls=true/mini_batch=false,82,1.0,6574499.0,Flat
engine/rocksdb/updating_join/updating_join/checkpoint/16384/domain=8/bytes=264/nulls=true/mini_batch=false,83,1.0,8686227.0,Flat
engine/rocksdb/updating_join/updating_join/checkpoint/16384/domain=8/bytes=264/nulls=true/mini_batch=false,84,1.0,6785538.0,Flat
engine/rocksdb/updating_join/updating_join/checkpoint/16384/domain=8/bytes=264/nulls=true/mini_batch=false,85,1.0,6661056.0,Flat
engine/rocksdb/updating_join/updating_join/checkpoint/16384/domain=8/bytes=264/nulls=true/mini_batch=false,86,1.0,8963890.0,Flat
engine/rocksdb/updating_join/updating_join/checkpoint/16384/domain=8/bytes=264/nulls=true/mini_batch=false,87,1.0,5383929.0,Flat
engine/rocksdb/updating_join/updating_join/checkpoint/16384/domain=8/bytes=264/nulls=true/mini_batch=false,88,1.0,6731071.0,Flat
engine/rocksdb/updating_join/updating_join/checkpoint/16384/domain=8/bytes=264/nulls=true/mini_batch=false,89,1.0,6119483.0,Flat
engine/rocksdb/updating_join/updating_join/checkpoint/16384/domain=8/bytes=264/nulls=true/mini_batch=false,90,1.0,7637889.0,Flat
engine/rocksdb/updating_join/updating_join/checkpoint/16384/domain=8/bytes=264/nulls=true/mini_batch=false,91,1.0,7591163.0,Flat
engine/rocksdb/updating_join/updating_join/checkpoint/16384/domain=8/bytes=264/nulls=true/mini_batch=false,92,1.0,7409535.0,Flat
engine/rocksdb/updating_join/updating_join/checkpoint/16384/domain=8/bytes=264/nulls=true/mini_batch=false,93,1.0,6155056.0,Flat
engine/rocksdb/updating_join/updating_join/checkpoint/16384/domain=8/bytes=264/nulls=true/mini_batch=false,94,1.0,7022298.0,Flat
engine/rocksdb/updating_join/updating_join/checkpoint/16384/domain=8/bytes=264/nulls=true/mini_batch=false,95,1.0,6940508.0,Flat
engine/rocksdb/updating_join/updating_join/checkpoint/16384/domain=8/bytes=264/nulls=true/mini_batch=false,96,1.0,7358136.0,Flat
engine/rocksdb/updating_join/updating_join/checkpoint/16384/domain=8/bytes=264/nulls=true/mini_batch=false,97,1.0,7599987.0,Flat
engine/rocksdb/updating_join/updating_join/checkpoint/16384/domain=8/bytes=264/nulls=true/mini_batch=false,98,1.0,7384708.0,Flat
engine/rocksdb/updating_join/updating_join/checkpoint/16384/domain=8/bytes=264/nulls=true/mini_batch=false,99,1.0,8461363.0,Flat
engine/rocksdb/updating_join/updating_join/checkpoint/16384/domain=8/bytes=264/nulls=true/mini_batch=true,0,2.0,14791431.0,Flat
engine/rocksdb/updating_join/updating_join/checkpoint/16384/domain=8/bytes=264/nulls=true/mini_batch=true,1,2.0,14640883.0,Flat
engine/rocksdb/updating_join/updating_join/checkpoint/16384/domain=8/bytes=264/nulls=true/mini_batch=true,2,2.0,15465099.0,Flat
engine/rocksdb/updating_join/updating_join/checkpoint/16384/domain=8/bytes=264/nulls=true/mini_batch=true,3,2.0,12683443.0,Flat
engine/rocksdb/updating_join/updating_join/checkpoint/16384/domain=8/bytes=264/nulls=true/mini_batch=true,4,2.0,14455417.0,Flat
engine/rocksdb/updating_join/updating_join/checkpoint/16384/domain=8/bytes=264/nulls=true/mini_batch=true,5,2.0,14573650.0,Flat
engine/rocksdb/updating_join/updating_join/checkpoint/16384/domain=8/bytes=264/nulls=true/mini_batch=true,6,2.0,15746256.0,Flat
engine/rocksdb/updating_join/updating_join/checkpoint/16384/domain=8/bytes=264/nulls=true/mini_batch=true,7,2.0,14653439.0,Flat
engine/rocksdb/updating_join/updating_join/checkpoint/16384/domain=8/bytes=264/nulls=true/mini_batch=true,8,2.0,14323278.0,Flat
engine/rocksdb/updating_join/updating_join/checkpoint/16384/domain=8/bytes=264/nulls=true/mini_batch=true,9,2.0,15269578.0,Flat
engine/rocksdb/updating_join/updating_join/checkpoint/16384/domain=8/bytes=264/nulls=true/mini_batch=true,10,2.0,16792335.0,Flat
engine/rocksdb/updating_join/updating_join/checkpoint/16384/domain=8/bytes=264/nulls=true/mini_batch=true,11,2.0,16228847.0,Flat
engine/rocksdb/updating_join/updating_join/checkpoint/16384/domain=8/bytes=264/nulls=true/mini_batch=true,12,2.0,17406574.0,Flat
engine/rocksdb/updating_join/updating_join/checkpoint/16384/domain=8/bytes=264/nulls=true/mini_batch=true,13,2.0,15781157.0,Flat
engine/rocksdb/updating_join/updating_join/checkpoint/16384/domain=8/bytes=264/nulls=true/mini_batch=true,14,2.0,14972703.0,Flat
engine/rocksdb/updating_join/updating_join/checkpoint/16384/domain=8/bytes=264/nulls=true/mini_batch=true,15,2.0,14532558.0,Flat
engine/rocksdb/updating_join/updating_join/checkpoint/16384/domain=8/bytes=264/nulls=true/mini_batch=true,16,2.0,13508379.0,Flat
engine/rocksdb/updating_join/updating_join/checkpoint/16384/domain=8/bytes=264/nulls=true/mini_batch=true,17,2.0,17711937.0,Flat
engine/rocksdb/updating_join/updating_join/checkpoint/16384/domain=8/bytes=264/nulls=true/mini_batch=true,18,2.0,16105572.0,Flat
engine/rocksdb/updating_join/updating_join/checkpoint/16384/domain=8/bytes=264/nulls=true/mini_batch=true,19,2.0,16697586.0,Flat
engine/rocksdb/updating_join/updating_join/checkpoint/16384/domain=8/bytes=264/nulls=true/mini_batch=true,20,2.0,15368865.0,Flat
engine/rocksdb/updating_join/updating_join/checkpoint/16384/domain=8/bytes=264/nulls=true/mini_batch=true,21,2.0,13719866.0,Flat
engine/rocksdb/updating_join/updating_join/checkpoint/16384/domain=8/bytes=264/nulls=true/mini_batch=true,22,2.0,13329695.0,Flat
engine/rocksdb/updating_join/updating_join/checkpoint/16384/domain=8/bytes=264/nulls=true/mini_batch=true,23,2.0,13788039.0,Flat
engine/rocksdb/updating_join/updating_join/checkpoint/16384/domain=8/bytes=264/nulls=true/mini_batch=true,24,2.0,14347558.0,Flat
engine/rocksdb/updating_join/updating_join/checkpoint/16384/domain=8/bytes=264/nulls=true/mini_batch=true,25,2.0,16749500.0,Flat
engine/rocksdb/updating_join/updating_join/checkpoint/16384/domain=8/bytes=264/nulls=true/mini_batch=true,26,2.0,13821211.0,Flat
engine/rocksdb/updating_join/updating_join/checkpoint/16384/domain=8/bytes=264/nulls=true/mini_batch=true,27,2.0,13764104.0,Flat
engine/rocksdb/updating_join/updating_join/checkpoint/16384/domain=8/bytes=264/nulls=true/mini_batch=true,28,2.0,13536667.0,Flat
engine/rocksdb/updating_join/updating_join/checkpoint/16384/domain=8/bytes=264/nulls=true/mini_batch=true,29,2.0,14124689.0,Flat
engine/rocksdb/updating_join/updating_join/checkpoint/16384/domain=8/bytes=264/nulls=true/mini_batch=true,30,2.0,14997751.0,Flat
engine/rocksdb/updating_join/updating_join/checkpoint/16384/domain=8/bytes=264/nulls=true/mini_batch=true,31,2.0,20910072.0,Flat
engine/rocksdb/updating_join/updating_join/checkpoint/16384/domain=8/bytes=264/nulls=true/mini_batch=true,32,2.0,16338965.0,Flat
engine/rocksdb/updating_join/updating_join/checkpoint/16384/domain=8/bytes=264/nulls=true/mini_batch=true,33,2.0,15520071.0,Flat
engine/rocksdb/updating_join/updating_join/checkpoint/16384/domain=8/bytes=264/nulls=true/mini_batch=true,34,2.0,15067540.0,Flat
engine/rocksdb/updating_join/updating_join/checkpoint/16384/domain=8/bytes=264/nulls=true/mini_batch=true,35,2.0,13547951.0,Flat
engine/rocksdb/updating_join/updating_join/checkpoint/16384/domain=8/bytes=264/nulls=true/mini_batch=true,36,2.0,14371879.0,Flat
engine/rocksdb/updating_join/updating_join/checkpoint/16384/domain=8/bytes=264/nulls=true/mini_batch=true,37,2.0,15756651.0,Flat
engine/rocksdb/updating_join/updating_join/checkpoint/16384/domain=8/bytes=264/nulls=true/mini_batch=true,38,2.0,14897999.0,Flat
engine/rocksdb/updating_join/updating_join/checkpoint/16384/domain=8/bytes=264/nulls=true/mini_batch=true,39,2.0,13665541.0,Flat
engine/rocksdb/updating_join/updating_join/checkpoint/16384/domain=8/bytes=264/nulls=true/mini_batch=true,40,2.0,13087286.0,Flat
engine/rocksdb/updating_join/updating_join/checkpoint/16384/domain=8/bytes=264/nulls=true/mini_batch=true,41,2.0,13157603.0,Flat
engine/rocksdb/updating_join/updating_join/checkpoint/16384/domain=8/bytes=264/nulls=true/mini_batch=true,42,2.0,13556563.0,Flat
engine/rocksdb/updating_join/updating_join/checkpoint/16384/domain=8/bytes=264/nulls=true/mini_batch=true,43,2.0,12729660.0,Flat
engine/rocksdb/updating_join/updating_join/checkpoint/16384/domain=8/bytes=264/nulls=true/mini_batch=true,44,2.0,14381331.0,Flat
engine/rocksdb/updating_join/updating_join/checkpoint/16384/domain=8/bytes=264/nulls=true/mini_batch=true,45,2.0,15592640.0,Flat
engine/rocksdb/updating_join/updating_join/checkpoint/16384/domain=8/bytes=264/nulls=true/mini_batch=true,46,2.0,13295295.0,Flat
engine/rocksdb/updating_join/updating_join/checkpoint/16384/domain=8/bytes=264/nulls=true/mini_batch=true,47,2.0,15036045.0,Flat
engine/rocksdb/updating_join/updating_join/checkpoint/16384/domain=8/bytes=264/nulls=true/mini_batch=true,48,2.0,13077412.0,Flat
engine/rocksdb/updating_join/updating_join/checkpoint/16384/domain=8/bytes=264/nulls=true/mini_batch=true,49,2.0,14595544.0,Flat
engine/rocksdb/updating_join/updating_join/checkpoint/16384/domain=8/bytes=264/nulls=true/mini_batch=true,50,2.0,15251415.0,Flat
engine/rocksdb/updating_join/updating_join/checkpoint/16384/domain=8/bytes=264/nulls=true/mini_batch=true,51,2.0,14204753.0,Flat
engine/rocksdb/updating_join/updating_join/checkpoint/16384/domain=8/bytes=264/nulls=true/mini_batch=true,52,2.0,13804605.0,Flat
engine/rocksdb/updating_join/updating_join/checkpoint/16384/domain=8/bytes=264/nulls=true/mini_batch=true,53,2.0,15978378.0,Flat
engine/rocksdb/updating_join/updating_join/checkpoint/16384/domain=8/bytes=264/nulls=true/mini_batch=true,54,2.0,13883654.0,Flat
engine/rocksdb/updating_join/updating_join/checkpoint/16384/domain=8/bytes=264/nulls=true/mini_batch=true,55,2.0,13143954.0,Flat
engine/rocksdb/updating_join/updating_join/checkpoint/16384/domain=8/bytes=264/nulls=true/mini_batch=true,56,2.0,14338643.0,Flat
engine/rocksdb/updating_join/updating_join/checkpoint/16384/domain=8/bytes=264/nulls=true/mini_batch=true,57,2.0,17084895.0,Flat
engine/rocksdb/updating_join/updating_join/checkpoint/16384/domain=8/bytes=264/nulls=true/mini_batch=true,58,2.0,15038122.0,Flat
engine/rocksdb/updating_join/updating_join/checkpoint/16384/domain=8/bytes=264/nulls=true/mini_batch=true,59,2.0,14915421.0,Flat
engine/rocksdb/updating_join/updating_join/checkpoint/16384/domain=8/bytes=264/nulls=true/mini_batch=true,60,2.0,14061558.0,Flat
engine/rocksdb/updating_join/updating_join/checkpoint/16384/domain=8/bytes=264/nulls=true/mini_batch=true,61,2.0,13438758.0,Flat
engine/rocksdb/updating_join/updating_join/checkpoint/16384/domain=8/bytes=264/nulls=true/mini_batch=true,62,2.0,13529707.0,Flat
engine/rocksdb/updating_join/updating_join/checkpoint/16384/domain=8/bytes=264/nulls=true/mini_batch=true,63,2.0,15451921.0,Flat
engine/rocksdb/updating_join/updating_join/checkpoint/16384/domain=8/bytes=264/nulls=true/mini_batch=true,64,2.0,14819624.0,Flat
engine/rocksdb/updating_join/updating_join/checkpoint/16384/domain=8/bytes=264/nulls=true/mini_batch=true,65,2.0,14719837.0,Flat
engine/rocksdb/updating_join/updating_join/checkpoint/16384/domain=8/bytes=264/nulls=true/mini_batch=true,66,2.0,15060079.0,Flat
engine/rocksdb/updating_join/updating_join/checkpoint/16384/domain=8/bytes=264/nulls=true/mini_batch=true,67,2.0,17784967.0,Flat
engine/rocksdb/updating_join/updating_join/checkpoint/16384/domain=8/bytes=264/nulls=true/mini_batch=true,68,2.0,15424295.0,Flat
engine/rocksdb/updating_join/updating_join/checkpoint/16384/domain=8/bytes=264/nulls=true/mini_batch=true,69,2.0,17300991.0,Flat
engine/rocksdb/updating_join/updating_join/checkpoint/16384/domain=8/bytes=264/nulls=true/mini_batch=true,70,2.0,14207718.0,Flat
engine/rocksdb/updating_join/updating_join/checkpoint/16384/domain=8/bytes=264/nulls=true/mini_batch=true,71,2.0,13480121.0,Flat
engine/rocksdb/updating_join/updating_join/checkpoint/16384/domain=8/bytes=264/nulls=true/mini_batch=true,72,2.0,14643401.0,Flat
engine/rocksdb/updating_join/updating_join/checkpoint/16384/domain=8/bytes=264/nulls=true/mini_batch=true,73,2.0,15513516.0,Flat
engine/rocksdb/updating_join/updating_join/checkpoint/16384/domain=8/bytes=264/nulls=true/mini_batch=true,74,2.0,14363357.0,Flat
engine/rocksdb/updating_join/updating_join/checkpoint/16384/domain=8/bytes=264/nulls=true/mini_batch=true,75,2.0,16785303.0,Flat
engine/rocksdb/updating_join/updating_join/checkpoint/16384/domain=8/bytes=264/nulls=true/mini_batch=true,76,2.0,17600037.0,Flat
engine/rocksdb/updating_join/updating_join/checkpoint/16384/domain=8/bytes=264/nulls=true/mini_batch=true,77,2.0,15065654.0,Flat
engine/rocksdb/updating_join/updating_join/checkpoint/16384/domain=8/bytes=264/nulls=true/mini_batch=true,78,2.0,13803598.0,Flat
engine/rocksdb/updating_join/updating_join/checkpoint/16384/domain=8/bytes=264/nulls=true/mini_batch=true,79,2.0,15098468.0,Flat
engine/rocksdb/updating_join/updating_join/checkpoint/16384/domain=8/bytes=264/nulls=true/mini_batch=true,80,2.0,14780068.0,Flat
engine/rocksdb/updating_join/updating_join/checkpoint/16384/domain=8/bytes=264/nulls=true/mini_batch=true,81,2.0,16456121.0,Flat
engine/rocksdb/updating_join/updating_join/checkpoint/16384/domain=8/bytes=264/nulls=true/mini_batch=true,82,2.0,17841277.0,Flat
engine/rocksdb/updating_join/updating_join/checkpoint/16384/domain=8/bytes=264/nulls=true/mini_batch=true,83,2.0,16083584.0,Flat
engine/rocksdb/updating_join/updating_join/checkpoint/16384/domain=8/bytes=264/nulls=true/mini_batch=true,84,2.0,15099255.0,Flat
engine/rocksdb/updating_join/updating_join/checkpoint/16384/domain=8/bytes=264/nulls=true/mini_batch=true,85,2.0,15367549.0,Flat
engine/rocksdb/updating_join/updating_join/checkpoint/16384/domain=8/bytes=264/nulls=true/mini_batch=true,86,2.0,13673343.0,Flat
engine/rocksdb/updating_join/updating_join/checkpoint/16384/domain=8/bytes=264/nulls=true/mini_batch=true,87,2.0,14311637.0,Flat
engine/rocksdb/updating_join/updating_join/checkpoint/16384/domain=8/bytes=264/nulls=true/mini_batch=true,88,2.0,16192691.0,Flat
engine/rocksdb/updating_join/updating_join/checkpoint/16384/domain=8/bytes=264/nulls=true/mini_batch=true,89,2.0,18509587.0,Flat
engine/rocksdb/updating_join/updating_join/checkpoint/16384/domain=8/bytes=264/nulls=true/mini_batch=true,90,2.0,16643936.0,Flat
engine/rocksdb/updating_join/updating_join/checkpoint/16384/domain=8/bytes=264/nulls=true/mini_batch=true,91,2.0,15117743.0,Flat
engine/rocksdb/updating_join/updating_join/checkpoint/16384/domain=8/bytes=264/nulls=true/mini_batch=true,92,2.0,15780540.0,Flat
engine/rocksdb/updating_join/updating_join/checkpoint/16384/domain=8/bytes=264/nulls=true/mini_batch=true,93,2.0,14152273.0,Flat
engine/rocksdb/updating_join/updating_join/checkpoint/16384/domain=8/bytes=264/nulls=true/mini_batch=true,94,2.0,16566681.0,Flat
engine/rocksdb/updating_join/updating_join/checkpoint/16384/domain=8/bytes=264/nulls=true/mini_batch=true,95,2.0,17590388.0,Flat
engine/rocksdb/updating_join/updating_join/checkpoint/16384/domain=8/bytes=264/nulls=true/mini_batch=true,96,2.0,15667141.0,Flat
engine/rocksdb/updating_join/updating_join/checkpoint/16384/domain=8/bytes=264/nulls=true/mini_batch=true,97,2.0,15629130.0,Flat
engine/rocksdb/updating_join/updating_join/checkpoint/16384/domain=8/bytes=264/nulls=true/mini_batch=true,98,2.0,14371366.0,Flat
engine/rocksdb/updating_join/updating_join/checkpoint/16384/domain=8/bytes=264/nulls=true/mini_batch=true,99,2.0,15451350.0,Flat
engine/rocksdb/updating_join/updating_join/push_right/16384/domain=1/bytes=264/nulls=true/mini_batch=false,0,2.0,18472538.0,Flat
engine/rocksdb/updating_join/updating_join/push_right/16384/domain=1/bytes=264/nulls=true/mini_batch=false,1,2.0,16962816.0,Flat
engine/rocksdb/updating_join/updating_join/push_right/16384/domain=1/bytes=264/nulls=true/mini_batch=false,2,2.0,17378960.0,Flat
engine/rocksdb/updating_join/updating_join/push_right/16384/domain=1/bytes=264/nulls=true/mini_batch=false,3,2.0,17176989.0,Flat
engine/rocksdb/updating_join/updating_join/push_right/16384/domain=1/bytes=264/nulls=true/mini_batch=false,4,2.0,16311272.0,Flat
engine/rocksdb/updating_join/updating_join/push_right/16384/domain=1/bytes=264/nulls=true/mini_batch=false,5,2.0,17040626.0,Flat
engine/rocksdb/updating_join/updating_join/push_right/16384/domain=1/bytes=264/nulls=true/mini_batch=false,6,2.0,17916401.0,Flat
engine/rocksdb/updating_join/updating_join/push_right/16384/domain=1/bytes=264/nulls=true/mini_batch=false,7,2.0,17146945.0,Flat
engine/rocksdb/updating_join/updating_join/push_right/16384/domain=1/bytes=264/nulls=true/mini_batch=false,8,2.0,17005818.0,Flat
engine/rocksdb/updating_join/updating_join/push_right/16384/domain=1/bytes=264/nulls=true/mini_batch=false,9,2.0,17542505.0,Flat
engine/rocksdb/updating_join/updating_join/push_right/16384/domain=1/bytes=264/nulls=true/mini_batch=false,10,2.0,17262167.0,Flat
engine/rocksdb/updating_join/updating_join/push_right/16384/domain=1/bytes=264/nulls=true/mini_batch=false,11,2.0,17511420.0,Flat
engine/rocksdb/updating_join/updating_join/push_right/16384/domain=1/bytes=264/nulls=true/mini_batch=false,12,2.0,16821060.0,Flat
engine/rocksdb/updating_join/updating_join/push_right/16384/domain=1/bytes=264/nulls=true/mini_batch=false,13,2.0,17143726.0,Flat
engine/rocksdb/updating_join/updating_join/push_right/16384/domain=1/bytes=264/nulls=true/mini_batch=false,14,2.0,16661176.0,Flat
engine/rocksdb/updating_join/updating_join/push_right/16384/domain=1/bytes=264/nulls=true/mini_batch=false,15,2.0,17477604.0,Flat
engine/rocksdb/updating_join/updating_join/push_right/16384/domain=1/bytes=264/nulls=true/mini_batch=false,16,2.0,17155934.0,Flat
engine/rocksdb/updating_join/updating_join/push_right/16384/domain=1/bytes=264/nulls=true/mini_batch=false,17,2.0,17472849.0,Flat
engine/rocksdb/updating_join/updating_join/push_right/16384/domain=1/bytes=264/nulls=true/mini_batch=false,18,2.0,17751335.0,Flat
engine/rocksdb/updating_join/updating_join/push_right/16384/domain=1/bytes=264/nulls=true/mini_batch=false,19,2.0,16874062.0,Flat
engine/rocksdb/updating_join/updating_join/push_right/16384/domain=1/bytes=264/nulls=true/mini_batch=false,20,2.0,17019649.0,Flat
engine/rocksdb/updating_join/updating_join/push_right/16384/domain=1/bytes=264/nulls=true/mini_batch=false,21,2.0,17555733.0,Flat
engine/rocksdb/updating_join/updating_join/push_right/16384/domain=1/bytes=264/nulls=true/mini_batch=false,22,2.0,17384528.0,Flat
engine/rocksdb/updating_join/updating_join/push_right/16384/domain=1/bytes=264/nulls=true/mini_batch=false,23,2.0,16553186.0,Flat
engine/rocksdb/updating_join/updating_join/push_right/16384/domain=1/bytes=264/nulls=true/mini_batch=false,24,2.0,17272166.0,Flat
engine/rocksdb/updating_join/updating_join/push_right/16384/domain=1/bytes=264/nulls=true/mini_batch=false,25,2.0,17106574.0,Flat
engine/rocksdb/updating_join/updating_join/push_right/16384/domain=1/bytes=264/nulls=true/mini_batch=false,26,2.0,17251292.0,Flat
engine/rocksdb/updating_join/updating_join/push_right/16384/domain=1/bytes=264/nulls=true/mini_batch=false,27,2.0,17149616.0,Flat
engine/rocksdb/updating_join/updating_join/push_right/16384/domain=1/bytes=264/nulls=true/mini_batch=false,28,2.0,16967281.0,Flat
engine/rocksdb/updating_join/updating_join/push_right/16384/domain=1/bytes=264/nulls=true/mini_batch=false,29,2.0,17398736.0,Flat
engine/rocksdb/updating_join/updating_join/push_right/16384/domain=1/bytes=264/nulls=true/mini_batch=false,30,2.0,17671112.0,Flat
engine/rocksdb/updating_join/updating_join/push_right/16384/domain=1/bytes=264/nulls=true/mini_batch=false,31,2.0,17533860.0,Flat
engine/rocksdb/updating_join/updating_join/push_right/16384/domain=1/bytes=264/nulls=true/mini_batch=false,32,2.0,17719120.0,Flat
engine/rocksdb/updating_join/updating_join/push_right/16384/domain=1/bytes=264/nulls=true/mini_batch=false,33,2.0,17406242.0,Flat
engine/rocksdb/updating_join/updating_join/push_right/16384/domain=1/bytes=264/nulls=true/mini_batch=false,34,2.0,17697705.0,Flat
engine/rocksdb/updating_join/updating_join/push_right/16384/domain=1/bytes=264/nulls=true/mini_batch=false,35,2.0,17935471.0,Flat
engine/rocksdb/updating_join/updating_join/push_right/16384/domain=1/bytes=264/nulls=true/mini_batch=false,36,2.0,16771475.0,Flat
engine/rocksdb/updating_join/updating_join/push_right/16384/domain=1/bytes=264/nulls=true/mini_batch=false,37,2.0,17827457.0,Flat
engine/rocksdb/updating_join/updating_join/push_right/16384/domain=1/bytes=264/nulls=true/mini_batch=false,38,2.0,17305230.0,Flat
engine/rocksdb/updating_join/updating_join/push_right/16384/domain=1/bytes=264/nulls=true/mini_batch=false,39,2.0,16973342.0,Flat
engine/rocksdb/updating_join/updating_join/push_right/16384/domain=1/bytes=264/nulls=true/mini_batch=false,40,2.0,17373497.0,Flat
engine/rocksdb/updating_join/updating_join/push_right/16384/domain=1/bytes=264/nulls=true/mini_batch=false,41,2.0,17688394.0,Flat
engine/rocksdb/updating_join/updating_join/push_right/16384/domain=1/bytes=264/nulls=true/mini_batch=false,42,2.0,18179888.0,Flat
engine/rocksdb/updating_join/updating_join/push_right/16384/domain=1/bytes=264/nulls=true/mini_batch=false,43,2.0,17708884.0,Flat
engine/rocksdb/updating_join/updating_join/push_right/16384/domain=1/bytes=264/nulls=true/mini_batch=false,44,2.0,18135620.0,Flat
engine/rocksdb/updating_join/updating_join/push_right/16384/domain=1/bytes=264/nulls=true/mini_batch=false,45,2.0,19088409.0,Flat
engine/rocksdb/updating_join/updating_join/push_right/16384/domain=1/bytes=264/nulls=true/mini_batch=false,46,2.0,17708942.0,Flat
engine/rocksdb/updating_join/updating_join/push_right/16384/domain=1/bytes=264/nulls=true/mini_batch=false,47,2.0,17910356.0,Flat
engine/rocksdb/updating_join/updating_join/push_right/16384/domain=1/bytes=264/nulls=true/mini_batch=false,48,2.0,17528902.0,Flat
engine/rocksdb/updating_join/updating_join/push_right/16384/domain=1/bytes=264/nulls=true/mini_batch=false,49,2.0,20293086.0,Flat
engine/rocksdb/updating_join/updating_join/push_right/16384/domain=1/bytes=264/nulls=true/mini_batch=false,50,2.0,19072544.0,Flat
engine/rocksdb/updating_join/updating_join/push_right/16384/domain=1/bytes=264/nulls=true/mini_batch=false,51,2.0,17752671.0,Flat
engine/rocksdb/updating_join/updating_join/push_right/16384/domain=1/bytes=264/nulls=true/mini_batch=false,52,2.0,18284992.0,Flat
engine/rocksdb/updating_join/updating_join/push_right/16384/domain=1/bytes=264/nulls=true/mini_batch=false,53,2.0,18227520.0,Flat
engine/rocksdb/updating_join/updating_join/push_right/16384/domain=1/bytes=264/nulls=true/mini_batch=false,54,2.0,17655448.0,Flat
engine/rocksdb/updating_join/updating_join/push_right/16384/domain=1/bytes=264/nulls=true/mini_batch=false,55,2.0,17961681.0,Flat
engine/rocksdb/updating_join/updating_join/push_right/16384/domain=1/bytes=264/nulls=true/mini_batch=false,56,2.0,17400006.0,Flat
engine/rocksdb/updating_join/updating_join/push_right/16384/domain=1/bytes=264/nulls=true/mini_batch=false,57,2.0,17453881.0,Flat
engine/rocksdb/updating_join/updating_join/push_right/16384/domain=1/bytes=264/nulls=true/mini_batch=false,58,2.0,17476234.0,Flat
engine/rocksdb/updating_join/updating_join/push_right/16384/domain=1/bytes=264/nulls=true/mini_batch=false,59,2.0,17209573.0,Flat
engine/rocksdb/updating_join/updating_join/push_right/16384/domain=1/bytes=264/nulls=true/mini_batch=false,60,2.0,16907931.0,Flat
engine/rocksdb/updating_join/updating_join/push_right/16384/domain=1/bytes=264/nulls=true/mini_batch=false,61,2.0,17282180.0,Flat
engine/rocksdb/updating_join/updating_join/push_right/16384/domain=1/bytes=264/nulls=true/mini_batch=false,62,2.0,17503489.0,Flat
engine/rocksdb/updating_join/updating_join/push_right/16384/domain=1/bytes=264/nulls=true/mini_batch=false,63,2.0,17549858.0,Flat
engine/rocksdb/updating_join/updating_join/push_right/16384/domain=1/bytes=264/nulls=true/mini_batch=false,64,2.0,17104895.0,Flat
engine/rocksdb/updating_join/updating_join/push_right/16384/domain=1/bytes=264/nulls=true/mini_batch=false,65,2.0,18037098.0,Flat
engine/rocksdb/updating_join/updating_join/push_right/16384/domain=1/bytes=264/nulls=true/mini_batch=false,66,2.0,17270626.0,Flat
engine/rocksdb/updating_join/updating_join/push_right/16384/domain=1/bytes=264/nulls=true/mini_batch=false,67,2.0,19600466.0,Flat
engine/rocksdb/updating_join/updating_join/push_right/16384/domain=1/bytes=264/nulls=true/mini_batch=false,68,2.0,17746298.0,Flat
engine/rocksdb/updating_join/updating_join/push_right/16384/domain=1/bytes=264/nulls=true/mini_batch=false,69,2.0,17140613.0,Flat
engine/rocksdb/updating_join/updating_join/push_right/16384/domain=1/bytes=264/nulls=true/mini_batch=false,70,2.0,17485561.0,Flat
engine/rocksdb/updating_join/updating_join/push_right/16384/domain=1/bytes=264/nulls=true/mini_batch=false,71,2.0,17240641.0,Flat
engine/rocksdb/updating_join/updating_join/push_right/16384/domain=1/bytes=264/nulls=true/mini_batch=false,72,2.0,17657875.0,Flat
engine/rocksdb/updating_join/updating_join/push_right/16384/domain=1/bytes=264/nulls=true/mini_batch=false,73,2.0,17672853.0,Flat
engine/rocksdb/updating_join/updating_join/push_right/16384/domain=1/bytes=264/nulls=true/mini_batch=false,74,2.0,17789747.0,Flat
engine/rocksdb/updating_join/updating_join/push_right/16384/domain=1/bytes=264/nulls=true/mini_batch=false,75,2.0,17722233.0,Flat
engine/rocksdb/updating_join/updating_join/push_right/16384/domain=1/bytes=264/nulls=true/mini_batch=false,76,2.0,17522368.0,Flat
engine/rocksdb/updating_join/updating_join/push_right/16384/domain=1/bytes=264/nulls=true/mini_batch=false,77,2.0,18385931.0,Flat
engine/rocksdb/updating_join/updating_join/push_right/16384/domain=1/bytes=264/nulls=true/mini_batch=false,78,2.0,17093185.0,Flat
engine/rocksdb/updating_join/updating_join/push_right/16384/domain=1/bytes=264/nulls=true/mini_batch=false,79,2.0,17463457.0,Flat
engine/rocksdb/updating_join/updating_join/push_right/16384/domain=1/bytes=264/nulls=true/mini_batch=false,80,2.0,17367532.0,Flat
engine/rocksdb/updating_join/updating_join/push_right/16384/domain=1/bytes=264/nulls=true/mini_batch=false,81,2.0,17548706.0,Flat
engine/rocksdb/updating_join/updating_join/push_right/16384/domain=1/bytes=264/nulls=true/mini_batch=false,82,2.0,17931428.0,Flat
engine/rocksdb/updating_join/updating_join/push_right/16384/domain=1/bytes=264/nulls=true/mini_batch=false,83,2.0,19220907.0,Flat
engine/rocksdb/updating_join/updating_join/push_right/16384/domain=1/bytes=264/nulls=true/mini_batch=false,84,2.0,18241439.0,Flat
engine/rocksdb/updating_join/updating_join/push_right/16384/domain=1/bytes=264/nulls=true/mini_batch=false,85,2.0,18152145.0,Flat
engine/rocksdb/updating_join/updating_join/push_right/16384/domain=1/bytes=264/nulls=true/mini_batch=false,86,2.0,18467565.0,Flat
engine/rocksdb/updating_join/updating_join/push_right/16384/domain=1/bytes=264/nulls=true/mini_batch=false,87,2.0,18223298.0,Flat
engine/rocksdb/updating_join/updating_join/push_right/16384/domain=1/bytes=264/nulls=true/mini_batch=false,88,2.0,17986939.0,Flat
engine/rocksdb/updating_join/updating_join/push_right/16384/domain=1/bytes=264/nulls=true/mini_batch=false,89,2.0,19560018.0,Flat
engine/rocksdb/updating_join/updating_join/push_right/16384/domain=1/bytes=264/nulls=true/mini_batch=false,90,2.0,17516313.0,Flat
engine/rocksdb/updating_join/updating_join/push_right/16384/domain=1/bytes=264/nulls=true/mini_batch=false,91,2.0,18339055.0,Flat
engine/rocksdb/updating_join/updating_join/push_right/16384/domain=1/bytes=264/nulls=true/mini_batch=false,92,2.0,17748089.0,Flat
engine/rocksdb/updating_join/updating_join/push_right/16384/domain=1/bytes=264/nulls=true/mini_batch=false,93,2.0,17878286.0,Flat
engine/rocksdb/updating_join/updating_join/push_right/16384/domain=1/bytes=264/nulls=true/mini_batch=false,94,2.0,17680701.0,Flat
engine/rocksdb/updating_join/updating_join/push_right/16384/domain=1/bytes=264/nulls=true/mini_batch=false,95,2.0,17824796.0,Flat
engine/rocksdb/updating_join/updating_join/push_right/16384/domain=1/bytes=264/nulls=true/mini_batch=false,96,2.0,18102929.0,Flat
engine/rocksdb/updating_join/updating_join/push_right/16384/domain=1/bytes=264/nulls=true/mini_batch=false,97,2.0,18115816.0,Flat
engine/rocksdb/updating_join/updating_join/push_right/16384/domain=1/bytes=264/nulls=true/mini_batch=false,98,2.0,17936921.0,Flat
engine/rocksdb/updating_join/updating_join/push_right/16384/domain=1/bytes=264/nulls=true/mini_batch=false,99,2.0,17442808.0,Flat
engine/rocksdb/updating_join/updating_join/push_right/16384/domain=1/bytes=264/nulls=true/mini_batch=true,0,1.0,2792718.0,Flat
engine/rocksdb/updating_join/updating_join/push_right/16384/domain=1/bytes=264/nulls=true/mini_batch=true,1,1.0,2342736.0,Flat
engine/rocksdb/updating_join/updating_join/push_right/16384/domain=1/bytes=264/nulls=true/mini_batch=true,2,1.0,2725784.0,Flat
engine/rocksdb/updating_join/updating_join/push_right/16384/domain=1/bytes=264/nulls=true/mini_batch=true,3,1.0,2191403.0,Flat
engine/rocksdb/updating_join/updating_join/push_right/16384/domain=1/bytes=264/nulls=true/mini_batch=true,4,1.0,2208878.0,Flat
engine/rocksdb/updating_join/updating_join/push_right/16384/domain=1/bytes=264/nulls=true/mini_batch=true,5,1.0,2567700.0,Flat
engine/rocksdb/updating_join/updating_join/push_right/16384/domain=1/bytes=264/nulls=true/mini_batch=true,6,1.0,2677629.0,Flat
engine/rocksdb/updating_join/updating_join/push_right/16384/domain=1/bytes=264/nulls=true/mini_batch=true,7,1.0,1856625.0,Flat
engine/rocksdb/updating_join/updating_join/push_right/16384/domain=1/bytes=264/nulls=true/mini_batch=true,8,1.0,2342663.0,Flat
engine/rocksdb/updating_join/updating_join/push_right/16384/domain=1/bytes=264/nulls=true/mini_batch=true,9,1.0,3463872.0,Flat
engine/rocksdb/updating_join/updating_join/push_right/16384/domain=1/bytes=264/nulls=true/mini_batch=true,10,1.0,3095990.0,Flat
engine/rocksdb/updating_join/updating_join/push_right/16384/domain=1/bytes=264/nulls=true/mini_batch=true,11,1.0,2269623.0,Flat
engine/rocksdb/updating_join/updating_join/push_right/16384/domain=1/bytes=264/nulls=true/mini_batch=true,12,1.0,2603178.0,Flat
engine/rocksdb/updating_join/updating_join/push_right/16384/domain=1/bytes=264/nulls=true/mini_batch=true,13,1.0,1920647.0,Flat
engine/rocksdb/updating_join/updating_join/push_right/16384/domain=1/bytes=264/nulls=true/mini_batch=true,14,1.0,4068354.0,Flat
engine/rocksdb/updating_join/updating_join/push_right/16384/domain=1/bytes=264/nulls=true/mini_batch=true,15,1.0,3256197.0,Flat
engine/rocksdb/updating_join/updating_join/push_right/16384/domain=1/bytes=264/nulls=true/mini_batch=true,16,1.0,2246399.0,Flat
engine/rocksdb/updating_join/updating_join/push_right/16384/domain=1/bytes=264/nulls=true/mini_batch=true,17,1.0,2561325.0,Flat
engine/rocksdb/updating_join/updating_join/push_right/16384/domain=1/bytes=264/nulls=true/mini_batch=true,18,1.0,1151598.0,Flat
engine/rocksdb/updating_join/updating_join/push_right/16384/domain=1/bytes=264/nulls=true/mini_batch=true,19,1.0,2565671.0,Flat
engine/rocksdb/updating_join/updating_join/push_right/16384/domain=1/bytes=264/nulls=true/mini_batch=true,20,1.0,1948924.0,Flat
engine/rocksdb/updating_join/updating_join/push_right/16384/domain=1/bytes=264/nulls=true/mini_batch=true,21,1.0,1770306.0,Flat
engine/rocksdb/updating_join/updating_join/push_right/16384/domain=1/bytes=264/nulls=true/mini_batch=true,22,1.0,1111215.0,Flat
engine/rocksdb/updating_join/updating_join/push_right/16384/domain=1/bytes=264/nulls=true/mini_batch=true,23,1.0,1226032.0,Flat
engine/rocksdb/updating_join/updating_join/push_right/16384/domain=1/bytes=264/nulls=true/mini_batch=true,24,1.0,1112828.0,Flat
engine/rocksdb/updating_join/updating_join/push_right/16384/domain=1/bytes=264/nulls=true/mini_batch=true,25,1.0,1091925.0,Flat
engine/rocksdb/updating_join/updating_join/push_right/16384/domain=1/bytes=264/nulls=true/mini_batch=true,26,1.0,1134770.0,Flat
engine/rocksdb/updating_join/updating_join/push_right/16384/domain=1/bytes=264/nulls=true/mini_batch=true,27,1.0,1186248.0,Flat
engine/rocksdb/updating_join/updating_join/push_right/16384/domain=1/bytes=264/nulls=true/mini_batch=true,28,1.0,1129319.0,Flat
engine/rocksdb/updating_join/updating_join/push_right/16384/domain=1/bytes=264/nulls=true/mini_batch=true,29,1.0,1079456.0,Flat
engine/rocksdb/updating_join/updating_join/push_right/16384/domain=1/bytes=264/nulls=true/mini_batch=true,30,1.0,1122103.0,Flat
engine/rocksdb/updating_join/updating_join/push_right/16384/domain=1/bytes=264/nulls=true/mini_batch=true,31,1.0,1080671.0,Flat
engine/rocksdb/updating_join/updating_join/push_right/16384/domain=1/bytes=264/nulls=true/mini_batch=true,32,1.0,1105738.0,Flat
engine/rocksdb/updating_join/updating_join/push_right/16384/domain=1/bytes=264/nulls=true/mini_batch=true,33,1.0,1108386.0,Flat
engine/rocksdb/updating_join/updating_join/push_right/16384/domain=1/bytes=264/nulls=true/mini_batch=true,34,1.0,1143867.0,Flat
engine/rocksdb/updating_join/updating_join/push_right/16384/domain=1/bytes=264/nulls=true/mini_batch=true,35,1.0,1079170.0,Flat
engine/rocksdb/updating_join/updating_join/push_right/16384/domain=1/bytes=264/nulls=true/mini_batch=true,36,1.0,1210839.0,Flat
engine/rocksdb/updating_join/updating_join/push_right/16384/domain=1/bytes=264/nulls=true/mini_batch=true,37,1.0,1093246.0,Flat
engine/rocksdb/updating_join/updating_join/push_right/16384/domain=1/bytes=264/nulls=true/mini_batch=true,38,1.0,1105328.0,Flat
engine/rocksdb/updating_join/updating_join/push_right/16384/domain=1/bytes=264/nulls=true/mini_batch=true,39,1.0,1114106.0,Flat
engine/rocksdb/updating_join/updating_join/push_right/16384/domain=1/bytes=264/nulls=true/mini_batch=true,40,1.0,1085704.0,Flat
engine/rocksdb/updating_join/updating_join/push_right/16384/domain=1/bytes=264/nulls=true/mini_batch=true,41,1.0,1162952.0,Flat
engine/rocksdb/updating_join/updating_join/push_right/16384/domain=1/bytes=264/nulls=true/mini_batch=true,42,1.0,1064286.0,Flat
engine/rocksdb/updating_join/updating_join/push_right/16384/domain=1/bytes=264/nulls=true/mini_batch=true,43,1.0,1082877.0,Flat
engine/rocksdb/updating_join/updating_join/push_right/16384/domain=1/bytes=264/nulls=true/mini_batch=true,44,1.0,1169254.0,Flat
engine/rocksdb/updating_join/updating_join/push_right/16384/domain=1/bytes=264/nulls=true/mini_batch=true,45,1.0,1100946.0,Flat
engine/rocksdb/updating_join/updating_join/push_right/16384/domain=1/bytes=264/nulls=true/mini_batch=true,46,1.0,1121568.0,Flat
engine/rocksdb/updating_join/updating_join/push_right/16384/domain=1/bytes=264/nulls=true/mini_batch=true,47,1.0,1125156.0,Flat
engine/rocksdb/updating_join/updating_join/push_right/16384/domain=1/bytes=264/nulls=true/mini_batch=true,48,1.0,1140740.0,Flat
engine/rocksdb/updating_join/updating_join/push_right/16384/domain=1/bytes=264/nulls=true/mini_batch=true,49,1.0,1181698.0,Flat
engine/rocksdb/updating_join/updating_join/push_right/16384/domain=1/bytes=264/nulls=true/mini_batch=true,50,1.0,1152286.0,Flat
engine/rocksdb/updating_join/updating_join/push_right/16384/domain=1/bytes=264/nulls=true/mini_batch=true,51,1.0,1121500.0,Flat
engine/rocksdb/updating_join/updating_join/push_right/16384/domain=1/bytes=264/nulls=true/mini_batch=true,52,1.0,1160533.0,Flat
engine/rocksdb/updating_join/updating_join/push_right/16384/domain=1/bytes=264/nulls=true/mini_batch=true,53,1.0,1145750.0,Flat
engine/rocksdb/updating_join/updating_join/push_right/16384/domain=1/bytes=264/nulls=true/mini_batch=true,54,1.0,1097538.0,Flat
engine/rocksdb/updating_join/updating_join/push_right/16384/domain=1/bytes=264/nulls=true/mini_batch=true,55,1.0,1107441.0,Flat
engine/rocksdb/updating_join/updating_join/push_right/16384/domain=1/bytes=264/nulls=true/mini_batch=true,56,1.0,1101763.0,Flat
engine/rocksdb/updating_join/updating_join/push_right/16384/domain=1/bytes=264/nulls=true/mini_batch=true,57,1.0,1078631.0,Flat
engine/rocksdb/updating_join/updating_join/push_right/16384/domain=1/bytes=264/nulls=true/mini_batch=true,58,1.0,1090039.0,Flat
engine/rocksdb/updating_join/updating_join/push_right/16384/domain=1/bytes=264/nulls=true/mini_batch=true,59,1.0,1115285.0,Flat
engine/rocksdb/updating_join/updating_join/push_right/16384/domain=1/bytes=264/nulls=true/mini_batch=true,60,1.0,1148425.0,Flat
engine/rocksdb/updating_join/updating_join/push_right/16384/domain=1/bytes=264/nulls=true/mini_batch=true,61,1.0,1112018.0,Flat
engine/rocksdb/updating_join/updating_join/push_right/16384/domain=1/bytes=264/nulls=true/mini_batch=true,62,1.0,1108110.0,Flat
engine/rocksdb/updating_join/updating_join/push_right/16384/domain=1/bytes=264/nulls=true/mini_batch=true,63,1.0,1118959.0,Flat
engine/rocksdb/updating_join/updating_join/push_right/16384/domain=1/bytes=264/nulls=true/mini_batch=true,64,1.0,1082333.0,Flat
engine/rocksdb/updating_join/updating_join/push_right/16384/domain=1/bytes=264/nulls=true/mini_batch=true,65,1.0,1099201.0,Flat
engine/rocksdb/updating_join/updating_join/push_right/16384/domain=1/bytes=264/nulls=true/mini_batch=true,66,1.0,1067173.0,Flat
engine/rocksdb/updating_join/updating_join/push_right/16384/domain=1/bytes=264/nulls=true/mini_batch=true,67,1.0,1107620.0,Flat
engine/rocksdb/updating_join/updating_join/push_right/16384/domain=1/bytes=264/nulls=true/mini_batch=true,68,1.0,1089873.0,Flat
engine/rocksdb/updating_join/updating_join/push_right/16384/domain=1/bytes=264/nulls=true/mini_batch=true,69,1.0,1116896.0,Flat
engine/rocksdb/updating_join/updating_join/push_right/16384/domain=1/bytes=264/nulls=true/mini_batch=true,70,1.0,1119061.0,Flat
engine/rocksdb/updating_join/updating_join/push_right/16384/domain=1/bytes=264/nulls=true/mini_batch=true,71,1.0,1149102.0,Flat
engine/rocksdb/updating_join/updating_join/push_right/16384/domain=1/bytes=264/nulls=true/mini_batch=true,72,1.0,1102819.0,Flat
engine/rocksdb/updating_join/updating_join/push_right/16384/domain=1/bytes=264/nulls=true/mini_batch=true,73,1.0,1133352.0,Flat
engine/rocksdb/updating_join/updating_join/push_right/16384/domain=1/bytes=264/nulls=true/mini_batch=true,74,1.0,1067828.0,Flat
engine/rocksdb/updating_join/updating_join/push_right/16384/domain=1/bytes=264/nulls=true/mini_batch=true,75,1.0,1103492.0,Flat
engine/rocksdb/updating_join/updating_join/push_right/16384/domain=1/bytes=264/nulls=true/mini_batch=true,76,1.0,1190736.0,Flat
engine/rocksdb/updating_join/updating_join/push_right/16384/domain=1/bytes=264/nulls=true/mini_batch=true,77,1.0,1111876.0,Flat
engine/rocksdb/updating_join/updating_join/push_right/16384/domain=1/bytes=264/nulls=true/mini_batch=true,78,1.0,1169729.0,Flat
engine/rocksdb/updating_join/updating_join/push_right/16384/domain=1/bytes=264/nulls=true/mini_batch=true,79,1.0,1161148.0,Flat
engine/rocksdb/updating_join/updating_join/push_right/16384/domain=1/bytes=264/nulls=true/mini_batch=true,80,1.0,1136143.0,Flat
engine/rocksdb/updating_join/updating_join/push_right/16384/domain=1/bytes=264/nulls=true/mini_batch=true,81,1.0,1141909.0,Flat
engine/rocksdb/updating_join/updating_join/push_right/16384/domain=1/bytes=264/nulls=true/mini_batch=true,82,1.0,1107806.0,Flat
engine/rocksdb/updating_join/updating_join/push_right/16384/domain=1/bytes=264/nulls=true/mini_batch=true,83,1.0,1130737.0,Flat
engine/rocksdb/updating_join/updating_join/push_right/16384/domain=1/bytes=264/nulls=true/mini_batch=true,84,1.0,1104944.0,Flat
engine/rocksdb/updating_join/updating_join/push_right/16384/domain=1/bytes=264/nulls=true/mini_batch=true,85,1.0,1117681.0,Flat
engine/rocksdb/updating_join/updating_join/push_right/16384/domain=1/bytes=264/nulls=true/mini_batch=true,86,1.0,1092990.0,Flat
engine/rocksdb/updating_join/updating_join/push_right/16384/domain=1/bytes=264/nulls=true/mini_batch=true,87,1.0,1148517.0,Flat
engine/rocksdb/updating_join/updating_join/push_right/16384/domain=1/bytes=264/nulls=true/mini_batch=true,88,1.0,1135491.0,Flat
engine/rocksdb/updating_join/updating_join/push_right/16384/domain=1/bytes=264/nulls=true/mini_batch=true,89,1.0,1101018.0,Flat
engine/rocksdb/updating_join/updating_join/push_right/16384/domain=1/bytes=264/nulls=true/mini_batch=true,90,1.0,1074494.0,Flat
engine/rocksdb/updating_join/updating_join/push_right/16384/domain=1/bytes=264/nulls=true/mini_batch=true,91,1.0,1141078.0,Flat
engine/rocksdb/updating_join/updating_join/push_right/16384/domain=1/bytes=264/nulls=true/mini_batch=true,92,1.0,1128430.0,Flat
engine/rocksdb/updating_join/updating_join/push_right/16384/domain=1/bytes=264/nulls=true/mini_batch=true,93,1.0,1122444.0,Flat
engine/rocksdb/updating_join/updating_join/push_right/16384/domain=1/bytes=264/nulls=true/mini_batch=true,94,1.0,1173466.0,Flat
engine/rocksdb/updating_join/updating_join/push_right/16384/domain=1/bytes=264/nulls=true/mini_batch=true,95,1.0,1088290.0,Flat
engine/rocksdb/updating_join/updating_join/push_right/16384/domain=1/bytes=264/nulls=true/mini_batch=true,96,1.0,1050960.0,Flat
engine/rocksdb/updating_join/updating_join/push_right/16384/domain=1/bytes=264/nulls=true/mini_batch=true,97,1.0,1074909.0,Flat
engine/rocksdb/updating_join/updating_join/push_right/16384/domain=1/bytes=264/nulls=true/mini_batch=true,98,1.0,1073722.0,Flat
engine/rocksdb/updating_join/updating_join/push_right/16384/domain=1/bytes=264/nulls=true/mini_batch=true,99,1.0,1063399.0,Flat
engine/rocksdb/updating_join/updating_join/push_right/16384/domain=16384/bytes=264/nulls=true/mini_batch=false,0,1.0,202328204.0,Flat
engine/rocksdb/updating_join/updating_join/push_right/16384/domain=16384/bytes=264/nulls=true/mini_batch=false,1,1.0,202527938.0,Flat
engine/rocksdb/updating_join/updating_join/push_right/16384/domain=16384/bytes=264/nulls=true/mini_batch=false,2,1.0,604325062.0,Flat
engine/rocksdb/updating_join/updating_join/push_right/16384/domain=16384/bytes=264/nulls=true/mini_batch=false,3,1.0,280437718.0,Flat
engine/rocksdb/updating_join/updating_join/push_right/16384/domain=16384/bytes=264/nulls=true/mini_batch=false,4,1.0,277979230.0,Flat
engine/rocksdb/updating_join/updating_join/push_right/16384/domain=16384/bytes=264/nulls=true/mini_batch=false,5,1.0,369161209.0,Flat
engine/rocksdb/updating_join/updating_join/push_right/16384/domain=16384/bytes=264/nulls=true/mini_batch=false,6,1.0,281594805.0,Flat
engine/rocksdb/updating_join/updating_join/push_right/16384/domain=16384/bytes=264/nulls=true/mini_batch=false,7,1.0,294769727.0,Flat
engine/rocksdb/updating_join/updating_join/push_right/16384/domain=16384/bytes=264/nulls=true/mini_batch=false,8,1.0,284070778.0,Flat
engine/rocksdb/updating_join/updating_join/push_right/16384/domain=16384/bytes=264/nulls=true/mini_batch=false,9,1.0,216426273.0,Flat
engine/rocksdb/updating_join/updating_join/push_right/16384/domain=16384/bytes=264/nulls=true/mini_batch=false,10,1.0,353577586.0,Flat
engine/rocksdb/updating_join/updating_join/push_right/16384/domain=16384/bytes=264/nulls=true/mini_batch=false,11,1.0,288985341.0,Flat
engine/rocksdb/updating_join/updating_join/push_right/16384/domain=16384/bytes=264/nulls=true/mini_batch=false,12,1.0,313036845.0,Flat
engine/rocksdb/updating_join/updating_join/push_right/16384/domain=16384/bytes=264/nulls=true/mini_batch=false,13,1.0,115778099.0,Flat
engine/rocksdb/updating_join/updating_join/push_right/16384/domain=16384/bytes=264/nulls=true/mini_batch=false,14,1.0,112725124.0,Flat
engine/rocksdb/updating_join/updating_join/push_right/16384/domain=16384/bytes=264/nulls=true/mini_batch=false,15,1.0,112031185.0,Flat
engine/rocksdb/updating_join/updating_join/push_right/16384/domain=16384/bytes=264/nulls=true/mini_batch=false,16,1.0,104851359.0,Flat
engine/rocksdb/updating_join/updating_join/push_right/16384/domain=16384/bytes=264/nulls=true/mini_batch=false,17,1.0,109742859.0,Flat
engine/rocksdb/updating_join/updating_join/push_right/16384/domain=16384/bytes=264/nulls=true/mini_batch=false,18,1.0,110102273.0,Flat
engine/rocksdb/updating_join/updating_join/push_right/16384/domain=16384/bytes=264/nulls=true/mini_batch=false,19,1.0,106495194.0,Flat
engine/rocksdb/updating_join/updating_join/push_right/16384/domain=16384/bytes=264/nulls=true/mini_batch=false,20,1.0,105482271.0,Flat
engine/rocksdb/updating_join/updating_join/push_right/16384/domain=16384/bytes=264/nulls=true/mini_batch=false,21,1.0,107448355.0,Flat
engine/rocksdb/updating_join/updating_join/push_right/16384/domain=16384/bytes=264/nulls=true/mini_batch=false,22,1.0,111655245.0,Flat
engine/rocksdb/updating_join/updating_join/push_right/16384/domain=16384/bytes=264/nulls=true/mini_batch=false,23,1.0,108279718.0,Flat
engine/rocksdb/updating_join/updating_join/push_right/16384/domain=16384/bytes=264/nulls=true/mini_batch=false,24,1.0,110157982.0,Flat
engine/rocksdb/updating_join/updating_join/push_right/16384/domain=16384/bytes=264/nulls=true/mini_batch=false,25,1.0,107226933.0,Flat
engine/rocksdb/updating_join/updating_join/push_right/16384/domain=16384/bytes=264/nulls=true/mini_batch=false,26,1.0,110023054.0,Flat
engine/rocksdb/updating_join/updating_join/push_right/16384/domain=16384/bytes=264/nulls=true/mini_batch=false,27,1.0,109337084.0,Flat
engine/rocksdb/updating_join/updating_join/push_right/16384/domain=16384/bytes=264/nulls=true/mini_batch=false,28,1.0,108546217.0,Flat
engine/rocksdb/updating_join/updating_join/push_right/16384/domain=16384/bytes=264/nulls=true/mini_batch=false,29,1.0,108301481.0,Flat
engine/rocksdb/updating_join/updating_join/push_right/16384/domain=16384/bytes=264/nulls=true/mini_batch=false,30,1.0,109188018.0,Flat
engine/rocksdb/updating_join/updating_join/push_right/16384/domain=16384/bytes=264/nulls=true/mini_batch=false,31,1.0,111295781.0,Flat
engine/rocksdb/updating_join/updating_join/push_right/16384/domain=16384/bytes=264/nulls=true/mini_batch=false,32,1.0,109089539.0,Flat
engine/rocksdb/updating_join/updating_join/push_right/16384/domain=16384/bytes=264/nulls=true/mini_batch=false,33,1.0,105904252.0,Flat
engine/rocksdb/updating_join/updating_join/push_right/16384/domain=16384/bytes=264/nulls=true/mini_batch=false,34,1.0,107452458.0,Flat
engine/rocksdb/updating_join/updating_join/push_right/16384/domain=16384/bytes=264/nulls=true/mini_batch=false,35,1.0,109844608.0,Flat
engine/rocksdb/updating_join/updating_join/push_right/16384/domain=16384/bytes=264/nulls=true/mini_batch=false,36,1.0,107458082.0,Flat
engine/rocksdb/updating_join/updating_join/push_right/16384/domain=16384/bytes=264/nulls=true/mini_batch=false,37,1.0,111650020.0,Flat
engine/rocksdb/updating_join/updating_join/push_right/16384/domain=16384/bytes=264/nulls=true/mini_batch=false,38,1.0,105160980.0,Flat
engine/rocksdb/updating_join/updating_join/push_right/16384/domain=16384/bytes=264/nulls=true/mini_batch=false,39,1.0,111642267.0,Flat
engine/rocksdb/updating_join/updating_join/push_right/16384/domain=16384/bytes=264/nulls=true/mini_batch=false,40,1.0,108598737.0,Flat
engine/rocksdb/updating_join/updating_join/push_right/16384/domain=16384/bytes=264/nulls=true/mini_batch=false,41,1.0,105020662.0,Flat
engine/rocksdb/updating_join/updating_join/push_right/16384/domain=16384/bytes=264/nulls=true/mini_batch=false,42,1.0,106638862.0,Flat
engine/rocksdb/updating_join/updating_join/push_right/16384/domain=16384/bytes=264/nulls=true/mini_batch=false,43,1.0,110845640.0,Flat
engine/rocksdb/updating_join/updating_join/push_right/16384/domain=16384/bytes=264/nulls=true/mini_batch=false,44,1.0,107613424.0,Flat
engine/rocksdb/updating_join/updating_join/push_right/16384/domain=16384/bytes=264/nulls=true/mini_batch=false,45,1.0,108969909.0,Flat
engine/rocksdb/updating_join/updating_join/push_right/16384/domain=16384/bytes=264/nulls=true/mini_batch=false,46,1.0,110808880.0,Flat
engine/rocksdb/updating_join/updating_join/push_right/16384/domain=16384/bytes=264/nulls=true/mini_batch=false,47,1.0,107227344.0,Flat
engine/rocksdb/updating_join/updating_join/push_right/16384/domain=16384/bytes=264/nulls=true/mini_batch=false,48,1.0,109468555.0,Flat
engine/rocksdb/updating_join/updating_join/push_right/16384/domain=16384/bytes=264/nulls=true/mini_batch=false,49,1.0,107463247.0,Flat
engine/rocksdb/updating_join/updating_join/push_right/16384/domain=16384/bytes=264/nulls=true/mini_batch=false,50,1.0,106085678.0,Flat
engine/rocksdb/updating_join/updating_join/push_right/16384/domain=16384/bytes=264/nulls=true/mini_batch=false,51,1.0,109752818.0,Flat
engine/rocksdb/updating_join/updating_join/push_right/16384/domain=16384/bytes=264/nulls=true/mini_batch=false,52,1.0,106825853.0,Flat
engine/rocksdb/updating_join/updating_join/push_right/16384/domain=16384/bytes=264/nulls=true/mini_batch=false,53,1.0,107238382.0,Flat
engine/rocksdb/updating_join/updating_join/push_right/16384/domain=16384/bytes=264/nulls=true/mini_batch=false,54,1.0,109508155.0,Flat
engine/rocksdb/updating_join/updating_join/push_right/16384/domain=16384/bytes=264/nulls=true/mini_batch=false,55,1.0,108282370.0,Flat
engine/rocksdb/updating_join/updating_join/push_right/16384/domain=16384/bytes=264/nulls=true/mini_batch=false,56,1.0,108270981.0,Flat
engine/rocksdb/updating_join/updating_join/push_right/16384/domain=16384/bytes=264/nulls=true/mini_batch=false,57,1.0,110315660.0,Flat
engine/rocksdb/updating_join/updating_join/push_right/16384/domain=16384/bytes=264/nulls=true/mini_batch=false,58,1.0,113091362.0,Flat
engine/rocksdb/updating_join/updating_join/push_right/16384/domain=16384/bytes=264/nulls=true/mini_batch=false,59,1.0,108365773.0,Flat
engine/rocksdb/updating_join/updating_join/push_right/16384/domain=16384/bytes=264/nulls=true/mini_batch=false,60,1.0,110550145.0,Flat
engine/rocksdb/updating_join/updating_join/push_right/16384/domain=16384/bytes=264/nulls=true/mini_batch=false,61,1.0,111364646.0,Flat
engine/rocksdb/updating_join/updating_join/push_right/16384/domain=16384/bytes=264/nulls=true/mini_batch=false,62,1.0,108431980.0,Flat
engine/rocksdb/updating_join/updating_join/push_right/16384/domain=16384/bytes=264/nulls=true/mini_batch=false,63,1.0,107503132.0,Flat
engine/rocksdb/updating_join/updating_join/push_right/16384/domain=16384/bytes=264/nulls=true/mini_batch=false,64,1.0,104914909.0,Flat
engine/rocksdb/updating_join/updating_join/push_right/16384/domain=16384/bytes=264/nulls=true/mini_batch=false,65,1.0,108938092.0,Flat
engine/rocksdb/updating_join/updating_join/push_right/16384/domain=16384/bytes=264/nulls=true/mini_batch=false,66,1.0,108293656.0,Flat
engine/rocksdb/updating_join/updating_join/push_right/16384/domain=16384/bytes=264/nulls=true/mini_batch=false,67,1.0,110899002.0,Flat
engine/rocksdb/updating_join/updating_join/push_right/16384/domain=16384/bytes=264/nulls=true/mini_batch=false,68,1.0,107284690.0,Flat
engine/rocksdb/updating_join/updating_join/push_right/16384/domain=16384/bytes=264/nulls=true/mini_batch=false,69,1.0,107020029.0,Flat
engine/rocksdb/updating_join/updating_join/push_right/16384/domain=16384/bytes=264/nulls=true/mini_batch=false,70,1.0,114199986.0,Flat
engine/rocksdb/updating_join/updating_join/push_right/16384/domain=16384/bytes=264/nulls=true/mini_batch=false,71,1.0,105312006.0,Flat
engine/rocksdb/updating_join/updating_join/push_right/16384/domain=16384/bytes=264/nulls=true/mini_batch=false,72,1.0,109189066.0,Flat
engine/rocksdb/updating_join/updating_join/push_right/16384/domain=16384/bytes=264/nulls=true/mini_batch=false,73,1.0,185387477.0,Flat
engine/rocksdb/updating_join/updating_join/push_right/16384/domain=16384/bytes=264/nulls=true/mini_batch=false,74,1.0,183594951.0,Flat
engine/rocksdb/updating_join/updating_join/push_right/16384/domain=16384/bytes=264/nulls=true/mini_batch=false,75,1.0,256508704.0,Flat
engine/rocksdb/updating_join/updating_join/push_right/16384/domain=16384/bytes=264/nulls=true/mini_batch=false,76,1.0,180875685.0,Flat
engine/rocksdb/updating_join/updating_join/push_right/16384/domain=16384/bytes=264/nulls=true/mini_batch=false,77,1.0,196797126.0,Flat
engine/rocksdb/updating_join/updating_join/push_right/16384/domain=16384/bytes=264/nulls=true/mini_batch=false,78,1.0,201540107.0,Flat
engine/rocksdb/updating_join/updating_join/push_right/16384/domain=16384/bytes=264/nulls=true/mini_batch=false,79,1.0,187370443.0,Flat
engine/rocksdb/updating_join/updating_join/push_right/16384/domain=16384/bytes=264/nulls=true/mini_batch=false,80,1.0,184219439.0,Flat
engine/rocksdb/updating_join/updating_join/push_right/16384/domain=16384/bytes=264/nulls=true/mini_batch=false,81,1.0,180823817.0,Flat
engine/rocksdb/updating_join/updating_join/push_right/16384/domain=16384/bytes=264/nulls=true/mini_batch=false,82,1.0,189506048.0,Flat
engine/rocksdb/updating_join/updating_join/push_right/16384/domain=16384/bytes=264/nulls=true/mini_batch=false,83,1.0,398027270.0,Flat
engine/rocksdb/updating_join/updating_join/push_right/16384/domain=16384/bytes=264/nulls=true/mini_batch=false,84,1.0,194720713.0,Flat
engine/rocksdb/updating_join/updating_join/push_right/16384/domain=16384/bytes=264/nulls=true/mini_batch=false,85,1.0,187808420.0,Flat
engine/rocksdb/updating_join/updating_join/push_right/16384/domain=16384/bytes=264/nulls=true/mini_batch=false,86,1.0,201088231.0,Flat
engine/rocksdb/updating_join/updating_join/push_right/16384/domain=16384/bytes=264/nulls=true/mini_batch=false,87,1.0,194669044.0,Flat
engine/rocksdb/updating_join/updating_join/push_right/16384/domain=16384/bytes=264/nulls=true/mini_batch=false,88,1.0,202756963.0,Flat
engine/rocksdb/updating_join/updating_join/push_right/16384/domain=16384/bytes=264/nulls=true/mini_batch=false,89,1.0,206431692.0,Flat
engine/rocksdb/updating_join/updating_join/push_right/16384/domain=16384/bytes=264/nulls=true/mini_batch=false,90,1.0,278893496.0,Flat
engine/rocksdb/updating_join/updating_join/push_right/16384/domain=16384/bytes=264/nulls=true/mini_batch=false,91,1.0,278844745.0,Flat
engine/rocksdb/updating_join/updating_join/push_right/16384/domain=16384/bytes=264/nulls=true/mini_batch=false,92,1.0,290233566.0,Flat
engine/rocksdb/updating_join/updating_join/push_right/16384/domain=16384/bytes=264/nulls=true/mini_batch=false,93,1.0,300857843.0,Flat
engine/rocksdb/updating_join/updating_join/push_right/16384/domain=16384/bytes=264/nulls=true/mini_batch=false,94,1.0,277985834.0,Flat
engine/rocksdb/updating_join/updating_join/push_right/16384/domain=16384/bytes=264/nulls=true/mini_batch=false,95,1.0,275101644.0,Flat
engine/rocksdb/updating_join/updating_join/push_right/16384/domain=16384/bytes=264/nulls=true/mini_batch=false,96,1.0,299477409.0,Flat
engine/rocksdb/updating_join/updating_join/push_right/16384/domain=16384/bytes=264/nulls=true/mini_batch=false,97,1.0,298802155.0,Flat
engine/rocksdb/updating_join/updating_join/push_right/16384/domain=16384/bytes=264/nulls=true/mini_batch=false,98,1.0,307783158.0,Flat
engine/rocksdb/updating_join/updating_join/push_right/16384/domain=16384/bytes=264/nulls=true/mini_batch=false,99,1.0,294160146.0,Flat
engine/rocksdb/updating_join/updating_join/push_right/16384/domain=16384/bytes=264/nulls=true/mini_batch=true,0,1.0,58229427.0,Flat
engine/rocksdb/updating_join/updating_join/push_right/16384/domain=16384/bytes=264/nulls=true/mini_batch=true,1,1.0,56607771.0,Flat
engine/rocksdb/updating_join/updating_join/push_right/16384/domain=16384/bytes=264/nulls=true/mini_batch=true,2,1.0,55163560.0,Flat
engine/rocksdb/updating_join/updating_join/push_right/16384/domain=16384/bytes=264/nulls=true/mini_batch=true,3,1.0,54770771.0,Flat
engine/rocksdb/updating_join/updating_join/push_right/16384/domain=16384/bytes=264/nulls=true/mini_batch=true,4,1.0,58753464.0,Flat
engine/rocksdb/updating_join/updating_join/push_right/16384/domain=16384/bytes=264/nulls=true/mini_batch=true,5,1.0,56898178.0,Flat
engine/rocksdb/updating_join/updating_join/push_right/16384/domain=16384/bytes=264/nulls=true/mini_batch=true,6,1.0,54540350.0,Flat
engine/rocksdb/updating_join/updating_join/push_right/16384/domain=16384/bytes=264/nulls=true/mini_batch=true,7,1.0,57266291.0,Flat
engine/rocksdb/updating_join/updating_join/push_right/16384/domain=16384/bytes=264/nulls=true/mini_batch=true,8,1.0,57244903.0,Flat
engine/rocksdb/updating_join/updating_join/push_right/16384/domain=16384/bytes=264/nulls=true/mini_batch=true,9,1.0,55836063.0,Flat
engine/rocksdb/updating_join/updating_join/push_right/16384/domain=16384/bytes=264/nulls=true/mini_batch=true,10,1.0,57734770.0,Flat
engine/rocksdb/updating_join/updating_join/push_right/16384/domain=16384/bytes=264/nulls=true/mini_batch=true,11,1.0,56316038.0,Flat
engine/rocksdb/updating_join/updating_join/push_right/16384/domain=16384/bytes=264/nulls=true/mini_batch=true,12,1.0,54818552.0,Flat
engine/rocksdb/updating_join/updating_join/push_right/16384/domain=16384/bytes=264/nulls=true/mini_batch=true,13,1.0,53542698.0,Flat
engine/rocksdb/updating_join/updating_join/push_right/16384/domain=16384/bytes=264/nulls=true/mini_batch=true,14,1.0,52976329.0,Flat
engine/rocksdb/updating_join/updating_join/push_right/16384/domain=16384/bytes=264/nulls=true/mini_batch=true,15,1.0,58009697.0,Flat
engine/rocksdb/updating_join/updating_join/push_right/16384/domain=16384/bytes=264/nulls=true/mini_batch=true,16,1.0,58902317.0,Flat
engine/rocksdb/updating_join/updating_join/push_right/16384/domain=16384/bytes=264/nulls=true/mini_batch=true,17,1.0,60573174.0,Flat
engine/rocksdb/updating_join/updating_join/push_right/16384/domain=16384/bytes=264/nulls=true/mini_batch=true,18,1.0,55363049.0,Flat
engine/rocksdb/updating_join/updating_join/push_right/16384/domain=16384/bytes=264/nulls=true/mini_batch=true,19,1.0,58144730.0,Flat
engine/rocksdb/updating_join/updating_join/push_right/16384/domain=16384/bytes=264/nulls=true/mini_batch=true,20,1.0,54494938.0,Flat
engine/rocksdb/updating_join/updating_join/push_right/16384/domain=16384/bytes=264/nulls=true/mini_batch=true,21,1.0,53318733.0,Flat
engine/rocksdb/updating_join/updating_join/push_right/16384/domain=16384/bytes=264/nulls=true/mini_batch=true,22,1.0,58566188.0,Flat
engine/rocksdb/updating_join/updating_join/push_right/16384/domain=16384/bytes=264/nulls=true/mini_batch=true,23,1.0,55584484.0,Flat
engine/rocksdb/updating_join/updating_join/push_right/16384/domain=16384/bytes=264/nulls=true/mini_batch=true,24,1.0,56742782.0,Flat
engine/rocksdb/updating_join/updating_join/push_right/16384/domain=16384/bytes=264/nulls=true/mini_batch=true,25,1.0,57982940.0,Flat
engine/rocksdb/updating_join/updating_join/push_right/16384/domain=16384/bytes=264/nulls=true/mini_batch=true,26,1.0,56849125.0,Flat
engine/rocksdb/updating_join/updating_join/push_right/16384/domain=16384/bytes=264/nulls=true/mini_batch=true,27,1.0,62399890.0,Flat
engine/rocksdb/updating_join/updating_join/push_right/16384/domain=16384/bytes=264/nulls=true/mini_batch=true,28,1.0,56293623.0,Flat
engine/rocksdb/updating_join/updating_join/push_right/16384/domain=16384/bytes=264/nulls=true/mini_batch=true,29,1.0,57803203.0,Flat
engine/rocksdb/updating_join/updating_join/push_right/16384/domain=16384/bytes=264/nulls=true/mini_batch=true,30,1.0,62006224.0,Flat
engine/rocksdb/updating_join/updating_join/push_right/16384/domain=16384/bytes=264/nulls=true/mini_batch=true,31,1.0,58189721.0,Flat
engine/rocksdb/updating_join/updating_join/push_right/16384/domain=16384/bytes=264/nulls=true/mini_batch=true,32,1.0,55575793.0,Flat
engine/rocksdb/updating_join/updating_join/push_right/16384/domain=16384/bytes=264/nulls=true/mini_batch=true,33,1.0,58700986.0,Flat
engine/rocksdb/updating_join/updating_join/push_right/16384/domain=16384/bytes=264/nulls=true/mini_batch=true,34,1.0,58126717.0,Flat
engine/rocksdb/updating_join/updating_join/push_right/16384/domain=16384/bytes=264/nulls=true/mini_batch=true,35,1.0,58307751.0,Flat
engine/rocksdb/updating_join/updating_join/push_right/16384/domain=16384/bytes=264/nulls=true/mini_batch=true,36,1.0,52697602.0,Flat
engine/rocksdb/updating_join/updating_join/push_right/16384/domain=16384/bytes=264/nulls=true/mini_batch=true,37,1.0,64492871.0,Flat
engine/rocksdb/updating_join/updating_join/push_right/16384/domain=16384/bytes=264/nulls=true/mini_batch=true,38,1.0,59081254.0,Flat
engine/rocksdb/updating_join/updating_join/push_right/16384/domain=16384/bytes=264/nulls=true/mini_batch=true,39,1.0,58584275.0,Flat
engine/rocksdb/updating_join/updating_join/push_right/16384/domain=16384/bytes=264/nulls=true/mini_batch=true,40,1.0,55707644.0,Flat
engine/rocksdb/updating_join/updating_join/push_right/16384/domain=16384/bytes=264/nulls=true/mini_batch=true,41,1.0,54501310.0,Flat
engine/rocksdb/updating_join/updating_join/push_right/16384/domain=16384/bytes=264/nulls=true/mini_batch=true,42,1.0,54507623.0,Flat
engine/rocksdb/updating_join/updating_join/push_right/16384/domain=16384/bytes=264/nulls=true/mini_batch=true,43,1.0,62117249.0,Flat
engine/rocksdb/updating_join/updating_join/push_right/16384/domain=16384/bytes=264/nulls=true/mini_batch=true,44,1.0,56896911.0,Flat
engine/rocksdb/updating_join/updating_join/push_right/16384/domain=16384/bytes=264/nulls=true/mini_batch=true,45,1.0,57670789.0,Flat
engine/rocksdb/updating_join/updating_join/push_right/16384/domain=16384/bytes=264/nulls=true/mini_batch=true,46,1.0,54458235.0,Flat
engine/rocksdb/updating_join/updating_join/push_right/16384/domain=16384/bytes=264/nulls=true/mini_batch=true,47,1.0,61985979.0,Flat
engine/rocksdb/updating_join/updating_join/push_right/16384/domain=16384/bytes=264/nulls=true/mini_batch=true,48,1.0,57041604.0,Flat
engine/rocksdb/updating_join/updating_join/push_right/16384/domain=16384/bytes=264/nulls=true/mini_batch=true,49,1.0,56795203.0,Flat
engine/rocksdb/updating_join/updating_join/push_right/16384/domain=16384/bytes=264/nulls=true/mini_batch=true,50,1.0,55975415.0,Flat
engine/rocksdb/updating_join/updating_join/push_right/16384/domain=16384/bytes=264/nulls=true/mini_batch=true,51,1.0,55301756.0,Flat
engine/rocksdb/updating_join/updating_join/push_right/16384/domain=16384/bytes=264/nulls=true/mini_batch=true,52,1.0,57235852.0,Flat
engine/rocksdb/updating_join/updating_join/push_right/16384/domain=16384/bytes=264/nulls=true/mini_batch=true,53,1.0,53530350.0,Flat
engine/rocksdb/updating_join/updating_join/push_right/16384/domain=16384/bytes=264/nulls=true/mini_batch=true,54,1.0,56897597.0,Flat
engine/rocksdb/updating_join/updating_join/push_right/16384/domain=16384/bytes=264/nulls=true/mini_batch=true,55,1.0,59074382.0,Flat
engine/rocksdb/updating_join/updating_join/push_right/16384/domain=16384/bytes=264/nulls=true/mini_batch=true,56,1.0,54234202.0,Flat
engine/rocksdb/updating_join/updating_join/push_right/16384/domain=16384/bytes=264/nulls=true/mini_batch=true,57,1.0,61284047.0,Flat
engine/rocksdb/updating_join/updating_join/push_right/16384/domain=16384/bytes=264/nulls=true/mini_batch=true,58,1.0,58935156.0,Flat
engine/rocksdb/updating_join/updating_join/push_right/16384/domain=16384/bytes=264/nulls=true/mini_batch=true,59,1.0,54883071.0,Flat
engine/rocksdb/updating_join/updating_join/push_right/16384/domain=16384/bytes=264/nulls=true/mini_batch=true,60,1.0,60079376.0,Flat
engine/rocksdb/updating_join/updating_join/push_right/16384/domain=16384/bytes=264/nulls=true/mini_batch=true,61,1.0,58889585.0,Flat
engine/rocksdb/updating_join/updating_join/push_right/16384/domain=16384/bytes=264/nulls=true/mini_batch=true,62,1.0,61806451.0,Flat
engine/rocksdb/updating_join/updating_join/push_right/16384/domain=16384/bytes=264/nulls=true/mini_batch=true,63,1.0,63423186.0,Flat
engine/rocksdb/updating_join/updating_join/push_right/16384/domain=16384/bytes=264/nulls=true/mini_batch=true,64,1.0,54925207.0,Flat
engine/rocksdb/updating_join/updating_join/push_right/16384/domain=16384/bytes=264/nulls=true/mini_batch=true,65,1.0,65700866.0,Flat
engine/rocksdb/updating_join/updating_join/push_right/16384/domain=16384/bytes=264/nulls=true/mini_batch=true,66,1.0,74617915.0,Flat
engine/rocksdb/updating_join/updating_join/push_right/16384/domain=16384/bytes=264/nulls=true/mini_batch=true,67,1.0,61055892.0,Flat
engine/rocksdb/updating_join/updating_join/push_right/16384/domain=16384/bytes=264/nulls=true/mini_batch=true,68,1.0,63124029.0,Flat
engine/rocksdb/updating_join/updating_join/push_right/16384/domain=16384/bytes=264/nulls=true/mini_batch=true,69,1.0,58451914.0,Flat
engine/rocksdb/updating_join/updating_join/push_right/16384/domain=16384/bytes=264/nulls=true/mini_batch=true,70,1.0,58520765.0,Flat
engine/rocksdb/updating_join/updating_join/push_right/16384/domain=16384/bytes=264/nulls=true/mini_batch=true,71,1.0,55587346.0,Flat
engine/rocksdb/updating_join/updating_join/push_right/16384/domain=16384/bytes=264/nulls=true/mini_batch=true,72,1.0,54717099.0,Flat
engine/rocksdb/updating_join/updating_join/push_right/16384/domain=16384/bytes=264/nulls=true/mini_batch=true,73,1.0,57934448.0,Flat
engine/rocksdb/updating_join/updating_join/push_right/16384/domain=16384/bytes=264/nulls=true/mini_batch=true,74,1.0,57935743.0,Flat
engine/rocksdb/updating_join/updating_join/push_right/16384/domain=16384/bytes=264/nulls=true/mini_batch=true,75,1.0,60794875.0,Flat
engine/rocksdb/updating_join/updating_join/push_right/16384/domain=16384/bytes=264/nulls=true/mini_batch=true,76,1.0,59622237.0,Flat
engine/rocksdb/updating_join/updating_join/push_right/16384/domain=16384/bytes=264/nulls=true/mini_batch=true,77,1.0,53005588.0,Flat
engine/rocksdb/updating_join/updating_join/push_right/16384/domain=16384/bytes=264/nulls=true/mini_batch=true,78,1.0,52233834.0,Flat
engine/rocksdb/updating_join/updating_join/push_right/16384/domain=16384/bytes=264/nulls=true/mini_batch=true,79,1.0,57074605.0,Flat
engine/rocksdb/updating_join/updating_join/push_right/16384/domain=16384/bytes=264/nulls=true/mini_batch=true,80,1.0,55338605.0,Flat
engine/rocksdb/updating_join/updating_join/push_right/16384/domain=16384/bytes=264/nulls=true/mini_batch=true,81,1.0,56849395.0,Flat
engine/rocksdb/updating_join/updating_join/push_right/16384/domain=16384/bytes=264/nulls=true/mini_batch=true,82,1.0,54833172.0,Flat
engine/rocksdb/updating_join/updating_join/push_right/16384/domain=16384/bytes=264/nulls=true/mini_batch=true,83,1.0,59340703.0,Flat
engine/rocksdb/updating_join/updating_join/push_right/16384/domain=16384/bytes=264/nulls=true/mini_batch=true,84,1.0,54927387.0,Flat
engine/rocksdb/updating_join/updating_join/push_right/16384/domain=16384/bytes=264/nulls=true/mini_batch=true,85,1.0,56905246.0,Flat
engine/rocksdb/updating_join/updating_join/push_right/16384/domain=16384/bytes=264/nulls=true/mini_batch=true,86,1.0,54510219.0,Flat
engine/rocksdb/updating_join/updating_join/push_right/16384/domain=16384/bytes=264/nulls=true/mini_batch=true,87,1.0,56183589.0,Flat
engine/rocksdb/updating_join/updating_join/push_right/16384/domain=16384/bytes=264/nulls=true/mini_batch=true,88,1.0,54739819.0,Flat
engine/rocksdb/updating_join/updating_join/push_right/16384/domain=16384/bytes=264/nulls=true/mini_batch=true,89,1.0,57437252.0,Flat
engine/rocksdb/updating_join/updating_join/push_right/16384/domain=16384/bytes=264/nulls=true/mini_batch=true,90,1.0,55076468.0,Flat
engine/rocksdb/updating_join/updating_join/push_right/16384/domain=16384/bytes=264/nulls=true/mini_batch=true,91,1.0,55618696.0,Flat
engine/rocksdb/updating_join/updating_join/push_right/16384/domain=16384/bytes=264/nulls=true/mini_batch=true,92,1.0,58469006.0,Flat
engine/rocksdb/updating_join/updating_join/push_right/16384/domain=16384/bytes=264/nulls=true/mini_batch=true,93,1.0,59377044.0,Flat
engine/rocksdb/updating_join/updating_join/push_right/16384/domain=16384/bytes=264/nulls=true/mini_batch=true,94,1.0,60913992.0,Flat
engine/rocksdb/updating_join/updating_join/push_right/16384/domain=16384/bytes=264/nulls=true/mini_batch=true,95,1.0,58300548.0,Flat
engine/rocksdb/updating_join/updating_join/push_right/16384/domain=16384/bytes=264/nulls=true/mini_batch=true,96,1.0,66982624.0,Flat
engine/rocksdb/updating_join/updating_join/push_right/16384/domain=16384/bytes=264/nulls=true/mini_batch=true,97,1.0,57268486.0,Flat
engine/rocksdb/updating_join/updating_join/push_right/16384/domain=16384/bytes=264/nulls=true/mini_batch=true,98,1.0,58054103.0,Flat
engine/rocksdb/updating_join/updating_join/push_right/16384/domain=16384/bytes=264/nulls=true/mini_batch=true,99,1.0,55950050.0,Flat
engine/rocksdb/updating_join/updating_join/push_right/16384/domain=8/bytes=264/nulls=true/mini_batch=false,0,1.0,25836671.0,Flat
engine/rocksdb/updating_join/updating_join/push_right/16384/domain=8/bytes=264/nulls=true/mini_batch=false,1,1.0,26070508.0,Flat
engine/rocksdb/updating_join/updating_join/push_right/16384/domain=8/bytes=264/nulls=true/mini_batch=false,2,1.0,30182089.0,Flat
engine/rocksdb/updating_join/updating_join/push_right/16384/domain=8/bytes=264/nulls=true/mini_batch=false,3,1.0,32798060.0,Flat
engine/rocksdb/updating_join/updating_join/push_right/16384/domain=8/bytes=264/nulls=true/mini_batch=false,4,1.0,27256050.0,Flat
engine/rocksdb/updating_join/updating_join/push_right/16384/domain=8/bytes=264/nulls=true/mini_batch=false,5,1.0,28835863.0,Flat
engine/rocksdb/updating_join/updating_join/push_right/16384/domain=8/bytes=264/nulls=true/mini_batch=false,6,1.0,26614610.0,Flat
engine/rocksdb/updating_join/updating_join/push_right/16384/domain=8/bytes=264/nulls=true/mini_batch=false,7,1.0,29273672.0,Flat
engine/rocksdb/updating_join/updating_join/push_right/16384/domain=8/bytes=264/nulls=true/mini_batch=false,8,1.0,29519637.0,Flat
engine/rocksdb/updating_join/updating_join/push_right/16384/domain=8/bytes=264/nulls=true/mini_batch=false,9,1.0,27972885.0,Flat
engine/rocksdb/updating_join/updating_join/push_right/16384/domain=8/bytes=264/nulls=true/mini_batch=false,10,1.0,28159345.0,Flat
engine/rocksdb/updating_join/updating_join/push_right/16384/domain=8/bytes=264/nulls=true/mini_batch=false,11,1.0,25979108.0,Flat
engine/rocksdb/updating_join/updating_join/push_right/16384/domain=8/bytes=264/nulls=true/mini_batch=false,12,1.0,29475869.0,Flat
engine/rocksdb/updating_join/updating_join/push_right/16384/domain=8/bytes=264/nulls=true/mini_batch=false,13,1.0,24330253.0,Flat
engine/rocksdb/updating_join/updating_join/push_right/16384/domain=8/bytes=264/nulls=true/mini_batch=false,14,1.0,28325499.0,Flat
engine/rocksdb/updating_join/updating_join/push_right/16384/domain=8/bytes=264/nulls=true/mini_batch=false,15,1.0,29400635.0,Flat
engine/rocksdb/updating_join/updating_join/push_right/16384/domain=8/bytes=264/nulls=true/mini_batch=false,16,1.0,29324074.0,Flat
engine/rocksdb/updating_join/updating_join/push_right/16384/domain=8/bytes=264/nulls=true/mini_batch=false,17,1.0,26223924.0,Flat
engine/rocksdb/updating_join/updating_join/push_right/16384/domain=8/bytes=264/nulls=true/mini_batch=false,18,1.0,26558370.0,Flat
engine/rocksdb/updating_join/updating_join/push_right/16384/domain=8/bytes=264/nulls=true/mini_batch=false,19,1.0,27558180.0,Flat
engine/rocksdb/updating_join/updating_join/push_right/16384/domain=8/bytes=264/nulls=true/mini_batch=false,20,1.0,27172373.0,Flat
engine/rocksdb/updating_join/updating_join/push_right/16384/domain=8/bytes=264/nulls=true/mini_batch=false,21,1.0,25328103.0,Flat
engine/rocksdb/updating_join/updating_join/push_right/16384/domain=8/bytes=264/nulls=true/mini_batch=false,22,1.0,25663426.0,Flat
engine/rocksdb/updating_join/updating_join/push_right/16384/domain=8/bytes=264/nulls=true/mini_batch=false,23,1.0,27434266.0,Flat
engine/rocksdb/updating_join/updating_join/push_right/16384/domain=8/bytes=264/nulls=true/mini_batch=false,24,1.0,27353193.0,Flat
engine/rocksdb/updating_join/updating_join/push_right/16384/domain=8/bytes=264/nulls=true/mini_batch=false,25,1.0,27228020.0,Flat
engine/rocksdb/updating_join/updating_join/push_right/16384/domain=8/bytes=264/nulls=true/mini_batch=false,26,1.0,23713162.0,Flat
engine/rocksdb/updating_join/updating_join/push_right/16384/domain=8/bytes=264/nulls=true/mini_batch=false,27,1.0,25263383.0,Flat
engine/rocksdb/updating_join/updating_join/push_right/16384/domain=8/bytes=264/nulls=true/mini_batch=false,28,1.0,28133000.0,Flat
engine/rocksdb/updating_join/updating_join/push_right/16384/domain=8/bytes=264/nulls=true/mini_batch=false,29,1.0,27996657.0,Flat
engine/rocksdb/updating_join/updating_join/push_right/16384/domain=8/bytes=264/nulls=true/mini_batch=false,30,1.0,26356933.0,Flat
engine/rocksdb/updating_join/updating_join/push_right/16384/domain=8/bytes=264/nulls=true/mini_batch=false,31,1.0,27120452.0,Flat
engine/rocksdb/updating_join/updating_join/push_right/16384/domain=8/bytes=264/nulls=true/mini_batch=false,32,1.0,24672315.0,Flat
engine/rocksdb/updating_join/updating_join/push_right/16384/domain=8/bytes=264/nulls=true/mini_batch=false,33,1.0,27480448.0,Flat
engine/rocksdb/updating_join/updating_join/push_right/16384/domain=8/bytes=264/nulls=true/mini_batch=false,34,1.0,27045964.0,Flat
engine/rocksdb/updating_join/updating_join/push_right/16384/domain=8/bytes=264/nulls=true/mini_batch=false,35,1.0,25266015.0,Flat
engine/rocksdb/updating_join/updating_join/push_right/16384/domain=8/bytes=264/nulls=true/mini_batch=false,36,1.0,30680867.0,Flat
engine/rocksdb/updating_join/updating_join/push_right/16384/domain=8/bytes=264/nulls=true/mini_batch=false,37,1.0,26111221.0,Flat
engine/rocksdb/updating_join/updating_join/push_right/16384/domain=8/bytes=264/nulls=true/mini_batch=false,38,1.0,28748134.0,Flat
engine/rocksdb/updating_join/updating_join/push_right/16384/domain=8/bytes=264/nulls=true/mini_batch=false,39,1.0,32185609.0,Flat
engine/rocksdb/updating_join/updating_join/push_right/16384/domain=8/bytes=264/nulls=true/mini_batch=false,40,1.0,29952934.0,Flat
engine/rocksdb/updating_join/updating_join/push_right/16384/domain=8/bytes=264/nulls=true/mini_batch=false,41,1.0,28938579.0,Flat
engine/rocksdb/updating_join/updating_join/push_right/16384/domain=8/bytes=264/nulls=true/mini_batch=false,42,1.0,30344322.0,Flat
engine/rocksdb/updating_join/updating_join/push_right/16384/domain=8/bytes=264/nulls=true/mini_batch=false,43,1.0,28021800.0,Flat
engine/rocksdb/updating_join/updating_join/push_right/16384/domain=8/bytes=264/nulls=true/mini_batch=false,44,1.0,26021717.0,Flat
engine/rocksdb/updating_join/updating_join/push_right/16384/domain=8/bytes=264/nulls=true/mini_batch=false,45,1.0,24286628.0,Flat
engine/rocksdb/updating_join/updating_join/push_right/16384/domain=8/bytes=264/nulls=true/mini_batch=false,46,1.0,26005014.0,Flat
engine/rocksdb/updating_join/updating_join/push_right/16384/domain=8/bytes=264/nulls=true/mini_batch=false,47,1.0,26039561.0,Flat
engine/rocksdb/updating_join/updating_join/push_right/16384/domain=8/bytes=264/nulls=true/mini_batch=false,48,1.0,25152357.0,Flat
engine/rocksdb/updating_join/updating_join/push_right/16384/domain=8/bytes=264/nulls=true/mini_batch=false,49,1.0,25184074.0,Flat
engine/rocksdb/updating_join/updating_join/push_right/16384/domain=8/bytes=264/nulls=true/mini_batch=false,50,1.0,23179585.0,Flat
engine/rocksdb/updating_join/updating_join/push_right/16384/domain=8/bytes=264/nulls=true/mini_batch=false,51,1.0,25653674.0,Flat
engine/rocksdb/updating_join/updating_join/push_right/16384/domain=8/bytes=264/nulls=true/mini_batch=false,52,1.0,24659409.0,Flat
engine/rocksdb/updating_join/updating_join/push_right/16384/domain=8/bytes=264/nulls=true/mini_batch=false,53,1.0,27399613.0,Flat
engine/rocksdb/updating_join/updating_join/push_right/16384/domain=8/bytes=264/nulls=true/mini_batch=false,54,1.0,25688990.0,Flat
engine/rocksdb/updating_join/updating_join/push_right/16384/domain=8/bytes=264/nulls=true/mini_batch=false,55,1.0,25974087.0,Flat
engine/rocksdb/updating_join/updating_join/push_right/16384/domain=8/bytes=264/nulls=true/mini_batch=false,56,1.0,26741546.0,Flat
engine/rocksdb/updating_join/updating_join/push_right/16384/domain=8/bytes=264/nulls=true/mini_batch=false,57,1.0,23786989.0,Flat
engine/rocksdb/updating_join/updating_join/push_right/16384/domain=8/bytes=264/nulls=true/mini_batch=false,58,1.0,26424004.0,Flat
engine/rocksdb/updating_join/updating_join/push_right/16384/domain=8/bytes=264/nulls=true/mini_batch=false,59,1.0,25168904.0,Flat
engine/rocksdb/updating_join/updating_join/push_right/16384/domain=8/bytes=264/nulls=true/mini_batch=false,60,1.0,27405420.0,Flat
engine/rocksdb/updating_join/updating_join/push_right/16384/domain=8/bytes=264/nulls=true/mini_batch=false,61,1.0,26317015.0,Flat
engine/rocksdb/updating_join/updating_join/push_right/16384/domain=8/bytes=264/nulls=true/mini_batch=false,62,1.0,27918029.0,Flat
engine/rocksdb/updating_join/updating_join/push_right/16384/domain=8/bytes=264/nulls=true/mini_batch=false,63,1.0,26831746.0,Flat
engine/rocksdb/updating_join/updating_join/push_right/16384/domain=8/bytes=264/nulls=true/mini_batch=false,64,1.0,24822149.0,Flat
engine/rocksdb/updating_join/updating_join/push_right/16384/domain=8/bytes=264/nulls=true/mini_batch=false,65,1.0,26716159.0,Flat
engine/rocksdb/updating_join/updating_join/push_right/16384/domain=8/bytes=264/nulls=true/mini_batch=false,66,1.0,25149545.0,Flat
engine/rocksdb/updating_join/updating_join/push_right/16384/domain=8/bytes=264/nulls=true/mini_batch=false,67,1.0,26622094.0,Flat
engine/rocksdb/updating_join/updating_join/push_right/16384/domain=8/bytes=264/nulls=true/mini_batch=false,68,1.0,25579078.0,Flat
engine/rocksdb/updating_join/updating_join/push_right/16384/domain=8/bytes=264/nulls=true/mini_batch=false,69,1.0,27050691.0,Flat
engine/rocksdb/updating_join/updating_join/push_right/16384/domain=8/bytes=264/nulls=true/mini_batch=false,70,1.0,26173468.0,Flat
engine/rocksdb/updating_join/updating_join/push_right/16384/domain=8/bytes=264/nulls=true/mini_batch=false,71,1.0,25159412.0,Flat
engine/rocksdb/updating_join/updating_join/push_right/16384/domain=8/bytes=264/nulls=true/mini_batch=false,72,1.0,24837722.0,Flat
engine/rocksdb/updating_join/updating_join/push_right/16384/domain=8/bytes=264/nulls=true/mini_batch=false,73,1.0,25773220.0,Flat
engine/rocksdb/updating_join/updating_join/push_right/16384/domain=8/bytes=264/nulls=true/mini_batch=false,74,1.0,23407660.0,Flat
engine/rocksdb/updating_join/updating_join/push_right/16384/domain=8/bytes=264/nulls=true/mini_batch=false,75,1.0,23737922.0,Flat
engine/rocksdb/updating_join/updating_join/push_right/16384/domain=8/bytes=264/nulls=true/mini_batch=false,76,1.0,24246407.0,Flat
engine/rocksdb/updating_join/updating_join/push_right/16384/domain=8/bytes=264/nulls=true/mini_batch=false,77,1.0,26671520.0,Flat
engine/rocksdb/updating_join/updating_join/push_right/16384/domain=8/bytes=264/nulls=true/mini_batch=false,78,1.0,24455984.0,Flat
engine/rocksdb/updating_join/updating_join/push_right/16384/domain=8/bytes=264/nulls=true/mini_batch=false,79,1.0,25284628.0,Flat
engine/rocksdb/updating_join/updating_join/push_right/16384/domain=8/bytes=264/nulls=true/mini_batch=false,80,1.0,23743856.0,Flat
engine/rocksdb/updating_join/updating_join/push_right/16384/domain=8/bytes=264/nulls=true/mini_batch=false,81,1.0,23555207.0,Flat
engine/rocksdb/updating_join/updating_join/push_right/16384/domain=8/bytes=264/nulls=true/mini_batch=false,82,1.0,22661827.0,Flat
engine/rocksdb/updating_join/updating_join/push_right/16384/domain=8/bytes=264/nulls=true/mini_batch=false,83,1.0,24349756.0,Flat
engine/rocksdb/updating_join/updating_join/push_right/16384/domain=8/bytes=264/nulls=true/mini_batch=false,84,1.0,25188063.0,Flat
engine/rocksdb/updating_join/updating_join/push_right/16384/domain=8/bytes=264/nulls=true/mini_batch=false,85,1.0,24571312.0,Flat
engine/rocksdb/updating_join/updating_join/push_right/16384/domain=8/bytes=264/nulls=true/mini_batch=false,86,1.0,23488398.0,Flat
engine/rocksdb/updating_join/updating_join/push_right/16384/domain=8/bytes=264/nulls=true/mini_batch=false,87,1.0,23803333.0,Flat
engine/rocksdb/updating_join/updating_join/push_right/16384/domain=8/bytes=264/nulls=true/mini_batch=false,88,1.0,24804554.0,Flat
engine/rocksdb/updating_join/updating_join/push_right/16384/domain=8/bytes=264/nulls=true/mini_batch=false,89,1.0,24135308.0,Flat
engine/rocksdb/updating_join/updating_join/push_right/16384/domain=8/bytes=264/nulls=true/mini_batch=false,90,1.0,24667254.0,Flat
engine/rocksdb/updating_join/updating_join/push_right/16384/domain=8/bytes=264/nulls=true/mini_batch=false,91,1.0,24001758.0,Flat
engine/rocksdb/updating_join/updating_join/push_right/16384/domain=8/bytes=264/nulls=true/mini_batch=false,92,1.0,22698841.0,Flat
engine/rocksdb/updating_join/updating_join/push_right/16384/domain=8/bytes=264/nulls=true/mini_batch=false,93,1.0,24528917.0,Flat
engine/rocksdb/updating_join/updating_join/push_right/16384/domain=8/bytes=264/nulls=true/mini_batch=false,94,1.0,23500609.0,Flat
engine/rocksdb/updating_join/updating_join/push_right/16384/domain=8/bytes=264/nulls=true/mini_batch=false,95,1.0,23921348.0,Flat
engine/rocksdb/updating_join/updating_join/push_right/16384/domain=8/bytes=264/nulls=true/mini_batch=false,96,1.0,23042089.0,Flat
engine/rocksdb/updating_join/updating_join/push_right/16384/domain=8/bytes=264/nulls=true/mini_batch=false,97,1.0,22872273.0,Flat
engine/rocksdb/updating_join/updating_join/push_right/16384/domain=8/bytes=264/nulls=true/mini_batch=false,98,1.0,22940862.0,Flat
engine/rocksdb/updating_join/updating_join/push_right/16384/domain=8/bytes=264/nulls=true/mini_batch=false,99,1.0,23040260.0,Flat
engine/rocksdb/updating_join/updating_join/push_right/16384/domain=8/bytes=264/nulls=true/mini_batch=true,0,3.0,9011139.0,Flat
engine/rocksdb/updating_join/updating_join/push_right/16384/domain=8/bytes=264/nulls=true/mini_batch=true,1,3.0,8718525.0,Flat
engine/rocksdb/updating_join/updating_join/push_right/16384/domain=8/bytes=264/nulls=true/mini_batch=true,2,3.0,9068835.0,Flat
engine/rocksdb/updating_join/updating_join/push_right/16384/domain=8/bytes=264/nulls=true/mini_batch=true,3,3.0,9747729.0,Flat
engine/rocksdb/updating_join/updating_join/push_right/16384/domain=8/bytes=264/nulls=true/mini_batch=true,4,3.0,8910973.0,Flat
engine/rocksdb/updating_join/updating_join/push_right/16384/domain=8/bytes=264/nulls=true/mini_batch=true,5,3.0,9252204.0,Flat
engine/rocksdb/updating_join/updating_join/push_right/16384/domain=8/bytes=264/nulls=true/mini_batch=true,6,3.0,9262245.0,Flat
engine/rocksdb/updating_join/updating_join/push_right/16384/domain=8/bytes=264/nulls=true/mini_batch=true,7,3.0,9219037.0,Flat
engine/rocksdb/updating_join/updating_join/push_right/16384/domain=8/bytes=264/nulls=true/mini_batch=true,8,3.0,8935219.0,Flat
engine/rocksdb/updating_join/updating_join/push_right/16384/domain=8/bytes=264/nulls=true/mini_batch=true,9,3.0,9248799.0,Flat
engine/rocksdb/updating_join/updating_join/push_right/16384/domain=8/bytes=264/nulls=true/mini_batch=true,10,3.0,8701409.0,Flat
engine/rocksdb/updating_join/updating_join/push_right/16384/domain=8/bytes=264/nulls=true/mini_batch=true,11,3.0,9246531.0,Flat
engine/rocksdb/updating_join/updating_join/push_right/16384/domain=8/bytes=264/nulls=true/mini_batch=true,12,3.0,8658488.0,Flat
engine/rocksdb/updating_join/updating_join/push_right/16384/domain=8/bytes=264/nulls=true/mini_batch=true,13,3.0,8920024.0,Flat
engine/rocksdb/updating_join/updating_join/push_right/16384/domain=8/bytes=264/nulls=true/mini_batch=true,14,3.0,9203327.0,Flat
engine/rocksdb/updating_join/updating_join/push_right/16384/domain=8/bytes=264/nulls=true/mini_batch=true,15,3.0,9496223.0,Flat
engine/rocksdb/updating_join/updating_join/push_right/16384/domain=8/bytes=264/nulls=true/mini_batch=true,16,3.0,8956668.0,Flat
engine/rocksdb/updating_join/updating_join/push_right/16384/domain=8/bytes=264/nulls=true/mini_batch=true,17,3.0,8798721.0,Flat
engine/rocksdb/updating_join/updating_join/push_right/16384/domain=8/bytes=264/nulls=true/mini_batch=true,18,3.0,8873266.0,Flat
engine/rocksdb/updating_join/updating_join/push_right/16384/domain=8/bytes=264/nulls=true/mini_batch=true,19,3.0,9384486.0,Flat
engine/rocksdb/updating_join/updating_join/push_right/16384/domain=8/bytes=264/nulls=true/mini_batch=true,20,3.0,8808941.0,Flat
engine/rocksdb/updating_join/updating_join/push_right/16384/domain=8/bytes=264/nulls=true/mini_batch=true,21,3.0,8839007.0,Flat
engine/rocksdb/updating_join/updating_join/push_right/16384/domain=8/bytes=264/nulls=true/mini_batch=true,22,3.0,8846403.0,Flat
engine/rocksdb/updating_join/updating_join/push_right/16384/domain=8/bytes=264/nulls=true/mini_batch=true,23,3.0,9254726.0,Flat
engine/rocksdb/updating_join/updating_join/push_right/16384/domain=8/bytes=264/nulls=true/mini_batch=true,24,3.0,10021257.0,Flat
engine/rocksdb/updating_join/updating_join/push_right/16384/domain=8/bytes=264/nulls=true/mini_batch=true,25,3.0,10788750.0,Flat
engine/rocksdb/updating_join/updating_join/push_right/16384/domain=8/bytes=264/nulls=true/mini_batch=true,26,3.0,10323033.0,Flat
engine/rocksdb/updating_join/updating_join/push_right/16384/domain=8/bytes=264/nulls=true/mini_batch=true,27,3.0,10364323.0,Flat
engine/rocksdb/updating_join/updating_join/push_right/16384/domain=8/bytes=264/nulls=true/mini_batch=true,28,3.0,10820933.0,Flat
engine/rocksdb/updating_join/updating_join/push_right/16384/domain=8/bytes=264/nulls=true/mini_batch=true,29,3.0,10812955.0,Flat
engine/rocksdb/updating_join/updating_join/push_right/16384/domain=8/bytes=264/nulls=true/mini_batch=true,30,3.0,10112440.0,Flat
engine/rocksdb/updating_join/updating_join/push_right/16384/domain=8/bytes=264/nulls=true/mini_batch=true,31,3.0,10805702.0,Flat
engine/rocksdb/updating_join/updating_join/push_right/16384/domain=8/bytes=264/nulls=true/mini_batch=true,32,3.0,11132566.0,Flat
engine/rocksdb/updating_join/updating_join/push_right/16384/domain=8/bytes=264/nulls=true/mini_batch=true,33,3.0,11322143.0,Flat
engine/rocksdb/updating_join/updating_join/push_right/16384/domain=8/bytes=264/nulls=true/mini_batch=true,34,3.0,10995229.0,Flat
engine/rocksdb/updating_join/updating_join/push_right/16384/domain=8/bytes=264/nulls=true/mini_batch=true,35,3.0,10929828.0,Flat
engine/rocksdb/updating_join/updating_join/push_right/16384/domain=8/bytes=264/nulls=true/mini_batch=true,36,3.0,10991144.0,Flat
engine/rocksdb/updating_join/updating_join/push_right/16384/domain=8/bytes=264/nulls=true/mini_batch=true,37,3.0,11289466.0,Flat
engine/rocksdb/updating_join/updating_join/push_right/16384/domain=8/bytes=264/nulls=true/mini_batch=true,38,3.0,11226567.0,Flat
engine/rocksdb/updating_join/updating_join/push_right/16384/domain=8/bytes=264/nulls=true/mini_batch=true,39,3.0,10939728.0,Flat
engine/rocksdb/updating_join/updating_join/push_right/16384/domain=8/bytes=264/nulls=true/mini_batch=true,40,3.0,10780914.0,Flat
engine/rocksdb/updating_join/updating_join/push_right/16384/domain=8/bytes=264/nulls=true/mini_batch=true,41,3.0,10639009.0,Flat
engine/rocksdb/updating_join/updating_join/push_right/16384/domain=8/bytes=264/nulls=true/mini_batch=true,42,3.0,10879270.0,Flat
engine/rocksdb/updating_join/updating_join/push_right/16384/domain=8/bytes=264/nulls=true/mini_batch=true,43,3.0,10455713.0,Flat
engine/rocksdb/updating_join/updating_join/push_right/16384/domain=8/bytes=264/nulls=true/mini_batch=true,44,3.0,11111113.0,Flat
engine/rocksdb/updating_join/updating_join/push_right/16384/domain=8/bytes=264/nulls=true/mini_batch=true,45,3.0,10889359.0,Flat
engine/rocksdb/updating_join/updating_join/push_right/16384/domain=8/bytes=264/nulls=true/mini_batch=true,46,3.0,10006696.0,Flat
engine/rocksdb/updating_join/updating_join/push_right/16384/domain=8/bytes=264/nulls=true/mini_batch=true,47,3.0,9771957.0,Flat
engine/rocksdb/updating_join/updating_join/push_right/16384/domain=8/bytes=264/nulls=true/mini_batch=true,48,3.0,10574560.0,Flat
engine/rocksdb/updating_join/updating_join/push_right/16384/domain=8/bytes=264/nulls=true/mini_batch=true,49,3.0,11070422.0,Flat
engine/rocksdb/updating_join/updating_join/push_right/16384/domain=8/bytes=264/nulls=true/mini_batch=true,50,3.0,11205464.0,Flat
engine/rocksdb/updating_join/updating_join/push_right/16384/domain=8/bytes=264/nulls=true/mini_batch=true,51,3.0,11248660.0,Flat
engine/rocksdb/updating_join/updating_join/push_right/16384/domain=8/bytes=264/nulls=true/mini_batch=true,52,3.0,9804154.0,Flat
engine/rocksdb/updating_join/updating_join/push_right/16384/domain=8/bytes=264/nulls=true/mini_batch=true,53,3.0,11164867.0,Flat
engine/rocksdb/updating_join/updating_join/push_right/16384/domain=8/bytes=264/nulls=true/mini_batch=true,54,3.0,10732505.0,Flat
engine/rocksdb/updating_join/updating_join/push_right/16384/domain=8/bytes=264/nulls=true/mini_batch=true,55,3.0,10507127.0,Flat
engine/rocksdb/updating_join/updating_join/push_right/16384/domain=8/bytes=264/nulls=true/mini_batch=true,56,3.0,9964125.0,Flat
engine/rocksdb/updating_join/updating_join/push_right/16384/domain=8/bytes=264/nulls=true/mini_batch=true,57,3.0,10075912.0,Flat
engine/rocksdb/updating_join/updating_join/push_right/16384/domain=8/bytes=264/nulls=true/mini_batch=true,58,3.0,11098497.0,Flat
engine/rocksdb/updating_join/updating_join/push_right/16384/domain=8/bytes=264/nulls=true/mini_batch=true,59,3.0,10996986.0,Flat
engine/rocksdb/updating_join/updating_join/push_right/16384/domain=8/bytes=264/nulls=true/mini_batch=true,60,3.0,10991374.0,Flat
engine/rocksdb/updating_join/updating_join/push_right/16384/domain=8/bytes=264/nulls=true/mini_batch=true,61,3.0,9610267.0,Flat
engine/rocksdb/updating_join/updating_join/push_right/16384/domain=8/bytes=264/nulls=true/mini_batch=true,62,3.0,10804376.0,Flat
engine/rocksdb/updating_join/updating_join/push_right/16384/domain=8/bytes=264/nulls=true/mini_batch=true,63,3.0,10917682.0,Flat
engine/rocksdb/updating_join/updating_join/push_right/16384/domain=8/bytes=264/nulls=true/mini_batch=true,64,3.0,11031620.0,Flat
engine/rocksdb/updating_join/updating_join/push_right/16384/domain=8/bytes=264/nulls=true/mini_batch=true,65,3.0,10639053.0,Flat
engine/rocksdb/updating_join/updating_join/push_right/16384/domain=8/bytes=264/nulls=true/mini_batch=true,66,3.0,11058492.0,Flat
engine/rocksdb/updating_join/updating_join/push_right/16384/domain=8/bytes=264/nulls=true/mini_batch=true,67,3.0,12024983.0,Flat
engine/rocksdb/updating_join/updating_join/push_right/16384/domain=8/bytes=264/nulls=true/mini_batch=true,68,3.0,11826091.0,Flat
engine/rocksdb/updating_join/updating_join/push_right/16384/domain=8/bytes=264/nulls=true/mini_batch=true,69,3.0,11974645.0,Flat
engine/rocksdb/updating_join/updating_join/push_right/16384/domain=8/bytes=264/nulls=true/mini_batch=true,70,3.0,11273990.0,Flat
engine/rocksdb/updating_join/updating_join/push_right/16384/domain=8/bytes=264/nulls=true/mini_batch=true,71,3.0,11254808.0,Flat
engine/rocksdb/updating_join/updating_join/push_right/16384/domain=8/bytes=264/nulls=true/mini_batch=true,72,3.0,11611731.0,Flat
engine/rocksdb/updating_join/updating_join/push_right/16384/domain=8/bytes=264/nulls=true/mini_batch=true,73,3.0,11617758.0,Flat
engine/rocksdb/updating_join/updating_join/push_right/16384/domain=8/bytes=264/nulls=true/mini_batch=true,74,3.0,10984588.0,Flat
engine/rocksdb/updating_join/updating_join/push_right/16384/domain=8/bytes=264/nulls=true/mini_batch=true,75,3.0,11259196.0,Flat
engine/rocksdb/updating_join/updating_join/push_right/16384/domain=8/bytes=264/nulls=true/mini_batch=true,76,3.0,10867147.0,Flat
engine/rocksdb/updating_join/updating_join/push_right/16384/domain=8/bytes=264/nulls=true/mini_batch=true,77,3.0,10530426.0,Flat
engine/rocksdb/updating_join/updating_join/push_right/16384/domain=8/bytes=264/nulls=true/mini_batch=true,78,3.0,10576062.0,Flat
engine/rocksdb/updating_join/updating_join/push_right/16384/domain=8/bytes=264/nulls=true/mini_batch=true,79,3.0,9404837.0,Flat
engine/rocksdb/updating_join/updating_join/push_right/16384/domain=8/bytes=264/nulls=true/mini_batch=true,80,3.0,9864345.0,Flat
engine/rocksdb/updating_join/updating_join/push_right/16384/domain=8/bytes=264/nulls=true/mini_batch=true,81,3.0,11218303.0,Flat
engine/rocksdb/updating_join/updating_join/push_right/16384/domain=8/bytes=264/nulls=true/mini_batch=true,82,3.0,10755728.0,Flat
engine/rocksdb/updating_join/updating_join/push_right/16384/domain=8/bytes=264/nulls=true/mini_batch=true,83,3.0,10866984.0,Flat
engine/rocksdb/updating_join/updating_join/push_right/16384/domain=8/bytes=264/nulls=true/mini_batch=true,84,3.0,10400325.0,Flat
engine/rocksdb/updating_join/updating_join/push_right/16384/domain=8/bytes=264/nulls=true/mini_batch=true,85,3.0,10631345.0,Flat
engine/rocksdb/updating_join/updating_join/push_right/16384/domain=8/bytes=264/nulls=true/mini_batch=true,86,3.0,10353902.0,Flat
engine/rocksdb/updating_join/updating_join/push_right/16384/domain=8/bytes=264/nulls=true/mini_batch=true,87,3.0,10979137.0,Flat
engine/rocksdb/updating_join/updating_join/push_right/16384/domain=8/bytes=264/nulls=true/mini_batch=true,88,3.0,10081720.0,Flat
engine/rocksdb/updating_join/updating_join/push_right/16384/domain=8/bytes=264/nulls=true/mini_batch=true,89,3.0,9764320.0,Flat
engine/rocksdb/updating_join/updating_join/push_right/16384/domain=8/bytes=264/nulls=true/mini_batch=true,90,3.0,11270109.0,Flat
engine/rocksdb/updating_join/updating_join/push_right/16384/domain=8/bytes=264/nulls=true/mini_batch=true,91,3.0,10656332.0,Flat
engine/rocksdb/updating_join/updating_join/push_right/16384/domain=8/bytes=264/nulls=true/mini_batch=true,92,3.0,10932336.0,Flat
engine/rocksdb/updating_join/updating_join/push_right/16384/domain=8/bytes=264/nulls=true/mini_batch=true,93,3.0,11033498.0,Flat
engine/rocksdb/updating_join/updating_join/push_right/16384/domain=8/bytes=264/nulls=true/mini_batch=true,94,3.0,10820884.0,Flat
engine/rocksdb/updating_join/updating_join/push_right/16384/domain=8/bytes=264/nulls=true/mini_batch=true,95,3.0,10860133.0,Flat
engine/rocksdb/updating_join/updating_join/push_right/16384/domain=8/bytes=264/nulls=true/mini_batch=true,96,3.0,11369328.0,Flat
engine/rocksdb/updating_join/updating_join/push_right/16384/domain=8/bytes=264/nulls=true/mini_batch=true,97,3.0,12053258.0,Flat
engine/rocksdb/updating_join/updating_join/push_right/16384/domain=8/bytes=264/nulls=true/mini_batch=true,98,3.0,10852084.0,Flat
engine/rocksdb/updating_join/updating_join/push_right/16384/domain=8/bytes=264/nulls=true/mini_batch=true,99,3.0,10920757.0,Flat
engine/rocksdb/updating_join/updating_join/restore_aligned/16384/domain=1/bytes=264/nulls=true/mini_batch=false,0,2.0,63361021.0,Flat
engine/rocksdb/updating_join/updating_join/restore_aligned/16384/domain=1/bytes=264/nulls=true/mini_batch=false,1,2.0,86069916.0,Flat
engine/rocksdb/updating_join/updating_join/restore_aligned/16384/domain=1/bytes=264/nulls=true/mini_batch=false,2,2.0,100567762.0,Flat
engine/rocksdb/updating_join/updating_join/restore_aligned/16384/domain=1/bytes=264/nulls=true/mini_batch=false,3,2.0,102614303.0,Flat
engine/rocksdb/updating_join/updating_join/restore_aligned/16384/domain=1/bytes=264/nulls=true/mini_batch=false,4,2.0,96187049.0,Flat
engine/rocksdb/updating_join/updating_join/restore_aligned/16384/domain=1/bytes=264/nulls=true/mini_batch=false,5,2.0,94070211.0,Flat
engine/rocksdb/updating_join/updating_join/restore_aligned/16384/domain=1/bytes=264/nulls=true/mini_batch=false,6,2.0,106061313.0,Flat
engine/rocksdb/updating_join/updating_join/restore_aligned/16384/domain=1/bytes=264/nulls=true/mini_batch=false,7,2.0,84251183.0,Flat
engine/rocksdb/updating_join/updating_join/restore_aligned/16384/domain=1/bytes=264/nulls=true/mini_batch=false,8,2.0,95817211.0,Flat
engine/rocksdb/updating_join/updating_join/restore_aligned/16384/domain=1/bytes=264/nulls=true/mini_batch=false,9,2.0,100780348.0,Flat
engine/rocksdb/updating_join/updating_join/restore_aligned/16384/domain=1/bytes=264/nulls=true/mini_batch=false,10,2.0,86221416.0,Flat
engine/rocksdb/updating_join/updating_join/restore_aligned/16384/domain=1/bytes=264/nulls=true/mini_batch=false,11,2.0,93185714.0,Flat
engine/rocksdb/updating_join/updating_join/restore_aligned/16384/domain=1/bytes=264/nulls=true/mini_batch=false,12,2.0,95351774.0,Flat
engine/rocksdb/updating_join/updating_join/restore_aligned/16384/domain=1/bytes=264/nulls=true/mini_batch=false,13,2.0,98160005.0,Flat
engine/rocksdb/updating_join/updating_join/restore_aligned/16384/domain=1/bytes=264/nulls=true/mini_batch=false,14,2.0,87543353.0,Flat
engine/rocksdb/updating_join/updating_join/restore_aligned/16384/domain=1/bytes=264/nulls=true/mini_batch=false,15,2.0,89842240.0,Flat
engine/rocksdb/updating_join/updating_join/restore_aligned/16384/domain=1/bytes=264/nulls=true/mini_batch=false,16,2.0,102880621.0,Flat
engine/rocksdb/updating_join/updating_join/restore_aligned/16384/domain=1/bytes=264/nulls=true/mini_batch=false,17,2.0,95993697.0,Flat
engine/rocksdb/updating_join/updating_join/restore_aligned/16384/domain=1/bytes=264/nulls=true/mini_batch=false,18,2.0,83873959.0,Flat
engine/rocksdb/updating_join/updating_join/restore_aligned/16384/domain=1/bytes=264/nulls=true/mini_batch=false,19,2.0,94548350.0,Flat
engine/rocksdb/updating_join/updating_join/restore_aligned/16384/domain=1/bytes=264/nulls=true/mini_batch=false,20,2.0,97312880.0,Flat
engine/rocksdb/updating_join/updating_join/restore_aligned/16384/domain=1/bytes=264/nulls=true/mini_batch=false,21,2.0,94435552.0,Flat
engine/rocksdb/updating_join/updating_join/restore_aligned/16384/domain=1/bytes=264/nulls=true/mini_batch=false,22,2.0,93680017.0,Flat
engine/rocksdb/updating_join/updating_join/restore_aligned/16384/domain=1/bytes=264/nulls=true/mini_batch=false,23,2.0,89797089.0,Flat
engine/rocksdb/updating_join/updating_join/restore_aligned/16384/domain=1/bytes=264/nulls=true/mini_batch=false,24,2.0,88520148.0,Flat
engine/rocksdb/updating_join/updating_join/restore_aligned/16384/domain=1/bytes=264/nulls=true/mini_batch=false,25,2.0,91358721.0,Flat
engine/rocksdb/updating_join/updating_join/restore_aligned/16384/domain=1/bytes=264/nulls=true/mini_batch=false,26,2.0,87985125.0,Flat
engine/rocksdb/updating_join/updating_join/restore_aligned/16384/domain=1/bytes=264/nulls=true/mini_batch=false,27,2.0,76257265.0,Flat
engine/rocksdb/updating_join/updating_join/restore_aligned/16384/domain=1/bytes=264/nulls=true/mini_batch=false,28,2.0,92513189.0,Flat
engine/rocksdb/updating_join/updating_join/restore_aligned/16384/domain=1/bytes=264/nulls=true/mini_batch=false,29,2.0,76728744.0,Flat
engine/rocksdb/updating_join/updating_join/restore_aligned/16384/domain=1/bytes=264/nulls=true/mini_batch=false,30,2.0,152465128.0,Flat
engine/rocksdb/updating_join/updating_join/restore_aligned/16384/domain=1/bytes=264/nulls=true/mini_batch=false,31,2.0,80074836.0,Flat
engine/rocksdb/updating_join/updating_join/restore_aligned/16384/domain=1/bytes=264/nulls=true/mini_batch=false,32,2.0,89467075.0,Flat
engine/rocksdb/updating_join/updating_join/restore_aligned/16384/domain=1/bytes=264/nulls=true/mini_batch=false,33,2.0,84498172.0,Flat
engine/rocksdb/updating_join/updating_join/restore_aligned/16384/domain=1/bytes=264/nulls=true/mini_batch=false,34,2.0,92482494.0,Flat
engine/rocksdb/updating_join/updating_join/restore_aligned/16384/domain=1/bytes=264/nulls=true/mini_batch=false,35,2.0,85311103.0,Flat
engine/rocksdb/updating_join/updating_join/restore_aligned/16384/domain=1/bytes=264/nulls=true/mini_batch=false,36,2.0,91548961.0,Flat
engine/rocksdb/updating_join/updating_join/restore_aligned/16384/domain=1/bytes=264/nulls=true/mini_batch=false,37,2.0,95204125.0,Flat
engine/rocksdb/updating_join/updating_join/restore_aligned/16384/domain=1/bytes=264/nulls=true/mini_batch=false,38,2.0,79182255.0,Flat
engine/rocksdb/updating_join/updating_join/restore_aligned/16384/domain=1/bytes=264/nulls=true/mini_batch=false,39,2.0,91966094.0,Flat
engine/rocksdb/updating_join/updating_join/restore_aligned/16384/domain=1/bytes=264/nulls=true/mini_batch=false,40,2.0,79867582.0,Flat
engine/rocksdb/updating_join/updating_join/restore_aligned/16384/domain=1/bytes=264/nulls=true/mini_batch=false,41,2.0,88130761.0,Flat
engine/rocksdb/updating_join/updating_join/restore_aligned/16384/domain=1/bytes=264/nulls=true/mini_batch=false,42,2.0,90539515.0,Flat
engine/rocksdb/updating_join/updating_join/restore_aligned/16384/domain=1/bytes=264/nulls=true/mini_batch=false,43,2.0,75111085.0,Flat
engine/rocksdb/updating_join/updating_join/restore_aligned/16384/domain=1/bytes=264/nulls=true/mini_batch=false,44,2.0,83269234.0,Flat
engine/rocksdb/updating_join/updating_join/restore_aligned/16384/domain=1/bytes=264/nulls=true/mini_batch=false,45,2.0,88310287.0,Flat
engine/rocksdb/updating_join/updating_join/restore_aligned/16384/domain=1/bytes=264/nulls=true/mini_batch=false,46,2.0,92457312.0,Flat
engine/rocksdb/updating_join/updating_join/restore_aligned/16384/domain=1/bytes=264/nulls=true/mini_batch=false,47,2.0,91437383.0,Flat
engine/rocksdb/updating_join/updating_join/restore_aligned/16384/domain=1/bytes=264/nulls=true/mini_batch=false,48,2.0,89115322.0,Flat
engine/rocksdb/updating_join/updating_join/restore_aligned/16384/domain=1/bytes=264/nulls=true/mini_batch=false,49,2.0,90198993.0,Flat
engine/rocksdb/updating_join/updating_join/restore_aligned/16384/domain=1/bytes=264/nulls=true/mini_batch=false,50,2.0,90997101.0,Flat
engine/rocksdb/updating_join/updating_join/restore_aligned/16384/domain=1/bytes=264/nulls=true/mini_batch=false,51,2.0,88053987.0,Flat
engine/rocksdb/updating_join/updating_join/restore_aligned/16384/domain=1/bytes=264/nulls=true/mini_batch=false,52,2.0,93076267.0,Flat
engine/rocksdb/updating_join/updating_join/restore_aligned/16384/domain=1/bytes=264/nulls=true/mini_batch=false,53,2.0,75801492.0,Flat
engine/rocksdb/updating_join/updating_join/restore_aligned/16384/domain=1/bytes=264/nulls=true/mini_batch=false,54,2.0,85421649.0,Flat
engine/rocksdb/updating_join/updating_join/restore_aligned/16384/domain=1/bytes=264/nulls=true/mini_batch=false,55,2.0,90687527.0,Flat
engine/rocksdb/updating_join/updating_join/restore_aligned/16384/domain=1/bytes=264/nulls=true/mini_batch=false,56,2.0,86313079.0,Flat
engine/rocksdb/updating_join/updating_join/restore_aligned/16384/domain=1/bytes=264/nulls=true/mini_batch=false,57,2.0,87276035.0,Flat
engine/rocksdb/updating_join/updating_join/restore_aligned/16384/domain=1/bytes=264/nulls=true/mini_batch=false,58,2.0,91845279.0,Flat
engine/rocksdb/updating_join/updating_join/restore_aligned/16384/domain=1/bytes=264/nulls=true/mini_batch=false,59,2.0,94147326.0,Flat
engine/rocksdb/updating_join/updating_join/restore_aligned/16384/domain=1/bytes=264/nulls=true/mini_batch=false,60,2.0,96995440.0,Flat
engine/rocksdb/updating_join/updating_join/restore_aligned/16384/domain=1/bytes=264/nulls=true/mini_batch=false,61,2.0,88909974.0,Flat
engine/rocksdb/updating_join/updating_join/restore_aligned/16384/domain=1/bytes=264/nulls=true/mini_batch=false,62,2.0,82604997.0,Flat
engine/rocksdb/updating_join/updating_join/restore_aligned/16384/domain=1/bytes=264/nulls=true/mini_batch=false,63,2.0,92668178.0,Flat
engine/rocksdb/updating_join/updating_join/restore_aligned/16384/domain=1/bytes=264/nulls=true/mini_batch=false,64,2.0,88662016.0,Flat
engine/rocksdb/updating_join/updating_join/restore_aligned/16384/domain=1/bytes=264/nulls=true/mini_batch=false,65,2.0,85255691.0,Flat
engine/rocksdb/updating_join/updating_join/restore_aligned/16384/domain=1/bytes=264/nulls=true/mini_batch=false,66,2.0,94941754.0,Flat
engine/rocksdb/updating_join/updating_join/restore_aligned/16384/domain=1/bytes=264/nulls=true/mini_batch=false,67,2.0,90392844.0,Flat
engine/rocksdb/updating_join/updating_join/restore_aligned/16384/domain=1/bytes=264/nulls=true/mini_batch=false,68,2.0,86975361.0,Flat
engine/rocksdb/updating_join/updating_join/restore_aligned/16384/domain=1/bytes=264/nulls=true/mini_batch=false,69,2.0,89197494.0,Flat
engine/rocksdb/updating_join/updating_join/restore_aligned/16384/domain=1/bytes=264/nulls=true/mini_batch=false,70,2.0,93340715.0,Flat
engine/rocksdb/updating_join/updating_join/restore_aligned/16384/domain=1/bytes=264/nulls=true/mini_batch=false,71,2.0,86579138.0,Flat
engine/rocksdb/updating_join/updating_join/restore_aligned/16384/domain=1/bytes=264/nulls=true/mini_batch=false,72,2.0,98629963.0,Flat
engine/rocksdb/updating_join/updating_join/restore_aligned/16384/domain=1/bytes=264/nulls=true/mini_batch=false,73,2.0,92936392.0,Flat
engine/rocksdb/updating_join/updating_join/restore_aligned/16384/domain=1/bytes=264/nulls=true/mini_batch=false,74,2.0,85382155.0,Flat
engine/rocksdb/updating_join/updating_join/restore_aligned/16384/domain=1/bytes=264/nulls=true/mini_batch=false,75,2.0,87308948.0,Flat
engine/rocksdb/updating_join/updating_join/restore_aligned/16384/domain=1/bytes=264/nulls=true/mini_batch=false,76,2.0,97576312.0,Flat
engine/rocksdb/updating_join/updating_join/restore_aligned/16384/domain=1/bytes=264/nulls=true/mini_batch=false,77,2.0,87820567.0,Flat
engine/rocksdb/updating_join/updating_join/restore_aligned/16384/domain=1/bytes=264/nulls=true/mini_batch=false,78,2.0,90608231.0,Flat
engine/rocksdb/updating_join/updating_join/restore_aligned/16384/domain=1/bytes=264/nulls=true/mini_batch=false,79,2.0,90653387.0,Flat
engine/rocksdb/updating_join/updating_join/restore_aligned/16384/domain=1/bytes=264/nulls=true/mini_batch=false,80,2.0,82273539.0,Flat
engine/rocksdb/updating_join/updating_join/restore_aligned/16384/domain=1/bytes=264/nulls=true/mini_batch=false,81,2.0,93837413.0,Flat
engine/rocksdb/updating_join/updating_join/restore_aligned/16384/domain=1/bytes=264/nulls=true/mini_batch=false,82,2.0,98499212.0,Flat
engine/rocksdb/updating_join/updating_join/restore_aligned/16384/domain=1/bytes=264/nulls=true/mini_batch=false,83,2.0,95770409.0,Flat
engine/rocksdb/updating_join/updating_join/restore_aligned/16384/domain=1/bytes=264/nulls=true/mini_batch=false,84,2.0,91306327.0,Flat
engine/rocksdb/updating_join/updating_join/restore_aligned/16384/domain=1/bytes=264/nulls=true/mini_batch=false,85,2.0,100262583.0,Flat
engine/rocksdb/updating_join/updating_join/restore_aligned/16384/domain=1/bytes=264/nulls=true/mini_batch=false,86,2.0,96670798.0,Flat
engine/rocksdb/updating_join/updating_join/restore_aligned/16384/domain=1/bytes=264/nulls=true/mini_batch=false,87,2.0,100462221.0,Flat
engine/rocksdb/updating_join/updating_join/restore_aligned/16384/domain=1/bytes=264/nulls=true/mini_batch=false,88,2.0,91510135.0,Flat
engine/rocksdb/updating_join/updating_join/restore_aligned/16384/domain=1/bytes=264/nulls=true/mini_batch=false,89,2.0,145558102.0,Flat
engine/rocksdb/updating_join/updating_join/restore_aligned/16384/domain=1/bytes=264/nulls=true/mini_batch=false,90,2.0,144495647.0,Flat
engine/rocksdb/updating_join/updating_join/restore_aligned/16384/domain=1/bytes=264/nulls=true/mini_batch=false,91,2.0,176368136.0,Flat
engine/rocksdb/updating_join/updating_join/restore_aligned/16384/domain=1/bytes=264/nulls=true/mini_batch=false,92,2.0,71378891.0,Flat
engine/rocksdb/updating_join/updating_join/restore_aligned/16384/domain=1/bytes=264/nulls=true/mini_batch=false,93,2.0,170582717.0,Flat
engine/rocksdb/updating_join/updating_join/restore_aligned/16384/domain=1/bytes=264/nulls=true/mini_batch=false,94,2.0,81772288.0,Flat
engine/rocksdb/updating_join/updating_join/restore_aligned/16384/domain=1/bytes=264/nulls=true/mini_batch=false,95,2.0,77403978.0,Flat
engine/rocksdb/updating_join/updating_join/restore_aligned/16384/domain=1/bytes=264/nulls=true/mini_batch=false,96,2.0,93173842.0,Flat
engine/rocksdb/updating_join/updating_join/restore_aligned/16384/domain=1/bytes=264/nulls=true/mini_batch=false,97,2.0,109946123.0,Flat
engine/rocksdb/updating_join/updating_join/restore_aligned/16384/domain=1/bytes=264/nulls=true/mini_batch=false,98,2.0,128454688.0,Flat
engine/rocksdb/updating_join/updating_join/restore_aligned/16384/domain=1/bytes=264/nulls=true/mini_batch=false,99,2.0,131186625.0,Flat
engine/rocksdb/updating_join/updating_join/restore_aligned/16384/domain=1/bytes=264/nulls=true/mini_batch=true,0,2.0,78339720.0,Flat
engine/rocksdb/updating_join/updating_join/restore_aligned/16384/domain=1/bytes=264/nulls=true/mini_batch=true,1,2.0,90902918.0,Flat
engine/rocksdb/updating_join/updating_join/restore_aligned/16384/domain=1/bytes=264/nulls=true/mini_batch=true,2,2.0,79106964.0,Flat
engine/rocksdb/updating_join/updating_join/restore_aligned/16384/domain=1/bytes=264/nulls=true/mini_batch=true,3,2.0,93137053.0,Flat
engine/rocksdb/updating_join/updating_join/restore_aligned/16384/domain=1/bytes=264/nulls=true/mini_batch=true,4,2.0,80587865.0,Flat
engine/rocksdb/updating_join/updating_join/restore_aligned/16384/domain=1/bytes=264/nulls=true/mini_batch=true,5,2.0,99192546.0,Flat
engine/rocksdb/updating_join/updating_join/restore_aligned/16384/domain=1/bytes=264/nulls=true/mini_batch=true,6,2.0,95524965.0,Flat
engine/rocksdb/updating_join/updating_join/restore_aligned/16384/domain=1/bytes=264/nulls=true/mini_batch=true,7,2.0,98144144.0,Flat
engine/rocksdb/updating_join/updating_join/restore_aligned/16384/domain=1/bytes=264/nulls=true/mini_batch=true,8,2.0,91919920.0,Flat
engine/rocksdb/updating_join/updating_join/restore_aligned/16384/domain=1/bytes=264/nulls=true/mini_batch=true,9,2.0,92230860.0,Flat
engine/rocksdb/updating_join/updating_join/restore_aligned/16384/domain=1/bytes=264/nulls=true/mini_batch=true,10,2.0,81641841.0,Flat
engine/rocksdb/updating_join/updating_join/restore_aligned/16384/domain=1/bytes=264/nulls=true/mini_batch=true,11,2.0,94941069.0,Flat
engine/rocksdb/updating_join/updating_join/restore_aligned/16384/domain=1/bytes=264/nulls=true/mini_batch=true,12,2.0,85799500.0,Flat
engine/rocksdb/updating_join/updating_join/restore_aligned/16384/domain=1/bytes=264/nulls=true/mini_batch=true,13,2.0,100973768.0,Flat
engine/rocksdb/updating_join/updating_join/restore_aligned/16384/domain=1/bytes=264/nulls=true/mini_batch=true,14,2.0,86625962.0,Flat
engine/rocksdb/updating_join/updating_join/restore_aligned/16384/domain=1/bytes=264/nulls=true/mini_batch=true,15,2.0,92276236.0,Flat
engine/rocksdb/updating_join/updating_join/restore_aligned/16384/domain=1/bytes=264/nulls=true/mini_batch=true,16,2.0,108757661.0,Flat
engine/rocksdb/updating_join/updating_join/restore_aligned/16384/domain=1/bytes=264/nulls=true/mini_batch=true,17,2.0,95356064.0,Flat
engine/rocksdb/updating_join/updating_join/restore_aligned/16384/domain=1/bytes=264/nulls=true/mini_batch=true,18,2.0,236928800.0,Flat
engine/rocksdb/updating_join/updating_join/restore_aligned/16384/domain=1/bytes=264/nulls=true/mini_batch=true,19,2.0,152642312.0,Flat
engine/rocksdb/updating_join/updating_join/restore_aligned/16384/domain=1/bytes=264/nulls=true/mini_batch=true,20,2.0,138008958.0,Flat
engine/rocksdb/updating_join/updating_join/restore_aligned/16384/domain=1/bytes=264/nulls=true/mini_batch=true,21,2.0,186523183.0,Flat
engine/rocksdb/updating_join/updating_join/restore_aligned/16384/domain=1/bytes=264/nulls=true/mini_batch=true,22,2.0,79607495.0,Flat
engine/rocksdb/updating_join/updating_join/restore_aligned/16384/domain=1/bytes=264/nulls=true/mini_batch=true,23,2.0,125417965.0,Flat
engine/rocksdb/updating_join/updating_join/restore_aligned/16384/domain=1/bytes=264/nulls=true/mini_batch=true,24,2.0,62230553.0,Flat
engine/rocksdb/updating_join/updating_join/restore_aligned/16384/domain=1/bytes=264/nulls=true/mini_batch=true,25,2.0,58569144.0,Flat
engine/rocksdb/updating_join/updating_join/restore_aligned/16384/domain=1/bytes=264/nulls=true/mini_batch=true,26,2.0,69684457.0,Flat
engine/rocksdb/updating_join/updating_join/restore_aligned/16384/domain=1/bytes=264/nulls=true/mini_batch=true,27,2.0,62717866.0,Flat
engine/rocksdb/updating_join/updating_join/restore_aligned/16384/domain=1/bytes=264/nulls=true/mini_batch=true,28,2.0,64832534.0,Flat
engine/rocksdb/updating_join/updating_join/restore_aligned/16384/domain=1/bytes=264/nulls=true/mini_batch=true,29,2.0,97299524.0,Flat
engine/rocksdb/updating_join/updating_join/restore_aligned/16384/domain=1/bytes=264/nulls=true/mini_batch=true,30,2.0,80603106.0,Flat
engine/rocksdb/updating_join/updating_join/restore_aligned/16384/domain=1/bytes=264/nulls=true/mini_batch=true,31,2.0,90084673.0,Flat
engine/rocksdb/updating_join/updating_join/restore_aligned/16384/domain=1/bytes=264/nulls=true/mini_batch=true,32,2.0,87484012.0,Flat
engine/rocksdb/updating_join/updating_join/restore_aligned/16384/domain=1/bytes=264/nulls=true/mini_batch=true,33,2.0,91988425.0,Flat
engine/rocksdb/updating_join/updating_join/restore_aligned/16384/domain=1/bytes=264/nulls=true/mini_batch=true,34,2.0,86846250.0,Flat
engine/rocksdb/updating_join/updating_join/restore_aligned/16384/domain=1/bytes=264/nulls=true/mini_batch=true,35,2.0,89651779.0,Flat
engine/rocksdb/updating_join/updating_join/restore_aligned/16384/domain=1/bytes=264/nulls=true/mini_batch=true,36,2.0,70212911.0,Flat
engine/rocksdb/updating_join/updating_join/restore_aligned/16384/domain=1/bytes=264/nulls=true/mini_batch=true,37,2.0,89175748.0,Flat
engine/rocksdb/updating_join/updating_join/restore_aligned/16384/domain=1/bytes=264/nulls=true/mini_batch=true,38,2.0,88252418.0,Flat
engine/rocksdb/updating_join/updating_join/restore_aligned/16384/domain=1/bytes=264/nulls=true/mini_batch=true,39,2.0,79310637.0,Flat
engine/rocksdb/updating_join/updating_join/restore_aligned/16384/domain=1/bytes=264/nulls=true/mini_batch=true,40,2.0,86971598.0,Flat
engine/rocksdb/updating_join/updating_join/restore_aligned/16384/domain=1/bytes=264/nulls=true/mini_batch=true,41,2.0,81121039.0,Flat
engine/rocksdb/updating_join/updating_join/restore_aligned/16384/domain=1/bytes=264/nulls=true/mini_batch=true,42,2.0,85158272.0,Flat
engine/rocksdb/updating_join/updating_join/restore_aligned/16384/domain=1/bytes=264/nulls=true/mini_batch=true,43,2.0,80622625.0,Flat
engine/rocksdb/updating_join/updating_join/restore_aligned/16384/domain=1/bytes=264/nulls=true/mini_batch=true,44,2.0,82161737.0,Flat
engine/rocksdb/updating_join/updating_join/restore_aligned/16384/domain=1/bytes=264/nulls=true/mini_batch=true,45,2.0,85237297.0,Flat
engine/rocksdb/updating_join/updating_join/restore_aligned/16384/domain=1/bytes=264/nulls=true/mini_batch=true,46,2.0,74207072.0,Flat
engine/rocksdb/updating_join/updating_join/restore_aligned/16384/domain=1/bytes=264/nulls=true/mini_batch=true,47,2.0,84810401.0,Flat
engine/rocksdb/updating_join/updating_join/restore_aligned/16384/domain=1/bytes=264/nulls=true/mini_batch=true,48,2.0,79779271.0,Flat
engine/rocksdb/updating_join/updating_join/restore_aligned/16384/domain=1/bytes=264/nulls=true/mini_batch=true,49,2.0,76109193.0,Flat
engine/rocksdb/updating_join/updating_join/restore_aligned/16384/domain=1/bytes=264/nulls=true/mini_batch=true,50,2.0,77806080.0,Flat
engine/rocksdb/updating_join/updating_join/restore_aligned/16384/domain=1/bytes=264/nulls=true/mini_batch=true,51,2.0,80806407.0,Flat
engine/rocksdb/updating_join/updating_join/restore_aligned/16384/domain=1/bytes=264/nulls=true/mini_batch=true,52,2.0,88973223.0,Flat
engine/rocksdb/updating_join/updating_join/restore_aligned/16384/domain=1/bytes=264/nulls=true/mini_batch=true,53,2.0,72430604.0,Flat
engine/rocksdb/updating_join/updating_join/restore_aligned/16384/domain=1/bytes=264/nulls=true/mini_batch=true,54,2.0,87946157.0,Flat
engine/rocksdb/updating_join/updating_join/restore_aligned/16384/domain=1/bytes=264/nulls=true/mini_batch=true,55,2.0,77342268.0,Flat
engine/rocksdb/updating_join/updating_join/restore_aligned/16384/domain=1/bytes=264/nulls=true/mini_batch=true,56,2.0,87550903.0,Flat
engine/rocksdb/updating_join/updating_join/restore_aligned/16384/domain=1/bytes=264/nulls=true/mini_batch=true,57,2.0,87025293.0,Flat
engine/rocksdb/updating_join/updating_join/restore_aligned/16384/domain=1/bytes=264/nulls=true/mini_batch=true,58,2.0,73544438.0,Flat
engine/rocksdb/updating_join/updating_join/restore_aligned/16384/domain=1/bytes=264/nulls=true/mini_batch=true,59,2.0,84694680.0,Flat
engine/rocksdb/updating_join/updating_join/restore_aligned/16384/domain=1/bytes=264/nulls=true/mini_batch=true,60,2.0,71626324.0,Flat
engine/rocksdb/updating_join/updating_join/restore_aligned/16384/domain=1/bytes=264/nulls=true/mini_batch=true,61,2.0,87397762.0,Flat
engine/rocksdb/updating_join/updating_join/restore_aligned/16384/domain=1/bytes=264/nulls=true/mini_batch=true,62,2.0,80659444.0,Flat
engine/rocksdb/updating_join/updating_join/restore_aligned/16384/domain=1/bytes=264/nulls=true/mini_batch=true,63,2.0,78037343.0,Flat
engine/rocksdb/updating_join/updating_join/restore_aligned/16384/domain=1/bytes=264/nulls=true/mini_batch=true,64,2.0,80074714.0,Flat
engine/rocksdb/updating_join/updating_join/restore_aligned/16384/domain=1/bytes=264/nulls=true/mini_batch=true,65,2.0,87673161.0,Flat
engine/rocksdb/updating_join/updating_join/restore_aligned/16384/domain=1/bytes=264/nulls=true/mini_batch=true,66,2.0,70479157.0,Flat
engine/rocksdb/updating_join/updating_join/restore_aligned/16384/domain=1/bytes=264/nulls=true/mini_batch=true,67,2.0,90268883.0,Flat
engine/rocksdb/updating_join/updating_join/restore_aligned/16384/domain=1/bytes=264/nulls=true/mini_batch=true,68,2.0,71930744.0,Flat
engine/rocksdb/updating_join/updating_join/restore_aligned/16384/domain=1/bytes=264/nulls=true/mini_batch=true,69,2.0,81405736.0,Flat
engine/rocksdb/updating_join/updating_join/restore_aligned/16384/domain=1/bytes=264/nulls=true/mini_batch=true,70,2.0,77903103.0,Flat
engine/rocksdb/updating_join/updating_join/restore_aligned/16384/domain=1/bytes=264/nulls=true/mini_batch=true,71,2.0,76693681.0,Flat
engine/rocksdb/updating_join/updating_join/restore_aligned/16384/domain=1/bytes=264/nulls=true/mini_batch=true,72,2.0,155135025.0,Flat
engine/rocksdb/updating_join/updating_join/restore_aligned/16384/domain=1/bytes=264/nulls=true/mini_batch=true,73,2.0,78472765.0,Flat
engine/rocksdb/updating_join/updating_join/restore_aligned/16384/domain=1/bytes=264/nulls=true/mini_batch=true,74,2.0,86014456.0,Flat
engine/rocksdb/updating_join/updating_join/restore_aligned/16384/domain=1/bytes=264/nulls=true/mini_batch=true,75,2.0,72091207.0,Flat
engine/rocksdb/updating_join/updating_join/restore_aligned/16384/domain=1/bytes=264/nulls=true/mini_batch=true,76,2.0,86916380.0,Flat
engine/rocksdb/updating_join/updating_join/restore_aligned/16384/domain=1/bytes=264/nulls=true/mini_batch=true,77,2.0,71766525.0,Flat
engine/rocksdb/updating_join/updating_join/restore_aligned/16384/domain=1/bytes=264/nulls=true/mini_batch=true,78,2.0,80882790.0,Flat
engine/rocksdb/updating_join/updating_join/restore_aligned/16384/domain=1/bytes=264/nulls=true/mini_batch=true,79,2.0,79722869.0,Flat
engine/rocksdb/updating_join/updating_join/restore_aligned/16384/domain=1/bytes=264/nulls=true/mini_batch=true,80,2.0,81997575.0,Flat
engine/rocksdb/updating_join/updating_join/restore_aligned/16384/domain=1/bytes=264/nulls=true/mini_batch=true,81,2.0,82595785.0,Flat
engine/rocksdb/updating_join/updating_join/restore_aligned/16384/domain=1/bytes=264/nulls=true/mini_batch=true,82,2.0,72374171.0,Flat
engine/rocksdb/updating_join/updating_join/restore_aligned/16384/domain=1/bytes=264/nulls=true/mini_batch=true,83,2.0,83650068.0,Flat
engine/rocksdb/updating_join/updating_join/restore_aligned/16384/domain=1/bytes=264/nulls=true/mini_batch=true,84,2.0,74991516.0,Flat
engine/rocksdb/updating_join/updating_join/restore_aligned/16384/domain=1/bytes=264/nulls=true/mini_batch=true,85,2.0,84750364.0,Flat
engine/rocksdb/updating_join/updating_join/restore_aligned/16384/domain=1/bytes=264/nulls=true/mini_batch=true,86,2.0,81670721.0,Flat
engine/rocksdb/updating_join/updating_join/restore_aligned/16384/domain=1/bytes=264/nulls=true/mini_batch=true,87,2.0,84663031.0,Flat
engine/rocksdb/updating_join/updating_join/restore_aligned/16384/domain=1/bytes=264/nulls=true/mini_batch=true,88,2.0,92601719.0,Flat
engine/rocksdb/updating_join/updating_join/restore_aligned/16384/domain=1/bytes=264/nulls=true/mini_batch=true,89,2.0,76002858.0,Flat
engine/rocksdb/updating_join/updating_join/restore_aligned/16384/domain=1/bytes=264/nulls=true/mini_batch=true,90,2.0,85612859.0,Flat
engine/rocksdb/updating_join/updating_join/restore_aligned/16384/domain=1/bytes=264/nulls=true/mini_batch=true,91,2.0,81111907.0,Flat
engine/rocksdb/updating_join/updating_join/restore_aligned/16384/domain=1/bytes=264/nulls=true/mini_batch=true,92,2.0,86018756.0,Flat
engine/rocksdb/updating_join/updating_join/restore_aligned/16384/domain=1/bytes=264/nulls=true/mini_batch=true,93,2.0,83548533.0,Flat
engine/rocksdb/updating_join/updating_join/restore_aligned/16384/domain=1/bytes=264/nulls=true/mini_batch=true,94,2.0,79835375.0,Flat
engine/rocksdb/updating_join/updating_join/restore_aligned/16384/domain=1/bytes=264/nulls=true/mini_batch=true,95,2.0,125095942.0,Flat
engine/rocksdb/updating_join/updating_join/restore_aligned/16384/domain=1/bytes=264/nulls=true/mini_batch=true,96,2.0,81044841.0,Flat
engine/rocksdb/updating_join/updating_join/restore_aligned/16384/domain=1/bytes=264/nulls=true/mini_batch=true,97,2.0,81178388.0,Flat
engine/rocksdb/updating_join/updating_join/restore_aligned/16384/domain=1/bytes=264/nulls=true/mini_batch=true,98,2.0,76141980.0,Flat
engine/rocksdb/updating_join/updating_join/restore_aligned/16384/domain=1/bytes=264/nulls=true/mini_batch=true,99,2.0,75919150.0,Flat
engine/rocksdb/updating_join/updating_join/restore_aligned/16384/domain=16384/bytes=264/nulls=true/mini_batch=false,0,4.0,54214760.0,Flat
engine/rocksdb/updating_join/updating_join/restore_aligned/16384/domain=16384/bytes=264/nulls=true/mini_batch=false,1,4.0,55273721.0,Flat
engine/rocksdb/updating_join/updating_join/restore_aligned/16384/domain=16384/bytes=264/nulls=true/mini_batch=false,2,4.0,53013990.0,Flat
engine/rocksdb/updating_join/updating_join/restore_aligned/16384/domain=16384/bytes=264/nulls=true/mini_batch=false,3,4.0,54055497.0,Flat
engine/rocksdb/updating_join/updating_join/restore_aligned/16384/domain=16384/bytes=264/nulls=true/mini_batch=false,4,4.0,54519758.0,Flat
engine/rocksdb/updating_join/updating_join/restore_aligned/16384/domain=16384/bytes=264/nulls=true/mini_batch=false,5,4.0,54371256.0,Flat
engine/rocksdb/updating_join/updating_join/restore_aligned/16384/domain=16384/bytes=264/nulls=true/mini_batch=false,6,4.0,53757590.0,Flat
engine/rocksdb/updating_join/updating_join/restore_aligned/16384/domain=16384/bytes=264/nulls=true/mini_batch=false,7,4.0,52840677.0,Flat
engine/rocksdb/updating_join/updating_join/restore_aligned/16384/domain=16384/bytes=264/nulls=true/mini_batch=false,8,4.0,52335886.0,Flat
engine/rocksdb/updating_join/updating_join/restore_aligned/16384/domain=16384/bytes=264/nulls=true/mini_batch=false,9,4.0,53933297.0,Flat
engine/rocksdb/updating_join/updating_join/restore_aligned/16384/domain=16384/bytes=264/nulls=true/mini_batch=false,10,4.0,54416815.0,Flat
engine/rocksdb/updating_join/updating_join/restore_aligned/16384/domain=16384/bytes=264/nulls=true/mini_batch=false,11,4.0,54566545.0,Flat
engine/rocksdb/updating_join/updating_join/restore_aligned/16384/domain=16384/bytes=264/nulls=true/mini_batch=false,12,4.0,53405899.0,Flat
engine/rocksdb/updating_join/updating_join/restore_aligned/16384/domain=16384/bytes=264/nulls=true/mini_batch=false,13,4.0,53044942.0,Flat
engine/rocksdb/updating_join/updating_join/restore_aligned/16384/domain=16384/bytes=264/nulls=true/mini_batch=false,14,4.0,54011354.0,Flat
engine/rocksdb/updating_join/updating_join/restore_aligned/16384/domain=16384/bytes=264/nulls=true/mini_batch=false,15,4.0,89845871.0,Flat
engine/rocksdb/updating_join/updating_join/restore_aligned/16384/domain=16384/bytes=264/nulls=true/mini_batch=false,16,4.0,59149861.0,Flat
engine/rocksdb/updating_join/updating_join/restore_aligned/16384/domain=16384/bytes=264/nulls=true/mini_batch=false,17,4.0,56848257.0,Flat
engine/rocksdb/updating_join/updating_join/restore_aligned/16384/domain=16384/bytes=264/nulls=true/mini_batch=false,18,4.0,57181896.0,Flat
engine/rocksdb/updating_join/updating_join/restore_aligned/16384/domain=16384/bytes=264/nulls=true/mini_batch=false,19,4.0,57866661.0,Flat
engine/rocksdb/updating_join/updating_join/restore_aligned/16384/domain=16384/bytes=264/nulls=true/mini_batch=false,20,4.0,56873725.0,Flat
engine/rocksdb/updating_join/updating_join/restore_aligned/16384/domain=16384/bytes=264/nulls=true/mini_batch=false,21,4.0,59046826.0,Flat
engine/rocksdb/updating_join/updating_join/restore_aligned/16384/domain=16384/bytes=264/nulls=true/mini_batch=false,22,4.0,55546753.0,Flat
engine/rocksdb/updating_join/updating_join/restore_aligned/16384/domain=16384/bytes=264/nulls=true/mini_batch=false,23,4.0,57762490.0,Flat
engine/rocksdb/updating_join/updating_join/restore_aligned/16384/domain=16384/bytes=264/nulls=true/mini_batch=false,24,4.0,57223373.0,Flat
engine/rocksdb/updating_join/updating_join/restore_aligned/16384/domain=16384/bytes=264/nulls=true/mini_batch=false,25,4.0,57153639.0,Flat
engine/rocksdb/updating_join/updating_join/restore_aligned/16384/domain=16384/bytes=264/nulls=true/mini_batch=false,26,4.0,58056799.0,Flat
engine/rocksdb/updating_join/updating_join/restore_aligned/16384/domain=16384/bytes=264/nulls=true/mini_batch=false,27,4.0,55883069.0,Flat
engine/rocksdb/updating_join/updating_join/restore_aligned/16384/domain=16384/bytes=264/nulls=true/mini_batch=false,28,4.0,57318397.0,Flat
engine/rocksdb/updating_join/updating_join/restore_aligned/16384/domain=16384/bytes=264/nulls=true/mini_batch=false,29,4.0,55861966.0,Flat
engine/rocksdb/updating_join/updating_join/restore_aligned/16384/domain=16384/bytes=264/nulls=true/mini_batch=false,30,4.0,57083870.0,Flat
engine/rocksdb/updating_join/updating_join/restore_aligned/16384/domain=16384/bytes=264/nulls=true/mini_batch=false,31,4.0,58357400.0,Flat
engine/rocksdb/updating_join/updating_join/restore_aligned/16384/domain=16384/bytes=264/nulls=true/mini_batch=false,32,4.0,56450680.0,Flat
engine/rocksdb/updating_join/updating_join/restore_aligned/16384/domain=16384/bytes=264/nulls=true/mini_batch=false,33,4.0,56841562.0,Flat
engine/rocksdb/updating_join/updating_join/restore_aligned/16384/domain=16384/bytes=264/nulls=true/mini_batch=false,34,4.0,60100351.0,Flat
engine/rocksdb/updating_join/updating_join/restore_aligned/16384/domain=16384/bytes=264/nulls=true/mini_batch=false,35,4.0,56566079.0,Flat
engine/rocksdb/updating_join/updating_join/restore_aligned/16384/domain=16384/bytes=264/nulls=true/mini_batch=false,36,4.0,55408884.0,Flat
engine/rocksdb/updating_join/updating_join/restore_aligned/16384/domain=16384/bytes=264/nulls=true/mini_batch=false,37,4.0,56945418.0,Flat
engine/rocksdb/updating_join/updating_join/restore_aligned/16384/domain=16384/bytes=264/nulls=true/mini_batch=false,38,4.0,54574405.0,Flat
engine/rocksdb/updating_join/updating_join/restore_aligned/16384/domain=16384/bytes=264/nulls=true/mini_batch=false,39,4.0,56249424.0,Flat
engine/rocksdb/updating_join/updating_join/restore_aligned/16384/domain=16384/bytes=264/nulls=true/mini_batch=false,40,4.0,57384007.0,Flat
engine/rocksdb/updating_join/updating_join/restore_aligned/16384/domain=16384/bytes=264/nulls=true/mini_batch=false,41,4.0,60385693.0,Flat
engine/rocksdb/updating_join/updating_join/restore_aligned/16384/domain=16384/bytes=264/nulls=true/mini_batch=false,42,4.0,57340783.0,Flat
engine/rocksdb/updating_join/updating_join/restore_aligned/16384/domain=16384/bytes=264/nulls=true/mini_batch=false,43,4.0,56755026.0,Flat
engine/rocksdb/updating_join/updating_join/restore_aligned/16384/domain=16384/bytes=264/nulls=true/mini_batch=false,44,4.0,57869026.0,Flat
engine/rocksdb/updating_join/updating_join/restore_aligned/16384/domain=16384/bytes=264/nulls=true/mini_batch=false,45,4.0,55087985.0,Flat
engine/rocksdb/updating_join/updating_join/restore_aligned/16384/domain=16384/bytes=264/nulls=true/mini_batch=false,46,4.0,57936555.0,Flat
engine/rocksdb/updating_join/updating_join/restore_aligned/16384/domain=16384/bytes=264/nulls=true/mini_batch=false,47,4.0,57563792.0,Flat
engine/rocksdb/updating_join/updating_join/restore_aligned/16384/domain=16384/bytes=264/nulls=true/mini_batch=false,48,4.0,55828746.0,Flat
engine/rocksdb/updating_join/updating_join/restore_aligned/16384/domain=16384/bytes=264/nulls=true/mini_batch=false,49,4.0,57360188.0,Flat
engine/rocksdb/updating_join/updating_join/restore_aligned/16384/domain=16384/bytes=264/nulls=true/mini_batch=false,50,4.0,60803707.0,Flat
engine/rocksdb/updating_join/updating_join/restore_aligned/16384/domain=16384/bytes=264/nulls=true/mini_batch=false,51,4.0,54516812.0,Flat
engine/rocksdb/updating_join/updating_join/restore_aligned/16384/domain=16384/bytes=264/nulls=true/mini_batch=false,52,4.0,56335564.0,Flat
engine/rocksdb/updating_join/updating_join/restore_aligned/16384/domain=16384/bytes=264/nulls=true/mini_batch=false,53,4.0,54547057.0,Flat
engine/rocksdb/updating_join/updating_join/restore_aligned/16384/domain=16384/bytes=264/nulls=true/mini_batch=false,54,4.0,54476743.0,Flat
engine/rocksdb/updating_join/updating_join/restore_aligned/16384/domain=16384/bytes=264/nulls=true/mini_batch=false,55,4.0,56554455.0,Flat
engine/rocksdb/updating_join/updating_join/restore_aligned/16384/domain=16384/bytes=264/nulls=true/mini_batch=false,56,4.0,54782238.0,Flat
engine/rocksdb/updating_join/updating_join/restore_aligned/16384/domain=16384/bytes=264/nulls=true/mini_batch=false,57,4.0,56741258.0,Flat
engine/rocksdb/updating_join/updating_join/restore_aligned/16384/domain=16384/bytes=264/nulls=true/mini_batch=false,58,4.0,56756730.0,Flat
engine/rocksdb/updating_join/updating_join/restore_aligned/16384/domain=16384/bytes=264/nulls=true/mini_batch=false,59,4.0,57066618.0,Flat
engine/rocksdb/updating_join/updating_join/restore_aligned/16384/domain=16384/bytes=264/nulls=true/mini_batch=false,60,4.0,58247318.0,Flat
engine/rocksdb/updating_join/updating_join/restore_aligned/16384/domain=16384/bytes=264/nulls=true/mini_batch=false,61,4.0,56771843.0,Flat
engine/rocksdb/updating_join/updating_join/restore_aligned/16384/domain=16384/bytes=264/nulls=true/mini_batch=false,62,4.0,56970643.0,Flat
engine/rocksdb/updating_join/updating_join/restore_aligned/16384/domain=16384/bytes=264/nulls=true/mini_batch=false,63,4.0,56499224.0,Flat
engine/rocksdb/updating_join/updating_join/restore_aligned/16384/domain=16384/bytes=264/nulls=true/mini_batch=false,64,4.0,56423765.0,Flat
engine/rocksdb/updating_join/updating_join/restore_aligned/16384/domain=16384/bytes=264/nulls=true/mini_batch=false,65,4.0,57465877.0,Flat
engine/rocksdb/updating_join/updating_join/restore_aligned/16384/domain=16384/bytes=264/nulls=true/mini_batch=false,66,4.0,56869495.0,Flat
engine/rocksdb/updating_join/updating_join/restore_aligned/16384/domain=16384/bytes=264/nulls=true/mini_batch=false,67,4.0,59021727.0,Flat
engine/rocksdb/updating_join/updating_join/restore_aligned/16384/domain=16384/bytes=264/nulls=true/mini_batch=false,68,4.0,55776575.0,Flat
engine/rocksdb/updating_join/updating_join/restore_aligned/16384/domain=16384/bytes=264/nulls=true/mini_batch=false,69,4.0,78595750.0,Flat
engine/rocksdb/updating_join/updating_join/restore_aligned/16384/domain=16384/bytes=264/nulls=true/mini_batch=false,70,4.0,58450968.0,Flat
engine/rocksdb/updating_join/updating_join/restore_aligned/16384/domain=16384/bytes=264/nulls=true/mini_batch=false,71,4.0,54635956.0,Flat
engine/rocksdb/updating_join/updating_join/restore_aligned/16384/domain=16384/bytes=264/nulls=true/mini_batch=false,72,4.0,54542307.0,Flat
engine/rocksdb/updating_join/updating_join/restore_aligned/16384/domain=16384/bytes=264/nulls=true/mini_batch=false,73,4.0,55696973.0,Flat
engine/rocksdb/updating_join/updating_join/restore_aligned/16384/domain=16384/bytes=264/nulls=true/mini_batch=false,74,4.0,54215890.0,Flat
engine/rocksdb/updating_join/updating_join/restore_aligned/16384/domain=16384/bytes=264/nulls=true/mini_batch=false,75,4.0,54205789.0,Flat
engine/rocksdb/updating_join/updating_join/restore_aligned/16384/domain=16384/bytes=264/nulls=true/mini_batch=false,76,4.0,55071385.0,Flat
engine/rocksdb/updating_join/updating_join/restore_aligned/16384/domain=16384/bytes=264/nulls=true/mini_batch=false,77,4.0,55427029.0,Flat
engine/rocksdb/updating_join/updating_join/restore_aligned/16384/domain=16384/bytes=264/nulls=true/mini_batch=false,78,4.0,56762262.0,Flat
engine/rocksdb/updating_join/updating_join/restore_aligned/16384/domain=16384/bytes=264/nulls=true/mini_batch=false,79,4.0,59212569.0,Flat
engine/rocksdb/updating_join/updating_join/restore_aligned/16384/domain=16384/bytes=264/nulls=true/mini_batch=false,80,4.0,55884975.0,Flat
engine/rocksdb/updating_join/updating_join/restore_aligned/16384/domain=16384/bytes=264/nulls=true/mini_batch=false,81,4.0,56469235.0,Flat
engine/rocksdb/updating_join/updating_join/restore_aligned/16384/domain=16384/bytes=264/nulls=true/mini_batch=false,82,4.0,57732169.0,Flat
engine/rocksdb/updating_join/updating_join/restore_aligned/16384/domain=16384/bytes=264/nulls=true/mini_batch=false,83,4.0,58591791.0,Flat
engine/rocksdb/updating_join/updating_join/restore_aligned/16384/domain=16384/bytes=264/nulls=true/mini_batch=false,84,4.0,57873369.0,Flat
engine/rocksdb/updating_join/updating_join/restore_aligned/16384/domain=16384/bytes=264/nulls=true/mini_batch=false,85,4.0,63504296.0,Flat
engine/rocksdb/updating_join/updating_join/restore_aligned/16384/domain=16384/bytes=264/nulls=true/mini_batch=false,86,4.0,53992685.0,Flat
engine/rocksdb/updating_join/updating_join/restore_aligned/16384/domain=16384/bytes=264/nulls=true/mini_batch=false,87,4.0,52740510.0,Flat
engine/rocksdb/updating_join/updating_join/restore_aligned/16384/domain=16384/bytes=264/nulls=true/mini_batch=false,88,4.0,54727428.0,Flat
engine/rocksdb/updating_join/updating_join/restore_aligned/16384/domain=16384/bytes=264/nulls=true/mini_batch=false,89,4.0,53950147.0,Flat
engine/rocksdb/updating_join/updating_join/restore_aligned/16384/domain=16384/bytes=264/nulls=true/mini_batch=false,90,4.0,55970531.0,Flat
engine/rocksdb/updating_join/updating_join/restore_aligned/16384/domain=16384/bytes=264/nulls=true/mini_batch=false,91,4.0,54461974.0,Flat
engine/rocksdb/updating_join/updating_join/restore_aligned/16384/domain=16384/bytes=264/nulls=true/mini_batch=false,92,4.0,54683717.0,Flat
engine/rocksdb/updating_join/updating_join/restore_aligned/16384/domain=16384/bytes=264/nulls=true/mini_batch=false,93,4.0,53482940.0,Flat
engine/rocksdb/updating_join/updating_join/restore_aligned/16384/domain=16384/bytes=264/nulls=true/mini_batch=false,94,4.0,56223368.0,Flat
engine/rocksdb/updating_join/updating_join/restore_aligned/16384/domain=16384/bytes=264/nulls=true/mini_batch=false,95,4.0,56544498.0,Flat
engine/rocksdb/updating_join/updating_join/restore_aligned/16384/domain=16384/bytes=264/nulls=true/mini_batch=false,96,4.0,55155399.0,Flat
engine/rocksdb/updating_join/updating_join/restore_aligned/16384/domain=16384/bytes=264/nulls=true/mini_batch=false,97,4.0,55322242.0,Flat
engine/rocksdb/updating_join/updating_join/restore_aligned/16384/domain=16384/bytes=264/nulls=true/mini_batch=false,98,4.0,55321609.0,Flat
engine/rocksdb/updating_join/updating_join/restore_aligned/16384/domain=16384/bytes=264/nulls=true/mini_batch=false,99,4.0,57479148.0,Flat
engine/rocksdb/updating_join/updating_join/restore_aligned/16384/domain=16384/bytes=264/nulls=true/mini_batch=true,0,4.0,48172987.0,Flat
engine/rocksdb/updating_join/updating_join/restore_aligned/16384/domain=16384/bytes=264/nulls=true/mini_batch=true,1,4.0,48166355.0,Flat
engine/rocksdb/updating_join/updating_join/restore_aligned/16384/domain=16384/bytes=264/nulls=true/mini_batch=true,2,4.0,49909651.0,Flat
engine/rocksdb/updating_join/updating_join/restore_aligned/16384/domain=16384/bytes=264/nulls=true/mini_batch=true,3,4.0,48311133.0,Flat
engine/rocksdb/updating_join/updating_join/restore_aligned/16384/domain=16384/bytes=264/nulls=true/mini_batch=true,4,4.0,48609097.0,Flat
engine/rocksdb/updating_join/updating_join/restore_aligned/16384/domain=16384/bytes=264/nulls=true/mini_batch=true,5,4.0,49232557.0,Flat
engine/rocksdb/updating_join/updating_join/restore_aligned/16384/domain=16384/bytes=264/nulls=true/mini_batch=true,6,4.0,48577829.0,Flat
engine/rocksdb/updating_join/updating_join/restore_aligned/16384/domain=16384/bytes=264/nulls=true/mini_batch=true,7,4.0,48217311.0,Flat
engine/rocksdb/updating_join/updating_join/restore_aligned/16384/domain=16384/bytes=264/nulls=true/mini_batch=true,8,4.0,48958549.0,Flat
engine/rocksdb/updating_join/updating_join/restore_aligned/16384/domain=16384/bytes=264/nulls=true/mini_batch=true,9,4.0,48175285.0,Flat
engine/rocksdb/updating_join/updating_join/restore_aligned/16384/domain=16384/bytes=264/nulls=true/mini_batch=true,10,4.0,49216909.0,Flat
engine/rocksdb/updating_join/updating_join/restore_aligned/16384/domain=16384/bytes=264/nulls=true/mini_batch=true,11,4.0,50196387.0,Flat
engine/rocksdb/updating_join/updating_join/restore_aligned/16384/domain=16384/bytes=264/nulls=true/mini_batch=true,12,4.0,47122226.0,Flat
engine/rocksdb/updating_join/updating_join/restore_aligned/16384/domain=16384/bytes=264/nulls=true/mini_batch=true,13,4.0,48452458.0,Flat
engine/rocksdb/updating_join/updating_join/restore_aligned/16384/domain=16384/bytes=264/nulls=true/mini_batch=true,14,4.0,48416878.0,Flat
engine/rocksdb/updating_join/updating_join/restore_aligned/16384/domain=16384/bytes=264/nulls=true/mini_batch=true,15,4.0,49328464.0,Flat
engine/rocksdb/updating_join/updating_join/restore_aligned/16384/domain=16384/bytes=264/nulls=true/mini_batch=true,16,4.0,47455054.0,Flat
engine/rocksdb/updating_join/updating_join/restore_aligned/16384/domain=16384/bytes=264/nulls=true/mini_batch=true,17,4.0,47772337.0,Flat
engine/rocksdb/updating_join/updating_join/restore_aligned/16384/domain=16384/bytes=264/nulls=true/mini_batch=true,18,4.0,47151010.0,Flat
engine/rocksdb/updating_join/updating_join/restore_aligned/16384/domain=16384/bytes=264/nulls=true/mini_batch=true,19,4.0,49471757.0,Flat
engine/rocksdb/updating_join/updating_join/restore_aligned/16384/domain=16384/bytes=264/nulls=true/mini_batch=true,20,4.0,47929749.0,Flat
engine/rocksdb/updating_join/updating_join/restore_aligned/16384/domain=16384/bytes=264/nulls=true/mini_batch=true,21,4.0,47406275.0,Flat
engine/rocksdb/updating_join/updating_join/restore_aligned/16384/domain=16384/bytes=264/nulls=true/mini_batch=true,22,4.0,46437843.0,Flat
engine/rocksdb/updating_join/updating_join/restore_aligned/16384/domain=16384/bytes=264/nulls=true/mini_batch=true,23,4.0,50821197.0,Flat
engine/rocksdb/updating_join/updating_join/restore_aligned/16384/domain=16384/bytes=264/nulls=true/mini_batch=true,24,4.0,48394478.0,Flat
engine/rocksdb/updating_join/updating_join/restore_aligned/16384/domain=16384/bytes=264/nulls=true/mini_batch=true,25,4.0,47608212.0,Flat
engine/rocksdb/updating_join/updating_join/restore_aligned/16384/domain=16384/bytes=264/nulls=true/mini_batch=true,26,4.0,48418665.0,Flat
engine/rocksdb/updating_join/updating_join/restore_aligned/16384/domain=16384/bytes=264/nulls=true/mini_batch=true,27,4.0,48435265.0,Flat
engine/rocksdb/updating_join/updating_join/restore_aligned/16384/domain=16384/bytes=264/nulls=true/mini_batch=true,28,4.0,47851746.0,Flat
engine/rocksdb/updating_join/updating_join/restore_aligned/16384/domain=16384/bytes=264/nulls=true/mini_batch=true,29,4.0,47971942.0,Flat
engine/rocksdb/updating_join/updating_join/restore_aligned/16384/domain=16384/bytes=264/nulls=true/mini_batch=true,30,4.0,47451527.0,Flat
engine/rocksdb/updating_join/updating_join/restore_aligned/16384/domain=16384/bytes=264/nulls=true/mini_batch=true,31,4.0,48763746.0,Flat
engine/rocksdb/updating_join/updating_join/restore_aligned/16384/domain=16384/bytes=264/nulls=true/mini_batch=true,32,4.0,52093134.0,Flat
engine/rocksdb/updating_join/updating_join/restore_aligned/16384/domain=16384/bytes=264/nulls=true/mini_batch=true,33,4.0,56914404.0,Flat
engine/rocksdb/updating_join/updating_join/restore_aligned/16384/domain=16384/bytes=264/nulls=true/mini_batch=true,34,4.0,46669538.0,Flat
engine/rocksdb/updating_join/updating_join/restore_aligned/16384/domain=16384/bytes=264/nulls=true/mini_batch=true,35,4.0,48531155.0,Flat
engine/rocksdb/updating_join/updating_join/restore_aligned/16384/domain=16384/bytes=264/nulls=true/mini_batch=true,36,4.0,47293438.0,Flat
engine/rocksdb/updating_join/updating_join/restore_aligned/16384/domain=16384/bytes=264/nulls=true/mini_batch=true,37,4.0,48288710.0,Flat
engine/rocksdb/updating_join/updating_join/restore_aligned/16384/domain=16384/bytes=264/nulls=true/mini_batch=true,38,4.0,48773099.0,Flat
engine/rocksdb/updating_join/updating_join/restore_aligned/16384/domain=16384/bytes=264/nulls=true/mini_batch=true,39,4.0,47724762.0,Flat
engine/rocksdb/updating_join/updating_join/restore_aligned/16384/domain=16384/bytes=264/nulls=true/mini_batch=true,40,4.0,48617557.0,Flat
engine/rocksdb/updating_join/updating_join/restore_aligned/16384/domain=16384/bytes=264/nulls=true/mini_batch=true,41,4.0,46861390.0,Flat
engine/rocksdb/updating_join/updating_join/restore_aligned/16384/domain=16384/bytes=264/nulls=true/mini_batch=true,42,4.0,49094855.0,Flat
engine/rocksdb/updating_join/updating_join/restore_aligned/16384/domain=16384/bytes=264/nulls=true/mini_batch=true,43,4.0,48196884.0,Flat
engine/rocksdb/updating_join/updating_join/restore_aligned/16384/domain=16384/bytes=264/nulls=true/mini_batch=true,44,4.0,49538803.0,Flat
engine/rocksdb/updating_join/updating_join/restore_aligned/16384/domain=16384/bytes=264/nulls=true/mini_batch=true,45,4.0,47269607.0,Flat
engine/rocksdb/updating_join/updating_join/restore_aligned/16384/domain=16384/bytes=264/nulls=true/mini_batch=true,46,4.0,48607358.0,Flat
engine/rocksdb/updating_join/updating_join/restore_aligned/16384/domain=16384/bytes=264/nulls=true/mini_batch=true,47,4.0,47496544.0,Flat
engine/rocksdb/updating_join/updating_join/restore_aligned/16384/domain=16384/bytes=264/nulls=true/mini_batch=true,48,4.0,48808745.0,Flat
engine/rocksdb/updating_join/updating_join/restore_aligned/16384/domain=16384/bytes=264/nulls=true/mini_batch=true,49,4.0,47547174.0,Flat
engine/rocksdb/updating_join/updating_join/restore_aligned/16384/domain=16384/bytes=264/nulls=true/mini_batch=true,50,4.0,50544304.0,Flat
engine/rocksdb/updating_join/updating_join/restore_aligned/16384/domain=16384/bytes=264/nulls=true/mini_batch=true,51,4.0,47600647.0,Flat
engine/rocksdb/updating_join/updating_join/restore_aligned/16384/domain=16384/bytes=264/nulls=true/mini_batch=true,52,4.0,48943158.0,Flat
engine/rocksdb/updating_join/updating_join/restore_aligned/16384/domain=16384/bytes=264/nulls=true/mini_batch=true,53,4.0,53872262.0,Flat
engine/rocksdb/updating_join/updating_join/restore_aligned/16384/domain=16384/bytes=264/nulls=true/mini_batch=true,54,4.0,46800226.0,Flat
engine/rocksdb/updating_join/updating_join/restore_aligned/16384/domain=16384/bytes=264/nulls=true/mini_batch=true,55,4.0,49375933.0,Flat
engine/rocksdb/updating_join/updating_join/restore_aligned/16384/domain=16384/bytes=264/nulls=true/mini_batch=true,56,4.0,83943148.0,Flat
engine/rocksdb/updating_join/updating_join/restore_aligned/16384/domain=16384/bytes=264/nulls=true/mini_batch=true,57,4.0,50177646.0,Flat
engine/rocksdb/updating_join/updating_join/restore_aligned/16384/domain=16384/bytes=264/nulls=true/mini_batch=true,58,4.0,48843693.0,Flat
engine/rocksdb/updating_join/updating_join/restore_aligned/16384/domain=16384/bytes=264/nulls=true/mini_batch=true,59,4.0,50483145.0,Flat
engine/rocksdb/updating_join/updating_join/restore_aligned/16384/domain=16384/bytes=264/nulls=true/mini_batch=true,60,4.0,50548019.0,Flat
engine/rocksdb/updating_join/updating_join/restore_aligned/16384/domain=16384/bytes=264/nulls=true/mini_batch=true,61,4.0,50524858.0,Flat
engine/rocksdb/updating_join/updating_join/restore_aligned/16384/domain=16384/bytes=264/nulls=true/mini_batch=true,62,4.0,52473633.0,Flat
engine/rocksdb/updating_join/updating_join/restore_aligned/16384/domain=16384/bytes=264/nulls=true/mini_batch=true,63,4.0,47749658.0,Flat
engine/rocksdb/updating_join/updating_join/restore_aligned/16384/domain=16384/bytes=264/nulls=true/mini_batch=true,64,4.0,50853485.0,Flat
engine/rocksdb/updating_join/updating_join/restore_aligned/16384/domain=16384/bytes=264/nulls=true/mini_batch=true,65,4.0,50500687.0,Flat
engine/rocksdb/updating_join/updating_join/restore_aligned/16384/domain=16384/bytes=264/nulls=true/mini_batch=true,66,4.0,49487048.0,Flat
engine/rocksdb/updating_join/updating_join/restore_aligned/16384/domain=16384/bytes=264/nulls=true/mini_batch=true,67,4.0,49167249.0,Flat
engine/rocksdb/updating_join/updating_join/restore_aligned/16384/domain=16384/bytes=264/nulls=true/mini_batch=true,68,4.0,50954628.0,Flat
engine/rocksdb/updating_join/updating_join/restore_aligned/16384/domain=16384/bytes=264/nulls=true/mini_batch=true,69,4.0,51516228.0,Flat
engine/rocksdb/updating_join/updating_join/restore_aligned/16384/domain=16384/bytes=264/nulls=true/mini_batch=true,70,4.0,53470032.0,Flat
engine/rocksdb/updating_join/updating_join/restore_aligned/16384/domain=16384/bytes=264/nulls=true/mini_batch=true,71,4.0,50923526.0,Flat
engine/rocksdb/updating_join/updating_join/restore_aligned/16384/domain=16384/bytes=264/nulls=true/mini_batch=true,72,4.0,51445521.0,Flat
engine/rocksdb/updating_join/updating_join/restore_aligned/16384/domain=16384/bytes=264/nulls=true/mini_batch=true,73,4.0,64135384.0,Flat
engine/rocksdb/updating_join/updating_join/restore_aligned/16384/domain=16384/bytes=264/nulls=true/mini_batch=true,74,4.0,49196813.0,Flat
engine/rocksdb/updating_join/updating_join/restore_aligned/16384/domain=16384/bytes=264/nulls=true/mini_batch=true,75,4.0,48892895.0,Flat
engine/rocksdb/updating_join/updating_join/restore_aligned/16384/domain=16384/bytes=264/nulls=true/mini_batch=true,76,4.0,48264311.0,Flat
engine/rocksdb/updating_join/updating_join/restore_aligned/16384/domain=16384/bytes=264/nulls=true/mini_batch=true,77,4.0,49060800.0,Flat
engine/rocksdb/updating_join/updating_join/restore_aligned/16384/domain=16384/bytes=264/nulls=true/mini_batch=true,78,4.0,48051312.0,Flat
engine/rocksdb/updating_join/updating_join/restore_aligned/16384/domain=16384/bytes=264/nulls=true/mini_batch=true,79,4.0,48716148.0,Flat
engine/rocksdb/updating_join/updating_join/restore_aligned/16384/domain=16384/bytes=264/nulls=true/mini_batch=true,80,4.0,52157708.0,Flat
engine/rocksdb/updating_join/updating_join/restore_aligned/16384/domain=16384/bytes=264/nulls=true/mini_batch=true,81,4.0,51864516.0,Flat
engine/rocksdb/updating_join/updating_join/restore_aligned/16384/domain=16384/bytes=264/nulls=true/mini_batch=true,82,4.0,49287579.0,Flat
engine/rocksdb/updating_join/updating_join/restore_aligned/16384/domain=16384/bytes=264/nulls=true/mini_batch=true,83,4.0,48807303.0,Flat
engine/rocksdb/updating_join/updating_join/restore_aligned/16384/domain=16384/bytes=264/nulls=true/mini_batch=true,84,4.0,46932854.0,Flat
engine/rocksdb/updating_join/updating_join/restore_aligned/16384/domain=16384/bytes=264/nulls=true/mini_batch=true,85,4.0,46347317.0,Flat
engine/rocksdb/updating_join/updating_join/restore_aligned/16384/domain=16384/bytes=264/nulls=true/mini_batch=true,86,4.0,50202102.0,Flat
engine/rocksdb/updating_join/updating_join/restore_aligned/16384/domain=16384/bytes=264/nulls=true/mini_batch=true,87,4.0,49368092.0,Flat
engine/rocksdb/updating_join/updating_join/restore_aligned/16384/domain=16384/bytes=264/nulls=true/mini_batch=true,88,4.0,48127970.0,Flat
engine/rocksdb/updating_join/updating_join/restore_aligned/16384/domain=16384/bytes=264/nulls=true/mini_batch=true,89,4.0,48536632.0,Flat
engine/rocksdb/updating_join/updating_join/restore_aligned/16384/domain=16384/bytes=264/nulls=true/mini_batch=true,90,4.0,48654062.0,Flat
engine/rocksdb/updating_join/updating_join/restore_aligned/16384/domain=16384/bytes=264/nulls=true/mini_batch=true,91,4.0,49752400.0,Flat
engine/rocksdb/updating_join/updating_join/restore_aligned/16384/domain=16384/bytes=264/nulls=true/mini_batch=true,92,4.0,49013099.0,Flat
engine/rocksdb/updating_join/updating_join/restore_aligned/16384/domain=16384/bytes=264/nulls=true/mini_batch=true,93,4.0,47982191.0,Flat
engine/rocksdb/updating_join/updating_join/restore_aligned/16384/domain=16384/bytes=264/nulls=true/mini_batch=true,94,4.0,48219861.0,Flat
engine/rocksdb/updating_join/updating_join/restore_aligned/16384/domain=16384/bytes=264/nulls=true/mini_batch=true,95,4.0,49481473.0,Flat
engine/rocksdb/updating_join/updating_join/restore_aligned/16384/domain=16384/bytes=264/nulls=true/mini_batch=true,96,4.0,49909749.0,Flat
engine/rocksdb/updating_join/updating_join/restore_aligned/16384/domain=16384/bytes=264/nulls=true/mini_batch=true,97,4.0,50763737.0,Flat
engine/rocksdb/updating_join/updating_join/restore_aligned/16384/domain=16384/bytes=264/nulls=true/mini_batch=true,98,4.0,48569753.0,Flat
engine/rocksdb/updating_join/updating_join/restore_aligned/16384/domain=16384/bytes=264/nulls=true/mini_batch=true,99,4.0,48230473.0,Flat
engine/rocksdb/updating_join/updating_join/restore_aligned/16384/domain=8/bytes=264/nulls=true/mini_batch=false,0,6.0,59144906.0,Flat
engine/rocksdb/updating_join/updating_join/restore_aligned/16384/domain=8/bytes=264/nulls=true/mini_batch=false,1,6.0,53070019.0,Flat
engine/rocksdb/updating_join/updating_join/restore_aligned/16384/domain=8/bytes=264/nulls=true/mini_batch=false,2,6.0,59781653.0,Flat
engine/rocksdb/updating_join/updating_join/restore_aligned/16384/domain=8/bytes=264/nulls=true/mini_batch=false,3,6.0,51086939.0,Flat
engine/rocksdb/updating_join/updating_join/restore_aligned/16384/domain=8/bytes=264/nulls=true/mini_batch=false,4,6.0,55032205.0,Flat
engine/rocksdb/updating_join/updating_join/restore_aligned/16384/domain=8/bytes=264/nulls=true/mini_batch=false,5,6.0,52466255.0,Flat
engine/rocksdb/updating_join/updating_join/restore_aligned/16384/domain=8/bytes=264/nulls=true/mini_batch=false,6,6.0,55547995.0,Flat
engine/rocksdb/updating_join/updating_join/restore_aligned/16384/domain=8/bytes=264/nulls=true/mini_batch=false,7,6.0,50984682.0,Flat
engine/rocksdb/updating_join/updating_join/restore_aligned/16384/domain=8/bytes=264/nulls=true/mini_batch=false,8,6.0,56023372.0,Flat
engine/rocksdb/updating_join/updating_join/restore_aligned/16384/domain=8/bytes=264/nulls=true/mini_batch=false,9,6.0,75821103.0,Flat
engine/rocksdb/updating_join/updating_join/restore_aligned/16384/domain=8/bytes=264/nulls=true/mini_batch=false,10,6.0,54802060.0,Flat
engine/rocksdb/updating_join/updating_join/restore_aligned/16384/domain=8/bytes=264/nulls=true/mini_batch=false,11,6.0,57675373.0,Flat
engine/rocksdb/updating_join/updating_join/restore_aligned/16384/domain=8/bytes=264/nulls=true/mini_batch=false,12,6.0,58644528.0,Flat
engine/rocksdb/updating_join/updating_join/restore_aligned/16384/domain=8/bytes=264/nulls=true/mini_batch=false,13,6.0,57088230.0,Flat
engine/rocksdb/updating_join/updating_join/restore_aligned/16384/domain=8/bytes=264/nulls=true/mini_batch=false,14,6.0,53758291.0,Flat
engine/rocksdb/updating_join/updating_join/restore_aligned/16384/domain=8/bytes=264/nulls=true/mini_batch=false,15,6.0,57674918.0,Flat
engine/rocksdb/updating_join/updating_join/restore_aligned/16384/domain=8/bytes=264/nulls=true/mini_batch=false,16,6.0,58009590.0,Flat
engine/rocksdb/updating_join/updating_join/restore_aligned/16384/domain=8/bytes=264/nulls=true/mini_batch=false,17,6.0,59059229.0,Flat
engine/rocksdb/updating_join/updating_join/restore_aligned/16384/domain=8/bytes=264/nulls=true/mini_batch=false,18,6.0,56932900.0,Flat
engine/rocksdb/updating_join/updating_join/restore_aligned/16384/domain=8/bytes=264/nulls=true/mini_batch=false,19,6.0,58226150.0,Flat
engine/rocksdb/updating_join/updating_join/restore_aligned/16384/domain=8/bytes=264/nulls=true/mini_batch=false,20,6.0,51863099.0,Flat
engine/rocksdb/updating_join/updating_join/restore_aligned/16384/domain=8/bytes=264/nulls=true/mini_batch=false,21,6.0,55054503.0,Flat
engine/rocksdb/updating_join/updating_join/restore_aligned/16384/domain=8/bytes=264/nulls=true/mini_batch=false,22,6.0,57208253.0,Flat
engine/rocksdb/updating_join/updating_join/restore_aligned/16384/domain=8/bytes=264/nulls=true/mini_batch=false,23,6.0,92297516.0,Flat
engine/rocksdb/updating_join/updating_join/restore_aligned/16384/domain=8/bytes=264/nulls=true/mini_batch=false,24,6.0,60917787.0,Flat
engine/rocksdb/updating_join/updating_join/restore_aligned/16384/domain=8/bytes=264/nulls=true/mini_batch=false,25,6.0,65734364.0,Flat
engine/rocksdb/updating_join/updating_join/restore_aligned/16384/domain=8/bytes=264/nulls=true/mini_batch=false,26,6.0,58704201.0,Flat
engine/rocksdb/updating_join/updating_join/restore_aligned/16384/domain=8/bytes=264/nulls=true/mini_batch=false,27,6.0,65627065.0,Flat
engine/rocksdb/updating_join/updating_join/restore_aligned/16384/domain=8/bytes=264/nulls=true/mini_batch=false,28,6.0,61525084.0,Flat
engine/rocksdb/updating_join/updating_join/restore_aligned/16384/domain=8/bytes=264/nulls=true/mini_batch=false,29,6.0,60439930.0,Flat
engine/rocksdb/updating_join/updating_join/restore_aligned/16384/domain=8/bytes=264/nulls=true/mini_batch=false,30,6.0,65698165.0,Flat
engine/rocksdb/updating_join/updating_join/restore_aligned/16384/domain=8/bytes=264/nulls=true/mini_batch=false,31,6.0,60479208.0,Flat
engine/rocksdb/updating_join/updating_join/restore_aligned/16384/domain=8/bytes=264/nulls=true/mini_batch=false,32,6.0,61371797.0,Flat
engine/rocksdb/updating_join/updating_join/restore_aligned/16384/domain=8/bytes=264/nulls=true/mini_batch=false,33,6.0,61304107.0,Flat
engine/rocksdb/updating_join/updating_join/restore_aligned/16384/domain=8/bytes=264/nulls=true/mini_batch=false,34,6.0,58145597.0,Flat
engine/rocksdb/updating_join/updating_join/restore_aligned/16384/domain=8/bytes=264/nulls=true/mini_batch=false,35,6.0,57763243.0,Flat
engine/rocksdb/updating_join/updating_join/restore_aligned/16384/domain=8/bytes=264/nulls=true/mini_batch=false,36,6.0,55665547.0,Flat
engine/rocksdb/updating_join/updating_join/restore_aligned/16384/domain=8/bytes=264/nulls=true/mini_batch=false,37,6.0,53931273.0,Flat
engine/rocksdb/updating_join/updating_join/restore_aligned/16384/domain=8/bytes=264/nulls=true/mini_batch=false,38,6.0,56171576.0,Flat
engine/rocksdb/updating_join/updating_join/restore_aligned/16384/domain=8/bytes=264/nulls=true/mini_batch=false,39,6.0,55689007.0,Flat
engine/rocksdb/updating_join/updating_join/restore_aligned/16384/domain=8/bytes=264/nulls=true/mini_batch=false,40,6.0,55636501.0,Flat
engine/rocksdb/updating_join/updating_join/restore_aligned/16384/domain=8/bytes=264/nulls=true/mini_batch=false,41,6.0,56046735.0,Flat
engine/rocksdb/updating_join/updating_join/restore_aligned/16384/domain=8/bytes=264/nulls=true/mini_batch=false,42,6.0,53614133.0,Flat
engine/rocksdb/updating_join/updating_join/restore_aligned/16384/domain=8/bytes=264/nulls=true/mini_batch=false,43,6.0,61526686.0,Flat
engine/rocksdb/updating_join/updating_join/restore_aligned/16384/domain=8/bytes=264/nulls=true/mini_batch=false,44,6.0,58199658.0,Flat
engine/rocksdb/updating_join/updating_join/restore_aligned/16384/domain=8/bytes=264/nulls=true/mini_batch=false,45,6.0,55938926.0,Flat
engine/rocksdb/updating_join/updating_join/restore_aligned/16384/domain=8/bytes=264/nulls=true/mini_batch=false,46,6.0,58058857.0,Flat
engine/rocksdb/updating_join/updating_join/restore_aligned/16384/domain=8/bytes=264/nulls=true/mini_batch=false,47,6.0,53851256.0,Flat
engine/rocksdb/updating_join/updating_join/restore_aligned/16384/domain=8/bytes=264/nulls=true/mini_batch=false,48,6.0,56717590.0,Flat
engine/rocksdb/updating_join/updating_join/restore_aligned/16384/domain=8/bytes=264/nulls=true/mini_batch=false,49,6.0,52938562.0,Flat
engine/rocksdb/updating_join/updating_join/restore_aligned/16384/domain=8/bytes=264/nulls=true/mini_batch=false,50,6.0,55385362.0,Flat
engine/rocksdb/updating_join/updating_join/restore_aligned/16384/domain=8/bytes=264/nulls=true/mini_batch=false,51,6.0,78428509.0,Flat
engine/rocksdb/updating_join/updating_join/restore_aligned/16384/domain=8/bytes=264/nulls=true/mini_batch=false,52,6.0,53116765.0,Flat
engine/rocksdb/updating_join/updating_join/restore_aligned/16384/domain=8/bytes=264/nulls=true/mini_batch=false,53,6.0,54586490.0,Flat
engine/rocksdb/updating_join/updating_join/restore_aligned/16384/domain=8/bytes=264/nulls=true/mini_batch=false,54,6.0,51161562.0,Flat
engine/rocksdb/updating_join/updating_join/restore_aligned/16384/domain=8/bytes=264/nulls=true/mini_batch=false,55,6.0,57050039.0,Flat
engine/rocksdb/updating_join/updating_join/restore_aligned/16384/domain=8/bytes=264/nulls=true/mini_batch=false,56,6.0,55933630.0,Flat
engine/rocksdb/updating_join/updating_join/restore_aligned/16384/domain=8/bytes=264/nulls=true/mini_batch=false,57,6.0,53084715.0,Flat
engine/rocksdb/updating_join/updating_join/restore_aligned/16384/domain=8/bytes=264/nulls=true/mini_batch=false,58,6.0,56758863.0,Flat
engine/rocksdb/updating_join/updating_join/restore_aligned/16384/domain=8/bytes=264/nulls=true/mini_batch=false,59,6.0,52767007.0,Flat
engine/rocksdb/updating_join/updating_join/restore_aligned/16384/domain=8/bytes=264/nulls=true/mini_batch=false,60,6.0,55329100.0,Flat
engine/rocksdb/updating_join/updating_join/restore_aligned/16384/domain=8/bytes=264/nulls=true/mini_batch=false,61,6.0,55496460.0,Flat
engine/rocksdb/updating_join/updating_join/restore_aligned/16384/domain=8/bytes=264/nulls=true/mini_batch=false,62,6.0,56332593.0,Flat
engine/rocksdb/updating_join/updating_join/restore_aligned/16384/domain=8/bytes=264/nulls=true/mini_batch=false,63,6.0,54234545.0,Flat
engine/rocksdb/updating_join/updating_join/restore_aligned/16384/domain=8/bytes=264/nulls=true/mini_batch=false,64,6.0,56973451.0,Flat
engine/rocksdb/updating_join/updating_join/restore_aligned/16384/domain=8/bytes=264/nulls=true/mini_batch=false,65,6.0,71537247.0,Flat
engine/rocksdb/updating_join/updating_join/restore_aligned/16384/domain=8/bytes=264/nulls=true/mini_batch=false,66,6.0,53516729.0,Flat
engine/rocksdb/updating_join/updating_join/restore_aligned/16384/domain=8/bytes=264/nulls=true/mini_batch=false,67,6.0,53524976.0,Flat
engine/rocksdb/updating_join/updating_join/restore_aligned/16384/domain=8/bytes=264/nulls=true/mini_batch=false,68,6.0,51999102.0,Flat
engine/rocksdb/updating_join/updating_join/restore_aligned/16384/domain=8/bytes=264/nulls=true/mini_batch=false,69,6.0,51927330.0,Flat
engine/rocksdb/updating_join/updating_join/restore_aligned/16384/domain=8/bytes=264/nulls=true/mini_batch=false,70,6.0,53043951.0,Flat
engine/rocksdb/updating_join/updating_join/restore_aligned/16384/domain=8/bytes=264/nulls=true/mini_batch=false,71,6.0,55347562.0,Flat
engine/rocksdb/updating_join/updating_join/restore_aligned/16384/domain=8/bytes=264/nulls=true/mini_batch=false,72,6.0,52429702.0,Flat
engine/rocksdb/updating_join/updating_join/restore_aligned/16384/domain=8/bytes=264/nulls=true/mini_batch=false,73,6.0,52119315.0,Flat
engine/rocksdb/updating_join/updating_join/restore_aligned/16384/domain=8/bytes=264/nulls=true/mini_batch=false,74,6.0,55037375.0,Flat
engine/rocksdb/updating_join/updating_join/restore_aligned/16384/domain=8/bytes=264/nulls=true/mini_batch=false,75,6.0,51926204.0,Flat
engine/rocksdb/updating_join/updating_join/restore_aligned/16384/domain=8/bytes=264/nulls=true/mini_batch=false,76,6.0,53229550.0,Flat
engine/rocksdb/updating_join/updating_join/restore_aligned/16384/domain=8/bytes=264/nulls=true/mini_batch=false,77,6.0,53746827.0,Flat
engine/rocksdb/updating_join/updating_join/restore_aligned/16384/domain=8/bytes=264/nulls=true/mini_batch=false,78,6.0,52391122.0,Flat
engine/rocksdb/updating_join/updating_join/restore_aligned/16384/domain=8/bytes=264/nulls=true/mini_batch=false,79,6.0,54737089.0,Flat
engine/rocksdb/updating_join/updating_join/restore_aligned/16384/domain=8/bytes=264/nulls=true/mini_batch=false,80,6.0,53817874.0,Flat
engine/rocksdb/updating_join/updating_join/restore_aligned/16384/domain=8/bytes=264/nulls=true/mini_batch=false,81,6.0,51238378.0,Flat
engine/rocksdb/updating_join/updating_join/restore_aligned/16384/domain=8/bytes=264/nulls=true/mini_batch=false,82,6.0,55687346.0,Flat
engine/rocksdb/updating_join/updating_join/restore_aligned/16384/domain=8/bytes=264/nulls=true/mini_batch=false,83,6.0,56453815.0,Flat
engine/rocksdb/updating_join/updating_join/restore_aligned/16384/domain=8/bytes=264/nulls=true/mini_batch=false,84,6.0,53206169.0,Flat
engine/rocksdb/updating_join/updating_join/restore_aligned/16384/domain=8/bytes=264/nulls=true/mini_batch=false,85,6.0,54351788.0,Flat
engine/rocksdb/updating_join/updating_join/restore_aligned/16384/domain=8/bytes=264/nulls=true/mini_batch=false,86,6.0,52935757.0,Flat
engine/rocksdb/updating_join/updating_join/restore_aligned/16384/domain=8/bytes=264/nulls=true/mini_batch=false,87,6.0,56977318.0,Flat
engine/rocksdb/updating_join/updating_join/restore_aligned/16384/domain=8/bytes=264/nulls=true/mini_batch=false,88,6.0,57638647.0,Flat
engine/rocksdb/updating_join/updating_join/restore_aligned/16384/domain=8/bytes=264/nulls=true/mini_batch=false,89,6.0,58085866.0,Flat
engine/rocksdb/updating_join/updating_join/restore_aligned/16384/domain=8/bytes=264/nulls=true/mini_batch=false,90,6.0,50727899.0,Flat
engine/rocksdb/updating_join/updating_join/restore_aligned/16384/domain=8/bytes=264/nulls=true/mini_batch=false,91,6.0,56518281.0,Flat
engine/rocksdb/updating_join/updating_join/restore_aligned/16384/domain=8/bytes=264/nulls=true/mini_batch=false,92,6.0,52563869.0,Flat
engine/rocksdb/updating_join/updating_join/restore_aligned/16384/domain=8/bytes=264/nulls=true/mini_batch=false,93,6.0,52964007.0,Flat
engine/rocksdb/updating_join/updating_join/restore_aligned/16384/domain=8/bytes=264/nulls=true/mini_batch=false,94,6.0,57597708.0,Flat
engine/rocksdb/updating_join/updating_join/restore_aligned/16384/domain=8/bytes=264/nulls=true/mini_batch=false,95,6.0,52172401.0,Flat
engine/rocksdb/updating_join/updating_join/restore_aligned/16384/domain=8/bytes=264/nulls=true/mini_batch=false,96,6.0,50730112.0,Flat
engine/rocksdb/updating_join/updating_join/restore_aligned/16384/domain=8/bytes=264/nulls=true/mini_batch=false,97,6.0,55193357.0,Flat
engine/rocksdb/updating_join/updating_join/restore_aligned/16384/domain=8/bytes=264/nulls=true/mini_batch=false,98,6.0,52776238.0,Flat
engine/rocksdb/updating_join/updating_join/restore_aligned/16384/domain=8/bytes=264/nulls=true/mini_batch=false,99,6.0,53171327.0,Flat
engine/rocksdb/updating_join/updating_join/restore_aligned/16384/domain=8/bytes=264/nulls=true/mini_batch=true,0,5.0,91401727.0,Flat
engine/rocksdb/updating_join/updating_join/restore_aligned/16384/domain=8/bytes=264/nulls=true/mini_batch=true,1,5.0,81473691.0,Flat
engine/rocksdb/updating_join/updating_join/restore_aligned/16384/domain=8/bytes=264/nulls=true/mini_batch=true,2,5.0,88913578.0,Flat
engine/rocksdb/updating_join/updating_join/restore_aligned/16384/domain=8/bytes=264/nulls=true/mini_batch=true,3,5.0,93552498.0,Flat
engine/rocksdb/updating_join/updating_join/restore_aligned/16384/domain=8/bytes=264/nulls=true/mini_batch=true,4,5.0,94127814.0,Flat
engine/rocksdb/updating_join/updating_join/restore_aligned/16384/domain=8/bytes=264/nulls=true/mini_batch=true,5,5.0,79663078.0,Flat
engine/rocksdb/updating_join/updating_join/restore_aligned/16384/domain=8/bytes=264/nulls=true/mini_batch=true,6,5.0,95925799.0,Flat
engine/rocksdb/updating_join/updating_join/restore_aligned/16384/domain=8/bytes=264/nulls=true/mini_batch=true,7,5.0,91262792.0,Flat
engine/rocksdb/updating_join/updating_join/restore_aligned/16384/domain=8/bytes=264/nulls=true/mini_batch=true,8,5.0,85878560.0,Flat
engine/rocksdb/updating_join/updating_join/restore_aligned/16384/domain=8/bytes=264/nulls=true/mini_batch=true,9,5.0,81530306.0,Flat
engine/rocksdb/updating_join/updating_join/restore_aligned/16384/domain=8/bytes=264/nulls=true/mini_batch=true,10,5.0,89771399.0,Flat
engine/rocksdb/updating_join/updating_join/restore_aligned/16384/domain=8/bytes=264/nulls=true/mini_batch=true,11,5.0,91839684.0,Flat
engine/rocksdb/updating_join/updating_join/restore_aligned/16384/domain=8/bytes=264/nulls=true/mini_batch=true,12,5.0,83657267.0,Flat
engine/rocksdb/updating_join/updating_join/restore_aligned/16384/domain=8/bytes=264/nulls=true/mini_batch=true,13,5.0,90512368.0,Flat
engine/rocksdb/updating_join/updating_join/restore_aligned/16384/domain=8/bytes=264/nulls=true/mini_batch=true,14,5.0,89605995.0,Flat
engine/rocksdb/updating_join/updating_join/restore_aligned/16384/domain=8/bytes=264/nulls=true/mini_batch=true,15,5.0,90401838.0,Flat
engine/rocksdb/updating_join/updating_join/restore_aligned/16384/domain=8/bytes=264/nulls=true/mini_batch=true,16,5.0,77854434.0,Flat
engine/rocksdb/updating_join/updating_join/restore_aligned/16384/domain=8/bytes=264/nulls=true/mini_batch=true,17,5.0,90859834.0,Flat
engine/rocksdb/updating_join/updating_join/restore_aligned/16384/domain=8/bytes=264/nulls=true/mini_batch=true,18,5.0,91662260.0,Flat
engine/rocksdb/updating_join/updating_join/restore_aligned/16384/domain=8/bytes=264/nulls=true/mini_batch=true,19,5.0,87408476.0,Flat
engine/rocksdb/updating_join/updating_join/restore_aligned/16384/domain=8/bytes=264/nulls=true/mini_batch=true,20,5.0,80600824.0,Flat
engine/rocksdb/updating_join/updating_join/restore_aligned/16384/domain=8/bytes=264/nulls=true/mini_batch=true,21,5.0,84806155.0,Flat
engine/rocksdb/updating_join/updating_join/restore_aligned/16384/domain=8/bytes=264/nulls=true/mini_batch=true,22,5.0,90885245.0,Flat
engine/rocksdb/updating_join/updating_join/restore_aligned/16384/domain=8/bytes=264/nulls=true/mini_batch=true,23,5.0,90837524.0,Flat
engine/rocksdb/updating_join/updating_join/restore_aligned/16384/domain=8/bytes=264/nulls=true/mini_batch=true,24,5.0,79151617.0,Flat
engine/rocksdb/updating_join/updating_join/restore_aligned/16384/domain=8/bytes=264/nulls=true/mini_batch=true,25,5.0,88988196.0,Flat
engine/rocksdb/updating_join/updating_join/restore_aligned/16384/domain=8/bytes=264/nulls=true/mini_batch=true,26,5.0,117683285.0,Flat
engine/rocksdb/updating_join/updating_join/restore_aligned/16384/domain=8/bytes=264/nulls=true/mini_batch=true,27,5.0,93590606.0,Flat
engine/rocksdb/updating_join/updating_join/restore_aligned/16384/domain=8/bytes=264/nulls=true/mini_batch=true,28,5.0,91748142.0,Flat
engine/rocksdb/updating_join/updating_join/restore_aligned/16384/domain=8/bytes=264/nulls=true/mini_batch=true,29,5.0,83132097.0,Flat
engine/rocksdb/updating_join/updating_join/restore_aligned/16384/domain=8/bytes=264/nulls=true/mini_batch=true,30,5.0,90372377.0,Flat
engine/rocksdb/updating_join/updating_join/restore_aligned/16384/domain=8/bytes=264/nulls=true/mini_batch=true,31,5.0,103637583.0,Flat
engine/rocksdb/updating_join/updating_join/restore_aligned/16384/domain=8/bytes=264/nulls=true/mini_batch=true,32,5.0,95857929.0,Flat
engine/rocksdb/updating_join/updating_join/restore_aligned/16384/domain=8/bytes=264/nulls=true/mini_batch=true,33,5.0,97588513.0,Flat
engine/rocksdb/updating_join/updating_join/restore_aligned/16384/domain=8/bytes=264/nulls=true/mini_batch=true,34,5.0,116266211.0,Flat
engine/rocksdb/updating_join/updating_join/restore_aligned/16384/domain=8/bytes=264/nulls=true/mini_batch=true,35,5.0,83534160.0,Flat
engine/rocksdb/updating_join/updating_join/restore_aligned/16384/domain=8/bytes=264/nulls=true/mini_batch=true,36,5.0,95527623.0,Flat
engine/rocksdb/updating_join/updating_join/restore_aligned/16384/domain=8/bytes=264/nulls=true/mini_batch=true,37,5.0,96127783.0,Flat
engine/rocksdb/updating_join/updating_join/restore_aligned/16384/domain=8/bytes=264/nulls=true/mini_batch=true,38,5.0,89741754.0,Flat
engine/rocksdb/updating_join/updating_join/restore_aligned/16384/domain=8/bytes=264/nulls=true/mini_batch=true,39,5.0,79777852.0,Flat
engine/rocksdb/updating_join/updating_join/restore_aligned/16384/domain=8/bytes=264/nulls=true/mini_batch=true,40,5.0,96490666.0,Flat
engine/rocksdb/updating_join/updating_join/restore_aligned/16384/domain=8/bytes=264/nulls=true/mini_batch=true,41,5.0,94198278.0,Flat
engine/rocksdb/updating_join/updating_join/restore_aligned/16384/domain=8/bytes=264/nulls=true/mini_batch=true,42,5.0,86784616.0,Flat
engine/rocksdb/updating_join/updating_join/restore_aligned/16384/domain=8/bytes=264/nulls=true/mini_batch=true,43,5.0,82478540.0,Flat
engine/rocksdb/updating_join/updating_join/restore_aligned/16384/domain=8/bytes=264/nulls=true/mini_batch=true,44,5.0,98137229.0,Flat
engine/rocksdb/updating_join/updating_join/restore_aligned/16384/domain=8/bytes=264/nulls=true/mini_batch=true,45,5.0,98280768.0,Flat
engine/rocksdb/updating_join/updating_join/restore_aligned/16384/domain=8/bytes=264/nulls=true/mini_batch=true,46,5.0,82741229.0,Flat
engine/rocksdb/updating_join/updating_join/restore_aligned/16384/domain=8/bytes=264/nulls=true/mini_batch=true,47,5.0,91893967.0,Flat
engine/rocksdb/updating_join/updating_join/restore_aligned/16384/domain=8/bytes=264/nulls=true/mini_batch=true,48,5.0,94178294.0,Flat
engine/rocksdb/updating_join/updating_join/restore_aligned/16384/domain=8/bytes=264/nulls=true/mini_batch=true,49,5.0,91823675.0,Flat
engine/rocksdb/updating_join/updating_join/restore_aligned/16384/domain=8/bytes=264/nulls=true/mini_batch=true,50,5.0,80405044.0,Flat
engine/rocksdb/updating_join/updating_join/restore_aligned/16384/domain=8/bytes=264/nulls=true/mini_batch=true,51,5.0,98708205.0,Flat
engine/rocksdb/updating_join/updating_join/restore_aligned/16384/domain=8/bytes=264/nulls=true/mini_batch=true,52,5.0,91963411.0,Flat
engine/rocksdb/updating_join/updating_join/restore_aligned/16384/domain=8/bytes=264/nulls=true/mini_batch=true,53,5.0,90497187.0,Flat
engine/rocksdb/updating_join/updating_join/restore_aligned/16384/domain=8/bytes=264/nulls=true/mini_batch=true,54,5.0,81777019.0,Flat
engine/rocksdb/updating_join/updating_join/restore_aligned/16384/domain=8/bytes=264/nulls=true/mini_batch=true,55,5.0,97631174.0,Flat
engine/rocksdb/updating_join/updating_join/restore_aligned/16384/domain=8/bytes=264/nulls=true/mini_batch=true,56,5.0,98214756.0,Flat
engine/rocksdb/updating_join/updating_join/restore_aligned/16384/domain=8/bytes=264/nulls=true/mini_batch=true,57,5.0,91800441.0,Flat
engine/rocksdb/updating_join/updating_join/restore_aligned/16384/domain=8/bytes=264/nulls=true/mini_batch=true,58,5.0,86134113.0,Flat
engine/rocksdb/updating_join/updating_join/restore_aligned/16384/domain=8/bytes=264/nulls=true/mini_batch=true,59,5.0,96517297.0,Flat
engine/rocksdb/updating_join/updating_join/restore_aligned/16384/domain=8/bytes=264/nulls=true/mini_batch=true,60,5.0,93957525.0,Flat
engine/rocksdb/updating_join/updating_join/restore_aligned/16384/domain=8/bytes=264/nulls=true/mini_batch=true,61,5.0,81099647.0,Flat
engine/rocksdb/updating_join/updating_join/restore_aligned/16384/domain=8/bytes=264/nulls=true/mini_batch=true,62,5.0,89898533.0,Flat
engine/rocksdb/updating_join/updating_join/restore_aligned/16384/domain=8/bytes=264/nulls=true/mini_batch=true,63,5.0,96235151.0,Flat
engine/rocksdb/updating_join/updating_join/restore_aligned/16384/domain=8/bytes=264/nulls=true/mini_batch=true,64,5.0,92561984.0,Flat
engine/rocksdb/updating_join/updating_join/restore_aligned/16384/domain=8/bytes=264/nulls=true/mini_batch=true,65,5.0,78078548.0,Flat
engine/rocksdb/updating_join/updating_join/restore_aligned/16384/domain=8/bytes=264/nulls=true/mini_batch=true,66,5.0,121553240.0,Flat
engine/rocksdb/updating_join/updating_join/restore_aligned/16384/domain=8/bytes=264/nulls=true/mini_batch=true,67,5.0,93589259.0,Flat
engine/rocksdb/updating_join/updating_join/restore_aligned/16384/domain=8/bytes=264/nulls=true/mini_batch=true,68,5.0,92134855.0,Flat
engine/rocksdb/updating_join/updating_join/restore_aligned/16384/domain=8/bytes=264/nulls=true/mini_batch=true,69,5.0,90401073.0,Flat
engine/rocksdb/updating_join/updating_join/restore_aligned/16384/domain=8/bytes=264/nulls=true/mini_batch=true,70,5.0,79196156.0,Flat
engine/rocksdb/updating_join/updating_join/restore_aligned/16384/domain=8/bytes=264/nulls=true/mini_batch=true,71,5.0,93205122.0,Flat
engine/rocksdb/updating_join/updating_join/restore_aligned/16384/domain=8/bytes=264/nulls=true/mini_batch=true,72,5.0,91310609.0,Flat
engine/rocksdb/updating_join/updating_join/restore_aligned/16384/domain=8/bytes=264/nulls=true/mini_batch=true,73,5.0,95107298.0,Flat
engine/rocksdb/updating_join/updating_join/restore_aligned/16384/domain=8/bytes=264/nulls=true/mini_batch=true,74,5.0,79138320.0,Flat
engine/rocksdb/updating_join/updating_join/restore_aligned/16384/domain=8/bytes=264/nulls=true/mini_batch=true,75,5.0,91515499.0,Flat
engine/rocksdb/updating_join/updating_join/restore_aligned/16384/domain=8/bytes=264/nulls=true/mini_batch=true,76,5.0,95221173.0,Flat
engine/rocksdb/updating_join/updating_join/restore_aligned/16384/domain=8/bytes=264/nulls=true/mini_batch=true,77,5.0,93318911.0,Flat
engine/rocksdb/updating_join/updating_join/restore_aligned/16384/domain=8/bytes=264/nulls=true/mini_batch=true,78,5.0,88841818.0,Flat
engine/rocksdb/updating_join/updating_join/restore_aligned/16384/domain=8/bytes=264/nulls=true/mini_batch=true,79,5.0,84127176.0,Flat
engine/rocksdb/updating_join/updating_join/restore_aligned/16384/domain=8/bytes=264/nulls=true/mini_batch=true,80,5.0,94124377.0,Flat
engine/rocksdb/updating_join/updating_join/restore_aligned/16384/domain=8/bytes=264/nulls=true/mini_batch=true,81,5.0,94614770.0,Flat
engine/rocksdb/updating_join/updating_join/restore_aligned/16384/domain=8/bytes=264/nulls=true/mini_batch=true,82,5.0,84399807.0,Flat
engine/rocksdb/updating_join/updating_join/restore_aligned/16384/domain=8/bytes=264/nulls=true/mini_batch=true,83,5.0,89380823.0,Flat
engine/rocksdb/updating_join/updating_join/restore_aligned/16384/domain=8/bytes=264/nulls=true/mini_batch=true,84,5.0,91808823.0,Flat
engine/rocksdb/updating_join/updating_join/restore_aligned/16384/domain=8/bytes=264/nulls=true/mini_batch=true,85,5.0,124282093.0,Flat
engine/rocksdb/updating_join/updating_join/restore_aligned/16384/domain=8/bytes=264/nulls=true/mini_batch=true,86,5.0,93692629.0,Flat
engine/rocksdb/updating_join/updating_join/restore_aligned/16384/domain=8/bytes=264/nulls=true/mini_batch=true,87,5.0,89450658.0,Flat
engine/rocksdb/updating_join/updating_join/restore_aligned/16384/domain=8/bytes=264/nulls=true/mini_batch=true,88,5.0,80909352.0,Flat
engine/rocksdb/updating_join/updating_join/restore_aligned/16384/domain=8/bytes=264/nulls=true/mini_batch=true,89,5.0,92747259.0,Flat
engine/rocksdb/updating_join/updating_join/restore_aligned/16384/domain=8/bytes=264/nulls=true/mini_batch=true,90,5.0,93866503.0,Flat
engine/rocksdb/updating_join/updating_join/restore_aligned/16384/domain=8/bytes=264/nulls=true/mini_batch=true,91,5.0,88893456.0,Flat
engine/rocksdb/updating_join/updating_join/restore_aligned/16384/domain=8/bytes=264/nulls=true/mini_batch=true,92,5.0,79618560.0,Flat
engine/rocksdb/updating_join/updating_join/restore_aligned/16384/domain=8/bytes=264/nulls=true/mini_batch=true,93,5.0,91493491.0,Flat
engine/rocksdb/updating_join/updating_join/restore_aligned/16384/domain=8/bytes=264/nulls=true/mini_batch=true,94,5.0,99478444.0,Flat
engine/rocksdb/updating_join/updating_join/restore_aligned/16384/domain=8/bytes=264/nulls=true/mini_batch=true,95,5.0,95677821.0,Flat
engine/rocksdb/updating_join/updating_join/restore_aligned/16384/domain=8/bytes=264/nulls=true/mini_batch=true,96,5.0,86852809.0,Flat
engine/rocksdb/updating_join/updating_join/restore_aligned/16384/domain=8/bytes=264/nulls=true/mini_batch=true,97,5.0,99644980.0,Flat
engine/rocksdb/updating_join/updating_join/restore_aligned/16384/domain=8/bytes=264/nulls=true/mini_batch=true,98,5.0,98853295.0,Flat
engine/rocksdb/updating_join/updating_join/restore_aligned/16384/domain=8/bytes=264/nulls=true/mini_batch=true,99,5.0,87432405.0,Flat
engine/rocksdb/updating_join/updating_join/restore_rebuilt/16384/domain=1/bytes=264/nulls=true/mini_batch=false,0,1.0,83941327.0,Flat
engine/rocksdb/updating_join/updating_join/restore_rebuilt/16384/domain=1/bytes=264/nulls=true/mini_batch=false,1,1.0,84648114.0,Flat
engine/rocksdb/updating_join/updating_join/restore_rebuilt/16384/domain=1/bytes=264/nulls=true/mini_batch=false,2,1.0,79846210.0,Flat
engine/rocksdb/updating_join/updating_join/restore_rebuilt/16384/domain=1/bytes=264/nulls=true/mini_batch=false,3,1.0,90724277.0,Flat
engine/rocksdb/updating_join/updating_join/restore_rebuilt/16384/domain=1/bytes=264/nulls=true/mini_batch=false,4,1.0,85558322.0,Flat
engine/rocksdb/updating_join/updating_join/restore_rebuilt/16384/domain=1/bytes=264/nulls=true/mini_batch=false,5,1.0,96025547.0,Flat
engine/rocksdb/updating_join/updating_join/restore_rebuilt/16384/domain=1/bytes=264/nulls=true/mini_batch=false,6,1.0,75691259.0,Flat
engine/rocksdb/updating_join/updating_join/restore_rebuilt/16384/domain=1/bytes=264/nulls=true/mini_batch=false,7,1.0,87236009.0,Flat
engine/rocksdb/updating_join/updating_join/restore_rebuilt/16384/domain=1/bytes=264/nulls=true/mini_batch=false,8,1.0,84042611.0,Flat
engine/rocksdb/updating_join/updating_join/restore_rebuilt/16384/domain=1/bytes=264/nulls=true/mini_batch=false,9,1.0,76965287.0,Flat
engine/rocksdb/updating_join/updating_join/restore_rebuilt/16384/domain=1/bytes=264/nulls=true/mini_batch=false,10,1.0,91516715.0,Flat
engine/rocksdb/updating_join/updating_join/restore_rebuilt/16384/domain=1/bytes=264/nulls=true/mini_batch=false,11,1.0,95541939.0,Flat
engine/rocksdb/updating_join/updating_join/restore_rebuilt/16384/domain=1/bytes=264/nulls=true/mini_batch=false,12,1.0,85822853.0,Flat
engine/rocksdb/updating_join/updating_join/restore_rebuilt/16384/domain=1/bytes=264/nulls=true/mini_batch=false,13,1.0,93621020.0,Flat
engine/rocksdb/updating_join/updating_join/restore_rebuilt/16384/domain=1/bytes=264/nulls=true/mini_batch=false,14,1.0,98032782.0,Flat
engine/rocksdb/updating_join/updating_join/restore_rebuilt/16384/domain=1/bytes=264/nulls=true/mini_batch=false,15,1.0,88287259.0,Flat
engine/rocksdb/updating_join/updating_join/restore_rebuilt/16384/domain=1/bytes=264/nulls=true/mini_batch=false,16,1.0,99055049.0,Flat
engine/rocksdb/updating_join/updating_join/restore_rebuilt/16384/domain=1/bytes=264/nulls=true/mini_batch=false,17,1.0,103526079.0,Flat
engine/rocksdb/updating_join/updating_join/restore_rebuilt/16384/domain=1/bytes=264/nulls=true/mini_batch=false,18,1.0,87233647.0,Flat
engine/rocksdb/updating_join/updating_join/restore_rebuilt/16384/domain=1/bytes=264/nulls=true/mini_batch=false,19,1.0,94936268.0,Flat
engine/rocksdb/updating_join/updating_join/restore_rebuilt/16384/domain=1/bytes=264/nulls=true/mini_batch=false,20,1.0,115687421.0,Flat
engine/rocksdb/updating_join/updating_join/restore_rebuilt/16384/domain=1/bytes=264/nulls=true/mini_batch=false,21,1.0,119831188.0,Flat
engine/rocksdb/updating_join/updating_join/restore_rebuilt/16384/domain=1/bytes=264/nulls=true/mini_batch=false,22,1.0,150565972.0,Flat
engine/rocksdb/updating_join/updating_join/restore_rebuilt/16384/domain=1/bytes=264/nulls=true/mini_batch=false,23,1.0,66620533.0,Flat
engine/rocksdb/updating_join/updating_join/restore_rebuilt/16384/domain=1/bytes=264/nulls=true/mini_batch=false,24,1.0,103375093.0,Flat
engine/rocksdb/updating_join/updating_join/restore_rebuilt/16384/domain=1/bytes=264/nulls=true/mini_batch=false,25,1.0,79112108.0,Flat
engine/rocksdb/updating_join/updating_join/restore_rebuilt/16384/domain=1/bytes=264/nulls=true/mini_batch=false,26,1.0,71895613.0,Flat
engine/rocksdb/updating_join/updating_join/restore_rebuilt/16384/domain=1/bytes=264/nulls=true/mini_batch=false,27,1.0,67765639.0,Flat
engine/rocksdb/updating_join/updating_join/restore_rebuilt/16384/domain=1/bytes=264/nulls=true/mini_batch=false,28,1.0,91102722.0,Flat
engine/rocksdb/updating_join/updating_join/restore_rebuilt/16384/domain=1/bytes=264/nulls=true/mini_batch=false,29,1.0,111114612.0,Flat
engine/rocksdb/updating_join/updating_join/restore_rebuilt/16384/domain=1/bytes=264/nulls=true/mini_batch=false,30,1.0,90540239.0,Flat
engine/rocksdb/updating_join/updating_join/restore_rebuilt/16384/domain=1/bytes=264/nulls=true/mini_batch=false,31,1.0,94359770.0,Flat
engine/rocksdb/updating_join/updating_join/restore_rebuilt/16384/domain=1/bytes=264/nulls=true/mini_batch=false,32,1.0,85315439.0,Flat
engine/rocksdb/updating_join/updating_join/restore_rebuilt/16384/domain=1/bytes=264/nulls=true/mini_batch=false,33,1.0,85325959.0,Flat
engine/rocksdb/updating_join/updating_join/restore_rebuilt/16384/domain=1/bytes=264/nulls=true/mini_batch=false,34,1.0,99659147.0,Flat
engine/rocksdb/updating_join/updating_join/restore_rebuilt/16384/domain=1/bytes=264/nulls=true/mini_batch=false,35,1.0,103410308.0,Flat
engine/rocksdb/updating_join/updating_join/restore_rebuilt/16384/domain=1/bytes=264/nulls=true/mini_batch=false,36,1.0,82845415.0,Flat
engine/rocksdb/updating_join/updating_join/restore_rebuilt/16384/domain=1/bytes=264/nulls=true/mini_batch=false,37,1.0,85732006.0,Flat
engine/rocksdb/updating_join/updating_join/restore_rebuilt/16384/domain=1/bytes=264/nulls=true/mini_batch=false,38,1.0,84610677.0,Flat
engine/rocksdb/updating_join/updating_join/restore_rebuilt/16384/domain=1/bytes=264/nulls=true/mini_batch=false,39,1.0,80885661.0,Flat
engine/rocksdb/updating_join/updating_join/restore_rebuilt/16384/domain=1/bytes=264/nulls=true/mini_batch=false,40,1.0,102279955.0,Flat
engine/rocksdb/updating_join/updating_join/restore_rebuilt/16384/domain=1/bytes=264/nulls=true/mini_batch=false,41,1.0,91012192.0,Flat
engine/rocksdb/updating_join/updating_join/restore_rebuilt/16384/domain=1/bytes=264/nulls=true/mini_batch=false,42,1.0,86681345.0,Flat
engine/rocksdb/updating_join/updating_join/restore_rebuilt/16384/domain=1/bytes=264/nulls=true/mini_batch=false,43,1.0,93761839.0,Flat
engine/rocksdb/updating_join/updating_join/restore_rebuilt/16384/domain=1/bytes=264/nulls=true/mini_batch=false,44,1.0,85122483.0,Flat
engine/rocksdb/updating_join/updating_join/restore_rebuilt/16384/domain=1/bytes=264/nulls=true/mini_batch=false,45,1.0,102238707.0,Flat
engine/rocksdb/updating_join/updating_join/restore_rebuilt/16384/domain=1/bytes=264/nulls=true/mini_batch=false,46,1.0,103351721.0,Flat
engine/rocksdb/updating_join/updating_join/restore_rebuilt/16384/domain=1/bytes=264/nulls=true/mini_batch=false,47,1.0,81334151.0,Flat
engine/rocksdb/updating_join/updating_join/restore_rebuilt/16384/domain=1/bytes=264/nulls=true/mini_batch=false,48,1.0,85770668.0,Flat
engine/rocksdb/updating_join/updating_join/restore_rebuilt/16384/domain=1/bytes=264/nulls=true/mini_batch=false,49,1.0,85540827.0,Flat
engine/rocksdb/updating_join/updating_join/restore_rebuilt/16384/domain=1/bytes=264/nulls=true/mini_batch=false,50,1.0,84741059.0,Flat
engine/rocksdb/updating_join/updating_join/restore_rebuilt/16384/domain=1/bytes=264/nulls=true/mini_batch=false,51,1.0,95468345.0,Flat
engine/rocksdb/updating_join/updating_join/restore_rebuilt/16384/domain=1/bytes=264/nulls=true/mini_batch=false,52,1.0,99371274.0,Flat
engine/rocksdb/updating_join/updating_join/restore_rebuilt/16384/domain=1/bytes=264/nulls=true/mini_batch=false,53,1.0,88133707.0,Flat
engine/rocksdb/updating_join/updating_join/restore_rebuilt/16384/domain=1/bytes=264/nulls=true/mini_batch=false,54,1.0,91061074.0,Flat
engine/rocksdb/updating_join/updating_join/restore_rebuilt/16384/domain=1/bytes=264/nulls=true/mini_batch=false,55,1.0,104028814.0,Flat
engine/rocksdb/updating_join/updating_join/restore_rebuilt/16384/domain=1/bytes=264/nulls=true/mini_batch=false,56,1.0,88983560.0,Flat
engine/rocksdb/updating_join/updating_join/restore_rebuilt/16384/domain=1/bytes=264/nulls=true/mini_batch=false,57,1.0,92421992.0,Flat
engine/rocksdb/updating_join/updating_join/restore_rebuilt/16384/domain=1/bytes=264/nulls=true/mini_batch=false,58,1.0,100339427.0,Flat
engine/rocksdb/updating_join/updating_join/restore_rebuilt/16384/domain=1/bytes=264/nulls=true/mini_batch=false,59,1.0,101196741.0,Flat
engine/rocksdb/updating_join/updating_join/restore_rebuilt/16384/domain=1/bytes=264/nulls=true/mini_batch=false,60,1.0,85675986.0,Flat
engine/rocksdb/updating_join/updating_join/restore_rebuilt/16384/domain=1/bytes=264/nulls=true/mini_batch=false,61,1.0,89749311.0,Flat
engine/rocksdb/updating_join/updating_join/restore_rebuilt/16384/domain=1/bytes=264/nulls=true/mini_batch=false,62,1.0,83646498.0,Flat
engine/rocksdb/updating_join/updating_join/restore_rebuilt/16384/domain=1/bytes=264/nulls=true/mini_batch=false,63,1.0,87374891.0,Flat
engine/rocksdb/updating_join/updating_join/restore_rebuilt/16384/domain=1/bytes=264/nulls=true/mini_batch=false,64,1.0,197452174.0,Flat
engine/rocksdb/updating_join/updating_join/restore_rebuilt/16384/domain=1/bytes=264/nulls=true/mini_batch=false,65,1.0,94685696.0,Flat
engine/rocksdb/updating_join/updating_join/restore_rebuilt/16384/domain=1/bytes=264/nulls=true/mini_batch=false,66,1.0,90869350.0,Flat
engine/rocksdb/updating_join/updating_join/restore_rebuilt/16384/domain=1/bytes=264/nulls=true/mini_batch=false,67,1.0,87396930.0,Flat
engine/rocksdb/updating_join/updating_join/restore_rebuilt/16384/domain=1/bytes=264/nulls=true/mini_batch=false,68,1.0,102589540.0,Flat
engine/rocksdb/updating_join/updating_join/restore_rebuilt/16384/domain=1/bytes=264/nulls=true/mini_batch=false,69,1.0,83318595.0,Flat
engine/rocksdb/updating_join/updating_join/restore_rebuilt/16384/domain=1/bytes=264/nulls=true/mini_batch=false,70,1.0,83384658.0,Flat
engine/rocksdb/updating_join/updating_join/restore_rebuilt/16384/domain=1/bytes=264/nulls=true/mini_batch=false,71,1.0,90322502.0,Flat
engine/rocksdb/updating_join/updating_join/restore_rebuilt/16384/domain=1/bytes=264/nulls=true/mini_batch=false,72,1.0,83893762.0,Flat
engine/rocksdb/updating_join/updating_join/restore_rebuilt/16384/domain=1/bytes=264/nulls=true/mini_batch=false,73,1.0,86601067.0,Flat
engine/rocksdb/updating_join/updating_join/restore_rebuilt/16384/domain=1/bytes=264/nulls=true/mini_batch=false,74,1.0,79573386.0,Flat
engine/rocksdb/updating_join/updating_join/restore_rebuilt/16384/domain=1/bytes=264/nulls=true/mini_batch=false,75,1.0,104441048.0,Flat
engine/rocksdb/updating_join/updating_join/restore_rebuilt/16384/domain=1/bytes=264/nulls=true/mini_batch=false,76,1.0,99989175.0,Flat
engine/rocksdb/updating_join/updating_join/restore_rebuilt/16384/domain=1/bytes=264/nulls=true/mini_batch=false,77,1.0,104466377.0,Flat
engine/rocksdb/updating_join/updating_join/restore_rebuilt/16384/domain=1/bytes=264/nulls=true/mini_batch=false,78,1.0,95829876.0,Flat
engine/rocksdb/updating_join/updating_join/restore_rebuilt/16384/domain=1/bytes=264/nulls=true/mini_batch=false,79,1.0,89161037.0,Flat
engine/rocksdb/updating_join/updating_join/restore_rebuilt/16384/domain=1/bytes=264/nulls=true/mini_batch=false,80,1.0,85349493.0,Flat
engine/rocksdb/updating_join/updating_join/restore_rebuilt/16384/domain=1/bytes=264/nulls=true/mini_batch=false,81,1.0,91183781.0,Flat
engine/rocksdb/updating_join/updating_join/restore_rebuilt/16384/domain=1/bytes=264/nulls=true/mini_batch=false,82,1.0,100295059.0,Flat
engine/rocksdb/updating_join/updating_join/restore_rebuilt/16384/domain=1/bytes=264/nulls=true/mini_batch=false,83,1.0,140201082.0,Flat
engine/rocksdb/updating_join/updating_join/restore_rebuilt/16384/domain=1/bytes=264/nulls=true/mini_batch=false,84,1.0,148528359.0,Flat
engine/rocksdb/updating_join/updating_join/restore_rebuilt/16384/domain=1/bytes=264/nulls=true/mini_batch=false,85,1.0,147130817.0,Flat
engine/rocksdb/updating_join/updating_join/restore_rebuilt/16384/domain=1/bytes=264/nulls=true/mini_batch=false,86,1.0,143318762.0,Flat
engine/rocksdb/updating_join/updating_join/restore_rebuilt/16384/domain=1/bytes=264/nulls=true/mini_batch=false,87,1.0,129614934.0,Flat
engine/rocksdb/updating_join/updating_join/restore_rebuilt/16384/domain=1/bytes=264/nulls=true/mini_batch=false,88,1.0,69357546.0,Flat
engine/rocksdb/updating_join/updating_join/restore_rebuilt/16384/domain=1/bytes=264/nulls=true/mini_batch=false,89,1.0,66075126.0,Flat
engine/rocksdb/updating_join/updating_join/restore_rebuilt/16384/domain=1/bytes=264/nulls=true/mini_batch=false,90,1.0,65626787.0,Flat
engine/rocksdb/updating_join/updating_join/restore_rebuilt/16384/domain=1/bytes=264/nulls=true/mini_batch=false,91,1.0,90523729.0,Flat
engine/rocksdb/updating_join/updating_join/restore_rebuilt/16384/domain=1/bytes=264/nulls=true/mini_batch=false,92,1.0,83130787.0,Flat
engine/rocksdb/updating_join/updating_join/restore_rebuilt/16384/domain=1/bytes=264/nulls=true/mini_batch=false,93,1.0,106618227.0,Flat
engine/rocksdb/updating_join/updating_join/restore_rebuilt/16384/domain=1/bytes=264/nulls=true/mini_batch=false,94,1.0,120118436.0,Flat
engine/rocksdb/updating_join/updating_join/restore_rebuilt/16384/domain=1/bytes=264/nulls=true/mini_batch=false,95,1.0,88948710.0,Flat
engine/rocksdb/updating_join/updating_join/restore_rebuilt/16384/domain=1/bytes=264/nulls=true/mini_batch=false,96,1.0,101540573.0,Flat
engine/rocksdb/updating_join/updating_join/restore_rebuilt/16384/domain=1/bytes=264/nulls=true/mini_batch=false,97,1.0,106626890.0,Flat
engine/rocksdb/updating_join/updating_join/restore_rebuilt/16384/domain=1/bytes=264/nulls=true/mini_batch=false,98,1.0,81706842.0,Flat
engine/rocksdb/updating_join/updating_join/restore_rebuilt/16384/domain=1/bytes=264/nulls=true/mini_batch=false,99,1.0,88497579.0,Flat
engine/rocksdb/updating_join/updating_join/restore_rebuilt/16384/domain=1/bytes=264/nulls=true/mini_batch=true,0,1.0,61174799.0,Flat
engine/rocksdb/updating_join/updating_join/restore_rebuilt/16384/domain=1/bytes=264/nulls=true/mini_batch=true,1,1.0,138071265.0,Flat
engine/rocksdb/updating_join/updating_join/restore_rebuilt/16384/domain=1/bytes=264/nulls=true/mini_batch=true,2,1.0,66140261.0,Flat
engine/rocksdb/updating_join/updating_join/restore_rebuilt/16384/domain=1/bytes=264/nulls=true/mini_batch=true,3,1.0,72894969.0,Flat
engine/rocksdb/updating_join/updating_join/restore_rebuilt/16384/domain=1/bytes=264/nulls=true/mini_batch=true,4,1.0,56593260.0,Flat
engine/rocksdb/updating_join/updating_join/restore_rebuilt/16384/domain=1/bytes=264/nulls=true/mini_batch=true,5,1.0,66562581.0,Flat
engine/rocksdb/updating_join/updating_join/restore_rebuilt/16384/domain=1/bytes=264/nulls=true/mini_batch=true,6,1.0,53452261.0,Flat
engine/rocksdb/updating_join/updating_join/restore_rebuilt/16384/domain=1/bytes=264/nulls=true/mini_batch=true,7,1.0,55253291.0,Flat
engine/rocksdb/updating_join/updating_join/restore_rebuilt/16384/domain=1/bytes=264/nulls=true/mini_batch=true,8,1.0,62276632.0,Flat
engine/rocksdb/updating_join/updating_join/restore_rebuilt/16384/domain=1/bytes=264/nulls=true/mini_batch=true,9,1.0,55979192.0,Flat
engine/rocksdb/updating_join/updating_join/restore_rebuilt/16384/domain=1/bytes=264/nulls=true/mini_batch=true,10,1.0,59361319.0,Flat
engine/rocksdb/updating_join/updating_join/restore_rebuilt/16384/domain=1/bytes=264/nulls=true/mini_batch=true,11,1.0,61094427.0,Flat
engine/rocksdb/updating_join/updating_join/restore_rebuilt/16384/domain=1/bytes=264/nulls=true/mini_batch=true,12,1.0,65454557.0,Flat
engine/rocksdb/updating_join/updating_join/restore_rebuilt/16384/domain=1/bytes=264/nulls=true/mini_batch=true,13,1.0,57630802.0,Flat
engine/rocksdb/updating_join/updating_join/restore_rebuilt/16384/domain=1/bytes=264/nulls=true/mini_batch=true,14,1.0,63152425.0,Flat
engine/rocksdb/updating_join/updating_join/restore_rebuilt/16384/domain=1/bytes=264/nulls=true/mini_batch=true,15,1.0,64902867.0,Flat
engine/rocksdb/updating_join/updating_join/restore_rebuilt/16384/domain=1/bytes=264/nulls=true/mini_batch=true,16,1.0,90861113.0,Flat
engine/rocksdb/updating_join/updating_join/restore_rebuilt/16384/domain=1/bytes=264/nulls=true/mini_batch=true,17,1.0,65189683.0,Flat
engine/rocksdb/updating_join/updating_join/restore_rebuilt/16384/domain=1/bytes=264/nulls=true/mini_batch=true,18,1.0,69945815.0,Flat
engine/rocksdb/updating_join/updating_join/restore_rebuilt/16384/domain=1/bytes=264/nulls=true/mini_batch=true,19,1.0,55555721.0,Flat
engine/rocksdb/updating_join/updating_join/restore_rebuilt/16384/domain=1/bytes=264/nulls=true/mini_batch=true,20,1.0,57422200.0,Flat
engine/rocksdb/updating_join/updating_join/restore_rebuilt/16384/domain=1/bytes=264/nulls=true/mini_batch=true,21,1.0,63357519.0,Flat
engine/rocksdb/updating_join/updating_join/restore_rebuilt/16384/domain=1/bytes=264/nulls=true/mini_batch=true,22,1.0,55767357.0,Flat
engine/rocksdb/updating_join/updating_join/restore_rebuilt/16384/domain=1/bytes=264/nulls=true/mini_batch=true,23,1.0,63830863.0,Flat
engine/rocksdb/updating_join/updating_join/restore_rebuilt/16384/domain=1/bytes=264/nulls=true/mini_batch=true,24,1.0,66317644.0,Flat
engine/rocksdb/updating_join/updating_join/restore_rebuilt/16384/domain=1/bytes=264/nulls=true/mini_batch=true,25,1.0,57200642.0,Flat
engine/rocksdb/updating_join/updating_join/restore_rebuilt/16384/domain=1/bytes=264/nulls=true/mini_batch=true,26,1.0,62105262.0,Flat
engine/rocksdb/updating_join/updating_join/restore_rebuilt/16384/domain=1/bytes=264/nulls=true/mini_batch=true,27,1.0,55101489.0,Flat
engine/rocksdb/updating_join/updating_join/restore_rebuilt/16384/domain=1/bytes=264/nulls=true/mini_batch=true,28,1.0,57531559.0,Flat
engine/rocksdb/updating_join/updating_join/restore_rebuilt/16384/domain=1/bytes=264/nulls=true/mini_batch=true,29,1.0,65473815.0,Flat
engine/rocksdb/updating_join/updating_join/restore_rebuilt/16384/domain=1/bytes=264/nulls=true/mini_batch=true,30,1.0,55852234.0,Flat
engine/rocksdb/updating_join/updating_join/restore_rebuilt/16384/domain=1/bytes=264/nulls=true/mini_batch=true,31,1.0,65891152.0,Flat
engine/rocksdb/updating_join/updating_join/restore_rebuilt/16384/domain=1/bytes=264/nulls=true/mini_batch=true,32,1.0,60566728.0,Flat
engine/rocksdb/updating_join/updating_join/restore_rebuilt/16384/domain=1/bytes=264/nulls=true/mini_batch=true,33,1.0,59751953.0,Flat
engine/rocksdb/updating_join/updating_join/restore_rebuilt/16384/domain=1/bytes=264/nulls=true/mini_batch=true,34,1.0,53661941.0,Flat
engine/rocksdb/updating_join/updating_join/restore_rebuilt/16384/domain=1/bytes=264/nulls=true/mini_batch=true,35,1.0,58299141.0,Flat
engine/rocksdb/updating_join/updating_join/restore_rebuilt/16384/domain=1/bytes=264/nulls=true/mini_batch=true,36,1.0,66326218.0,Flat
engine/rocksdb/updating_join/updating_join/restore_rebuilt/16384/domain=1/bytes=264/nulls=true/mini_batch=true,37,1.0,58368871.0,Flat
engine/rocksdb/updating_join/updating_join/restore_rebuilt/16384/domain=1/bytes=264/nulls=true/mini_batch=true,38,1.0,56946241.0,Flat
engine/rocksdb/updating_join/updating_join/restore_rebuilt/16384/domain=1/bytes=264/nulls=true/mini_batch=true,39,1.0,62232607.0,Flat
engine/rocksdb/updating_join/updating_join/restore_rebuilt/16384/domain=1/bytes=264/nulls=true/mini_batch=true,40,1.0,139256570.0,Flat
engine/rocksdb/updating_join/updating_join/restore_rebuilt/16384/domain=1/bytes=264/nulls=true/mini_batch=true,41,1.0,59546765.0,Flat
engine/rocksdb/updating_join/updating_join/restore_rebuilt/16384/domain=1/bytes=264/nulls=true/mini_batch=true,42,1.0,56365178.0,Flat
engine/rocksdb/updating_join/updating_join/restore_rebuilt/16384/domain=1/bytes=264/nulls=true/mini_batch=true,43,1.0,60200845.0,Flat
engine/rocksdb/updating_join/updating_join/restore_rebuilt/16384/domain=1/bytes=264/nulls=true/mini_batch=true,44,1.0,58444938.0,Flat
engine/rocksdb/updating_join/updating_join/restore_rebuilt/16384/domain=1/bytes=264/nulls=true/mini_batch=true,45,1.0,66338827.0,Flat
engine/rocksdb/updating_join/updating_join/restore_rebuilt/16384/domain=1/bytes=264/nulls=true/mini_batch=true,46,1.0,71435714.0,Flat
engine/rocksdb/updating_join/updating_join/restore_rebuilt/16384/domain=1/bytes=264/nulls=true/mini_batch=true,47,1.0,62037701.0,Flat
engine/rocksdb/updating_join/updating_join/restore_rebuilt/16384/domain=1/bytes=264/nulls=true/mini_batch=true,48,1.0,65827189.0,Flat
engine/rocksdb/updating_join/updating_join/restore_rebuilt/16384/domain=1/bytes=264/nulls=true/mini_batch=true,49,1.0,64527807.0,Flat
engine/rocksdb/updating_join/updating_join/restore_rebuilt/16384/domain=1/bytes=264/nulls=true/mini_batch=true,50,1.0,168232696.0,Flat
engine/rocksdb/updating_join/updating_join/restore_rebuilt/16384/domain=1/bytes=264/nulls=true/mini_batch=true,51,1.0,57437660.0,Flat
engine/rocksdb/updating_join/updating_join/restore_rebuilt/16384/domain=1/bytes=264/nulls=true/mini_batch=true,52,1.0,67176431.0,Flat
engine/rocksdb/updating_join/updating_join/restore_rebuilt/16384/domain=1/bytes=264/nulls=true/mini_batch=true,53,1.0,72486011.0,Flat
engine/rocksdb/updating_join/updating_join/restore_rebuilt/16384/domain=1/bytes=264/nulls=true/mini_batch=true,54,1.0,60771585.0,Flat
engine/rocksdb/updating_join/updating_join/restore_rebuilt/16384/domain=1/bytes=264/nulls=true/mini_batch=true,55,1.0,62780634.0,Flat
engine/rocksdb/updating_join/updating_join/restore_rebuilt/16384/domain=1/bytes=264/nulls=true/mini_batch=true,56,1.0,63423395.0,Flat
engine/rocksdb/updating_join/updating_join/restore_rebuilt/16384/domain=1/bytes=264/nulls=true/mini_batch=true,57,1.0,57683504.0,Flat
engine/rocksdb/updating_join/updating_join/restore_rebuilt/16384/domain=1/bytes=264/nulls=true/mini_batch=true,58,1.0,79781642.0,Flat
engine/rocksdb/updating_join/updating_join/restore_rebuilt/16384/domain=1/bytes=264/nulls=true/mini_batch=true,59,1.0,83111103.0,Flat
engine/rocksdb/updating_join/updating_join/restore_rebuilt/16384/domain=1/bytes=264/nulls=true/mini_batch=true,60,1.0,86543512.0,Flat
engine/rocksdb/updating_join/updating_join/restore_rebuilt/16384/domain=1/bytes=264/nulls=true/mini_batch=true,61,1.0,109423560.0,Flat
engine/rocksdb/updating_join/updating_join/restore_rebuilt/16384/domain=1/bytes=264/nulls=true/mini_batch=true,62,1.0,50990534.0,Flat
engine/rocksdb/updating_join/updating_join/restore_rebuilt/16384/domain=1/bytes=264/nulls=true/mini_batch=true,63,1.0,89294638.0,Flat
engine/rocksdb/updating_join/updating_join/restore_rebuilt/16384/domain=1/bytes=264/nulls=true/mini_batch=true,64,1.0,97243666.0,Flat
engine/rocksdb/updating_join/updating_join/restore_rebuilt/16384/domain=1/bytes=264/nulls=true/mini_batch=true,65,1.0,60450280.0,Flat
engine/rocksdb/updating_join/updating_join/restore_rebuilt/16384/domain=1/bytes=264/nulls=true/mini_batch=true,66,1.0,68309470.0,Flat
engine/rocksdb/updating_join/updating_join/restore_rebuilt/16384/domain=1/bytes=264/nulls=true/mini_batch=true,67,1.0,62016726.0,Flat
engine/rocksdb/updating_join/updating_join/restore_rebuilt/16384/domain=1/bytes=264/nulls=true/mini_batch=true,68,1.0,81658425.0,Flat
engine/rocksdb/updating_join/updating_join/restore_rebuilt/16384/domain=1/bytes=264/nulls=true/mini_batch=true,69,1.0,103466800.0,Flat
engine/rocksdb/updating_join/updating_join/restore_rebuilt/16384/domain=1/bytes=264/nulls=true/mini_batch=true,70,1.0,88741071.0,Flat
engine/rocksdb/updating_join/updating_join/restore_rebuilt/16384/domain=1/bytes=264/nulls=true/mini_batch=true,71,1.0,76699366.0,Flat
engine/rocksdb/updating_join/updating_join/restore_rebuilt/16384/domain=1/bytes=264/nulls=true/mini_batch=true,72,1.0,87657584.0,Flat
engine/rocksdb/updating_join/updating_join/restore_rebuilt/16384/domain=1/bytes=264/nulls=true/mini_batch=true,73,1.0,82089003.0,Flat
engine/rocksdb/updating_join/updating_join/restore_rebuilt/16384/domain=1/bytes=264/nulls=true/mini_batch=true,74,1.0,91226141.0,Flat
engine/rocksdb/updating_join/updating_join/restore_rebuilt/16384/domain=1/bytes=264/nulls=true/mini_batch=true,75,1.0,95673496.0,Flat
engine/rocksdb/updating_join/updating_join/restore_rebuilt/16384/domain=1/bytes=264/nulls=true/mini_batch=true,76,1.0,194001476.0,Flat
engine/rocksdb/updating_join/updating_join/restore_rebuilt/16384/domain=1/bytes=264/nulls=true/mini_batch=true,77,1.0,87807906.0,Flat
engine/rocksdb/updating_join/updating_join/restore_rebuilt/16384/domain=1/bytes=264/nulls=true/mini_batch=true,78,1.0,84728753.0,Flat
engine/rocksdb/updating_join/updating_join/restore_rebuilt/16384/domain=1/bytes=264/nulls=true/mini_batch=true,79,1.0,96775272.0,Flat
engine/rocksdb/updating_join/updating_join/restore_rebuilt/16384/domain=1/bytes=264/nulls=true/mini_batch=true,80,1.0,78854360.0,Flat
engine/rocksdb/updating_join/updating_join/restore_rebuilt/16384/domain=1/bytes=264/nulls=true/mini_batch=true,81,1.0,82278560.0,Flat
engine/rocksdb/updating_join/updating_join/restore_rebuilt/16384/domain=1/bytes=264/nulls=true/mini_batch=true,82,1.0,88885289.0,Flat
engine/rocksdb/updating_join/updating_join/restore_rebuilt/16384/domain=1/bytes=264/nulls=true/mini_batch=true,83,1.0,78650393.0,Flat
engine/rocksdb/updating_join/updating_join/restore_rebuilt/16384/domain=1/bytes=264/nulls=true/mini_batch=true,84,1.0,94860885.0,Flat
engine/rocksdb/updating_join/updating_join/restore_rebuilt/16384/domain=1/bytes=264/nulls=true/mini_batch=true,85,1.0,92001261.0,Flat
engine/rocksdb/updating_join/updating_join/restore_rebuilt/16384/domain=1/bytes=264/nulls=true/mini_batch=true,86,1.0,89518091.0,Flat
engine/rocksdb/updating_join/updating_join/restore_rebuilt/16384/domain=1/bytes=264/nulls=true/mini_batch=true,87,1.0,84287884.0,Flat
engine/rocksdb/updating_join/updating_join/restore_rebuilt/16384/domain=1/bytes=264/nulls=true/mini_batch=true,88,1.0,90770928.0,Flat
engine/rocksdb/updating_join/updating_join/restore_rebuilt/16384/domain=1/bytes=264/nulls=true/mini_batch=true,89,1.0,77353110.0,Flat
engine/rocksdb/updating_join/updating_join/restore_rebuilt/16384/domain=1/bytes=264/nulls=true/mini_batch=true,90,1.0,80587786.0,Flat
engine/rocksdb/updating_join/updating_join/restore_rebuilt/16384/domain=1/bytes=264/nulls=true/mini_batch=true,91,1.0,96226318.0,Flat
engine/rocksdb/updating_join/updating_join/restore_rebuilt/16384/domain=1/bytes=264/nulls=true/mini_batch=true,92,1.0,93620760.0,Flat
engine/rocksdb/updating_join/updating_join/restore_rebuilt/16384/domain=1/bytes=264/nulls=true/mini_batch=true,93,1.0,75011600.0,Flat
engine/rocksdb/updating_join/updating_join/restore_rebuilt/16384/domain=1/bytes=264/nulls=true/mini_batch=true,94,1.0,92336433.0,Flat
engine/rocksdb/updating_join/updating_join/restore_rebuilt/16384/domain=1/bytes=264/nulls=true/mini_batch=true,95,1.0,89819537.0,Flat
engine/rocksdb/updating_join/updating_join/restore_rebuilt/16384/domain=1/bytes=264/nulls=true/mini_batch=true,96,1.0,87036440.0,Flat
engine/rocksdb/updating_join/updating_join/restore_rebuilt/16384/domain=1/bytes=264/nulls=true/mini_batch=true,97,1.0,72685276.0,Flat
engine/rocksdb/updating_join/updating_join/restore_rebuilt/16384/domain=1/bytes=264/nulls=true/mini_batch=true,98,1.0,83518968.0,Flat
engine/rocksdb/updating_join/updating_join/restore_rebuilt/16384/domain=1/bytes=264/nulls=true/mini_batch=true,99,1.0,96090018.0,Flat
engine/rocksdb/updating_join/updating_join/restore_rebuilt/16384/domain=16384/bytes=264/nulls=true/mini_batch=false,0,1.0,59110196.0,Flat
engine/rocksdb/updating_join/updating_join/restore_rebuilt/16384/domain=16384/bytes=264/nulls=true/mini_batch=false,1,1.0,60910332.0,Flat
engine/rocksdb/updating_join/updating_join/restore_rebuilt/16384/domain=16384/bytes=264/nulls=true/mini_batch=false,2,1.0,65307680.0,Flat
engine/rocksdb/updating_join/updating_join/restore_rebuilt/16384/domain=16384/bytes=264/nulls=true/mini_batch=false,3,1.0,58821618.0,Flat
engine/rocksdb/updating_join/updating_join/restore_rebuilt/16384/domain=16384/bytes=264/nulls=true/mini_batch=false,4,1.0,60744492.0,Flat
engine/rocksdb/updating_join/updating_join/restore_rebuilt/16384/domain=16384/bytes=264/nulls=true/mini_batch=false,5,1.0,62312632.0,Flat
engine/rocksdb/updating_join/updating_join/restore_rebuilt/16384/domain=16384/bytes=264/nulls=true/mini_batch=false,6,1.0,62138206.0,Flat
engine/rocksdb/updating_join/updating_join/restore_rebuilt/16384/domain=16384/bytes=264/nulls=true/mini_batch=false,7,1.0,59321244.0,Flat
engine/rocksdb/updating_join/updating_join/restore_rebuilt/16384/domain=16384/bytes=264/nulls=true/mini_batch=false,8,1.0,59690906.0,Flat
engine/rocksdb/updating_join/updating_join/restore_rebuilt/16384/domain=16384/bytes=264/nulls=true/mini_batch=false,9,1.0,60034545.0,Flat
engine/rocksdb/updating_join/updating_join/restore_rebuilt/16384/domain=16384/bytes=264/nulls=true/mini_batch=false,10,1.0,60577049.0,Flat
engine/rocksdb/updating_join/updating_join/restore_rebuilt/16384/domain=16384/bytes=264/nulls=true/mini_batch=false,11,1.0,68213755.0,Flat
engine/rocksdb/updating_join/updating_join/restore_rebuilt/16384/domain=16384/bytes=264/nulls=true/mini_batch=false,12,1.0,63449185.0,Flat
engine/rocksdb/updating_join/updating_join/restore_rebuilt/16384/domain=16384/bytes=264/nulls=true/mini_batch=false,13,1.0,60791238.0,Flat
engine/rocksdb/updating_join/updating_join/restore_rebuilt/16384/domain=16384/bytes=264/nulls=true/mini_batch=false,14,1.0,66779664.0,Flat
engine/rocksdb/updating_join/updating_join/restore_rebuilt/16384/domain=16384/bytes=264/nulls=true/mini_batch=false,15,1.0,60621508.0,Flat
engine/rocksdb/updating_join/updating_join/restore_rebuilt/16384/domain=16384/bytes=264/nulls=true/mini_batch=false,16,1.0,59249464.0,Flat
engine/rocksdb/updating_join/updating_join/restore_rebuilt/16384/domain=16384/bytes=264/nulls=true/mini_batch=false,17,1.0,59721519.0,Flat
engine/rocksdb/updating_join/updating_join/restore_rebuilt/16384/domain=16384/bytes=264/nulls=true/mini_batch=false,18,1.0,66943996.0,Flat
engine/rocksdb/updating_join/updating_join/restore_rebuilt/16384/domain=16384/bytes=264/nulls=true/mini_batch=false,19,1.0,59021969.0,Flat
engine/rocksdb/updating_join/updating_join/restore_rebuilt/16384/domain=16384/bytes=264/nulls=true/mini_batch=false,20,1.0,60492233.0,Flat
engine/rocksdb/updating_join/updating_join/restore_rebuilt/16384/domain=16384/bytes=264/nulls=true/mini_batch=false,21,1.0,58932210.0,Flat
engine/rocksdb/updating_join/updating_join/restore_rebuilt/16384/domain=16384/bytes=264/nulls=true/mini_batch=false,22,1.0,58819508.0,Flat
engine/rocksdb/updating_join/updating_join/restore_rebuilt/16384/domain=16384/bytes=264/nulls=true/mini_batch=false,23,1.0,58607063.0,Flat
engine/rocksdb/updating_join/updating_join/restore_rebuilt/16384/domain=16384/bytes=264/nulls=true/mini_batch=false,24,1.0,61990461.0,Flat
engine/rocksdb/updating_join/updating_join/restore_rebuilt/16384/domain=16384/bytes=264/nulls=true/mini_batch=false,25,1.0,57323189.0,Flat
engine/rocksdb/updating_join/updating_join/restore_rebuilt/16384/domain=16384/bytes=264/nulls=true/mini_batch=false,26,1.0,64027995.0,Flat
engine/rocksdb/updating_join/updating_join/restore_rebuilt/16384/domain=16384/bytes=264/nulls=true/mini_batch=false,27,1.0,61400369.0,Flat
engine/rocksdb/updating_join/updating_join/restore_rebuilt/16384/domain=16384/bytes=264/nulls=true/mini_batch=false,28,1.0,63574620.0,Flat
engine/rocksdb/updating_join/updating_join/restore_rebuilt/16384/domain=16384/bytes=264/nulls=true/mini_batch=false,29,1.0,59705910.0,Flat
engine/rocksdb/updating_join/updating_join/restore_rebuilt/16384/domain=16384/bytes=264/nulls=true/mini_batch=false,30,1.0,60109702.0,Flat
engine/rocksdb/updating_join/updating_join/restore_rebuilt/16384/domain=16384/bytes=264/nulls=true/mini_batch=false,31,1.0,62394300.0,Flat
engine/rocksdb/updating_join/updating_join/restore_rebuilt/16384/domain=16384/bytes=264/nulls=true/mini_batch=false,32,1.0,61288673.0,Flat
engine/rocksdb/updating_join/updating_join/restore_rebuilt/16384/domain=16384/bytes=264/nulls=true/mini_batch=false,33,1.0,60948551.0,Flat
engine/rocksdb/updating_join/updating_join/restore_rebuilt/16384/domain=16384/bytes=264/nulls=true/mini_batch=false,34,1.0,196346248.0,Flat
engine/rocksdb/updating_join/updating_join/restore_rebuilt/16384/domain=16384/bytes=264/nulls=true/mini_batch=false,35,1.0,82249298.0,Flat
engine/rocksdb/updating_join/updating_join/restore_rebuilt/16384/domain=16384/bytes=264/nulls=true/mini_batch=false,36,1.0,57587161.0,Flat
engine/rocksdb/updating_join/updating_join/restore_rebuilt/16384/domain=16384/bytes=264/nulls=true/mini_batch=false,37,1.0,58417286.0,Flat
engine/rocksdb/updating_join/updating_join/restore_rebuilt/16384/domain=16384/bytes=264/nulls=true/mini_batch=false,38,1.0,59045643.0,Flat
engine/rocksdb/updating_join/updating_join/restore_rebuilt/16384/domain=16384/bytes=264/nulls=true/mini_batch=false,39,1.0,57391986.0,Flat
engine/rocksdb/updating_join/updating_join/restore_rebuilt/16384/domain=16384/bytes=264/nulls=true/mini_batch=false,40,1.0,61858483.0,Flat
engine/rocksdb/updating_join/updating_join/restore_rebuilt/16384/domain=16384/bytes=264/nulls=true/mini_batch=false,41,1.0,62121526.0,Flat
engine/rocksdb/updating_join/updating_join/restore_rebuilt/16384/domain=16384/bytes=264/nulls=true/mini_batch=false,42,1.0,58716676.0,Flat
engine/rocksdb/updating_join/updating_join/restore_rebuilt/16384/domain=16384/bytes=264/nulls=true/mini_batch=false,43,1.0,61112186.0,Flat
engine/rocksdb/updating_join/updating_join/restore_rebuilt/16384/domain=16384/bytes=264/nulls=true/mini_batch=false,44,1.0,58289832.0,Flat
engine/rocksdb/updating_join/updating_join/restore_rebuilt/16384/domain=16384/bytes=264/nulls=true/mini_batch=false,45,1.0,57240495.0,Flat
engine/rocksdb/updating_join/updating_join/restore_rebuilt/16384/domain=16384/bytes=264/nulls=true/mini_batch=false,46,1.0,59022635.0,Flat
engine/rocksdb/updating_join/updating_join/restore_rebuilt/16384/domain=16384/bytes=264/nulls=true/mini_batch=false,47,1.0,57205689.0,Flat
engine/rocksdb/updating_join/updating_join/restore_rebuilt/16384/domain=16384/bytes=264/nulls=true/mini_batch=false,48,1.0,63083574.0,Flat
engine/rocksdb/updating_join/updating_join/restore_rebuilt/16384/domain=16384/bytes=264/nulls=true/mini_batch=false,49,1.0,57772824.0,Flat
engine/rocksdb/updating_join/updating_join/restore_rebuilt/16384/domain=16384/bytes=264/nulls=true/mini_batch=false,50,1.0,59654021.0,Flat
engine/rocksdb/updating_join/updating_join/restore_rebuilt/16384/domain=16384/bytes=264/nulls=true/mini_batch=false,51,1.0,61079109.0,Flat
engine/rocksdb/updating_join/updating_join/restore_rebuilt/16384/domain=16384/bytes=264/nulls=true/mini_batch=false,52,1.0,65451175.0,Flat
engine/rocksdb/updating_join/updating_join/restore_rebuilt/16384/domain=16384/bytes=264/nulls=true/mini_batch=false,53,1.0,60220192.0,Flat
engine/rocksdb/updating_join/updating_join/restore_rebuilt/16384/domain=16384/bytes=264/nulls=true/mini_batch=false,54,1.0,59818844.0,Flat
engine/rocksdb/updating_join/updating_join/restore_rebuilt/16384/domain=16384/bytes=264/nulls=true/mini_batch=false,55,1.0,60311501.0,Flat
engine/rocksdb/updating_join/updating_join/restore_rebuilt/16384/domain=16384/bytes=264/nulls=true/mini_batch=false,56,1.0,126931361.0,Flat
engine/rocksdb/updating_join/updating_join/restore_rebuilt/16384/domain=16384/bytes=264/nulls=true/mini_batch=false,57,1.0,150013272.0,Flat
engine/rocksdb/updating_join/updating_join/restore_rebuilt/16384/domain=16384/bytes=264/nulls=true/mini_batch=false,58,1.0,61015916.0,Flat
engine/rocksdb/updating_join/updating_join/restore_rebuilt/16384/domain=16384/bytes=264/nulls=true/mini_batch=false,59,1.0,61038962.0,Flat
engine/rocksdb/updating_join/updating_join/restore_rebuilt/16384/domain=16384/bytes=264/nulls=true/mini_batch=false,60,1.0,59673696.0,Flat
engine/rocksdb/updating_join/updating_join/restore_rebuilt/16384/domain=16384/bytes=264/nulls=true/mini_batch=false,61,1.0,57318958.0,Flat
engine/rocksdb/updating_join/updating_join/restore_rebuilt/16384/domain=16384/bytes=264/nulls=true/mini_batch=false,62,1.0,61418391.0,Flat
engine/rocksdb/updating_join/updating_join/restore_rebuilt/16384/domain=16384/bytes=264/nulls=true/mini_batch=false,63,1.0,67230113.0,Flat
engine/rocksdb/updating_join/updating_join/restore_rebuilt/16384/domain=16384/bytes=264/nulls=true/mini_batch=false,64,1.0,64838384.0,Flat
engine/rocksdb/updating_join/updating_join/restore_rebuilt/16384/domain=16384/bytes=264/nulls=true/mini_batch=false,65,1.0,62739300.0,Flat
engine/rocksdb/updating_join/updating_join/restore_rebuilt/16384/domain=16384/bytes=264/nulls=true/mini_batch=false,66,1.0,59997505.0,Flat
engine/rocksdb/updating_join/updating_join/restore_rebuilt/16384/domain=16384/bytes=264/nulls=true/mini_batch=false,67,1.0,58235341.0,Flat
engine/rocksdb/updating_join/updating_join/restore_rebuilt/16384/domain=16384/bytes=264/nulls=true/mini_batch=false,68,1.0,58406450.0,Flat
engine/rocksdb/updating_join/updating_join/restore_rebuilt/16384/domain=16384/bytes=264/nulls=true/mini_batch=false,69,1.0,58210446.0,Flat
engine/rocksdb/updating_join/updating_join/restore_rebuilt/16384/domain=16384/bytes=264/nulls=true/mini_batch=false,70,1.0,59588262.0,Flat
engine/rocksdb/updating_join/updating_join/restore_rebuilt/16384/domain=16384/bytes=264/nulls=true/mini_batch=false,71,1.0,59997604.0,Flat
engine/rocksdb/updating_join/updating_join/restore_rebuilt/16384/domain=16384/bytes=264/nulls=true/mini_batch=false,72,1.0,58972469.0,Flat
engine/rocksdb/updating_join/updating_join/restore_rebuilt/16384/domain=16384/bytes=264/nulls=true/mini_batch=false,73,1.0,60077540.0,Flat
engine/rocksdb/updating_join/updating_join/restore_rebuilt/16384/domain=16384/bytes=264/nulls=true/mini_batch=false,74,1.0,59141351.0,Flat
engine/rocksdb/updating_join/updating_join/restore_rebuilt/16384/domain=16384/bytes=264/nulls=true/mini_batch=false,75,1.0,60317487.0,Flat
engine/rocksdb/updating_join/updating_join/restore_rebuilt/16384/domain=16384/bytes=264/nulls=true/mini_batch=false,76,1.0,59833756.0,Flat
engine/rocksdb/updating_join/updating_join/restore_rebuilt/16384/domain=16384/bytes=264/nulls=true/mini_batch=false,77,1.0,59126677.0,Flat
engine/rocksdb/updating_join/updating_join/restore_rebuilt/16384/domain=16384/bytes=264/nulls=true/mini_batch=false,78,1.0,60565138.0,Flat
engine/rocksdb/updating_join/updating_join/restore_rebuilt/16384/domain=16384/bytes=264/nulls=true/mini_batch=false,79,1.0,191679243.0,Flat
engine/rocksdb/updating_join/updating_join/restore_rebuilt/16384/domain=16384/bytes=264/nulls=true/mini_batch=false,80,1.0,59406622.0,Flat
engine/rocksdb/updating_join/updating_join/restore_rebuilt/16384/domain=16384/bytes=264/nulls=true/mini_batch=false,81,1.0,59088351.0,Flat
engine/rocksdb/updating_join/updating_join/restore_rebuilt/16384/domain=16384/bytes=264/nulls=true/mini_batch=false,82,1.0,59082580.0,Flat
engine/rocksdb/updating_join/updating_join/restore_rebuilt/16384/domain=16384/bytes=264/nulls=true/mini_batch=false,83,1.0,66005101.0,Flat
engine/rocksdb/updating_join/updating_join/restore_rebuilt/16384/domain=16384/bytes=264/nulls=true/mini_batch=false,84,1.0,59985032.0,Flat
engine/rocksdb/updating_join/updating_join/restore_rebuilt/16384/domain=16384/bytes=264/nulls=true/mini_batch=false,85,1.0,59274426.0,Flat
engine/rocksdb/updating_join/updating_join/restore_rebuilt/16384/domain=16384/bytes=264/nulls=true/mini_batch=false,86,1.0,58476356.0,Flat
engine/rocksdb/updating_join/updating_join/restore_rebuilt/16384/domain=16384/bytes=264/nulls=true/mini_batch=false,87,1.0,59522000.0,Flat
engine/rocksdb/updating_join/updating_join/restore_rebuilt/16384/domain=16384/bytes=264/nulls=true/mini_batch=false,88,1.0,66480831.0,Flat
engine/rocksdb/updating_join/updating_join/restore_rebuilt/16384/domain=16384/bytes=264/nulls=true/mini_batch=false,89,1.0,59182186.0,Flat
engine/rocksdb/updating_join/updating_join/restore_rebuilt/16384/domain=16384/bytes=264/nulls=true/mini_batch=false,90,1.0,58799213.0,Flat
engine/rocksdb/updating_join/updating_join/restore_rebuilt/16384/domain=16384/bytes=264/nulls=true/mini_batch=false,91,1.0,64237891.0,Flat
engine/rocksdb/updating_join/updating_join/restore_rebuilt/16384/domain=16384/bytes=264/nulls=true/mini_batch=false,92,1.0,66371962.0,Flat
engine/rocksdb/updating_join/updating_join/restore_rebuilt/16384/domain=16384/bytes=264/nulls=true/mini_batch=false,93,1.0,63117642.0,Flat
engine/rocksdb/updating_join/updating_join/restore_rebuilt/16384/domain=16384/bytes=264/nulls=true/mini_batch=false,94,1.0,60794124.0,Flat
engine/rocksdb/updating_join/updating_join/restore_rebuilt/16384/domain=16384/bytes=264/nulls=true/mini_batch=false,95,1.0,60672197.0,Flat
engine/rocksdb/updating_join/updating_join/restore_rebuilt/16384/domain=16384/bytes=264/nulls=true/mini_batch=false,96,1.0,58772385.0,Flat
engine/rocksdb/updating_join/updating_join/restore_rebuilt/16384/domain=16384/bytes=264/nulls=true/mini_batch=false,97,1.0,62237639.0,Flat
engine/rocksdb/updating_join/updating_join/restore_rebuilt/16384/domain=16384/bytes=264/nulls=true/mini_batch=false,98,1.0,61441257.0,Flat
engine/rocksdb/updating_join/updating_join/restore_rebuilt/16384/domain=16384/bytes=264/nulls=true/mini_batch=false,99,1.0,61462565.0,Flat
engine/rocksdb/updating_join/updating_join/restore_rebuilt/16384/domain=16384/bytes=264/nulls=true/mini_batch=true,0,1.0,41337113.0,Flat
engine/rocksdb/updating_join/updating_join/restore_rebuilt/16384/domain=16384/bytes=264/nulls=true/mini_batch=true,1,1.0,39750002.0,Flat
engine/rocksdb/updating_join/updating_join/restore_rebuilt/16384/domain=16384/bytes=264/nulls=true/mini_batch=true,2,1.0,46225168.0,Flat
engine/rocksdb/updating_join/updating_join/restore_rebuilt/16384/domain=16384/bytes=264/nulls=true/mini_batch=true,3,1.0,39608223.0,Flat
engine/rocksdb/updating_join/updating_join/restore_rebuilt/16384/domain=16384/bytes=264/nulls=true/mini_batch=true,4,1.0,36627360.0,Flat
engine/rocksdb/updating_join/updating_join/restore_rebuilt/16384/domain=16384/bytes=264/nulls=true/mini_batch=true,5,1.0,36748714.0,Flat
engine/rocksdb/updating_join/updating_join/restore_rebuilt/16384/domain=16384/bytes=264/nulls=true/mini_batch=true,6,1.0,36966059.0,Flat
engine/rocksdb/updating_join/updating_join/restore_rebuilt/16384/domain=16384/bytes=264/nulls=true/mini_batch=true,7,1.0,38573136.0,Flat
engine/rocksdb/updating_join/updating_join/restore_rebuilt/16384/domain=16384/bytes=264/nulls=true/mini_batch=true,8,1.0,35884316.0,Flat
engine/rocksdb/updating_join/updating_join/restore_rebuilt/16384/domain=16384/bytes=264/nulls=true/mini_batch=true,9,1.0,37869860.0,Flat
engine/rocksdb/updating_join/updating_join/restore_rebuilt/16384/domain=16384/bytes=264/nulls=true/mini_batch=true,10,1.0,38745885.0,Flat
engine/rocksdb/updating_join/updating_join/restore_rebuilt/16384/domain=16384/bytes=264/nulls=true/mini_batch=true,11,1.0,37122570.0,Flat
engine/rocksdb/updating_join/updating_join/restore_rebuilt/16384/domain=16384/bytes=264/nulls=true/mini_batch=true,12,1.0,36357259.0,Flat
engine/rocksdb/updating_join/updating_join/restore_rebuilt/16384/domain=16384/bytes=264/nulls=true/mini_batch=true,13,1.0,38069788.0,Flat
engine/rocksdb/updating_join/updating_join/restore_rebuilt/16384/domain=16384/bytes=264/nulls=true/mini_batch=true,14,1.0,41882786.0,Flat
engine/rocksdb/updating_join/updating_join/restore_rebuilt/16384/domain=16384/bytes=264/nulls=true/mini_batch=true,15,1.0,37426760.0,Flat
engine/rocksdb/updating_join/updating_join/restore_rebuilt/16384/domain=16384/bytes=264/nulls=true/mini_batch=true,16,1.0,35781811.0,Flat
engine/rocksdb/updating_join/updating_join/restore_rebuilt/16384/domain=16384/bytes=264/nulls=true/mini_batch=true,17,1.0,38071651.0,Flat
engine/rocksdb/updating_join/updating_join/restore_rebuilt/16384/domain=16384/bytes=264/nulls=true/mini_batch=true,18,1.0,39308614.0,Flat
engine/rocksdb/updating_join/updating_join/restore_rebuilt/16384/domain=16384/bytes=264/nulls=true/mini_batch=true,19,1.0,37369740.0,Flat
engine/rocksdb/updating_join/updating_join/restore_rebuilt/16384/domain=16384/bytes=264/nulls=true/mini_batch=true,20,1.0,37643518.0,Flat
engine/rocksdb/updating_join/updating_join/restore_rebuilt/16384/domain=16384/bytes=264/nulls=true/mini_batch=true,21,1.0,39148552.0,Flat
engine/rocksdb/updating_join/updating_join/restore_rebuilt/16384/domain=16384/bytes=264/nulls=true/mini_batch=true,22,1.0,37919306.0,Flat
engine/rocksdb/updating_join/updating_join/restore_rebuilt/16384/domain=16384/bytes=264/nulls=true/mini_batch=true,23,1.0,36905414.0,Flat
engine/rocksdb/updating_join/updating_join/restore_rebuilt/16384/domain=16384/bytes=264/nulls=true/mini_batch=true,24,1.0,39356847.0,Flat
engine/rocksdb/updating_join/updating_join/restore_rebuilt/16384/domain=16384/bytes=264/nulls=true/mini_batch=true,25,1.0,140527697.0,Flat
engine/rocksdb/updating_join/updating_join/restore_rebuilt/16384/domain=16384/bytes=264/nulls=true/mini_batch=true,26,1.0,85764352.0,Flat
engine/rocksdb/updating_join/updating_join/restore_rebuilt/16384/domain=16384/bytes=264/nulls=true/mini_batch=true,27,1.0,41284986.0,Flat
engine/rocksdb/updating_join/updating_join/restore_rebuilt/16384/domain=16384/bytes=264/nulls=true/mini_batch=true,28,1.0,38682629.0,Flat
engine/rocksdb/updating_join/updating_join/restore_rebuilt/16384/domain=16384/bytes=264/nulls=true/mini_batch=true,29,1.0,40000339.0,Flat
engine/rocksdb/updating_join/updating_join/restore_rebuilt/16384/domain=16384/bytes=264/nulls=true/mini_batch=true,30,1.0,39834916.0,Flat
engine/rocksdb/updating_join/updating_join/restore_rebuilt/16384/domain=16384/bytes=264/nulls=true/mini_batch=true,31,1.0,39853575.0,Flat
engine/rocksdb/updating_join/updating_join/restore_rebuilt/16384/domain=16384/bytes=264/nulls=true/mini_batch=true,32,1.0,43565792.0,Flat
engine/rocksdb/updating_join/updating_join/restore_rebuilt/16384/domain=16384/bytes=264/nulls=true/mini_batch=true,33,1.0,40646390.0,Flat
engine/rocksdb/updating_join/updating_join/restore_rebuilt/16384/domain=16384/bytes=264/nulls=true/mini_batch=true,34,1.0,41150324.0,Flat
engine/rocksdb/updating_join/updating_join/restore_rebuilt/16384/domain=16384/bytes=264/nulls=true/mini_batch=true,35,1.0,40851425.0,Flat
engine/rocksdb/updating_join/updating_join/restore_rebuilt/16384/domain=16384/bytes=264/nulls=true/mini_batch=true,36,1.0,39433782.0,Flat
engine/rocksdb/updating_join/updating_join/restore_rebuilt/16384/domain=16384/bytes=264/nulls=true/mini_batch=true,37,1.0,39002878.0,Flat
engine/rocksdb/updating_join/updating_join/restore_rebuilt/16384/domain=16384/bytes=264/nulls=true/mini_batch=true,38,1.0,39582930.0,Flat
engine/rocksdb/updating_join/updating_join/restore_rebuilt/16384/domain=16384/bytes=264/nulls=true/mini_batch=true,39,1.0,43159018.0,Flat
engine/rocksdb/updating_join/updating_join/restore_rebuilt/16384/domain=16384/bytes=264/nulls=true/mini_batch=true,40,1.0,38943927.0,Flat
engine/rocksdb/updating_join/updating_join/restore_rebuilt/16384/domain=16384/bytes=264/nulls=true/mini_batch=true,41,1.0,38662203.0,Flat
engine/rocksdb/updating_join/updating_join/restore_rebuilt/16384/domain=16384/bytes=264/nulls=true/mini_batch=true,42,1.0,38624408.0,Flat
engine/rocksdb/updating_join/updating_join/restore_rebuilt/16384/domain=16384/bytes=264/nulls=true/mini_batch=true,43,1.0,42461827.0,Flat
engine/rocksdb/updating_join/updating_join/restore_rebuilt/16384/domain=16384/bytes=264/nulls=true/mini_batch=true,44,1.0,37617760.0,Flat
engine/rocksdb/updating_join/updating_join/restore_rebuilt/16384/domain=16384/bytes=264/nulls=true/mini_batch=true,45,1.0,39607170.0,Flat
engine/rocksdb/updating_join/updating_join/restore_rebuilt/16384/domain=16384/bytes=264/nulls=true/mini_batch=true,46,1.0,41665809.0,Flat
engine/rocksdb/updating_join/updating_join/restore_rebuilt/16384/domain=16384/bytes=264/nulls=true/mini_batch=true,47,1.0,37997259.0,Flat
engine/rocksdb/updating_join/updating_join/restore_rebuilt/16384/domain=16384/bytes=264/nulls=true/mini_batch=true,48,1.0,40385327.0,Flat
engine/rocksdb/updating_join/updating_join/restore_rebuilt/16384/domain=16384/bytes=264/nulls=true/mini_batch=true,49,1.0,39869207.0,Flat
engine/rocksdb/updating_join/updating_join/restore_rebuilt/16384/domain=16384/bytes=264/nulls=true/mini_batch=true,50,1.0,39091579.0,Flat
engine/rocksdb/updating_join/updating_join/restore_rebuilt/16384/domain=16384/bytes=264/nulls=true/mini_batch=true,51,1.0,38462860.0,Flat
engine/rocksdb/updating_join/updating_join/restore_rebuilt/16384/domain=16384/bytes=264/nulls=true/mini_batch=true,52,1.0,39190630.0,Flat
engine/rocksdb/updating_join/updating_join/restore_rebuilt/16384/domain=16384/bytes=264/nulls=true/mini_batch=true,53,1.0,42213982.0,Flat
engine/rocksdb/updating_join/updating_join/restore_rebuilt/16384/domain=16384/bytes=264/nulls=true/mini_batch=true,54,1.0,37516906.0,Flat
engine/rocksdb/updating_join/updating_join/restore_rebuilt/16384/domain=16384/bytes=264/nulls=true/mini_batch=true,55,1.0,37373057.0,Flat
engine/rocksdb/updating_join/updating_join/restore_rebuilt/16384/domain=16384/bytes=264/nulls=true/mini_batch=true,56,1.0,38285538.0,Flat
engine/rocksdb/updating_join/updating_join/restore_rebuilt/16384/domain=16384/bytes=264/nulls=true/mini_batch=true,57,1.0,122428945.0,Flat
engine/rocksdb/updating_join/updating_join/restore_rebuilt/16384/domain=16384/bytes=264/nulls=true/mini_batch=true,58,1.0,106066233.0,Flat
engine/rocksdb/updating_join/updating_join/restore_rebuilt/16384/domain=16384/bytes=264/nulls=true/mini_batch=true,59,1.0,38722085.0,Flat
engine/rocksdb/updating_join/updating_join/restore_rebuilt/16384/domain=16384/bytes=264/nulls=true/mini_batch=true,60,1.0,40062565.0,Flat
engine/rocksdb/updating_join/updating_join/restore_rebuilt/16384/domain=16384/bytes=264/nulls=true/mini_batch=true,61,1.0,39841863.0,Flat
engine/rocksdb/updating_join/updating_join/restore_rebuilt/16384/domain=16384/bytes=264/nulls=true/mini_batch=true,62,1.0,36118901.0,Flat
engine/rocksdb/updating_join/updating_join/restore_rebuilt/16384/domain=16384/bytes=264/nulls=true/mini_batch=true,63,1.0,39374592.0,Flat
engine/rocksdb/updating_join/updating_join/restore_rebuilt/16384/domain=16384/bytes=264/nulls=true/mini_batch=true,64,1.0,38234621.0,Flat
engine/rocksdb/updating_join/updating_join/restore_rebuilt/16384/domain=16384/bytes=264/nulls=true/mini_batch=true,65,1.0,37827416.0,Flat
engine/rocksdb/updating_join/updating_join/restore_rebuilt/16384/domain=16384/bytes=264/nulls=true/mini_batch=true,66,1.0,38045688.0,Flat
engine/rocksdb/updating_join/updating_join/restore_rebuilt/16384/domain=16384/bytes=264/nulls=true/mini_batch=true,67,1.0,43070191.0,Flat
engine/rocksdb/updating_join/updating_join/restore_rebuilt/16384/domain=16384/bytes=264/nulls=true/mini_batch=true,68,1.0,41845687.0,Flat
engine/rocksdb/updating_join/updating_join/restore_rebuilt/16384/domain=16384/bytes=264/nulls=true/mini_batch=true,69,1.0,39295614.0,Flat
engine/rocksdb/updating_join/updating_join/restore_rebuilt/16384/domain=16384/bytes=264/nulls=true/mini_batch=true,70,1.0,40565815.0,Flat
engine/rocksdb/updating_join/updating_join/restore_rebuilt/16384/domain=16384/bytes=264/nulls=true/mini_batch=true,71,1.0,41494310.0,Flat
engine/rocksdb/updating_join/updating_join/restore_rebuilt/16384/domain=16384/bytes=264/nulls=true/mini_batch=true,72,1.0,40390200.0,Flat
engine/rocksdb/updating_join/updating_join/restore_rebuilt/16384/domain=16384/bytes=264/nulls=true/mini_batch=true,73,1.0,40178322.0,Flat
engine/rocksdb/updating_join/updating_join/restore_rebuilt/16384/domain=16384/bytes=264/nulls=true/mini_batch=true,74,1.0,41237948.0,Flat
engine/rocksdb/updating_join/updating_join/restore_rebuilt/16384/domain=16384/bytes=264/nulls=true/mini_batch=true,75,1.0,41130427.0,Flat
engine/rocksdb/updating_join/updating_join/restore_rebuilt/16384/domain=16384/bytes=264/nulls=true/mini_batch=true,76,1.0,40020579.0,Flat
engine/rocksdb/updating_join/updating_join/restore_rebuilt/16384/domain=16384/bytes=264/nulls=true/mini_batch=true,77,1.0,38427437.0,Flat
engine/rocksdb/updating_join/updating_join/restore_rebuilt/16384/domain=16384/bytes=264/nulls=true/mini_batch=true,78,1.0,52296810.0,Flat
engine/rocksdb/updating_join/updating_join/restore_rebuilt/16384/domain=16384/bytes=264/nulls=true/mini_batch=true,79,1.0,38217188.0,Flat
engine/rocksdb/updating_join/updating_join/restore_rebuilt/16384/domain=16384/bytes=264/nulls=true/mini_batch=true,80,1.0,41595073.0,Flat
engine/rocksdb/updating_join/updating_join/restore_rebuilt/16384/domain=16384/bytes=264/nulls=true/mini_batch=true,81,1.0,40714245.0,Flat
engine/rocksdb/updating_join/updating_join/restore_rebuilt/16384/domain=16384/bytes=264/nulls=true/mini_batch=true,82,1.0,36942798.0,Flat
engine/rocksdb/updating_join/updating_join/restore_rebuilt/16384/domain=16384/bytes=264/nulls=true/mini_batch=true,83,1.0,50875908.0,Flat
engine/rocksdb/updating_join/updating_join/restore_rebuilt/16384/domain=16384/bytes=264/nulls=true/mini_batch=true,84,1.0,40603529.0,Flat
engine/rocksdb/updating_join/updating_join/restore_rebuilt/16384/domain=16384/bytes=264/nulls=true/mini_batch=true,85,1.0,40539103.0,Flat
engine/rocksdb/updating_join/updating_join/restore_rebuilt/16384/domain=16384/bytes=264/nulls=true/mini_batch=true,86,1.0,40536123.0,Flat
engine/rocksdb/updating_join/updating_join/restore_rebuilt/16384/domain=16384/bytes=264/nulls=true/mini_batch=true,87,1.0,41540922.0,Flat
engine/rocksdb/updating_join/updating_join/restore_rebuilt/16384/domain=16384/bytes=264/nulls=true/mini_batch=true,88,1.0,42555697.0,Flat
engine/rocksdb/updating_join/updating_join/restore_rebuilt/16384/domain=16384/bytes=264/nulls=true/mini_batch=true,89,1.0,94809964.0,Flat
engine/rocksdb/updating_join/updating_join/restore_rebuilt/16384/domain=16384/bytes=264/nulls=true/mini_batch=true,90,1.0,106438530.0,Flat
engine/rocksdb/updating_join/updating_join/restore_rebuilt/16384/domain=16384/bytes=264/nulls=true/mini_batch=true,91,1.0,41655817.0,Flat
engine/rocksdb/updating_join/updating_join/restore_rebuilt/16384/domain=16384/bytes=264/nulls=true/mini_batch=true,92,1.0,39874342.0,Flat
engine/rocksdb/updating_join/updating_join/restore_rebuilt/16384/domain=16384/bytes=264/nulls=true/mini_batch=true,93,1.0,37673398.0,Flat
engine/rocksdb/updating_join/updating_join/restore_rebuilt/16384/domain=16384/bytes=264/nulls=true/mini_batch=true,94,1.0,39328490.0,Flat
engine/rocksdb/updating_join/updating_join/restore_rebuilt/16384/domain=16384/bytes=264/nulls=true/mini_batch=true,95,1.0,41294000.0,Flat
engine/rocksdb/updating_join/updating_join/restore_rebuilt/16384/domain=16384/bytes=264/nulls=true/mini_batch=true,96,1.0,43411423.0,Flat
engine/rocksdb/updating_join/updating_join/restore_rebuilt/16384/domain=16384/bytes=264/nulls=true/mini_batch=true,97,1.0,39874474.0,Flat
engine/rocksdb/updating_join/updating_join/restore_rebuilt/16384/domain=16384/bytes=264/nulls=true/mini_batch=true,98,1.0,42385015.0,Flat
engine/rocksdb/updating_join/updating_join/restore_rebuilt/16384/domain=16384/bytes=264/nulls=true/mini_batch=true,99,1.0,42492703.0,Flat
engine/rocksdb/updating_join/updating_join/restore_rebuilt/16384/domain=8/bytes=264/nulls=true/mini_batch=false,0,1.0,64585908.0,Flat
engine/rocksdb/updating_join/updating_join/restore_rebuilt/16384/domain=8/bytes=264/nulls=true/mini_batch=false,1,1.0,75023248.0,Flat
engine/rocksdb/updating_join/updating_join/restore_rebuilt/16384/domain=8/bytes=264/nulls=true/mini_batch=false,2,1.0,68035465.0,Flat
engine/rocksdb/updating_join/updating_join/restore_rebuilt/16384/domain=8/bytes=264/nulls=true/mini_batch=false,3,1.0,74193375.0,Flat
engine/rocksdb/updating_join/updating_join/restore_rebuilt/16384/domain=8/bytes=264/nulls=true/mini_batch=false,4,1.0,61926635.0,Flat
engine/rocksdb/updating_join/updating_join/restore_rebuilt/16384/domain=8/bytes=264/nulls=true/mini_batch=false,5,1.0,73527839.0,Flat
engine/rocksdb/updating_join/updating_join/restore_rebuilt/16384/domain=8/bytes=264/nulls=true/mini_batch=false,6,1.0,77860614.0,Flat
engine/rocksdb/updating_join/updating_join/restore_rebuilt/16384/domain=8/bytes=264/nulls=true/mini_batch=false,7,1.0,63744672.0,Flat
engine/rocksdb/updating_join/updating_join/restore_rebuilt/16384/domain=8/bytes=264/nulls=true/mini_batch=false,8,1.0,64673460.0,Flat
engine/rocksdb/updating_join/updating_join/restore_rebuilt/16384/domain=8/bytes=264/nulls=true/mini_batch=false,9,1.0,64378386.0,Flat
engine/rocksdb/updating_join/updating_join/restore_rebuilt/16384/domain=8/bytes=264/nulls=true/mini_batch=false,10,1.0,73183211.0,Flat
engine/rocksdb/updating_join/updating_join/restore_rebuilt/16384/domain=8/bytes=264/nulls=true/mini_batch=false,11,1.0,61861480.0,Flat
engine/rocksdb/updating_join/updating_join/restore_rebuilt/16384/domain=8/bytes=264/nulls=true/mini_batch=false,12,1.0,81018967.0,Flat
engine/rocksdb/updating_join/updating_join/restore_rebuilt/16384/domain=8/bytes=264/nulls=true/mini_batch=false,13,1.0,63901568.0,Flat
engine/rocksdb/updating_join/updating_join/restore_rebuilt/16384/domain=8/bytes=264/nulls=true/mini_batch=false,14,1.0,141886663.0,Flat
engine/rocksdb/updating_join/updating_join/restore_rebuilt/16384/domain=8/bytes=264/nulls=true/mini_batch=false,15,1.0,64306778.0,Flat
engine/rocksdb/updating_join/updating_join/restore_rebuilt/16384/domain=8/bytes=264/nulls=true/mini_batch=false,16,1.0,72564764.0,Flat
engine/rocksdb/updating_join/updating_join/restore_rebuilt/16384/domain=8/bytes=264/nulls=true/mini_batch=false,17,1.0,67231402.0,Flat
engine/rocksdb/updating_join/updating_join/restore_rebuilt/16384/domain=8/bytes=264/nulls=true/mini_batch=false,18,1.0,63346595.0,Flat
engine/rocksdb/updating_join/updating_join/restore_rebuilt/16384/domain=8/bytes=264/nulls=true/mini_batch=false,19,1.0,71394719.0,Flat
engine/rocksdb/updating_join/updating_join/restore_rebuilt/16384/domain=8/bytes=264/nulls=true/mini_batch=false,20,1.0,58165413.0,Flat
engine/rocksdb/updating_join/updating_join/restore_rebuilt/16384/domain=8/bytes=264/nulls=true/mini_batch=false,21,1.0,89729656.0,Flat
engine/rocksdb/updating_join/updating_join/restore_rebuilt/16384/domain=8/bytes=264/nulls=true/mini_batch=false,22,1.0,78414232.0,Flat
engine/rocksdb/updating_join/updating_join/restore_rebuilt/16384/domain=8/bytes=264/nulls=true/mini_batch=false,23,1.0,59348363.0,Flat
engine/rocksdb/updating_join/updating_join/restore_rebuilt/16384/domain=8/bytes=264/nulls=true/mini_batch=false,24,1.0,69739564.0,Flat
engine/rocksdb/updating_join/updating_join/restore_rebuilt/16384/domain=8/bytes=264/nulls=true/mini_batch=false,25,1.0,61608586.0,Flat
engine/rocksdb/updating_join/updating_join/restore_rebuilt/16384/domain=8/bytes=264/nulls=true/mini_batch=false,26,1.0,59610273.0,Flat
engine/rocksdb/updating_join/updating_join/restore_rebuilt/16384/domain=8/bytes=264/nulls=true/mini_batch=false,27,1.0,72316183.0,Flat
engine/rocksdb/updating_join/updating_join/restore_rebuilt/16384/domain=8/bytes=264/nulls=true/mini_batch=false,28,1.0,64426562.0,Flat
engine/rocksdb/updating_join/updating_join/restore_rebuilt/16384/domain=8/bytes=264/nulls=true/mini_batch=false,29,1.0,65615360.0,Flat
engine/rocksdb/updating_join/updating_join/restore_rebuilt/16384/domain=8/bytes=264/nulls=true/mini_batch=false,30,1.0,71176533.0,Flat
engine/rocksdb/updating_join/updating_join/restore_rebuilt/16384/domain=8/bytes=264/nulls=true/mini_batch=false,31,1.0,67215976.0,Flat
engine/rocksdb/updating_join/updating_join/restore_rebuilt/16384/domain=8/bytes=264/nulls=true/mini_batch=false,32,1.0,74598255.0,Flat
engine/rocksdb/updating_join/updating_join/restore_rebuilt/16384/domain=8/bytes=264/nulls=true/mini_batch=false,33,1.0,65200205.0,Flat
engine/rocksdb/updating_join/updating_join/restore_rebuilt/16384/domain=8/bytes=264/nulls=true/mini_batch=false,34,1.0,68781099.0,Flat
engine/rocksdb/updating_join/updating_join/restore_rebuilt/16384/domain=8/bytes=264/nulls=true/mini_batch=false,35,1.0,80050417.0,Flat
engine/rocksdb/updating_join/updating_join/restore_rebuilt/16384/domain=8/bytes=264/nulls=true/mini_batch=false,36,1.0,69262448.0,Flat
engine/rocksdb/updating_join/updating_join/restore_rebuilt/16384/domain=8/bytes=264/nulls=true/mini_batch=false,37,1.0,66369589.0,Flat
engine/rocksdb/updating_join/updating_join/restore_rebuilt/16384/domain=8/bytes=264/nulls=true/mini_batch=false,38,1.0,72800844.0,Flat
engine/rocksdb/updating_join/updating_join/restore_rebuilt/16384/domain=8/bytes=264/nulls=true/mini_batch=false,39,1.0,85441784.0,Flat
engine/rocksdb/updating_join/updating_join/restore_rebuilt/16384/domain=8/bytes=264/nulls=true/mini_batch=false,40,1.0,91004419.0,Flat
engine/rocksdb/updating_join/updating_join/restore_rebuilt/16384/domain=8/bytes=264/nulls=true/mini_batch=false,41,1.0,114674805.0,Flat
engine/rocksdb/updating_join/updating_join/restore_rebuilt/16384/domain=8/bytes=264/nulls=true/mini_batch=false,42,1.0,104918211.0,Flat
engine/rocksdb/updating_join/updating_join/restore_rebuilt/16384/domain=8/bytes=264/nulls=true/mini_batch=false,43,1.0,116992185.0,Flat
engine/rocksdb/updating_join/updating_join/restore_rebuilt/16384/domain=8/bytes=264/nulls=true/mini_batch=false,44,1.0,101694790.0,Flat
engine/rocksdb/updating_join/updating_join/restore_rebuilt/16384/domain=8/bytes=264/nulls=true/mini_batch=false,45,1.0,21464461.0,Flat
engine/rocksdb/updating_join/updating_join/restore_rebuilt/16384/domain=8/bytes=264/nulls=true/mini_batch=false,46,1.0,16595895.0,Flat
engine/rocksdb/updating_join/updating_join/restore_rebuilt/16384/domain=8/bytes=264/nulls=true/mini_batch=false,47,1.0,19947770.0,Flat
engine/rocksdb/updating_join/updating_join/restore_rebuilt/16384/domain=8/bytes=264/nulls=true/mini_batch=false,48,1.0,17015720.0,Flat
engine/rocksdb/updating_join/updating_join/restore_rebuilt/16384/domain=8/bytes=264/nulls=true/mini_batch=false,49,1.0,17819253.0,Flat
engine/rocksdb/updating_join/updating_join/restore_rebuilt/16384/domain=8/bytes=264/nulls=true/mini_batch=false,50,1.0,15948913.0,Flat
engine/rocksdb/updating_join/updating_join/restore_rebuilt/16384/domain=8/bytes=264/nulls=true/mini_batch=false,51,1.0,19778309.0,Flat
engine/rocksdb/updating_join/updating_join/restore_rebuilt/16384/domain=8/bytes=264/nulls=true/mini_batch=false,52,1.0,17492914.0,Flat
engine/rocksdb/updating_join/updating_join/restore_rebuilt/16384/domain=8/bytes=264/nulls=true/mini_batch=false,53,1.0,16778090.0,Flat
engine/rocksdb/updating_join/updating_join/restore_rebuilt/16384/domain=8/bytes=264/nulls=true/mini_batch=false,54,1.0,17695276.0,Flat
engine/rocksdb/updating_join/updating_join/restore_rebuilt/16384/domain=8/bytes=264/nulls=true/mini_batch=false,55,1.0,16291115.0,Flat
engine/rocksdb/updating_join/updating_join/restore_rebuilt/16384/domain=8/bytes=264/nulls=true/mini_batch=false,56,1.0,18625592.0,Flat
engine/rocksdb/updating_join/updating_join/restore_rebuilt/16384/domain=8/bytes=264/nulls=true/mini_batch=false,57,1.0,15470408.0,Flat
engine/rocksdb/updating_join/updating_join/restore_rebuilt/16384/domain=8/bytes=264/nulls=true/mini_batch=false,58,1.0,15843481.0,Flat
engine/rocksdb/updating_join/updating_join/restore_rebuilt/16384/domain=8/bytes=264/nulls=true/mini_batch=false,59,1.0,16270525.0,Flat
engine/rocksdb/updating_join/updating_join/restore_rebuilt/16384/domain=8/bytes=264/nulls=true/mini_batch=false,60,1.0,16718485.0,Flat
engine/rocksdb/updating_join/updating_join/restore_rebuilt/16384/domain=8/bytes=264/nulls=true/mini_batch=false,61,1.0,17965519.0,Flat
engine/rocksdb/updating_join/updating_join/restore_rebuilt/16384/domain=8/bytes=264/nulls=true/mini_batch=false,62,1.0,15722275.0,Flat
engine/rocksdb/updating_join/updating_join/restore_rebuilt/16384/domain=8/bytes=264/nulls=true/mini_batch=false,63,1.0,17964035.0,Flat
engine/rocksdb/updating_join/updating_join/restore_rebuilt/16384/domain=8/bytes=264/nulls=true/mini_batch=false,64,1.0,15552372.0,Flat
engine/rocksdb/updating_join/updating_join/restore_rebuilt/16384/domain=8/bytes=264/nulls=true/mini_batch=false,65,1.0,18052304.0,Flat
engine/rocksdb/updating_join/updating_join/restore_rebuilt/16384/domain=8/bytes=264/nulls=true/mini_batch=false,66,1.0,18004908.0,Flat
engine/rocksdb/updating_join/updating_join/restore_rebuilt/16384/domain=8/bytes=264/nulls=true/mini_batch=false,67,1.0,16295841.0,Flat
engine/rocksdb/updating_join/updating_join/restore_rebuilt/16384/domain=8/bytes=264/nulls=true/mini_batch=false,68,1.0,18027388.0,Flat
engine/rocksdb/updating_join/updating_join/restore_rebuilt/16384/domain=8/bytes=264/nulls=true/mini_batch=false,69,1.0,17400561.0,Flat
engine/rocksdb/updating_join/updating_join/restore_rebuilt/16384/domain=8/bytes=264/nulls=true/mini_batch=false,70,1.0,16243334.0,Flat
engine/rocksdb/updating_join/updating_join/restore_rebuilt/16384/domain=8/bytes=264/nulls=true/mini_batch=false,71,1.0,16162446.0,Flat
engine/rocksdb/updating_join/updating_join/restore_rebuilt/16384/domain=8/bytes=264/nulls=true/mini_batch=false,72,1.0,15875668.0,Flat
engine/rocksdb/updating_join/updating_join/restore_rebuilt/16384/domain=8/bytes=264/nulls=true/mini_batch=false,73,1.0,17556259.0,Flat
engine/rocksdb/updating_join/updating_join/restore_rebuilt/16384/domain=8/bytes=264/nulls=true/mini_batch=false,74,1.0,15755608.0,Flat
engine/rocksdb/updating_join/updating_join/restore_rebuilt/16384/domain=8/bytes=264/nulls=true/mini_batch=false,75,1.0,18391419.0,Flat
engine/rocksdb/updating_join/updating_join/restore_rebuilt/16384/domain=8/bytes=264/nulls=true/mini_batch=false,76,1.0,16745729.0,Flat
engine/rocksdb/updating_join/updating_join/restore_rebuilt/16384/domain=8/bytes=264/nulls=true/mini_batch=false,77,1.0,15769249.0,Flat
engine/rocksdb/updating_join/updating_join/restore_rebuilt/16384/domain=8/bytes=264/nulls=true/mini_batch=false,78,1.0,17047792.0,Flat
engine/rocksdb/updating_join/updating_join/restore_rebuilt/16384/domain=8/bytes=264/nulls=true/mini_batch=false,79,1.0,15621764.0,Flat
engine/rocksdb/updating_join/updating_join/restore_rebuilt/16384/domain=8/bytes=264/nulls=true/mini_batch=false,80,1.0,16657649.0,Flat
engine/rocksdb/updating_join/updating_join/restore_rebuilt/16384/domain=8/bytes=264/nulls=true/mini_batch=false,81,1.0,16123134.0,Flat
engine/rocksdb/updating_join/updating_join/restore_rebuilt/16384/domain=8/bytes=264/nulls=true/mini_batch=false,82,1.0,16676215.0,Flat
engine/rocksdb/updating_join/updating_join/restore_rebuilt/16384/domain=8/bytes=264/nulls=true/mini_batch=false,83,1.0,15435809.0,Flat
engine/rocksdb/updating_join/updating_join/restore_rebuilt/16384/domain=8/bytes=264/nulls=true/mini_batch=false,84,1.0,15435102.0,Flat
engine/rocksdb/updating_join/updating_join/restore_rebuilt/16384/domain=8/bytes=264/nulls=true/mini_batch=false,85,1.0,16051345.0,Flat
engine/rocksdb/updating_join/updating_join/restore_rebuilt/16384/domain=8/bytes=264/nulls=true/mini_batch=false,86,1.0,15568367.0,Flat
engine/rocksdb/updating_join/updating_join/restore_rebuilt/16384/domain=8/bytes=264/nulls=true/mini_batch=false,87,1.0,17659382.0,Flat
engine/rocksdb/updating_join/updating_join/restore_rebuilt/16384/domain=8/bytes=264/nulls=true/mini_batch=false,88,1.0,15371188.0,Flat
engine/rocksdb/updating_join/updating_join/restore_rebuilt/16384/domain=8/bytes=264/nulls=true/mini_batch=false,89,1.0,15510904.0,Flat
engine/rocksdb/updating_join/updating_join/restore_rebuilt/16384/domain=8/bytes=264/nulls=true/mini_batch=false,90,1.0,17276934.0,Flat
engine/rocksdb/updating_join/updating_join/restore_rebuilt/16384/domain=8/bytes=264/nulls=true/mini_batch=false,91,1.0,16653717.0,Flat
engine/rocksdb/updating_join/updating_join/restore_rebuilt/16384/domain=8/bytes=264/nulls=true/mini_batch=false,92,1.0,17941792.0,Flat
engine/rocksdb/updating_join/updating_join/restore_rebuilt/16384/domain=8/bytes=264/nulls=true/mini_batch=false,93,1.0,15883147.0,Flat
engine/rocksdb/updating_join/updating_join/restore_rebuilt/16384/domain=8/bytes=264/nulls=true/mini_batch=false,94,1.0,16122109.0,Flat
engine/rocksdb/updating_join/updating_join/restore_rebuilt/16384/domain=8/bytes=264/nulls=true/mini_batch=false,95,1.0,16547724.0,Flat
engine/rocksdb/updating_join/updating_join/restore_rebuilt/16384/domain=8/bytes=264/nulls=true/mini_batch=false,96,1.0,15851830.0,Flat
engine/rocksdb/updating_join/updating_join/restore_rebuilt/16384/domain=8/bytes=264/nulls=true/mini_batch=false,97,1.0,17415589.0,Flat
engine/rocksdb/updating_join/updating_join/restore_rebuilt/16384/domain=8/bytes=264/nulls=true/mini_batch=false,98,1.0,15117368.0,Flat
engine/rocksdb/updating_join/updating_join/restore_rebuilt/16384/domain=8/bytes=264/nulls=true/mini_batch=false,99,1.0,15226268.0,Flat
engine/rocksdb/updating_join/updating_join/restore_rebuilt/16384/domain=8/bytes=264/nulls=true/mini_batch=true,0,2.0,23896747.0,Flat
engine/rocksdb/updating_join/updating_join/restore_rebuilt/16384/domain=8/bytes=264/nulls=true/mini_batch=true,1,2.0,24621398.0,Flat
engine/rocksdb/updating_join/updating_join/restore_rebuilt/16384/domain=8/bytes=264/nulls=true/mini_batch=true,2,2.0,25689706.0,Flat
engine/rocksdb/updating_join/updating_join/restore_rebuilt/16384/domain=8/bytes=264/nulls=true/mini_batch=true,3,2.0,24099993.0,Flat
engine/rocksdb/updating_join/updating_join/restore_rebuilt/16384/domain=8/bytes=264/nulls=true/mini_batch=true,4,2.0,25181324.0,Flat
engine/rocksdb/updating_join/updating_join/restore_rebuilt/16384/domain=8/bytes=264/nulls=true/mini_batch=true,5,2.0,26022363.0,Flat
engine/rocksdb/updating_join/updating_join/restore_rebuilt/16384/domain=8/bytes=264/nulls=true/mini_batch=true,6,2.0,24212023.0,Flat
engine/rocksdb/updating_join/updating_join/restore_rebuilt/16384/domain=8/bytes=264/nulls=true/mini_batch=true,7,2.0,25423935.0,Flat
engine/rocksdb/updating_join/updating_join/restore_rebuilt/16384/domain=8/bytes=264/nulls=true/mini_batch=true,8,2.0,25883423.0,Flat
engine/rocksdb/updating_join/updating_join/restore_rebuilt/16384/domain=8/bytes=264/nulls=true/mini_batch=true,9,2.0,23773659.0,Flat
engine/rocksdb/updating_join/updating_join/restore_rebuilt/16384/domain=8/bytes=264/nulls=true/mini_batch=true,10,2.0,23848665.0,Flat
engine/rocksdb/updating_join/updating_join/restore_rebuilt/16384/domain=8/bytes=264/nulls=true/mini_batch=true,11,2.0,27788762.0,Flat
engine/rocksdb/updating_join/updating_join/restore_rebuilt/16384/domain=8/bytes=264/nulls=true/mini_batch=true,12,2.0,25807961.0,Flat
engine/rocksdb/updating_join/updating_join/restore_rebuilt/16384/domain=8/bytes=264/nulls=true/mini_batch=true,13,2.0,24712194.0,Flat
engine/rocksdb/updating_join/updating_join/restore_rebuilt/16384/domain=8/bytes=264/nulls=true/mini_batch=true,14,2.0,27535831.0,Flat
engine/rocksdb/updating_join/updating_join/restore_rebuilt/16384/domain=8/bytes=264/nulls=true/mini_batch=true,15,2.0,26607620.0,Flat
engine/rocksdb/updating_join/updating_join/restore_rebuilt/16384/domain=8/bytes=264/nulls=true/mini_batch=true,16,2.0,27570571.0,Flat
engine/rocksdb/updating_join/updating_join/restore_rebuilt/16384/domain=8/bytes=264/nulls=true/mini_batch=true,17,2.0,24678289.0,Flat
engine/rocksdb/updating_join/updating_join/restore_rebuilt/16384/domain=8/bytes=264/nulls=true/mini_batch=true,18,2.0,26437380.0,Flat
engine/rocksdb/updating_join/updating_join/restore_rebuilt/16384/domain=8/bytes=264/nulls=true/mini_batch=true,19,2.0,26416224.0,Flat
engine/rocksdb/updating_join/updating_join/restore_rebuilt/16384/domain=8/bytes=264/nulls=true/mini_batch=true,20,2.0,24662475.0,Flat
engine/rocksdb/updating_join/updating_join/restore_rebuilt/16384/domain=8/bytes=264/nulls=true/mini_batch=true,21,2.0,25157899.0,Flat
engine/rocksdb/updating_join/updating_join/restore_rebuilt/16384/domain=8/bytes=264/nulls=true/mini_batch=true,22,2.0,25805110.0,Flat
engine/rocksdb/updating_join/updating_join/restore_rebuilt/16384/domain=8/bytes=264/nulls=true/mini_batch=true,23,2.0,24313661.0,Flat
engine/rocksdb/updating_join/updating_join/restore_rebuilt/16384/domain=8/bytes=264/nulls=true/mini_batch=true,24,2.0,24991437.0,Flat
engine/rocksdb/updating_join/updating_join/restore_rebuilt/16384/domain=8/bytes=264/nulls=true/mini_batch=true,25,2.0,25208761.0,Flat
engine/rocksdb/updating_join/updating_join/restore_rebuilt/16384/domain=8/bytes=264/nulls=true/mini_batch=true,26,2.0,26079062.0,Flat
engine/rocksdb/updating_join/updating_join/restore_rebuilt/16384/domain=8/bytes=264/nulls=true/mini_batch=true,27,2.0,24639008.0,Flat
engine/rocksdb/updating_join/updating_join/restore_rebuilt/16384/domain=8/bytes=264/nulls=true/mini_batch=true,28,2.0,25539214.0,Flat
engine/rocksdb/updating_join/updating_join/restore_rebuilt/16384/domain=8/bytes=264/nulls=true/mini_batch=true,29,2.0,30674523.0,Flat
engine/rocksdb/updating_join/updating_join/restore_rebuilt/16384/domain=8/bytes=264/nulls=true/mini_batch=true,30,2.0,24983177.0,Flat
engine/rocksdb/updating_join/updating_join/restore_rebuilt/16384/domain=8/bytes=264/nulls=true/mini_batch=true,31,2.0,26445177.0,Flat
engine/rocksdb/updating_join/updating_join/restore_rebuilt/16384/domain=8/bytes=264/nulls=true/mini_batch=true,32,2.0,27140670.0,Flat
engine/rocksdb/updating_join/updating_join/restore_rebuilt/16384/domain=8/bytes=264/nulls=true/mini_batch=true,33,2.0,24087435.0,Flat
engine/rocksdb/updating_join/updating_join/restore_rebuilt/16384/domain=8/bytes=264/nulls=true/mini_batch=true,34,2.0,24063832.0,Flat
engine/rocksdb/updating_join/updating_join/restore_rebuilt/16384/domain=8/bytes=264/nulls=true/mini_batch=true,35,2.0,25965704.0,Flat
engine/rocksdb/updating_join/updating_join/restore_rebuilt/16384/domain=8/bytes=264/nulls=true/mini_batch=true,36,2.0,27526027.0,Flat
engine/rocksdb/updating_join/updating_join/restore_rebuilt/16384/domain=8/bytes=264/nulls=true/mini_batch=true,37,2.0,23016381.0,Flat
engine/rocksdb/updating_join/updating_join/restore_rebuilt/16384/domain=8/bytes=264/nulls=true/mini_batch=true,38,2.0,25705902.0,Flat
engine/rocksdb/updating_join/updating_join/restore_rebuilt/16384/domain=8/bytes=264/nulls=true/mini_batch=true,39,2.0,26099831.0,Flat
engine/rocksdb/updating_join/updating_join/restore_rebuilt/16384/domain=8/bytes=264/nulls=true/mini_batch=true,40,2.0,23993819.0,Flat
engine/rocksdb/updating_join/updating_join/restore_rebuilt/16384/domain=8/bytes=264/nulls=true/mini_batch=true,41,2.0,25973100.0,Flat
engine/rocksdb/updating_join/updating_join/restore_rebuilt/16384/domain=8/bytes=264/nulls=true/mini_batch=true,42,2.0,27101211.0,Flat
engine/rocksdb/updating_join/updating_join/restore_rebuilt/16384/domain=8/bytes=264/nulls=true/mini_batch=true,43,2.0,26482658.0,Flat
engine/rocksdb/updating_join/updating_join/restore_rebuilt/16384/domain=8/bytes=264/nulls=true/mini_batch=true,44,2.0,24632979.0,Flat
engine/rocksdb/updating_join/updating_join/restore_rebuilt/16384/domain=8/bytes=264/nulls=true/mini_batch=true,45,2.0,25911804.0,Flat
engine/rocksdb/updating_join/updating_join/restore_rebuilt/16384/domain=8/bytes=264/nulls=true/mini_batch=true,46,2.0,26394460.0,Flat
engine/rocksdb/updating_join/updating_join/restore_rebuilt/16384/domain=8/bytes=264/nulls=true/mini_batch=true,47,2.0,25299899.0,Flat
engine/rocksdb/updating_join/updating_join/restore_rebuilt/16384/domain=8/bytes=264/nulls=true/mini_batch=true,48,2.0,25136004.0,Flat
engine/rocksdb/updating_join/updating_join/restore_rebuilt/16384/domain=8/bytes=264/nulls=true/mini_batch=true,49,2.0,26545353.0,Flat
engine/rocksdb/updating_join/updating_join/restore_rebuilt/16384/domain=8/bytes=264/nulls=true/mini_batch=true,50,2.0,32860013.0,Flat
engine/rocksdb/updating_join/updating_join/restore_rebuilt/16384/domain=8/bytes=264/nulls=true/mini_batch=true,51,2.0,27504124.0,Flat
engine/rocksdb/updating_join/updating_join/restore_rebuilt/16384/domain=8/bytes=264/nulls=true/mini_batch=true,52,2.0,27660650.0,Flat
engine/rocksdb/updating_join/updating_join/restore_rebuilt/16384/domain=8/bytes=264/nulls=true/mini_batch=true,53,2.0,30914231.0,Flat
engine/rocksdb/updating_join/updating_join/restore_rebuilt/16384/domain=8/bytes=264/nulls=true/mini_batch=true,54,2.0,25096245.0,Flat
engine/rocksdb/updating_join/updating_join/restore_rebuilt/16384/domain=8/bytes=264/nulls=true/mini_batch=true,55,2.0,39262250.0,Flat
engine/rocksdb/updating_join/updating_join/restore_rebuilt/16384/domain=8/bytes=264/nulls=true/mini_batch=true,56,2.0,28272754.0,Flat
engine/rocksdb/updating_join/updating_join/restore_rebuilt/16384/domain=8/bytes=264/nulls=true/mini_batch=true,57,2.0,27021248.0,Flat
engine/rocksdb/updating_join/updating_join/restore_rebuilt/16384/domain=8/bytes=264/nulls=true/mini_batch=true,58,2.0,25619233.0,Flat
engine/rocksdb/updating_join/updating_join/restore_rebuilt/16384/domain=8/bytes=264/nulls=true/mini_batch=true,59,2.0,26005130.0,Flat
engine/rocksdb/updating_join/updating_join/restore_rebuilt/16384/domain=8/bytes=264/nulls=true/mini_batch=true,60,2.0,27210975.0,Flat
engine/rocksdb/updating_join/updating_join/restore_rebuilt/16384/domain=8/bytes=264/nulls=true/mini_batch=true,61,2.0,25614284.0,Flat
engine/rocksdb/updating_join/updating_join/restore_rebuilt/16384/domain=8/bytes=264/nulls=true/mini_batch=true,62,2.0,25434196.0,Flat
engine/rocksdb/updating_join/updating_join/restore_rebuilt/16384/domain=8/bytes=264/nulls=true/mini_batch=true,63,2.0,25702871.0,Flat
engine/rocksdb/updating_join/updating_join/restore_rebuilt/16384/domain=8/bytes=264/nulls=true/mini_batch=true,64,2.0,26312130.0,Flat
engine/rocksdb/updating_join/updating_join/restore_rebuilt/16384/domain=8/bytes=264/nulls=true/mini_batch=true,65,2.0,23453844.0,Flat
engine/rocksdb/updating_join/updating_join/restore_rebuilt/16384/domain=8/bytes=264/nulls=true/mini_batch=true,66,2.0,25154133.0,Flat
engine/rocksdb/updating_join/updating_join/restore_rebuilt/16384/domain=8/bytes=264/nulls=true/mini_batch=true,67,2.0,27342159.0,Flat
engine/rocksdb/updating_join/updating_join/restore_rebuilt/16384/domain=8/bytes=264/nulls=true/mini_batch=true,68,2.0,23346264.0,Flat
engine/rocksdb/updating_join/updating_join/restore_rebuilt/16384/domain=8/bytes=264/nulls=true/mini_batch=true,69,2.0,26291958.0,Flat
engine/rocksdb/updating_join/updating_join/restore_rebuilt/16384/domain=8/bytes=264/nulls=true/mini_batch=true,70,2.0,25218934.0,Flat
engine/rocksdb/updating_join/updating_join/restore_rebuilt/16384/domain=8/bytes=264/nulls=true/mini_batch=true,71,2.0,22732663.0,Flat
engine/rocksdb/updating_join/updating_join/restore_rebuilt/16384/domain=8/bytes=264/nulls=true/mini_batch=true,72,2.0,22770706.0,Flat
engine/rocksdb/updating_join/updating_join/restore_rebuilt/16384/domain=8/bytes=264/nulls=true/mini_batch=true,73,2.0,25028687.0,Flat
engine/rocksdb/updating_join/updating_join/restore_rebuilt/16384/domain=8/bytes=264/nulls=true/mini_batch=true,74,2.0,24911524.0,Flat
engine/rocksdb/updating_join/updating_join/restore_rebuilt/16384/domain=8/bytes=264/nulls=true/mini_batch=true,75,2.0,24346122.0,Flat
engine/rocksdb/updating_join/updating_join/restore_rebuilt/16384/domain=8/bytes=264/nulls=true/mini_batch=true,76,2.0,26791226.0,Flat
engine/rocksdb/updating_join/updating_join/restore_rebuilt/16384/domain=8/bytes=264/nulls=true/mini_batch=true,77,2.0,27284162.0,Flat
engine/rocksdb/updating_join/updating_join/restore_rebuilt/16384/domain=8/bytes=264/nulls=true/mini_batch=true,78,2.0,26298991.0,Flat
engine/rocksdb/updating_join/updating_join/restore_rebuilt/16384/domain=8/bytes=264/nulls=true/mini_batch=true,79,2.0,25797260.0,Flat
engine/rocksdb/updating_join/updating_join/restore_rebuilt/16384/domain=8/bytes=264/nulls=true/mini_batch=true,80,2.0,27783600.0,Flat
engine/rocksdb/updating_join/updating_join/restore_rebuilt/16384/domain=8/bytes=264/nulls=true/mini_batch=true,81,2.0,24756237.0,Flat
engine/rocksdb/updating_join/updating_join/restore_rebuilt/16384/domain=8/bytes=264/nulls=true/mini_batch=true,82,2.0,26821227.0,Flat
engine/rocksdb/updating_join/updating_join/restore_rebuilt/16384/domain=8/bytes=264/nulls=true/mini_batch=true,83,2.0,25900091.0,Flat
engine/rocksdb/updating_join/updating_join/restore_rebuilt/16384/domain=8/bytes=264/nulls=true/mini_batch=true,84,2.0,27248713.0,Flat
engine/rocksdb/updating_join/updating_join/restore_rebuilt/16384/domain=8/bytes=264/nulls=true/mini_batch=true,85,2.0,33434454.0,Flat
engine/rocksdb/updating_join/updating_join/restore_rebuilt/16384/domain=8/bytes=264/nulls=true/mini_batch=true,86,2.0,26588671.0,Flat
engine/rocksdb/updating_join/updating_join/restore_rebuilt/16384/domain=8/bytes=264/nulls=true/mini_batch=true,87,2.0,25835740.0,Flat
engine/rocksdb/updating_join/updating_join/restore_rebuilt/16384/domain=8/bytes=264/nulls=true/mini_batch=true,88,2.0,25799201.0,Flat
engine/rocksdb/updating_join/updating_join/restore_rebuilt/16384/domain=8/bytes=264/nulls=true/mini_batch=true,89,2.0,26208262.0,Flat
engine/rocksdb/updating_join/updating_join/restore_rebuilt/16384/domain=8/bytes=264/nulls=true/mini_batch=true,90,2.0,24931688.0,Flat
engine/rocksdb/updating_join/updating_join/restore_rebuilt/16384/domain=8/bytes=264/nulls=true/mini_batch=true,91,2.0,26473336.0,Flat
engine/rocksdb/updating_join/updating_join/restore_rebuilt/16384/domain=8/bytes=264/nulls=true/mini_batch=true,92,2.0,24610468.0,Flat
engine/rocksdb/updating_join/updating_join/restore_rebuilt/16384/domain=8/bytes=264/nulls=true/mini_batch=true,93,2.0,25813864.0,Flat
engine/rocksdb/updating_join/updating_join/restore_rebuilt/16384/domain=8/bytes=264/nulls=true/mini_batch=true,94,2.0,28881933.0,Flat
engine/rocksdb/updating_join/updating_join/restore_rebuilt/16384/domain=8/bytes=264/nulls=true/mini_batch=true,95,2.0,26102234.0,Flat
engine/rocksdb/updating_join/updating_join/restore_rebuilt/16384/domain=8/bytes=264/nulls=true/mini_batch=true,96,2.0,26357958.0,Flat
engine/rocksdb/updating_join/updating_join/restore_rebuilt/16384/domain=8/bytes=264/nulls=true/mini_batch=true,97,2.0,29293983.0,Flat
engine/rocksdb/updating_join/updating_join/restore_rebuilt/16384/domain=8/bytes=264/nulls=true/mini_batch=true,98,2.0,24285023.0,Flat
engine/rocksdb/updating_join/updating_join/restore_rebuilt/16384/domain=8/bytes=264/nulls=true/mini_batch=true,99,2.0,26577417.0,Flat
engine/rocksdb/updating_join/updating_join/retract_right/16384/domain=1/bytes=264/nulls=true/mini_batch=false,0,2.0,22305927.0,Flat
engine/rocksdb/updating_join/updating_join/retract_right/16384/domain=1/bytes=264/nulls=true/mini_batch=false,1,2.0,21004353.0,Flat
engine/rocksdb/updating_join/updating_join/retract_right/16384/domain=1/bytes=264/nulls=true/mini_batch=false,2,2.0,21314821.0,Flat
engine/rocksdb/updating_join/updating_join/retract_right/16384/domain=1/bytes=264/nulls=true/mini_batch=false,3,2.0,21614536.0,Flat
engine/rocksdb/updating_join/updating_join/retract_right/16384/domain=1/bytes=264/nulls=true/mini_batch=false,4,2.0,22184539.0,Flat
engine/rocksdb/updating_join/updating_join/retract_right/16384/domain=1/bytes=264/nulls=true/mini_batch=false,5,2.0,21547616.0,Flat
engine/rocksdb/updating_join/updating_join/retract_right/16384/domain=1/bytes=264/nulls=true/mini_batch=false,6,2.0,22127762.0,Flat
engine/rocksdb/updating_join/updating_join/retract_right/16384/domain=1/bytes=264/nulls=true/mini_batch=false,7,2.0,21029790.0,Flat
engine/rocksdb/updating_join/updating_join/retract_right/16384/domain=1/bytes=264/nulls=true/mini_batch=false,8,2.0,21896653.0,Flat
engine/rocksdb/updating_join/updating_join/retract_right/16384/domain=1/bytes=264/nulls=true/mini_batch=false,9,2.0,23999689.0,Flat
engine/rocksdb/updating_join/updating_join/retract_right/16384/domain=1/bytes=264/nulls=true/mini_batch=false,10,2.0,21850058.0,Flat
engine/rocksdb/updating_join/updating_join/retract_right/16384/domain=1/bytes=264/nulls=true/mini_batch=false,11,2.0,22044020.0,Flat
engine/rocksdb/updating_join/updating_join/retract_right/16384/domain=1/bytes=264/nulls=true/mini_batch=false,12,2.0,21392437.0,Flat
engine/rocksdb/updating_join/updating_join/retract_right/16384/domain=1/bytes=264/nulls=true/mini_batch=false,13,2.0,22217481.0,Flat
engine/rocksdb/updating_join/updating_join/retract_right/16384/domain=1/bytes=264/nulls=true/mini_batch=false,14,2.0,20683756.0,Flat
engine/rocksdb/updating_join/updating_join/retract_right/16384/domain=1/bytes=264/nulls=true/mini_batch=false,15,2.0,24157440.0,Flat
engine/rocksdb/updating_join/updating_join/retract_right/16384/domain=1/bytes=264/nulls=true/mini_batch=false,16,2.0,21444437.0,Flat
engine/rocksdb/updating_join/updating_join/retract_right/16384/domain=1/bytes=264/nulls=true/mini_batch=false,17,2.0,26154433.0,Flat
engine/rocksdb/updating_join/updating_join/retract_right/16384/domain=1/bytes=264/nulls=true/mini_batch=false,18,2.0,21614627.0,Flat
engine/rocksdb/updating_join/updating_join/retract_right/16384/domain=1/bytes=264/nulls=true/mini_batch=false,19,2.0,20821366.0,Flat
engine/rocksdb/updating_join/updating_join/retract_right/16384/domain=1/bytes=264/nulls=true/mini_batch=false,20,2.0,20954173.0,Flat
engine/rocksdb/updating_join/updating_join/retract_right/16384/domain=1/bytes=264/nulls=true/mini_batch=false,21,2.0,23308038.0,Flat
engine/rocksdb/updating_join/updating_join/retract_right/16384/domain=1/bytes=264/nulls=true/mini_batch=false,22,2.0,21236086.0,Flat
engine/rocksdb/updating_join/updating_join/retract_right/16384/domain=1/bytes=264/nulls=true/mini_batch=false,23,2.0,24071130.0,Flat
engine/rocksdb/updating_join/updating_join/retract_right/16384/domain=1/bytes=264/nulls=true/mini_batch=false,24,2.0,21492234.0,Flat
engine/rocksdb/updating_join/updating_join/retract_right/16384/domain=1/bytes=264/nulls=true/mini_batch=false,25,2.0,21515091.0,Flat
engine/rocksdb/updating_join/updating_join/retract_right/16384/domain=1/bytes=264/nulls=true/mini_batch=false,26,2.0,21565713.0,Flat
engine/rocksdb/updating_join/updating_join/retract_right/16384/domain=1/bytes=264/nulls=true/mini_batch=false,27,2.0,22516188.0,Flat
engine/rocksdb/updating_join/updating_join/retract_right/16384/domain=1/bytes=264/nulls=true/mini_batch=false,28,2.0,21678986.0,Flat
engine/rocksdb/updating_join/updating_join/retract_right/16384/domain=1/bytes=264/nulls=true/mini_batch=false,29,2.0,21341598.0,Flat
engine/rocksdb/updating_join/updating_join/retract_right/16384/domain=1/bytes=264/nulls=true/mini_batch=false,30,2.0,20969214.0,Flat
engine/rocksdb/updating_join/updating_join/retract_right/16384/domain=1/bytes=264/nulls=true/mini_batch=false,31,2.0,21323584.0,Flat
engine/rocksdb/updating_join/updating_join/retract_right/16384/domain=1/bytes=264/nulls=true/mini_batch=false,32,2.0,20930594.0,Flat
engine/rocksdb/updating_join/updating_join/retract_right/16384/domain=1/bytes=264/nulls=true/mini_batch=false,33,2.0,21583793.0,Flat
engine/rocksdb/updating_join/updating_join/retract_right/16384/domain=1/bytes=264/nulls=true/mini_batch=false,34,2.0,23909990.0,Flat
engine/rocksdb/updating_join/updating_join/retract_right/16384/domain=1/bytes=264/nulls=true/mini_batch=false,35,2.0,21814305.0,Flat
engine/rocksdb/updating_join/updating_join/retract_right/16384/domain=1/bytes=264/nulls=true/mini_batch=false,36,2.0,22159394.0,Flat
engine/rocksdb/updating_join/updating_join/retract_right/16384/domain=1/bytes=264/nulls=true/mini_batch=false,37,2.0,21765143.0,Flat
engine/rocksdb/updating_join/updating_join/retract_right/16384/domain=1/bytes=264/nulls=true/mini_batch=false,38,2.0,22256861.0,Flat
engine/rocksdb/updating_join/updating_join/retract_right/16384/domain=1/bytes=264/nulls=true/mini_batch=false,39,2.0,21775840.0,Flat
engine/rocksdb/updating_join/updating_join/retract_right/16384/domain=1/bytes=264/nulls=true/mini_batch=false,40,2.0,22741082.0,Flat
engine/rocksdb/updating_join/updating_join/retract_right/16384/domain=1/bytes=264/nulls=true/mini_batch=false,41,2.0,20508746.0,Flat
engine/rocksdb/updating_join/updating_join/retract_right/16384/domain=1/bytes=264/nulls=true/mini_batch=false,42,2.0,21405588.0,Flat
engine/rocksdb/updating_join/updating_join/retract_right/16384/domain=1/bytes=264/nulls=true/mini_batch=false,43,2.0,21773737.0,Flat
engine/rocksdb/updating_join/updating_join/retract_right/16384/domain=1/bytes=264/nulls=true/mini_batch=false,44,2.0,22387425.0,Flat
engine/rocksdb/updating_join/updating_join/retract_right/16384/domain=1/bytes=264/nulls=true/mini_batch=false,45,2.0,21522466.0,Flat
engine/rocksdb/updating_join/updating_join/retract_right/16384/domain=1/bytes=264/nulls=true/mini_batch=false,46,2.0,23529338.0,Flat
engine/rocksdb/updating_join/updating_join/retract_right/16384/domain=1/bytes=264/nulls=true/mini_batch=false,47,2.0,21760306.0,Flat
engine/rocksdb/updating_join/updating_join/retract_right/16384/domain=1/bytes=264/nulls=true/mini_batch=false,48,2.0,23212807.0,Flat
engine/rocksdb/updating_join/updating_join/retract_right/16384/domain=1/bytes=264/nulls=true/mini_batch=false,49,2.0,20674140.0,Flat
engine/rocksdb/updating_join/updating_join/retract_right/16384/domain=1/bytes=264/nulls=true/mini_batch=false,50,2.0,22832844.0,Flat
engine/rocksdb/updating_join/updating_join/retract_right/16384/domain=1/bytes=264/nulls=true/mini_batch=false,51,2.0,20930578.0,Flat
engine/rocksdb/updating_join/updating_join/retract_right/16384/domain=1/bytes=264/nulls=true/mini_batch=false,52,2.0,21496317.0,Flat
engine/rocksdb/updating_join/updating_join/retract_right/16384/domain=1/bytes=264/nulls=true/mini_batch=false,53,2.0,22926943.0,Flat
engine/rocksdb/updating_join/updating_join/retract_right/16384/domain=1/bytes=264/nulls=true/mini_batch=false,54,2.0,21992621.0,Flat
engine/rocksdb/updating_join/updating_join/retract_right/16384/domain=1/bytes=264/nulls=true/mini_batch=false,55,2.0,20901273.0,Flat
engine/rocksdb/updating_join/updating_join/retract_right/16384/domain=1/bytes=264/nulls=true/mini_batch=false,56,2.0,21327780.0,Flat
engine/rocksdb/updating_join/updating_join/retract_right/16384/domain=1/bytes=264/nulls=true/mini_batch=false,57,2.0,22810567.0,Flat
engine/rocksdb/updating_join/updating_join/retract_right/16384/domain=1/bytes=264/nulls=true/mini_batch=false,58,2.0,21933618.0,Flat
engine/rocksdb/updating_join/updating_join/retract_right/16384/domain=1/bytes=264/nulls=true/mini_batch=false,59,2.0,22254863.0,Flat
engine/rocksdb/updating_join/updating_join/retract_right/16384/domain=1/bytes=264/nulls=true/mini_batch=false,60,2.0,21661944.0,Flat
engine/rocksdb/updating_join/updating_join/retract_right/16384/domain=1/bytes=264/nulls=true/mini_batch=false,61,2.0,21918586.0,Flat
engine/rocksdb/updating_join/updating_join/retract_right/16384/domain=1/bytes=264/nulls=true/mini_batch=false,62,2.0,21680553.0,Flat
engine/rocksdb/updating_join/updating_join/retract_right/16384/domain=1/bytes=264/nulls=true/mini_batch=false,63,2.0,20994927.0,Flat
engine/rocksdb/updating_join/updating_join/retract_right/16384/domain=1/bytes=264/nulls=true/mini_batch=false,64,2.0,22733163.0,Flat
engine/rocksdb/updating_join/updating_join/retract_right/16384/domain=1/bytes=264/nulls=true/mini_batch=false,65,2.0,20588388.0,Flat
engine/rocksdb/updating_join/updating_join/retract_right/16384/domain=1/bytes=264/nulls=true/mini_batch=false,66,2.0,22705928.0,Flat
engine/rocksdb/updating_join/updating_join/retract_right/16384/domain=1/bytes=264/nulls=true/mini_batch=false,67,2.0,22296781.0,Flat
engine/rocksdb/updating_join/updating_join/retract_right/16384/domain=1/bytes=264/nulls=true/mini_batch=false,68,2.0,21610779.0,Flat
engine/rocksdb/updating_join/updating_join/retract_right/16384/domain=1/bytes=264/nulls=true/mini_batch=false,69,2.0,22897150.0,Flat
engine/rocksdb/updating_join/updating_join/retract_right/16384/domain=1/bytes=264/nulls=true/mini_batch=false,70,2.0,21674501.0,Flat
engine/rocksdb/updating_join/updating_join/retract_right/16384/domain=1/bytes=264/nulls=true/mini_batch=false,71,2.0,21712380.0,Flat
engine/rocksdb/updating_join/updating_join/retract_right/16384/domain=1/bytes=264/nulls=true/mini_batch=false,72,2.0,22029415.0,Flat
engine/rocksdb/updating_join/updating_join/retract_right/16384/domain=1/bytes=264/nulls=true/mini_batch=false,73,2.0,21626201.0,Flat
engine/rocksdb/updating_join/updating_join/retract_right/16384/domain=1/bytes=264/nulls=true/mini_batch=false,74,2.0,22114190.0,Flat
engine/rocksdb/updating_join/updating_join/retract_right/16384/domain=1/bytes=264/nulls=true/mini_batch=false,75,2.0,22336391.0,Flat
engine/rocksdb/updating_join/updating_join/retract_right/16384/domain=1/bytes=264/nulls=true/mini_batch=false,76,2.0,21501808.0,Flat
engine/rocksdb/updating_join/updating_join/retract_right/16384/domain=1/bytes=264/nulls=true/mini_batch=false,77,2.0,20799533.0,Flat
engine/rocksdb/updating_join/updating_join/retract_right/16384/domain=1/bytes=264/nulls=true/mini_batch=false,78,2.0,22004193.0,Flat
engine/rocksdb/updating_join/updating_join/retract_right/16384/domain=1/bytes=264/nulls=true/mini_batch=false,79,2.0,21187932.0,Flat
engine/rocksdb/updating_join/updating_join/retract_right/16384/domain=1/bytes=264/nulls=true/mini_batch=false,80,2.0,21106136.0,Flat
engine/rocksdb/updating_join/updating_join/retract_right/16384/domain=1/bytes=264/nulls=true/mini_batch=false,81,2.0,21417469.0,Flat
engine/rocksdb/updating_join/updating_join/retract_right/16384/domain=1/bytes=264/nulls=true/mini_batch=false,82,2.0,22206466.0,Flat
engine/rocksdb/updating_join/updating_join/retract_right/16384/domain=1/bytes=264/nulls=true/mini_batch=false,83,2.0,22326892.0,Flat
engine/rocksdb/updating_join/updating_join/retract_right/16384/domain=1/bytes=264/nulls=true/mini_batch=false,84,2.0,22317141.0,Flat
engine/rocksdb/updating_join/updating_join/retract_right/16384/domain=1/bytes=264/nulls=true/mini_batch=false,85,2.0,22172586.0,Flat
engine/rocksdb/updating_join/updating_join/retract_right/16384/domain=1/bytes=264/nulls=true/mini_batch=false,86,2.0,23385454.0,Flat
engine/rocksdb/updating_join/updating_join/retract_right/16384/domain=1/bytes=264/nulls=true/mini_batch=false,87,2.0,21330187.0,Flat
engine/rocksdb/updating_join/updating_join/retract_right/16384/domain=1/bytes=264/nulls=true/mini_batch=false,88,2.0,21512061.0,Flat
engine/rocksdb/updating_join/updating_join/retract_right/16384/domain=1/bytes=264/nulls=true/mini_batch=false,89,2.0,21659129.0,Flat
engine/rocksdb/updating_join/updating_join/retract_right/16384/domain=1/bytes=264/nulls=true/mini_batch=false,90,2.0,20840388.0,Flat
engine/rocksdb/updating_join/updating_join/retract_right/16384/domain=1/bytes=264/nulls=true/mini_batch=false,91,2.0,23845087.0,Flat
engine/rocksdb/updating_join/updating_join/retract_right/16384/domain=1/bytes=264/nulls=true/mini_batch=false,92,2.0,21819839.0,Flat
engine/rocksdb/updating_join/updating_join/retract_right/16384/domain=1/bytes=264/nulls=true/mini_batch=false,93,2.0,20972058.0,Flat
engine/rocksdb/updating_join/updating_join/retract_right/16384/domain=1/bytes=264/nulls=true/mini_batch=false,94,2.0,20642242.0,Flat
engine/rocksdb/updating_join/updating_join/retract_right/16384/domain=1/bytes=264/nulls=true/mini_batch=false,95,2.0,22456352.0,Flat
engine/rocksdb/updating_join/updating_join/retract_right/16384/domain=1/bytes=264/nulls=true/mini_batch=false,96,2.0,21015927.0,Flat
engine/rocksdb/updating_join/updating_join/retract_right/16384/domain=1/bytes=264/nulls=true/mini_batch=false,97,2.0,21458017.0,Flat
engine/rocksdb/updating_join/updating_join/retract_right/16384/domain=1/bytes=264/nulls=true/mini_batch=false,98,2.0,20693207.0,Flat
engine/rocksdb/updating_join/updating_join/retract_right/16384/domain=1/bytes=264/nulls=true/mini_batch=false,99,2.0,21434020.0,Flat
engine/rocksdb/updating_join/updating_join/retract_right/16384/domain=1/bytes=264/nulls=true/mini_batch=true,0,3.0,2907340.0,Flat
engine/rocksdb/updating_join/updating_join/retract_right/16384/domain=1/bytes=264/nulls=true/mini_batch=true,1,3.0,2994174.0,Flat
engine/rocksdb/updating_join/updating_join/retract_right/16384/domain=1/bytes=264/nulls=true/mini_batch=true,2,3.0,2940640.0,Flat
engine/rocksdb/updating_join/updating_join/retract_right/16384/domain=1/bytes=264/nulls=true/mini_batch=true,3,3.0,3053864.0,Flat
engine/rocksdb/updating_join/updating_join/retract_right/16384/domain=1/bytes=264/nulls=true/mini_batch=true,4,3.0,2911072.0,Flat
engine/rocksdb/updating_join/updating_join/retract_right/16384/domain=1/bytes=264/nulls=true/mini_batch=true,5,3.0,2975683.0,Flat
engine/rocksdb/updating_join/updating_join/retract_right/16384/domain=1/bytes=264/nulls=true/mini_batch=true,6,3.0,2968951.0,Flat
engine/rocksdb/updating_join/updating_join/retract_right/16384/domain=1/bytes=264/nulls=true/mini_batch=true,7,3.0,2989094.0,Flat
engine/rocksdb/updating_join/updating_join/retract_right/16384/domain=1/bytes=264/nulls=true/mini_batch=true,8,3.0,3060602.0,Flat
engine/rocksdb/updating_join/updating_join/retract_right/16384/domain=1/bytes=264/nulls=true/mini_batch=true,9,3.0,3039909.0,Flat
engine/rocksdb/updating_join/updating_join/retract_right/16384/domain=1/bytes=264/nulls=true/mini_batch=true,10,3.0,3087586.0,Flat
engine/rocksdb/updating_join/updating_join/retract_right/16384/domain=1/bytes=264/nulls=true/mini_batch=true,11,3.0,3027843.0,Flat
engine/rocksdb/updating_join/updating_join/retract_right/16384/domain=1/bytes=264/nulls=true/mini_batch=true,12,3.0,2915314.0,Flat
engine/rocksdb/updating_join/updating_join/retract_right/16384/domain=1/bytes=264/nulls=true/mini_batch=true,13,3.0,2944679.0,Flat
engine/rocksdb/updating_join/updating_join/retract_right/16384/domain=1/bytes=264/nulls=true/mini_batch=true,14,3.0,2869883.0,Flat
engine/rocksdb/updating_join/updating_join/retract_right/16384/domain=1/bytes=264/nulls=true/mini_batch=true,15,3.0,3127277.0,Flat
engine/rocksdb/updating_join/updating_join/retract_right/16384/domain=1/bytes=264/nulls=true/mini_batch=true,16,3.0,2898439.0,Flat
engine/rocksdb/updating_join/updating_join/retract_right/16384/domain=1/bytes=264/nulls=true/mini_batch=true,17,3.0,2961929.0,Flat
engine/rocksdb/updating_join/updating_join/retract_right/16384/domain=1/bytes=264/nulls=true/mini_batch=true,18,3.0,2951363.0,Flat
engine/rocksdb/updating_join/updating_join/retract_right/16384/domain=1/bytes=264/nulls=true/mini_batch=true,19,3.0,2965517.0,Flat
engine/rocksdb/updating_join/updating_join/retract_right/16384/domain=1/bytes=264/nulls=true/mini_batch=true,20,3.0,2897485.0,Flat
engine/rocksdb/updating_join/updating_join/retract_right/16384/domain=1/bytes=264/nulls=true/mini_batch=true,21,3.0,2980075.0,Flat
engine/rocksdb/updating_join/updating_join/retract_right/16384/domain=1/bytes=264/nulls=true/mini_batch=true,22,3.0,3177973.0,Flat
engine/rocksdb/updating_join/updating_join/retract_right/16384/domain=1/bytes=264/nulls=true/mini_batch=true,23,3.0,3126167.0,Flat
engine/rocksdb/updating_join/updating_join/retract_right/16384/domain=1/bytes=264/nulls=true/mini_batch=true,24,3.0,3030209.0,Flat
engine/rocksdb/updating_join/updating_join/retract_right/16384/domain=1/bytes=264/nulls=true/mini_batch=true,25,3.0,3003508.0,Flat
engine/rocksdb/updating_join/updating_join/retract_right/16384/domain=1/bytes=264/nulls=true/mini_batch=true,26,3.0,2978999.0,Flat
engine/rocksdb/updating_join/updating_join/retract_right/16384/domain=1/bytes=264/nulls=true/mini_batch=true,27,3.0,3082622.0,Flat
engine/rocksdb/updating_join/updating_join/retract_right/16384/domain=1/bytes=264/nulls=true/mini_batch=true,28,3.0,3010683.0,Flat
engine/rocksdb/updating_join/updating_join/retract_right/16384/domain=1/bytes=264/nulls=true/mini_batch=true,29,3.0,3015831.0,Flat
engine/rocksdb/updating_join/updating_join/retract_right/16384/domain=1/bytes=264/nulls=true/mini_batch=true,30,3.0,3007924.0,Flat
engine/rocksdb/updating_join/updating_join/retract_right/16384/domain=1/bytes=264/nulls=true/mini_batch=true,31,3.0,3103242.0,Flat
engine/rocksdb/updating_join/updating_join/retract_right/16384/domain=1/bytes=264/nulls=true/mini_batch=true,32,3.0,2994155.0,Flat
engine/rocksdb/updating_join/updating_join/retract_right/16384/domain=1/bytes=264/nulls=true/mini_batch=true,33,3.0,2969731.0,Flat
engine/rocksdb/updating_join/updating_join/retract_right/16384/domain=1/bytes=264/nulls=true/mini_batch=true,34,3.0,2937232.0,Flat
engine/rocksdb/updating_join/updating_join/retract_right/16384/domain=1/bytes=264/nulls=true/mini_batch=true,35,3.0,2954020.0,Flat
engine/rocksdb/updating_join/updating_join/retract_right/16384/domain=1/bytes=264/nulls=true/mini_batch=true,36,3.0,2986285.0,Flat
engine/rocksdb/updating_join/updating_join/retract_right/16384/domain=1/bytes=264/nulls=true/mini_batch=true,37,3.0,2914256.0,Flat
engine/rocksdb/updating_join/updating_join/retract_right/16384/domain=1/bytes=264/nulls=true/mini_batch=true,38,3.0,2883494.0,Flat
engine/rocksdb/updating_join/updating_join/retract_right/16384/domain=1/bytes=264/nulls=true/mini_batch=true,39,3.0,2868303.0,Flat
engine/rocksdb/updating_join/updating_join/retract_right/16384/domain=1/bytes=264/nulls=true/mini_batch=true,40,3.0,3002475.0,Flat
engine/rocksdb/updating_join/updating_join/retract_right/16384/domain=1/bytes=264/nulls=true/mini_batch=true,41,3.0,3040693.0,Flat
engine/rocksdb/updating_join/updating_join/retract_right/16384/domain=1/bytes=264/nulls=true/mini_batch=true,42,3.0,3145573.0,Flat
engine/rocksdb/updating_join/updating_join/retract_right/16384/domain=1/bytes=264/nulls=true/mini_batch=true,43,3.0,3109359.0,Flat
engine/rocksdb/updating_join/updating_join/retract_right/16384/domain=1/bytes=264/nulls=true/mini_batch=true,44,3.0,3298369.0,Flat
engine/rocksdb/updating_join/updating_join/retract_right/16384/domain=1/bytes=264/nulls=true/mini_batch=true,45,3.0,3076666.0,Flat
engine/rocksdb/updating_join/updating_join/retract_right/16384/domain=1/bytes=264/nulls=true/mini_batch=true,46,3.0,3060837.0,Flat
engine/rocksdb/updating_join/updating_join/retract_right/16384/domain=1/bytes=264/nulls=true/mini_batch=true,47,3.0,3290688.0,Flat
engine/rocksdb/updating_join/updating_join/retract_right/16384/domain=1/bytes=264/nulls=true/mini_batch=true,48,3.0,2974809.0,Flat
engine/rocksdb/updating_join/updating_join/retract_right/16384/domain=1/bytes=264/nulls=true/mini_batch=true,49,3.0,2981293.0,Flat
engine/rocksdb/updating_join/updating_join/retract_right/16384/domain=1/bytes=264/nulls=true/mini_batch=true,50,3.0,3164067.0,Flat
engine/rocksdb/updating_join/updating_join/retract_right/16384/domain=1/bytes=264/nulls=true/mini_batch=true,51,3.0,2982231.0,Flat
engine/rocksdb/updating_join/updating_join/retract_right/16384/domain=1/bytes=264/nulls=true/mini_batch=true,52,3.0,2998515.0,Flat
engine/rocksdb/updating_join/updating_join/retract_right/16384/domain=1/bytes=264/nulls=true/mini_batch=true,53,3.0,3026462.0,Flat
engine/rocksdb/updating_join/updating_join/retract_right/16384/domain=1/bytes=264/nulls=true/mini_batch=true,54,3.0,3055785.0,Flat
engine/rocksdb/updating_join/updating_join/retract_right/16384/domain=1/bytes=264/nulls=true/mini_batch=true,55,3.0,2982213.0,Flat
engine/rocksdb/updating_join/updating_join/retract_right/16384/domain=1/bytes=264/nulls=true/mini_batch=true,56,3.0,3046804.0,Flat
engine/rocksdb/updating_join/updating_join/retract_right/16384/domain=1/bytes=264/nulls=true/mini_batch=true,57,3.0,2995495.0,Flat
engine/rocksdb/updating_join/updating_join/retract_right/16384/domain=1/bytes=264/nulls=true/mini_batch=true,58,3.0,3021873.0,Flat
engine/rocksdb/updating_join/updating_join/retract_right/16384/domain=1/bytes=264/nulls=true/mini_batch=true,59,3.0,2982427.0,Flat
engine/rocksdb/updating_join/updating_join/retract_right/16384/domain=1/bytes=264/nulls=true/mini_batch=true,60,3.0,3099611.0,Flat
engine/rocksdb/updating_join/updating_join/retract_right/16384/domain=1/bytes=264/nulls=true/mini_batch=true,61,3.0,2978942.0,Flat
engine/rocksdb/updating_join/updating_join/retract_right/16384/domain=1/bytes=264/nulls=true/mini_batch=true,62,3.0,2999937.0,Flat
engine/rocksdb/updating_join/updating_join/retract_right/16384/domain=1/bytes=264/nulls=true/mini_batch=true,63,3.0,3095045.0,Flat
engine/rocksdb/updating_join/updating_join/retract_right/16384/domain=1/bytes=264/nulls=true/mini_batch=true,64,3.0,2990959.0,Flat
engine/rocksdb/updating_join/updating_join/retract_right/16384/domain=1/bytes=264/nulls=true/mini_batch=true,65,3.0,3128506.0,Flat
engine/rocksdb/updating_join/updating_join/retract_right/16384/domain=1/bytes=264/nulls=true/mini_batch=true,66,3.0,3020944.0,Flat
engine/rocksdb/updating_join/updating_join/retract_right/16384/domain=1/bytes=264/nulls=true/mini_batch=true,67,3.0,2917246.0,Flat
engine/rocksdb/updating_join/updating_join/retract_right/16384/domain=1/bytes=264/nulls=true/mini_batch=true,68,3.0,2910265.0,Flat
engine/rocksdb/updating_join/updating_join/retract_right/16384/domain=1/bytes=264/nulls=true/mini_batch=true,69,3.0,2918465.0,Flat
engine/rocksdb/updating_join/updating_join/retract_right/16384/domain=1/bytes=264/nulls=true/mini_batch=true,70,3.0,3020079.0,Flat
engine/rocksdb/updating_join/updating_join/retract_right/16384/domain=1/bytes=264/nulls=true/mini_batch=true,71,3.0,3147113.0,Flat
engine/rocksdb/updating_join/updating_join/retract_right/16384/domain=1/bytes=264/nulls=true/mini_batch=true,72,3.0,3085041.0,Flat
engine/rocksdb/updating_join/updating_join/retract_right/16384/domain=1/bytes=264/nulls=true/mini_batch=true,73,3.0,2935528.0,Flat
engine/rocksdb/updating_join/updating_join/retract_right/16384/domain=1/bytes=264/nulls=true/mini_batch=true,74,3.0,3008711.0,Flat
engine/rocksdb/updating_join/updating_join/retract_right/16384/domain=1/bytes=264/nulls=true/mini_batch=true,75,3.0,3045429.0,Flat
engine/rocksdb/updating_join/updating_join/retract_right/16384/domain=1/bytes=264/nulls=true/mini_batch=true,76,3.0,3259895.0,Flat
engine/rocksdb/updating_join/updating_join/retract_right/16384/domain=1/bytes=264/nulls=true/mini_batch=true,77,3.0,2983225.0,Flat
engine/rocksdb/updating_join/updating_join/retract_right/16384/domain=1/bytes=264/nulls=true/mini_batch=true,78,3.0,3032724.0,Flat
engine/rocksdb/updating_join/updating_join/retract_right/16384/domain=1/bytes=264/nulls=true/mini_batch=true,79,3.0,3110646.0,Flat
engine/rocksdb/updating_join/updating_join/retract_right/16384/domain=1/bytes=264/nulls=true/mini_batch=true,80,3.0,2924690.0,Flat
engine/rocksdb/updating_join/updating_join/retract_right/16384/domain=1/bytes=264/nulls=true/mini_batch=true,81,3.0,3036248.0,Flat
engine/rocksdb/updating_join/updating_join/retract_right/16384/domain=1/bytes=264/nulls=true/mini_batch=true,82,3.0,3094319.0,Flat
engine/rocksdb/updating_join/updating_join/retract_right/16384/domain=1/bytes=264/nulls=true/mini_batch=true,83,3.0,3077967.0,Flat
engine/rocksdb/updating_join/updating_join/retract_right/16384/domain=1/bytes=264/nulls=true/mini_batch=true,84,3.0,3046101.0,Flat
engine/rocksdb/updating_join/updating_join/retract_right/16384/domain=1/bytes=264/nulls=true/mini_batch=true,85,3.0,2993263.0,Flat
engine/rocksdb/updating_join/updating_join/retract_right/16384/domain=1/bytes=264/nulls=true/mini_batch=true,86,3.0,2989836.0,Flat
engine/rocksdb/updating_join/updating_join/retract_right/16384/domain=1/bytes=264/nulls=true/mini_batch=true,87,3.0,2949421.0,Flat
engine/rocksdb/updating_join/updating_join/retract_right/16384/domain=1/bytes=264/nulls=true/mini_batch=true,88,3.0,3217553.0,Flat
engine/rocksdb/updating_join/updating_join/retract_right/16384/domain=1/bytes=264/nulls=true/mini_batch=true,89,3.0,3181286.0,Flat
engine/rocksdb/updating_join/updating_join/retract_right/16384/domain=1/bytes=264/nulls=true/mini_batch=true,90,3.0,3050644.0,Flat
engine/rocksdb/updating_join/updating_join/retract_right/16384/domain=1/bytes=264/nulls=true/mini_batch=true,91,3.0,3019012.0,Flat
engine/rocksdb/updating_join/updating_join/retract_right/16384/domain=1/bytes=264/nulls=true/mini_batch=true,92,3.0,2985097.0,Flat
engine/rocksdb/updating_join/updating_join/retract_right/16384/domain=1/bytes=264/nulls=true/mini_batch=true,93,3.0,3001049.0,Flat
engine/rocksdb/updating_join/updating_join/retract_right/16384/domain=1/bytes=264/nulls=true/mini_batch=true,94,3.0,2951953.0,Flat
engine/rocksdb/updating_join/updating_join/retract_right/16384/domain=1/bytes=264/nulls=true/mini_batch=true,95,3.0,2998134.0,Flat
engine/rocksdb/updating_join/updating_join/retract_right/16384/domain=1/bytes=264/nulls=true/mini_batch=true,96,3.0,2969809.0,Flat
engine/rocksdb/updating_join/updating_join/retract_right/16384/domain=1/bytes=264/nulls=true/mini_batch=true,97,3.0,3050967.0,Flat
engine/rocksdb/updating_join/updating_join/retract_right/16384/domain=1/bytes=264/nulls=true/mini_batch=true,98,3.0,3006750.0,Flat
engine/rocksdb/updating_join/updating_join/retract_right/16384/domain=1/bytes=264/nulls=true/mini_batch=true,99,3.0,2995154.0,Flat
engine/rocksdb/updating_join/updating_join/retract_right/16384/domain=16384/bytes=264/nulls=true/mini_batch=false,0,1.0,5712366516.0,Flat
engine/rocksdb/updating_join/updating_join/retract_right/16384/domain=16384/bytes=264/nulls=true/mini_batch=false,1,1.0,5713931972.0,Flat
engine/rocksdb/updating_join/updating_join/retract_right/16384/domain=16384/bytes=264/nulls=true/mini_batch=false,2,1.0,5733038072.0,Flat
engine/rocksdb/updating_join/updating_join/retract_right/16384/domain=16384/bytes=264/nulls=true/mini_batch=false,3,1.0,5666658422.0,Flat
engine/rocksdb/updating_join/updating_join/retract_right/16384/domain=16384/bytes=264/nulls=true/mini_batch=false,4,1.0,5656112108.0,Flat
engine/rocksdb/updating_join/updating_join/retract_right/16384/domain=16384/bytes=264/nulls=true/mini_batch=false,5,1.0,5673232872.0,Flat
engine/rocksdb/updating_join/updating_join/retract_right/16384/domain=16384/bytes=264/nulls=true/mini_batch=false,6,1.0,5636805041.0,Flat
engine/rocksdb/updating_join/updating_join/retract_right/16384/domain=16384/bytes=264/nulls=true/mini_batch=false,7,1.0,5619764717.0,Flat
engine/rocksdb/updating_join/updating_join/retract_right/16384/domain=16384/bytes=264/nulls=true/mini_batch=false,8,1.0,5613311400.0,Flat
engine/rocksdb/updating_join/updating_join/retract_right/16384/domain=16384/bytes=264/nulls=true/mini_batch=false,9,1.0,5617447323.0,Flat
engine/rocksdb/updating_join/updating_join/retract_right/16384/domain=16384/bytes=264/nulls=true/mini_batch=false,10,1.0,5685462821.0,Flat
engine/rocksdb/updating_join/updating_join/retract_right/16384/domain=16384/bytes=264/nulls=true/mini_batch=false,11,1.0,5661787895.0,Flat
engine/rocksdb/updating_join/updating_join/retract_right/16384/domain=16384/bytes=264/nulls=true/mini_batch=false,12,1.0,5653394367.0,Flat
engine/rocksdb/updating_join/updating_join/retract_right/16384/domain=16384/bytes=264/nulls=true/mini_batch=false,13,1.0,6349313287.0,Flat
engine/rocksdb/updating_join/updating_join/retract_right/16384/domain=16384/bytes=264/nulls=true/mini_batch=false,14,1.0,5786709254.0,Flat
engine/rocksdb/updating_join/updating_join/retract_right/16384/domain=16384/bytes=264/nulls=true/mini_batch=false,15,1.0,5695640604.0,Flat
engine/rocksdb/updating_join/updating_join/retract_right/16384/domain=16384/bytes=264/nulls=true/mini_batch=false,16,1.0,5701489028.0,Flat
engine/rocksdb/updating_join/updating_join/retract_right/16384/domain=16384/bytes=264/nulls=true/mini_batch=false,17,1.0,5657530001.0,Flat
engine/rocksdb/updating_join/updating_join/retract_right/16384/domain=16384/bytes=264/nulls=true/mini_batch=false,18,1.0,5741674505.0,Flat
engine/rocksdb/updating_join/updating_join/retract_right/16384/domain=16384/bytes=264/nulls=true/mini_batch=false,19,1.0,5694675473.0,Flat
engine/rocksdb/updating_join/updating_join/retract_right/16384/domain=16384/bytes=264/nulls=true/mini_batch=false,20,1.0,5740149444.0,Flat
engine/rocksdb/updating_join/updating_join/retract_right/16384/domain=16384/bytes=264/nulls=true/mini_batch=false,21,1.0,5703212540.0,Flat
engine/rocksdb/updating_join/updating_join/retract_right/16384/domain=16384/bytes=264/nulls=true/mini_batch=false,22,1.0,5615676817.0,Flat
engine/rocksdb/updating_join/updating_join/retract_right/16384/domain=16384/bytes=264/nulls=true/mini_batch=false,23,1.0,5650625263.0,Flat
engine/rocksdb/updating_join/updating_join/retract_right/16384/domain=16384/bytes=264/nulls=true/mini_batch=false,24,1.0,5648338331.0,Flat
engine/rocksdb/updating_join/updating_join/retract_right/16384/domain=16384/bytes=264/nulls=true/mini_batch=false,25,1.0,5657969865.0,Flat
engine/rocksdb/updating_join/updating_join/retract_right/16384/domain=16384/bytes=264/nulls=true/mini_batch=false,26,1.0,5678211695.0,Flat
engine/rocksdb/updating_join/updating_join/retract_right/16384/domain=16384/bytes=264/nulls=true/mini_batch=false,27,1.0,5649256039.0,Flat
engine/rocksdb/updating_join/updating_join/retract_right/16384/domain=16384/bytes=264/nulls=true/mini_batch=false,28,1.0,5616336609.0,Flat
engine/rocksdb/updating_join/updating_join/retract_right/16384/domain=16384/bytes=264/nulls=true/mini_batch=false,29,1.0,5715463632.0,Flat
engine/rocksdb/updating_join/updating_join/retract_right/16384/domain=16384/bytes=264/nulls=true/mini_batch=false,30,1.0,5722985587.0,Flat
engine/rocksdb/updating_join/updating_join/retract_right/16384/domain=16384/bytes=264/nulls=true/mini_batch=false,31,1.0,5596872395.0,Flat
engine/rocksdb/updating_join/updating_join/retract_right/16384/domain=16384/bytes=264/nulls=true/mini_batch=false,32,1.0,5629630679.0,Flat
engine/rocksdb/updating_join/updating_join/retract_right/16384/domain=16384/bytes=264/nulls=true/mini_batch=false,33,1.0,5650780028.0,Flat
engine/rocksdb/updating_join/updating_join/retract_right/16384/domain=16384/bytes=264/nulls=true/mini_batch=false,34,1.0,5638029371.0,Flat
engine/rocksdb/updating_join/updating_join/retract_right/16384/domain=16384/bytes=264/nulls=true/mini_batch=false,35,1.0,5675016357.0,Flat
engine/rocksdb/updating_join/updating_join/retract_right/16384/domain=16384/bytes=264/nulls=true/mini_batch=false,36,1.0,5593043056.0,Flat
engine/rocksdb/updating_join/updating_join/retract_right/16384/domain=16384/bytes=264/nulls=true/mini_batch=false,37,1.0,5571619024.0,Flat
engine/rocksdb/updating_join/updating_join/retract_right/16384/domain=16384/bytes=264/nulls=true/mini_batch=false,38,1.0,5949997455.0,Flat
engine/rocksdb/updating_join/updating_join/retract_right/16384/domain=16384/bytes=264/nulls=true/mini_batch=false,39,1.0,5929768991.0,Flat
engine/rocksdb/updating_join/updating_join/retract_right/16384/domain=16384/bytes=264/nulls=true/mini_batch=false,40,1.0,5746487256.0,Flat
engine/rocksdb/updating_join/updating_join/retract_right/16384/domain=16384/bytes=264/nulls=true/mini_batch=false,41,1.0,5678488326.0,Flat
engine/rocksdb/updating_join/updating_join/retract_right/16384/domain=16384/bytes=264/nulls=true/mini_batch=false,42,1.0,5630584047.0,Flat
engine/rocksdb/updating_join/updating_join/retract_right/16384/domain=16384/bytes=264/nulls=true/mini_batch=false,43,1.0,5657370172.0,Flat
engine/rocksdb/updating_join/updating_join/retract_right/16384/domain=16384/bytes=264/nulls=true/mini_batch=false,44,1.0,5616500062.0,Flat
engine/rocksdb/updating_join/updating_join/retract_right/16384/domain=16384/bytes=264/nulls=true/mini_batch=false,45,1.0,5660774692.0,Flat
engine/rocksdb/updating_join/updating_join/retract_right/16384/domain=16384/bytes=264/nulls=true/mini_batch=false,46,1.0,5663483697.0,Flat
engine/rocksdb/updating_join/updating_join/retract_right/16384/domain=16384/bytes=264/nulls=true/mini_batch=false,47,1.0,5667710386.0,Flat
engine/rocksdb/updating_join/updating_join/retract_right/16384/domain=16384/bytes=264/nulls=true/mini_batch=false,48,1.0,5949707086.0,Flat
engine/rocksdb/updating_join/updating_join/retract_right/16384/domain=16384/bytes=264/nulls=true/mini_batch=false,49,1.0,5698171197.0,Flat
engine/rocksdb/updating_join/updating_join/retract_right/16384/domain=16384/bytes=264/nulls=true/mini_batch=false,50,1.0,5723020113.0,Flat
engine/rocksdb/updating_join/updating_join/retract_right/16384/domain=16384/bytes=264/nulls=true/mini_batch=false,51,1.0,5677672535.0,Flat
engine/rocksdb/updating_join/updating_join/retract_right/16384/domain=16384/bytes=264/nulls=true/mini_batch=false,52,1.0,5641025646.0,Flat
engine/rocksdb/updating_join/updating_join/retract_right/16384/domain=16384/bytes=264/nulls=true/mini_batch=false,53,1.0,5708921068.0,Flat
engine/rocksdb/updating_join/updating_join/retract_right/16384/domain=16384/bytes=264/nulls=true/mini_batch=false,54,1.0,5676992198.0,Flat
engine/rocksdb/updating_join/updating_join/retract_right/16384/domain=16384/bytes=264/nulls=true/mini_batch=false,55,1.0,5790399516.0,Flat
engine/rocksdb/updating_join/updating_join/retract_right/16384/domain=16384/bytes=264/nulls=true/mini_batch=false,56,1.0,5688939365.0,Flat
engine/rocksdb/updating_join/updating_join/retract_right/16384/domain=16384/bytes=264/nulls=true/mini_batch=false,57,1.0,5631443156.0,Flat
engine/rocksdb/updating_join/updating_join/retract_right/16384/domain=16384/bytes=264/nulls=true/mini_batch=false,58,1.0,5659605198.0,Flat
engine/rocksdb/updating_join/updating_join/retract_right/16384/domain=16384/bytes=264/nulls=true/mini_batch=false,59,1.0,5675054211.0,Flat
engine/rocksdb/updating_join/updating_join/retract_right/16384/domain=16384/bytes=264/nulls=true/mini_batch=false,60,1.0,5599509188.0,Flat
engine/rocksdb/updating_join/updating_join/retract_right/16384/domain=16384/bytes=264/nulls=true/mini_batch=false,61,1.0,5649416714.0,Flat
engine/rocksdb/updating_join/updating_join/retract_right/16384/domain=16384/bytes=264/nulls=true/mini_batch=false,62,1.0,5569780374.0,Flat
engine/rocksdb/updating_join/updating_join/retract_right/16384/domain=16384/bytes=264/nulls=true/mini_batch=false,63,1.0,5570190513.0,Flat
engine/rocksdb/updating_join/updating_join/retract_right/16384/domain=16384/bytes=264/nulls=true/mini_batch=false,64,1.0,5659042330.0,Flat
engine/rocksdb/updating_join/updating_join/retract_right/16384/domain=16384/bytes=264/nulls=true/mini_batch=false,65,1.0,5743052016.0,Flat
engine/rocksdb/updating_join/updating_join/retract_right/16384/domain=16384/bytes=264/nulls=true/mini_batch=false,66,1.0,5906404251.0,Flat
engine/rocksdb/updating_join/updating_join/retract_right/16384/domain=16384/bytes=264/nulls=true/mini_batch=false,67,1.0,5735883790.0,Flat
engine/rocksdb/updating_join/updating_join/retract_right/16384/domain=16384/bytes=264/nulls=true/mini_batch=false,68,1.0,5609570236.0,Flat
engine/rocksdb/updating_join/updating_join/retract_right/16384/domain=16384/bytes=264/nulls=true/mini_batch=false,69,1.0,5815013179.0,Flat
engine/rocksdb/updating_join/updating_join/retract_right/16384/domain=16384/bytes=264/nulls=true/mini_batch=false,70,1.0,5736767014.0,Flat
engine/rocksdb/updating_join/updating_join/retract_right/16384/domain=16384/bytes=264/nulls=true/mini_batch=false,71,1.0,5733644467.0,Flat
engine/rocksdb/updating_join/updating_join/retract_right/16384/domain=16384/bytes=264/nulls=true/mini_batch=false,72,1.0,5733742196.0,Flat
engine/rocksdb/updating_join/updating_join/retract_right/16384/domain=16384/bytes=264/nulls=true/mini_batch=false,73,1.0,5687163138.0,Flat
engine/rocksdb/updating_join/updating_join/retract_right/16384/domain=16384/bytes=264/nulls=true/mini_batch=false,74,1.0,5626640578.0,Flat
engine/rocksdb/updating_join/updating_join/retract_right/16384/domain=16384/bytes=264/nulls=true/mini_batch=false,75,1.0,5664652327.0,Flat
engine/rocksdb/updating_join/updating_join/retract_right/16384/domain=16384/bytes=264/nulls=true/mini_batch=false,76,1.0,5956669170.0,Flat
engine/rocksdb/updating_join/updating_join/retract_right/16384/domain=16384/bytes=264/nulls=true/mini_batch=false,77,1.0,5715266194.0,Flat
engine/rocksdb/updating_join/updating_join/retract_right/16384/domain=16384/bytes=264/nulls=true/mini_batch=false,78,1.0,5661286072.0,Flat
engine/rocksdb/updating_join/updating_join/retract_right/16384/domain=16384/bytes=264/nulls=true/mini_batch=false,79,1.0,5653009677.0,Flat
engine/rocksdb/updating_join/updating_join/retract_right/16384/domain=16384/bytes=264/nulls=true/mini_batch=false,80,1.0,5681622559.0,Flat
engine/rocksdb/updating_join/updating_join/retract_right/16384/domain=16384/bytes=264/nulls=true/mini_batch=false,81,1.0,5766089121.0,Flat
engine/rocksdb/updating_join/updating_join/retract_right/16384/domain=16384/bytes=264/nulls=true/mini_batch=false,82,1.0,5842530963.0,Flat
engine/rocksdb/updating_join/updating_join/retract_right/16384/domain=16384/bytes=264/nulls=true/mini_batch=false,83,1.0,5633930050.0,Flat
engine/rocksdb/updating_join/updating_join/retract_right/16384/domain=16384/bytes=264/nulls=true/mini_batch=false,84,1.0,5652640121.0,Flat
engine/rocksdb/updating_join/updating_join/retract_right/16384/domain=16384/bytes=264/nulls=true/mini_batch=false,85,1.0,5684825597.0,Flat
engine/rocksdb/updating_join/updating_join/retract_right/16384/domain=16384/bytes=264/nulls=true/mini_batch=false,86,1.0,5629639160.0,Flat
engine/rocksdb/updating_join/updating_join/retract_right/16384/domain=16384/bytes=264/nulls=true/mini_batch=false,87,1.0,5905592324.0,Flat
engine/rocksdb/updating_join/updating_join/retract_right/16384/domain=16384/bytes=264/nulls=true/mini_batch=false,88,1.0,5935077996.0,Flat
engine/rocksdb/updating_join/updating_join/retract_right/16384/domain=16384/bytes=264/nulls=true/mini_batch=false,89,1.0,5693406626.0,Flat
engine/rocksdb/updating_join/updating_join/retract_right/16384/domain=16384/bytes=264/nulls=true/mini_batch=false,90,1.0,5683204232.0,Flat
engine/rocksdb/updating_join/updating_join/retract_right/16384/domain=16384/bytes=264/nulls=true/mini_batch=false,91,1.0,5607908404.0,Flat
engine/rocksdb/updating_join/updating_join/retract_right/16384/domain=16384/bytes=264/nulls=true/mini_batch=false,92,1.0,5729085652.0,Flat
engine/rocksdb/updating_join/updating_join/retract_right/16384/domain=16384/bytes=264/nulls=true/mini_batch=false,93,1.0,5646869606.0,Flat
engine/rocksdb/updating_join/updating_join/retract_right/16384/domain=16384/bytes=264/nulls=true/mini_batch=false,94,1.0,5683405071.0,Flat
engine/rocksdb/updating_join/updating_join/retract_right/16384/domain=16384/bytes=264/nulls=true/mini_batch=false,95,1.0,5682327023.0,Flat
engine/rocksdb/updating_join/updating_join/retract_right/16384/domain=16384/bytes=264/nulls=true/mini_batch=false,96,1.0,5665710203.0,Flat
engine/rocksdb/updating_join/updating_join/retract_right/16384/domain=16384/bytes=264/nulls=true/mini_batch=false,97,1.0,5636528537.0,Flat
engine/rocksdb/updating_join/updating_join/retract_right/16384/domain=16384/bytes=264/nulls=true/mini_batch=false,98,1.0,5718440851.0,Flat
engine/rocksdb/updating_join/updating_join/retract_right/16384/domain=16384/bytes=264/nulls=true/mini_batch=false,99,1.0,5612487567.0,Flat
engine/rocksdb/updating_join/updating_join/retract_right/16384/domain=16384/bytes=264/nulls=true/mini_batch=true,0,1.0,64073067.0,Flat
engine/rocksdb/updating_join/updating_join/retract_right/16384/domain=16384/bytes=264/nulls=true/mini_batch=true,1,1.0,61473663.0,Flat
engine/rocksdb/updating_join/updating_join/retract_right/16384/domain=16384/bytes=264/nulls=true/mini_batch=true,2,1.0,63154131.0,Flat
engine/rocksdb/updating_join/updating_join/retract_right/16384/domain=16384/bytes=264/nulls=true/mini_batch=true,3,1.0,62772378.0,Flat
engine/rocksdb/updating_join/updating_join/retract_right/16384/domain=16384/bytes=264/nulls=true/mini_batch=true,4,1.0,64763094.0,Flat
engine/rocksdb/updating_join/updating_join/retract_right/16384/domain=16384/bytes=264/nulls=true/mini_batch=true,5,1.0,60405601.0,Flat
engine/rocksdb/updating_join/updating_join/retract_right/16384/domain=16384/bytes=264/nulls=true/mini_batch=true,6,1.0,60391640.0,Flat
engine/rocksdb/updating_join/updating_join/retract_right/16384/domain=16384/bytes=264/nulls=true/mini_batch=true,7,1.0,61490942.0,Flat
engine/rocksdb/updating_join/updating_join/retract_right/16384/domain=16384/bytes=264/nulls=true/mini_batch=true,8,1.0,60650798.0,Flat
engine/rocksdb/updating_join/updating_join/retract_right/16384/domain=16384/bytes=264/nulls=true/mini_batch=true,9,1.0,59936264.0,Flat
engine/rocksdb/updating_join/updating_join/retract_right/16384/domain=16384/bytes=264/nulls=true/mini_batch=true,10,1.0,60088698.0,Flat
engine/rocksdb/updating_join/updating_join/retract_right/16384/domain=16384/bytes=264/nulls=true/mini_batch=true,11,1.0,62750058.0,Flat
engine/rocksdb/updating_join/updating_join/retract_right/16384/domain=16384/bytes=264/nulls=true/mini_batch=true,12,1.0,61399969.0,Flat
engine/rocksdb/updating_join/updating_join/retract_right/16384/domain=16384/bytes=264/nulls=true/mini_batch=true,13,1.0,60746666.0,Flat
engine/rocksdb/updating_join/updating_join/retract_right/16384/domain=16384/bytes=264/nulls=true/mini_batch=true,14,1.0,61157749.0,Flat
engine/rocksdb/updating_join/updating_join/retract_right/16384/domain=16384/bytes=264/nulls=true/mini_batch=true,15,1.0,61748910.0,Flat
engine/rocksdb/updating_join/updating_join/retract_right/16384/domain=16384/bytes=264/nulls=true/mini_batch=true,16,1.0,61545464.0,Flat
engine/rocksdb/updating_join/updating_join/retract_right/16384/domain=16384/bytes=264/nulls=true/mini_batch=true,17,1.0,62487145.0,Flat
engine/rocksdb/updating_join/updating_join/retract_right/16384/domain=16384/bytes=264/nulls=true/mini_batch=true,18,1.0,63724099.0,Flat
engine/rocksdb/updating_join/updating_join/retract_right/16384/domain=16384/bytes=264/nulls=true/mini_batch=true,19,1.0,57401791.0,Flat
engine/rocksdb/updating_join/updating_join/retract_right/16384/domain=16384/bytes=264/nulls=true/mini_batch=true,20,1.0,59793488.0,Flat
engine/rocksdb/updating_join/updating_join/retract_right/16384/domain=16384/bytes=264/nulls=true/mini_batch=true,21,1.0,61680475.0,Flat
engine/rocksdb/updating_join/updating_join/retract_right/16384/domain=16384/bytes=264/nulls=true/mini_batch=true,22,1.0,60312800.0,Flat
engine/rocksdb/updating_join/updating_join/retract_right/16384/domain=16384/bytes=264/nulls=true/mini_batch=true,23,1.0,61526574.0,Flat
engine/rocksdb/updating_join/updating_join/retract_right/16384/domain=16384/bytes=264/nulls=true/mini_batch=true,24,1.0,60543398.0,Flat
engine/rocksdb/updating_join/updating_join/retract_right/16384/domain=16384/bytes=264/nulls=true/mini_batch=true,25,1.0,63453841.0,Flat
engine/rocksdb/updating_join/updating_join/retract_right/16384/domain=16384/bytes=264/nulls=true/mini_batch=true,26,1.0,62748283.0,Flat
engine/rocksdb/updating_join/updating_join/retract_right/16384/domain=16384/bytes=264/nulls=true/mini_batch=true,27,1.0,62615557.0,Flat
engine/rocksdb/updating_join/updating_join/retract_right/16384/domain=16384/bytes=264/nulls=true/mini_batch=true,28,1.0,59337417.0,Flat
engine/rocksdb/updating_join/updating_join/retract_right/16384/domain=16384/bytes=264/nulls=true/mini_batch=true,29,1.0,62432779.0,Flat
engine/rocksdb/updating_join/updating_join/retract_right/16384/domain=16384/bytes=264/nulls=true/mini_batch=true,30,1.0,60794281.0,Flat
engine/rocksdb/updating_join/updating_join/retract_right/16384/domain=16384/bytes=264/nulls=true/mini_batch=true,31,1.0,62926668.0,Flat
engine/rocksdb/updating_join/updating_join/retract_right/16384/domain=16384/bytes=264/nulls=true/mini_batch=true,32,1.0,66432158.0,Flat
engine/rocksdb/updating_join/updating_join/retract_right/16384/domain=16384/bytes=264/nulls=true/mini_batch=true,33,1.0,60745136.0,Flat
engine/rocksdb/updating_join/updating_join/retract_right/16384/domain=16384/bytes=264/nulls=true/mini_batch=true,34,1.0,64231868.0,Flat
engine/rocksdb/updating_join/updating_join/retract_right/16384/domain=16384/bytes=264/nulls=true/mini_batch=true,35,1.0,57763269.0,Flat
engine/rocksdb/updating_join/updating_join/retract_right/16384/domain=16384/bytes=264/nulls=true/mini_batch=true,36,1.0,59838044.0,Flat
engine/rocksdb/updating_join/updating_join/retract_right/16384/domain=16384/bytes=264/nulls=true/mini_batch=true,37,1.0,60720104.0,Flat
engine/rocksdb/updating_join/updating_join/retract_right/16384/domain=16384/bytes=264/nulls=true/mini_batch=true,38,1.0,55857848.0,Flat
engine/rocksdb/updating_join/updating_join/retract_right/16384/domain=16384/bytes=264/nulls=true/mini_batch=true,39,1.0,65977842.0,Flat
engine/rocksdb/updating_join/updating_join/retract_right/16384/domain=16384/bytes=264/nulls=true/mini_batch=true,40,1.0,66407828.0,Flat
engine/rocksdb/updating_join/updating_join/retract_right/16384/domain=16384/bytes=264/nulls=true/mini_batch=true,41,1.0,60019274.0,Flat
engine/rocksdb/updating_join/updating_join/retract_right/16384/domain=16384/bytes=264/nulls=true/mini_batch=true,42,1.0,59595573.0,Flat
engine/rocksdb/updating_join/updating_join/retract_right/16384/domain=16384/bytes=264/nulls=true/mini_batch=true,43,1.0,59517007.0,Flat
engine/rocksdb/updating_join/updating_join/retract_right/16384/domain=16384/bytes=264/nulls=true/mini_batch=true,44,1.0,60049700.0,Flat
engine/rocksdb/updating_join/updating_join/retract_right/16384/domain=16384/bytes=264/nulls=true/mini_batch=true,45,1.0,61025123.0,Flat
engine/rocksdb/updating_join/updating_join/retract_right/16384/domain=16384/bytes=264/nulls=true/mini_batch=true,46,1.0,61855425.0,Flat
engine/rocksdb/updating_join/updating_join/retract_right/16384/domain=16384/bytes=264/nulls=true/mini_batch=true,47,1.0,62233429.0,Flat
engine/rocksdb/updating_join/updating_join/retract_right/16384/domain=16384/bytes=264/nulls=true/mini_batch=true,48,1.0,61021857.0,Flat
engine/rocksdb/updating_join/updating_join/retract_right/16384/domain=16384/bytes=264/nulls=true/mini_batch=true,49,1.0,61303445.0,Flat
engine/rocksdb/updating_join/updating_join/retract_right/16384/domain=16384/bytes=264/nulls=true/mini_batch=true,50,1.0,63012527.0,Flat
engine/rocksdb/updating_join/updating_join/retract_right/16384/domain=16384/bytes=264/nulls=true/mini_batch=true,51,1.0,61486396.0,Flat
engine/rocksdb/updating_join/updating_join/retract_right/16384/domain=16384/bytes=264/nulls=true/mini_batch=true,52,1.0,61511864.0,Flat
engine/rocksdb/updating_join/updating_join/retract_right/16384/domain=16384/bytes=264/nulls=true/mini_batch=true,53,1.0,61323601.0,Flat
engine/rocksdb/updating_join/updating_join/retract_right/16384/domain=16384/bytes=264/nulls=true/mini_batch=true,54,1.0,61849798.0,Flat
engine/rocksdb/updating_join/updating_join/retract_right/16384/domain=16384/bytes=264/nulls=true/mini_batch=true,55,1.0,60285041.0,Flat
engine/rocksdb/updating_join/updating_join/retract_right/16384/domain=16384/bytes=264/nulls=true/mini_batch=true,56,1.0,64522065.0,Flat
engine/rocksdb/updating_join/updating_join/retract_right/16384/domain=16384/bytes=264/nulls=true/mini_batch=true,57,1.0,64827518.0,Flat
engine/rocksdb/updating_join/updating_join/retract_right/16384/domain=16384/bytes=264/nulls=true/mini_batch=true,58,1.0,61872320.0,Flat
engine/rocksdb/updating_join/updating_join/retract_right/16384/domain=16384/bytes=264/nulls=true/mini_batch=true,59,1.0,63329265.0,Flat
engine/rocksdb/updating_join/updating_join/retract_right/16384/domain=16384/bytes=264/nulls=true/mini_batch=true,60,1.0,66186931.0,Flat
engine/rocksdb/updating_join/updating_join/retract_right/16384/domain=16384/bytes=264/nulls=true/mini_batch=true,61,1.0,66320118.0,Flat
engine/rocksdb/updating_join/updating_join/retract_right/16384/domain=16384/bytes=264/nulls=true/mini_batch=true,62,1.0,61646913.0,Flat
engine/rocksdb/updating_join/updating_join/retract_right/16384/domain=16384/bytes=264/nulls=true/mini_batch=true,63,1.0,62602699.0,Flat
engine/rocksdb/updating_join/updating_join/retract_right/16384/domain=16384/bytes=264/nulls=true/mini_batch=true,64,1.0,64589480.0,Flat
engine/rocksdb/updating_join/updating_join/retract_right/16384/domain=16384/bytes=264/nulls=true/mini_batch=true,65,1.0,60456201.0,Flat
engine/rocksdb/updating_join/updating_join/retract_right/16384/domain=16384/bytes=264/nulls=true/mini_batch=true,66,1.0,62593788.0,Flat
engine/rocksdb/updating_join/updating_join/retract_right/16384/domain=16384/bytes=264/nulls=true/mini_batch=true,67,1.0,62722064.0,Flat
engine/rocksdb/updating_join/updating_join/retract_right/16384/domain=16384/bytes=264/nulls=true/mini_batch=true,68,1.0,58679615.0,Flat
engine/rocksdb/updating_join/updating_join/retract_right/16384/domain=16384/bytes=264/nulls=true/mini_batch=true,69,1.0,62043178.0,Flat
engine/rocksdb/updating_join/updating_join/retract_right/16384/domain=16384/bytes=264/nulls=true/mini_batch=true,70,1.0,64588618.0,Flat
engine/rocksdb/updating_join/updating_join/retract_right/16384/domain=16384/bytes=264/nulls=true/mini_batch=true,71,1.0,63792639.0,Flat
engine/rocksdb/updating_join/updating_join/retract_right/16384/domain=16384/bytes=264/nulls=true/mini_batch=true,72,1.0,58117257.0,Flat
engine/rocksdb/updating_join/updating_join/retract_right/16384/domain=16384/bytes=264/nulls=true/mini_batch=true,73,1.0,65870880.0,Flat
engine/rocksdb/updating_join/updating_join/retract_right/16384/domain=16384/bytes=264/nulls=true/mini_batch=true,74,1.0,61874332.0,Flat
engine/rocksdb/updating_join/updating_join/retract_right/16384/domain=16384/bytes=264/nulls=true/mini_batch=true,75,1.0,59276675.0,Flat
engine/rocksdb/updating_join/updating_join/retract_right/16384/domain=16384/bytes=264/nulls=true/mini_batch=true,76,1.0,59989675.0,Flat
engine/rocksdb/updating_join/updating_join/retract_right/16384/domain=16384/bytes=264/nulls=true/mini_batch=true,77,1.0,60143050.0,Flat
engine/rocksdb/updating_join/updating_join/retract_right/16384/domain=16384/bytes=264/nulls=true/mini_batch=true,78,1.0,66669517.0,Flat
engine/rocksdb/updating_join/updating_join/retract_right/16384/domain=16384/bytes=264/nulls=true/mini_batch=true,79,1.0,61773206.0,Flat
engine/rocksdb/updating_join/updating_join/retract_right/16384/domain=16384/bytes=264/nulls=true/mini_batch=true,80,1.0,61792892.0,Flat
engine/rocksdb/updating_join/updating_join/retract_right/16384/domain=16384/bytes=264/nulls=true/mini_batch=true,81,1.0,59095079.0,Flat
engine/rocksdb/updating_join/updating_join/retract_right/16384/domain=16384/bytes=264/nulls=true/mini_batch=true,82,1.0,63746673.0,Flat
engine/rocksdb/updating_join/updating_join/retract_right/16384/domain=16384/bytes=264/nulls=true/mini_batch=true,83,1.0,62999142.0,Flat
engine/rocksdb/updating_join/updating_join/retract_right/16384/domain=16384/bytes=264/nulls=true/mini_batch=true,84,1.0,62766661.0,Flat
engine/rocksdb/updating_join/updating_join/retract_right/16384/domain=16384/bytes=264/nulls=true/mini_batch=true,85,1.0,63297557.0,Flat
engine/rocksdb/updating_join/updating_join/retract_right/16384/domain=16384/bytes=264/nulls=true/mini_batch=true,86,1.0,62746017.0,Flat
engine/rocksdb/updating_join/updating_join/retract_right/16384/domain=16384/bytes=264/nulls=true/mini_batch=true,87,1.0,58704123.0,Flat
engine/rocksdb/updating_join/updating_join/retract_right/16384/domain=16384/bytes=264/nulls=true/mini_batch=true,88,1.0,63928469.0,Flat
engine/rocksdb/updating_join/updating_join/retract_right/16384/domain=16384/bytes=264/nulls=true/mini_batch=true,89,1.0,63090171.0,Flat
engine/rocksdb/updating_join/updating_join/retract_right/16384/domain=16384/bytes=264/nulls=true/mini_batch=true,90,1.0,61991806.0,Flat
engine/rocksdb/updating_join/updating_join/retract_right/16384/domain=16384/bytes=264/nulls=true/mini_batch=true,91,1.0,61304352.0,Flat
engine/rocksdb/updating_join/updating_join/retract_right/16384/domain=16384/bytes=264/nulls=true/mini_batch=true,92,1.0,64184883.0,Flat
engine/rocksdb/updating_join/updating_join/retract_right/16384/domain=16384/bytes=264/nulls=true/mini_batch=true,93,1.0,62865964.0,Flat
engine/rocksdb/updating_join/updating_join/retract_right/16384/domain=16384/bytes=264/nulls=true/mini_batch=true,94,1.0,61723635.0,Flat
engine/rocksdb/updating_join/updating_join/retract_right/16384/domain=16384/bytes=264/nulls=true/mini_batch=true,95,1.0,59669495.0,Flat
engine/rocksdb/updating_join/updating_join/retract_right/16384/domain=16384/bytes=264/nulls=true/mini_batch=true,96,1.0,66020042.0,Flat
engine/rocksdb/updating_join/updating_join/retract_right/16384/domain=16384/bytes=264/nulls=true/mini_batch=true,97,1.0,66799958.0,Flat
engine/rocksdb/updating_join/updating_join/retract_right/16384/domain=16384/bytes=264/nulls=true/mini_batch=true,98,1.0,70130477.0,Flat
engine/rocksdb/updating_join/updating_join/retract_right/16384/domain=16384/bytes=264/nulls=true/mini_batch=true,99,1.0,61793104.0,Flat
engine/rocksdb/updating_join/updating_join/retract_right/16384/domain=8/bytes=264/nulls=true/mini_batch=false,0,1.0,31401003.0,Flat
engine/rocksdb/updating_join/updating_join/retract_right/16384/domain=8/bytes=264/nulls=true/mini_batch=false,1,1.0,31134301.0,Flat
engine/rocksdb/updating_join/updating_join/retract_right/16384/domain=8/bytes=264/nulls=true/mini_batch=false,2,1.0,30724996.0,Flat
engine/rocksdb/updating_join/updating_join/retract_right/16384/domain=8/bytes=264/nulls=true/mini_batch=false,3,1.0,29359151.0,Flat
engine/rocksdb/updating_join/updating_join/retract_right/16384/domain=8/bytes=264/nulls=true/mini_batch=false,4,1.0,31695518.0,Flat
engine/rocksdb/updating_join/updating_join/retract_right/16384/domain=8/bytes=264/nulls=true/mini_batch=false,5,1.0,33559664.0,Flat
engine/rocksdb/updating_join/updating_join/retract_right/16384/domain=8/bytes=264/nulls=true/mini_batch=false,6,1.0,31531273.0,Flat
engine/rocksdb/updating_join/updating_join/retract_right/16384/domain=8/bytes=264/nulls=true/mini_batch=false,7,1.0,30704127.0,Flat
engine/rocksdb/updating_join/updating_join/retract_right/16384/domain=8/bytes=264/nulls=true/mini_batch=false,8,1.0,32154363.0,Flat
engine/rocksdb/updating_join/updating_join/retract_right/16384/domain=8/bytes=264/nulls=true/mini_batch=false,9,1.0,29750312.0,Flat
engine/rocksdb/updating_join/updating_join/retract_right/16384/domain=8/bytes=264/nulls=true/mini_batch=false,10,1.0,30982572.0,Flat
engine/rocksdb/updating_join/updating_join/retract_right/16384/domain=8/bytes=264/nulls=true/mini_batch=false,11,1.0,31247338.0,Flat
engine/rocksdb/updating_join/updating_join/retract_right/16384/domain=8/bytes=264/nulls=true/mini_batch=false,12,1.0,31859383.0,Flat
engine/rocksdb/updating_join/updating_join/retract_right/16384/domain=8/bytes=264/nulls=true/mini_batch=false,13,1.0,33468600.0,Flat
engine/rocksdb/updating_join/updating_join/retract_right/16384/domain=8/bytes=264/nulls=true/mini_batch=false,14,1.0,31392374.0,Flat
engine/rocksdb/updating_join/updating_join/retract_right/16384/domain=8/bytes=264/nulls=true/mini_batch=false,15,1.0,30803532.0,Flat
engine/rocksdb/updating_join/updating_join/retract_right/16384/domain=8/bytes=264/nulls=true/mini_batch=false,16,1.0,30351406.0,Flat
engine/rocksdb/updating_join/updating_join/retract_right/16384/domain=8/bytes=264/nulls=true/mini_batch=false,17,1.0,31228578.0,Flat
engine/rocksdb/updating_join/updating_join/retract_right/16384/domain=8/bytes=264/nulls=true/mini_batch=false,18,1.0,32754844.0,Flat
engine/rocksdb/updating_join/updating_join/retract_right/16384/domain=8/bytes=264/nulls=true/mini_batch=false,19,1.0,31490677.0,Flat
engine/rocksdb/updating_join/updating_join/retract_right/16384/domain=8/bytes=264/nulls=true/mini_batch=false,20,1.0,31851175.0,Flat
engine/rocksdb/updating_join/updating_join/retract_right/16384/domain=8/bytes=264/nulls=true/mini_batch=false,21,1.0,30664655.0,Flat
engine/rocksdb/updating_join/updating_join/retract_right/16384/domain=8/bytes=264/nulls=true/mini_batch=false,22,1.0,30553065.0,Flat
engine/rocksdb/updating_join/updating_join/retract_right/16384/domain=8/bytes=264/nulls=true/mini_batch=false,23,1.0,31899074.0,Flat
engine/rocksdb/updating_join/updating_join/retract_right/16384/domain=8/bytes=264/nulls=true/mini_batch=false,24,1.0,33583744.0,Flat
engine/rocksdb/updating_join/updating_join/retract_right/16384/domain=8/bytes=264/nulls=true/mini_batch=false,25,1.0,30272915.0,Flat
engine/rocksdb/updating_join/updating_join/retract_right/16384/domain=8/bytes=264/nulls=true/mini_batch=false,26,1.0,35156103.0,Flat
engine/rocksdb/updating_join/updating_join/retract_right/16384/domain=8/bytes=264/nulls=true/mini_batch=false,27,1.0,31020540.0,Flat
engine/rocksdb/updating_join/updating_join/retract_right/16384/domain=8/bytes=264/nulls=true/mini_batch=false,28,1.0,31404263.0,Flat
engine/rocksdb/updating_join/updating_join/retract_right/16384/domain=8/bytes=264/nulls=true/mini_batch=false,29,1.0,30944036.0,Flat
engine/rocksdb/updating_join/updating_join/retract_right/16384/domain=8/bytes=264/nulls=true/mini_batch=false,30,1.0,29576791.0,Flat
engine/rocksdb/updating_join/updating_join/retract_right/16384/domain=8/bytes=264/nulls=true/mini_batch=false,31,1.0,31728648.0,Flat
engine/rocksdb/updating_join/updating_join/retract_right/16384/domain=8/bytes=264/nulls=true/mini_batch=false,32,1.0,30931725.0,Flat
engine/rocksdb/updating_join/updating_join/retract_right/16384/domain=8/bytes=264/nulls=true/mini_batch=false,33,1.0,30341748.0,Flat
engine/rocksdb/updating_join/updating_join/retract_right/16384/domain=8/bytes=264/nulls=true/mini_batch=false,34,1.0,33585963.0,Flat
engine/rocksdb/updating_join/updating_join/retract_right/16384/domain=8/bytes=264/nulls=true/mini_batch=false,35,1.0,31892700.0,Flat
engine/rocksdb/updating_join/updating_join/retract_right/16384/domain=8/bytes=264/nulls=true/mini_batch=false,36,1.0,31888872.0,Flat
engine/rocksdb/updating_join/updating_join/retract_right/16384/domain=8/bytes=264/nulls=true/mini_batch=false,37,1.0,29977596.0,Flat
engine/rocksdb/updating_join/updating_join/retract_right/16384/domain=8/bytes=264/nulls=true/mini_batch=false,38,1.0,29899770.0,Flat
engine/rocksdb/updating_join/updating_join/retract_right/16384/domain=8/bytes=264/nulls=true/mini_batch=false,39,1.0,30927995.0,Flat
engine/rocksdb/updating_join/updating_join/retract_right/16384/domain=8/bytes=264/nulls=true/mini_batch=false,40,1.0,32779548.0,Flat
engine/rocksdb/updating_join/updating_join/retract_right/16384/domain=8/bytes=264/nulls=true/mini_batch=false,41,1.0,32481893.0,Flat
engine/rocksdb/updating_join/updating_join/retract_right/16384/domain=8/bytes=264/nulls=true/mini_batch=false,42,1.0,29460893.0,Flat
engine/rocksdb/updating_join/updating_join/retract_right/16384/domain=8/bytes=264/nulls=true/mini_batch=false,43,1.0,29362142.0,Flat
engine/rocksdb/updating_join/updating_join/retract_right/16384/domain=8/bytes=264/nulls=true/mini_batch=false,44,1.0,33383230.0,Flat
engine/rocksdb/updating_join/updating_join/retract_right/16384/domain=8/bytes=264/nulls=true/mini_batch=false,45,1.0,32173665.0,Flat
engine/rocksdb/updating_join/updating_join/retract_right/16384/domain=8/bytes=264/nulls=true/mini_batch=false,46,1.0,29823004.0,Flat
engine/rocksdb/updating_join/updating_join/retract_right/16384/domain=8/bytes=264/nulls=true/mini_batch=false,47,1.0,31669128.0,Flat
engine/rocksdb/updating_join/updating_join/retract_right/16384/domain=8/bytes=264/nulls=true/mini_batch=false,48,1.0,30819054.0,Flat
engine/rocksdb/updating_join/updating_join/retract_right/16384/domain=8/bytes=264/nulls=true/mini_batch=false,49,1.0,29954190.0,Flat
engine/rocksdb/updating_join/updating_join/retract_right/16384/domain=8/bytes=264/nulls=true/mini_batch=false,50,1.0,30654596.0,Flat
engine/rocksdb/updating_join/updating_join/retract_right/16384/domain=8/bytes=264/nulls=true/mini_batch=false,51,1.0,29862124.0,Flat
engine/rocksdb/updating_join/updating_join/retract_right/16384/domain=8/bytes=264/nulls=true/mini_batch=false,52,1.0,29771989.0,Flat
engine/rocksdb/updating_join/updating_join/retract_right/16384/domain=8/bytes=264/nulls=true/mini_batch=false,53,1.0,30219996.0,Flat
engine/rocksdb/updating_join/updating_join/retract_right/16384/domain=8/bytes=264/nulls=true/mini_batch=false,54,1.0,32744789.0,Flat
engine/rocksdb/updating_join/updating_join/retract_right/16384/domain=8/bytes=264/nulls=true/mini_batch=false,55,1.0,29696743.0,Flat
engine/rocksdb/updating_join/updating_join/retract_right/16384/domain=8/bytes=264/nulls=true/mini_batch=false,56,1.0,31794280.0,Flat
engine/rocksdb/updating_join/updating_join/retract_right/16384/domain=8/bytes=264/nulls=true/mini_batch=false,57,1.0,30582081.0,Flat
engine/rocksdb/updating_join/updating_join/retract_right/16384/domain=8/bytes=264/nulls=true/mini_batch=false,58,1.0,29663770.0,Flat
engine/rocksdb/updating_join/updating_join/retract_right/16384/domain=8/bytes=264/nulls=true/mini_batch=false,59,1.0,31754533.0,Flat
engine/rocksdb/updating_join/updating_join/retract_right/16384/domain=8/bytes=264/nulls=true/mini_batch=false,60,1.0,31905440.0,Flat
engine/rocksdb/updating_join/updating_join/retract_right/16384/domain=8/bytes=264/nulls=true/mini_batch=false,61,1.0,29714507.0,Flat
engine/rocksdb/updating_join/updating_join/retract_right/16384/domain=8/bytes=264/nulls=true/mini_batch=false,62,1.0,30850819.0,Flat
engine/rocksdb/updating_join/updating_join/retract_right/16384/domain=8/bytes=264/nulls=true/mini_batch=false,63,1.0,31919853.0,Flat
engine/rocksdb/updating_join/updating_join/retract_right/16384/domain=8/bytes=264/nulls=true/mini_batch=false,64,1.0,32236673.0,Flat
engine/rocksdb/updating_join/updating_join/retract_right/16384/domain=8/bytes=264/nulls=true/mini_batch=false,65,1.0,29633926.0,Flat
engine/rocksdb/updating_join/updating_join/retract_right/16384/domain=8/bytes=264/nulls=true/mini_batch=false,66,1.0,34246509.0,Flat
engine/rocksdb/updating_join/updating_join/retract_right/16384/domain=8/bytes=264/nulls=true/mini_batch=false,67,1.0,31596826.0,Flat
engine/rocksdb/updating_join/updating_join/retract_right/16384/domain=8/bytes=264/nulls=true/mini_batch=false,68,1.0,30242391.0,Flat
engine/rocksdb/updating_join/updating_join/retract_right/16384/domain=8/bytes=264/nulls=true/mini_batch=false,69,1.0,31287452.0,Flat
engine/rocksdb/updating_join/updating_join/retract_right/16384/domain=8/bytes=264/nulls=true/mini_batch=false,70,1.0,31839800.0,Flat
engine/rocksdb/updating_join/updating_join/retract_right/16384/domain=8/bytes=264/nulls=true/mini_batch=false,71,1.0,31934266.0,Flat
engine/rocksdb/updating_join/updating_join/retract_right/16384/domain=8/bytes=264/nulls=true/mini_batch=false,72,1.0,32445937.0,Flat
engine/rocksdb/updating_join/updating_join/retract_right/16384/domain=8/bytes=264/nulls=true/mini_batch=false,73,1.0,31456867.0,Flat
engine/rocksdb/updating_join/updating_join/retract_right/16384/domain=8/bytes=264/nulls=true/mini_batch=false,74,1.0,30518969.0,Flat
engine/rocksdb/updating_join/updating_join/retract_right/16384/domain=8/bytes=264/nulls=true/mini_batch=false,75,1.0,31256516.0,Flat
engine/rocksdb/updating_join/updating_join/retract_right/16384/domain=8/bytes=264/nulls=true/mini_batch=false,76,1.0,33688434.0,Flat
engine/rocksdb/updating_join/updating_join/retract_right/16384/domain=8/bytes=264/nulls=true/mini_batch=false,77,1.0,29766948.0,Flat
engine/rocksdb/updating_join/updating_join/retract_right/16384/domain=8/bytes=264/nulls=true/mini_batch=false,78,1.0,33945232.0,Flat
engine/rocksdb/updating_join/updating_join/retract_right/16384/domain=8/bytes=264/nulls=true/mini_batch=false,79,1.0,31993435.0,Flat
engine/rocksdb/updating_join/updating_join/retract_right/16384/domain=8/bytes=264/nulls=true/mini_batch=false,80,1.0,32213500.0,Flat
engine/rocksdb/updating_join/updating_join/retract_right/16384/domain=8/bytes=264/nulls=true/mini_batch=false,81,1.0,30343856.0,Flat
engine/rocksdb/updating_join/updating_join/retract_right/16384/domain=8/bytes=264/nulls=true/mini_batch=false,82,1.0,30962432.0,Flat
engine/rocksdb/updating_join/updating_join/retract_right/16384/domain=8/bytes=264/nulls=true/mini_batch=false,83,1.0,31134884.0,Flat
engine/rocksdb/updating_join/updating_join/retract_right/16384/domain=8/bytes=264/nulls=true/mini_batch=false,84,1.0,31045302.0,Flat
engine/rocksdb/updating_join/updating_join/retract_right/16384/domain=8/bytes=264/nulls=true/mini_batch=false,85,1.0,30497006.0,Flat
engine/rocksdb/updating_join/updating_join/retract_right/16384/domain=8/bytes=264/nulls=true/mini_batch=false,86,1.0,31658010.0,Flat
engine/rocksdb/updating_join/updating_join/retract_right/16384/domain=8/bytes=264/nulls=true/mini_batch=false,87,1.0,32385215.0,Flat
engine/rocksdb/updating_join/updating_join/retract_right/16384/domain=8/bytes=264/nulls=true/mini_batch=false,88,1.0,31956031.0,Flat
engine/rocksdb/updating_join/updating_join/retract_right/16384/domain=8/bytes=264/nulls=true/mini_batch=false,89,1.0,30652883.0,Flat
engine/rocksdb/updating_join/updating_join/retract_right/16384/domain=8/bytes=264/nulls=true/mini_batch=false,90,1.0,30219229.0,Flat
engine/rocksdb/updating_join/updating_join/retract_right/16384/domain=8/bytes=264/nulls=true/mini_batch=false,91,1.0,29771721.0,Flat
engine/rocksdb/updating_join/updating_join/retract_right/16384/domain=8/bytes=264/nulls=true/mini_batch=false,92,1.0,31039120.0,Flat
engine/rocksdb/updating_join/updating_join/retract_right/16384/domain=8/bytes=264/nulls=true/mini_batch=false,93,1.0,31591035.0,Flat
engine/rocksdb/updating_join/updating_join/retract_right/16384/domain=8/bytes=264/nulls=true/mini_batch=false,94,1.0,29924845.0,Flat
engine/rocksdb/updating_join/updating_join/retract_right/16384/domain=8/bytes=264/nulls=true/mini_batch=false,95,1.0,31278215.0,Flat
engine/rocksdb/updating_join/updating_join/retract_right/16384/domain=8/bytes=264/nulls=true/mini_batch=false,96,1.0,29647992.0,Flat
engine/rocksdb/updating_join/updating_join/retract_right/16384/domain=8/bytes=264/nulls=true/mini_batch=false,97,1.0,30663043.0,Flat
engine/rocksdb/updating_join/updating_join/retract_right/16384/domain=8/bytes=264/nulls=true/mini_batch=false,98,1.0,32680684.0,Flat
engine/rocksdb/updating_join/updating_join/retract_right/16384/domain=8/bytes=264/nulls=true/mini_batch=false,99,1.0,33796726.0,Flat
engine/rocksdb/updating_join/updating_join/retract_right/16384/domain=8/bytes=264/nulls=true/mini_batch=true,0,2.0,6707139.0,Flat
engine/rocksdb/updating_join/updating_join/retract_right/16384/domain=8/bytes=264/nulls=true/mini_batch=true,1,2.0,6981464.0,Flat
engine/rocksdb/updating_join/updating_join/retract_right/16384/domain=8/bytes=264/nulls=true/mini_batch=true,2,2.0,6511291.0,Flat
engine/rocksdb/updating_join/updating_join/retract_right/16384/domain=8/bytes=264/nulls=true/mini_batch=true,3,2.0,6407940.0,Flat
engine/rocksdb/updating_join/updating_join/retract_right/16384/domain=8/bytes=264/nulls=true/mini_batch=true,4,2.0,6266011.0,Flat
engine/rocksdb/updating_join/updating_join/retract_right/16384/domain=8/bytes=264/nulls=true/mini_batch=true,5,2.0,5948534.0,Flat
engine/rocksdb/updating_join/updating_join/retract_right/16384/domain=8/bytes=264/nulls=true/mini_batch=true,6,2.0,6196280.0,Flat
engine/rocksdb/updating_join/updating_join/retract_right/16384/domain=8/bytes=264/nulls=true/mini_batch=true,7,2.0,6753423.0,Flat
engine/rocksdb/updating_join/updating_join/retract_right/16384/domain=8/bytes=264/nulls=true/mini_batch=true,8,2.0,7066905.0,Flat
engine/rocksdb/updating_join/updating_join/retract_right/16384/domain=8/bytes=264/nulls=true/mini_batch=true,9,2.0,6416128.0,Flat
engine/rocksdb/updating_join/updating_join/retract_right/16384/domain=8/bytes=264/nulls=true/mini_batch=true,10,2.0,7290764.0,Flat
engine/rocksdb/updating_join/updating_join/retract_right/16384/domain=8/bytes=264/nulls=true/mini_batch=true,11,2.0,7638735.0,Flat
engine/rocksdb/updating_join/updating_join/retract_right/16384/domain=8/bytes=264/nulls=true/mini_batch=true,12,2.0,6076953.0,Flat
engine/rocksdb/updating_join/updating_join/retract_right/16384/domain=8/bytes=264/nulls=true/mini_batch=true,13,2.0,7466672.0,Flat
engine/rocksdb/updating_join/updating_join/retract_right/16384/domain=8/bytes=264/nulls=true/mini_batch=true,14,2.0,7657729.0,Flat
engine/rocksdb/updating_join/updating_join/retract_right/16384/domain=8/bytes=264/nulls=true/mini_batch=true,15,2.0,5226021.0,Flat
engine/rocksdb/updating_join/updating_join/retract_right/16384/domain=8/bytes=264/nulls=true/mini_batch=true,16,2.0,6232190.0,Flat
engine/rocksdb/updating_join/updating_join/retract_right/16384/domain=8/bytes=264/nulls=true/mini_batch=true,17,2.0,7616721.0,Flat
engine/rocksdb/updating_join/updating_join/retract_right/16384/domain=8/bytes=264/nulls=true/mini_batch=true,18,2.0,6545203.0,Flat
engine/rocksdb/updating_join/updating_join/retract_right/16384/domain=8/bytes=264/nulls=true/mini_batch=true,19,2.0,7591461.0,Flat
engine/rocksdb/updating_join/updating_join/retract_right/16384/domain=8/bytes=264/nulls=true/mini_batch=true,20,2.0,7517014.0,Flat
engine/rocksdb/updating_join/updating_join/retract_right/16384/domain=8/bytes=264/nulls=true/mini_batch=true,21,2.0,7533200.0,Flat
engine/rocksdb/updating_join/updating_join/retract_right/16384/domain=8/bytes=264/nulls=true/mini_batch=true,22,2.0,10592117.0,Flat
engine/rocksdb/updating_join/updating_join/retract_right/16384/domain=8/bytes=264/nulls=true/mini_batch=true,23,2.0,7471460.0,Flat
engine/rocksdb/updating_join/updating_join/retract_right/16384/domain=8/bytes=264/nulls=true/mini_batch=true,24,2.0,5735626.0,Flat
engine/rocksdb/updating_join/updating_join/retract_right/16384/domain=8/bytes=264/nulls=true/mini_batch=true,25,2.0,5998905.0,Flat
engine/rocksdb/updating_join/updating_join/retract_right/16384/domain=8/bytes=264/nulls=true/mini_batch=true,26,2.0,6754834.0,Flat
engine/rocksdb/updating_join/updating_join/retract_right/16384/domain=8/bytes=264/nulls=true/mini_batch=true,27,2.0,5733055.0,Flat
engine/rocksdb/updating_join/updating_join/retract_right/16384/domain=8/bytes=264/nulls=true/mini_batch=true,28,2.0,5772992.0,Flat
engine/rocksdb/updating_join/updating_join/retract_right/16384/domain=8/bytes=264/nulls=true/mini_batch=true,29,2.0,6528735.0,Flat
engine/rocksdb/updating_join/updating_join/retract_right/16384/domain=8/bytes=264/nulls=true/mini_batch=true,30,2.0,6705946.0,Flat
engine/rocksdb/updating_join/updating_join/retract_right/16384/domain=8/bytes=264/nulls=true/mini_batch=true,31,2.0,6853044.0,Flat
engine/rocksdb/updating_join/updating_join/retract_right/16384/domain=8/bytes=264/nulls=true/mini_batch=true,32,2.0,7700401.0,Flat
engine/rocksdb/updating_join/updating_join/retract_right/16384/domain=8/bytes=264/nulls=true/mini_batch=true,33,2.0,6703410.0,Flat
engine/rocksdb/updating_join/updating_join/retract_right/16384/domain=8/bytes=264/nulls=true/mini_batch=true,34,2.0,6710171.0,Flat
engine/rocksdb/updating_join/updating_join/retract_right/16384/domain=8/bytes=264/nulls=true/mini_batch=true,35,2.0,6908150.0,Flat
engine/rocksdb/updating_join/updating_join/retract_right/16384/domain=8/bytes=264/nulls=true/mini_batch=true,36,2.0,5396773.0,Flat
engine/rocksdb/updating_join/updating_join/retract_right/16384/domain=8/bytes=264/nulls=true/mini_batch=true,37,2.0,6257357.0,Flat
engine/rocksdb/updating_join/updating_join/retract_right/16384/domain=8/bytes=264/nulls=true/mini_batch=true,38,2.0,6130846.0,Flat
engine/rocksdb/updating_join/updating_join/retract_right/16384/domain=8/bytes=264/nulls=true/mini_batch=true,39,2.0,6920603.0,Flat
engine/rocksdb/updating_join/updating_join/retract_right/16384/domain=8/bytes=264/nulls=true/mini_batch=true,40,2.0,6760272.0,Flat
engine/rocksdb/updating_join/updating_join/retract_right/16384/domain=8/bytes=264/nulls=true/mini_batch=true,41,2.0,6779627.0,Flat
engine/rocksdb/updating_join/updating_join/retract_right/16384/domain=8/bytes=264/nulls=true/mini_batch=true,42,2.0,7535339.0,Flat
engine/rocksdb/updating_join/updating_join/retract_right/16384/domain=8/bytes=264/nulls=true/mini_batch=true,43,2.0,6852657.0,Flat
engine/rocksdb/updating_join/updating_join/retract_right/16384/domain=8/bytes=264/nulls=true/mini_batch=true,44,2.0,5945557.0,Flat
engine/rocksdb/updating_join/updating_join/retract_right/16384/domain=8/bytes=264/nulls=true/mini_batch=true,45,2.0,8509600.0,Flat
engine/rocksdb/updating_join/updating_join/retract_right/16384/domain=8/bytes=264/nulls=true/mini_batch=true,46,2.0,7354725.0,Flat
engine/rocksdb/updating_join/updating_join/retract_right/16384/domain=8/bytes=264/nulls=true/mini_batch=true,47,2.0,6030618.0,Flat
engine/rocksdb/updating_join/updating_join/retract_right/16384/domain=8/bytes=264/nulls=true/mini_batch=true,48,2.0,7469151.0,Flat
engine/rocksdb/updating_join/updating_join/retract_right/16384/domain=8/bytes=264/nulls=true/mini_batch=true,49,2.0,6935935.0,Flat
engine/rocksdb/updating_join/updating_join/retract_right/16384/domain=8/bytes=264/nulls=true/mini_batch=true,50,2.0,7557142.0,Flat
engine/rocksdb/updating_join/updating_join/retract_right/16384/domain=8/bytes=264/nulls=true/mini_batch=true,51,2.0,6749919.0,Flat
engine/rocksdb/updating_join/updating_join/retract_right/16384/domain=8/bytes=264/nulls=true/mini_batch=true,52,2.0,7649299.0,Flat
engine/rocksdb/updating_join/updating_join/retract_right/16384/domain=8/bytes=264/nulls=true/mini_batch=true,53,2.0,7109528.0,Flat
engine/rocksdb/updating_join/updating_join/retract_right/16384/domain=8/bytes=264/nulls=true/mini_batch=true,54,2.0,5921172.0,Flat
engine/rocksdb/updating_join/updating_join/retract_right/16384/domain=8/bytes=264/nulls=true/mini_batch=true,55,2.0,6559713.0,Flat
engine/rocksdb/updating_join/updating_join/retract_right/16384/domain=8/bytes=264/nulls=true/mini_batch=true,56,2.0,6985089.0,Flat
engine/rocksdb/updating_join/updating_join/retract_right/16384/domain=8/bytes=264/nulls=true/mini_batch=true,57,2.0,7189807.0,Flat
engine/rocksdb/updating_join/updating_join/retract_right/16384/domain=8/bytes=264/nulls=true/mini_batch=true,58,2.0,6782632.0,Flat
engine/rocksdb/updating_join/updating_join/retract_right/16384/domain=8/bytes=264/nulls=true/mini_batch=true,59,2.0,7274890.0,Flat
engine/rocksdb/updating_join/updating_join/retract_right/16384/domain=8/bytes=264/nulls=true/mini_batch=true,60,2.0,6089782.0,Flat
engine/rocksdb/updating_join/updating_join/retract_right/16384/domain=8/bytes=264/nulls=true/mini_batch=true,61,2.0,8294602.0,Flat
engine/rocksdb/updating_join/updating_join/retract_right/16384/domain=8/bytes=264/nulls=true/mini_batch=true,62,2.0,6269075.0,Flat
engine/rocksdb/updating_join/updating_join/retract_right/16384/domain=8/bytes=264/nulls=true/mini_batch=true,63,2.0,6956318.0,Flat
engine/rocksdb/updating_join/updating_join/retract_right/16384/domain=8/bytes=264/nulls=true/mini_batch=true,64,2.0,6817512.0,Flat
engine/rocksdb/updating_join/updating_join/retract_right/16384/domain=8/bytes=264/nulls=true/mini_batch=true,65,2.0,6941821.0,Flat
engine/rocksdb/updating_join/updating_join/retract_right/16384/domain=8/bytes=264/nulls=true/mini_batch=true,66,2.0,6995990.0,Flat
engine/rocksdb/updating_join/updating_join/retract_right/16384/domain=8/bytes=264/nulls=true/mini_batch=true,67,2.0,7348049.0,Flat
engine/rocksdb/updating_join/updating_join/retract_right/16384/domain=8/bytes=264/nulls=true/mini_batch=true,68,2.0,7084847.0,Flat
engine/rocksdb/updating_join/updating_join/retract_right/16384/domain=8/bytes=264/nulls=true/mini_batch=true,69,2.0,6619195.0,Flat
engine/rocksdb/updating_join/updating_join/retract_right/16384/domain=8/bytes=264/nulls=true/mini_batch=true,70,2.0,6900822.0,Flat
engine/rocksdb/updating_join/updating_join/retract_right/16384/domain=8/bytes=264/nulls=true/mini_batch=true,71,2.0,7281018.0,Flat
engine/rocksdb/updating_join/updating_join/retract_right/16384/domain=8/bytes=264/nulls=true/mini_batch=true,72,2.0,6307167.0,Flat
engine/rocksdb/updating_join/updating_join/retract_right/16384/domain=8/bytes=264/nulls=true/mini_batch=true,73,2.0,6917644.0,Flat
engine/rocksdb/updating_join/updating_join/retract_right/16384/domain=8/bytes=264/nulls=true/mini_batch=true,74,2.0,6265856.0,Flat
engine/rocksdb/updating_join/updating_join/retract_right/16384/domain=8/bytes=264/nulls=true/mini_batch=true,75,2.0,7939222.0,Flat
engine/rocksdb/updating_join/updating_join/retract_right/16384/domain=8/bytes=264/nulls=true/mini_batch=true,76,2.0,7254996.0,Flat
engine/rocksdb/updating_join/updating_join/retract_right/16384/domain=8/bytes=264/nulls=true/mini_batch=true,77,2.0,7653422.0,Flat
engine/rocksdb/updating_join/updating_join/retract_right/16384/domain=8/bytes=264/nulls=true/mini_batch=true,78,2.0,6354712.0,Flat
engine/rocksdb/updating_join/updating_join/retract_right/16384/domain=8/bytes=264/nulls=true/mini_batch=true,79,2.0,6407226.0,Flat
engine/rocksdb/updating_join/updating_join/retract_right/16384/domain=8/bytes=264/nulls=true/mini_batch=true,80,2.0,7326842.0,Flat
engine/rocksdb/updating_join/updating_join/retract_right/16384/domain=8/bytes=264/nulls=true/mini_batch=true,81,2.0,7382191.0,Flat
engine/rocksdb/updating_join/updating_join/retract_right/16384/domain=8/bytes=264/nulls=true/mini_batch=true,82,2.0,7137661.0,Flat
engine/rocksdb/updating_join/updating_join/retract_right/16384/domain=8/bytes=264/nulls=true/mini_batch=true,83,2.0,7029037.0,Flat
engine/rocksdb/updating_join/updating_join/retract_right/16384/domain=8/bytes=264/nulls=true/mini_batch=true,84,2.0,6094018.0,Flat
engine/rocksdb/updating_join/updating_join/retract_right/16384/domain=8/bytes=264/nulls=true/mini_batch=true,85,2.0,6257479.0,Flat
engine/rocksdb/updating_join/updating_join/retract_right/16384/domain=8/bytes=264/nulls=true/mini_batch=true,86,2.0,6297560.0,Flat
engine/rocksdb/updating_join/updating_join/retract_right/16384/domain=8/bytes=264/nulls=true/mini_batch=true,87,2.0,6759474.0,Flat
engine/rocksdb/updating_join/updating_join/retract_right/16384/domain=8/bytes=264/nulls=true/mini_batch=true,88,2.0,6044928.0,Flat
engine/rocksdb/updating_join/updating_join/retract_right/16384/domain=8/bytes=264/nulls=true/mini_batch=true,89,2.0,6863663.0,Flat
engine/rocksdb/updating_join/updating_join/retract_right/16384/domain=8/bytes=264/nulls=true/mini_batch=true,90,2.0,5549755.0,Flat
engine/rocksdb/updating_join/updating_join/retract_right/16384/domain=8/bytes=264/nulls=true/mini_batch=true,91,2.0,6285880.0,Flat
engine/rocksdb/updating_join/updating_join/retract_right/16384/domain=8/bytes=264/nulls=true/mini_batch=true,92,2.0,6621923.0,Flat
engine/rocksdb/updating_join/updating_join/retract_right/16384/domain=8/bytes=264/nulls=true/mini_batch=true,93,2.0,7560737.0,Flat
engine/rocksdb/updating_join/updating_join/retract_right/16384/domain=8/bytes=264/nulls=true/mini_batch=true,94,2.0,7019595.0,Flat
engine/rocksdb/updating_join/updating_join/retract_right/16384/domain=8/bytes=264/nulls=true/mini_batch=true,95,2.0,7000576.0,Flat
engine/rocksdb/updating_join/updating_join/retract_right/16384/domain=8/bytes=264/nulls=true/mini_batch=true,96,2.0,6570674.0,Flat
engine/rocksdb/updating_join/updating_join/retract_right/16384/domain=8/bytes=264/nulls=true/mini_batch=true,97,2.0,7096803.0,Flat
engine/rocksdb/updating_join/updating_join/retract_right/16384/domain=8/bytes=264/nulls=true/mini_batch=true,98,2.0,7313235.0,Flat
engine/rocksdb/updating_join/updating_join/retract_right/16384/domain=8/bytes=264/nulls=true/mini_batch=true,99,2.0,7388244.0,Flat
