case,original_calls,candidate_calls,original_requested_bytes,candidate_requested_bytes,shared_output_buffer_bytes,new_output_buffer_bytes
append/1024/domain=1024/bytes=264/nulls=false/limit=1/last=false,12446,12446,4271516,4271516,0,0
append/1024/domain=1024/bytes=264/nulls=false/limit=1/last=true,12446,12446,4271516,4271516,0,0
append/1024/domain=1024/bytes=264/nulls=false/limit=4/last=false,12446,12446,4271516,4271516,0,0
append/1024/domain=1024/bytes=264/nulls=true/limit=1/last=false,12263,12263,3640204,3640204,0,0
append/1024/domain=1024/bytes=264/nulls=true/limit=1/last=true,12263,12263,3640204,3640204,0,0
append/1024/domain=1024/bytes=264/nulls=true/limit=4/last=false,12263,12263,3640204,3640204,0,0
append/1024/domain=1024/bytes=8/nulls=false/limit=1/last=false,12441,12441,2154316,2154316,0,0
append/1024/domain=1024/bytes=8/nulls=false/limit=1/last=true,12441,12441,2154316,2154316,0,0
append/1024/domain=1024/bytes=8/nulls=false/limit=4/last=false,12441,12441,2154316,2154316,0,0
append/1024/domain=1024/bytes=8/nulls=true/limit=1/last=false,12259,12259,2148382,2148382,0,0
append/1024/domain=1024/bytes=8/nulls=true/limit=1/last=true,12259,12259,2148382,2148382,0,0
append/1024/domain=1024/bytes=8/nulls=true/limit=4/last=false,12259,12259,2148382,2148382,0,0
append/1024/domain=8/bytes=264/nulls=false/limit=1/last=false,4316,4316,811936,811936,0,0
append/1024/domain=8/bytes=264/nulls=false/limit=1/last=true,4316,4316,811959,811959,0,0
append/1024/domain=8/bytes=264/nulls=false/limit=4/last=false,4426,4426,947244,947244,0,0
append/1024/domain=8/bytes=264/nulls=true/limit=1/last=false,4222,4222,777436,777436,0,0
append/1024/domain=8/bytes=264/nulls=true/limit=1/last=true,4221,4221,776582,776582,0,0
append/1024/domain=8/bytes=264/nulls=true/limit=4/last=false,4330,4330,886603,886603,0,0
append/1024/domain=8/bytes=8/nulls=false/limit=1/last=false,4313,4313,522336,522336,0,0
append/1024/domain=8/bytes=8/nulls=false/limit=1/last=true,4313,4313,522449,522449,0,0
append/1024/domain=8/bytes=8/nulls=false/limit=4/last=false,4421,4421,555596,555596,0,0
append/1024/domain=8/bytes=8/nulls=true/limit=1/last=false,4220,4220,520912,520912,0,0
append/1024/domain=8/bytes=8/nulls=true/limit=1/last=true,4219,4219,520950,520950,0,0
append/1024/domain=8/bytes=8/nulls=true/limit=4/last=false,4325,4325,554289,554289,0,0
append/16/domain=16/bytes=264/nulls=false/limit=1/last=false,284,284,69092,69092,0,0
append/16/domain=16/bytes=264/nulls=false/limit=1/last=true,284,284,69092,69092,0,0
append/16/domain=16/bytes=264/nulls=false/limit=4/last=false,284,284,69092,69092,0,0
append/16/domain=16/bytes=264/nulls=true/limit=1/last=false,283,283,58858,58858,0,0
append/16/domain=16/bytes=264/nulls=true/limit=1/last=true,283,283,58858,58858,0,0
append/16/domain=16/bytes=264/nulls=true/limit=4/last=false,283,283,58858,58858,0,0
append/16/domain=16/bytes=8/nulls=false/limit=1/last=false,281,281,37540,37540,0,0
append/16/domain=16/bytes=8/nulls=false/limit=1/last=true,281,281,37540,37540,0,0
append/16/domain=16/bytes=8/nulls=false/limit=4/last=false,281,281,37540,37540,0,0
append/16/domain=16/bytes=8/nulls=true/limit=1/last=false,281,281,37650,37650,0,0
append/16/domain=16/bytes=8/nulls=true/limit=1/last=true,281,281,37650,37650,0,0
append/16/domain=16/bytes=8/nulls=true/limit=4/last=false,281,281,37650,37650,0,0
append/16/domain=8/bytes=264/nulls=false/limit=1/last=false,284,284,69092,69092,0,0
append/16/domain=8/bytes=264/nulls=false/limit=1/last=true,284,284,69092,69092,0,0
append/16/domain=8/bytes=264/nulls=false/limit=4/last=false,284,284,69092,69092,0,0
append/16/domain=8/bytes=264/nulls=true/limit=1/last=false,283,283,58858,58858,0,0
append/16/domain=8/bytes=264/nulls=true/limit=1/last=true,283,283,58858,58858,0,0
append/16/domain=8/bytes=264/nulls=true/limit=4/last=false,283,283,58858,58858,0,0
append/16/domain=8/bytes=8/nulls=false/limit=1/last=false,281,281,37540,37540,0,0
append/16/domain=8/bytes=8/nulls=false/limit=1/last=true,281,281,37540,37540,0,0
append/16/domain=8/bytes=8/nulls=false/limit=4/last=false,281,281,37540,37540,0,0
append/16/domain=8/bytes=8/nulls=true/limit=1/last=false,281,281,37650,37650,0,0
append/16/domain=8/bytes=8/nulls=true/limit=1/last=true,281,281,37650,37650,0,0
append/16/domain=8/bytes=8/nulls=true/limit=4/last=false,281,281,37650,37650,0,0
append/16384/domain=16384/bytes=264/nulls=false/limit=1/last=false,196810,196810,68350972,68350972,0,0
append/16384/domain=16384/bytes=264/nulls=false/limit=1/last=true,196810,196810,68350972,68350972,0,0
append/16384/domain=16384/bytes=264/nulls=false/limit=4/last=false,196810,196810,68350972,68350972,0,0
append/16384/domain=16384/bytes=264/nulls=true/limit=1/last=false,193843,193843,58262044,58262044,0,0
append/16384/domain=16384/bytes=264/nulls=true/limit=1/last=true,193843,193843,58262044,58262044,0,0
append/16384/domain=16384/bytes=264/nulls=true/limit=4/last=false,193843,193843,58262044,58262044,0,0
append/16384/domain=16384/bytes=8/nulls=false/limit=1/last=false,196806,196806,35270060,35270060,0,0
append/16384/domain=16384/bytes=8/nulls=false/limit=1/last=true,196806,196806,35270060,35270060,0,0
append/16384/domain=16384/bytes=8/nulls=false/limit=4/last=false,196806,196806,35270060,35270060,0,0
append/16384/domain=16384/bytes=8/nulls=true/limit=1/last=false,193839,193839,34623510,34623510,0,0
append/16384/domain=16384/bytes=8/nulls=true/limit=1/last=true,193839,193839,34623510,34623510,0,0
append/16384/domain=16384/bytes=8/nulls=true/limit=4/last=false,193839,193839,34623510,34623510,0,0
append/16384/domain=8/bytes=264/nulls=false/limit=1/last=false,65756,65756,12154000,12154000,0,0
append/16384/domain=8/bytes=264/nulls=false/limit=1/last=true,65756,65756,12154050,12154050,0,0
append/16384/domain=8/bytes=264/nulls=false/limit=4/last=false,65866,65866,12289308,12289308,0,0
append/16384/domain=8/bytes=264/nulls=true/limit=1/last=false,64266,64266,11737812,11737812,0,0
append/16384/domain=8/bytes=264/nulls=true/limit=1/last=true,64267,64267,11746048,11746048,0,0
append/16384/domain=8/bytes=264/nulls=true/limit=4/last=false,64374,64374,11846979,11846979,0,0
append/16384/domain=8/bytes=8/nulls=false/limit=1/last=false,65753,65753,7932240,7932240,0,0
append/16384/domain=8/bytes=8/nulls=false/limit=1/last=true,65753,65753,7932578,7932578,0,0
append/16384/domain=8/bytes=8/nulls=false/limit=4/last=false,65861,65861,7965500,7965500,0,0
append/16384/domain=8/bytes=8/nulls=true/limit=1/last=false,64264,64264,7906504,7906504,0,0
append/16384/domain=8/bytes=8/nulls=true/limit=1/last=true,64264,64264,7906818,7906818,0,0
append/16384/domain=8/bytes=8/nulls=true/limit=4/last=false,64369,64369,7939881,7939881,0,0
append_left/1024/domain=1024/bytes=264/nulls=false/outer=false,1092,1092,688656,688656,0,0
append_left/1024/domain=1024/bytes=264/nulls=false/outer=true,1109,1109,698827,698827,0,0
append_left/1024/domain=1024/bytes=264/nulls=true/outer=false,1092,1092,601056,601056,0,0
append_left/1024/domain=1024/bytes=264/nulls=true/outer=true,1109,1109,611227,611227,0,0
append_left/1024/domain=1024/bytes=8/nulls=false/outer=false,1092,1092,111570,111570,0,0
append_left/1024/domain=1024/bytes=8/nulls=false/outer=true,1109,1109,121741,121741,0,0
append_left/1024/domain=1024/bytes=8/nulls=true/outer=false,1092,1092,106242,106242,0,0
append_left/1024/domain=1024/bytes=8/nulls=true/outer=true,1109,1109,116413,116413,0,0
append_left/1024/domain=8/bytes=264/nulls=false/outer=false,1092,1092,688656,688656,0,0
append_left/1024/domain=8/bytes=264/nulls=false/outer=true,1109,1109,698827,698827,0,0
append_left/1024/domain=8/bytes=264/nulls=true/outer=false,1092,1092,601056,601056,0,0
append_left/1024/domain=8/bytes=264/nulls=true/outer=true,1109,1109,611227,611227,0,0
append_left/1024/domain=8/bytes=8/nulls=false/outer=false,1092,1092,111570,111570,0,0
append_left/1024/domain=8/bytes=8/nulls=false/outer=true,1109,1109,121741,121741,0,0
append_left/1024/domain=8/bytes=8/nulls=true/outer=false,1092,1092,106242,106242,0,0
append_left/1024/domain=8/bytes=8/nulls=true/outer=true,1109,1109,116413,116413,0,0
append_left/16/domain=16/bytes=264/nulls=false/outer=false,84,84,15312,15312,0,0
append_left/16/domain=16/bytes=264/nulls=false/outer=true,101,101,17419,17419,0,0
append_left/16/domain=16/bytes=264/nulls=true/outer=false,84,84,14112,14112,0,0
append_left/16/domain=16/bytes=264/nulls=true/outer=true,101,101,16219,16219,0,0
append_left/16/domain=16/bytes=8/nulls=false/outer=false,84,84,6288,6288,0,0
append_left/16/domain=16/bytes=8/nulls=false/outer=true,101,101,8395,8395,0,0
append_left/16/domain=16/bytes=8/nulls=true/outer=false,84,84,6216,6216,0,0
append_left/16/domain=16/bytes=8/nulls=true/outer=true,101,101,8323,8323,0,0
append_left/16/domain=8/bytes=264/nulls=false/outer=false,84,84,15312,15312,0,0
append_left/16/domain=8/bytes=264/nulls=false/outer=true,101,101,17419,17419,0,0
append_left/16/domain=8/bytes=264/nulls=true/outer=false,84,84,14112,14112,0,0
append_left/16/domain=8/bytes=264/nulls=true/outer=true,101,101,16219,16219,0,0
append_left/16/domain=8/bytes=8/nulls=false/outer=false,84,84,6288,6288,0,0
append_left/16/domain=8/bytes=8/nulls=false/outer=true,101,101,8395,8395,0,0
append_left/16/domain=8/bytes=8/nulls=true/outer=false,84,84,6216,6216,0,0
append_left/16/domain=8/bytes=8/nulls=true/outer=true,101,101,8323,8323,0,0
append_left/16384/domain=16384/bytes=264/nulls=false/outer=false,16452,16452,10949136,10949136,0,0
append_left/16384/domain=16384/bytes=264/nulls=false/outer=true,16469,16469,11082187,11082187,0,0
append_left/16384/domain=16384/bytes=264/nulls=true/outer=false,16452,16452,9545136,9545136,0,0
append_left/16384/domain=16384/bytes=264/nulls=true/outer=true,16469,16469,9678187,9678187,0,0
append_left/16384/domain=16384/bytes=8/nulls=false/outer=false,16452,16452,1985490,1985490,0,0
append_left/16384/domain=16384/bytes=8/nulls=false/outer=true,16469,16469,2118541,2118541,0,0
append_left/16384/domain=16384/bytes=8/nulls=true/outer=false,16452,16452,1861686,1861686,0,0
append_left/16384/domain=16384/bytes=8/nulls=true/outer=true,16469,16469,1994737,1994737,0,0
append_left/16384/domain=8/bytes=264/nulls=false/outer=false,16452,16452,10949136,10949136,0,0
append_left/16384/domain=8/bytes=264/nulls=false/outer=true,16469,16469,11082187,11082187,0,0
append_left/16384/domain=8/bytes=264/nulls=true/outer=false,16452,16452,9545136,9545136,0,0
append_left/16384/domain=8/bytes=264/nulls=true/outer=true,16469,16469,9678187,9678187,0,0
append_left/16384/domain=8/bytes=8/nulls=false/outer=false,16452,16452,1985490,1985490,0,0
append_left/16384/domain=8/bytes=8/nulls=false/outer=true,16469,16469,2118541,2118541,0,0
append_left/16384/domain=8/bytes=8/nulls=true/outer=false,16452,16452,1861686,1861686,0,0
append_left/16384/domain=8/bytes=8/nulls=true/outer=true,16469,16469,1994737,1994737,0,0
checkpoint/1024/domain=1024/bytes=264/nulls=false/limit=1/last=false,17,17,431,431,0,0
checkpoint/1024/domain=1024/bytes=264/nulls=false/limit=1/last=true,17,17,431,431,0,0
checkpoint/1024/domain=1024/bytes=264/nulls=false/limit=4/last=false,17,17,431,431,0,0
checkpoint/1024/domain=1024/bytes=264/nulls=false/outer=false,17,17,431,431,0,0
checkpoint/1024/domain=1024/bytes=264/nulls=false/outer=true,17,17,431,431,0,0
checkpoint/1024/domain=1024/bytes=264/nulls=true/limit=1/last=false,17,17,431,431,0,0
checkpoint/1024/domain=1024/bytes=264/nulls=true/limit=1/last=true,17,17,431,431,0,0
checkpoint/1024/domain=1024/bytes=264/nulls=true/limit=4/last=false,17,17,431,431,0,0
checkpoint/1024/domain=1024/bytes=264/nulls=true/outer=false,17,17,431,431,0,0
checkpoint/1024/domain=1024/bytes=264/nulls=true/outer=true,17,17,431,431,0,0
checkpoint/1024/domain=1024/bytes=8/nulls=false/limit=1/last=false,17,17,431,431,0,0
checkpoint/1024/domain=1024/bytes=8/nulls=false/limit=1/last=true,17,17,431,431,0,0
checkpoint/1024/domain=1024/bytes=8/nulls=false/limit=4/last=false,17,17,431,431,0,0
checkpoint/1024/domain=1024/bytes=8/nulls=false/outer=false,17,17,431,431,0,0
checkpoint/1024/domain=1024/bytes=8/nulls=false/outer=true,17,17,431,431,0,0
checkpoint/1024/domain=1024/bytes=8/nulls=true/limit=1/last=false,17,17,431,431,0,0
checkpoint/1024/domain=1024/bytes=8/nulls=true/limit=1/last=true,17,17,431,431,0,0
checkpoint/1024/domain=1024/bytes=8/nulls=true/limit=4/last=false,17,17,431,431,0,0
checkpoint/1024/domain=1024/bytes=8/nulls=true/outer=false,17,17,431,431,0,0
checkpoint/1024/domain=1024/bytes=8/nulls=true/outer=true,17,17,431,431,0,0
checkpoint/1024/domain=8/bytes=264/nulls=false/limit=1/last=false,17,17,431,431,0,0
checkpoint/1024/domain=8/bytes=264/nulls=false/limit=1/last=true,17,17,431,431,0,0
checkpoint/1024/domain=8/bytes=264/nulls=false/limit=4/last=false,17,17,431,431,0,0
checkpoint/1024/domain=8/bytes=264/nulls=false/outer=false,17,17,431,431,0,0
checkpoint/1024/domain=8/bytes=264/nulls=false/outer=true,17,17,431,431,0,0
checkpoint/1024/domain=8/bytes=264/nulls=true/limit=1/last=false,17,17,431,431,0,0
checkpoint/1024/domain=8/bytes=264/nulls=true/limit=1/last=true,17,17,431,431,0,0
checkpoint/1024/domain=8/bytes=264/nulls=true/limit=4/last=false,17,17,431,431,0,0
checkpoint/1024/domain=8/bytes=264/nulls=true/outer=false,17,17,431,431,0,0
checkpoint/1024/domain=8/bytes=264/nulls=true/outer=true,17,17,431,431,0,0
checkpoint/1024/domain=8/bytes=8/nulls=false/limit=1/last=false,17,17,431,431,0,0
checkpoint/1024/domain=8/bytes=8/nulls=false/limit=1/last=true,17,17,431,431,0,0
checkpoint/1024/domain=8/bytes=8/nulls=false/limit=4/last=false,17,17,431,431,0,0
checkpoint/1024/domain=8/bytes=8/nulls=false/outer=false,17,17,431,431,0,0
checkpoint/1024/domain=8/bytes=8/nulls=false/outer=true,17,17,431,431,0,0
checkpoint/1024/domain=8/bytes=8/nulls=true/limit=1/last=false,17,17,431,431,0,0
checkpoint/1024/domain=8/bytes=8/nulls=true/limit=1/last=true,17,17,431,431,0,0
checkpoint/1024/domain=8/bytes=8/nulls=true/limit=4/last=false,17,17,431,431,0,0
checkpoint/1024/domain=8/bytes=8/nulls=true/outer=false,17,17,431,431,0,0
checkpoint/1024/domain=8/bytes=8/nulls=true/outer=true,17,17,431,431,0,0
checkpoint/1024/keys=1024/bytes=264/nulls=false,17,17,431,431,0,0
checkpoint/1024/keys=1024/bytes=264/nulls=true,17,17,431,431,0,0
checkpoint/1024/keys=1024/bytes=8/nulls=false,17,17,431,431,0,0
checkpoint/1024/keys=1024/bytes=8/nulls=true,17,17,431,431,0,0
checkpoint/1024/keys=8/bytes=264/nulls=false,17,17,431,431,0,0
checkpoint/1024/keys=8/bytes=264/nulls=true,17,17,431,431,0,0
checkpoint/1024/keys=8/bytes=8/nulls=false,17,17,431,431,0,0
checkpoint/1024/keys=8/bytes=8/nulls=true,17,17,431,431,0,0
checkpoint/16/domain=16/bytes=264/nulls=false/limit=1/last=false,17,17,431,431,0,0
checkpoint/16/domain=16/bytes=264/nulls=false/limit=1/last=true,17,17,431,431,0,0
checkpoint/16/domain=16/bytes=264/nulls=false/limit=4/last=false,17,17,431,431,0,0
checkpoint/16/domain=16/bytes=264/nulls=false/outer=false,17,17,431,431,0,0
checkpoint/16/domain=16/bytes=264/nulls=false/outer=true,17,17,431,431,0,0
checkpoint/16/domain=16/bytes=264/nulls=true/limit=1/last=false,17,17,431,431,0,0
checkpoint/16/domain=16/bytes=264/nulls=true/limit=1/last=true,17,17,431,431,0,0
checkpoint/16/domain=16/bytes=264/nulls=true/limit=4/last=false,17,17,431,431,0,0
checkpoint/16/domain=16/bytes=264/nulls=true/outer=false,17,17,431,431,0,0
checkpoint/16/domain=16/bytes=264/nulls=true/outer=true,17,17,431,431,0,0
checkpoint/16/domain=16/bytes=8/nulls=false/limit=1/last=false,17,17,431,431,0,0
checkpoint/16/domain=16/bytes=8/nulls=false/limit=1/last=true,17,17,431,431,0,0
checkpoint/16/domain=16/bytes=8/nulls=false/limit=4/last=false,17,17,431,431,0,0
checkpoint/16/domain=16/bytes=8/nulls=false/outer=false,17,17,431,431,0,0
checkpoint/16/domain=16/bytes=8/nulls=false/outer=true,17,17,431,431,0,0
checkpoint/16/domain=16/bytes=8/nulls=true/limit=1/last=false,17,17,431,431,0,0
checkpoint/16/domain=16/bytes=8/nulls=true/limit=1/last=true,17,17,431,431,0,0
checkpoint/16/domain=16/bytes=8/nulls=true/limit=4/last=false,17,17,431,431,0,0
checkpoint/16/domain=16/bytes=8/nulls=true/outer=false,17,17,431,431,0,0
checkpoint/16/domain=16/bytes=8/nulls=true/outer=true,17,17,431,431,0,0
checkpoint/16/domain=8/bytes=264/nulls=false/limit=1/last=false,17,17,431,431,0,0
checkpoint/16/domain=8/bytes=264/nulls=false/limit=1/last=true,17,17,431,431,0,0
checkpoint/16/domain=8/bytes=264/nulls=false/limit=4/last=false,17,17,431,431,0,0
checkpoint/16/domain=8/bytes=264/nulls=false/outer=false,17,17,431,431,0,0
checkpoint/16/domain=8/bytes=264/nulls=false/outer=true,17,17,431,431,0,0
checkpoint/16/domain=8/bytes=264/nulls=true/limit=1/last=false,17,17,431,431,0,0
checkpoint/16/domain=8/bytes=264/nulls=true/limit=1/last=true,17,17,431,431,0,0
checkpoint/16/domain=8/bytes=264/nulls=true/limit=4/last=false,17,17,431,431,0,0
checkpoint/16/domain=8/bytes=264/nulls=true/outer=false,17,17,431,431,0,0
checkpoint/16/domain=8/bytes=264/nulls=true/outer=true,17,17,431,431,0,0
checkpoint/16/domain=8/bytes=8/nulls=false/limit=1/last=false,17,17,431,431,0,0
checkpoint/16/domain=8/bytes=8/nulls=false/limit=1/last=true,17,17,431,431,0,0
checkpoint/16/domain=8/bytes=8/nulls=false/limit=4/last=false,17,17,431,431,0,0
checkpoint/16/domain=8/bytes=8/nulls=false/outer=false,17,17,431,431,0,0
checkpoint/16/domain=8/bytes=8/nulls=false/outer=true,17,17,431,431,0,0
checkpoint/16/domain=8/bytes=8/nulls=true/limit=1/last=false,17,17,431,431,0,0
checkpoint/16/domain=8/bytes=8/nulls=true/limit=1/last=true,17,17,431,431,0,0
checkpoint/16/domain=8/bytes=8/nulls=true/limit=4/last=false,17,17,431,431,0,0
checkpoint/16/domain=8/bytes=8/nulls=true/outer=false,17,17,431,431,0,0
checkpoint/16/domain=8/bytes=8/nulls=true/outer=true,17,17,431,431,0,0
checkpoint/16/keys=16/bytes=264/nulls=false,17,17,431,431,0,0
checkpoint/16/keys=16/bytes=264/nulls=true,17,17,431,431,0,0
checkpoint/16/keys=16/bytes=8/nulls=false,17,17,431,431,0,0
checkpoint/16/keys=16/bytes=8/nulls=true,17,17,431,431,0,0
checkpoint/16/keys=8/bytes=264/nulls=false,17,17,431,431,0,0
checkpoint/16/keys=8/bytes=264/nulls=true,17,17,431,431,0,0
checkpoint/16/keys=8/bytes=8/nulls=false,17,17,431,431,0,0
checkpoint/16/keys=8/bytes=8/nulls=true,17,17,431,431,0,0
checkpoint/16384/domain=16384/bytes=264/nulls=false/limit=1/last=false,20,20,462,462,0,0
checkpoint/16384/domain=16384/bytes=264/nulls=false/limit=1/last=true,20,20,462,462,0,0
checkpoint/16384/domain=16384/bytes=264/nulls=false/limit=4/last=false,20,20,462,462,0,0
checkpoint/16384/domain=16384/bytes=264/nulls=false/outer=false,23,23,493,493,0,0
checkpoint/16384/domain=16384/bytes=264/nulls=false/outer=true,23,23,493,493,0,0
checkpoint/16384/domain=16384/bytes=264/nulls=true/limit=1/last=false,20,20,462,462,0,0
checkpoint/16384/domain=16384/bytes=264/nulls=true/limit=1/last=true,20,20,462,462,0,0
checkpoint/16384/domain=16384/bytes=264/nulls=true/limit=4/last=false,20,20,462,462,0,0
checkpoint/16384/domain=16384/bytes=264/nulls=true/outer=false,20,20,462,462,0,0
checkpoint/16384/domain=16384/bytes=264/nulls=true/outer=true,23,23,493,493,0,0
checkpoint/16384/domain=16384/bytes=8/nulls=false/limit=1/last=false,17,17,431,431,0,0
checkpoint/16384/domain=16384/bytes=8/nulls=false/limit=1/last=true,17,17,431,431,0,0
checkpoint/16384/domain=16384/bytes=8/nulls=false/limit=4/last=false,17,17,431,431,0,0
checkpoint/16384/domain=16384/bytes=8/nulls=false/outer=false,17,17,431,431,0,0
checkpoint/16384/domain=16384/bytes=8/nulls=false/outer=true,17,17,431,431,0,0
checkpoint/16384/domain=16384/bytes=8/nulls=true/limit=1/last=false,17,17,431,431,0,0
checkpoint/16384/domain=16384/bytes=8/nulls=true/limit=1/last=true,17,17,431,431,0,0
checkpoint/16384/domain=16384/bytes=8/nulls=true/limit=4/last=false,17,17,431,431,0,0
checkpoint/16384/domain=16384/bytes=8/nulls=true/outer=false,17,17,431,431,0,0
checkpoint/16384/domain=16384/bytes=8/nulls=true/outer=true,17,17,431,431,0,0
checkpoint/16384/domain=8/bytes=264/nulls=false/limit=1/last=false,17,17,431,431,0,0
checkpoint/16384/domain=8/bytes=264/nulls=false/limit=1/last=true,17,17,431,431,0,0
checkpoint/16384/domain=8/bytes=264/nulls=false/limit=4/last=false,17,17,431,431,0,0
checkpoint/16384/domain=8/bytes=264/nulls=false/outer=false,20,20,462,462,0,0
checkpoint/16384/domain=8/bytes=264/nulls=false/outer=true,23,23,493,493,0,0
checkpoint/16384/domain=8/bytes=264/nulls=true/limit=1/last=false,17,17,431,431,0,0
checkpoint/16384/domain=8/bytes=264/nulls=true/limit=1/last=true,17,17,431,431,0,0
checkpoint/16384/domain=8/bytes=264/nulls=true/limit=4/last=false,17,17,431,431,0,0
checkpoint/16384/domain=8/bytes=264/nulls=true/outer=false,20,20,462,462,0,0
checkpoint/16384/domain=8/bytes=264/nulls=true/outer=true,20,20,462,462,0,0
checkpoint/16384/domain=8/bytes=8/nulls=false/limit=1/last=false,17,17,431,431,0,0
checkpoint/16384/domain=8/bytes=8/nulls=false/limit=1/last=true,17,17,431,431,0,0
checkpoint/16384/domain=8/bytes=8/nulls=false/limit=4/last=false,17,17,431,431,0,0
checkpoint/16384/domain=8/bytes=8/nulls=false/outer=false,17,17,431,431,0,0
checkpoint/16384/domain=8/bytes=8/nulls=false/outer=true,17,17,431,431,0,0
checkpoint/16384/domain=8/bytes=8/nulls=true/limit=1/last=false,17,17,431,431,0,0
checkpoint/16384/domain=8/bytes=8/nulls=true/limit=1/last=true,17,17,431,431,0,0
checkpoint/16384/domain=8/bytes=8/nulls=true/limit=4/last=false,17,17,431,431,0,0
checkpoint/16384/domain=8/bytes=8/nulls=true/outer=false,17,17,431,431,0,0
checkpoint/16384/domain=8/bytes=8/nulls=true/outer=true,17,17,431,431,0,0
checkpoint/16384/keys=16384/bytes=264/nulls=false,20,20,462,462,0,0
checkpoint/16384/keys=16384/bytes=264/nulls=true,20,20,462,462,0,0
checkpoint/16384/keys=16384/bytes=8/nulls=false,17,17,431,431,0,0
checkpoint/16384/keys=16384/bytes=8/nulls=true,17,17,431,431,0,0
checkpoint/16384/keys=8/bytes=264/nulls=false,17,17,431,431,0,0
checkpoint/16384/keys=8/bytes=264/nulls=true,17,17,431,431,0,0
checkpoint/16384/keys=8/bytes=8/nulls=false,17,17,431,431,0,0
checkpoint/16384/keys=8/bytes=8/nulls=true,17,17,431,431,0,0
emitted_markers/1024/keys=1024/bytes=264/nulls=false,5188,5188,752592,752592,0,4
emitted_markers/1024/keys=1024/bytes=264/nulls=true,5188,5188,708492,708492,0,4
emitted_markers/1024/keys=1024/bytes=8/nulls=false,5188,5188,463824,463824,0,4
emitted_markers/1024/keys=1024/bytes=8/nulls=true,5188,5188,461178,461178,0,4
emitted_markers/1024/keys=8/bytes=264/nulls=false,2126,2126,426232,426232,0,4
emitted_markers/1024/keys=8/bytes=264/nulls=true,2126,2126,382132,382132,0,4
emitted_markers/1024/keys=8/bytes=8/nulls=false,2126,2126,137464,137464,0,4
emitted_markers/1024/keys=8/bytes=8/nulls=true,2126,2126,134818,134818,0,4
emitted_markers/16/keys=16/bytes=264/nulls=false,136,136,14228,14228,0,4
emitted_markers/16/keys=16/bytes=264/nulls=true,136,136,13328,13328,0,4
emitted_markers/16/keys=16/bytes=8/nulls=false,136,136,9716,9716,0,4
emitted_markers/16/keys=16/bytes=8/nulls=true,136,136,9662,9662,0,4
emitted_markers/16/keys=8/bytes=264/nulls=false,110,110,11628,11628,0,4
emitted_markers/16/keys=8/bytes=264/nulls=true,110,110,10728,10728,0,4
emitted_markers/16/keys=8/bytes=8/nulls=false,110,110,7116,7116,0,4
emitted_markers/16/keys=8/bytes=8/nulls=true,110,110,7062,7062,0,4
emitted_markers/16384/keys=16384/bytes=264/nulls=false,81996,81996,12002000,12002000,0,4
emitted_markers/16384/keys=16384/bytes=264/nulls=true,81996,81996,11299700,11299700,0,4
emitted_markers/16384/keys=16384/bytes=8/nulls=false,81996,81996,7381712,7381712,0,4
emitted_markers/16384/keys=16384/bytes=8/nulls=true,81996,81996,7339574,7339574,0,4
emitted_markers/16384/keys=8/bytes=264/nulls=false,32846,32846,6744952,6744952,0,4
emitted_markers/16384/keys=8/bytes=264/nulls=true,32846,32846,6042652,6042652,0,4
emitted_markers/16384/keys=8/bytes=8/nulls=false,32846,32846,2124664,2124664,0,4
emitted_markers/16384/keys=8/bytes=8/nulls=true,32846,32846,2082526,2082526,0,4
expired_markers/1024/keys=1024/bytes=264/nulls=false,14445,14445,2513060,2513060,0,294916
expired_markers/1024/keys=1024/bytes=264/nulls=true,14445,14445,2297300,2297300,0,255648
expired_markers/1024/keys=1024/bytes=8/nulls=false,14445,14445,1095844,1095844,0,32772
expired_markers/1024/keys=1024/bytes=8/nulls=true,14445,14445,1083532,1083532,0,31136
expired_markers/1024/keys=8/bytes=264/nulls=false,2218,2218,439836,439836,0,2308
expired_markers/1024/keys=8/bytes=264/nulls=true,2218,2218,393424,393424,0,1773
expired_markers/1024/keys=8/bytes=8/nulls=false,2218,2218,142252,142252,0,260
expired_markers/1024/keys=8/bytes=8/nulls=true,2218,2218,139498,139498,0,237
expired_markers/16/keys=16/bytes=264/nulls=false,303,303,41584,41584,0,4612
expired_markers/16/keys=16/bytes=264/nulls=true,303,303,37216,37216,0,3810
expired_markers/16/keys=16/bytes=8/nulls=false,303,303,19440,19440,0,516
expired_markers/16/keys=16/bytes=8/nulls=true,303,303,19224,19224,0,482
expired_markers/16/keys=8/bytes=264/nulls=false,202,202,25232,25232,0,2308
expired_markers/16/keys=8/bytes=264/nulls=true,202,202,22020,22020,0,1773
expired_markers/16/keys=8/bytes=8/nulls=false,202,202,11904,11904,0,260
expired_markers/16/keys=8/bytes=8/nulls=true,202,202,11742,11742,0,237
expired_markers/16384/keys=16384/bytes=264/nulls=false,229505,229505,40172068,40172068,0,4718596
expired_markers/16384/keys=16384/bytes=264/nulls=true,229505,229505,36735540,36735540,0,4093256
expired_markers/16384/keys=16384/bytes=8/nulls=false,229505,229505,17496612,17496612,0,524292
expired_markers/16384/keys=16384/bytes=8/nulls=true,229505,229505,17300028,17300028,0,498248
expired_markers/16384/keys=8/bytes=264/nulls=false,32938,32938,6758556,6758556,0,2308
expired_markers/16384/keys=8/bytes=264/nulls=true,32938,32938,6053944,6053944,0,1773
expired_markers/16384/keys=8/bytes=8/nulls=false,32938,32938,2129452,2129452,0,260
expired_markers/16384/keys=8/bytes=8/nulls=true,32938,32938,2087206,2087206,0,237
fire/1024/domain=1024/bytes=264/nulls=false/limit=1/last=false,7337,7337,3366625,3366625,0,323502
fire/1024/domain=1024/bytes=264/nulls=false/limit=1/last=true,7337,7337,3366625,3366625,0,323502
fire/1024/domain=1024/bytes=264/nulls=false/limit=4/last=false,7337,7337,3366625,3366625,0,323502
fire/1024/domain=1024/bytes=264/nulls=true/limit=1/last=false,7154,7154,2737977,2737977,0,298198
fire/1024/domain=1024/bytes=264/nulls=true/limit=1/last=true,7154,7154,2737977,2737977,0,298198
fire/1024/domain=1024/bytes=264/nulls=true/limit=4/last=false,7154,7154,2737977,2737977,0,298198
fire/1024/domain=1024/bytes=8/nulls=false/limit=1/last=false,7332,7332,1275833,1275833,0,61358
fire/1024/domain=1024/bytes=8/nulls=false/limit=1/last=true,7332,7332,1275833,1275833,0,61358
fire/1024/domain=1024/bytes=8/nulls=false/limit=4/last=false,7332,7332,1275833,1275833,0,61358
fire/1024/domain=1024/bytes=8/nulls=true/limit=1/last=false,7150,7150,1270146,1270146,0,60118
fire/1024/domain=1024/bytes=8/nulls=true/limit=1/last=true,7150,7150,1270146,1270146,0,60118
fire/1024/domain=1024/bytes=8/nulls=true/limit=4/last=false,7150,7150,1270146,1270146,0,60118
fire/1024/domain=8/bytes=264/nulls=false/limit=1/last=false,221,221,56961,56961,0,5042
fire/1024/domain=8/bytes=264/nulls=false/limit=1/last=true,221,221,57071,57071,0,5065
fire/1024/domain=8/bytes=264/nulls=false/limit=4/last=false,383,383,204841,204841,0,20206
fire/1024/domain=8/bytes=264/nulls=true/limit=1/last=false,220,220,47797,47797,0,4776
fire/1024/domain=8/bytes=264/nulls=true/limit=1/last=true,218,218,46733,46733,0,4522
fire/1024/domain=8/bytes=264/nulls=true/limit=4/last=false,374,374,166639,166639,0,18859
fire/1024/domain=8/bytes=8/nulls=false/limit=1/last=false,218,218,25825,25825,0,946
fire/1024/domain=8/bytes=8/nulls=false/limit=1/last=true,218,218,25980,25980,0,969
fire/1024/domain=8/bytes=8/nulls=false/limit=4/last=false,378,378,74153,74153,0,3822
fire/1024/domain=8/bytes=8/nulls=true/limit=1/last=false,218,218,25903,25903,0,936
fire/1024/domain=8/bytes=8/nulls=true/limit=1/last=true,216,216,25925,25925,0,938
fire/1024/domain=8/bytes=8/nulls=true/limit=4/last=false,370,370,73969,73969,0,3755
fire/16/domain=16/bytes=264/nulls=false/limit=1/last=false,221,221,56945,56945,0,5034
fire/16/domain=16/bytes=264/nulls=false/limit=1/last=true,221,221,56945,56945,0,5034
fire/16/domain=16/bytes=264/nulls=false/limit=4/last=false,221,221,56945,56945,0,5034
fire/16/domain=16/bytes=264/nulls=true/limit=1/last=false,220,220,46799,46799,0,4497
fire/16/domain=16/bytes=264/nulls=true/limit=1/last=true,220,220,46799,46799,0,4497
fire/16/domain=16/bytes=264/nulls=true/limit=4/last=false,220,220,46799,46799,0,4497
fire/16/domain=16/bytes=8/nulls=false/limit=1/last=false,218,218,25809,25809,0,938
fire/16/domain=16/bytes=8/nulls=false/limit=1/last=true,218,218,25809,25809,0,938
fire/16/domain=16/bytes=8/nulls=false/limit=4/last=false,218,218,25809,25809,0,938
fire/16/domain=16/bytes=8/nulls=true/limit=1/last=false,218,218,25955,25955,0,913
fire/16/domain=16/bytes=8/nulls=true/limit=1/last=true,218,218,25955,25955,0,913
fire/16/domain=16/bytes=8/nulls=true/limit=4/last=false,218,218,25955,25955,0,913
fire/16/domain=8/bytes=264/nulls=false/limit=1/last=false,221,221,56945,56945,0,5034
fire/16/domain=8/bytes=264/nulls=false/limit=1/last=true,221,221,56945,56945,0,5034
fire/16/domain=8/bytes=264/nulls=false/limit=4/last=false,221,221,56945,56945,0,5034
fire/16/domain=8/bytes=264/nulls=true/limit=1/last=false,220,220,46799,46799,0,4497
fire/16/domain=8/bytes=264/nulls=true/limit=1/last=true,220,220,46799,46799,0,4497
fire/16/domain=8/bytes=264/nulls=true/limit=4/last=false,220,220,46799,46799,0,4497
fire/16/domain=8/bytes=8/nulls=false/limit=1/last=false,218,218,25809,25809,0,938
fire/16/domain=8/bytes=8/nulls=false/limit=1/last=true,218,218,25809,25809,0,938
fire/16/domain=8/bytes=8/nulls=false/limit=4/last=false,218,218,25809,25809,0,938
fire/16/domain=8/bytes=8/nulls=true/limit=1/last=false,218,218,25955,25955,0,913
fire/16/domain=8/bytes=8/nulls=true/limit=1/last=true,218,218,25955,25955,0,913
fire/16/domain=8/bytes=8/nulls=true/limit=4/last=false,218,218,25955,25955,0,913
fire/16384/domain=16384/bytes=264/nulls=false/limit=1/last=false,114897,114897,53868353,53868353,0,5199006
fire/16384/domain=16384/bytes=264/nulls=false/limit=1/last=true,114897,114897,53868353,53868353,0,5199006
fire/16384/domain=16384/bytes=264/nulls=false/limit=4/last=false,114897,114897,53868353,53868353,0,5199006
fire/16384/domain=16384/bytes=264/nulls=true/limit=1/last=false,111930,111930,43819193,43819193,0,4795854
fire/16384/domain=16384/bytes=264/nulls=true/limit=1/last=true,111930,111930,43819193,43819193,0,4795854
fire/16384/domain=16384/bytes=264/nulls=true/limit=4/last=false,111930,111930,43819193,43819193,0,4795854
fire/16384/domain=16384/bytes=8/nulls=false/limit=1/last=false,114893,114893,21074969,21074969,0,1004702
fire/16384/domain=16384/bytes=8/nulls=false/limit=1/last=true,114893,114893,21074969,21074969,0,1004702
fire/16384/domain=16384/bytes=8/nulls=false/limit=4/last=false,114893,114893,21074969,21074969,0,1004702
fire/16384/domain=16384/bytes=8/nulls=true/limit=1/last=false,111926,111926,20442038,20442038,0,982990
fire/16384/domain=16384/bytes=8/nulls=true/limit=1/last=true,111926,111926,20442038,20442038,0,982990
fire/16384/domain=16384/bytes=8/nulls=true/limit=4/last=false,111926,111926,20442038,20442038,0,982990
fire/16384/domain=8/bytes=264/nulls=false/limit=1/last=false,221,221,56961,56961,0,5042
fire/16384/domain=8/bytes=264/nulls=false/limit=1/last=true,221,221,57125,57125,0,5092
fire/16384/domain=8/bytes=264/nulls=false/limit=4/last=false,383,383,204841,204841,0,20206
fire/16384/domain=8/bytes=264/nulls=true/limit=1/last=false,220,220,47797,47797,0,4776
fire/16384/domain=8/bytes=264/nulls=true/limit=1/last=true,221,221,56141,56141,0,4820
fire/16384/domain=8/bytes=264/nulls=true/limit=4/last=false,374,374,166639,166639,0,18859
fire/16384/domain=8/bytes=8/nulls=false/limit=1/last=false,218,218,25825,25825,0,946
fire/16384/domain=8/bytes=8/nulls=false/limit=1/last=true,218,218,26133,26133,0,996
fire/16384/domain=8/bytes=8/nulls=false/limit=4/last=false,378,378,74153,74153,0,3822
fire/16384/domain=8/bytes=8/nulls=true/limit=1/last=false,218,218,25903,25903,0,936
fire/16384/domain=8/bytes=8/nulls=true/limit=1/last=true,218,218,26190,26190,0,980
fire/16384/domain=8/bytes=8/nulls=true/limit=4/last=false,370,370,73969,73969,0,3755
group/checkpoint/1024/domain=1024/bytes=264/nulls=false,19,19,480,480,0,0
group/checkpoint/1024/domain=1024/bytes=264/nulls=true,19,19,480,480,0,0
group/checkpoint/1024/domain=1024/bytes=8/nulls=false,19,19,480,480,0,0
group/checkpoint/1024/domain=1024/bytes=8/nulls=true,19,19,480,480,0,0
group/checkpoint/1024/domain=8/bytes=264/nulls=false,19,19,480,480,0,0
group/checkpoint/1024/domain=8/bytes=264/nulls=true,19,19,480,480,0,0
group/checkpoint/1024/domain=8/bytes=8/nulls=false,19,19,480,480,0,0
group/checkpoint/1024/domain=8/bytes=8/nulls=true,19,19,480,480,0,0
group/checkpoint/16/domain=16/bytes=264/nulls=false,19,19,480,480,0,0
group/checkpoint/16/domain=16/bytes=264/nulls=true,19,19,480,480,0,0
group/checkpoint/16/domain=16/bytes=8/nulls=false,19,19,480,480,0,0
group/checkpoint/16/domain=16/bytes=8/nulls=true,19,19,480,480,0,0
group/checkpoint/16/domain=8/bytes=264/nulls=false,19,19,480,480,0,0
group/checkpoint/16/domain=8/bytes=264/nulls=true,19,19,480,480,0,0
group/checkpoint/16/domain=8/bytes=8/nulls=false,19,19,480,480,0,0
group/checkpoint/16/domain=8/bytes=8/nulls=true,19,19,480,480,0,0
group/checkpoint/16384/domain=16384/bytes=264/nulls=false,22,22,511,511,0,0
group/checkpoint/16384/domain=16384/bytes=264/nulls=true,22,22,511,511,0,0
group/checkpoint/16384/domain=16384/bytes=8/nulls=false,19,19,480,480,0,0
group/checkpoint/16384/domain=16384/bytes=8/nulls=true,19,19,480,480,0,0
group/checkpoint/16384/domain=8/bytes=264/nulls=false,19,19,480,480,0,0
group/checkpoint/16384/domain=8/bytes=264/nulls=true,19,19,480,480,0,0
group/checkpoint/16384/domain=8/bytes=8/nulls=false,19,19,480,480,0,0
group/checkpoint/16384/domain=8/bytes=8/nulls=true,19,19,480,480,0,0
group/restore_aligned/1024/domain=1024/bytes=264/nulls=false,88,88,5837,5837,0,0
group/restore_aligned/1024/domain=1024/bytes=264/nulls=true,88,88,5837,5837,0,0
group/restore_aligned/1024/domain=1024/bytes=8/nulls=false,88,88,5837,5837,0,0
group/restore_aligned/1024/domain=1024/bytes=8/nulls=true,88,88,5837,5837,0,0
group/restore_aligned/1024/domain=8/bytes=264/nulls=false,88,88,5837,5837,0,0
group/restore_aligned/1024/domain=8/bytes=264/nulls=true,88,88,5837,5837,0,0
group/restore_aligned/1024/domain=8/bytes=8/nulls=false,88,88,5837,5837,0,0
group/restore_aligned/1024/domain=8/bytes=8/nulls=true,88,88,5837,5837,0,0
group/restore_aligned/16/domain=16/bytes=264/nulls=false,88,88,5837,5837,0,0
group/restore_aligned/16/domain=16/bytes=264/nulls=true,88,88,5837,5837,0,0
group/restore_aligned/16/domain=16/bytes=8/nulls=false,88,88,5837,5837,0,0
group/restore_aligned/16/domain=16/bytes=8/nulls=true,88,88,5837,5837,0,0
group/restore_aligned/16/domain=8/bytes=264/nulls=false,88,88,5837,5837,0,0
group/restore_aligned/16/domain=8/bytes=264/nulls=true,88,88,5837,5837,0,0
group/restore_aligned/16/domain=8/bytes=8/nulls=false,88,88,5837,5837,0,0
group/restore_aligned/16/domain=8/bytes=8/nulls=true,88,88,5837,5837,0,0
group/restore_aligned/16384/domain=16384/bytes=264/nulls=false,94,94,5990,5990,0,0
group/restore_aligned/16384/domain=16384/bytes=264/nulls=true,94,94,5990,5990,0,0
group/restore_aligned/16384/domain=16384/bytes=8/nulls=false,88,88,5837,5837,0,0
group/restore_aligned/16384/domain=16384/bytes=8/nulls=true,88,88,5837,5837,0,0
group/restore_aligned/16384/domain=8/bytes=264/nulls=false,88,88,5837,5837,0,0
group/restore_aligned/16384/domain=8/bytes=264/nulls=true,88,88,5837,5837,0,0
group/restore_aligned/16384/domain=8/bytes=8/nulls=false,88,88,5837,5837,0,0
group/restore_aligned/16384/domain=8/bytes=8/nulls=true,88,88,5837,5837,0,0
group/restore_rebuilt/1024/domain=1024/bytes=264/nulls=false,2113,2113,350512,350512,0,0
group/restore_rebuilt/1024/domain=1024/bytes=264/nulls=true,1927,1927,318875,318875,0,0
group/restore_rebuilt/1024/domain=1024/bytes=8/nulls=false,2113,2113,88368,88368,0,0
group/restore_rebuilt/1024/domain=1024/bytes=8/nulls=true,1927,1927,80795,80795,0,0
group/restore_rebuilt/1024/domain=8/bytes=264/nulls=false,81,81,7928,7928,0,0
group/restore_rebuilt/1024/domain=8/bytes=264/nulls=true,83,83,7993,7993,0,0
group/restore_rebuilt/1024/domain=8/bytes=8/nulls=false,81,81,5880,5880,0,0
group/restore_rebuilt/1024/domain=8/bytes=8/nulls=true,83,83,5945,5945,0,0
group/restore_rebuilt/16/domain=16/bytes=264/nulls=false,97,97,10624,10624,0,0
group/restore_rebuilt/16/domain=16/bytes=264/nulls=true,95,95,10015,10015,0,0
group/restore_rebuilt/16/domain=16/bytes=8/nulls=false,97,97,6528,6528,0,0
group/restore_rebuilt/16/domain=16/bytes=8/nulls=true,95,95,6431,6431,0,0
group/restore_rebuilt/16/domain=8/bytes=264/nulls=false,81,81,7928,7928,0,0
group/restore_rebuilt/16/domain=8/bytes=264/nulls=true,83,83,7993,7993,0,0
group/restore_rebuilt/16/domain=8/bytes=8/nulls=false,81,81,5880,5880,0,0
group/restore_rebuilt/16/domain=8/bytes=8/nulls=true,83,83,5945,5945,0,0
group/restore_rebuilt/16384/domain=16384/bytes=264/nulls=false,32833,32833,5649712,5649712,0,0
group/restore_rebuilt/16384/domain=16384/bytes=264/nulls=true,29855,29855,5136455,5136455,0,0
group/restore_rebuilt/16384/domain=16384/bytes=8/nulls=false,32833,32833,1455408,1455408,0,0
group/restore_rebuilt/16384/domain=16384/bytes=8/nulls=true,29855,29855,1323591,1323591,0,0
group/restore_rebuilt/16384/domain=8/bytes=264/nulls=false,81,81,7928,7928,0,0
group/restore_rebuilt/16384/domain=8/bytes=264/nulls=true,83,83,7993,7993,0,0
group/restore_rebuilt/16384/domain=8/bytes=8/nulls=false,81,81,5880,5880,0,0
group/restore_rebuilt/16384/domain=8/bytes=8/nulls=true,83,83,5945,5945,0,0
group/update_flush/1024/domain=1024/bytes=264/nulls=false,12523,11499,5337346,5042242,0,299950
group/update_flush/1024/domain=1024/bytes=264/nulls=true,11601,10670,4986845,4718821,0,272671
group/update_flush/1024/domain=1024/bytes=8/nulls=false,12518,11494,2222850,2189890,0,37806
group/update_flush/1024/domain=1024/bytes=8/nulls=true,11596,10665,2128349,2098405,0,34591
group/update_flush/1024/domain=8/bytes=264/nulls=false,2265,2257,629938,627634,0,2332
group/update_flush/1024/domain=8/bytes=264/nulls=true,2292,2283,583334,581014,0,2357
group/update_flush/1024/domain=8/bytes=8/nulls=false,2262,2254,88178,87922,0,284
group/update_flush/1024/domain=8/bytes=8/nulls=true,2289,2280,89702,89430,0,309
group/update_flush/16/domain=16/bytes=264/nulls=false,343,327,83362,78754,0,4666
group/update_flush/16/domain=16/bytes=264/nulls=true,341,326,78530,74482,0,4108
group/update_flush/16/domain=16/bytes=8/nulls=false,340,324,40546,40034,0,570
group/update_flush/16/domain=16/bytes=8/nulls=true,338,323,39810,39346,0,524
group/update_flush/16/domain=8/bytes=264/nulls=false,249,241,49330,47026,0,2332
group/update_flush/16/domain=8/bytes=264/nulls=true,276,267,52774,50454,0,2357
group/update_flush/16/domain=8/bytes=8/nulls=false,246,238,23666,23410,0,284
group/update_flush/16/domain=8/bytes=8/nulls=true,273,264,28134,27862,0,309
group/update_flush/16384/domain=16384/bytes=264/nulls=false,196895,180511,86238658,81396994,0,4822174
group/update_flush/16384/domain=16384/bytes=264/nulls=true,182018,167123,80232710,75831342,0,4387381
group/update_flush/16384/domain=16384/bytes=8/nulls=false,196891,180507,36954050,36306690,0,627870
group/update_flush/16384/domain=16384/bytes=8/nulls=true,182014,167119,35412742,34824238,0,574517
group/update_flush/16384/domain=8/bytes=264/nulls=false,32985,32977,9477298,9474994,0,2332
group/update_flush/16384/domain=8/bytes=264/nulls=true,33012,33003,8671270,8668950,0,2357
group/update_flush/16384/domain=8/bytes=8/nulls=false,32982,32974,1071218,1070962,0,284
group/update_flush/16384/domain=8/bytes=8/nulls=true,33009,33000,1028070,1027798,0,309
live_markers/1024/keys=1024/bytes=264/nulls=false,6213,6213,760792,760792,0,4
live_markers/1024/keys=1024/bytes=264/nulls=true,6213,6213,716692,716692,0,4
live_markers/1024/keys=1024/bytes=8/nulls=false,6213,6213,472024,472024,0,4
live_markers/1024/keys=1024/bytes=8/nulls=true,6213,6213,469378,469378,0,4
live_markers/1024/keys=8/bytes=264/nulls=false,2135,2135,426304,426304,0,4
live_markers/1024/keys=8/bytes=264/nulls=true,2135,2135,382204,382204,0,4
live_markers/1024/keys=8/bytes=8/nulls=false,2135,2135,137536,137536,0,4
live_markers/1024/keys=8/bytes=8/nulls=true,2135,2135,134890,134890,0,4
live_markers/16/keys=16/bytes=264/nulls=false,153,153,14364,14364,0,4
live_markers/16/keys=16/bytes=264/nulls=true,153,153,13464,13464,0,4
live_markers/16/keys=16/bytes=8/nulls=false,153,153,9852,9852,0,4
live_markers/16/keys=16/bytes=8/nulls=true,153,153,9798,9798,0,4
live_markers/16/keys=8/bytes=264/nulls=false,119,119,11700,11700,0,4
live_markers/16/keys=8/bytes=264/nulls=true,119,119,10800,10800,0,4
live_markers/16/keys=8/bytes=8/nulls=false,119,119,7188,7188,0,4
live_markers/16/keys=8/bytes=8/nulls=true,119,119,7134,7134,0,4
live_markers/16384/keys=16384/bytes=264/nulls=false,98381,98381,12133080,12133080,0,4
live_markers/16384/keys=16384/bytes=264/nulls=true,98381,98381,11430780,11430780,0,4
live_markers/16384/keys=16384/bytes=8/nulls=false,98381,98381,7512792,7512792,0,4
live_markers/16384/keys=16384/bytes=8/nulls=true,98381,98381,7470654,7470654,0,4
live_markers/16384/keys=8/bytes=264/nulls=false,32855,32855,6745024,6745024,0,4
live_markers/16384/keys=8/bytes=264/nulls=true,32855,32855,6042724,6042724,0,4
live_markers/16384/keys=8/bytes=8/nulls=false,32855,32855,2124736,2124736,0,4
live_markers/16384/keys=8/bytes=8/nulls=true,32855,32855,2082598,2082598,0,4
memory_rank/append/1024/domain=1024/bytes=264/nulls=false/limit=1/last=false,4121,4121,1037522,1037522,0,0
memory_rank/append/1024/domain=1024/bytes=264/nulls=false/limit=1/last=true,4121,4121,1037522,1037522,0,0
memory_rank/append/1024/domain=1024/bytes=264/nulls=false/limit=4/last=false,4121,4121,1037522,1037522,0,0
memory_rank/append/1024/domain=1024/bytes=264/nulls=true/limit=1/last=false,4027,4027,1011962,1011962,0,0
memory_rank/append/1024/domain=1024/bytes=264/nulls=true/limit=1/last=true,4027,4027,1011962,1011962,0,0
memory_rank/append/1024/domain=1024/bytes=264/nulls=true/limit=4/last=false,4027,4027,1011962,1011962,0,0
memory_rank/append/1024/domain=1024/bytes=8/nulls=false/limit=1/last=false,4121,4121,775378,775378,0,0
memory_rank/append/1024/domain=1024/bytes=8/nulls=false/limit=1/last=true,4121,4121,775378,775378,0,0
memory_rank/append/1024/domain=1024/bytes=8/nulls=false/limit=4/last=false,4121,4121,775378,775378,0,0
memory_rank/append/1024/domain=1024/bytes=8/nulls=true/limit=1/last=false,4027,4027,773882,773882,0,0
memory_rank/append/1024/domain=1024/bytes=8/nulls=true/limit=1/last=true,4027,4027,773882,773882,0,0
memory_rank/append/1024/domain=1024/bytes=8/nulls=true/limit=4/last=false,4027,4027,773882,773882,0,0
memory_rank/append/1024/domain=8/bytes=264/nulls=false/limit=1/last=false,3107,3107,678578,678578,0,0
memory_rank/append/1024/domain=8/bytes=264/nulls=false/limit=1/last=true,3107,3107,678578,678578,0,0
memory_rank/append/1024/domain=8/bytes=264/nulls=false/limit=4/last=false,3123,3123,681650,681650,0,0
memory_rank/append/1024/domain=8/bytes=264/nulls=true/limit=1/last=false,3013,3013,653018,653018,0,0
memory_rank/append/1024/domain=8/bytes=264/nulls=true/limit=1/last=true,3013,3013,653018,653018,0,0
memory_rank/append/1024/domain=8/bytes=264/nulls=true/limit=4/last=false,3029,3029,656090,656090,0,0
memory_rank/append/1024/domain=8/bytes=8/nulls=false/limit=1/last=false,3107,3107,416434,416434,0,0
memory_rank/append/1024/domain=8/bytes=8/nulls=false/limit=1/last=true,3107,3107,416434,416434,0,0
memory_rank/append/1024/domain=8/bytes=8/nulls=false/limit=4/last=false,3123,3123,419506,419506,0,0
memory_rank/append/1024/domain=8/bytes=8/nulls=true/limit=1/last=false,3013,3013,414938,414938,0,0
memory_rank/append/1024/domain=8/bytes=8/nulls=true/limit=1/last=true,3013,3013,414938,414938,0,0
memory_rank/append/1024/domain=8/bytes=8/nulls=true/limit=4/last=false,3029,3029,418010,418010,0,0
memory_rank/append/16/domain=16/bytes=264/nulls=false/limit=1/last=false,83,83,17390,17390,0,0
memory_rank/append/16/domain=16/bytes=264/nulls=false/limit=1/last=true,83,83,17390,17390,0,0
memory_rank/append/16/domain=16/bytes=264/nulls=false/limit=4/last=false,83,83,17390,17390,0,0
memory_rank/append/16/domain=16/bytes=264/nulls=true/limit=1/last=false,81,81,16849,16849,0,0
memory_rank/append/16/domain=16/bytes=264/nulls=true/limit=1/last=true,81,81,16849,16849,0,0
memory_rank/append/16/domain=16/bytes=264/nulls=true/limit=4/last=false,81,81,16849,16849,0,0
memory_rank/append/16/domain=16/bytes=8/nulls=false/limit=1/last=false,83,83,13294,13294,0,0
memory_rank/append/16/domain=16/bytes=8/nulls=false/limit=1/last=true,83,83,13294,13294,0,0
memory_rank/append/16/domain=16/bytes=8/nulls=false/limit=4/last=false,83,83,13294,13294,0,0
memory_rank/append/16/domain=16/bytes=8/nulls=true/limit=1/last=false,81,81,13265,13265,0,0
memory_rank/append/16/domain=16/bytes=8/nulls=true/limit=1/last=true,81,81,13265,13265,0,0
memory_rank/append/16/domain=16/bytes=8/nulls=true/limit=4/last=false,81,81,13265,13265,0,0
memory_rank/append/16/domain=8/bytes=264/nulls=false/limit=1/last=false,83,83,17390,17390,0,0
memory_rank/append/16/domain=8/bytes=264/nulls=false/limit=1/last=true,83,83,17390,17390,0,0
memory_rank/append/16/domain=8/bytes=264/nulls=false/limit=4/last=false,83,83,17390,17390,0,0
memory_rank/append/16/domain=8/bytes=264/nulls=true/limit=1/last=false,81,81,16849,16849,0,0
memory_rank/append/16/domain=8/bytes=264/nulls=true/limit=1/last=true,81,81,16849,16849,0,0
memory_rank/append/16/domain=8/bytes=264/nulls=true/limit=4/last=false,81,81,16849,16849,0,0
memory_rank/append/16/domain=8/bytes=8/nulls=false/limit=1/last=false,83,83,13294,13294,0,0
memory_rank/append/16/domain=8/bytes=8/nulls=false/limit=1/last=true,83,83,13294,13294,0,0
memory_rank/append/16/domain=8/bytes=8/nulls=false/limit=4/last=false,83,83,13294,13294,0,0
memory_rank/append/16/domain=8/bytes=8/nulls=true/limit=1/last=false,81,81,13265,13265,0,0
memory_rank/append/16/domain=8/bytes=8/nulls=true/limit=1/last=true,81,81,13265,13265,0,0
memory_rank/append/16/domain=8/bytes=8/nulls=true/limit=4/last=false,81,81,13265,13265,0,0
memory_rank/append/16384/domain=16384/bytes=264/nulls=false/limit=1/last=false,65565,65565,16603650,16603650,0,0
memory_rank/append/16384/domain=16384/bytes=264/nulls=false/limit=1/last=true,65565,65565,16603650,16603650,0,0
memory_rank/append/16384/domain=16384/bytes=264/nulls=false/limit=4/last=false,65565,65565,16603650,16603650,0,0
memory_rank/append/16384/domain=16384/bytes=264/nulls=true/limit=1/last=false,64075,64075,16196402,16196402,0,0
memory_rank/append/16384/domain=16384/bytes=264/nulls=true/limit=1/last=true,64075,64075,16196402,16196402,0,0
memory_rank/append/16384/domain=16384/bytes=264/nulls=true/limit=4/last=false,64075,64075,16196402,16196402,0,0
memory_rank/append/16384/domain=16384/bytes=8/nulls=false/limit=1/last=false,65565,65565,12409346,12409346,0,0
memory_rank/append/16384/domain=16384/bytes=8/nulls=false/limit=1/last=true,65565,65565,12409346,12409346,0,0
memory_rank/append/16384/domain=16384/bytes=8/nulls=false/limit=4/last=false,65565,65565,12409346,12409346,0,0
memory_rank/append/16384/domain=16384/bytes=8/nulls=true/limit=1/last=false,64075,64075,12383538,12383538,0,0
memory_rank/append/16384/domain=16384/bytes=8/nulls=true/limit=1/last=true,64075,64075,12383538,12383538,0,0
memory_rank/append/16384/domain=16384/bytes=8/nulls=true/limit=4/last=false,64075,64075,12383538,12383538,0,0
memory_rank/append/16384/domain=8/bytes=264/nulls=false/limit=1/last=false,49187,49187,10776482,10776482,0,0
memory_rank/append/16384/domain=8/bytes=264/nulls=false/limit=1/last=true,49187,49187,10776482,10776482,0,0
memory_rank/append/16384/domain=8/bytes=264/nulls=false/limit=4/last=false,49203,49203,10779554,10779554,0,0
memory_rank/append/16384/domain=8/bytes=264/nulls=true/limit=1/last=false,47697,47697,10369234,10369234,0,0
memory_rank/append/16384/domain=8/bytes=264/nulls=true/limit=1/last=true,47697,47697,10369234,10369234,0,0
memory_rank/append/16384/domain=8/bytes=264/nulls=true/limit=4/last=false,47713,47713,10372306,10372306,0,0
memory_rank/append/16384/domain=8/bytes=8/nulls=false/limit=1/last=false,49187,49187,6582178,6582178,0,0
memory_rank/append/16384/domain=8/bytes=8/nulls=false/limit=1/last=true,49187,49187,6582178,6582178,0,0
memory_rank/append/16384/domain=8/bytes=8/nulls=false/limit=4/last=false,49203,49203,6585250,6585250,0,0
memory_rank/append/16384/domain=8/bytes=8/nulls=true/limit=1/last=false,47697,47697,6556370,6556370,0,0
memory_rank/append/16384/domain=8/bytes=8/nulls=true/limit=1/last=true,47697,47697,6556370,6556370,0,0
memory_rank/append/16384/domain=8/bytes=8/nulls=true/limit=4/last=false,47713,47713,6559442,6559442,0,0
memory_rank/fire/1024/domain=1024/bytes=264/nulls=false/limit=1/last=false,2171,2171,1993191,1993191,0,323502
memory_rank/fire/1024/domain=1024/bytes=264/nulls=false/limit=1/last=true,2171,2171,1993191,1993191,0,323502
memory_rank/fire/1024/domain=1024/bytes=264/nulls=false/limit=4/last=false,2171,2171,1993191,1993191,0,323502
memory_rank/fire/1024/domain=1024/bytes=264/nulls=true/limit=1/last=false,2082,2082,1443839,1443839,0,298198
memory_rank/fire/1024/domain=1024/bytes=264/nulls=true/limit=1/last=true,2082,2082,1443839,1443839,0,298198
memory_rank/fire/1024/domain=1024/bytes=264/nulls=true/limit=4/last=false,2082,2082,1443839,1443839,0,298198
memory_rank/fire/1024/domain=1024/bytes=8/nulls=false/limit=1/last=false,2166,2166,715239,715239,0,61358
memory_rank/fire/1024/domain=1024/bytes=8/nulls=false/limit=1/last=true,2166,2166,715239,715239,0,61358
memory_rank/fire/1024/domain=1024/bytes=8/nulls=false/limit=4/last=false,2166,2166,715239,715239,0,61358
memory_rank/fire/1024/domain=1024/bytes=8/nulls=true/limit=1/last=false,2078,2078,714239,714239,0,60118
memory_rank/fire/1024/domain=1024/bytes=8/nulls=true/limit=1/last=true,2078,2078,714239,714239,0,60118
memory_rank/fire/1024/domain=1024/bytes=8/nulls=true/limit=4/last=false,2078,2078,714239,714239,0,60118
memory_rank/fire/1024/domain=8/bytes=264/nulls=false/limit=1/last=false,100,100,33067,33067,0,5042
memory_rank/fire/1024/domain=8/bytes=264/nulls=false/limit=1/last=true,100,100,33090,33090,0,5065
memory_rank/fire/1024/domain=8/bytes=264/nulls=false/limit=4/last=false,164,164,117543,117543,0,20206
memory_rank/fire/1024/domain=8/bytes=264/nulls=true/limit=1/last=false,100,100,24727,24727,0,4776
memory_rank/fire/1024/domain=8/bytes=264/nulls=true/limit=1/last=true,99,99,24473,24473,0,4522
memory_rank/fire/1024/domain=8/bytes=264/nulls=true/limit=4/last=false,160,160,83540,83540,0,18859
memory_rank/fire/1024/domain=8/bytes=8/nulls=false/limit=1/last=false,97,97,14635,14635,0,946
memory_rank/fire/1024/domain=8/bytes=8/nulls=false/limit=1/last=true,97,97,14658,14658,0,969
memory_rank/fire/1024/domain=8/bytes=8/nulls=false/limit=4/last=false,159,159,37671,37671,0,3822
memory_rank/fire/1024/domain=8/bytes=8/nulls=true/limit=1/last=false,98,98,14743,14743,0,936
memory_rank/fire/1024/domain=8/bytes=8/nulls=true/limit=1/last=true,97,97,14745,14745,0,938
memory_rank/fire/1024/domain=8/bytes=8/nulls=true/limit=4/last=false,156,156,37716,37716,0,3755
memory_rank/fire/16/domain=16/bytes=264/nulls=false/limit=1/last=false,100,100,33059,33059,0,5034
memory_rank/fire/16/domain=16/bytes=264/nulls=false/limit=1/last=true,100,100,33059,33059,0,5034
memory_rank/fire/16/domain=16/bytes=264/nulls=false/limit=4/last=false,100,100,33059,33059,0,5034
memory_rank/fire/16/domain=16/bytes=264/nulls=true/limit=1/last=false,101,101,24566,24566,0,4497
memory_rank/fire/16/domain=16/bytes=264/nulls=true/limit=1/last=true,101,101,24566,24566,0,4497
memory_rank/fire/16/domain=16/bytes=264/nulls=true/limit=4/last=false,101,101,24566,24566,0,4497
memory_rank/fire/16/domain=16/bytes=8/nulls=false/limit=1/last=false,97,97,14627,14627,0,938
memory_rank/fire/16/domain=16/bytes=8/nulls=false/limit=1/last=true,97,97,14627,14627,0,938
memory_rank/fire/16/domain=16/bytes=8/nulls=false/limit=4/last=false,97,97,14627,14627,0,938
memory_rank/fire/16/domain=16/bytes=8/nulls=true/limit=1/last=false,99,99,14838,14838,0,913
memory_rank/fire/16/domain=16/bytes=8/nulls=true/limit=1/last=true,99,99,14838,14838,0,913
memory_rank/fire/16/domain=16/bytes=8/nulls=true/limit=4/last=false,99,99,14838,14838,0,913
memory_rank/fire/16/domain=8/bytes=264/nulls=false/limit=1/last=false,100,100,33059,33059,0,5034
memory_rank/fire/16/domain=8/bytes=264/nulls=false/limit=1/last=true,100,100,33059,33059,0,5034
memory_rank/fire/16/domain=8/bytes=264/nulls=false/limit=4/last=false,100,100,33059,33059,0,5034
memory_rank/fire/16/domain=8/bytes=264/nulls=true/limit=1/last=false,101,101,24566,24566,0,4497
memory_rank/fire/16/domain=8/bytes=264/nulls=true/limit=1/last=true,101,101,24566,24566,0,4497
memory_rank/fire/16/domain=8/bytes=264/nulls=true/limit=4/last=false,101,101,24566,24566,0,4497
memory_rank/fire/16/domain=8/bytes=8/nulls=false/limit=1/last=false,97,97,14627,14627,0,938
memory_rank/fire/16/domain=8/bytes=8/nulls=false/limit=1/last=true,97,97,14627,14627,0,938
memory_rank/fire/16/domain=8/bytes=8/nulls=false/limit=4/last=false,97,97,14627,14627,0,938
memory_rank/fire/16/domain=8/bytes=8/nulls=true/limit=1/last=false,99,99,14838,14838,0,913
memory_rank/fire/16/domain=8/bytes=8/nulls=true/limit=1/last=true,99,99,14838,14838,0,913
memory_rank/fire/16/domain=8/bytes=8/nulls=true/limit=4/last=false,99,99,14838,14838,0,913
memory_rank/fire/16384/domain=16384/bytes=264/nulls=false/limit=1/last=false,32927,32927,31874775,31874775,0,5199006
memory_rank/fire/16384/domain=16384/bytes=264/nulls=false/limit=1/last=true,32927,32927,31874775,31874775,0,5199006
memory_rank/fire/16384/domain=16384/bytes=264/nulls=false/limit=4/last=false,32927,32927,31874775,31874775,0,5199006
memory_rank/fire/16384/domain=16384/bytes=264/nulls=true/limit=1/last=false,31450,31450,23087095,23087095,0,4795854
memory_rank/fire/16384/domain=16384/bytes=264/nulls=true/limit=1/last=true,31450,31450,23087095,23087095,0,4795854
memory_rank/fire/16384/domain=16384/bytes=264/nulls=true/limit=4/last=false,31450,31450,23087095,23087095,0,4795854
memory_rank/fire/16384/domain=16384/bytes=8/nulls=false/limit=1/last=false,32923,32923,11951831,11951831,0,1004702
memory_rank/fire/16384/domain=16384/bytes=8/nulls=false/limit=1/last=true,32923,32923,11951831,11951831,0,1004702
memory_rank/fire/16384/domain=16384/bytes=8/nulls=false/limit=4/last=false,32923,32923,11951831,11951831,0,1004702
memory_rank/fire/16384/domain=16384/bytes=8/nulls=true/limit=1/last=false,31446,31446,11409911,11409911,0,982990
memory_rank/fire/16384/domain=16384/bytes=8/nulls=true/limit=1/last=true,31446,31446,11409911,11409911,0,982990
memory_rank/fire/16384/domain=16384/bytes=8/nulls=true/limit=4/last=false,31446,31446,11409911,11409911,0,982990
memory_rank/fire/16384/domain=8/bytes=264/nulls=false/limit=1/last=false,100,100,33067,33067,0,5042
memory_rank/fire/16384/domain=8/bytes=264/nulls=false/limit=1/last=true,100,100,33117,33117,0,5092
memory_rank/fire/16384/domain=8/bytes=264/nulls=false/limit=4/last=false,164,164,117543,117543,0,20206
memory_rank/fire/16384/domain=8/bytes=264/nulls=true/limit=1/last=false,100,100,24727,24727,0,4776
memory_rank/fire/16384/domain=8/bytes=264/nulls=true/limit=1/last=true,101,101,32963,32963,0,4820
memory_rank/fire/16384/domain=8/bytes=264/nulls=true/limit=4/last=false,160,160,83540,83540,0,18859
memory_rank/fire/16384/domain=8/bytes=8/nulls=false/limit=1/last=false,97,97,14635,14635,0,946
memory_rank/fire/16384/domain=8/bytes=8/nulls=false/limit=1/last=true,97,97,14685,14685,0,996
memory_rank/fire/16384/domain=8/bytes=8/nulls=false/limit=4/last=false,159,159,37671,37671,0,3822
memory_rank/fire/16384/domain=8/bytes=8/nulls=true/limit=1/last=false,98,98,14743,14743,0,936
memory_rank/fire/16384/domain=8/bytes=8/nulls=true/limit=1/last=true,98,98,14787,14787,0,980
memory_rank/fire/16384/domain=8/bytes=8/nulls=true/limit=4/last=false,156,156,37716,37716,0,3755
memory_rank/update/1024/domain=1024/bytes=264/nulls=false/limit=1/last=false,3087,3087,673078,673078,0,0
memory_rank/update/1024/domain=1024/bytes=264/nulls=false/limit=1/last=true,3087,3087,673078,673078,0,0
memory_rank/update/1024/domain=1024/bytes=264/nulls=false/limit=4/last=false,3087,3087,673078,673078,0,0
memory_rank/update/1024/domain=1024/bytes=264/nulls=true/limit=1/last=false,2993,2993,647518,647518,0,0
memory_rank/update/1024/domain=1024/bytes=264/nulls=true/limit=1/last=true,2993,2993,647518,647518,0,0
memory_rank/update/1024/domain=1024/bytes=264/nulls=true/limit=4/last=false,2993,2993,647518,647518,0,0
memory_rank/update/1024/domain=1024/bytes=8/nulls=false/limit=1/last=false,3087,3087,410934,410934,0,0
memory_rank/update/1024/domain=1024/bytes=8/nulls=false/limit=1/last=true,3087,3087,410934,410934,0,0
memory_rank/update/1024/domain=1024/bytes=8/nulls=false/limit=4/last=false,3087,3087,410934,410934,0,0
memory_rank/update/1024/domain=1024/bytes=8/nulls=true/limit=1/last=false,2993,2993,409438,409438,0,0
memory_rank/update/1024/domain=1024/bytes=8/nulls=true/limit=1/last=true,2993,2993,409438,409438,0,0
memory_rank/update/1024/domain=1024/bytes=8/nulls=true/limit=4/last=false,2993,2993,409438,409438,0,0
memory_rank/update/1024/domain=8/bytes=264/nulls=false/limit=1/last=false,3087,3087,673078,673078,0,0
memory_rank/update/1024/domain=8/bytes=264/nulls=false/limit=1/last=true,3087,3087,673078,673078,0,0
memory_rank/update/1024/domain=8/bytes=264/nulls=false/limit=4/last=false,3087,3087,673078,673078,0,0
memory_rank/update/1024/domain=8/bytes=264/nulls=true/limit=1/last=false,2993,2993,647518,647518,0,0
memory_rank/update/1024/domain=8/bytes=264/nulls=true/limit=1/last=true,2993,2993,647518,647518,0,0
memory_rank/update/1024/domain=8/bytes=264/nulls=true/limit=4/last=false,2993,2993,647518,647518,0,0
memory_rank/update/1024/domain=8/bytes=8/nulls=false/limit=1/last=false,3087,3087,410934,410934,0,0
memory_rank/update/1024/domain=8/bytes=8/nulls=false/limit=1/last=true,3087,3087,410934,410934,0,0
memory_rank/update/1024/domain=8/bytes=8/nulls=false/limit=4/last=false,3087,3087,410934,410934,0,0
memory_rank/update/1024/domain=8/bytes=8/nulls=true/limit=1/last=false,2993,2993,409438,409438,0,0
memory_rank/update/1024/domain=8/bytes=8/nulls=true/limit=1/last=true,2993,2993,409438,409438,0,0
memory_rank/update/1024/domain=8/bytes=8/nulls=true/limit=4/last=false,2993,2993,409438,409438,0,0
memory_rank/update/16/domain=16/bytes=264/nulls=false/limit=1/last=false,63,63,11890,11890,0,0
memory_rank/update/16/domain=16/bytes=264/nulls=false/limit=1/last=true,63,63,11890,11890,0,0
memory_rank/update/16/domain=16/bytes=264/nulls=false/limit=4/last=false,63,63,11890,11890,0,0
memory_rank/update/16/domain=16/bytes=264/nulls=true/limit=1/last=false,61,61,11349,11349,0,0
memory_rank/update/16/domain=16/bytes=264/nulls=true/limit=1/last=true,61,61,11349,11349,0,0
memory_rank/update/16/domain=16/bytes=264/nulls=true/limit=4/last=false,61,61,11349,11349,0,0
memory_rank/update/16/domain=16/bytes=8/nulls=false/limit=1/last=false,63,63,7794,7794,0,0
memory_rank/update/16/domain=16/bytes=8/nulls=false/limit=1/last=true,63,63,7794,7794,0,0
memory_rank/update/16/domain=16/bytes=8/nulls=false/limit=4/last=false,63,63,7794,7794,0,0
memory_rank/update/16/domain=16/bytes=8/nulls=true/limit=1/last=false,61,61,7765,7765,0,0
memory_rank/update/16/domain=16/bytes=8/nulls=true/limit=1/last=true,61,61,7765,7765,0,0
memory_rank/update/16/domain=16/bytes=8/nulls=true/limit=4/last=false,61,61,7765,7765,0,0
memory_rank/update/16/domain=8/bytes=264/nulls=false/limit=1/last=false,63,63,11890,11890,0,0
memory_rank/update/16/domain=8/bytes=264/nulls=false/limit=1/last=true,63,63,11890,11890,0,0
memory_rank/update/16/domain=8/bytes=264/nulls=false/limit=4/last=false,63,63,11890,11890,0,0
memory_rank/update/16/domain=8/bytes=264/nulls=true/limit=1/last=false,61,61,11349,11349,0,0
memory_rank/update/16/domain=8/bytes=264/nulls=true/limit=1/last=true,61,61,11349,11349,0,0
memory_rank/update/16/domain=8/bytes=264/nulls=true/limit=4/last=false,61,61,11349,11349,0,0
memory_rank/update/16/domain=8/bytes=8/nulls=false/limit=1/last=false,63,63,7794,7794,0,0
memory_rank/update/16/domain=8/bytes=8/nulls=false/limit=1/last=true,63,63,7794,7794,0,0
memory_rank/update/16/domain=8/bytes=8/nulls=false/limit=4/last=false,63,63,7794,7794,0,0
memory_rank/update/16/domain=8/bytes=8/nulls=true/limit=1/last=false,61,61,7765,7765,0,0
memory_rank/update/16/domain=8/bytes=8/nulls=true/limit=1/last=true,61,61,7765,7765,0,0
memory_rank/update/16/domain=8/bytes=8/nulls=true/limit=4/last=false,61,61,7765,7765,0,0
memory_rank/update/16384/domain=16384/bytes=264/nulls=false/limit=1/last=false,49167,49167,10770982,10770982,0,0
memory_rank/update/16384/domain=16384/bytes=264/nulls=false/limit=1/last=true,49167,49167,10770982,10770982,0,0
memory_rank/update/16384/domain=16384/bytes=264/nulls=false/limit=4/last=false,49167,49167,10770982,10770982,0,0
memory_rank/update/16384/domain=16384/bytes=264/nulls=true/limit=1/last=false,47677,47677,10363734,10363734,0,0
memory_rank/update/16384/domain=16384/bytes=264/nulls=true/limit=1/last=true,47677,47677,10363734,10363734,0,0
memory_rank/update/16384/domain=16384/bytes=264/nulls=true/limit=4/last=false,47677,47677,10363734,10363734,0,0
memory_rank/update/16384/domain=16384/bytes=8/nulls=false/limit=1/last=false,49167,49167,6576678,6576678,0,0
memory_rank/update/16384/domain=16384/bytes=8/nulls=false/limit=1/last=true,49167,49167,6576678,6576678,0,0
memory_rank/update/16384/domain=16384/bytes=8/nulls=false/limit=4/last=false,49167,49167,6576678,6576678,0,0
memory_rank/update/16384/domain=16384/bytes=8/nulls=true/limit=1/last=false,47677,47677,6550870,6550870,0,0
memory_rank/update/16384/domain=16384/bytes=8/nulls=true/limit=1/last=true,47677,47677,6550870,6550870,0,0
memory_rank/update/16384/domain=16384/bytes=8/nulls=true/limit=4/last=false,47677,47677,6550870,6550870,0,0
memory_rank/update/16384/domain=8/bytes=264/nulls=false/limit=1/last=false,49167,49167,10770982,10770982,0,0
memory_rank/update/16384/domain=8/bytes=264/nulls=false/limit=1/last=true,49167,49167,10770982,10770982,0,0
memory_rank/update/16384/domain=8/bytes=264/nulls=false/limit=4/last=false,49167,49167,10770982,10770982,0,0
memory_rank/update/16384/domain=8/bytes=264/nulls=true/limit=1/last=false,47677,47677,10363734,10363734,0,0
memory_rank/update/16384/domain=8/bytes=264/nulls=true/limit=1/last=true,47677,47677,10363734,10363734,0,0
memory_rank/update/16384/domain=8/bytes=264/nulls=true/limit=4/last=false,47677,47677,10363734,10363734,0,0
memory_rank/update/16384/domain=8/bytes=8/nulls=false/limit=1/last=false,49167,49167,6576678,6576678,0,0
memory_rank/update/16384/domain=8/bytes=8/nulls=false/limit=1/last=true,49167,49167,6576678,6576678,0,0
memory_rank/update/16384/domain=8/bytes=8/nulls=false/limit=4/last=false,49167,49167,6576678,6576678,0,0
memory_rank/update/16384/domain=8/bytes=8/nulls=true/limit=1/last=false,47677,47677,6550870,6550870,0,0
memory_rank/update/16384/domain=8/bytes=8/nulls=true/limit=1/last=true,47677,47677,6550870,6550870,0,0
memory_rank/update/16384/domain=8/bytes=8/nulls=true/limit=4/last=false,47677,47677,6550870,6550870,0,0
over/checkpoint/1024/domain=1024/bytes=264/nulls=false,19,19,480,480,0,0
over/checkpoint/1024/domain=1024/bytes=264/nulls=true,19,19,480,480,0,0
over/checkpoint/1024/domain=1024/bytes=8/nulls=false,19,19,480,480,0,0
over/checkpoint/1024/domain=1024/bytes=8/nulls=true,19,19,480,480,0,0
over/checkpoint/1024/domain=8/bytes=264/nulls=false,19,19,480,480,0,0
over/checkpoint/1024/domain=8/bytes=264/nulls=true,19,19,480,480,0,0
over/checkpoint/1024/domain=8/bytes=8/nulls=false,19,19,480,480,0,0
over/checkpoint/1024/domain=8/bytes=8/nulls=true,19,19,480,480,0,0
over/checkpoint/16/domain=16/bytes=264/nulls=false,19,19,480,480,0,0
over/checkpoint/16/domain=16/bytes=264/nulls=true,19,19,480,480,0,0
over/checkpoint/16/domain=16/bytes=8/nulls=false,19,19,480,480,0,0
over/checkpoint/16/domain=16/bytes=8/nulls=true,19,19,480,480,0,0
over/checkpoint/16/domain=8/bytes=264/nulls=false,19,19,480,480,0,0
over/checkpoint/16/domain=8/bytes=264/nulls=true,19,19,480,480,0,0
over/checkpoint/16/domain=8/bytes=8/nulls=false,19,19,480,480,0,0
over/checkpoint/16/domain=8/bytes=8/nulls=true,19,19,480,480,0,0
over/checkpoint/16384/domain=16384/bytes=264/nulls=false,22,22,511,511,0,0
over/checkpoint/16384/domain=16384/bytes=264/nulls=true,22,22,511,511,0,0
over/checkpoint/16384/domain=16384/bytes=8/nulls=false,19,19,480,480,0,0
over/checkpoint/16384/domain=16384/bytes=8/nulls=true,19,19,480,480,0,0
over/checkpoint/16384/domain=8/bytes=264/nulls=false,22,22,511,511,0,0
over/checkpoint/16384/domain=8/bytes=264/nulls=true,22,22,511,511,0,0
over/checkpoint/16384/domain=8/bytes=8/nulls=false,19,19,480,480,0,0
over/checkpoint/16384/domain=8/bytes=8/nulls=true,19,19,480,480,0,0
over/checkpoint_after_fire/1024/domain=1024/bytes=264/nulls=false,19,19,480,480,0,0
over/checkpoint_after_fire/1024/domain=1024/bytes=264/nulls=true,19,19,480,480,0,0
over/checkpoint_after_fire/1024/domain=1024/bytes=8/nulls=false,19,19,480,480,0,0
over/checkpoint_after_fire/1024/domain=1024/bytes=8/nulls=true,19,19,480,480,0,0
over/checkpoint_after_fire/1024/domain=8/bytes=264/nulls=false,19,19,480,480,0,0
over/checkpoint_after_fire/1024/domain=8/bytes=264/nulls=true,19,19,480,480,0,0
over/checkpoint_after_fire/1024/domain=8/bytes=8/nulls=false,19,19,480,480,0,0
over/checkpoint_after_fire/1024/domain=8/bytes=8/nulls=true,19,19,480,480,0,0
over/checkpoint_after_fire/16/domain=16/bytes=264/nulls=false,19,19,480,480,0,0
over/checkpoint_after_fire/16/domain=16/bytes=264/nulls=true,19,19,480,480,0,0
over/checkpoint_after_fire/16/domain=16/bytes=8/nulls=false,19,19,480,480,0,0
over/checkpoint_after_fire/16/domain=16/bytes=8/nulls=true,19,19,480,480,0,0
over/checkpoint_after_fire/16/domain=8/bytes=264/nulls=false,19,19,480,480,0,0
over/checkpoint_after_fire/16/domain=8/bytes=264/nulls=true,19,19,480,480,0,0
over/checkpoint_after_fire/16/domain=8/bytes=8/nulls=false,19,19,480,480,0,0
over/checkpoint_after_fire/16/domain=8/bytes=8/nulls=true,19,19,480,480,0,0
over/checkpoint_after_fire/16384/domain=16384/bytes=264/nulls=false,22,22,511,511,0,0
over/checkpoint_after_fire/16384/domain=16384/bytes=264/nulls=true,22,22,511,511,0,0
over/checkpoint_after_fire/16384/domain=16384/bytes=8/nulls=false,19,19,480,480,0,0
over/checkpoint_after_fire/16384/domain=16384/bytes=8/nulls=true,19,19,480,480,0,0
over/checkpoint_after_fire/16384/domain=8/bytes=264/nulls=false,22,22,511,511,0,0
over/checkpoint_after_fire/16384/domain=8/bytes=264/nulls=true,22,22,511,511,0,0
over/checkpoint_after_fire/16384/domain=8/bytes=8/nulls=false,19,19,480,480,0,0
over/checkpoint_after_fire/16384/domain=8/bytes=8/nulls=true,19,19,480,480,0,0
over/fire/1024/domain=1024/bytes=264/nulls=false,10408,10408,2061692,2061692,0,315310
over/fire/1024/domain=1024/bytes=264/nulls=true,10414,10414,1934908,1934908,0,275993
over/fire/1024/domain=1024/bytes=8/nulls=false,10408,10408,1222444,1222444,0,53166
over/fire/1024/domain=1024/bytes=8/nulls=true,10414,10414,1215308,1215308,0,51225
over/fire/1024/domain=8/bytes=264/nulls=false,5293,5293,1239524,1239524,0,315310
over/fire/1024/domain=8/bytes=264/nulls=true,5296,5296,1112492,1112492,0,275993
over/fire/1024/domain=8/bytes=8/nulls=false,5293,5293,400276,400276,0,53166
over/fire/1024/domain=8/bytes=8/nulls=true,5296,5296,392892,392892,0,51225
over/fire/16/domain=16/bytes=264/nulls=false,285,285,38908,38908,0,4906
over/fire/16/domain=16/bytes=264/nulls=true,289,289,37436,37436,0,4371
over/fire/16/domain=16/bytes=8/nulls=false,285,285,25788,25788,0,810
over/fire/16/domain=16/bytes=8/nulls=true,289,289,25956,25956,0,787
over/fire/16/domain=8/bytes=264/nulls=false,240,240,32404,32404,0,4906
over/fire/16/domain=8/bytes=264/nulls=true,242,242,30812,30812,0,4371
over/fire/16/domain=8/bytes=8/nulls=false,240,240,19284,19284,0,810
over/fire/16/domain=8/bytes=8/nulls=true,242,242,19332,19332,0,787
over/fire/16384/domain=16384/bytes=264/nulls=false,164036,164036,32903420,32903420,0,5067934
over/fire/16384/domain=16384/bytes=264/nulls=true,164050,164050,30868044,30868044,0,4434503
over/fire/16384/domain=16384/bytes=8/nulls=false,164036,164036,19745452,19745452,0,873630
over/fire/16384/domain=16384/bytes=8/nulls=true,164050,164050,19589312,19589312,0,839239
over/fire/16384/domain=8/bytes=264/nulls=false,82101,82101,19654884,19654884,0,5067934
over/fire/16384/domain=8/bytes=264/nulls=true,82108,82108,17615420,17615420,0,4434503
over/fire/16384/domain=8/bytes=8/nulls=false,82101,82101,6496916,6496916,0,873630
over/fire/16384/domain=8/bytes=8/nulls=true,82108,82108,6336688,6336688,0,839239
over/push/1024/domain=1024/bytes=264/nulls=false,1051,1051,716992,716992,0,0
over/push/1024/domain=1024/bytes=264/nulls=true,1051,1051,629392,629392,0,0
over/push/1024/domain=1024/bytes=8/nulls=false,1051,1051,139888,139888,0,0
over/push/1024/domain=1024/bytes=8/nulls=true,1051,1051,134560,134560,0,0
over/push/1024/domain=8/bytes=264/nulls=false,1051,1051,716992,716992,0,0
over/push/1024/domain=8/bytes=264/nulls=true,1051,1051,629392,629392,0,0
over/push/1024/domain=8/bytes=8/nulls=false,1051,1051,139888,139888,0,0
over/push/1024/domain=8/bytes=8/nulls=true,1051,1051,134560,134560,0,0
over/push/16/domain=16/bytes=264/nulls=false,43,43,13092,13092,0,0
over/push/16/domain=16/bytes=264/nulls=true,43,43,11892,11892,0,0
over/push/16/domain=16/bytes=8/nulls=false,43,43,4068,4068,0,0
over/push/16/domain=16/bytes=8/nulls=true,43,43,3996,3996,0,0
over/push/16/domain=8/bytes=264/nulls=false,43,43,13092,13092,0,0
over/push/16/domain=8/bytes=264/nulls=true,43,43,11892,11892,0,0
over/push/16/domain=8/bytes=8/nulls=false,43,43,4068,4068,0,0
over/push/16/domain=8/bytes=8/nulls=true,43,43,3996,3996,0,0
over/push/16384/domain=16384/bytes=264/nulls=false,16411,16411,11444032,11444032,0,0
over/push/16384/domain=16384/bytes=264/nulls=true,16411,16411,10040032,10040032,0,0
over/push/16384/domain=16384/bytes=8/nulls=false,16411,16411,2480368,2480368,0,0
over/push/16384/domain=16384/bytes=8/nulls=true,16411,16411,2356564,2356564,0,0
over/push/16384/domain=8/bytes=264/nulls=false,16411,16411,11444032,11444032,0,0
over/push/16384/domain=8/bytes=264/nulls=true,16411,16411,10040032,10040032,0,0
over/push/16384/domain=8/bytes=8/nulls=false,16411,16411,2480368,2480368,0,0
over/push/16384/domain=8/bytes=8/nulls=true,16411,16411,2356564,2356564,0,0
over/restore_aligned/1024/domain=1024/bytes=264/nulls=false,85,85,5182,5182,0,0
over/restore_aligned/1024/domain=1024/bytes=264/nulls=true,85,85,5182,5182,0,0
over/restore_aligned/1024/domain=1024/bytes=8/nulls=false,85,85,5182,5182,0,0
over/restore_aligned/1024/domain=1024/bytes=8/nulls=true,85,85,5182,5182,0,0
over/restore_aligned/1024/domain=8/bytes=264/nulls=false,85,85,5182,5182,0,0
over/restore_aligned/1024/domain=8/bytes=264/nulls=true,85,85,5182,5182,0,0
over/restore_aligned/1024/domain=8/bytes=8/nulls=false,85,85,5182,5182,0,0
over/restore_aligned/1024/domain=8/bytes=8/nulls=true,85,85,5182,5182,0,0
over/restore_aligned/16/domain=16/bytes=264/nulls=false,85,85,5182,5182,0,0
over/restore_aligned/16/domain=16/bytes=264/nulls=true,85,85,5182,5182,0,0
over/restore_aligned/16/domain=16/bytes=8/nulls=false,85,85,5182,5182,0,0
over/restore_aligned/16/domain=16/bytes=8/nulls=true,85,85,5182,5182,0,0
over/restore_aligned/16/domain=8/bytes=264/nulls=false,85,85,5182,5182,0,0
over/restore_aligned/16/domain=8/bytes=264/nulls=true,85,85,5182,5182,0,0
over/restore_aligned/16/domain=8/bytes=8/nulls=false,85,85,5182,5182,0,0
over/restore_aligned/16/domain=8/bytes=8/nulls=true,85,85,5182,5182,0,0
over/restore_aligned/16384/domain=16384/bytes=264/nulls=false,91,91,5335,5335,0,0
over/restore_aligned/16384/domain=16384/bytes=264/nulls=true,91,91,5335,5335,0,0
over/restore_aligned/16384/domain=16384/bytes=8/nulls=false,85,85,5182,5182,0,0
over/restore_aligned/16384/domain=16384/bytes=8/nulls=true,85,85,5182,5182,0,0
over/restore_aligned/16384/domain=8/bytes=264/nulls=false,91,91,5335,5335,0,0
over/restore_aligned/16384/domain=8/bytes=264/nulls=true,91,91,5335,5335,0,0
over/restore_aligned/16384/domain=8/bytes=8/nulls=false,85,85,5182,5182,0,0
over/restore_aligned/16384/domain=8/bytes=8/nulls=true,85,85,5182,5182,0,0
over/restore_fold_aligned/1024/domain=1024/bytes=264/nulls=false,85,85,5182,5182,0,0
over/restore_fold_aligned/1024/domain=1024/bytes=264/nulls=true,85,85,5182,5182,0,0
over/restore_fold_aligned/1024/domain=1024/bytes=8/nulls=false,85,85,5182,5182,0,0
over/restore_fold_aligned/1024/domain=1024/bytes=8/nulls=true,85,85,5182,5182,0,0
over/restore_fold_aligned/1024/domain=8/bytes=264/nulls=false,85,85,5182,5182,0,0
over/restore_fold_aligned/1024/domain=8/bytes=264/nulls=true,85,85,5182,5182,0,0
over/restore_fold_aligned/1024/domain=8/bytes=8/nulls=false,85,85,5182,5182,0,0
over/restore_fold_aligned/1024/domain=8/bytes=8/nulls=true,85,85,5182,5182,0,0
over/restore_fold_aligned/16/domain=16/bytes=264/nulls=false,85,85,5182,5182,0,0
over/restore_fold_aligned/16/domain=16/bytes=264/nulls=true,85,85,5182,5182,0,0
over/restore_fold_aligned/16/domain=16/bytes=8/nulls=false,85,85,5182,5182,0,0
over/restore_fold_aligned/16/domain=16/bytes=8/nulls=true,85,85,5182,5182,0,0
over/restore_fold_aligned/16/domain=8/bytes=264/nulls=false,85,85,5182,5182,0,0
over/restore_fold_aligned/16/domain=8/bytes=264/nulls=true,85,85,5182,5182,0,0
over/restore_fold_aligned/16/domain=8/bytes=8/nulls=false,85,85,5182,5182,0,0
over/restore_fold_aligned/16/domain=8/bytes=8/nulls=true,85,85,5182,5182,0,0
over/restore_fold_aligned/16384/domain=16384/bytes=264/nulls=false,91,91,5335,5335,0,0
over/restore_fold_aligned/16384/domain=16384/bytes=264/nulls=true,91,91,5335,5335,0,0
over/restore_fold_aligned/16384/domain=16384/bytes=8/nulls=false,85,85,5182,5182,0,0
over/restore_fold_aligned/16384/domain=16384/bytes=8/nulls=true,85,85,5182,5182,0,0
over/restore_fold_aligned/16384/domain=8/bytes=264/nulls=false,91,91,5335,5335,0,0
over/restore_fold_aligned/16384/domain=8/bytes=264/nulls=true,91,91,5335,5335,0,0
over/restore_fold_aligned/16384/domain=8/bytes=8/nulls=false,85,85,5182,5182,0,0
over/restore_fold_aligned/16384/domain=8/bytes=8/nulls=true,85,85,5182,5182,0,0
over/restore_fold_rebuilt/1024/domain=1024/bytes=264/nulls=false,2112,2112,199201,199201,0,0
over/restore_fold_rebuilt/1024/domain=1024/bytes=264/nulls=true,2112,2112,177301,177301,0,0
over/restore_fold_rebuilt/1024/domain=1024/bytes=8/nulls=false,2112,2112,55033,55033,0,0
over/restore_fold_rebuilt/1024/domain=1024/bytes=8/nulls=true,2112,2112,53683,53683,0,0
over/restore_fold_rebuilt/1024/domain=8/bytes=264/nulls=false,1104,1104,183577,183577,0,0
over/restore_fold_rebuilt/1024/domain=8/bytes=264/nulls=true,1104,1104,161677,161677,0,0
over/restore_fold_rebuilt/1024/domain=8/bytes=8/nulls=false,1104,1104,39409,39409,0,0
over/restore_fold_rebuilt/1024/domain=8/bytes=8/nulls=true,1104,1104,38059,38059,0,0
over/restore_fold_rebuilt/16/domain=16/bytes=264/nulls=false,96,96,7681,7681,0,0
over/restore_fold_rebuilt/16/domain=16/bytes=264/nulls=true,96,96,7381,7381,0,0
over/restore_fold_rebuilt/16/domain=16/bytes=8/nulls=false,96,96,5425,5425,0,0
over/restore_fold_rebuilt/16/domain=16/bytes=8/nulls=true,96,96,5407,5407,0,0
over/restore_fold_rebuilt/16/domain=8/bytes=264/nulls=false,96,96,7681,7681,0,0
over/restore_fold_rebuilt/16/domain=8/bytes=264/nulls=true,96,96,7381,7381,0,0
over/restore_fold_rebuilt/16/domain=8/bytes=8/nulls=false,96,96,5425,5425,0,0
over/restore_fold_rebuilt/16/domain=8/bytes=8/nulls=true,96,96,5407,5407,0,0
over/restore_fold_rebuilt/16384/domain=16384/bytes=264/nulls=false,32832,32832,3117601,3117601,0,0
over/restore_fold_rebuilt/16384/domain=16384/bytes=264/nulls=true,32832,32832,2766601,2766601,0,0
over/restore_fold_rebuilt/16384/domain=16384/bytes=8/nulls=false,32832,32832,881185,881185,0,0
over/restore_fold_rebuilt/16384/domain=16384/bytes=8/nulls=true,32832,32832,849595,849595,0,0
over/restore_fold_rebuilt/16384/domain=8/bytes=264/nulls=false,16464,16464,2863897,2863897,0,0
over/restore_fold_rebuilt/16384/domain=8/bytes=264/nulls=true,16464,16464,2512897,2512897,0,0
over/restore_fold_rebuilt/16384/domain=8/bytes=8/nulls=false,16464,16464,627481,627481,0,0
over/restore_fold_rebuilt/16384/domain=8/bytes=8/nulls=true,16464,16464,595891,595891,0,0
over/restore_rebuilt/1024/domain=1024/bytes=264/nulls=false,2112,2112,362017,362017,0,0
over/restore_rebuilt/1024/domain=1024/bytes=264/nulls=true,2112,2112,318217,318217,0,0
over/restore_rebuilt/1024/domain=1024/bytes=8/nulls=false,2112,2112,73465,73465,0,0
over/restore_rebuilt/1024/domain=1024/bytes=8/nulls=true,2112,2112,70801,70801,0,0
over/restore_rebuilt/1024/domain=8/bytes=264/nulls=false,2112,2112,362017,362017,0,0
over/restore_rebuilt/1024/domain=8/bytes=264/nulls=true,2112,2112,318217,318217,0,0
over/restore_rebuilt/1024/domain=8/bytes=8/nulls=false,2112,2112,73465,73465,0,0
over/restore_rebuilt/1024/domain=8/bytes=8/nulls=true,2112,2112,70801,70801,0,0
over/restore_rebuilt/16/domain=16/bytes=264/nulls=false,96,96,10225,10225,0,0
over/restore_rebuilt/16/domain=16/bytes=264/nulls=true,96,96,9625,9625,0,0
over/restore_rebuilt/16/domain=16/bytes=8/nulls=false,96,96,5713,5713,0,0
over/restore_rebuilt/16/domain=16/bytes=8/nulls=true,96,96,5677,5677,0,0
over/restore_rebuilt/16/domain=8/bytes=264/nulls=false,96,96,10225,10225,0,0
over/restore_rebuilt/16/domain=8/bytes=264/nulls=true,96,96,9625,9625,0,0
over/restore_rebuilt/16/domain=8/bytes=8/nulls=false,96,96,5713,5713,0,0
over/restore_rebuilt/16/domain=8/bytes=8/nulls=true,96,96,5677,5677,0,0
over/restore_rebuilt/16384/domain=16384/bytes=264/nulls=false,32832,32832,5722657,5722657,0,0
over/restore_rebuilt/16384/domain=16384/bytes=264/nulls=true,32832,32832,5020657,5020657,0,0
over/restore_rebuilt/16384/domain=16384/bytes=8/nulls=false,32832,32832,1240825,1240825,0,0
over/restore_rebuilt/16384/domain=16384/bytes=8/nulls=true,32832,32832,1178923,1178923,0,0
over/restore_rebuilt/16384/domain=8/bytes=264/nulls=false,32832,32832,5722657,5722657,0,0
over/restore_rebuilt/16384/domain=8/bytes=264/nulls=true,32832,32832,5020657,5020657,0,0
over/restore_rebuilt/16384/domain=8/bytes=8/nulls=false,32832,32832,1240825,1240825,0,0
over/restore_rebuilt/16384/domain=8/bytes=8/nulls=true,32832,32832,1178923,1178923,0,0
pending/1024/keys=1024/bytes=264/nulls=false,12377,12377,2317504,2317504,0,294916
pending/1024/keys=1024/bytes=264/nulls=true,12377,12377,2101744,2101744,0,255648
pending/1024/keys=1024/bytes=8/nulls=false,12377,12377,900288,900288,0,32772
pending/1024/keys=1024/bytes=8/nulls=true,12377,12377,887976,887976,0,31136
pending/1024/keys=8/bytes=264/nulls=false,2196,2196,438448,438448,0,2308
pending/1024/keys=8/bytes=264/nulls=true,2196,2196,392036,392036,0,1773
pending/1024/keys=8/bytes=8/nulls=false,2196,2196,140864,140864,0,260
pending/1024/keys=8/bytes=8/nulls=true,2196,2196,138110,138110,0,237
pending/16/keys=16/bytes=264/nulls=false,263,263,38652,38652,0,4612
pending/16/keys=16/bytes=264/nulls=true,263,263,34284,34284,0,3810
pending/16/keys=16/bytes=8/nulls=false,263,263,16508,16508,0,516
pending/16/keys=16/bytes=8/nulls=true,263,263,16292,16292,0,482
pending/16/keys=8/bytes=264/nulls=false,180,180,23844,23844,0,2308
pending/16/keys=8/bytes=264/nulls=true,180,180,20632,20632,0,1773
pending/16/keys=8/bytes=8/nulls=false,180,180,10516,10516,0,260
pending/16/keys=8/bytes=8/nulls=true,180,180,10354,10354,0,237
pending/16384/keys=16384/bytes=264/nulls=false,196709,196709,37042688,37042688,0,4718596
pending/16384/keys=16384/bytes=264/nulls=true,196709,196709,33606160,33606160,0,4093256
pending/16384/keys=16384/bytes=8/nulls=false,196709,196709,14367232,14367232,0,524292
pending/16384/keys=16384/bytes=8/nulls=true,196709,196709,14170648,14170648,0,498248
pending/16384/keys=8/bytes=264/nulls=false,32916,32916,6757168,6757168,0,2308
pending/16384/keys=8/bytes=264/nulls=true,32916,32916,6052556,6052556,0,1773
pending/16384/keys=8/bytes=8/nulls=false,32916,32916,2128064,2128064,0,260
pending/16384/keys=8/bytes=8/nulls=true,32916,32916,2085818,2085818,0,237
pending_not_expired/1024/keys=1024/bytes=264/nulls=false,5152,5152,1130840,1130840,0,294916
pending_not_expired/1024/keys=1024/bytes=264/nulls=true,5152,5152,1003280,1003280,0,255648
pending_not_expired/1024/keys=1024/bytes=8/nulls=false,5152,5152,291160,291160,0,32772
pending_not_expired/1024/keys=1024/bytes=8/nulls=true,5152,5152,284140,284140,0,31136
pending_not_expired/1024/keys=8/bytes=264/nulls=false,65,65,9832,9832,0,2308
pending_not_expired/1024/keys=8/bytes=264/nulls=true,65,65,8120,8120,0,1773
pending_not_expired/1024/keys=8/bytes=8/nulls=false,65,65,3272,3272,0,260
pending_not_expired/1024/keys=8/bytes=8/nulls=true,65,65,3200,3200,0,237
pending_not_expired/16/keys=16/bytes=264/nulls=false,106,106,18656,18656,0,4612
pending_not_expired/16/keys=16/bytes=264/nulls=true,106,106,16088,16088,0,3810
pending_not_expired/16/keys=16/bytes=8/nulls=false,106,106,5536,5536,0,516
pending_not_expired/16/keys=16/bytes=8/nulls=true,106,106,5428,5428,0,482
pending_not_expired/16/keys=8/bytes=264/nulls=false,65,65,9832,9832,0,2308
pending_not_expired/16/keys=8/bytes=264/nulls=true,65,65,8120,8120,0,1773
pending_not_expired/16/keys=8/bytes=8/nulls=false,65,65,3272,3272,0,260
pending_not_expired/16/keys=8/bytes=8/nulls=true,65,65,3200,3200,0,237
pending_not_expired/16384/keys=16384/bytes=264/nulls=false,81956,81956,18078680,18078680,0,4718596
pending_not_expired/16384/keys=16384/bytes=264/nulls=true,81956,81956,16046752,16046752,0,4093256
pending_not_expired/16384/keys=16384/bytes=8/nulls=false,81956,81956,4643800,4643800,0,524292
pending_not_expired/16384/keys=16384/bytes=8/nulls=true,81956,81956,4531492,4531492,0,498248
pending_not_expired/16384/keys=8/bytes=264/nulls=false,65,65,9832,9832,0,2308
pending_not_expired/16384/keys=8/bytes=264/nulls=true,65,65,8120,8120,0,1773
pending_not_expired/16384/keys=8/bytes=8/nulls=false,65,65,3272,3272,0,260
pending_not_expired/16384/keys=8/bytes=8/nulls=true,65,65,3200,3200,0,237
probe_right/1024/domain=1024/bytes=264/nulls=false/outer=false,4022,4022,2441142,2441142,0,298865
probe_right/1024/domain=1024/bytes=264/nulls=false/outer=true,4643,4643,2814280,2814280,0,298865
probe_right/1024/domain=1024/bytes=264/nulls=true/outer=false,4030,4030,2191160,2191160,0,259302
probe_right/1024/domain=1024/bytes=264/nulls=true/outer=true,4651,4651,2542398,2542398,0,259302
probe_right/1024/domain=1024/bytes=8/nulls=false/outer=false,4022,4022,788856,788856,0,36721
probe_right/1024/domain=1024/bytes=8/nulls=false/outer=true,4643,4643,1017718,1017718,0,36721
probe_right/1024/domain=1024/bytes=8/nulls=true/outer=false,4030,4030,774446,774446,0,34534
probe_right/1024/domain=1024/bytes=8/nulls=true/outer=true,4651,4651,1001976,1001976,0,34534
probe_right/1024/domain=8/bytes=264/nulls=false/outer=false,3515,3515,2099998,2099998,0,297949
probe_right/1024/domain=8/bytes=264/nulls=false/outer=true,4129,4129,2450672,2450672,0,297949
probe_right/1024/domain=8/bytes=264/nulls=true/outer=false,3519,3519,1933258,1933258,0,278163
probe_right/1024/domain=8/bytes=264/nulls=true/outer=true,4133,4133,2262032,2262032,0,278163
probe_right/1024/domain=8/bytes=8/nulls=false/outer=false,3515,3515,734224,734224,0,35805
probe_right/1024/domain=8/bytes=8/nulls=false/outer=true,4129,4129,940622,940622,0,35805
probe_right/1024/domain=8/bytes=8/nulls=true/outer=false,3519,3519,724508,724508,0,34707
probe_right/1024/domain=8/bytes=8/nulls=true/outer=true,4133,4133,929574,929574,0,34707
probe_right/16/domain=16/bytes=264/nulls=false/outer=false,488,488,432524,432524,0,4651
probe_right/16/domain=16/bytes=264/nulls=false/outer=true,587,587,575646,575646,0,4651
probe_right/16/domain=16/bytes=264/nulls=true/outer=false,496,496,429388,429388,0,4113
probe_right/16/domain=16/bytes=264/nulls=true/outer=true,595,595,572210,572210,0,4113
probe_right/16/domain=16/bytes=8/nulls=false/outer=false,488,488,406700,406700,0,555
probe_right/16/domain=16/bytes=8/nulls=false/outer=true,587,587,547566,547566,0,555
probe_right/16/domain=16/bytes=8/nulls=true/outer=false,496,496,406792,406792,0,529
probe_right/16/domain=16/bytes=8/nulls=true/outer=true,595,595,547640,547640,0,529
probe_right/16/domain=8/bytes=264/nulls=false/outer=false,485,485,429884,429884,0,4651
probe_right/16/domain=8/bytes=264/nulls=false/outer=true,583,583,572814,572814,0,4651
probe_right/16/domain=8/bytes=264/nulls=true/outer=false,489,489,427760,427760,0,4382
probe_right/16/domain=8/bytes=264/nulls=true/outer=true,587,587,570390,570390,0,4382
probe_right/16/domain=8/bytes=8/nulls=false/outer=false,485,485,406316,406316,0,555
probe_right/16/domain=8/bytes=8/nulls=false/outer=true,583,583,546990,546990,0,555
probe_right/16/domain=8/bytes=8/nulls=true/outer=false,489,489,406344,406344,0,542
probe_right/16/domain=8/bytes=8/nulls=true/outer=true,587,587,547000,547000,0,542
probe_right/16384/domain=16384/bytes=264/nulls=false/outer=false,57789,57789,37656190,37656190,0,4802050
probe_right/16384/domain=16384/bytes=264/nulls=false/outer=true,66102,66102,41531648,41531648,0,4802050
probe_right/16384/domain=16384/bytes=264/nulls=true/outer=false,57799,57799,32999407,32999407,0,4165058
probe_right/16384/domain=16384/bytes=264/nulls=true/outer=true,66112,66112,36523865,36523865,0,4165058
probe_right/16384/domain=16384/bytes=8/nulls=false/outer=false,57789,57789,7424514,7424514,0,607746
probe_right/16384/domain=16384/bytes=8/nulls=false/outer=true,66102,66102,9059056,9059056,0,607746
probe_right/16384/domain=16384/bytes=8/nulls=true/outer=false,57799,57799,7085463,7085463,0,569794
probe_right/16384/domain=16384/bytes=8/nulls=true/outer=true,66112,66112,8689054,8689054,0,569794
probe_right/16384/domain=8/bytes=264/nulls=false/outer=false,49602,49602,32139700,32139700,0,4778581
probe_right/16384/domain=8/bytes=264/nulls=false/outer=true,57904,57904,35654710,35654710,0,4778581
probe_right/16384/domain=8/bytes=264/nulls=true/outer=false,49608,49608,28821263,28821263,0,4459818
probe_right/16384/domain=8/bytes=264/nulls=true/outer=true,57910,57910,31985273,31985273,0,4459818
probe_right/16384/domain=8/bytes=8/nulls=false/outer=false,49602,49602,6396582,6396582,0,584277
probe_right/16384/domain=8/bytes=8/nulls=false/outer=true,57904,57904,7670676,7670676,0,584277
probe_right/16384/domain=8/bytes=8/nulls=true/outer=false,49608,49608,6155461,6155461,0,565034
probe_right/16384/domain=8/bytes=8/nulls=true/outer=true,57910,57910,7398604,7398604,0,565034
restore/1024/domain=1024/bytes=264/nulls=false/limit=1/last=false/aligned=false,1075,1075,195920,195920,0,0
restore/1024/domain=1024/bytes=264/nulls=false/limit=1/last=false/aligned=true,72,72,4996,4996,0,0
restore/1024/domain=1024/bytes=264/nulls=false/limit=1/last=true/aligned=false,1075,1075,195920,195920,0,0
restore/1024/domain=1024/bytes=264/nulls=false/limit=1/last=true/aligned=true,72,72,4996,4996,0,0
restore/1024/domain=1024/bytes=264/nulls=false/limit=4/last=false/aligned=false,1075,1075,195920,195920,0,0
restore/1024/domain=1024/bytes=264/nulls=false/limit=4/last=false/aligned=true,72,72,4996,4996,0,0
restore/1024/domain=1024/bytes=264/nulls=false/outer=false/aligned=false,4659,4659,547371,547371,0,0
restore/1024/domain=1024/bytes=264/nulls=false/outer=false/aligned=true,71,71,4110,4110,0,0
restore/1024/domain=1024/bytes=264/nulls=false/outer=true/aligned=false,4659,4659,547371,547371,0,0
restore/1024/domain=1024/bytes=264/nulls=false/outer=true/aligned=true,71,71,4110,4110,0,0
restore/1024/domain=1024/bytes=264/nulls=true/limit=1/last=false/aligned=false,1075,1075,181820,181820,0,0
restore/1024/domain=1024/bytes=264/nulls=true/limit=1/last=false/aligned=true,72,72,4996,4996,0,0
restore/1024/domain=1024/bytes=264/nulls=true/limit=1/last=true/aligned=false,1075,1075,181820,181820,0,0
restore/1024/domain=1024/bytes=264/nulls=true/limit=1/last=true/aligned=true,72,72,4996,4996,0,0
restore/1024/domain=1024/bytes=264/nulls=true/limit=4/last=false/aligned=false,1075,1075,181820,181820,0,0
restore/1024/domain=1024/bytes=264/nulls=true/limit=4/last=false/aligned=true,72,72,4996,4996,0,0
restore/1024/domain=1024/bytes=264/nulls=true/outer=false/aligned=false,4659,4659,481671,481671,0,0
restore/1024/domain=1024/bytes=264/nulls=true/outer=false/aligned=true,71,71,4110,4110,0,0
restore/1024/domain=1024/bytes=264/nulls=true/outer=true/aligned=false,4659,4659,481671,481671,0,0
restore/1024/domain=1024/bytes=264/nulls=true/outer=true/aligned=true,71,71,4110,4110,0,0
restore/1024/domain=1024/bytes=8/nulls=false/limit=1/last=false/aligned=false,1075,1075,51644,51644,0,0
restore/1024/domain=1024/bytes=8/nulls=false/limit=1/last=false/aligned=true,72,72,4996,4996,0,0
restore/1024/domain=1024/bytes=8/nulls=false/limit=1/last=true/aligned=false,1075,1075,51644,51644,0,0
restore/1024/domain=1024/bytes=8/nulls=false/limit=1/last=true/aligned=true,72,72,4996,4996,0,0
restore/1024/domain=1024/bytes=8/nulls=false/limit=4/last=false/aligned=false,1075,1075,51644,51644,0,0
restore/1024/domain=1024/bytes=8/nulls=false/limit=4/last=false/aligned=true,72,72,4996,4996,0,0
restore/1024/domain=1024/bytes=8/nulls=false/outer=false/aligned=false,4659,4659,114444,114444,0,0
restore/1024/domain=1024/bytes=8/nulls=false/outer=false/aligned=true,71,71,4110,4110,0,0
restore/1024/domain=1024/bytes=8/nulls=false/outer=true/aligned=false,4659,4659,114444,114444,0,0
restore/1024/domain=1024/bytes=8/nulls=false/outer=true/aligned=true,71,71,4110,4110,0,0
restore/1024/domain=1024/bytes=8/nulls=true/limit=1/last=false/aligned=false,1075,1075,50780,50780,0,0
restore/1024/domain=1024/bytes=8/nulls=true/limit=1/last=false/aligned=true,72,72,4996,4996,0,0
restore/1024/domain=1024/bytes=8/nulls=true/limit=1/last=true/aligned=false,1075,1075,50780,50780,0,0
restore/1024/domain=1024/bytes=8/nulls=true/limit=1/last=true/aligned=true,72,72,4996,4996,0,0
restore/1024/domain=1024/bytes=8/nulls=true/limit=4/last=false/aligned=false,1075,1075,50780,50780,0,0
restore/1024/domain=1024/bytes=8/nulls=true/limit=4/last=false/aligned=true,72,72,4996,4996,0,0
restore/1024/domain=1024/bytes=8/nulls=true/outer=false/aligned=false,4659,4659,110466,110466,0,0
restore/1024/domain=1024/bytes=8/nulls=true/outer=false/aligned=true,71,71,4110,4110,0,0
restore/1024/domain=1024/bytes=8/nulls=true/outer=true/aligned=false,4659,4659,110466,110466,0,0
restore/1024/domain=1024/bytes=8/nulls=true/outer=true/aligned=true,71,71,4110,4110,0,0
restore/1024/domain=8/bytes=264/nulls=false/limit=1/last=false/aligned=false,67,67,7424,7424,0,0
restore/1024/domain=8/bytes=264/nulls=false/limit=1/last=false/aligned=true,72,72,4996,4996,0,0
restore/1024/domain=8/bytes=264/nulls=false/limit=1/last=true/aligned=false,67,67,7424,7424,0,0
restore/1024/domain=8/bytes=264/nulls=false/limit=1/last=true/aligned=true,72,72,4996,4996,0,0
restore/1024/domain=8/bytes=264/nulls=false/limit=4/last=false/aligned=false,67,67,15608,15608,0,0
restore/1024/domain=8/bytes=264/nulls=false/limit=4/last=false/aligned=true,72,72,4996,4996,0,0
restore/1024/domain=8/bytes=264/nulls=false/outer=false/aligned=false,3135,3135,367539,367539,0,0
restore/1024/domain=8/bytes=264/nulls=false/outer=false/aligned=true,71,71,4110,4110,0,0
restore/1024/domain=8/bytes=264/nulls=false/outer=true/aligned=false,3135,3135,367539,367539,0,0
restore/1024/domain=8/bytes=264/nulls=false/outer=true/aligned=true,71,71,4110,4110,0,0
restore/1024/domain=8/bytes=264/nulls=true/limit=1/last=false/aligned=false,67,67,7124,7124,0,0
restore/1024/domain=8/bytes=264/nulls=true/limit=1/last=false/aligned=true,72,72,4996,4996,0,0
restore/1024/domain=8/bytes=264/nulls=true/limit=1/last=true/aligned=false,67,67,6824,6824,0,0
restore/1024/domain=8/bytes=264/nulls=true/limit=1/last=true/aligned=true,72,72,4996,4996,0,0
restore/1024/domain=8/bytes=264/nulls=true/limit=4/last=false/aligned=false,67,67,14108,14108,0,0
restore/1024/domain=8/bytes=264/nulls=true/limit=4/last=false/aligned=true,72,72,4996,4996,0,0
restore/1024/domain=8/bytes=264/nulls=true/outer=false/aligned=false,3135,3135,323739,323739,0,0
restore/1024/domain=8/bytes=264/nulls=true/outer=false/aligned=true,71,71,4110,4110,0,0
restore/1024/domain=8/bytes=264/nulls=true/outer=true/aligned=false,3135,3135,323739,323739,0,0
restore/1024/domain=8/bytes=264/nulls=true/outer=true/aligned=true,71,71,4110,4110,0,0
restore/1024/domain=8/bytes=8/nulls=false/limit=1/last=false/aligned=false,67,67,5168,5168,0,0
restore/1024/domain=8/bytes=8/nulls=false/limit=1/last=false/aligned=true,72,72,4996,4996,0,0
restore/1024/domain=8/bytes=8/nulls=false/limit=1/last=true/aligned=false,67,67,5195,5195,0,0
restore/1024/domain=8/bytes=8/nulls=false/limit=1/last=true/aligned=true,72,72,4996,4996,0,0
restore/1024/domain=8/bytes=8/nulls=false/limit=4/last=false/aligned=false,67,67,6584,6584,0,0
restore/1024/domain=8/bytes=8/nulls=false/limit=4/last=false/aligned=true,72,72,4996,4996,0,0
restore/1024/domain=8/bytes=8/nulls=false/outer=false/aligned=false,3135,3135,77868,77868,0,0
restore/1024/domain=8/bytes=8/nulls=false/outer=false/aligned=true,71,71,4110,4110,0,0
restore/1024/domain=8/bytes=8/nulls=false/outer=true/aligned=false,3135,3135,77868,77868,0,0
restore/1024/domain=8/bytes=8/nulls=false/outer=true/aligned=true,71,71,4110,4110,0,0
restore/1024/domain=8/bytes=8/nulls=true/limit=1/last=false/aligned=false,67,67,5150,5150,0,0
restore/1024/domain=8/bytes=8/nulls=true/limit=1/last=false/aligned=true,72,72,4996,4996,0,0
restore/1024/domain=8/bytes=8/nulls=true/limit=1/last=true/aligned=false,67,67,5150,5150,0,0
restore/1024/domain=8/bytes=8/nulls=true/limit=1/last=true/aligned=true,72,72,4996,4996,0,0
restore/1024/domain=8/bytes=8/nulls=true/limit=4/last=false/aligned=false,67,67,6494,6494,0,0
restore/1024/domain=8/bytes=8/nulls=true/limit=4/last=false/aligned=true,72,72,4996,4996,0,0
restore/1024/domain=8/bytes=8/nulls=true/outer=false/aligned=false,3135,3135,75204,75204,0,0
restore/1024/domain=8/bytes=8/nulls=true/outer=false/aligned=true,71,71,4110,4110,0,0
restore/1024/domain=8/bytes=8/nulls=true/outer=true/aligned=false,3135,3135,75204,75204,0,0
restore/1024/domain=8/bytes=8/nulls=true/outer=true/aligned=true,71,71,4110,4110,0,0
restore/1024/keys=1024/bytes=264/nulls=false/aligned=false,1585,1585,189349,189349,0,0
restore/1024/keys=1024/bytes=264/nulls=false/aligned=true,70,70,4080,4080,0,0
restore/1024/keys=1024/bytes=264/nulls=true/aligned=false,1585,1585,167449,167449,0,0
restore/1024/keys=1024/bytes=264/nulls=true/aligned=true,70,70,4080,4080,0,0
restore/1024/keys=1024/bytes=8/nulls=false/aligned=false,1585,1585,44965,44965,0,0
restore/1024/keys=1024/bytes=8/nulls=false/aligned=true,70,70,4080,4080,0,0
restore/1024/keys=1024/bytes=8/nulls=true/aligned=false,1585,1585,43651,43651,0,0
restore/1024/keys=1024/bytes=8/nulls=true/aligned=true,70,70,4080,4080,0,0
restore/1024/keys=8/bytes=264/nulls=false/aligned=false,61,61,4945,4945,0,0
restore/1024/keys=8/bytes=264/nulls=false/aligned=true,70,70,4080,4080,0,0
restore/1024/keys=8/bytes=264/nulls=true/aligned=false,61,61,4645,4645,0,0
restore/1024/keys=8/bytes=264/nulls=true/aligned=true,70,70,4080,4080,0,0
restore/1024/keys=8/bytes=8/nulls=false/aligned=false,61,61,3817,3817,0,0
restore/1024/keys=8/bytes=8/nulls=false/aligned=true,70,70,4080,4080,0,0
restore/1024/keys=8/bytes=8/nulls=true/aligned=false,61,61,3799,3799,0,0
restore/1024/keys=8/bytes=8/nulls=true/aligned=true,70,70,4080,4080,0,0
restore/16/domain=16/bytes=264/nulls=false/limit=1/last=false/aligned=false,67,67,7424,7424,0,0
restore/16/domain=16/bytes=264/nulls=false/limit=1/last=false/aligned=true,72,72,4996,4996,0,0
restore/16/domain=16/bytes=264/nulls=false/limit=1/last=true/aligned=false,67,67,7424,7424,0,0
restore/16/domain=16/bytes=264/nulls=false/limit=1/last=true/aligned=true,72,72,4996,4996,0,0
restore/16/domain=16/bytes=264/nulls=false/limit=4/last=false/aligned=false,67,67,7424,7424,0,0
restore/16/domain=16/bytes=264/nulls=false/limit=4/last=false/aligned=true,72,72,4996,4996,0,0
restore/16/domain=16/bytes=264/nulls=false/outer=false/aligned=false,123,123,12123,12123,0,0
restore/16/domain=16/bytes=264/nulls=false/outer=false/aligned=true,71,71,4110,4110,0,0
restore/16/domain=16/bytes=264/nulls=false/outer=true/aligned=false,123,123,12123,12123,0,0
restore/16/domain=16/bytes=264/nulls=false/outer=true/aligned=true,71,71,4110,4110,0,0
restore/16/domain=16/bytes=264/nulls=true/limit=1/last=false/aligned=false,67,67,7124,7124,0,0
restore/16/domain=16/bytes=264/nulls=true/limit=1/last=false/aligned=true,72,72,4996,4996,0,0
restore/16/domain=16/bytes=264/nulls=true/limit=1/last=true/aligned=false,67,67,7124,7124,0,0
restore/16/domain=16/bytes=264/nulls=true/limit=1/last=true/aligned=true,72,72,4996,4996,0,0
restore/16/domain=16/bytes=264/nulls=true/limit=4/last=false/aligned=false,67,67,7124,7124,0,0
restore/16/domain=16/bytes=264/nulls=true/limit=4/last=false/aligned=true,72,72,4996,4996,0,0
restore/16/domain=16/bytes=264/nulls=true/outer=false/aligned=false,123,123,11223,11223,0,0
restore/16/domain=16/bytes=264/nulls=true/outer=false/aligned=true,71,71,4110,4110,0,0
restore/16/domain=16/bytes=264/nulls=true/outer=true/aligned=false,123,123,11223,11223,0,0
restore/16/domain=16/bytes=264/nulls=true/outer=true/aligned=true,71,71,4110,4110,0,0
restore/16/domain=16/bytes=8/nulls=false/limit=1/last=false/aligned=false,67,67,5168,5168,0,0
restore/16/domain=16/bytes=8/nulls=false/limit=1/last=false/aligned=true,72,72,4996,4996,0,0
restore/16/domain=16/bytes=8/nulls=false/limit=1/last=true/aligned=false,67,67,5168,5168,0,0
restore/16/domain=16/bytes=8/nulls=false/limit=1/last=true/aligned=true,72,72,4996,4996,0,0
restore/16/domain=16/bytes=8/nulls=false/limit=4/last=false/aligned=false,67,67,5168,5168,0,0
restore/16/domain=16/bytes=8/nulls=false/limit=4/last=false/aligned=true,72,72,4996,4996,0,0
restore/16/domain=16/bytes=8/nulls=false/outer=false/aligned=false,123,123,5355,5355,0,0
restore/16/domain=16/bytes=8/nulls=false/outer=false/aligned=true,71,71,4110,4110,0,0
restore/16/domain=16/bytes=8/nulls=false/outer=true/aligned=false,123,123,5355,5355,0,0
restore/16/domain=16/bytes=8/nulls=false/outer=true/aligned=true,71,71,4110,4110,0,0
restore/16/domain=16/bytes=8/nulls=true/limit=1/last=false/aligned=false,67,67,5150,5150,0,0
restore/16/domain=16/bytes=8/nulls=true/limit=1/last=false/aligned=true,72,72,4996,4996,0,0
restore/16/domain=16/bytes=8/nulls=true/limit=1/last=true/aligned=false,67,67,5150,5150,0,0
restore/16/domain=16/bytes=8/nulls=true/limit=1/last=true/aligned=true,72,72,4996,4996,0,0
restore/16/domain=16/bytes=8/nulls=true/limit=4/last=false/aligned=false,67,67,5150,5150,0,0
restore/16/domain=16/bytes=8/nulls=true/limit=4/last=false/aligned=true,72,72,4996,4996,0,0
restore/16/domain=16/bytes=8/nulls=true/outer=false/aligned=false,123,123,5301,5301,0,0
restore/16/domain=16/bytes=8/nulls=true/outer=false/aligned=true,71,71,4110,4110,0,0
restore/16/domain=16/bytes=8/nulls=true/outer=true/aligned=false,123,123,5301,5301,0,0
restore/16/domain=16/bytes=8/nulls=true/outer=true/aligned=true,71,71,4110,4110,0,0
restore/16/domain=8/bytes=264/nulls=false/limit=1/last=false/aligned=false,67,67,7424,7424,0,0
restore/16/domain=8/bytes=264/nulls=false/limit=1/last=false/aligned=true,72,72,4996,4996,0,0
restore/16/domain=8/bytes=264/nulls=false/limit=1/last=true/aligned=false,67,67,7424,7424,0,0
restore/16/domain=8/bytes=264/nulls=false/limit=1/last=true/aligned=true,72,72,4996,4996,0,0
restore/16/domain=8/bytes=264/nulls=false/limit=4/last=false/aligned=false,67,67,7424,7424,0,0
restore/16/domain=8/bytes=264/nulls=false/limit=4/last=false/aligned=true,72,72,4996,4996,0,0
restore/16/domain=8/bytes=264/nulls=false/outer=false/aligned=false,111,111,10707,10707,0,0
restore/16/domain=8/bytes=264/nulls=false/outer=false/aligned=true,71,71,4110,4110,0,0
restore/16/domain=8/bytes=264/nulls=false/outer=true/aligned=false,111,111,10707,10707,0,0
restore/16/domain=8/bytes=264/nulls=false/outer=true/aligned=true,71,71,4110,4110,0,0
restore/16/domain=8/bytes=264/nulls=true/limit=1/last=false/aligned=false,67,67,7424,7424,0,0
restore/16/domain=8/bytes=264/nulls=true/limit=1/last=false/aligned=true,72,72,4996,4996,0,0
restore/16/domain=8/bytes=264/nulls=true/limit=1/last=true/aligned=false,67,67,7424,7424,0,0
restore/16/domain=8/bytes=264/nulls=true/limit=1/last=true/aligned=true,72,72,4996,4996,0,0
restore/16/domain=8/bytes=264/nulls=true/limit=4/last=false/aligned=false,67,67,7424,7424,0,0
restore/16/domain=8/bytes=264/nulls=true/limit=4/last=false/aligned=true,72,72,4996,4996,0,0
restore/16/domain=8/bytes=264/nulls=true/outer=false/aligned=false,111,111,10107,10107,0,0
restore/16/domain=8/bytes=264/nulls=true/outer=false/aligned=true,71,71,4110,4110,0,0
restore/16/domain=8/bytes=264/nulls=true/outer=true/aligned=false,111,111,10107,10107,0,0
restore/16/domain=8/bytes=264/nulls=true/outer=true/aligned=true,71,71,4110,4110,0,0
restore/16/domain=8/bytes=8/nulls=false/limit=1/last=false/aligned=false,67,67,5168,5168,0,0
restore/16/domain=8/bytes=8/nulls=false/limit=1/last=false/aligned=true,72,72,4996,4996,0,0
restore/16/domain=8/bytes=8/nulls=false/limit=1/last=true/aligned=false,67,67,5168,5168,0,0
restore/16/domain=8/bytes=8/nulls=false/limit=1/last=true/aligned=true,72,72,4996,4996,0,0
restore/16/domain=8/bytes=8/nulls=false/limit=4/last=false/aligned=false,67,67,5168,5168,0,0
restore/16/domain=8/bytes=8/nulls=false/limit=4/last=false/aligned=true,72,72,4996,4996,0,0
restore/16/domain=8/bytes=8/nulls=false/outer=false/aligned=false,111,111,5067,5067,0,0
restore/16/domain=8/bytes=8/nulls=false/outer=false/aligned=true,71,71,4110,4110,0,0
restore/16/domain=8/bytes=8/nulls=false/outer=true/aligned=false,111,111,5067,5067,0,0
restore/16/domain=8/bytes=8/nulls=false/outer=true/aligned=true,71,71,4110,4110,0,0
restore/16/domain=8/bytes=8/nulls=true/limit=1/last=false/aligned=false,67,67,5168,5168,0,0
restore/16/domain=8/bytes=8/nulls=true/limit=1/last=false/aligned=true,72,72,4996,4996,0,0
restore/16/domain=8/bytes=8/nulls=true/limit=1/last=true/aligned=false,67,67,5168,5168,0,0
restore/16/domain=8/bytes=8/nulls=true/limit=1/last=true/aligned=true,72,72,4996,4996,0,0
restore/16/domain=8/bytes=8/nulls=true/limit=4/last=false/aligned=false,67,67,5168,5168,0,0
restore/16/domain=8/bytes=8/nulls=true/limit=4/last=false/aligned=true,72,72,4996,4996,0,0
restore/16/domain=8/bytes=8/nulls=true/outer=false/aligned=false,111,111,5031,5031,0,0
restore/16/domain=8/bytes=8/nulls=true/outer=false/aligned=true,71,71,4110,4110,0,0
restore/16/domain=8/bytes=8/nulls=true/outer=true/aligned=false,111,111,5031,5031,0,0
restore/16/domain=8/bytes=8/nulls=true/outer=true/aligned=true,71,71,4110,4110,0,0
restore/16/keys=16/bytes=264/nulls=false/aligned=false,73,73,6397,6397,0,0
restore/16/keys=16/bytes=264/nulls=false/aligned=true,70,70,4080,4080,0,0
restore/16/keys=16/bytes=264/nulls=true/aligned=false,73,73,6097,6097,0,0
restore/16/keys=16/bytes=264/nulls=true/aligned=true,70,70,4080,4080,0,0
restore/16/keys=16/bytes=8/nulls=false/aligned=false,73,73,4141,4141,0,0
restore/16/keys=16/bytes=8/nulls=false/aligned=true,70,70,4080,4080,0,0
restore/16/keys=16/bytes=8/nulls=true/aligned=false,73,73,4123,4123,0,0
restore/16/keys=16/bytes=8/nulls=true/aligned=true,70,70,4080,4080,0,0
restore/16/keys=8/bytes=264/nulls=false/aligned=false,61,61,4945,4945,0,0
restore/16/keys=8/bytes=264/nulls=false/aligned=true,70,70,4080,4080,0,0
restore/16/keys=8/bytes=264/nulls=true/aligned=false,61,61,4645,4645,0,0
restore/16/keys=8/bytes=264/nulls=true/aligned=true,70,70,4080,4080,0,0
restore/16/keys=8/bytes=8/nulls=false/aligned=false,61,61,3817,3817,0,0
restore/16/keys=8/bytes=8/nulls=false/aligned=true,70,70,4080,4080,0,0
restore/16/keys=8/bytes=8/nulls=true/aligned=false,61,61,3799,3799,0,0
restore/16/keys=8/bytes=8/nulls=true/aligned=true,70,70,4080,4080,0,0
restore/16384/domain=16384/bytes=264/nulls=false/limit=1/last=false/aligned=false,16435,16435,3068240,3068240,0,0
restore/16384/domain=16384/bytes=264/nulls=false/limit=1/last=false/aligned=true,78,78,5155,5155,0,0
restore/16384/domain=16384/bytes=264/nulls=false/limit=1/last=true/aligned=false,16435,16435,3068240,3068240,0,0
restore/16384/domain=16384/bytes=264/nulls=false/limit=1/last=true/aligned=true,78,78,5155,5155,0,0
restore/16384/domain=16384/bytes=264/nulls=false/limit=4/last=false/aligned=false,16435,16435,3068240,3068240,0,0
restore/16384/domain=16384/bytes=264/nulls=false/limit=4/last=false/aligned=true,78,78,5155,5155,0,0
restore/16384/domain=16384/bytes=264/nulls=false/outer=false/aligned=false,73779,73779,8703531,8703531,0,0
restore/16384/domain=16384/bytes=264/nulls=false/outer=false/aligned=true,83,83,4404,4404,0,0
restore/16384/domain=16384/bytes=264/nulls=false/outer=true/aligned=false,73779,73779,8703531,8703531,0,0
restore/16384/domain=16384/bytes=264/nulls=false/outer=true/aligned=true,83,83,4404,4404,0,0
restore/16384/domain=16384/bytes=264/nulls=true/limit=1/last=false/aligned=false,16435,16435,2844740,2844740,0,0
restore/16384/domain=16384/bytes=264/nulls=true/limit=1/last=false/aligned=true,78,78,5155,5155,0,0
restore/16384/domain=16384/bytes=264/nulls=true/limit=1/last=true/aligned=false,16435,16435,2844740,2844740,0,0
restore/16384/domain=16384/bytes=264/nulls=true/limit=1/last=true/aligned=true,78,78,5155,5155,0,0
restore/16384/domain=16384/bytes=264/nulls=true/limit=4/last=false/aligned=false,16435,16435,2844740,2844740,0,0
restore/16384/domain=16384/bytes=264/nulls=true/limit=4/last=false/aligned=true,78,78,5155,5155,0,0
restore/16384/domain=16384/bytes=264/nulls=true/outer=false/aligned=false,73779,73779,7650531,7650531,0,0
restore/16384/domain=16384/bytes=264/nulls=true/outer=false/aligned=true,77,77,4257,4257,0,0
restore/16384/domain=16384/bytes=264/nulls=true/outer=true/aligned=false,73779,73779,7650531,7650531,0,0
restore/16384/domain=16384/bytes=264/nulls=true/outer=true/aligned=true,83,83,4404,4404,0,0
restore/16384/domain=16384/bytes=8/nulls=false/limit=1/last=false/aligned=false,16435,16435,827324,827324,0,0
restore/16384/domain=16384/bytes=8/nulls=false/limit=1/last=false/aligned=true,72,72,4996,4996,0,0
restore/16384/domain=16384/bytes=8/nulls=false/limit=1/last=true/aligned=false,16435,16435,827324,827324,0,0
restore/16384/domain=16384/bytes=8/nulls=false/limit=1/last=true/aligned=true,72,72,4996,4996,0,0
restore/16384/domain=16384/bytes=8/nulls=false/limit=4/last=false/aligned=false,16435,16435,827324,827324,0,0
restore/16384/domain=16384/bytes=8/nulls=false/limit=4/last=false/aligned=true,72,72,4996,4996,0,0
restore/16384/domain=16384/bytes=8/nulls=false/outer=false/aligned=false,73779,73779,1976301,1976301,0,0
restore/16384/domain=16384/bytes=8/nulls=false/outer=false/aligned=true,71,71,4110,4110,0,0
restore/16384/domain=16384/bytes=8/nulls=false/outer=true/aligned=false,73779,73779,1976301,1976301,0,0
restore/16384/domain=16384/bytes=8/nulls=false/outer=true/aligned=true,71,71,4110,4110,0,0
restore/16384/domain=16384/bytes=8/nulls=true/limit=1/last=false/aligned=false,16435,16435,807614,807614,0,0
restore/16384/domain=16384/bytes=8/nulls=true/limit=1/last=false/aligned=true,72,72,4996,4996,0,0
restore/16384/domain=16384/bytes=8/nulls=true/limit=1/last=true/aligned=false,16435,16435,807614,807614,0,0
restore/16384/domain=16384/bytes=8/nulls=true/limit=1/last=true/aligned=true,72,72,4996,4996,0,0
restore/16384/domain=16384/bytes=8/nulls=true/limit=4/last=false/aligned=false,16435,16435,807614,807614,0,0
restore/16384/domain=16384/bytes=8/nulls=true/limit=4/last=false/aligned=true,72,72,4996,4996,0,0
restore/16384/domain=16384/bytes=8/nulls=true/outer=false/aligned=false,73779,73779,1884087,1884087,0,0
restore/16384/domain=16384/bytes=8/nulls=true/outer=false/aligned=true,71,71,4110,4110,0,0
restore/16384/domain=16384/bytes=8/nulls=true/outer=true/aligned=false,73779,73779,1884087,1884087,0,0
restore/16384/domain=16384/bytes=8/nulls=true/outer=true/aligned=true,71,71,4110,4110,0,0
restore/16384/domain=8/bytes=264/nulls=false/limit=1/last=false/aligned=false,67,67,7424,7424,0,0
restore/16384/domain=8/bytes=264/nulls=false/limit=1/last=false/aligned=true,72,72,4996,4996,0,0
restore/16384/domain=8/bytes=264/nulls=false/limit=1/last=true/aligned=false,67,67,7424,7424,0,0
restore/16384/domain=8/bytes=264/nulls=false/limit=1/last=true/aligned=true,72,72,4996,4996,0,0
restore/16384/domain=8/bytes=264/nulls=false/limit=4/last=false/aligned=false,67,67,15608,15608,0,0
restore/16384/domain=8/bytes=264/nulls=false/limit=4/last=false/aligned=true,72,72,4996,4996,0,0
restore/16384/domain=8/bytes=264/nulls=false/outer=false/aligned=false,49215,49215,5804979,5804979,0,0
restore/16384/domain=8/bytes=264/nulls=false/outer=false/aligned=true,77,77,4257,4257,0,0
restore/16384/domain=8/bytes=264/nulls=false/outer=true/aligned=false,49215,49215,5804979,5804979,0,0
restore/16384/domain=8/bytes=264/nulls=false/outer=true/aligned=true,83,83,4404,4404,0,0
restore/16384/domain=8/bytes=264/nulls=true/limit=1/last=false/aligned=false,67,67,7124,7124,0,0
restore/16384/domain=8/bytes=264/nulls=true/limit=1/last=false/aligned=true,72,72,4996,4996,0,0
restore/16384/domain=8/bytes=264/nulls=true/limit=1/last=true/aligned=false,67,67,7424,7424,0,0
restore/16384/domain=8/bytes=264/nulls=true/limit=1/last=true/aligned=true,72,72,4996,4996,0,0
restore/16384/domain=8/bytes=264/nulls=true/limit=4/last=false/aligned=false,67,67,14108,14108,0,0
restore/16384/domain=8/bytes=264/nulls=true/limit=4/last=false/aligned=true,72,72,4996,4996,0,0
restore/16384/domain=8/bytes=264/nulls=true/outer=false/aligned=false,49215,49215,5102979,5102979,0,0
restore/16384/domain=8/bytes=264/nulls=true/outer=false/aligned=true,77,77,4257,4257,0,0
restore/16384/domain=8/bytes=264/nulls=true/outer=true/aligned=false,49215,49215,5102979,5102979,0,0
restore/16384/domain=8/bytes=264/nulls=true/outer=true/aligned=true,77,77,4257,4257,0,0
restore/16384/domain=8/bytes=8/nulls=false/limit=1/last=false/aligned=false,67,67,5168,5168,0,0
restore/16384/domain=8/bytes=8/nulls=false/limit=1/last=false/aligned=true,72,72,4996,4996,0,0
restore/16384/domain=8/bytes=8/nulls=false/limit=1/last=true/aligned=false,67,67,5240,5240,0,0
restore/16384/domain=8/bytes=8/nulls=false/limit=1/last=true/aligned=true,72,72,4996,4996,0,0
restore/16384/domain=8/bytes=8/nulls=false/limit=4/last=false/aligned=false,67,67,6584,6584,0,0
restore/16384/domain=8/bytes=8/nulls=false/limit=4/last=false/aligned=true,72,72,4996,4996,0,0
restore/16384/domain=8/bytes=8/nulls=false/outer=false/aligned=false,49215,49215,1322028,1322028,0,0
restore/16384/domain=8/bytes=8/nulls=false/outer=false/aligned=true,71,71,4110,4110,0,0
restore/16384/domain=8/bytes=8/nulls=false/outer=true/aligned=false,49215,49215,1322028,1322028,0,0
restore/16384/domain=8/bytes=8/nulls=false/outer=true/aligned=true,71,71,4110,4110,0,0
restore/16384/domain=8/bytes=8/nulls=true/limit=1/last=false/aligned=false,67,67,5150,5150,0,0
restore/16384/domain=8/bytes=8/nulls=true/limit=1/last=false/aligned=true,72,72,4996,4996,0,0
restore/16384/domain=8/bytes=8/nulls=true/limit=1/last=true/aligned=false,67,67,5240,5240,0,0
restore/16384/domain=8/bytes=8/nulls=true/limit=1/last=true/aligned=true,72,72,4996,4996,0,0
restore/16384/domain=8/bytes=8/nulls=true/limit=4/last=false/aligned=false,67,67,6494,6494,0,0
restore/16384/domain=8/bytes=8/nulls=true/limit=4/last=false/aligned=true,72,72,4996,4996,0,0
restore/16384/domain=8/bytes=8/nulls=true/outer=false/aligned=false,49215,49215,1260126,1260126,0,0
restore/16384/domain=8/bytes=8/nulls=true/outer=false/aligned=true,71,71,4110,4110,0,0
restore/16384/domain=8/bytes=8/nulls=true/outer=true/aligned=false,49215,49215,1260126,1260126,0,0
restore/16384/domain=8/bytes=8/nulls=true/outer=true/aligned=true,71,71,4110,4110,0,0
restore/16384/keys=16384/bytes=264/nulls=false/aligned=false,24625,24625,2977189,2977189,0,0
restore/16384/keys=16384/bytes=264/nulls=false/aligned=true,76,76,4245,4245,0,0
restore/16384/keys=16384/bytes=264/nulls=true/aligned=false,24625,24625,2626189,2626189,0,0
restore/16384/keys=16384/bytes=264/nulls=true/aligned=true,76,76,4245,4245,0,0
restore/16384/keys=16384/bytes=8/nulls=false/aligned=false,24625,24625,667045,667045,0,0
restore/16384/keys=16384/bytes=8/nulls=false/aligned=true,70,70,4080,4080,0,0
restore/16384/keys=16384/bytes=8/nulls=true/aligned=false,24625,24625,645985,645985,0,0
restore/16384/keys=16384/bytes=8/nulls=true/aligned=true,70,70,4080,4080,0,0
restore/16384/keys=8/bytes=264/nulls=false/aligned=false,61,61,4945,4945,0,0
restore/16384/keys=8/bytes=264/nulls=false/aligned=true,70,70,4080,4080,0,0
restore/16384/keys=8/bytes=264/nulls=true/aligned=false,61,61,4645,4645,0,0
restore/16384/keys=8/bytes=264/nulls=true/aligned=true,70,70,4080,4080,0,0
restore/16384/keys=8/bytes=8/nulls=false/aligned=false,61,61,3817,3817,0,0
restore/16384/keys=8/bytes=8/nulls=false/aligned=true,70,70,4080,4080,0,0
restore/16384/keys=8/bytes=8/nulls=true/aligned=false,61,61,3799,3799,0,0
restore/16384/keys=8/bytes=8/nulls=true/aligned=true,70,70,4080,4080,0,0
temporal_join/build/1024/domain=1024/bytes=264/nulls=false,4110,4110,761764,761764,0,0
temporal_join/build/1024/domain=1024/bytes=264/nulls=true,4110,4110,674164,674164,0,0
temporal_join/build/1024/domain=1024/bytes=8/nulls=false,4110,4110,184660,184660,0,0
temporal_join/build/1024/domain=1024/bytes=8/nulls=true,4110,4110,179332,179332,0,0
temporal_join/build/1024/domain=8/bytes=264/nulls=false,46,46,6876,6876,0,0
temporal_join/build/1024/domain=8/bytes=264/nulls=true,46,46,6276,6276,0,0
temporal_join/build/1024/domain=8/bytes=8/nulls=false,46,46,2364,2364,0,0
temporal_join/build/1024/domain=8/bytes=8/nulls=true,46,46,2328,2328,0,0
temporal_join/build/16/domain=16/bytes=264/nulls=false,78,78,12820,12820,0,0
temporal_join/build/16/domain=16/bytes=264/nulls=true,78,78,11620,11620,0,0
temporal_join/build/16/domain=16/bytes=8/nulls=false,78,78,3796,3796,0,0
temporal_join/build/16/domain=16/bytes=8/nulls=true,78,78,3724,3724,0,0
temporal_join/build/16/domain=8/bytes=264/nulls=false,46,46,6876,6876,0,0
temporal_join/build/16/domain=8/bytes=264/nulls=true,46,46,6276,6276,0,0
temporal_join/build/16/domain=8/bytes=8/nulls=false,46,46,2364,2364,0,0
temporal_join/build/16/domain=8/bytes=8/nulls=true,46,46,2328,2328,0,0
temporal_join/build/16384/domain=16384/bytes=264/nulls=false,65550,65550,12174244,12174244,0,0
temporal_join/build/16384/domain=16384/bytes=264/nulls=true,65550,65550,10770244,10770244,0,0
temporal_join/build/16384/domain=16384/bytes=8/nulls=false,65550,65550,3210580,3210580,0,0
temporal_join/build/16384/domain=16384/bytes=8/nulls=true,65550,65550,3086776,3086776,0,0
temporal_join/build/16384/domain=8/bytes=264/nulls=false,46,46,6876,6876,0,0
temporal_join/build/16384/domain=8/bytes=264/nulls=true,46,46,6276,6276,0,0
temporal_join/build/16384/domain=8/bytes=8/nulls=false,46,46,2364,2364,0,0
temporal_join/build/16384/domain=8/bytes=8/nulls=true,46,46,2328,2328,0,0
temporal_join/checkpoint/1024/domain=1024/bytes=264/nulls=false,19,19,480,480,0,0
temporal_join/checkpoint/1024/domain=1024/bytes=264/nulls=true,19,19,480,480,0,0
temporal_join/checkpoint/1024/domain=1024/bytes=8/nulls=false,19,19,480,480,0,0
temporal_join/checkpoint/1024/domain=1024/bytes=8/nulls=true,19,19,480,480,0,0
temporal_join/checkpoint/1024/domain=8/bytes=264/nulls=false,19,19,480,480,0,0
temporal_join/checkpoint/1024/domain=8/bytes=264/nulls=true,19,19,480,480,0,0
temporal_join/checkpoint/1024/domain=8/bytes=8/nulls=false,19,19,480,480,0,0
temporal_join/checkpoint/1024/domain=8/bytes=8/nulls=true,19,19,480,480,0,0
temporal_join/checkpoint/16/domain=16/bytes=264/nulls=false,19,19,480,480,0,0
temporal_join/checkpoint/16/domain=16/bytes=264/nulls=true,19,19,480,480,0,0
temporal_join/checkpoint/16/domain=16/bytes=8/nulls=false,19,19,480,480,0,0
temporal_join/checkpoint/16/domain=16/bytes=8/nulls=true,19,19,480,480,0,0
temporal_join/checkpoint/16/domain=8/bytes=264/nulls=false,19,19,480,480,0,0
temporal_join/checkpoint/16/domain=8/bytes=264/nulls=true,19,19,480,480,0,0
temporal_join/checkpoint/16/domain=8/bytes=8/nulls=false,19,19,480,480,0,0
temporal_join/checkpoint/16/domain=8/bytes=8/nulls=true,19,19,480,480,0,0
temporal_join/checkpoint/16384/domain=16384/bytes=264/nulls=false,25,25,542,542,0,0
temporal_join/checkpoint/16384/domain=16384/bytes=264/nulls=true,25,25,542,542,0,0
temporal_join/checkpoint/16384/domain=16384/bytes=8/nulls=false,19,19,480,480,0,0
temporal_join/checkpoint/16384/domain=16384/bytes=8/nulls=true,19,19,480,480,0,0
temporal_join/checkpoint/16384/domain=8/bytes=264/nulls=false,22,22,511,511,0,0
temporal_join/checkpoint/16384/domain=8/bytes=264/nulls=true,22,22,511,511,0,0
temporal_join/checkpoint/16384/domain=8/bytes=8/nulls=false,19,19,480,480,0,0
temporal_join/checkpoint/16384/domain=8/bytes=8/nulls=true,19,19,480,480,0,0
temporal_join/fire/1024/domain=1024/bytes=264/nulls=false,24543,24543,6830124,6830124,0,460039
temporal_join/fire/1024/domain=1024/bytes=264/nulls=true,24106,24106,5602518,5602518,0,400616
temporal_join/fire/1024/domain=1024/bytes=8/nulls=false,24533,24533,2395452,2395452,0,66823
temporal_join/fire/1024/domain=1024/bytes=8/nulls=true,24098,24098,2369286,2369286,0,63464
temporal_join/fire/1024/domain=8/bytes=264/nulls=false,14210,14210,5485794,5485794,0,459058
temporal_join/fire/1024/domain=8/bytes=264/nulls=true,13791,13791,4396388,4396388,0,402205
temporal_join/fire/1024/domain=8/bytes=8/nulls=false,14200,14200,1910010,1910010,0,65842
temporal_join/fire/1024/domain=8/bytes=8/nulls=true,13783,13783,1892570,1892570,0,62749
temporal_join/fire/16/domain=16/bytes=264/nulls=false,523,523,112232,112232,0,7159
temporal_join/fire/16/domain=16/bytes=264/nulls=true,517,517,94074,94074,0,6350
temporal_join/fire/16/domain=16/bytes=8/nulls=false,518,518,46248,46248,0,1015
temporal_join/fire/16/domain=16/bytes=8/nulls=true,514,514,46066,46066,0,974
temporal_join/fire/16/domain=8/bytes=264/nulls=false,441,441,100842,100842,0,7156
temporal_join/fire/16/domain=8/bytes=264/nulls=true,435,435,83584,83584,0,6347
temporal_join/fire/16/domain=8/bytes=8/nulls=false,436,436,41626,41626,0,1012
temporal_join/fire/16/domain=8/bytes=8/nulls=true,432,432,41498,41498,0,971
temporal_join/fire/16384/domain=16384/bytes=264/nulls=false,389405,389405,109312716,109312716,0,7395055
temporal_join/fire/16384/domain=16384/bytes=264/nulls=true,382390,382390,89643808,89643808,0,6437741
temporal_join/fire/16384/domain=16384/bytes=8/nulls=false,389397,389397,39954396,39954396,0,1103599
temporal_join/fire/16384/domain=16384/bytes=8/nulls=true,382382,382382,38618236,38618236,0,1044845
temporal_join/fire/16384/domain=8/bytes=264/nulls=false,221692,221692,87639106,87639106,0,7367842
temporal_join/fire/16384/domain=8/bytes=264/nulls=true,214969,214969,70205240,70205240,0,6453835
temporal_join/fire/16384/domain=8/bytes=8/nulls=false,221683,221683,31457370,31457370,0,1076386
temporal_join/fire/16384/domain=8/bytes=8/nulls=true,214961,214961,30586820,30586820,0,1023563
temporal_join/probe/1024/domain=1024/bytes=264/nulls=false,4110,4110,769956,769956,0,0
temporal_join/probe/1024/domain=1024/bytes=264/nulls=true,4110,4110,682356,682356,0,0
temporal_join/probe/1024/domain=1024/bytes=8/nulls=false,4110,4110,192852,192852,0,0
temporal_join/probe/1024/domain=1024/bytes=8/nulls=true,4110,4110,187524,187524,0,0
temporal_join/probe/1024/domain=8/bytes=264/nulls=false,4110,4110,769956,769956,0,0
temporal_join/probe/1024/domain=8/bytes=264/nulls=true,4110,4110,682356,682356,0,0
temporal_join/probe/1024/domain=8/bytes=8/nulls=false,4110,4110,192852,192852,0,0
temporal_join/probe/1024/domain=8/bytes=8/nulls=true,4110,4110,187524,187524,0,0
temporal_join/probe/16/domain=16/bytes=264/nulls=false,78,78,12948,12948,0,0
temporal_join/probe/16/domain=16/bytes=264/nulls=true,78,78,11748,11748,0,0
temporal_join/probe/16/domain=16/bytes=8/nulls=false,78,78,3924,3924,0,0
temporal_join/probe/16/domain=16/bytes=8/nulls=true,78,78,3852,3852,0,0
temporal_join/probe/16/domain=8/bytes=264/nulls=false,78,78,12948,12948,0,0
temporal_join/probe/16/domain=8/bytes=264/nulls=true,78,78,11748,11748,0,0
temporal_join/probe/16/domain=8/bytes=8/nulls=false,78,78,3924,3924,0,0
temporal_join/probe/16/domain=8/bytes=8/nulls=true,78,78,3852,3852,0,0
temporal_join/probe/16384/domain=16384/bytes=264/nulls=false,65550,65550,12305316,12305316,0,0
temporal_join/probe/16384/domain=16384/bytes=264/nulls=true,65550,65550,10901316,10901316,0,0
temporal_join/probe/16384/domain=16384/bytes=8/nulls=false,65550,65550,3341652,3341652,0,0
temporal_join/probe/16384/domain=16384/bytes=8/nulls=true,65550,65550,3217848,3217848,0,0
temporal_join/probe/16384/domain=8/bytes=264/nulls=false,65550,65550,12305316,12305316,0,0
temporal_join/probe/16384/domain=8/bytes=264/nulls=true,65550,65550,10901316,10901316,0,0
temporal_join/probe/16384/domain=8/bytes=8/nulls=false,65550,65550,3341652,3341652,0,0
temporal_join/probe/16384/domain=8/bytes=8/nulls=true,65550,65550,3217848,3217848,0,0
temporal_join/restore_aligned/1024/domain=1024/bytes=264/nulls=false,4173,4173,713372,713372,0,0
temporal_join/restore_aligned/1024/domain=1024/bytes=264/nulls=true,4173,4173,625772,625772,0,0
temporal_join/restore_aligned/1024/domain=1024/bytes=8/nulls=false,4173,4173,136268,136268,0,0
temporal_join/restore_aligned/1024/domain=1024/bytes=8/nulls=true,4173,4173,130940,130940,0,0
temporal_join/restore_aligned/1024/domain=8/bytes=264/nulls=false,2141,2141,365900,365900,0,0
temporal_join/restore_aligned/1024/domain=8/bytes=264/nulls=true,2141,2141,321800,321800,0,0
temporal_join/restore_aligned/1024/domain=8/bytes=8/nulls=false,2141,2141,75092,75092,0,0
temporal_join/restore_aligned/1024/domain=8/bytes=8/nulls=true,2141,2141,72410,72410,0,0
temporal_join/restore_aligned/16/domain=16/bytes=264/nulls=false,141,141,15836,15836,0,0
temporal_join/restore_aligned/16/domain=16/bytes=264/nulls=true,141,141,14636,14636,0,0
temporal_join/restore_aligned/16/domain=16/bytes=8/nulls=false,141,141,6812,6812,0,0
temporal_join/restore_aligned/16/domain=16/bytes=8/nulls=true,141,141,6740,6740,0,0
temporal_join/restore_aligned/16/domain=8/bytes=264/nulls=false,125,125,13100,13100,0,0
temporal_join/restore_aligned/16/domain=8/bytes=264/nulls=true,125,125,12200,12200,0,0
temporal_join/restore_aligned/16/domain=8/bytes=8/nulls=false,125,125,6332,6332,0,0
temporal_join/restore_aligned/16/domain=8/bytes=8/nulls=true,125,125,6278,6278,0,0
temporal_join/restore_aligned/16384/domain=16384/bytes=264/nulls=false,65625,65625,11342798,11342798,0,0
temporal_join/restore_aligned/16384/domain=16384/bytes=264/nulls=true,65625,65625,9938798,9938798,0,0
temporal_join/restore_aligned/16384/domain=16384/bytes=8/nulls=false,65613,65613,2378828,2378828,0,0
temporal_join/restore_aligned/16384/domain=16384/bytes=8/nulls=true,65613,65613,2255024,2255024,0,0
temporal_join/restore_aligned/16384/domain=8/bytes=264/nulls=false,32867,32867,5742053,5742053,0,0
temporal_join/restore_aligned/16384/domain=8/bytes=264/nulls=true,32867,32867,5039753,5039753,0,0
temporal_join/restore_aligned/16384/domain=8/bytes=8/nulls=false,32861,32861,1257812,1257812,0,0
temporal_join/restore_aligned/16384/domain=8/bytes=8/nulls=true,32861,32861,1195892,1195892,0,0
temporal_join/restore_clipped/1024/domain=1024/bytes=264/nulls=false,8245,8245,1421367,1421367,0,0
temporal_join/restore_clipped/1024/domain=1024/bytes=264/nulls=true,8245,8245,1246167,1246167,0,0
temporal_join/restore_clipped/1024/domain=1024/bytes=8/nulls=false,8245,8245,267159,267159,0,0
temporal_join/restore_clipped/1024/domain=1024/bytes=8/nulls=true,8245,8245,256503,256503,0,0
temporal_join/restore_clipped/1024/domain=8/bytes=264/nulls=false,4181,4181,726423,726423,0,0
temporal_join/restore_clipped/1024/domain=8/bytes=264/nulls=true,4181,4181,638223,638223,0,0
temporal_join/restore_clipped/1024/domain=8/bytes=8/nulls=false,4181,4181,144807,144807,0,0
temporal_join/restore_clipped/1024/domain=8/bytes=8/nulls=true,4181,4181,139443,139443,0,0
temporal_join/restore_clipped/16/domain=16/bytes=264/nulls=false,181,181,26295,26295,0,0
temporal_join/restore_clipped/16/domain=16/bytes=264/nulls=true,181,181,23895,23895,0,0
temporal_join/restore_clipped/16/domain=16/bytes=8/nulls=false,181,181,8247,8247,0,0
temporal_join/restore_clipped/16/domain=16/bytes=8/nulls=true,181,181,8103,8103,0,0
temporal_join/restore_clipped/16/domain=8/bytes=264/nulls=false,149,149,20823,20823,0,0
temporal_join/restore_clipped/16/domain=8/bytes=264/nulls=true,149,149,19023,19023,0,0
temporal_join/restore_clipped/16/domain=8/bytes=8/nulls=false,149,149,7287,7287,0,0
temporal_join/restore_clipped/16/domain=8/bytes=8/nulls=true,149,149,7179,7179,0,0
temporal_join/restore_clipped/16384/domain=16384/bytes=264/nulls=false,131125,131125,22679607,22679607,0,0
temporal_join/restore_clipped/16384/domain=16384/bytes=264/nulls=true,131125,131125,19871607,19871607,0,0
temporal_join/restore_clipped/16384/domain=16384/bytes=8/nulls=false,131125,131125,4752279,4752279,0,0
temporal_join/restore_clipped/16384/domain=16384/bytes=8/nulls=true,131125,131125,4504671,4504671,0,0
temporal_join/restore_clipped/16384/domain=8/bytes=264/nulls=false,65621,65621,11478423,11478423,0,0
temporal_join/restore_clipped/16384/domain=8/bytes=264/nulls=true,65621,65621,10073823,10073823,0,0
temporal_join/restore_clipped/16384/domain=8/bytes=8/nulls=false,65621,65621,2510247,2510247,0,0
temporal_join/restore_clipped/16384/domain=8/bytes=8/nulls=true,65621,65621,2386407,2386407,0,0
temporal_sort/1024/bytes=264/nulls=false,4127,4127,1701240,1701240,0,286641
temporal_sort/1024/bytes=264/nulls=true,4127,4127,1486936,1486936,0,247652
temporal_sort/1024/bytes=8/nulls=false,4127,4127,284024,284024,0,24497
temporal_sort/1024/bytes=8/nulls=true,4127,4127,271784,271784,0,22884
temporal_sort/16/bytes=264/nulls=false,88,88,27400,27400,0,4459
temporal_sort/16/bytes=264/nulls=true,88,88,24488,24488,0,3928
temporal_sort/16/bytes=8/nulls=false,88,88,5256,5256,0,363
temporal_sort/16/bytes=8/nulls=true,88,88,5112,5112,0,344
temporal_sort/16384/bytes=264/nulls=false,65571,65571,27224440,27224440,0,4609186
temporal_sort/16384/bytes=264/nulls=true,65571,65571,23786232,23786232,0,3981019
temporal_sort/16384/bytes=8/nulls=false,65571,65571,4548984,4548984,0,414882
temporal_sort/16384/bytes=8/nulls=true,65571,65571,4349336,4349336,0,385755
temporal_sort_checkpoint/1024/bytes=264/nulls=false,17,17,431,431,0,0
temporal_sort_checkpoint/1024/bytes=264/nulls=true,17,17,431,431,0,0
temporal_sort_checkpoint/1024/bytes=8/nulls=false,17,17,431,431,0,0
temporal_sort_checkpoint/1024/bytes=8/nulls=true,17,17,431,431,0,0
temporal_sort_checkpoint/16/bytes=264/nulls=false,17,17,431,431,0,0
temporal_sort_checkpoint/16/bytes=264/nulls=true,17,17,431,431,0,0
temporal_sort_checkpoint/16/bytes=8/nulls=false,17,17,431,431,0,0
temporal_sort_checkpoint/16/bytes=8/nulls=true,17,17,431,431,0,0
temporal_sort_checkpoint/16384/bytes=264/nulls=false,20,20,462,462,0,0
temporal_sort_checkpoint/16384/bytes=264/nulls=true,20,20,462,462,0,0
temporal_sort_checkpoint/16384/bytes=8/nulls=false,17,17,431,431,0,0
temporal_sort_checkpoint/16384/bytes=8/nulls=true,17,17,431,431,0,0
temporal_sort_restore/1024/bytes=264/nulls=false/aligned=false,2088,2088,340761,340761,0,0
temporal_sort_restore/1024/bytes=264/nulls=false/aligned=true,62,62,3528,3528,0,0
temporal_sort_restore/1024/bytes=264/nulls=true/aligned=false,2088,2088,296961,296961,0,0
temporal_sort_restore/1024/bytes=264/nulls=true/aligned=true,62,62,3528,3528,0,0
temporal_sort_restore/1024/bytes=8/nulls=false/aligned=false,2088,2088,51993,51993,0,0
temporal_sort_restore/1024/bytes=8/nulls=false/aligned=true,62,62,3528,3528,0,0
temporal_sort_restore/1024/bytes=8/nulls=true/aligned=false,2088,2088,49365,49365,0,0
temporal_sort_restore/1024/bytes=8/nulls=true/aligned=true,62,62,3528,3528,0,0
temporal_sort_restore/16/bytes=264/nulls=false/aligned=false,72,72,8121,8121,0,0
temporal_sort_restore/16/bytes=264/nulls=false/aligned=true,62,62,3528,3528,0,0
temporal_sort_restore/16/bytes=264/nulls=true/aligned=false,72,72,7521,7521,0,0
temporal_sort_restore/16/bytes=264/nulls=true/aligned=true,62,62,3528,3528,0,0
temporal_sort_restore/16/bytes=8/nulls=false/aligned=false,72,72,3609,3609,0,0
temporal_sort_restore/16/bytes=8/nulls=false/aligned=true,62,62,3528,3528,0,0
temporal_sort_restore/16/bytes=8/nulls=true/aligned=false,72,72,3573,3573,0,0
temporal_sort_restore/16/bytes=8/nulls=true/aligned=true,62,62,3528,3528,0,0
temporal_sort_restore/16384/bytes=264/nulls=false/aligned=false,32808,32808,5409561,5409561,0,0
temporal_sort_restore/16384/bytes=264/nulls=false/aligned=true,68,68,3711,3711,0,0
temporal_sort_restore/16384/bytes=264/nulls=true/aligned=false,32808,32808,4707561,4707561,0,0
temporal_sort_restore/16384/bytes=264/nulls=true/aligned=true,68,68,3711,3711,0,0
temporal_sort_restore/16384/bytes=8/nulls=false/aligned=false,32808,32808,789273,789273,0,0
temporal_sort_restore/16384/bytes=8/nulls=false/aligned=true,62,62,3528,3528,0,0
temporal_sort_restore/16384/bytes=8/nulls=true/aligned=false,32808,32808,747153,747153,0,0
temporal_sort_restore/16384/bytes=8/nulls=true/aligned=true,62,62,3528,3528,0,0
update/1024/domain=1024/bytes=264/nulls=false/limit=1/last=false,15563,15563,5076730,5076730,0,0
update/1024/domain=1024/bytes=264/nulls=false/limit=1/last=true,15563,15563,5076730,5076730,0,0
update/1024/domain=1024/bytes=264/nulls=false/limit=4/last=false,17618,17618,7897764,7897764,0,0
update/1024/domain=1024/bytes=264/nulls=true/limit=1/last=false,15286,15286,4394322,4394322,0,0
update/1024/domain=1024/bytes=264/nulls=true/limit=1/last=true,15286,15286,4394322,4394322,0,0
update/1024/domain=1024/bytes=264/nulls=true/limit=4/last=false,17249,17249,6581420,6581420,0,0
update/1024/domain=1024/bytes=8/nulls=false/limit=1/last=false,15558,15558,2435242,2435242,0,0
update/1024/domain=1024/bytes=8/nulls=false/limit=1/last=true,15558,15558,2435242,2435242,0,0
update/1024/domain=1024/bytes=8/nulls=false/limit=4/last=false,17613,17613,3112668,3112668,0,0
update/1024/domain=1024/bytes=8/nulls=true/limit=1/last=false,15282,15282,2426340,2426340,0,0
update/1024/domain=1024/bytes=8/nulls=true/limit=1/last=true,15282,15282,2426340,2426340,0,0
update/1024/domain=1024/bytes=8/nulls=true/limit=4/last=false,17245,17245,3097625,3097625,0,0
update/1024/domain=8/bytes=264/nulls=false/limit=1/last=false,4403,4403,826506,826506,0,0
update/1024/domain=8/bytes=264/nulls=false/limit=1/last=true,4403,4403,826616,826616,0,0
update/1024/domain=8/bytes=264/nulls=false/limit=4/last=false,4595,4595,1007314,1007314,0,0
update/1024/domain=8/bytes=264/nulls=true/limit=1/last=false,4308,4308,791482,791482,0,0
update/1024/domain=8/bytes=264/nulls=true/limit=1/last=true,4306,4306,790118,790118,0,0
update/1024/domain=8/bytes=264/nulls=true/limit=4/last=false,4494,4494,943974,943974,0,0
update/1024/domain=8/bytes=8/nulls=false/limit=1/last=false,4400,4400,528714,528714,0,0
update/1024/domain=8/bytes=8/nulls=false/limit=1/last=true,4400,4400,528914,528914,0,0
update/1024/domain=8/bytes=8/nulls=false/limit=4/last=false,4590,4590,582898,582898,0,0
update/1024/domain=8/bytes=8/nulls=true/limit=1/last=false,4306,4306,527278,527278,0,0
update/1024/domain=8/bytes=8/nulls=true/limit=1/last=true,4304,4304,527318,527318,0,0
update/1024/domain=8/bytes=8/nulls=true/limit=4/last=false,4489,4489,581452,581452,0,0
update/16/domain=16/bytes=264/nulls=false/limit=1/last=false,371,371,83654,83654,0,0
update/16/domain=16/bytes=264/nulls=false/limit=1/last=true,371,371,83654,83654,0,0
update/16/domain=16/bytes=264/nulls=false/limit=4/last=false,410,410,127708,127708,0,0
update/16/domain=16/bytes=264/nulls=true/limit=1/last=false,368,368,72367,72367,0,0
update/16/domain=16/bytes=264/nulls=true/limit=1/last=true,368,368,72367,72367,0,0
update/16/domain=16/bytes=264/nulls=true/limit=4/last=false,405,405,105888,105888,0,0
update/16/domain=16/bytes=8/nulls=false/limit=1/last=false,368,368,43910,43910,0,0
update/16/domain=16/bytes=8/nulls=false/limit=1/last=true,368,368,43910,43910,0,0
update/16/domain=16/bytes=8/nulls=false/limit=4/last=false,406,406,53948,53948,0,0
update/16/domain=16/bytes=8/nulls=true/limit=1/last=false,366,366,43991,43991,0,0
update/16/domain=16/bytes=8/nulls=true/limit=1/last=true,366,366,43991,43991,0,0
update/16/domain=16/bytes=8/nulls=true/limit=4/last=false,402,402,53892,53892,0,0
update/16/domain=8/bytes=264/nulls=false/limit=1/last=false,371,371,83654,83654,0,0
update/16/domain=8/bytes=264/nulls=false/limit=1/last=true,371,371,83654,83654,0,0
update/16/domain=8/bytes=264/nulls=false/limit=4/last=false,410,410,127708,127708,0,0
update/16/domain=8/bytes=264/nulls=true/limit=1/last=false,368,368,72367,72367,0,0
update/16/domain=8/bytes=264/nulls=true/limit=1/last=true,368,368,72367,72367,0,0
update/16/domain=8/bytes=264/nulls=true/limit=4/last=false,405,405,105888,105888,0,0
update/16/domain=8/bytes=8/nulls=false/limit=1/last=false,368,368,43910,43910,0,0
update/16/domain=8/bytes=8/nulls=false/limit=1/last=true,368,368,43910,43910,0,0
update/16/domain=8/bytes=8/nulls=false/limit=4/last=false,406,406,53948,53948,0,0
update/16/domain=8/bytes=8/nulls=true/limit=1/last=false,366,366,43991,43991,0,0
update/16/domain=8/bytes=8/nulls=true/limit=1/last=true,366,366,43991,43991,0,0
update/16/domain=8/bytes=8/nulls=true/limit=4/last=false,402,402,53892,53892,0,0
update/16384/domain=16384/bytes=264/nulls=false/limit=1/last=false,246011,246011,81251466,81251466,0,0
update/16384/domain=16384/bytes=264/nulls=false/limit=1/last=true,246011,246011,81251466,81251466,0,0
update/16384/domain=16384/bytes=264/nulls=false/limit=4/last=false,278786,278786,126411044,126411044,0,0
update/16384/domain=16384/bytes=264/nulls=true/limit=1/last=false,241554,241554,70348058,70348058,0,0
update/16384/domain=16384/bytes=264/nulls=true/limit=1/last=true,241554,241554,70348058,70348058,0,0
update/16384/domain=16384/bytes=264/nulls=true/limit=4/last=false,272841,272841,105378972,105378972,0,0
update/16384/domain=16384/bytes=8/nulls=false/limit=1/last=false,246007,246007,39781946,39781946,0,0
update/16384/domain=16384/bytes=8/nulls=false/limit=1/last=true,246007,246007,39781946,39781946,0,0
update/16384/domain=16384/bytes=8/nulls=false/limit=4/last=false,278782,278782,51573084,51573084,0,0
update/16384/domain=16384/bytes=8/nulls=true/limit=1/last=false,241550,241550,39083796,39083796,0,0
update/16384/domain=16384/bytes=8/nulls=true/limit=1/last=true,241550,241550,39083796,39083796,0,0
update/16384/domain=16384/bytes=8/nulls=true/limit=4/last=false,272837,272837,50214797,50214797,0,0
update/16384/domain=8/bytes=264/nulls=false/limit=1/last=false,65843,65843,12168570,12168570,0,0
update/16384/domain=8/bytes=264/nulls=false/limit=1/last=true,65843,65843,12168734,12168734,0,0
update/16384/domain=8/bytes=264/nulls=false/limit=4/last=false,66035,66035,12349378,12349378,0,0
update/16384/domain=8/bytes=264/nulls=true/limit=1/last=false,64352,64352,11751858,11751858,0,0
update/16384/domain=8/bytes=264/nulls=true/limit=1/last=true,64353,64353,11760202,11760202,0,0
update/16384/domain=8/bytes=264/nulls=true/limit=4/last=false,64538,64538,11904350,11904350,0,0
update/16384/domain=8/bytes=8/nulls=false/limit=1/last=false,65840,65840,7938618,7938618,0,0
update/16384/domain=8/bytes=8/nulls=false/limit=1/last=true,65840,65840,7939070,7939070,0,0
update/16384/domain=8/bytes=8/nulls=false/limit=4/last=false,66030,66030,7992802,7992802,0,0
update/16384/domain=8/bytes=8/nulls=true/limit=1/last=false,64350,64350,7912870,7912870,0,0
update/16384/domain=8/bytes=8/nulls=true/limit=1/last=true,64350,64350,7913292,7913292,0,0
update/16384/domain=8/bytes=8/nulls=true/limit=4/last=false,64533,64533,7967044,7967044,0,0
watermark_expire/1024/domain=1024/bytes=264/nulls=false/outer=false,5651,5651,1311008,1311008,0,0
watermark_expire/1024/domain=1024/bytes=264/nulls=false/outer=true,5719,5719,1495584,1495584,0,159904
watermark_expire/1024/domain=1024/bytes=264/nulls=true/outer=false,5651,5651,1157708,1157708,0,0
watermark_expire/1024/domain=1024/bytes=264/nulls=true/outer=true,5719,5719,1322444,1322444,0,140117
watermark_expire/1024/domain=1024/bytes=8/nulls=false/outer=false,5651,5651,300770,300770,0,0
watermark_expire/1024/domain=1024/bytes=8/nulls=false/outer=true,5719,5719,354274,354274,0,28832
watermark_expire/1024/domain=1024/bytes=8/nulls=true/outer=false,5651,5651,291500,291500,0,0
watermark_expire/1024/domain=1024/bytes=8/nulls=true/outer=true,5719,5719,343852,343852,0,27733
watermark_expire/1024/domain=8/bytes=264/nulls=false/outer=false,3104,3104,761860,761860,0,0
watermark_expire/1024/domain=8/bytes=264/nulls=false/outer=true,3172,3172,946436,946436,0,159904
watermark_expire/1024/domain=8/bytes=264/nulls=true/outer=false,3104,3104,674260,674260,0,0
watermark_expire/1024/domain=8/bytes=264/nulls=true/outer=true,3172,3172,838996,838996,0,140117
watermark_expire/1024/domain=8/bytes=8/nulls=false/outer=false,3104,3104,181390,181390,0,0
watermark_expire/1024/domain=8/bytes=8/nulls=false/outer=true,3172,3172,234894,234894,0,28832
watermark_expire/1024/domain=8/bytes=8/nulls=true/outer=false,3104,3104,176062,176062,0,0
watermark_expire/1024/domain=8/bytes=8/nulls=true/outer=true,3172,3172,228414,228414,0,27733
watermark_expire/16/domain=16/bytes=264/nulls=false/outer=false,95,95,20264,20264,0,0
watermark_expire/16/domain=16/bytes=264/nulls=false/outer=true,157,157,27043,27043,0,2495
watermark_expire/16/domain=16/bytes=264/nulls=true/outer=false,95,95,18164,18164,0,0
watermark_expire/16/domain=16/bytes=264/nulls=true/outer=true,157,157,24687,24687,0,2225
watermark_expire/16/domain=16/bytes=8/nulls=false/outer=false,95,95,4472,4472,0,0
watermark_expire/16/domain=16/bytes=8/nulls=false/outer=true,157,157,9203,9203,0,447
watermark_expire/16/domain=16/bytes=8/nulls=true/outer=false,95,95,4346,4346,0,0
watermark_expire/16/domain=16/bytes=8/nulls=true/outer=true,157,157,9077,9077,0,433
watermark_expire/16/domain=8/bytes=264/nulls=false/outer=false,74,74,15940,15940,0,0
watermark_expire/16/domain=8/bytes=264/nulls=false/outer=true,136,136,22719,22719,0,2495
watermark_expire/16/domain=8/bytes=264/nulls=true/outer=false,74,74,14740,14740,0,0
watermark_expire/16/domain=8/bytes=264/nulls=true/outer=true,136,136,21263,21263,0,2225
watermark_expire/16/domain=8/bytes=8/nulls=false/outer=false,74,74,3532,3532,0,0
watermark_expire/16/domain=8/bytes=8/nulls=false/outer=true,136,136,8263,8263,0,447
watermark_expire/16/domain=8/bytes=8/nulls=true/outer=false,74,74,3460,3460,0,0
watermark_expire/16/domain=8/bytes=8/nulls=true/outer=true,136,136,8191,8191,0,433
watermark_expire/16384/domain=16384/bytes=264/nulls=false/outer=false,90139,90139,20979488,20979488,0,0
watermark_expire/16384/domain=16384/bytes=264/nulls=false/outer=true,90211,90211,23884064,23884064,0,2569817
watermark_expire/16384/domain=16384/bytes=264/nulls=true/outer=false,90139,90139,18522488,18522488,0,0
watermark_expire/16384/domain=16384/bytes=264/nulls=true/outer=true,90211,90211,21107256,21107256,0,2251053
watermark_expire/16384/domain=16384/bytes=8/nulls=false/outer=false,90139,90139,5279621,5279621,0,0
watermark_expire/16384/domain=16384/bytes=8/nulls=false/outer=true,90211,90211,6087045,6087045,0,472665
watermark_expire/16384/domain=16384/bytes=8/nulls=true/outer=false,90139,90139,5064881,5064881,0,0
watermark_expire/16384/domain=16384/bytes=8/nulls=true/outer=true,90211,90211,5852017,5852017,0,453421
watermark_expire/16384/domain=8/bytes=264/nulls=false/outer=false,49188,49188,12128260,12128260,0,0
watermark_expire/16384/domain=8/bytes=264/nulls=false/outer=true,49260,49260,15032836,15032836,0,2569817
watermark_expire/16384/domain=8/bytes=264/nulls=true/outer=false,49188,49188,10724260,10724260,0,0
watermark_expire/16384/domain=8/bytes=264/nulls=true/outer=true,49260,49260,13309028,13309028,0,2251053
watermark_expire/16384/domain=8/bytes=8/nulls=false/outer=false,49188,49188,3161230,3161230,0,0
watermark_expire/16384/domain=8/bytes=8/nulls=false/outer=true,49260,49260,3968654,3968654,0,472665
watermark_expire/16384/domain=8/bytes=8/nulls=true/outer=false,49188,49188,3037426,3037426,0,0
watermark_expire/16384/domain=8/bytes=8/nulls=true/outer=true,49260,49260,3824562,3824562,0,453421
