case,implementation,sample,iterations,elapsed_ns,sampling_mode
engine/memory/window_rank/append/16384/domain=16384/bytes=264/nulls=false/limit=1/last=false,original,0,8.0,32310689.0,Flat
engine/memory/window_rank/append/16384/domain=16384/bytes=264/nulls=false/limit=1/last=false,original,1,8.0,30612181.0,Flat
engine/memory/window_rank/append/16384/domain=16384/bytes=264/nulls=false/limit=1/last=false,original,2,8.0,30704010.0,Flat
engine/memory/window_rank/append/16384/domain=16384/bytes=264/nulls=false/limit=1/last=false,original,3,8.0,31365449.0,Flat
engine/memory/window_rank/append/16384/domain=16384/bytes=264/nulls=false/limit=1/last=false,original,4,8.0,31595534.0,Flat
engine/memory/window_rank/append/16384/domain=16384/bytes=264/nulls=false/limit=1/last=false,original,5,8.0,29682440.0,Flat
engine/memory/window_rank/append/16384/domain=16384/bytes=264/nulls=false/limit=1/last=false,original,6,8.0,31659991.0,Flat
engine/memory/window_rank/append/16384/domain=16384/bytes=264/nulls=false/limit=1/last=false,original,7,8.0,30285891.0,Flat
engine/memory/window_rank/append/16384/domain=16384/bytes=264/nulls=false/limit=1/last=false,original,8,8.0,30211570.0,Flat
engine/memory/window_rank/append/16384/domain=16384/bytes=264/nulls=false/limit=1/last=false,original,9,8.0,30422657.0,Flat
engine/memory/window_rank/append/16384/domain=16384/bytes=264/nulls=false/limit=1/last=false,original,10,8.0,30450664.0,Flat
engine/memory/window_rank/append/16384/domain=16384/bytes=264/nulls=false/limit=1/last=false,original,11,8.0,32403510.0,Flat
engine/memory/window_rank/append/16384/domain=16384/bytes=264/nulls=false/limit=1/last=false,original,12,8.0,31421013.0,Flat
engine/memory/window_rank/append/16384/domain=16384/bytes=264/nulls=false/limit=1/last=false,original,13,8.0,31268921.0,Flat
engine/memory/window_rank/append/16384/domain=16384/bytes=264/nulls=false/limit=1/last=false,original,14,8.0,30500638.0,Flat
engine/memory/window_rank/append/16384/domain=16384/bytes=264/nulls=false/limit=1/last=false,original,15,8.0,29692826.0,Flat
engine/memory/window_rank/append/16384/domain=16384/bytes=264/nulls=false/limit=1/last=false,original,16,8.0,29916599.0,Flat
engine/memory/window_rank/append/16384/domain=16384/bytes=264/nulls=false/limit=1/last=false,original,17,8.0,30419285.0,Flat
engine/memory/window_rank/append/16384/domain=16384/bytes=264/nulls=false/limit=1/last=false,original,18,8.0,29315058.0,Flat
engine/memory/window_rank/append/16384/domain=16384/bytes=264/nulls=false/limit=1/last=false,original,19,8.0,31796056.0,Flat
engine/memory/window_rank/append/16384/domain=16384/bytes=264/nulls=false/limit=1/last=false,original,20,8.0,30664799.0,Flat
engine/memory/window_rank/append/16384/domain=16384/bytes=264/nulls=false/limit=1/last=false,original,21,8.0,31296771.0,Flat
engine/memory/window_rank/append/16384/domain=16384/bytes=264/nulls=false/limit=1/last=false,original,22,8.0,30821194.0,Flat
engine/memory/window_rank/append/16384/domain=16384/bytes=264/nulls=false/limit=1/last=false,original,23,8.0,31327935.0,Flat
engine/memory/window_rank/append/16384/domain=16384/bytes=264/nulls=false/limit=1/last=false,original,24,8.0,29131810.0,Flat
engine/memory/window_rank/append/16384/domain=16384/bytes=264/nulls=false/limit=1/last=false,original,25,8.0,31811224.0,Flat
engine/memory/window_rank/append/16384/domain=16384/bytes=264/nulls=false/limit=1/last=false,original,26,8.0,29462484.0,Flat
engine/memory/window_rank/append/16384/domain=16384/bytes=264/nulls=false/limit=1/last=false,original,27,8.0,31382700.0,Flat
engine/memory/window_rank/append/16384/domain=16384/bytes=264/nulls=false/limit=1/last=false,original,28,8.0,31058599.0,Flat
engine/memory/window_rank/append/16384/domain=16384/bytes=264/nulls=false/limit=1/last=false,original,29,8.0,30242758.0,Flat
engine/memory/window_rank/append/16384/domain=16384/bytes=264/nulls=false/limit=1/last=false,original,30,8.0,31929349.0,Flat
engine/memory/window_rank/append/16384/domain=16384/bytes=264/nulls=false/limit=1/last=false,original,31,8.0,29204958.0,Flat
engine/memory/window_rank/append/16384/domain=16384/bytes=264/nulls=false/limit=1/last=false,original,32,8.0,31865306.0,Flat
engine/memory/window_rank/append/16384/domain=16384/bytes=264/nulls=false/limit=1/last=false,original,33,8.0,30238948.0,Flat
engine/memory/window_rank/append/16384/domain=16384/bytes=264/nulls=false/limit=1/last=false,original,34,8.0,30220880.0,Flat
engine/memory/window_rank/append/16384/domain=16384/bytes=264/nulls=false/limit=1/last=false,original,35,8.0,30364857.0,Flat
engine/memory/window_rank/append/16384/domain=16384/bytes=264/nulls=false/limit=1/last=false,original,36,8.0,30225169.0,Flat
engine/memory/window_rank/append/16384/domain=16384/bytes=264/nulls=false/limit=1/last=false,original,37,8.0,31965256.0,Flat
engine/memory/window_rank/append/16384/domain=16384/bytes=264/nulls=false/limit=1/last=false,original,38,8.0,32407562.0,Flat
engine/memory/window_rank/append/16384/domain=16384/bytes=264/nulls=false/limit=1/last=false,original,39,8.0,29920326.0,Flat
engine/memory/window_rank/append/16384/domain=16384/bytes=264/nulls=false/limit=1/last=false,original,40,8.0,30661750.0,Flat
engine/memory/window_rank/append/16384/domain=16384/bytes=264/nulls=false/limit=1/last=false,original,41,8.0,32785486.0,Flat
engine/memory/window_rank/append/16384/domain=16384/bytes=264/nulls=false/limit=1/last=false,original,42,8.0,30441015.0,Flat
engine/memory/window_rank/append/16384/domain=16384/bytes=264/nulls=false/limit=1/last=false,original,43,8.0,31757152.0,Flat
engine/memory/window_rank/append/16384/domain=16384/bytes=264/nulls=false/limit=1/last=false,original,44,8.0,30582901.0,Flat
engine/memory/window_rank/append/16384/domain=16384/bytes=264/nulls=false/limit=1/last=false,original,45,8.0,31428514.0,Flat
engine/memory/window_rank/append/16384/domain=16384/bytes=264/nulls=false/limit=1/last=false,original,46,8.0,29887913.0,Flat
engine/memory/window_rank/append/16384/domain=16384/bytes=264/nulls=false/limit=1/last=false,original,47,8.0,31081744.0,Flat
engine/memory/window_rank/append/16384/domain=16384/bytes=264/nulls=false/limit=1/last=false,original,48,8.0,29376641.0,Flat
engine/memory/window_rank/append/16384/domain=16384/bytes=264/nulls=false/limit=1/last=false,original,49,8.0,31109961.0,Flat
engine/memory/window_rank/append/16384/domain=16384/bytes=264/nulls=false/limit=1/last=false,original,50,8.0,30583364.0,Flat
engine/memory/window_rank/append/16384/domain=16384/bytes=264/nulls=false/limit=1/last=false,original,51,8.0,30597715.0,Flat
engine/memory/window_rank/append/16384/domain=16384/bytes=264/nulls=false/limit=1/last=false,original,52,8.0,30070157.0,Flat
engine/memory/window_rank/append/16384/domain=16384/bytes=264/nulls=false/limit=1/last=false,original,53,8.0,30515263.0,Flat
engine/memory/window_rank/append/16384/domain=16384/bytes=264/nulls=false/limit=1/last=false,original,54,8.0,30148679.0,Flat
engine/memory/window_rank/append/16384/domain=16384/bytes=264/nulls=false/limit=1/last=false,original,55,8.0,31531752.0,Flat
engine/memory/window_rank/append/16384/domain=16384/bytes=264/nulls=false/limit=1/last=false,original,56,8.0,29188295.0,Flat
engine/memory/window_rank/append/16384/domain=16384/bytes=264/nulls=false/limit=1/last=false,original,57,8.0,30684580.0,Flat
engine/memory/window_rank/append/16384/domain=16384/bytes=264/nulls=false/limit=1/last=false,original,58,8.0,29553318.0,Flat
engine/memory/window_rank/append/16384/domain=16384/bytes=264/nulls=false/limit=1/last=false,original,59,8.0,32657244.0,Flat
engine/memory/window_rank/append/16384/domain=16384/bytes=264/nulls=false/limit=1/last=false,original,60,8.0,29863105.0,Flat
engine/memory/window_rank/append/16384/domain=16384/bytes=264/nulls=false/limit=1/last=false,original,61,8.0,30842284.0,Flat
engine/memory/window_rank/append/16384/domain=16384/bytes=264/nulls=false/limit=1/last=false,original,62,8.0,30068120.0,Flat
engine/memory/window_rank/append/16384/domain=16384/bytes=264/nulls=false/limit=1/last=false,original,63,8.0,31957852.0,Flat
engine/memory/window_rank/append/16384/domain=16384/bytes=264/nulls=false/limit=1/last=false,original,64,8.0,29062722.0,Flat
engine/memory/window_rank/append/16384/domain=16384/bytes=264/nulls=false/limit=1/last=false,original,65,8.0,30463393.0,Flat
engine/memory/window_rank/append/16384/domain=16384/bytes=264/nulls=false/limit=1/last=false,original,66,8.0,30077222.0,Flat
engine/memory/window_rank/append/16384/domain=16384/bytes=264/nulls=false/limit=1/last=false,original,67,8.0,32640675.0,Flat
engine/memory/window_rank/append/16384/domain=16384/bytes=264/nulls=false/limit=1/last=false,original,68,8.0,33664583.0,Flat
engine/memory/window_rank/append/16384/domain=16384/bytes=264/nulls=false/limit=1/last=false,original,69,8.0,31277316.0,Flat
engine/memory/window_rank/append/16384/domain=16384/bytes=264/nulls=false/limit=1/last=false,original,70,8.0,29540501.0,Flat
engine/memory/window_rank/append/16384/domain=16384/bytes=264/nulls=false/limit=1/last=false,original,71,8.0,30447358.0,Flat
engine/memory/window_rank/append/16384/domain=16384/bytes=264/nulls=false/limit=1/last=false,original,72,8.0,34864614.0,Flat
engine/memory/window_rank/append/16384/domain=16384/bytes=264/nulls=false/limit=1/last=false,original,73,8.0,33830344.0,Flat
engine/memory/window_rank/append/16384/domain=16384/bytes=264/nulls=false/limit=1/last=false,original,74,8.0,33143904.0,Flat
engine/memory/window_rank/append/16384/domain=16384/bytes=264/nulls=false/limit=1/last=false,original,75,8.0,32667496.0,Flat
engine/memory/window_rank/append/16384/domain=16384/bytes=264/nulls=false/limit=1/last=false,original,76,8.0,33765310.0,Flat
engine/memory/window_rank/append/16384/domain=16384/bytes=264/nulls=false/limit=1/last=false,original,77,8.0,30825475.0,Flat
engine/memory/window_rank/append/16384/domain=16384/bytes=264/nulls=false/limit=1/last=false,original,78,8.0,31575918.0,Flat
engine/memory/window_rank/append/16384/domain=16384/bytes=264/nulls=false/limit=1/last=false,original,79,8.0,33101815.0,Flat
engine/memory/window_rank/append/16384/domain=16384/bytes=264/nulls=false/limit=1/last=false,original,80,8.0,32790003.0,Flat
engine/memory/window_rank/append/16384/domain=16384/bytes=264/nulls=false/limit=1/last=false,original,81,8.0,34621923.0,Flat
engine/memory/window_rank/append/16384/domain=16384/bytes=264/nulls=false/limit=1/last=false,original,82,8.0,34640912.0,Flat
engine/memory/window_rank/append/16384/domain=16384/bytes=264/nulls=false/limit=1/last=false,original,83,8.0,31169056.0,Flat
engine/memory/window_rank/append/16384/domain=16384/bytes=264/nulls=false/limit=1/last=false,original,84,8.0,30293140.0,Flat
engine/memory/window_rank/append/16384/domain=16384/bytes=264/nulls=false/limit=1/last=false,original,85,8.0,31558135.0,Flat
engine/memory/window_rank/append/16384/domain=16384/bytes=264/nulls=false/limit=1/last=false,original,86,8.0,33509347.0,Flat
engine/memory/window_rank/append/16384/domain=16384/bytes=264/nulls=false/limit=1/last=false,original,87,8.0,32758185.0,Flat
engine/memory/window_rank/append/16384/domain=16384/bytes=264/nulls=false/limit=1/last=false,original,88,8.0,33620497.0,Flat
engine/memory/window_rank/append/16384/domain=16384/bytes=264/nulls=false/limit=1/last=false,original,89,8.0,31129738.0,Flat
engine/memory/window_rank/append/16384/domain=16384/bytes=264/nulls=false/limit=1/last=false,original,90,8.0,32228927.0,Flat
engine/memory/window_rank/append/16384/domain=16384/bytes=264/nulls=false/limit=1/last=false,original,91,8.0,31065144.0,Flat
engine/memory/window_rank/append/16384/domain=16384/bytes=264/nulls=false/limit=1/last=false,original,92,8.0,29447611.0,Flat
engine/memory/window_rank/append/16384/domain=16384/bytes=264/nulls=false/limit=1/last=false,original,93,8.0,33576792.0,Flat
engine/memory/window_rank/append/16384/domain=16384/bytes=264/nulls=false/limit=1/last=false,original,94,8.0,32796738.0,Flat
engine/memory/window_rank/append/16384/domain=16384/bytes=264/nulls=false/limit=1/last=false,original,95,8.0,32002814.0,Flat
engine/memory/window_rank/append/16384/domain=16384/bytes=264/nulls=false/limit=1/last=false,original,96,8.0,29616526.0,Flat
engine/memory/window_rank/append/16384/domain=16384/bytes=264/nulls=false/limit=1/last=false,original,97,8.0,32426003.0,Flat
engine/memory/window_rank/append/16384/domain=16384/bytes=264/nulls=false/limit=1/last=false,original,98,8.0,30584678.0,Flat
engine/memory/window_rank/append/16384/domain=16384/bytes=264/nulls=false/limit=1/last=false,original,99,8.0,30487108.0,Flat
engine/memory/window_rank/append/16384/domain=16384/bytes=264/nulls=false/limit=1/last=false,candidate,0,7.0,31003775.0,Flat
engine/memory/window_rank/append/16384/domain=16384/bytes=264/nulls=false/limit=1/last=false,candidate,1,7.0,31074900.0,Flat
engine/memory/window_rank/append/16384/domain=16384/bytes=264/nulls=false/limit=1/last=false,candidate,2,7.0,31961462.0,Flat
engine/memory/window_rank/append/16384/domain=16384/bytes=264/nulls=false/limit=1/last=false,candidate,3,7.0,29882264.0,Flat
engine/memory/window_rank/append/16384/domain=16384/bytes=264/nulls=false/limit=1/last=false,candidate,4,7.0,29989131.0,Flat
engine/memory/window_rank/append/16384/domain=16384/bytes=264/nulls=false/limit=1/last=false,candidate,5,7.0,28357943.0,Flat
engine/memory/window_rank/append/16384/domain=16384/bytes=264/nulls=false/limit=1/last=false,candidate,6,7.0,30776083.0,Flat
engine/memory/window_rank/append/16384/domain=16384/bytes=264/nulls=false/limit=1/last=false,candidate,7,7.0,30010836.0,Flat
engine/memory/window_rank/append/16384/domain=16384/bytes=264/nulls=false/limit=1/last=false,candidate,8,7.0,29677011.0,Flat
engine/memory/window_rank/append/16384/domain=16384/bytes=264/nulls=false/limit=1/last=false,candidate,9,7.0,29999964.0,Flat
engine/memory/window_rank/append/16384/domain=16384/bytes=264/nulls=false/limit=1/last=false,candidate,10,7.0,29857755.0,Flat
engine/memory/window_rank/append/16384/domain=16384/bytes=264/nulls=false/limit=1/last=false,candidate,11,7.0,30088074.0,Flat
engine/memory/window_rank/append/16384/domain=16384/bytes=264/nulls=false/limit=1/last=false,candidate,12,7.0,30964312.0,Flat
engine/memory/window_rank/append/16384/domain=16384/bytes=264/nulls=false/limit=1/last=false,candidate,13,7.0,28630869.0,Flat
engine/memory/window_rank/append/16384/domain=16384/bytes=264/nulls=false/limit=1/last=false,candidate,14,7.0,32360453.0,Flat
engine/memory/window_rank/append/16384/domain=16384/bytes=264/nulls=false/limit=1/last=false,candidate,15,7.0,30236316.0,Flat
engine/memory/window_rank/append/16384/domain=16384/bytes=264/nulls=false/limit=1/last=false,candidate,16,7.0,29954189.0,Flat
engine/memory/window_rank/append/16384/domain=16384/bytes=264/nulls=false/limit=1/last=false,candidate,17,7.0,29853039.0,Flat
engine/memory/window_rank/append/16384/domain=16384/bytes=264/nulls=false/limit=1/last=false,candidate,18,7.0,31697397.0,Flat
engine/memory/window_rank/append/16384/domain=16384/bytes=264/nulls=false/limit=1/last=false,candidate,19,7.0,33808313.0,Flat
engine/memory/window_rank/append/16384/domain=16384/bytes=264/nulls=false/limit=1/last=false,candidate,20,7.0,30249192.0,Flat
engine/memory/window_rank/append/16384/domain=16384/bytes=264/nulls=false/limit=1/last=false,candidate,21,7.0,34660836.0,Flat
engine/memory/window_rank/append/16384/domain=16384/bytes=264/nulls=false/limit=1/last=false,candidate,22,7.0,30070797.0,Flat
engine/memory/window_rank/append/16384/domain=16384/bytes=264/nulls=false/limit=1/last=false,candidate,23,7.0,31117457.0,Flat
engine/memory/window_rank/append/16384/domain=16384/bytes=264/nulls=false/limit=1/last=false,candidate,24,7.0,29877453.0,Flat
engine/memory/window_rank/append/16384/domain=16384/bytes=264/nulls=false/limit=1/last=false,candidate,25,7.0,34933449.0,Flat
engine/memory/window_rank/append/16384/domain=16384/bytes=264/nulls=false/limit=1/last=false,candidate,26,7.0,29042114.0,Flat
engine/memory/window_rank/append/16384/domain=16384/bytes=264/nulls=false/limit=1/last=false,candidate,27,7.0,33534177.0,Flat
engine/memory/window_rank/append/16384/domain=16384/bytes=264/nulls=false/limit=1/last=false,candidate,28,7.0,33892632.0,Flat
engine/memory/window_rank/append/16384/domain=16384/bytes=264/nulls=false/limit=1/last=false,candidate,29,7.0,31266867.0,Flat
engine/memory/window_rank/append/16384/domain=16384/bytes=264/nulls=false/limit=1/last=false,candidate,30,7.0,30375188.0,Flat
engine/memory/window_rank/append/16384/domain=16384/bytes=264/nulls=false/limit=1/last=false,candidate,31,7.0,31292838.0,Flat
engine/memory/window_rank/append/16384/domain=16384/bytes=264/nulls=false/limit=1/last=false,candidate,32,7.0,28807775.0,Flat
engine/memory/window_rank/append/16384/domain=16384/bytes=264/nulls=false/limit=1/last=false,candidate,33,7.0,31390310.0,Flat
engine/memory/window_rank/append/16384/domain=16384/bytes=264/nulls=false/limit=1/last=false,candidate,34,7.0,30824352.0,Flat
engine/memory/window_rank/append/16384/domain=16384/bytes=264/nulls=false/limit=1/last=false,candidate,35,7.0,31332397.0,Flat
engine/memory/window_rank/append/16384/domain=16384/bytes=264/nulls=false/limit=1/last=false,candidate,36,7.0,28669082.0,Flat
engine/memory/window_rank/append/16384/domain=16384/bytes=264/nulls=false/limit=1/last=false,candidate,37,7.0,30857176.0,Flat
engine/memory/window_rank/append/16384/domain=16384/bytes=264/nulls=false/limit=1/last=false,candidate,38,7.0,30157081.0,Flat
engine/memory/window_rank/append/16384/domain=16384/bytes=264/nulls=false/limit=1/last=false,candidate,39,7.0,31420496.0,Flat
engine/memory/window_rank/append/16384/domain=16384/bytes=264/nulls=false/limit=1/last=false,candidate,40,7.0,32348709.0,Flat
engine/memory/window_rank/append/16384/domain=16384/bytes=264/nulls=false/limit=1/last=false,candidate,41,7.0,31750794.0,Flat
engine/memory/window_rank/append/16384/domain=16384/bytes=264/nulls=false/limit=1/last=false,candidate,42,7.0,28804072.0,Flat
engine/memory/window_rank/append/16384/domain=16384/bytes=264/nulls=false/limit=1/last=false,candidate,43,7.0,30560166.0,Flat
engine/memory/window_rank/append/16384/domain=16384/bytes=264/nulls=false/limit=1/last=false,candidate,44,7.0,31614136.0,Flat
engine/memory/window_rank/append/16384/domain=16384/bytes=264/nulls=false/limit=1/last=false,candidate,45,7.0,31802235.0,Flat
engine/memory/window_rank/append/16384/domain=16384/bytes=264/nulls=false/limit=1/last=false,candidate,46,7.0,35658117.0,Flat
engine/memory/window_rank/append/16384/domain=16384/bytes=264/nulls=false/limit=1/last=false,candidate,47,7.0,32330816.0,Flat
engine/memory/window_rank/append/16384/domain=16384/bytes=264/nulls=false/limit=1/last=false,candidate,48,7.0,28456485.0,Flat
engine/memory/window_rank/append/16384/domain=16384/bytes=264/nulls=false/limit=1/last=false,candidate,49,7.0,29615871.0,Flat
engine/memory/window_rank/append/16384/domain=16384/bytes=264/nulls=false/limit=1/last=false,candidate,50,7.0,31419217.0,Flat
engine/memory/window_rank/append/16384/domain=16384/bytes=264/nulls=false/limit=1/last=false,candidate,51,7.0,31037779.0,Flat
engine/memory/window_rank/append/16384/domain=16384/bytes=264/nulls=false/limit=1/last=false,candidate,52,7.0,30061280.0,Flat
engine/memory/window_rank/append/16384/domain=16384/bytes=264/nulls=false/limit=1/last=false,candidate,53,7.0,30217437.0,Flat
engine/memory/window_rank/append/16384/domain=16384/bytes=264/nulls=false/limit=1/last=false,candidate,54,7.0,29250430.0,Flat
engine/memory/window_rank/append/16384/domain=16384/bytes=264/nulls=false/limit=1/last=false,candidate,55,7.0,30673625.0,Flat
engine/memory/window_rank/append/16384/domain=16384/bytes=264/nulls=false/limit=1/last=false,candidate,56,7.0,31022122.0,Flat
engine/memory/window_rank/append/16384/domain=16384/bytes=264/nulls=false/limit=1/last=false,candidate,57,7.0,31531939.0,Flat
engine/memory/window_rank/append/16384/domain=16384/bytes=264/nulls=false/limit=1/last=false,candidate,58,7.0,30639819.0,Flat
engine/memory/window_rank/append/16384/domain=16384/bytes=264/nulls=false/limit=1/last=false,candidate,59,7.0,31667158.0,Flat
engine/memory/window_rank/append/16384/domain=16384/bytes=264/nulls=false/limit=1/last=false,candidate,60,7.0,29974231.0,Flat
engine/memory/window_rank/append/16384/domain=16384/bytes=264/nulls=false/limit=1/last=false,candidate,61,7.0,30961002.0,Flat
engine/memory/window_rank/append/16384/domain=16384/bytes=264/nulls=false/limit=1/last=false,candidate,62,7.0,30285550.0,Flat
engine/memory/window_rank/append/16384/domain=16384/bytes=264/nulls=false/limit=1/last=false,candidate,63,7.0,30570538.0,Flat
engine/memory/window_rank/append/16384/domain=16384/bytes=264/nulls=false/limit=1/last=false,candidate,64,7.0,29079254.0,Flat
engine/memory/window_rank/append/16384/domain=16384/bytes=264/nulls=false/limit=1/last=false,candidate,65,7.0,34895526.0,Flat
engine/memory/window_rank/append/16384/domain=16384/bytes=264/nulls=false/limit=1/last=false,candidate,66,7.0,32068185.0,Flat
engine/memory/window_rank/append/16384/domain=16384/bytes=264/nulls=false/limit=1/last=false,candidate,67,7.0,31552447.0,Flat
engine/memory/window_rank/append/16384/domain=16384/bytes=264/nulls=false/limit=1/last=false,candidate,68,7.0,31202096.0,Flat
engine/memory/window_rank/append/16384/domain=16384/bytes=264/nulls=false/limit=1/last=false,candidate,69,7.0,30296800.0,Flat
engine/memory/window_rank/append/16384/domain=16384/bytes=264/nulls=false/limit=1/last=false,candidate,70,7.0,30217691.0,Flat
engine/memory/window_rank/append/16384/domain=16384/bytes=264/nulls=false/limit=1/last=false,candidate,71,7.0,31091422.0,Flat
engine/memory/window_rank/append/16384/domain=16384/bytes=264/nulls=false/limit=1/last=false,candidate,72,7.0,30926090.0,Flat
engine/memory/window_rank/append/16384/domain=16384/bytes=264/nulls=false/limit=1/last=false,candidate,73,7.0,33954802.0,Flat
engine/memory/window_rank/append/16384/domain=16384/bytes=264/nulls=false/limit=1/last=false,candidate,74,7.0,30460826.0,Flat
engine/memory/window_rank/append/16384/domain=16384/bytes=264/nulls=false/limit=1/last=false,candidate,75,7.0,30771056.0,Flat
engine/memory/window_rank/append/16384/domain=16384/bytes=264/nulls=false/limit=1/last=false,candidate,76,7.0,32550563.0,Flat
engine/memory/window_rank/append/16384/domain=16384/bytes=264/nulls=false/limit=1/last=false,candidate,77,7.0,31150843.0,Flat
engine/memory/window_rank/append/16384/domain=16384/bytes=264/nulls=false/limit=1/last=false,candidate,78,7.0,32851997.0,Flat
engine/memory/window_rank/append/16384/domain=16384/bytes=264/nulls=false/limit=1/last=false,candidate,79,7.0,29578855.0,Flat
engine/memory/window_rank/append/16384/domain=16384/bytes=264/nulls=false/limit=1/last=false,candidate,80,7.0,30097713.0,Flat
engine/memory/window_rank/append/16384/domain=16384/bytes=264/nulls=false/limit=1/last=false,candidate,81,7.0,33390923.0,Flat
engine/memory/window_rank/append/16384/domain=16384/bytes=264/nulls=false/limit=1/last=false,candidate,82,7.0,30880938.0,Flat
engine/memory/window_rank/append/16384/domain=16384/bytes=264/nulls=false/limit=1/last=false,candidate,83,7.0,28658035.0,Flat
engine/memory/window_rank/append/16384/domain=16384/bytes=264/nulls=false/limit=1/last=false,candidate,84,7.0,29263108.0,Flat
engine/memory/window_rank/append/16384/domain=16384/bytes=264/nulls=false/limit=1/last=false,candidate,85,7.0,32349817.0,Flat
engine/memory/window_rank/append/16384/domain=16384/bytes=264/nulls=false/limit=1/last=false,candidate,86,7.0,32389236.0,Flat
engine/memory/window_rank/append/16384/domain=16384/bytes=264/nulls=false/limit=1/last=false,candidate,87,7.0,31728278.0,Flat
engine/memory/window_rank/append/16384/domain=16384/bytes=264/nulls=false/limit=1/last=false,candidate,88,7.0,32343591.0,Flat
engine/memory/window_rank/append/16384/domain=16384/bytes=264/nulls=false/limit=1/last=false,candidate,89,7.0,29227637.0,Flat
engine/memory/window_rank/append/16384/domain=16384/bytes=264/nulls=false/limit=1/last=false,candidate,90,7.0,30918830.0,Flat
engine/memory/window_rank/append/16384/domain=16384/bytes=264/nulls=false/limit=1/last=false,candidate,91,7.0,31016984.0,Flat
engine/memory/window_rank/append/16384/domain=16384/bytes=264/nulls=false/limit=1/last=false,candidate,92,7.0,32309272.0,Flat
engine/memory/window_rank/append/16384/domain=16384/bytes=264/nulls=false/limit=1/last=false,candidate,93,7.0,32052908.0,Flat
engine/memory/window_rank/append/16384/domain=16384/bytes=264/nulls=false/limit=1/last=false,candidate,94,7.0,31992831.0,Flat
engine/memory/window_rank/append/16384/domain=16384/bytes=264/nulls=false/limit=1/last=false,candidate,95,7.0,29693458.0,Flat
engine/memory/window_rank/append/16384/domain=16384/bytes=264/nulls=false/limit=1/last=false,candidate,96,7.0,30055017.0,Flat
engine/memory/window_rank/append/16384/domain=16384/bytes=264/nulls=false/limit=1/last=false,candidate,97,7.0,30192732.0,Flat
engine/memory/window_rank/append/16384/domain=16384/bytes=264/nulls=false/limit=1/last=false,candidate,98,7.0,29522995.0,Flat
engine/memory/window_rank/append/16384/domain=16384/bytes=264/nulls=false/limit=1/last=false,candidate,99,7.0,30174153.0,Flat
engine/memory/window_rank/append/16384/domain=16384/bytes=264/nulls=false/limit=1/last=true,original,0,8.0,29704636.0,Flat
engine/memory/window_rank/append/16384/domain=16384/bytes=264/nulls=false/limit=1/last=true,original,1,8.0,29959263.0,Flat
engine/memory/window_rank/append/16384/domain=16384/bytes=264/nulls=false/limit=1/last=true,original,2,8.0,30669696.0,Flat
engine/memory/window_rank/append/16384/domain=16384/bytes=264/nulls=false/limit=1/last=true,original,3,8.0,30796632.0,Flat
engine/memory/window_rank/append/16384/domain=16384/bytes=264/nulls=false/limit=1/last=true,original,4,8.0,31460002.0,Flat
engine/memory/window_rank/append/16384/domain=16384/bytes=264/nulls=false/limit=1/last=true,original,5,8.0,30615506.0,Flat
engine/memory/window_rank/append/16384/domain=16384/bytes=264/nulls=false/limit=1/last=true,original,6,8.0,30945127.0,Flat
engine/memory/window_rank/append/16384/domain=16384/bytes=264/nulls=false/limit=1/last=true,original,7,8.0,33294482.0,Flat
engine/memory/window_rank/append/16384/domain=16384/bytes=264/nulls=false/limit=1/last=true,original,8,8.0,32930664.0,Flat
engine/memory/window_rank/append/16384/domain=16384/bytes=264/nulls=false/limit=1/last=true,original,9,8.0,34256246.0,Flat
engine/memory/window_rank/append/16384/domain=16384/bytes=264/nulls=false/limit=1/last=true,original,10,8.0,30592393.0,Flat
engine/memory/window_rank/append/16384/domain=16384/bytes=264/nulls=false/limit=1/last=true,original,11,8.0,30115896.0,Flat
engine/memory/window_rank/append/16384/domain=16384/bytes=264/nulls=false/limit=1/last=true,original,12,8.0,30808110.0,Flat
engine/memory/window_rank/append/16384/domain=16384/bytes=264/nulls=false/limit=1/last=true,original,13,8.0,32305054.0,Flat
engine/memory/window_rank/append/16384/domain=16384/bytes=264/nulls=false/limit=1/last=true,original,14,8.0,33036902.0,Flat
engine/memory/window_rank/append/16384/domain=16384/bytes=264/nulls=false/limit=1/last=true,original,15,8.0,32906398.0,Flat
engine/memory/window_rank/append/16384/domain=16384/bytes=264/nulls=false/limit=1/last=true,original,16,8.0,33088990.0,Flat
engine/memory/window_rank/append/16384/domain=16384/bytes=264/nulls=false/limit=1/last=true,original,17,8.0,32467946.0,Flat
engine/memory/window_rank/append/16384/domain=16384/bytes=264/nulls=false/limit=1/last=true,original,18,8.0,29781301.0,Flat
engine/memory/window_rank/append/16384/domain=16384/bytes=264/nulls=false/limit=1/last=true,original,19,8.0,31816640.0,Flat
engine/memory/window_rank/append/16384/domain=16384/bytes=264/nulls=false/limit=1/last=true,original,20,8.0,29520440.0,Flat
engine/memory/window_rank/append/16384/domain=16384/bytes=264/nulls=false/limit=1/last=true,original,21,8.0,33054544.0,Flat
engine/memory/window_rank/append/16384/domain=16384/bytes=264/nulls=false/limit=1/last=true,original,22,8.0,32123059.0,Flat
engine/memory/window_rank/append/16384/domain=16384/bytes=264/nulls=false/limit=1/last=true,original,23,8.0,32852287.0,Flat
engine/memory/window_rank/append/16384/domain=16384/bytes=264/nulls=false/limit=1/last=true,original,24,8.0,32009153.0,Flat
engine/memory/window_rank/append/16384/domain=16384/bytes=264/nulls=false/limit=1/last=true,original,25,8.0,33270209.0,Flat
engine/memory/window_rank/append/16384/domain=16384/bytes=264/nulls=false/limit=1/last=true,original,26,8.0,31030044.0,Flat
engine/memory/window_rank/append/16384/domain=16384/bytes=264/nulls=false/limit=1/last=true,original,27,8.0,32817530.0,Flat
engine/memory/window_rank/append/16384/domain=16384/bytes=264/nulls=false/limit=1/last=true,original,28,8.0,33042590.0,Flat
engine/memory/window_rank/append/16384/domain=16384/bytes=264/nulls=false/limit=1/last=true,original,29,8.0,31323942.0,Flat
engine/memory/window_rank/append/16384/domain=16384/bytes=264/nulls=false/limit=1/last=true,original,30,8.0,31688990.0,Flat
engine/memory/window_rank/append/16384/domain=16384/bytes=264/nulls=false/limit=1/last=true,original,31,8.0,32549354.0,Flat
engine/memory/window_rank/append/16384/domain=16384/bytes=264/nulls=false/limit=1/last=true,original,32,8.0,30331804.0,Flat
engine/memory/window_rank/append/16384/domain=16384/bytes=264/nulls=false/limit=1/last=true,original,33,8.0,32162377.0,Flat
engine/memory/window_rank/append/16384/domain=16384/bytes=264/nulls=false/limit=1/last=true,original,34,8.0,31515813.0,Flat
engine/memory/window_rank/append/16384/domain=16384/bytes=264/nulls=false/limit=1/last=true,original,35,8.0,31127419.0,Flat
engine/memory/window_rank/append/16384/domain=16384/bytes=264/nulls=false/limit=1/last=true,original,36,8.0,30462779.0,Flat
engine/memory/window_rank/append/16384/domain=16384/bytes=264/nulls=false/limit=1/last=true,original,37,8.0,30398825.0,Flat
engine/memory/window_rank/append/16384/domain=16384/bytes=264/nulls=false/limit=1/last=true,original,38,8.0,31350259.0,Flat
engine/memory/window_rank/append/16384/domain=16384/bytes=264/nulls=false/limit=1/last=true,original,39,8.0,29558199.0,Flat
engine/memory/window_rank/append/16384/domain=16384/bytes=264/nulls=false/limit=1/last=true,original,40,8.0,30977211.0,Flat
engine/memory/window_rank/append/16384/domain=16384/bytes=264/nulls=false/limit=1/last=true,original,41,8.0,30647188.0,Flat
engine/memory/window_rank/append/16384/domain=16384/bytes=264/nulls=false/limit=1/last=true,original,42,8.0,29552642.0,Flat
engine/memory/window_rank/append/16384/domain=16384/bytes=264/nulls=false/limit=1/last=true,original,43,8.0,31212274.0,Flat
engine/memory/window_rank/append/16384/domain=16384/bytes=264/nulls=false/limit=1/last=true,original,44,8.0,30902348.0,Flat
engine/memory/window_rank/append/16384/domain=16384/bytes=264/nulls=false/limit=1/last=true,original,45,8.0,31636470.0,Flat
engine/memory/window_rank/append/16384/domain=16384/bytes=264/nulls=false/limit=1/last=true,original,46,8.0,30967558.0,Flat
engine/memory/window_rank/append/16384/domain=16384/bytes=264/nulls=false/limit=1/last=true,original,47,8.0,31173843.0,Flat
engine/memory/window_rank/append/16384/domain=16384/bytes=264/nulls=false/limit=1/last=true,original,48,8.0,29887934.0,Flat
engine/memory/window_rank/append/16384/domain=16384/bytes=264/nulls=false/limit=1/last=true,original,49,8.0,30057407.0,Flat
engine/memory/window_rank/append/16384/domain=16384/bytes=264/nulls=false/limit=1/last=true,original,50,8.0,31975266.0,Flat
engine/memory/window_rank/append/16384/domain=16384/bytes=264/nulls=false/limit=1/last=true,original,51,8.0,32336785.0,Flat
engine/memory/window_rank/append/16384/domain=16384/bytes=264/nulls=false/limit=1/last=true,original,52,8.0,30752216.0,Flat
engine/memory/window_rank/append/16384/domain=16384/bytes=264/nulls=false/limit=1/last=true,original,53,8.0,29973372.0,Flat
engine/memory/window_rank/append/16384/domain=16384/bytes=264/nulls=false/limit=1/last=true,original,54,8.0,31162887.0,Flat
engine/memory/window_rank/append/16384/domain=16384/bytes=264/nulls=false/limit=1/last=true,original,55,8.0,31726987.0,Flat
engine/memory/window_rank/append/16384/domain=16384/bytes=264/nulls=false/limit=1/last=true,original,56,8.0,30913225.0,Flat
engine/memory/window_rank/append/16384/domain=16384/bytes=264/nulls=false/limit=1/last=true,original,57,8.0,30211918.0,Flat
engine/memory/window_rank/append/16384/domain=16384/bytes=264/nulls=false/limit=1/last=true,original,58,8.0,30419542.0,Flat
engine/memory/window_rank/append/16384/domain=16384/bytes=264/nulls=false/limit=1/last=true,original,59,8.0,29685780.0,Flat
engine/memory/window_rank/append/16384/domain=16384/bytes=264/nulls=false/limit=1/last=true,original,60,8.0,30859766.0,Flat
engine/memory/window_rank/append/16384/domain=16384/bytes=264/nulls=false/limit=1/last=true,original,61,8.0,30712937.0,Flat
engine/memory/window_rank/append/16384/domain=16384/bytes=264/nulls=false/limit=1/last=true,original,62,8.0,30599911.0,Flat
engine/memory/window_rank/append/16384/domain=16384/bytes=264/nulls=false/limit=1/last=true,original,63,8.0,30347873.0,Flat
engine/memory/window_rank/append/16384/domain=16384/bytes=264/nulls=false/limit=1/last=true,original,64,8.0,30740751.0,Flat
engine/memory/window_rank/append/16384/domain=16384/bytes=264/nulls=false/limit=1/last=true,original,65,8.0,32534036.0,Flat
engine/memory/window_rank/append/16384/domain=16384/bytes=264/nulls=false/limit=1/last=true,original,66,8.0,30647574.0,Flat
engine/memory/window_rank/append/16384/domain=16384/bytes=264/nulls=false/limit=1/last=true,original,67,8.0,32430080.0,Flat
engine/memory/window_rank/append/16384/domain=16384/bytes=264/nulls=false/limit=1/last=true,original,68,8.0,35267335.0,Flat
engine/memory/window_rank/append/16384/domain=16384/bytes=264/nulls=false/limit=1/last=true,original,69,8.0,31414629.0,Flat
engine/memory/window_rank/append/16384/domain=16384/bytes=264/nulls=false/limit=1/last=true,original,70,8.0,32397694.0,Flat
engine/memory/window_rank/append/16384/domain=16384/bytes=264/nulls=false/limit=1/last=true,original,71,8.0,29911522.0,Flat
engine/memory/window_rank/append/16384/domain=16384/bytes=264/nulls=false/limit=1/last=true,original,72,8.0,32011448.0,Flat
engine/memory/window_rank/append/16384/domain=16384/bytes=264/nulls=false/limit=1/last=true,original,73,8.0,32724935.0,Flat
engine/memory/window_rank/append/16384/domain=16384/bytes=264/nulls=false/limit=1/last=true,original,74,8.0,29803665.0,Flat
engine/memory/window_rank/append/16384/domain=16384/bytes=264/nulls=false/limit=1/last=true,original,75,8.0,30388135.0,Flat
engine/memory/window_rank/append/16384/domain=16384/bytes=264/nulls=false/limit=1/last=true,original,76,8.0,30502753.0,Flat
engine/memory/window_rank/append/16384/domain=16384/bytes=264/nulls=false/limit=1/last=true,original,77,8.0,34808393.0,Flat
engine/memory/window_rank/append/16384/domain=16384/bytes=264/nulls=false/limit=1/last=true,original,78,8.0,30190549.0,Flat
engine/memory/window_rank/append/16384/domain=16384/bytes=264/nulls=false/limit=1/last=true,original,79,8.0,31386359.0,Flat
engine/memory/window_rank/append/16384/domain=16384/bytes=264/nulls=false/limit=1/last=true,original,80,8.0,30379590.0,Flat
engine/memory/window_rank/append/16384/domain=16384/bytes=264/nulls=false/limit=1/last=true,original,81,8.0,30066685.0,Flat
engine/memory/window_rank/append/16384/domain=16384/bytes=264/nulls=false/limit=1/last=true,original,82,8.0,30750645.0,Flat
engine/memory/window_rank/append/16384/domain=16384/bytes=264/nulls=false/limit=1/last=true,original,83,8.0,32313380.0,Flat
engine/memory/window_rank/append/16384/domain=16384/bytes=264/nulls=false/limit=1/last=true,original,84,8.0,32692319.0,Flat
engine/memory/window_rank/append/16384/domain=16384/bytes=264/nulls=false/limit=1/last=true,original,85,8.0,32620302.0,Flat
engine/memory/window_rank/append/16384/domain=16384/bytes=264/nulls=false/limit=1/last=true,original,86,8.0,34032239.0,Flat
engine/memory/window_rank/append/16384/domain=16384/bytes=264/nulls=false/limit=1/last=true,original,87,8.0,32968226.0,Flat
engine/memory/window_rank/append/16384/domain=16384/bytes=264/nulls=false/limit=1/last=true,original,88,8.0,31127387.0,Flat
engine/memory/window_rank/append/16384/domain=16384/bytes=264/nulls=false/limit=1/last=true,original,89,8.0,29748666.0,Flat
engine/memory/window_rank/append/16384/domain=16384/bytes=264/nulls=false/limit=1/last=true,original,90,8.0,30341626.0,Flat
engine/memory/window_rank/append/16384/domain=16384/bytes=264/nulls=false/limit=1/last=true,original,91,8.0,29874210.0,Flat
engine/memory/window_rank/append/16384/domain=16384/bytes=264/nulls=false/limit=1/last=true,original,92,8.0,30063435.0,Flat
engine/memory/window_rank/append/16384/domain=16384/bytes=264/nulls=false/limit=1/last=true,original,93,8.0,32064525.0,Flat
engine/memory/window_rank/append/16384/domain=16384/bytes=264/nulls=false/limit=1/last=true,original,94,8.0,30009156.0,Flat
engine/memory/window_rank/append/16384/domain=16384/bytes=264/nulls=false/limit=1/last=true,original,95,8.0,30734458.0,Flat
engine/memory/window_rank/append/16384/domain=16384/bytes=264/nulls=false/limit=1/last=true,original,96,8.0,31267390.0,Flat
engine/memory/window_rank/append/16384/domain=16384/bytes=264/nulls=false/limit=1/last=true,original,97,8.0,29346952.0,Flat
engine/memory/window_rank/append/16384/domain=16384/bytes=264/nulls=false/limit=1/last=true,original,98,8.0,31261778.0,Flat
engine/memory/window_rank/append/16384/domain=16384/bytes=264/nulls=false/limit=1/last=true,original,99,8.0,30137415.0,Flat
engine/memory/window_rank/append/16384/domain=16384/bytes=264/nulls=false/limit=1/last=true,candidate,0,8.0,32248437.0,Flat
engine/memory/window_rank/append/16384/domain=16384/bytes=264/nulls=false/limit=1/last=true,candidate,1,8.0,34132740.0,Flat
engine/memory/window_rank/append/16384/domain=16384/bytes=264/nulls=false/limit=1/last=true,candidate,2,8.0,32408094.0,Flat
engine/memory/window_rank/append/16384/domain=16384/bytes=264/nulls=false/limit=1/last=true,candidate,3,8.0,32735904.0,Flat
engine/memory/window_rank/append/16384/domain=16384/bytes=264/nulls=false/limit=1/last=true,candidate,4,8.0,31899059.0,Flat
engine/memory/window_rank/append/16384/domain=16384/bytes=264/nulls=false/limit=1/last=true,candidate,5,8.0,32272503.0,Flat
engine/memory/window_rank/append/16384/domain=16384/bytes=264/nulls=false/limit=1/last=true,candidate,6,8.0,32946928.0,Flat
engine/memory/window_rank/append/16384/domain=16384/bytes=264/nulls=false/limit=1/last=true,candidate,7,8.0,36995664.0,Flat
engine/memory/window_rank/append/16384/domain=16384/bytes=264/nulls=false/limit=1/last=true,candidate,8,8.0,38045466.0,Flat
engine/memory/window_rank/append/16384/domain=16384/bytes=264/nulls=false/limit=1/last=true,candidate,9,8.0,35751952.0,Flat
engine/memory/window_rank/append/16384/domain=16384/bytes=264/nulls=false/limit=1/last=true,candidate,10,8.0,33550891.0,Flat
engine/memory/window_rank/append/16384/domain=16384/bytes=264/nulls=false/limit=1/last=true,candidate,11,8.0,36542849.0,Flat
engine/memory/window_rank/append/16384/domain=16384/bytes=264/nulls=false/limit=1/last=true,candidate,12,8.0,34796257.0,Flat
engine/memory/window_rank/append/16384/domain=16384/bytes=264/nulls=false/limit=1/last=true,candidate,13,8.0,38080832.0,Flat
engine/memory/window_rank/append/16384/domain=16384/bytes=264/nulls=false/limit=1/last=true,candidate,14,8.0,31551600.0,Flat
engine/memory/window_rank/append/16384/domain=16384/bytes=264/nulls=false/limit=1/last=true,candidate,15,8.0,33808697.0,Flat
engine/memory/window_rank/append/16384/domain=16384/bytes=264/nulls=false/limit=1/last=true,candidate,16,8.0,32306472.0,Flat
engine/memory/window_rank/append/16384/domain=16384/bytes=264/nulls=false/limit=1/last=true,candidate,17,8.0,32040368.0,Flat
engine/memory/window_rank/append/16384/domain=16384/bytes=264/nulls=false/limit=1/last=true,candidate,18,8.0,34049004.0,Flat
engine/memory/window_rank/append/16384/domain=16384/bytes=264/nulls=false/limit=1/last=true,candidate,19,8.0,33580007.0,Flat
engine/memory/window_rank/append/16384/domain=16384/bytes=264/nulls=false/limit=1/last=true,candidate,20,8.0,35531229.0,Flat
engine/memory/window_rank/append/16384/domain=16384/bytes=264/nulls=false/limit=1/last=true,candidate,21,8.0,31916557.0,Flat
engine/memory/window_rank/append/16384/domain=16384/bytes=264/nulls=false/limit=1/last=true,candidate,22,8.0,32821966.0,Flat
engine/memory/window_rank/append/16384/domain=16384/bytes=264/nulls=false/limit=1/last=true,candidate,23,8.0,34278579.0,Flat
engine/memory/window_rank/append/16384/domain=16384/bytes=264/nulls=false/limit=1/last=true,candidate,24,8.0,34274396.0,Flat
engine/memory/window_rank/append/16384/domain=16384/bytes=264/nulls=false/limit=1/last=true,candidate,25,8.0,34592038.0,Flat
engine/memory/window_rank/append/16384/domain=16384/bytes=264/nulls=false/limit=1/last=true,candidate,26,8.0,34110432.0,Flat
engine/memory/window_rank/append/16384/domain=16384/bytes=264/nulls=false/limit=1/last=true,candidate,27,8.0,32913518.0,Flat
engine/memory/window_rank/append/16384/domain=16384/bytes=264/nulls=false/limit=1/last=true,candidate,28,8.0,34412598.0,Flat
engine/memory/window_rank/append/16384/domain=16384/bytes=264/nulls=false/limit=1/last=true,candidate,29,8.0,33298252.0,Flat
engine/memory/window_rank/append/16384/domain=16384/bytes=264/nulls=false/limit=1/last=true,candidate,30,8.0,33992483.0,Flat
engine/memory/window_rank/append/16384/domain=16384/bytes=264/nulls=false/limit=1/last=true,candidate,31,8.0,32450908.0,Flat
engine/memory/window_rank/append/16384/domain=16384/bytes=264/nulls=false/limit=1/last=true,candidate,32,8.0,32333935.0,Flat
engine/memory/window_rank/append/16384/domain=16384/bytes=264/nulls=false/limit=1/last=true,candidate,33,8.0,32661807.0,Flat
engine/memory/window_rank/append/16384/domain=16384/bytes=264/nulls=false/limit=1/last=true,candidate,34,8.0,32867022.0,Flat
engine/memory/window_rank/append/16384/domain=16384/bytes=264/nulls=false/limit=1/last=true,candidate,35,8.0,33250534.0,Flat
engine/memory/window_rank/append/16384/domain=16384/bytes=264/nulls=false/limit=1/last=true,candidate,36,8.0,34767398.0,Flat
engine/memory/window_rank/append/16384/domain=16384/bytes=264/nulls=false/limit=1/last=true,candidate,37,8.0,36210757.0,Flat
engine/memory/window_rank/append/16384/domain=16384/bytes=264/nulls=false/limit=1/last=true,candidate,38,8.0,34374724.0,Flat
engine/memory/window_rank/append/16384/domain=16384/bytes=264/nulls=false/limit=1/last=true,candidate,39,8.0,34442558.0,Flat
engine/memory/window_rank/append/16384/domain=16384/bytes=264/nulls=false/limit=1/last=true,candidate,40,8.0,38063576.0,Flat
engine/memory/window_rank/append/16384/domain=16384/bytes=264/nulls=false/limit=1/last=true,candidate,41,8.0,38002454.0,Flat
engine/memory/window_rank/append/16384/domain=16384/bytes=264/nulls=false/limit=1/last=true,candidate,42,8.0,34038010.0,Flat
engine/memory/window_rank/append/16384/domain=16384/bytes=264/nulls=false/limit=1/last=true,candidate,43,8.0,33013439.0,Flat
engine/memory/window_rank/append/16384/domain=16384/bytes=264/nulls=false/limit=1/last=true,candidate,44,8.0,33817902.0,Flat
engine/memory/window_rank/append/16384/domain=16384/bytes=264/nulls=false/limit=1/last=true,candidate,45,8.0,33691363.0,Flat
engine/memory/window_rank/append/16384/domain=16384/bytes=264/nulls=false/limit=1/last=true,candidate,46,8.0,32339694.0,Flat
engine/memory/window_rank/append/16384/domain=16384/bytes=264/nulls=false/limit=1/last=true,candidate,47,8.0,33255525.0,Flat
engine/memory/window_rank/append/16384/domain=16384/bytes=264/nulls=false/limit=1/last=true,candidate,48,8.0,34985814.0,Flat
engine/memory/window_rank/append/16384/domain=16384/bytes=264/nulls=false/limit=1/last=true,candidate,49,8.0,31869074.0,Flat
engine/memory/window_rank/append/16384/domain=16384/bytes=264/nulls=false/limit=1/last=true,candidate,50,8.0,35323099.0,Flat
engine/memory/window_rank/append/16384/domain=16384/bytes=264/nulls=false/limit=1/last=true,candidate,51,8.0,33078543.0,Flat
engine/memory/window_rank/append/16384/domain=16384/bytes=264/nulls=false/limit=1/last=true,candidate,52,8.0,33623751.0,Flat
engine/memory/window_rank/append/16384/domain=16384/bytes=264/nulls=false/limit=1/last=true,candidate,53,8.0,32631898.0,Flat
engine/memory/window_rank/append/16384/domain=16384/bytes=264/nulls=false/limit=1/last=true,candidate,54,8.0,32286532.0,Flat
engine/memory/window_rank/append/16384/domain=16384/bytes=264/nulls=false/limit=1/last=true,candidate,55,8.0,33972154.0,Flat
engine/memory/window_rank/append/16384/domain=16384/bytes=264/nulls=false/limit=1/last=true,candidate,56,8.0,34291851.0,Flat
engine/memory/window_rank/append/16384/domain=16384/bytes=264/nulls=false/limit=1/last=true,candidate,57,8.0,32889191.0,Flat
engine/memory/window_rank/append/16384/domain=16384/bytes=264/nulls=false/limit=1/last=true,candidate,58,8.0,32530117.0,Flat
engine/memory/window_rank/append/16384/domain=16384/bytes=264/nulls=false/limit=1/last=true,candidate,59,8.0,34591650.0,Flat
engine/memory/window_rank/append/16384/domain=16384/bytes=264/nulls=false/limit=1/last=true,candidate,60,8.0,33538466.0,Flat
engine/memory/window_rank/append/16384/domain=16384/bytes=264/nulls=false/limit=1/last=true,candidate,61,8.0,33905501.0,Flat
engine/memory/window_rank/append/16384/domain=16384/bytes=264/nulls=false/limit=1/last=true,candidate,62,8.0,33617454.0,Flat
engine/memory/window_rank/append/16384/domain=16384/bytes=264/nulls=false/limit=1/last=true,candidate,63,8.0,35379890.0,Flat
engine/memory/window_rank/append/16384/domain=16384/bytes=264/nulls=false/limit=1/last=true,candidate,64,8.0,34872454.0,Flat
engine/memory/window_rank/append/16384/domain=16384/bytes=264/nulls=false/limit=1/last=true,candidate,65,8.0,32482606.0,Flat
engine/memory/window_rank/append/16384/domain=16384/bytes=264/nulls=false/limit=1/last=true,candidate,66,8.0,34188747.0,Flat
engine/memory/window_rank/append/16384/domain=16384/bytes=264/nulls=false/limit=1/last=true,candidate,67,8.0,35768029.0,Flat
engine/memory/window_rank/append/16384/domain=16384/bytes=264/nulls=false/limit=1/last=true,candidate,68,8.0,36940254.0,Flat
engine/memory/window_rank/append/16384/domain=16384/bytes=264/nulls=false/limit=1/last=true,candidate,69,8.0,36666760.0,Flat
engine/memory/window_rank/append/16384/domain=16384/bytes=264/nulls=false/limit=1/last=true,candidate,70,8.0,37823578.0,Flat
engine/memory/window_rank/append/16384/domain=16384/bytes=264/nulls=false/limit=1/last=true,candidate,71,8.0,36299219.0,Flat
engine/memory/window_rank/append/16384/domain=16384/bytes=264/nulls=false/limit=1/last=true,candidate,72,8.0,38768790.0,Flat
engine/memory/window_rank/append/16384/domain=16384/bytes=264/nulls=false/limit=1/last=true,candidate,73,8.0,37029295.0,Flat
engine/memory/window_rank/append/16384/domain=16384/bytes=264/nulls=false/limit=1/last=true,candidate,74,8.0,36338263.0,Flat
engine/memory/window_rank/append/16384/domain=16384/bytes=264/nulls=false/limit=1/last=true,candidate,75,8.0,38144781.0,Flat
engine/memory/window_rank/append/16384/domain=16384/bytes=264/nulls=false/limit=1/last=true,candidate,76,8.0,36360913.0,Flat
engine/memory/window_rank/append/16384/domain=16384/bytes=264/nulls=false/limit=1/last=true,candidate,77,8.0,37113321.0,Flat
engine/memory/window_rank/append/16384/domain=16384/bytes=264/nulls=false/limit=1/last=true,candidate,78,8.0,36408721.0,Flat
engine/memory/window_rank/append/16384/domain=16384/bytes=264/nulls=false/limit=1/last=true,candidate,79,8.0,37472936.0,Flat
engine/memory/window_rank/append/16384/domain=16384/bytes=264/nulls=false/limit=1/last=true,candidate,80,8.0,37909442.0,Flat
engine/memory/window_rank/append/16384/domain=16384/bytes=264/nulls=false/limit=1/last=true,candidate,81,8.0,37750073.0,Flat
engine/memory/window_rank/append/16384/domain=16384/bytes=264/nulls=false/limit=1/last=true,candidate,82,8.0,37527503.0,Flat
engine/memory/window_rank/append/16384/domain=16384/bytes=264/nulls=false/limit=1/last=true,candidate,83,8.0,36283461.0,Flat
engine/memory/window_rank/append/16384/domain=16384/bytes=264/nulls=false/limit=1/last=true,candidate,84,8.0,40348307.0,Flat
engine/memory/window_rank/append/16384/domain=16384/bytes=264/nulls=false/limit=1/last=true,candidate,85,8.0,40175873.0,Flat
engine/memory/window_rank/append/16384/domain=16384/bytes=264/nulls=false/limit=1/last=true,candidate,86,8.0,36990832.0,Flat
engine/memory/window_rank/append/16384/domain=16384/bytes=264/nulls=false/limit=1/last=true,candidate,87,8.0,37191905.0,Flat
engine/memory/window_rank/append/16384/domain=16384/bytes=264/nulls=false/limit=1/last=true,candidate,88,8.0,37339406.0,Flat
engine/memory/window_rank/append/16384/domain=16384/bytes=264/nulls=false/limit=1/last=true,candidate,89,8.0,37168081.0,Flat
engine/memory/window_rank/append/16384/domain=16384/bytes=264/nulls=false/limit=1/last=true,candidate,90,8.0,38295711.0,Flat
engine/memory/window_rank/append/16384/domain=16384/bytes=264/nulls=false/limit=1/last=true,candidate,91,8.0,37744063.0,Flat
engine/memory/window_rank/append/16384/domain=16384/bytes=264/nulls=false/limit=1/last=true,candidate,92,8.0,37099974.0,Flat
engine/memory/window_rank/append/16384/domain=16384/bytes=264/nulls=false/limit=1/last=true,candidate,93,8.0,38634623.0,Flat
engine/memory/window_rank/append/16384/domain=16384/bytes=264/nulls=false/limit=1/last=true,candidate,94,8.0,37069172.0,Flat
engine/memory/window_rank/append/16384/domain=16384/bytes=264/nulls=false/limit=1/last=true,candidate,95,8.0,36750689.0,Flat
engine/memory/window_rank/append/16384/domain=16384/bytes=264/nulls=false/limit=1/last=true,candidate,96,8.0,36425116.0,Flat
engine/memory/window_rank/append/16384/domain=16384/bytes=264/nulls=false/limit=1/last=true,candidate,97,8.0,36599187.0,Flat
engine/memory/window_rank/append/16384/domain=16384/bytes=264/nulls=false/limit=1/last=true,candidate,98,8.0,38092018.0,Flat
engine/memory/window_rank/append/16384/domain=16384/bytes=264/nulls=false/limit=1/last=true,candidate,99,8.0,36846181.0,Flat
engine/memory/window_rank/append/16384/domain=16384/bytes=264/nulls=false/limit=4/last=false,original,0,8.0,30939613.0,Flat
engine/memory/window_rank/append/16384/domain=16384/bytes=264/nulls=false/limit=4/last=false,original,1,8.0,29707764.0,Flat
engine/memory/window_rank/append/16384/domain=16384/bytes=264/nulls=false/limit=4/last=false,original,2,8.0,30555564.0,Flat
engine/memory/window_rank/append/16384/domain=16384/bytes=264/nulls=false/limit=4/last=false,original,3,8.0,30931867.0,Flat
engine/memory/window_rank/append/16384/domain=16384/bytes=264/nulls=false/limit=4/last=false,original,4,8.0,29166350.0,Flat
engine/memory/window_rank/append/16384/domain=16384/bytes=264/nulls=false/limit=4/last=false,original,5,8.0,29845499.0,Flat
engine/memory/window_rank/append/16384/domain=16384/bytes=264/nulls=false/limit=4/last=false,original,6,8.0,30264616.0,Flat
engine/memory/window_rank/append/16384/domain=16384/bytes=264/nulls=false/limit=4/last=false,original,7,8.0,30669413.0,Flat
engine/memory/window_rank/append/16384/domain=16384/bytes=264/nulls=false/limit=4/last=false,original,8,8.0,31619517.0,Flat
engine/memory/window_rank/append/16384/domain=16384/bytes=264/nulls=false/limit=4/last=false,original,9,8.0,29143920.0,Flat
engine/memory/window_rank/append/16384/domain=16384/bytes=264/nulls=false/limit=4/last=false,original,10,8.0,30505886.0,Flat
engine/memory/window_rank/append/16384/domain=16384/bytes=264/nulls=false/limit=4/last=false,original,11,8.0,31129368.0,Flat
engine/memory/window_rank/append/16384/domain=16384/bytes=264/nulls=false/limit=4/last=false,original,12,8.0,31008249.0,Flat
engine/memory/window_rank/append/16384/domain=16384/bytes=264/nulls=false/limit=4/last=false,original,13,8.0,28991187.0,Flat
engine/memory/window_rank/append/16384/domain=16384/bytes=264/nulls=false/limit=4/last=false,original,14,8.0,31459762.0,Flat
engine/memory/window_rank/append/16384/domain=16384/bytes=264/nulls=false/limit=4/last=false,original,15,8.0,29754867.0,Flat
engine/memory/window_rank/append/16384/domain=16384/bytes=264/nulls=false/limit=4/last=false,original,16,8.0,29948617.0,Flat
engine/memory/window_rank/append/16384/domain=16384/bytes=264/nulls=false/limit=4/last=false,original,17,8.0,31767919.0,Flat
engine/memory/window_rank/append/16384/domain=16384/bytes=264/nulls=false/limit=4/last=false,original,18,8.0,29531591.0,Flat
engine/memory/window_rank/append/16384/domain=16384/bytes=264/nulls=false/limit=4/last=false,original,19,8.0,30666844.0,Flat
engine/memory/window_rank/append/16384/domain=16384/bytes=264/nulls=false/limit=4/last=false,original,20,8.0,30891860.0,Flat
engine/memory/window_rank/append/16384/domain=16384/bytes=264/nulls=false/limit=4/last=false,original,21,8.0,30288750.0,Flat
engine/memory/window_rank/append/16384/domain=16384/bytes=264/nulls=false/limit=4/last=false,original,22,8.0,31242904.0,Flat
engine/memory/window_rank/append/16384/domain=16384/bytes=264/nulls=false/limit=4/last=false,original,23,8.0,29653628.0,Flat
engine/memory/window_rank/append/16384/domain=16384/bytes=264/nulls=false/limit=4/last=false,original,24,8.0,29080173.0,Flat
engine/memory/window_rank/append/16384/domain=16384/bytes=264/nulls=false/limit=4/last=false,original,25,8.0,29504689.0,Flat
engine/memory/window_rank/append/16384/domain=16384/bytes=264/nulls=false/limit=4/last=false,original,26,8.0,31593032.0,Flat
engine/memory/window_rank/append/16384/domain=16384/bytes=264/nulls=false/limit=4/last=false,original,27,8.0,32200525.0,Flat
engine/memory/window_rank/append/16384/domain=16384/bytes=264/nulls=false/limit=4/last=false,original,28,8.0,29234861.0,Flat
engine/memory/window_rank/append/16384/domain=16384/bytes=264/nulls=false/limit=4/last=false,original,29,8.0,30632989.0,Flat
engine/memory/window_rank/append/16384/domain=16384/bytes=264/nulls=false/limit=4/last=false,original,30,8.0,30414156.0,Flat
engine/memory/window_rank/append/16384/domain=16384/bytes=264/nulls=false/limit=4/last=false,original,31,8.0,31000639.0,Flat
engine/memory/window_rank/append/16384/domain=16384/bytes=264/nulls=false/limit=4/last=false,original,32,8.0,29352282.0,Flat
engine/memory/window_rank/append/16384/domain=16384/bytes=264/nulls=false/limit=4/last=false,original,33,8.0,29836923.0,Flat
engine/memory/window_rank/append/16384/domain=16384/bytes=264/nulls=false/limit=4/last=false,original,34,8.0,31727563.0,Flat
engine/memory/window_rank/append/16384/domain=16384/bytes=264/nulls=false/limit=4/last=false,original,35,8.0,29079125.0,Flat
engine/memory/window_rank/append/16384/domain=16384/bytes=264/nulls=false/limit=4/last=false,original,36,8.0,30898946.0,Flat
engine/memory/window_rank/append/16384/domain=16384/bytes=264/nulls=false/limit=4/last=false,original,37,8.0,36600039.0,Flat
engine/memory/window_rank/append/16384/domain=16384/bytes=264/nulls=false/limit=4/last=false,original,38,8.0,31440096.0,Flat
engine/memory/window_rank/append/16384/domain=16384/bytes=264/nulls=false/limit=4/last=false,original,39,8.0,29264278.0,Flat
engine/memory/window_rank/append/16384/domain=16384/bytes=264/nulls=false/limit=4/last=false,original,40,8.0,34043006.0,Flat
engine/memory/window_rank/append/16384/domain=16384/bytes=264/nulls=false/limit=4/last=false,original,41,8.0,30491771.0,Flat
engine/memory/window_rank/append/16384/domain=16384/bytes=264/nulls=false/limit=4/last=false,original,42,8.0,29323953.0,Flat
engine/memory/window_rank/append/16384/domain=16384/bytes=264/nulls=false/limit=4/last=false,original,43,8.0,29909576.0,Flat
engine/memory/window_rank/append/16384/domain=16384/bytes=264/nulls=false/limit=4/last=false,original,44,8.0,30282809.0,Flat
engine/memory/window_rank/append/16384/domain=16384/bytes=264/nulls=false/limit=4/last=false,original,45,8.0,32886109.0,Flat
engine/memory/window_rank/append/16384/domain=16384/bytes=264/nulls=false/limit=4/last=false,original,46,8.0,31172311.0,Flat
engine/memory/window_rank/append/16384/domain=16384/bytes=264/nulls=false/limit=4/last=false,original,47,8.0,30397178.0,Flat
engine/memory/window_rank/append/16384/domain=16384/bytes=264/nulls=false/limit=4/last=false,original,48,8.0,31675845.0,Flat
engine/memory/window_rank/append/16384/domain=16384/bytes=264/nulls=false/limit=4/last=false,original,49,8.0,31244586.0,Flat
engine/memory/window_rank/append/16384/domain=16384/bytes=264/nulls=false/limit=4/last=false,original,50,8.0,29302626.0,Flat
engine/memory/window_rank/append/16384/domain=16384/bytes=264/nulls=false/limit=4/last=false,original,51,8.0,30039336.0,Flat
engine/memory/window_rank/append/16384/domain=16384/bytes=264/nulls=false/limit=4/last=false,original,52,8.0,30154412.0,Flat
engine/memory/window_rank/append/16384/domain=16384/bytes=264/nulls=false/limit=4/last=false,original,53,8.0,30751609.0,Flat
engine/memory/window_rank/append/16384/domain=16384/bytes=264/nulls=false/limit=4/last=false,original,54,8.0,31721765.0,Flat
engine/memory/window_rank/append/16384/domain=16384/bytes=264/nulls=false/limit=4/last=false,original,55,8.0,33689922.0,Flat
engine/memory/window_rank/append/16384/domain=16384/bytes=264/nulls=false/limit=4/last=false,original,56,8.0,30253553.0,Flat
engine/memory/window_rank/append/16384/domain=16384/bytes=264/nulls=false/limit=4/last=false,original,57,8.0,30664047.0,Flat
engine/memory/window_rank/append/16384/domain=16384/bytes=264/nulls=false/limit=4/last=false,original,58,8.0,29672785.0,Flat
engine/memory/window_rank/append/16384/domain=16384/bytes=264/nulls=false/limit=4/last=false,original,59,8.0,31303085.0,Flat
engine/memory/window_rank/append/16384/domain=16384/bytes=264/nulls=false/limit=4/last=false,original,60,8.0,29407707.0,Flat
engine/memory/window_rank/append/16384/domain=16384/bytes=264/nulls=false/limit=4/last=false,original,61,8.0,29600791.0,Flat
engine/memory/window_rank/append/16384/domain=16384/bytes=264/nulls=false/limit=4/last=false,original,62,8.0,30382392.0,Flat
engine/memory/window_rank/append/16384/domain=16384/bytes=264/nulls=false/limit=4/last=false,original,63,8.0,33243350.0,Flat
engine/memory/window_rank/append/16384/domain=16384/bytes=264/nulls=false/limit=4/last=false,original,64,8.0,30145839.0,Flat
engine/memory/window_rank/append/16384/domain=16384/bytes=264/nulls=false/limit=4/last=false,original,65,8.0,31415794.0,Flat
engine/memory/window_rank/append/16384/domain=16384/bytes=264/nulls=false/limit=4/last=false,original,66,8.0,30386299.0,Flat
engine/memory/window_rank/append/16384/domain=16384/bytes=264/nulls=false/limit=4/last=false,original,67,8.0,31270442.0,Flat
engine/memory/window_rank/append/16384/domain=16384/bytes=264/nulls=false/limit=4/last=false,original,68,8.0,31067532.0,Flat
engine/memory/window_rank/append/16384/domain=16384/bytes=264/nulls=false/limit=4/last=false,original,69,8.0,30316742.0,Flat
engine/memory/window_rank/append/16384/domain=16384/bytes=264/nulls=false/limit=4/last=false,original,70,8.0,29876858.0,Flat
engine/memory/window_rank/append/16384/domain=16384/bytes=264/nulls=false/limit=4/last=false,original,71,8.0,30038682.0,Flat
engine/memory/window_rank/append/16384/domain=16384/bytes=264/nulls=false/limit=4/last=false,original,72,8.0,29996524.0,Flat
engine/memory/window_rank/append/16384/domain=16384/bytes=264/nulls=false/limit=4/last=false,original,73,8.0,31548313.0,Flat
engine/memory/window_rank/append/16384/domain=16384/bytes=264/nulls=false/limit=4/last=false,original,74,8.0,29094971.0,Flat
engine/memory/window_rank/append/16384/domain=16384/bytes=264/nulls=false/limit=4/last=false,original,75,8.0,30679981.0,Flat
engine/memory/window_rank/append/16384/domain=16384/bytes=264/nulls=false/limit=4/last=false,original,76,8.0,31247655.0,Flat
engine/memory/window_rank/append/16384/domain=16384/bytes=264/nulls=false/limit=4/last=false,original,77,8.0,34354450.0,Flat
engine/memory/window_rank/append/16384/domain=16384/bytes=264/nulls=false/limit=4/last=false,original,78,8.0,32578897.0,Flat
engine/memory/window_rank/append/16384/domain=16384/bytes=264/nulls=false/limit=4/last=false,original,79,8.0,32337636.0,Flat
engine/memory/window_rank/append/16384/domain=16384/bytes=264/nulls=false/limit=4/last=false,original,80,8.0,31478340.0,Flat
engine/memory/window_rank/append/16384/domain=16384/bytes=264/nulls=false/limit=4/last=false,original,81,8.0,30716572.0,Flat
engine/memory/window_rank/append/16384/domain=16384/bytes=264/nulls=false/limit=4/last=false,original,82,8.0,29945615.0,Flat
engine/memory/window_rank/append/16384/domain=16384/bytes=264/nulls=false/limit=4/last=false,original,83,8.0,30885637.0,Flat
engine/memory/window_rank/append/16384/domain=16384/bytes=264/nulls=false/limit=4/last=false,original,84,8.0,29551463.0,Flat
engine/memory/window_rank/append/16384/domain=16384/bytes=264/nulls=false/limit=4/last=false,original,85,8.0,30589878.0,Flat
engine/memory/window_rank/append/16384/domain=16384/bytes=264/nulls=false/limit=4/last=false,original,86,8.0,29284824.0,Flat
engine/memory/window_rank/append/16384/domain=16384/bytes=264/nulls=false/limit=4/last=false,original,87,8.0,32077630.0,Flat
engine/memory/window_rank/append/16384/domain=16384/bytes=264/nulls=false/limit=4/last=false,original,88,8.0,29921384.0,Flat
engine/memory/window_rank/append/16384/domain=16384/bytes=264/nulls=false/limit=4/last=false,original,89,8.0,30706960.0,Flat
engine/memory/window_rank/append/16384/domain=16384/bytes=264/nulls=false/limit=4/last=false,original,90,8.0,31692268.0,Flat
engine/memory/window_rank/append/16384/domain=16384/bytes=264/nulls=false/limit=4/last=false,original,91,8.0,33718273.0,Flat
engine/memory/window_rank/append/16384/domain=16384/bytes=264/nulls=false/limit=4/last=false,original,92,8.0,30119982.0,Flat
engine/memory/window_rank/append/16384/domain=16384/bytes=264/nulls=false/limit=4/last=false,original,93,8.0,30228037.0,Flat
engine/memory/window_rank/append/16384/domain=16384/bytes=264/nulls=false/limit=4/last=false,original,94,8.0,30803612.0,Flat
engine/memory/window_rank/append/16384/domain=16384/bytes=264/nulls=false/limit=4/last=false,original,95,8.0,31501846.0,Flat
engine/memory/window_rank/append/16384/domain=16384/bytes=264/nulls=false/limit=4/last=false,original,96,8.0,30360474.0,Flat
engine/memory/window_rank/append/16384/domain=16384/bytes=264/nulls=false/limit=4/last=false,original,97,8.0,31196223.0,Flat
engine/memory/window_rank/append/16384/domain=16384/bytes=264/nulls=false/limit=4/last=false,original,98,8.0,30268184.0,Flat
engine/memory/window_rank/append/16384/domain=16384/bytes=264/nulls=false/limit=4/last=false,original,99,8.0,31999240.0,Flat
engine/memory/window_rank/append/16384/domain=16384/bytes=264/nulls=false/limit=4/last=false,candidate,0,8.0,32281234.0,Flat
engine/memory/window_rank/append/16384/domain=16384/bytes=264/nulls=false/limit=4/last=false,candidate,1,8.0,33435518.0,Flat
engine/memory/window_rank/append/16384/domain=16384/bytes=264/nulls=false/limit=4/last=false,candidate,2,8.0,33331280.0,Flat
engine/memory/window_rank/append/16384/domain=16384/bytes=264/nulls=false/limit=4/last=false,candidate,3,8.0,33172898.0,Flat
engine/memory/window_rank/append/16384/domain=16384/bytes=264/nulls=false/limit=4/last=false,candidate,4,8.0,36597391.0,Flat
engine/memory/window_rank/append/16384/domain=16384/bytes=264/nulls=false/limit=4/last=false,candidate,5,8.0,35024298.0,Flat
engine/memory/window_rank/append/16384/domain=16384/bytes=264/nulls=false/limit=4/last=false,candidate,6,8.0,32968055.0,Flat
engine/memory/window_rank/append/16384/domain=16384/bytes=264/nulls=false/limit=4/last=false,candidate,7,8.0,33229301.0,Flat
engine/memory/window_rank/append/16384/domain=16384/bytes=264/nulls=false/limit=4/last=false,candidate,8,8.0,31727225.0,Flat
engine/memory/window_rank/append/16384/domain=16384/bytes=264/nulls=false/limit=4/last=false,candidate,9,8.0,33382900.0,Flat
engine/memory/window_rank/append/16384/domain=16384/bytes=264/nulls=false/limit=4/last=false,candidate,10,8.0,34478561.0,Flat
engine/memory/window_rank/append/16384/domain=16384/bytes=264/nulls=false/limit=4/last=false,candidate,11,8.0,39847667.0,Flat
engine/memory/window_rank/append/16384/domain=16384/bytes=264/nulls=false/limit=4/last=false,candidate,12,8.0,35134792.0,Flat
engine/memory/window_rank/append/16384/domain=16384/bytes=264/nulls=false/limit=4/last=false,candidate,13,8.0,35418588.0,Flat
engine/memory/window_rank/append/16384/domain=16384/bytes=264/nulls=false/limit=4/last=false,candidate,14,8.0,33255732.0,Flat
engine/memory/window_rank/append/16384/domain=16384/bytes=264/nulls=false/limit=4/last=false,candidate,15,8.0,31841714.0,Flat
engine/memory/window_rank/append/16384/domain=16384/bytes=264/nulls=false/limit=4/last=false,candidate,16,8.0,32896995.0,Flat
engine/memory/window_rank/append/16384/domain=16384/bytes=264/nulls=false/limit=4/last=false,candidate,17,8.0,32951316.0,Flat
engine/memory/window_rank/append/16384/domain=16384/bytes=264/nulls=false/limit=4/last=false,candidate,18,8.0,31628811.0,Flat
engine/memory/window_rank/append/16384/domain=16384/bytes=264/nulls=false/limit=4/last=false,candidate,19,8.0,32063122.0,Flat
engine/memory/window_rank/append/16384/domain=16384/bytes=264/nulls=false/limit=4/last=false,candidate,20,8.0,32402551.0,Flat
engine/memory/window_rank/append/16384/domain=16384/bytes=264/nulls=false/limit=4/last=false,candidate,21,8.0,33867595.0,Flat
engine/memory/window_rank/append/16384/domain=16384/bytes=264/nulls=false/limit=4/last=false,candidate,22,8.0,31994377.0,Flat
engine/memory/window_rank/append/16384/domain=16384/bytes=264/nulls=false/limit=4/last=false,candidate,23,8.0,33151979.0,Flat
engine/memory/window_rank/append/16384/domain=16384/bytes=264/nulls=false/limit=4/last=false,candidate,24,8.0,33827920.0,Flat
engine/memory/window_rank/append/16384/domain=16384/bytes=264/nulls=false/limit=4/last=false,candidate,25,8.0,32136202.0,Flat
engine/memory/window_rank/append/16384/domain=16384/bytes=264/nulls=false/limit=4/last=false,candidate,26,8.0,32239814.0,Flat
engine/memory/window_rank/append/16384/domain=16384/bytes=264/nulls=false/limit=4/last=false,candidate,27,8.0,33401196.0,Flat
engine/memory/window_rank/append/16384/domain=16384/bytes=264/nulls=false/limit=4/last=false,candidate,28,8.0,34889757.0,Flat
engine/memory/window_rank/append/16384/domain=16384/bytes=264/nulls=false/limit=4/last=false,candidate,29,8.0,32036210.0,Flat
engine/memory/window_rank/append/16384/domain=16384/bytes=264/nulls=false/limit=4/last=false,candidate,30,8.0,32659124.0,Flat
engine/memory/window_rank/append/16384/domain=16384/bytes=264/nulls=false/limit=4/last=false,candidate,31,8.0,31991741.0,Flat
engine/memory/window_rank/append/16384/domain=16384/bytes=264/nulls=false/limit=4/last=false,candidate,32,8.0,33118620.0,Flat
engine/memory/window_rank/append/16384/domain=16384/bytes=264/nulls=false/limit=4/last=false,candidate,33,8.0,31695437.0,Flat
engine/memory/window_rank/append/16384/domain=16384/bytes=264/nulls=false/limit=4/last=false,candidate,34,8.0,33515233.0,Flat
engine/memory/window_rank/append/16384/domain=16384/bytes=264/nulls=false/limit=4/last=false,candidate,35,8.0,34078997.0,Flat
engine/memory/window_rank/append/16384/domain=16384/bytes=264/nulls=false/limit=4/last=false,candidate,36,8.0,32083128.0,Flat
engine/memory/window_rank/append/16384/domain=16384/bytes=264/nulls=false/limit=4/last=false,candidate,37,8.0,31964816.0,Flat
engine/memory/window_rank/append/16384/domain=16384/bytes=264/nulls=false/limit=4/last=false,candidate,38,8.0,33486001.0,Flat
engine/memory/window_rank/append/16384/domain=16384/bytes=264/nulls=false/limit=4/last=false,candidate,39,8.0,33770542.0,Flat
engine/memory/window_rank/append/16384/domain=16384/bytes=264/nulls=false/limit=4/last=false,candidate,40,8.0,32526489.0,Flat
engine/memory/window_rank/append/16384/domain=16384/bytes=264/nulls=false/limit=4/last=false,candidate,41,8.0,33580484.0,Flat
engine/memory/window_rank/append/16384/domain=16384/bytes=264/nulls=false/limit=4/last=false,candidate,42,8.0,32863656.0,Flat
engine/memory/window_rank/append/16384/domain=16384/bytes=264/nulls=false/limit=4/last=false,candidate,43,8.0,32850746.0,Flat
engine/memory/window_rank/append/16384/domain=16384/bytes=264/nulls=false/limit=4/last=false,candidate,44,8.0,33865795.0,Flat
engine/memory/window_rank/append/16384/domain=16384/bytes=264/nulls=false/limit=4/last=false,candidate,45,8.0,32138991.0,Flat
engine/memory/window_rank/append/16384/domain=16384/bytes=264/nulls=false/limit=4/last=false,candidate,46,8.0,34592404.0,Flat
engine/memory/window_rank/append/16384/domain=16384/bytes=264/nulls=false/limit=4/last=false,candidate,47,8.0,32515545.0,Flat
engine/memory/window_rank/append/16384/domain=16384/bytes=264/nulls=false/limit=4/last=false,candidate,48,8.0,32695221.0,Flat
engine/memory/window_rank/append/16384/domain=16384/bytes=264/nulls=false/limit=4/last=false,candidate,49,8.0,31756510.0,Flat
engine/memory/window_rank/append/16384/domain=16384/bytes=264/nulls=false/limit=4/last=false,candidate,50,8.0,32613118.0,Flat
engine/memory/window_rank/append/16384/domain=16384/bytes=264/nulls=false/limit=4/last=false,candidate,51,8.0,32869533.0,Flat
engine/memory/window_rank/append/16384/domain=16384/bytes=264/nulls=false/limit=4/last=false,candidate,52,8.0,31526957.0,Flat
engine/memory/window_rank/append/16384/domain=16384/bytes=264/nulls=false/limit=4/last=false,candidate,53,8.0,33140648.0,Flat
engine/memory/window_rank/append/16384/domain=16384/bytes=264/nulls=false/limit=4/last=false,candidate,54,8.0,32890578.0,Flat
engine/memory/window_rank/append/16384/domain=16384/bytes=264/nulls=false/limit=4/last=false,candidate,55,8.0,33211145.0,Flat
engine/memory/window_rank/append/16384/domain=16384/bytes=264/nulls=false/limit=4/last=false,candidate,56,8.0,32516897.0,Flat
engine/memory/window_rank/append/16384/domain=16384/bytes=264/nulls=false/limit=4/last=false,candidate,57,8.0,32836403.0,Flat
engine/memory/window_rank/append/16384/domain=16384/bytes=264/nulls=false/limit=4/last=false,candidate,58,8.0,32959119.0,Flat
engine/memory/window_rank/append/16384/domain=16384/bytes=264/nulls=false/limit=4/last=false,candidate,59,8.0,33568266.0,Flat
engine/memory/window_rank/append/16384/domain=16384/bytes=264/nulls=false/limit=4/last=false,candidate,60,8.0,33711326.0,Flat
engine/memory/window_rank/append/16384/domain=16384/bytes=264/nulls=false/limit=4/last=false,candidate,61,8.0,34673031.0,Flat
engine/memory/window_rank/append/16384/domain=16384/bytes=264/nulls=false/limit=4/last=false,candidate,62,8.0,33047272.0,Flat
engine/memory/window_rank/append/16384/domain=16384/bytes=264/nulls=false/limit=4/last=false,candidate,63,8.0,32893174.0,Flat
engine/memory/window_rank/append/16384/domain=16384/bytes=264/nulls=false/limit=4/last=false,candidate,64,8.0,33169239.0,Flat
engine/memory/window_rank/append/16384/domain=16384/bytes=264/nulls=false/limit=4/last=false,candidate,65,8.0,32275760.0,Flat
engine/memory/window_rank/append/16384/domain=16384/bytes=264/nulls=false/limit=4/last=false,candidate,66,8.0,33054951.0,Flat
engine/memory/window_rank/append/16384/domain=16384/bytes=264/nulls=false/limit=4/last=false,candidate,67,8.0,34319799.0,Flat
engine/memory/window_rank/append/16384/domain=16384/bytes=264/nulls=false/limit=4/last=false,candidate,68,8.0,34111014.0,Flat
engine/memory/window_rank/append/16384/domain=16384/bytes=264/nulls=false/limit=4/last=false,candidate,69,8.0,33067969.0,Flat
engine/memory/window_rank/append/16384/domain=16384/bytes=264/nulls=false/limit=4/last=false,candidate,70,8.0,32881303.0,Flat
engine/memory/window_rank/append/16384/domain=16384/bytes=264/nulls=false/limit=4/last=false,candidate,71,8.0,33216656.0,Flat
engine/memory/window_rank/append/16384/domain=16384/bytes=264/nulls=false/limit=4/last=false,candidate,72,8.0,33435880.0,Flat
engine/memory/window_rank/append/16384/domain=16384/bytes=264/nulls=false/limit=4/last=false,candidate,73,8.0,33389374.0,Flat
engine/memory/window_rank/append/16384/domain=16384/bytes=264/nulls=false/limit=4/last=false,candidate,74,8.0,34097246.0,Flat
engine/memory/window_rank/append/16384/domain=16384/bytes=264/nulls=false/limit=4/last=false,candidate,75,8.0,33297053.0,Flat
engine/memory/window_rank/append/16384/domain=16384/bytes=264/nulls=false/limit=4/last=false,candidate,76,8.0,32472146.0,Flat
engine/memory/window_rank/append/16384/domain=16384/bytes=264/nulls=false/limit=4/last=false,candidate,77,8.0,33248179.0,Flat
engine/memory/window_rank/append/16384/domain=16384/bytes=264/nulls=false/limit=4/last=false,candidate,78,8.0,34575456.0,Flat
engine/memory/window_rank/append/16384/domain=16384/bytes=264/nulls=false/limit=4/last=false,candidate,79,8.0,33053987.0,Flat
engine/memory/window_rank/append/16384/domain=16384/bytes=264/nulls=false/limit=4/last=false,candidate,80,8.0,33247582.0,Flat
engine/memory/window_rank/append/16384/domain=16384/bytes=264/nulls=false/limit=4/last=false,candidate,81,8.0,34097784.0,Flat
engine/memory/window_rank/append/16384/domain=16384/bytes=264/nulls=false/limit=4/last=false,candidate,82,8.0,34074236.0,Flat
engine/memory/window_rank/append/16384/domain=16384/bytes=264/nulls=false/limit=4/last=false,candidate,83,8.0,34217328.0,Flat
engine/memory/window_rank/append/16384/domain=16384/bytes=264/nulls=false/limit=4/last=false,candidate,84,8.0,32815540.0,Flat
engine/memory/window_rank/append/16384/domain=16384/bytes=264/nulls=false/limit=4/last=false,candidate,85,8.0,33854680.0,Flat
engine/memory/window_rank/append/16384/domain=16384/bytes=264/nulls=false/limit=4/last=false,candidate,86,8.0,32530206.0,Flat
engine/memory/window_rank/append/16384/domain=16384/bytes=264/nulls=false/limit=4/last=false,candidate,87,8.0,33521386.0,Flat
engine/memory/window_rank/append/16384/domain=16384/bytes=264/nulls=false/limit=4/last=false,candidate,88,8.0,32085098.0,Flat
engine/memory/window_rank/append/16384/domain=16384/bytes=264/nulls=false/limit=4/last=false,candidate,89,8.0,32554600.0,Flat
engine/memory/window_rank/append/16384/domain=16384/bytes=264/nulls=false/limit=4/last=false,candidate,90,8.0,33472005.0,Flat
engine/memory/window_rank/append/16384/domain=16384/bytes=264/nulls=false/limit=4/last=false,candidate,91,8.0,33586236.0,Flat
engine/memory/window_rank/append/16384/domain=16384/bytes=264/nulls=false/limit=4/last=false,candidate,92,8.0,32953063.0,Flat
engine/memory/window_rank/append/16384/domain=16384/bytes=264/nulls=false/limit=4/last=false,candidate,93,8.0,32510476.0,Flat
engine/memory/window_rank/append/16384/domain=16384/bytes=264/nulls=false/limit=4/last=false,candidate,94,8.0,33641624.0,Flat
engine/memory/window_rank/append/16384/domain=16384/bytes=264/nulls=false/limit=4/last=false,candidate,95,8.0,33736139.0,Flat
engine/memory/window_rank/append/16384/domain=16384/bytes=264/nulls=false/limit=4/last=false,candidate,96,8.0,33709457.0,Flat
engine/memory/window_rank/append/16384/domain=16384/bytes=264/nulls=false/limit=4/last=false,candidate,97,8.0,32784873.0,Flat
engine/memory/window_rank/append/16384/domain=16384/bytes=264/nulls=false/limit=4/last=false,candidate,98,8.0,34367909.0,Flat
engine/memory/window_rank/append/16384/domain=16384/bytes=264/nulls=false/limit=4/last=false,candidate,99,8.0,35329302.0,Flat
engine/memory/window_rank/append/16384/domain=16384/bytes=264/nulls=true/limit=1/last=false,original,0,8.0,31865283.0,Flat
engine/memory/window_rank/append/16384/domain=16384/bytes=264/nulls=true/limit=1/last=false,original,1,8.0,33111782.0,Flat
engine/memory/window_rank/append/16384/domain=16384/bytes=264/nulls=true/limit=1/last=false,original,2,8.0,30954703.0,Flat
engine/memory/window_rank/append/16384/domain=16384/bytes=264/nulls=true/limit=1/last=false,original,3,8.0,35065254.0,Flat
engine/memory/window_rank/append/16384/domain=16384/bytes=264/nulls=true/limit=1/last=false,original,4,8.0,31331160.0,Flat
engine/memory/window_rank/append/16384/domain=16384/bytes=264/nulls=true/limit=1/last=false,original,5,8.0,32457887.0,Flat
engine/memory/window_rank/append/16384/domain=16384/bytes=264/nulls=true/limit=1/last=false,original,6,8.0,29329953.0,Flat
engine/memory/window_rank/append/16384/domain=16384/bytes=264/nulls=true/limit=1/last=false,original,7,8.0,29651326.0,Flat
engine/memory/window_rank/append/16384/domain=16384/bytes=264/nulls=true/limit=1/last=false,original,8,8.0,33237882.0,Flat
engine/memory/window_rank/append/16384/domain=16384/bytes=264/nulls=true/limit=1/last=false,original,9,8.0,32679068.0,Flat
engine/memory/window_rank/append/16384/domain=16384/bytes=264/nulls=true/limit=1/last=false,original,10,8.0,31979260.0,Flat
engine/memory/window_rank/append/16384/domain=16384/bytes=264/nulls=true/limit=1/last=false,original,11,8.0,31558618.0,Flat
engine/memory/window_rank/append/16384/domain=16384/bytes=264/nulls=true/limit=1/last=false,original,12,8.0,32456114.0,Flat
engine/memory/window_rank/append/16384/domain=16384/bytes=264/nulls=true/limit=1/last=false,original,13,8.0,31625850.0,Flat
engine/memory/window_rank/append/16384/domain=16384/bytes=264/nulls=true/limit=1/last=false,original,14,8.0,29667560.0,Flat
engine/memory/window_rank/append/16384/domain=16384/bytes=264/nulls=true/limit=1/last=false,original,15,8.0,29361270.0,Flat
engine/memory/window_rank/append/16384/domain=16384/bytes=264/nulls=true/limit=1/last=false,original,16,8.0,29530874.0,Flat
engine/memory/window_rank/append/16384/domain=16384/bytes=264/nulls=true/limit=1/last=false,original,17,8.0,31655005.0,Flat
engine/memory/window_rank/append/16384/domain=16384/bytes=264/nulls=true/limit=1/last=false,original,18,8.0,33510615.0,Flat
engine/memory/window_rank/append/16384/domain=16384/bytes=264/nulls=true/limit=1/last=false,original,19,8.0,33243143.0,Flat
engine/memory/window_rank/append/16384/domain=16384/bytes=264/nulls=true/limit=1/last=false,original,20,8.0,34223358.0,Flat
engine/memory/window_rank/append/16384/domain=16384/bytes=264/nulls=true/limit=1/last=false,original,21,8.0,33839387.0,Flat
engine/memory/window_rank/append/16384/domain=16384/bytes=264/nulls=true/limit=1/last=false,original,22,8.0,34178011.0,Flat
engine/memory/window_rank/append/16384/domain=16384/bytes=264/nulls=true/limit=1/last=false,original,23,8.0,34299015.0,Flat
engine/memory/window_rank/append/16384/domain=16384/bytes=264/nulls=true/limit=1/last=false,original,24,8.0,33600300.0,Flat
engine/memory/window_rank/append/16384/domain=16384/bytes=264/nulls=true/limit=1/last=false,original,25,8.0,34087058.0,Flat
engine/memory/window_rank/append/16384/domain=16384/bytes=264/nulls=true/limit=1/last=false,original,26,8.0,33388548.0,Flat
engine/memory/window_rank/append/16384/domain=16384/bytes=264/nulls=true/limit=1/last=false,original,27,8.0,33821372.0,Flat
engine/memory/window_rank/append/16384/domain=16384/bytes=264/nulls=true/limit=1/last=false,original,28,8.0,32798316.0,Flat
engine/memory/window_rank/append/16384/domain=16384/bytes=264/nulls=true/limit=1/last=false,original,29,8.0,34198679.0,Flat
engine/memory/window_rank/append/16384/domain=16384/bytes=264/nulls=true/limit=1/last=false,original,30,8.0,32802139.0,Flat
engine/memory/window_rank/append/16384/domain=16384/bytes=264/nulls=true/limit=1/last=false,original,31,8.0,36428071.0,Flat
engine/memory/window_rank/append/16384/domain=16384/bytes=264/nulls=true/limit=1/last=false,original,32,8.0,35676229.0,Flat
engine/memory/window_rank/append/16384/domain=16384/bytes=264/nulls=true/limit=1/last=false,original,33,8.0,33955943.0,Flat
engine/memory/window_rank/append/16384/domain=16384/bytes=264/nulls=true/limit=1/last=false,original,34,8.0,34620980.0,Flat
engine/memory/window_rank/append/16384/domain=16384/bytes=264/nulls=true/limit=1/last=false,original,35,8.0,34006781.0,Flat
engine/memory/window_rank/append/16384/domain=16384/bytes=264/nulls=true/limit=1/last=false,original,36,8.0,34041556.0,Flat
engine/memory/window_rank/append/16384/domain=16384/bytes=264/nulls=true/limit=1/last=false,original,37,8.0,33375460.0,Flat
engine/memory/window_rank/append/16384/domain=16384/bytes=264/nulls=true/limit=1/last=false,original,38,8.0,34252911.0,Flat
engine/memory/window_rank/append/16384/domain=16384/bytes=264/nulls=true/limit=1/last=false,original,39,8.0,33750218.0,Flat
engine/memory/window_rank/append/16384/domain=16384/bytes=264/nulls=true/limit=1/last=false,original,40,8.0,33960510.0,Flat
engine/memory/window_rank/append/16384/domain=16384/bytes=264/nulls=true/limit=1/last=false,original,41,8.0,33551428.0,Flat
engine/memory/window_rank/append/16384/domain=16384/bytes=264/nulls=true/limit=1/last=false,original,42,8.0,32979397.0,Flat
engine/memory/window_rank/append/16384/domain=16384/bytes=264/nulls=true/limit=1/last=false,original,43,8.0,34466763.0,Flat
engine/memory/window_rank/append/16384/domain=16384/bytes=264/nulls=true/limit=1/last=false,original,44,8.0,34229792.0,Flat
engine/memory/window_rank/append/16384/domain=16384/bytes=264/nulls=true/limit=1/last=false,original,45,8.0,34272310.0,Flat
engine/memory/window_rank/append/16384/domain=16384/bytes=264/nulls=true/limit=1/last=false,original,46,8.0,34252776.0,Flat
engine/memory/window_rank/append/16384/domain=16384/bytes=264/nulls=true/limit=1/last=false,original,47,8.0,36725563.0,Flat
engine/memory/window_rank/append/16384/domain=16384/bytes=264/nulls=true/limit=1/last=false,original,48,8.0,32489131.0,Flat
engine/memory/window_rank/append/16384/domain=16384/bytes=264/nulls=true/limit=1/last=false,original,49,8.0,33425029.0,Flat
engine/memory/window_rank/append/16384/domain=16384/bytes=264/nulls=true/limit=1/last=false,original,50,8.0,32198280.0,Flat
engine/memory/window_rank/append/16384/domain=16384/bytes=264/nulls=true/limit=1/last=false,original,51,8.0,31538041.0,Flat
engine/memory/window_rank/append/16384/domain=16384/bytes=264/nulls=true/limit=1/last=false,original,52,8.0,29073916.0,Flat
engine/memory/window_rank/append/16384/domain=16384/bytes=264/nulls=true/limit=1/last=false,original,53,8.0,30421058.0,Flat
engine/memory/window_rank/append/16384/domain=16384/bytes=264/nulls=true/limit=1/last=false,original,54,8.0,30284843.0,Flat
engine/memory/window_rank/append/16384/domain=16384/bytes=264/nulls=true/limit=1/last=false,original,55,8.0,33199530.0,Flat
engine/memory/window_rank/append/16384/domain=16384/bytes=264/nulls=true/limit=1/last=false,original,56,8.0,28920502.0,Flat
engine/memory/window_rank/append/16384/domain=16384/bytes=264/nulls=true/limit=1/last=false,original,57,8.0,30807980.0,Flat
engine/memory/window_rank/append/16384/domain=16384/bytes=264/nulls=true/limit=1/last=false,original,58,8.0,30185411.0,Flat
engine/memory/window_rank/append/16384/domain=16384/bytes=264/nulls=true/limit=1/last=false,original,59,8.0,31453128.0,Flat
engine/memory/window_rank/append/16384/domain=16384/bytes=264/nulls=true/limit=1/last=false,original,60,8.0,30342908.0,Flat
engine/memory/window_rank/append/16384/domain=16384/bytes=264/nulls=true/limit=1/last=false,original,61,8.0,32056104.0,Flat
engine/memory/window_rank/append/16384/domain=16384/bytes=264/nulls=true/limit=1/last=false,original,62,8.0,29807724.0,Flat
engine/memory/window_rank/append/16384/domain=16384/bytes=264/nulls=true/limit=1/last=false,original,63,8.0,33674082.0,Flat
engine/memory/window_rank/append/16384/domain=16384/bytes=264/nulls=true/limit=1/last=false,original,64,8.0,29555300.0,Flat
engine/memory/window_rank/append/16384/domain=16384/bytes=264/nulls=true/limit=1/last=false,original,65,8.0,29975725.0,Flat
engine/memory/window_rank/append/16384/domain=16384/bytes=264/nulls=true/limit=1/last=false,original,66,8.0,30221504.0,Flat
engine/memory/window_rank/append/16384/domain=16384/bytes=264/nulls=true/limit=1/last=false,original,67,8.0,30494956.0,Flat
engine/memory/window_rank/append/16384/domain=16384/bytes=264/nulls=true/limit=1/last=false,original,68,8.0,31177009.0,Flat
engine/memory/window_rank/append/16384/domain=16384/bytes=264/nulls=true/limit=1/last=false,original,69,8.0,29963243.0,Flat
engine/memory/window_rank/append/16384/domain=16384/bytes=264/nulls=true/limit=1/last=false,original,70,8.0,28908396.0,Flat
engine/memory/window_rank/append/16384/domain=16384/bytes=264/nulls=true/limit=1/last=false,original,71,8.0,32312919.0,Flat
engine/memory/window_rank/append/16384/domain=16384/bytes=264/nulls=true/limit=1/last=false,original,72,8.0,31545085.0,Flat
engine/memory/window_rank/append/16384/domain=16384/bytes=264/nulls=true/limit=1/last=false,original,73,8.0,30231051.0,Flat
engine/memory/window_rank/append/16384/domain=16384/bytes=264/nulls=true/limit=1/last=false,original,74,8.0,30397359.0,Flat
engine/memory/window_rank/append/16384/domain=16384/bytes=264/nulls=true/limit=1/last=false,original,75,8.0,30567139.0,Flat
engine/memory/window_rank/append/16384/domain=16384/bytes=264/nulls=true/limit=1/last=false,original,76,8.0,29152136.0,Flat
engine/memory/window_rank/append/16384/domain=16384/bytes=264/nulls=true/limit=1/last=false,original,77,8.0,31608245.0,Flat
engine/memory/window_rank/append/16384/domain=16384/bytes=264/nulls=true/limit=1/last=false,original,78,8.0,29145692.0,Flat
engine/memory/window_rank/append/16384/domain=16384/bytes=264/nulls=true/limit=1/last=false,original,79,8.0,30672132.0,Flat
engine/memory/window_rank/append/16384/domain=16384/bytes=264/nulls=true/limit=1/last=false,original,80,8.0,30481379.0,Flat
engine/memory/window_rank/append/16384/domain=16384/bytes=264/nulls=true/limit=1/last=false,original,81,8.0,30207590.0,Flat
engine/memory/window_rank/append/16384/domain=16384/bytes=264/nulls=true/limit=1/last=false,original,82,8.0,31199897.0,Flat
engine/memory/window_rank/append/16384/domain=16384/bytes=264/nulls=true/limit=1/last=false,original,83,8.0,30481137.0,Flat
engine/memory/window_rank/append/16384/domain=16384/bytes=264/nulls=true/limit=1/last=false,original,84,8.0,32180889.0,Flat
engine/memory/window_rank/append/16384/domain=16384/bytes=264/nulls=true/limit=1/last=false,original,85,8.0,29191005.0,Flat
engine/memory/window_rank/append/16384/domain=16384/bytes=264/nulls=true/limit=1/last=false,original,86,8.0,30899554.0,Flat
engine/memory/window_rank/append/16384/domain=16384/bytes=264/nulls=true/limit=1/last=false,original,87,8.0,30018262.0,Flat
engine/memory/window_rank/append/16384/domain=16384/bytes=264/nulls=true/limit=1/last=false,original,88,8.0,31945402.0,Flat
engine/memory/window_rank/append/16384/domain=16384/bytes=264/nulls=true/limit=1/last=false,original,89,8.0,30328504.0,Flat
engine/memory/window_rank/append/16384/domain=16384/bytes=264/nulls=true/limit=1/last=false,original,90,8.0,32157279.0,Flat
engine/memory/window_rank/append/16384/domain=16384/bytes=264/nulls=true/limit=1/last=false,original,91,8.0,31997470.0,Flat
engine/memory/window_rank/append/16384/domain=16384/bytes=264/nulls=true/limit=1/last=false,original,92,8.0,29524691.0,Flat
engine/memory/window_rank/append/16384/domain=16384/bytes=264/nulls=true/limit=1/last=false,original,93,8.0,30204012.0,Flat
engine/memory/window_rank/append/16384/domain=16384/bytes=264/nulls=true/limit=1/last=false,original,94,8.0,31708523.0,Flat
engine/memory/window_rank/append/16384/domain=16384/bytes=264/nulls=true/limit=1/last=false,original,95,8.0,30180043.0,Flat
engine/memory/window_rank/append/16384/domain=16384/bytes=264/nulls=true/limit=1/last=false,original,96,8.0,29959104.0,Flat
engine/memory/window_rank/append/16384/domain=16384/bytes=264/nulls=true/limit=1/last=false,original,97,8.0,30454399.0,Flat
engine/memory/window_rank/append/16384/domain=16384/bytes=264/nulls=true/limit=1/last=false,original,98,8.0,31197001.0,Flat
engine/memory/window_rank/append/16384/domain=16384/bytes=264/nulls=true/limit=1/last=false,original,99,8.0,30153358.0,Flat
engine/memory/window_rank/append/16384/domain=16384/bytes=264/nulls=true/limit=1/last=false,candidate,0,8.0,33205258.0,Flat
engine/memory/window_rank/append/16384/domain=16384/bytes=264/nulls=true/limit=1/last=false,candidate,1,8.0,33605021.0,Flat
engine/memory/window_rank/append/16384/domain=16384/bytes=264/nulls=true/limit=1/last=false,candidate,2,8.0,32848746.0,Flat
engine/memory/window_rank/append/16384/domain=16384/bytes=264/nulls=true/limit=1/last=false,candidate,3,8.0,32951383.0,Flat
engine/memory/window_rank/append/16384/domain=16384/bytes=264/nulls=true/limit=1/last=false,candidate,4,8.0,33476058.0,Flat
engine/memory/window_rank/append/16384/domain=16384/bytes=264/nulls=true/limit=1/last=false,candidate,5,8.0,32684349.0,Flat
engine/memory/window_rank/append/16384/domain=16384/bytes=264/nulls=true/limit=1/last=false,candidate,6,8.0,33690000.0,Flat
engine/memory/window_rank/append/16384/domain=16384/bytes=264/nulls=true/limit=1/last=false,candidate,7,8.0,32153912.0,Flat
engine/memory/window_rank/append/16384/domain=16384/bytes=264/nulls=true/limit=1/last=false,candidate,8,8.0,34612647.0,Flat
engine/memory/window_rank/append/16384/domain=16384/bytes=264/nulls=true/limit=1/last=false,candidate,9,8.0,35198362.0,Flat
engine/memory/window_rank/append/16384/domain=16384/bytes=264/nulls=true/limit=1/last=false,candidate,10,8.0,31916061.0,Flat
engine/memory/window_rank/append/16384/domain=16384/bytes=264/nulls=true/limit=1/last=false,candidate,11,8.0,32473762.0,Flat
engine/memory/window_rank/append/16384/domain=16384/bytes=264/nulls=true/limit=1/last=false,candidate,12,8.0,33271123.0,Flat
engine/memory/window_rank/append/16384/domain=16384/bytes=264/nulls=true/limit=1/last=false,candidate,13,8.0,32602340.0,Flat
engine/memory/window_rank/append/16384/domain=16384/bytes=264/nulls=true/limit=1/last=false,candidate,14,8.0,33519782.0,Flat
engine/memory/window_rank/append/16384/domain=16384/bytes=264/nulls=true/limit=1/last=false,candidate,15,8.0,33079225.0,Flat
engine/memory/window_rank/append/16384/domain=16384/bytes=264/nulls=true/limit=1/last=false,candidate,16,8.0,31738700.0,Flat
engine/memory/window_rank/append/16384/domain=16384/bytes=264/nulls=true/limit=1/last=false,candidate,17,8.0,33505158.0,Flat
engine/memory/window_rank/append/16384/domain=16384/bytes=264/nulls=true/limit=1/last=false,candidate,18,8.0,34271186.0,Flat
engine/memory/window_rank/append/16384/domain=16384/bytes=264/nulls=true/limit=1/last=false,candidate,19,8.0,32551105.0,Flat
engine/memory/window_rank/append/16384/domain=16384/bytes=264/nulls=true/limit=1/last=false,candidate,20,8.0,32991524.0,Flat
engine/memory/window_rank/append/16384/domain=16384/bytes=264/nulls=true/limit=1/last=false,candidate,21,8.0,32306713.0,Flat
engine/memory/window_rank/append/16384/domain=16384/bytes=264/nulls=true/limit=1/last=false,candidate,22,8.0,33292046.0,Flat
engine/memory/window_rank/append/16384/domain=16384/bytes=264/nulls=true/limit=1/last=false,candidate,23,8.0,32359279.0,Flat
engine/memory/window_rank/append/16384/domain=16384/bytes=264/nulls=true/limit=1/last=false,candidate,24,8.0,32864966.0,Flat
engine/memory/window_rank/append/16384/domain=16384/bytes=264/nulls=true/limit=1/last=false,candidate,25,8.0,31646506.0,Flat
engine/memory/window_rank/append/16384/domain=16384/bytes=264/nulls=true/limit=1/last=false,candidate,26,8.0,32322328.0,Flat
engine/memory/window_rank/append/16384/domain=16384/bytes=264/nulls=true/limit=1/last=false,candidate,27,8.0,32744493.0,Flat
engine/memory/window_rank/append/16384/domain=16384/bytes=264/nulls=true/limit=1/last=false,candidate,28,8.0,33870220.0,Flat
engine/memory/window_rank/append/16384/domain=16384/bytes=264/nulls=true/limit=1/last=false,candidate,29,8.0,31787177.0,Flat
engine/memory/window_rank/append/16384/domain=16384/bytes=264/nulls=true/limit=1/last=false,candidate,30,8.0,33573807.0,Flat
engine/memory/window_rank/append/16384/domain=16384/bytes=264/nulls=true/limit=1/last=false,candidate,31,8.0,32778968.0,Flat
engine/memory/window_rank/append/16384/domain=16384/bytes=264/nulls=true/limit=1/last=false,candidate,32,8.0,33189672.0,Flat
engine/memory/window_rank/append/16384/domain=16384/bytes=264/nulls=true/limit=1/last=false,candidate,33,8.0,35483677.0,Flat
engine/memory/window_rank/append/16384/domain=16384/bytes=264/nulls=true/limit=1/last=false,candidate,34,8.0,34266521.0,Flat
engine/memory/window_rank/append/16384/domain=16384/bytes=264/nulls=true/limit=1/last=false,candidate,35,8.0,32588289.0,Flat
engine/memory/window_rank/append/16384/domain=16384/bytes=264/nulls=true/limit=1/last=false,candidate,36,8.0,33002939.0,Flat
engine/memory/window_rank/append/16384/domain=16384/bytes=264/nulls=true/limit=1/last=false,candidate,37,8.0,32724659.0,Flat
engine/memory/window_rank/append/16384/domain=16384/bytes=264/nulls=true/limit=1/last=false,candidate,38,8.0,33065885.0,Flat
engine/memory/window_rank/append/16384/domain=16384/bytes=264/nulls=true/limit=1/last=false,candidate,39,8.0,33206154.0,Flat
engine/memory/window_rank/append/16384/domain=16384/bytes=264/nulls=true/limit=1/last=false,candidate,40,8.0,31532028.0,Flat
engine/memory/window_rank/append/16384/domain=16384/bytes=264/nulls=true/limit=1/last=false,candidate,41,8.0,32390715.0,Flat
engine/memory/window_rank/append/16384/domain=16384/bytes=264/nulls=true/limit=1/last=false,candidate,42,8.0,31823600.0,Flat
engine/memory/window_rank/append/16384/domain=16384/bytes=264/nulls=true/limit=1/last=false,candidate,43,8.0,34727567.0,Flat
engine/memory/window_rank/append/16384/domain=16384/bytes=264/nulls=true/limit=1/last=false,candidate,44,8.0,34090502.0,Flat
engine/memory/window_rank/append/16384/domain=16384/bytes=264/nulls=true/limit=1/last=false,candidate,45,8.0,33512760.0,Flat
engine/memory/window_rank/append/16384/domain=16384/bytes=264/nulls=true/limit=1/last=false,candidate,46,8.0,32866296.0,Flat
engine/memory/window_rank/append/16384/domain=16384/bytes=264/nulls=true/limit=1/last=false,candidate,47,8.0,32955113.0,Flat
engine/memory/window_rank/append/16384/domain=16384/bytes=264/nulls=true/limit=1/last=false,candidate,48,8.0,34540969.0,Flat
engine/memory/window_rank/append/16384/domain=16384/bytes=264/nulls=true/limit=1/last=false,candidate,49,8.0,31741406.0,Flat
engine/memory/window_rank/append/16384/domain=16384/bytes=264/nulls=true/limit=1/last=false,candidate,50,8.0,32622568.0,Flat
engine/memory/window_rank/append/16384/domain=16384/bytes=264/nulls=true/limit=1/last=false,candidate,51,8.0,32290426.0,Flat
engine/memory/window_rank/append/16384/domain=16384/bytes=264/nulls=true/limit=1/last=false,candidate,52,8.0,32918272.0,Flat
engine/memory/window_rank/append/16384/domain=16384/bytes=264/nulls=true/limit=1/last=false,candidate,53,8.0,33988639.0,Flat
engine/memory/window_rank/append/16384/domain=16384/bytes=264/nulls=true/limit=1/last=false,candidate,54,8.0,32263930.0,Flat
engine/memory/window_rank/append/16384/domain=16384/bytes=264/nulls=true/limit=1/last=false,candidate,55,8.0,35490843.0,Flat
engine/memory/window_rank/append/16384/domain=16384/bytes=264/nulls=true/limit=1/last=false,candidate,56,8.0,32618998.0,Flat
engine/memory/window_rank/append/16384/domain=16384/bytes=264/nulls=true/limit=1/last=false,candidate,57,8.0,32813201.0,Flat
engine/memory/window_rank/append/16384/domain=16384/bytes=264/nulls=true/limit=1/last=false,candidate,58,8.0,32378598.0,Flat
engine/memory/window_rank/append/16384/domain=16384/bytes=264/nulls=true/limit=1/last=false,candidate,59,8.0,32922525.0,Flat
engine/memory/window_rank/append/16384/domain=16384/bytes=264/nulls=true/limit=1/last=false,candidate,60,8.0,31698931.0,Flat
engine/memory/window_rank/append/16384/domain=16384/bytes=264/nulls=true/limit=1/last=false,candidate,61,8.0,31855655.0,Flat
engine/memory/window_rank/append/16384/domain=16384/bytes=264/nulls=true/limit=1/last=false,candidate,62,8.0,32942505.0,Flat
engine/memory/window_rank/append/16384/domain=16384/bytes=264/nulls=true/limit=1/last=false,candidate,63,8.0,32791087.0,Flat
engine/memory/window_rank/append/16384/domain=16384/bytes=264/nulls=true/limit=1/last=false,candidate,64,8.0,33343645.0,Flat
engine/memory/window_rank/append/16384/domain=16384/bytes=264/nulls=true/limit=1/last=false,candidate,65,8.0,31922754.0,Flat
engine/memory/window_rank/append/16384/domain=16384/bytes=264/nulls=true/limit=1/last=false,candidate,66,8.0,32063794.0,Flat
engine/memory/window_rank/append/16384/domain=16384/bytes=264/nulls=true/limit=1/last=false,candidate,67,8.0,31743577.0,Flat
engine/memory/window_rank/append/16384/domain=16384/bytes=264/nulls=true/limit=1/last=false,candidate,68,8.0,32844738.0,Flat
engine/memory/window_rank/append/16384/domain=16384/bytes=264/nulls=true/limit=1/last=false,candidate,69,8.0,32264229.0,Flat
engine/memory/window_rank/append/16384/domain=16384/bytes=264/nulls=true/limit=1/last=false,candidate,70,8.0,32214410.0,Flat
engine/memory/window_rank/append/16384/domain=16384/bytes=264/nulls=true/limit=1/last=false,candidate,71,8.0,33966736.0,Flat
engine/memory/window_rank/append/16384/domain=16384/bytes=264/nulls=true/limit=1/last=false,candidate,72,8.0,33190793.0,Flat
engine/memory/window_rank/append/16384/domain=16384/bytes=264/nulls=true/limit=1/last=false,candidate,73,8.0,32906703.0,Flat
engine/memory/window_rank/append/16384/domain=16384/bytes=264/nulls=true/limit=1/last=false,candidate,74,8.0,32130685.0,Flat
engine/memory/window_rank/append/16384/domain=16384/bytes=264/nulls=true/limit=1/last=false,candidate,75,8.0,34379945.0,Flat
engine/memory/window_rank/append/16384/domain=16384/bytes=264/nulls=true/limit=1/last=false,candidate,76,8.0,31418694.0,Flat
engine/memory/window_rank/append/16384/domain=16384/bytes=264/nulls=true/limit=1/last=false,candidate,77,8.0,32421559.0,Flat
engine/memory/window_rank/append/16384/domain=16384/bytes=264/nulls=true/limit=1/last=false,candidate,78,8.0,31560136.0,Flat
engine/memory/window_rank/append/16384/domain=16384/bytes=264/nulls=true/limit=1/last=false,candidate,79,8.0,34064297.0,Flat
engine/memory/window_rank/append/16384/domain=16384/bytes=264/nulls=true/limit=1/last=false,candidate,80,8.0,33347257.0,Flat
engine/memory/window_rank/append/16384/domain=16384/bytes=264/nulls=true/limit=1/last=false,candidate,81,8.0,32953426.0,Flat
engine/memory/window_rank/append/16384/domain=16384/bytes=264/nulls=true/limit=1/last=false,candidate,82,8.0,34066267.0,Flat
engine/memory/window_rank/append/16384/domain=16384/bytes=264/nulls=true/limit=1/last=false,candidate,83,8.0,31969701.0,Flat
engine/memory/window_rank/append/16384/domain=16384/bytes=264/nulls=true/limit=1/last=false,candidate,84,8.0,31759409.0,Flat
engine/memory/window_rank/append/16384/domain=16384/bytes=264/nulls=true/limit=1/last=false,candidate,85,8.0,31771060.0,Flat
engine/memory/window_rank/append/16384/domain=16384/bytes=264/nulls=true/limit=1/last=false,candidate,86,8.0,33121229.0,Flat
engine/memory/window_rank/append/16384/domain=16384/bytes=264/nulls=true/limit=1/last=false,candidate,87,8.0,32331461.0,Flat
engine/memory/window_rank/append/16384/domain=16384/bytes=264/nulls=true/limit=1/last=false,candidate,88,8.0,33295994.0,Flat
engine/memory/window_rank/append/16384/domain=16384/bytes=264/nulls=true/limit=1/last=false,candidate,89,8.0,32118131.0,Flat
engine/memory/window_rank/append/16384/domain=16384/bytes=264/nulls=true/limit=1/last=false,candidate,90,8.0,33226347.0,Flat
engine/memory/window_rank/append/16384/domain=16384/bytes=264/nulls=true/limit=1/last=false,candidate,91,8.0,31974938.0,Flat
engine/memory/window_rank/append/16384/domain=16384/bytes=264/nulls=true/limit=1/last=false,candidate,92,8.0,33700295.0,Flat
engine/memory/window_rank/append/16384/domain=16384/bytes=264/nulls=true/limit=1/last=false,candidate,93,8.0,33133719.0,Flat
engine/memory/window_rank/append/16384/domain=16384/bytes=264/nulls=true/limit=1/last=false,candidate,94,8.0,31577557.0,Flat
engine/memory/window_rank/append/16384/domain=16384/bytes=264/nulls=true/limit=1/last=false,candidate,95,8.0,32157948.0,Flat
engine/memory/window_rank/append/16384/domain=16384/bytes=264/nulls=true/limit=1/last=false,candidate,96,8.0,32504142.0,Flat
engine/memory/window_rank/append/16384/domain=16384/bytes=264/nulls=true/limit=1/last=false,candidate,97,8.0,31781883.0,Flat
engine/memory/window_rank/append/16384/domain=16384/bytes=264/nulls=true/limit=1/last=false,candidate,98,8.0,31920828.0,Flat
engine/memory/window_rank/append/16384/domain=16384/bytes=264/nulls=true/limit=1/last=false,candidate,99,8.0,31932360.0,Flat
engine/memory/window_rank/append/16384/domain=16384/bytes=8/nulls=false/limit=1/last=false,original,0,9.0,36762964.0,Flat
engine/memory/window_rank/append/16384/domain=16384/bytes=8/nulls=false/limit=1/last=false,original,1,9.0,32901740.0,Flat
engine/memory/window_rank/append/16384/domain=16384/bytes=8/nulls=false/limit=1/last=false,original,2,9.0,33126537.0,Flat
engine/memory/window_rank/append/16384/domain=16384/bytes=8/nulls=false/limit=1/last=false,original,3,9.0,34719260.0,Flat
engine/memory/window_rank/append/16384/domain=16384/bytes=8/nulls=false/limit=1/last=false,original,4,9.0,34475127.0,Flat
engine/memory/window_rank/append/16384/domain=16384/bytes=8/nulls=false/limit=1/last=false,original,5,9.0,32014573.0,Flat
engine/memory/window_rank/append/16384/domain=16384/bytes=8/nulls=false/limit=1/last=false,original,6,9.0,32022856.0,Flat
engine/memory/window_rank/append/16384/domain=16384/bytes=8/nulls=false/limit=1/last=false,original,7,9.0,31987019.0,Flat
engine/memory/window_rank/append/16384/domain=16384/bytes=8/nulls=false/limit=1/last=false,original,8,9.0,31696705.0,Flat
engine/memory/window_rank/append/16384/domain=16384/bytes=8/nulls=false/limit=1/last=false,original,9,9.0,32716990.0,Flat
engine/memory/window_rank/append/16384/domain=16384/bytes=8/nulls=false/limit=1/last=false,original,10,9.0,32832684.0,Flat
engine/memory/window_rank/append/16384/domain=16384/bytes=8/nulls=false/limit=1/last=false,original,11,9.0,30997252.0,Flat
engine/memory/window_rank/append/16384/domain=16384/bytes=8/nulls=false/limit=1/last=false,original,12,9.0,32123421.0,Flat
engine/memory/window_rank/append/16384/domain=16384/bytes=8/nulls=false/limit=1/last=false,original,13,9.0,31599802.0,Flat
engine/memory/window_rank/append/16384/domain=16384/bytes=8/nulls=false/limit=1/last=false,original,14,9.0,32726078.0,Flat
engine/memory/window_rank/append/16384/domain=16384/bytes=8/nulls=false/limit=1/last=false,original,15,9.0,31803306.0,Flat
engine/memory/window_rank/append/16384/domain=16384/bytes=8/nulls=false/limit=1/last=false,original,16,9.0,32068249.0,Flat
engine/memory/window_rank/append/16384/domain=16384/bytes=8/nulls=false/limit=1/last=false,original,17,9.0,31444286.0,Flat
engine/memory/window_rank/append/16384/domain=16384/bytes=8/nulls=false/limit=1/last=false,original,18,9.0,33050450.0,Flat
engine/memory/window_rank/append/16384/domain=16384/bytes=8/nulls=false/limit=1/last=false,original,19,9.0,31287953.0,Flat
engine/memory/window_rank/append/16384/domain=16384/bytes=8/nulls=false/limit=1/last=false,original,20,9.0,31288344.0,Flat
engine/memory/window_rank/append/16384/domain=16384/bytes=8/nulls=false/limit=1/last=false,original,21,9.0,31066745.0,Flat
engine/memory/window_rank/append/16384/domain=16384/bytes=8/nulls=false/limit=1/last=false,original,22,9.0,32633320.0,Flat
engine/memory/window_rank/append/16384/domain=16384/bytes=8/nulls=false/limit=1/last=false,original,23,9.0,32849994.0,Flat
engine/memory/window_rank/append/16384/domain=16384/bytes=8/nulls=false/limit=1/last=false,original,24,9.0,34190108.0,Flat
engine/memory/window_rank/append/16384/domain=16384/bytes=8/nulls=false/limit=1/last=false,original,25,9.0,33993880.0,Flat
engine/memory/window_rank/append/16384/domain=16384/bytes=8/nulls=false/limit=1/last=false,original,26,9.0,31570999.0,Flat
engine/memory/window_rank/append/16384/domain=16384/bytes=8/nulls=false/limit=1/last=false,original,27,9.0,31899765.0,Flat
engine/memory/window_rank/append/16384/domain=16384/bytes=8/nulls=false/limit=1/last=false,original,28,9.0,32939586.0,Flat
engine/memory/window_rank/append/16384/domain=16384/bytes=8/nulls=false/limit=1/last=false,original,29,9.0,32094746.0,Flat
engine/memory/window_rank/append/16384/domain=16384/bytes=8/nulls=false/limit=1/last=false,original,30,9.0,31390072.0,Flat
engine/memory/window_rank/append/16384/domain=16384/bytes=8/nulls=false/limit=1/last=false,original,31,9.0,33368843.0,Flat
engine/memory/window_rank/append/16384/domain=16384/bytes=8/nulls=false/limit=1/last=false,original,32,9.0,31562796.0,Flat
engine/memory/window_rank/append/16384/domain=16384/bytes=8/nulls=false/limit=1/last=false,original,33,9.0,33422735.0,Flat
engine/memory/window_rank/append/16384/domain=16384/bytes=8/nulls=false/limit=1/last=false,original,34,9.0,32658766.0,Flat
engine/memory/window_rank/append/16384/domain=16384/bytes=8/nulls=false/limit=1/last=false,original,35,9.0,31118381.0,Flat
engine/memory/window_rank/append/16384/domain=16384/bytes=8/nulls=false/limit=1/last=false,original,36,9.0,32536391.0,Flat
engine/memory/window_rank/append/16384/domain=16384/bytes=8/nulls=false/limit=1/last=false,original,37,9.0,34568184.0,Flat
engine/memory/window_rank/append/16384/domain=16384/bytes=8/nulls=false/limit=1/last=false,original,38,9.0,33829724.0,Flat
engine/memory/window_rank/append/16384/domain=16384/bytes=8/nulls=false/limit=1/last=false,original,39,9.0,33715999.0,Flat
engine/memory/window_rank/append/16384/domain=16384/bytes=8/nulls=false/limit=1/last=false,original,40,9.0,33483301.0,Flat
engine/memory/window_rank/append/16384/domain=16384/bytes=8/nulls=false/limit=1/last=false,original,41,9.0,31065953.0,Flat
engine/memory/window_rank/append/16384/domain=16384/bytes=8/nulls=false/limit=1/last=false,original,42,9.0,32435697.0,Flat
engine/memory/window_rank/append/16384/domain=16384/bytes=8/nulls=false/limit=1/last=false,original,43,9.0,34369121.0,Flat
engine/memory/window_rank/append/16384/domain=16384/bytes=8/nulls=false/limit=1/last=false,original,44,9.0,33193860.0,Flat
engine/memory/window_rank/append/16384/domain=16384/bytes=8/nulls=false/limit=1/last=false,original,45,9.0,31720502.0,Flat
engine/memory/window_rank/append/16384/domain=16384/bytes=8/nulls=false/limit=1/last=false,original,46,9.0,33793405.0,Flat
engine/memory/window_rank/append/16384/domain=16384/bytes=8/nulls=false/limit=1/last=false,original,47,9.0,34025999.0,Flat
engine/memory/window_rank/append/16384/domain=16384/bytes=8/nulls=false/limit=1/last=false,original,48,9.0,33218361.0,Flat
engine/memory/window_rank/append/16384/domain=16384/bytes=8/nulls=false/limit=1/last=false,original,49,9.0,34201693.0,Flat
engine/memory/window_rank/append/16384/domain=16384/bytes=8/nulls=false/limit=1/last=false,original,50,9.0,31518500.0,Flat
engine/memory/window_rank/append/16384/domain=16384/bytes=8/nulls=false/limit=1/last=false,original,51,9.0,31783516.0,Flat
engine/memory/window_rank/append/16384/domain=16384/bytes=8/nulls=false/limit=1/last=false,original,52,9.0,32308281.0,Flat
engine/memory/window_rank/append/16384/domain=16384/bytes=8/nulls=false/limit=1/last=false,original,53,9.0,31826400.0,Flat
engine/memory/window_rank/append/16384/domain=16384/bytes=8/nulls=false/limit=1/last=false,original,54,9.0,33398013.0,Flat
engine/memory/window_rank/append/16384/domain=16384/bytes=8/nulls=false/limit=1/last=false,original,55,9.0,31860361.0,Flat
engine/memory/window_rank/append/16384/domain=16384/bytes=8/nulls=false/limit=1/last=false,original,56,9.0,31570022.0,Flat
engine/memory/window_rank/append/16384/domain=16384/bytes=8/nulls=false/limit=1/last=false,original,57,9.0,31155244.0,Flat
engine/memory/window_rank/append/16384/domain=16384/bytes=8/nulls=false/limit=1/last=false,original,58,9.0,32883287.0,Flat
engine/memory/window_rank/append/16384/domain=16384/bytes=8/nulls=false/limit=1/last=false,original,59,9.0,31749117.0,Flat
engine/memory/window_rank/append/16384/domain=16384/bytes=8/nulls=false/limit=1/last=false,original,60,9.0,33206458.0,Flat
engine/memory/window_rank/append/16384/domain=16384/bytes=8/nulls=false/limit=1/last=false,original,61,9.0,31599434.0,Flat
engine/memory/window_rank/append/16384/domain=16384/bytes=8/nulls=false/limit=1/last=false,original,62,9.0,31769069.0,Flat
engine/memory/window_rank/append/16384/domain=16384/bytes=8/nulls=false/limit=1/last=false,original,63,9.0,31298994.0,Flat
engine/memory/window_rank/append/16384/domain=16384/bytes=8/nulls=false/limit=1/last=false,original,64,9.0,31952311.0,Flat
engine/memory/window_rank/append/16384/domain=16384/bytes=8/nulls=false/limit=1/last=false,original,65,9.0,31366850.0,Flat
engine/memory/window_rank/append/16384/domain=16384/bytes=8/nulls=false/limit=1/last=false,original,66,9.0,32856907.0,Flat
engine/memory/window_rank/append/16384/domain=16384/bytes=8/nulls=false/limit=1/last=false,original,67,9.0,32520903.0,Flat
engine/memory/window_rank/append/16384/domain=16384/bytes=8/nulls=false/limit=1/last=false,original,68,9.0,34127612.0,Flat
engine/memory/window_rank/append/16384/domain=16384/bytes=8/nulls=false/limit=1/last=false,original,69,9.0,31052341.0,Flat
engine/memory/window_rank/append/16384/domain=16384/bytes=8/nulls=false/limit=1/last=false,original,70,9.0,32081489.0,Flat
engine/memory/window_rank/append/16384/domain=16384/bytes=8/nulls=false/limit=1/last=false,original,71,9.0,32557758.0,Flat
engine/memory/window_rank/append/16384/domain=16384/bytes=8/nulls=false/limit=1/last=false,original,72,9.0,32104826.0,Flat
engine/memory/window_rank/append/16384/domain=16384/bytes=8/nulls=false/limit=1/last=false,original,73,9.0,31554582.0,Flat
engine/memory/window_rank/append/16384/domain=16384/bytes=8/nulls=false/limit=1/last=false,original,74,9.0,31894113.0,Flat
engine/memory/window_rank/append/16384/domain=16384/bytes=8/nulls=false/limit=1/last=false,original,75,9.0,31149363.0,Flat
engine/memory/window_rank/append/16384/domain=16384/bytes=8/nulls=false/limit=1/last=false,original,76,9.0,32426867.0,Flat
engine/memory/window_rank/append/16384/domain=16384/bytes=8/nulls=false/limit=1/last=false,original,77,9.0,31336007.0,Flat
engine/memory/window_rank/append/16384/domain=16384/bytes=8/nulls=false/limit=1/last=false,original,78,9.0,31445967.0,Flat
engine/memory/window_rank/append/16384/domain=16384/bytes=8/nulls=false/limit=1/last=false,original,79,9.0,31921845.0,Flat
engine/memory/window_rank/append/16384/domain=16384/bytes=8/nulls=false/limit=1/last=false,original,80,9.0,32429673.0,Flat
engine/memory/window_rank/append/16384/domain=16384/bytes=8/nulls=false/limit=1/last=false,original,81,9.0,32192659.0,Flat
engine/memory/window_rank/append/16384/domain=16384/bytes=8/nulls=false/limit=1/last=false,original,82,9.0,33099354.0,Flat
engine/memory/window_rank/append/16384/domain=16384/bytes=8/nulls=false/limit=1/last=false,original,83,9.0,32666029.0,Flat
engine/memory/window_rank/append/16384/domain=16384/bytes=8/nulls=false/limit=1/last=false,original,84,9.0,32204455.0,Flat
engine/memory/window_rank/append/16384/domain=16384/bytes=8/nulls=false/limit=1/last=false,original,85,9.0,32101234.0,Flat
engine/memory/window_rank/append/16384/domain=16384/bytes=8/nulls=false/limit=1/last=false,original,86,9.0,31346489.0,Flat
engine/memory/window_rank/append/16384/domain=16384/bytes=8/nulls=false/limit=1/last=false,original,87,9.0,33126945.0,Flat
engine/memory/window_rank/append/16384/domain=16384/bytes=8/nulls=false/limit=1/last=false,original,88,9.0,31297644.0,Flat
engine/memory/window_rank/append/16384/domain=16384/bytes=8/nulls=false/limit=1/last=false,original,89,9.0,32611228.0,Flat
engine/memory/window_rank/append/16384/domain=16384/bytes=8/nulls=false/limit=1/last=false,original,90,9.0,31324369.0,Flat
engine/memory/window_rank/append/16384/domain=16384/bytes=8/nulls=false/limit=1/last=false,original,91,9.0,33762934.0,Flat
engine/memory/window_rank/append/16384/domain=16384/bytes=8/nulls=false/limit=1/last=false,original,92,9.0,34093862.0,Flat
engine/memory/window_rank/append/16384/domain=16384/bytes=8/nulls=false/limit=1/last=false,original,93,9.0,33788408.0,Flat
engine/memory/window_rank/append/16384/domain=16384/bytes=8/nulls=false/limit=1/last=false,original,94,9.0,31786977.0,Flat
engine/memory/window_rank/append/16384/domain=16384/bytes=8/nulls=false/limit=1/last=false,original,95,9.0,32949404.0,Flat
engine/memory/window_rank/append/16384/domain=16384/bytes=8/nulls=false/limit=1/last=false,original,96,9.0,32728051.0,Flat
engine/memory/window_rank/append/16384/domain=16384/bytes=8/nulls=false/limit=1/last=false,original,97,9.0,32351138.0,Flat
engine/memory/window_rank/append/16384/domain=16384/bytes=8/nulls=false/limit=1/last=false,original,98,9.0,31542708.0,Flat
engine/memory/window_rank/append/16384/domain=16384/bytes=8/nulls=false/limit=1/last=false,original,99,9.0,31117901.0,Flat
engine/memory/window_rank/append/16384/domain=16384/bytes=8/nulls=false/limit=1/last=false,candidate,0,8.0,29507802.0,Flat
engine/memory/window_rank/append/16384/domain=16384/bytes=8/nulls=false/limit=1/last=false,candidate,1,8.0,31435451.0,Flat
engine/memory/window_rank/append/16384/domain=16384/bytes=8/nulls=false/limit=1/last=false,candidate,2,8.0,31649870.0,Flat
engine/memory/window_rank/append/16384/domain=16384/bytes=8/nulls=false/limit=1/last=false,candidate,3,8.0,29797555.0,Flat
engine/memory/window_rank/append/16384/domain=16384/bytes=8/nulls=false/limit=1/last=false,candidate,4,8.0,31748406.0,Flat
engine/memory/window_rank/append/16384/domain=16384/bytes=8/nulls=false/limit=1/last=false,candidate,5,8.0,31735836.0,Flat
engine/memory/window_rank/append/16384/domain=16384/bytes=8/nulls=false/limit=1/last=false,candidate,6,8.0,29955605.0,Flat
engine/memory/window_rank/append/16384/domain=16384/bytes=8/nulls=false/limit=1/last=false,candidate,7,8.0,29890280.0,Flat
engine/memory/window_rank/append/16384/domain=16384/bytes=8/nulls=false/limit=1/last=false,candidate,8,8.0,29850251.0,Flat
engine/memory/window_rank/append/16384/domain=16384/bytes=8/nulls=false/limit=1/last=false,candidate,9,8.0,29853613.0,Flat
engine/memory/window_rank/append/16384/domain=16384/bytes=8/nulls=false/limit=1/last=false,candidate,10,8.0,33412456.0,Flat
engine/memory/window_rank/append/16384/domain=16384/bytes=8/nulls=false/limit=1/last=false,candidate,11,8.0,32040363.0,Flat
engine/memory/window_rank/append/16384/domain=16384/bytes=8/nulls=false/limit=1/last=false,candidate,12,8.0,31439452.0,Flat
engine/memory/window_rank/append/16384/domain=16384/bytes=8/nulls=false/limit=1/last=false,candidate,13,8.0,30838779.0,Flat
engine/memory/window_rank/append/16384/domain=16384/bytes=8/nulls=false/limit=1/last=false,candidate,14,8.0,29511805.0,Flat
engine/memory/window_rank/append/16384/domain=16384/bytes=8/nulls=false/limit=1/last=false,candidate,15,8.0,29539330.0,Flat
engine/memory/window_rank/append/16384/domain=16384/bytes=8/nulls=false/limit=1/last=false,candidate,16,8.0,31877233.0,Flat
engine/memory/window_rank/append/16384/domain=16384/bytes=8/nulls=false/limit=1/last=false,candidate,17,8.0,32203610.0,Flat
engine/memory/window_rank/append/16384/domain=16384/bytes=8/nulls=false/limit=1/last=false,candidate,18,8.0,30529085.0,Flat
engine/memory/window_rank/append/16384/domain=16384/bytes=8/nulls=false/limit=1/last=false,candidate,19,8.0,29361204.0,Flat
engine/memory/window_rank/append/16384/domain=16384/bytes=8/nulls=false/limit=1/last=false,candidate,20,8.0,31686323.0,Flat
engine/memory/window_rank/append/16384/domain=16384/bytes=8/nulls=false/limit=1/last=false,candidate,21,8.0,31599265.0,Flat
engine/memory/window_rank/append/16384/domain=16384/bytes=8/nulls=false/limit=1/last=false,candidate,22,8.0,30032796.0,Flat
engine/memory/window_rank/append/16384/domain=16384/bytes=8/nulls=false/limit=1/last=false,candidate,23,8.0,30988398.0,Flat
engine/memory/window_rank/append/16384/domain=16384/bytes=8/nulls=false/limit=1/last=false,candidate,24,8.0,33090031.0,Flat
engine/memory/window_rank/append/16384/domain=16384/bytes=8/nulls=false/limit=1/last=false,candidate,25,8.0,31292037.0,Flat
engine/memory/window_rank/append/16384/domain=16384/bytes=8/nulls=false/limit=1/last=false,candidate,26,8.0,30245989.0,Flat
engine/memory/window_rank/append/16384/domain=16384/bytes=8/nulls=false/limit=1/last=false,candidate,27,8.0,31633595.0,Flat
engine/memory/window_rank/append/16384/domain=16384/bytes=8/nulls=false/limit=1/last=false,candidate,28,8.0,30477360.0,Flat
engine/memory/window_rank/append/16384/domain=16384/bytes=8/nulls=false/limit=1/last=false,candidate,29,8.0,30234422.0,Flat
engine/memory/window_rank/append/16384/domain=16384/bytes=8/nulls=false/limit=1/last=false,candidate,30,8.0,30165979.0,Flat
engine/memory/window_rank/append/16384/domain=16384/bytes=8/nulls=false/limit=1/last=false,candidate,31,8.0,29532557.0,Flat
engine/memory/window_rank/append/16384/domain=16384/bytes=8/nulls=false/limit=1/last=false,candidate,32,8.0,29881699.0,Flat
engine/memory/window_rank/append/16384/domain=16384/bytes=8/nulls=false/limit=1/last=false,candidate,33,8.0,31072971.0,Flat
engine/memory/window_rank/append/16384/domain=16384/bytes=8/nulls=false/limit=1/last=false,candidate,34,8.0,31911067.0,Flat
engine/memory/window_rank/append/16384/domain=16384/bytes=8/nulls=false/limit=1/last=false,candidate,35,8.0,29812412.0,Flat
engine/memory/window_rank/append/16384/domain=16384/bytes=8/nulls=false/limit=1/last=false,candidate,36,8.0,31404707.0,Flat
engine/memory/window_rank/append/16384/domain=16384/bytes=8/nulls=false/limit=1/last=false,candidate,37,8.0,29886618.0,Flat
engine/memory/window_rank/append/16384/domain=16384/bytes=8/nulls=false/limit=1/last=false,candidate,38,8.0,30671884.0,Flat
engine/memory/window_rank/append/16384/domain=16384/bytes=8/nulls=false/limit=1/last=false,candidate,39,8.0,29851328.0,Flat
engine/memory/window_rank/append/16384/domain=16384/bytes=8/nulls=false/limit=1/last=false,candidate,40,8.0,30228247.0,Flat
engine/memory/window_rank/append/16384/domain=16384/bytes=8/nulls=false/limit=1/last=false,candidate,41,8.0,30534168.0,Flat
engine/memory/window_rank/append/16384/domain=16384/bytes=8/nulls=false/limit=1/last=false,candidate,42,8.0,30496457.0,Flat
engine/memory/window_rank/append/16384/domain=16384/bytes=8/nulls=false/limit=1/last=false,candidate,43,8.0,32828850.0,Flat
engine/memory/window_rank/append/16384/domain=16384/bytes=8/nulls=false/limit=1/last=false,candidate,44,8.0,31750154.0,Flat
engine/memory/window_rank/append/16384/domain=16384/bytes=8/nulls=false/limit=1/last=false,candidate,45,8.0,31102306.0,Flat
engine/memory/window_rank/append/16384/domain=16384/bytes=8/nulls=false/limit=1/last=false,candidate,46,8.0,29641623.0,Flat
engine/memory/window_rank/append/16384/domain=16384/bytes=8/nulls=false/limit=1/last=false,candidate,47,8.0,33963429.0,Flat
engine/memory/window_rank/append/16384/domain=16384/bytes=8/nulls=false/limit=1/last=false,candidate,48,8.0,30455508.0,Flat
engine/memory/window_rank/append/16384/domain=16384/bytes=8/nulls=false/limit=1/last=false,candidate,49,8.0,29888601.0,Flat
engine/memory/window_rank/append/16384/domain=16384/bytes=8/nulls=false/limit=1/last=false,candidate,50,8.0,32739312.0,Flat
engine/memory/window_rank/append/16384/domain=16384/bytes=8/nulls=false/limit=1/last=false,candidate,51,8.0,32780634.0,Flat
engine/memory/window_rank/append/16384/domain=16384/bytes=8/nulls=false/limit=1/last=false,candidate,52,8.0,32313156.0,Flat
engine/memory/window_rank/append/16384/domain=16384/bytes=8/nulls=false/limit=1/last=false,candidate,53,8.0,30057434.0,Flat
engine/memory/window_rank/append/16384/domain=16384/bytes=8/nulls=false/limit=1/last=false,candidate,54,8.0,30557626.0,Flat
engine/memory/window_rank/append/16384/domain=16384/bytes=8/nulls=false/limit=1/last=false,candidate,55,8.0,29762750.0,Flat
engine/memory/window_rank/append/16384/domain=16384/bytes=8/nulls=false/limit=1/last=false,candidate,56,8.0,30141892.0,Flat
engine/memory/window_rank/append/16384/domain=16384/bytes=8/nulls=false/limit=1/last=false,candidate,57,8.0,30213675.0,Flat
engine/memory/window_rank/append/16384/domain=16384/bytes=8/nulls=false/limit=1/last=false,candidate,58,8.0,29616581.0,Flat
engine/memory/window_rank/append/16384/domain=16384/bytes=8/nulls=false/limit=1/last=false,candidate,59,8.0,30417231.0,Flat
engine/memory/window_rank/append/16384/domain=16384/bytes=8/nulls=false/limit=1/last=false,candidate,60,8.0,29994152.0,Flat
engine/memory/window_rank/append/16384/domain=16384/bytes=8/nulls=false/limit=1/last=false,candidate,61,8.0,32017257.0,Flat
engine/memory/window_rank/append/16384/domain=16384/bytes=8/nulls=false/limit=1/last=false,candidate,62,8.0,29588783.0,Flat
engine/memory/window_rank/append/16384/domain=16384/bytes=8/nulls=false/limit=1/last=false,candidate,63,8.0,31477773.0,Flat
engine/memory/window_rank/append/16384/domain=16384/bytes=8/nulls=false/limit=1/last=false,candidate,64,8.0,31602459.0,Flat
engine/memory/window_rank/append/16384/domain=16384/bytes=8/nulls=false/limit=1/last=false,candidate,65,8.0,30758093.0,Flat
engine/memory/window_rank/append/16384/domain=16384/bytes=8/nulls=false/limit=1/last=false,candidate,66,8.0,30134754.0,Flat
engine/memory/window_rank/append/16384/domain=16384/bytes=8/nulls=false/limit=1/last=false,candidate,67,8.0,32314518.0,Flat
engine/memory/window_rank/append/16384/domain=16384/bytes=8/nulls=false/limit=1/last=false,candidate,68,8.0,29824243.0,Flat
engine/memory/window_rank/append/16384/domain=16384/bytes=8/nulls=false/limit=1/last=false,candidate,69,8.0,30723102.0,Flat
engine/memory/window_rank/append/16384/domain=16384/bytes=8/nulls=false/limit=1/last=false,candidate,70,8.0,31343209.0,Flat
engine/memory/window_rank/append/16384/domain=16384/bytes=8/nulls=false/limit=1/last=false,candidate,71,8.0,29685884.0,Flat
engine/memory/window_rank/append/16384/domain=16384/bytes=8/nulls=false/limit=1/last=false,candidate,72,8.0,32928406.0,Flat
engine/memory/window_rank/append/16384/domain=16384/bytes=8/nulls=false/limit=1/last=false,candidate,73,8.0,31041216.0,Flat
engine/memory/window_rank/append/16384/domain=16384/bytes=8/nulls=false/limit=1/last=false,candidate,74,8.0,31007289.0,Flat
engine/memory/window_rank/append/16384/domain=16384/bytes=8/nulls=false/limit=1/last=false,candidate,75,8.0,29536058.0,Flat
engine/memory/window_rank/append/16384/domain=16384/bytes=8/nulls=false/limit=1/last=false,candidate,76,8.0,31722730.0,Flat
engine/memory/window_rank/append/16384/domain=16384/bytes=8/nulls=false/limit=1/last=false,candidate,77,8.0,31002952.0,Flat
engine/memory/window_rank/append/16384/domain=16384/bytes=8/nulls=false/limit=1/last=false,candidate,78,8.0,31150609.0,Flat
engine/memory/window_rank/append/16384/domain=16384/bytes=8/nulls=false/limit=1/last=false,candidate,79,8.0,30435028.0,Flat
engine/memory/window_rank/append/16384/domain=16384/bytes=8/nulls=false/limit=1/last=false,candidate,80,8.0,30677142.0,Flat
engine/memory/window_rank/append/16384/domain=16384/bytes=8/nulls=false/limit=1/last=false,candidate,81,8.0,29327972.0,Flat
engine/memory/window_rank/append/16384/domain=16384/bytes=8/nulls=false/limit=1/last=false,candidate,82,8.0,30673938.0,Flat
engine/memory/window_rank/append/16384/domain=16384/bytes=8/nulls=false/limit=1/last=false,candidate,83,8.0,29709891.0,Flat
engine/memory/window_rank/append/16384/domain=16384/bytes=8/nulls=false/limit=1/last=false,candidate,84,8.0,30168954.0,Flat
engine/memory/window_rank/append/16384/domain=16384/bytes=8/nulls=false/limit=1/last=false,candidate,85,8.0,29775735.0,Flat
engine/memory/window_rank/append/16384/domain=16384/bytes=8/nulls=false/limit=1/last=false,candidate,86,8.0,30072741.0,Flat
engine/memory/window_rank/append/16384/domain=16384/bytes=8/nulls=false/limit=1/last=false,candidate,87,8.0,30217028.0,Flat
engine/memory/window_rank/append/16384/domain=16384/bytes=8/nulls=false/limit=1/last=false,candidate,88,8.0,31438961.0,Flat
engine/memory/window_rank/append/16384/domain=16384/bytes=8/nulls=false/limit=1/last=false,candidate,89,8.0,30125038.0,Flat
engine/memory/window_rank/append/16384/domain=16384/bytes=8/nulls=false/limit=1/last=false,candidate,90,8.0,30533217.0,Flat
engine/memory/window_rank/append/16384/domain=16384/bytes=8/nulls=false/limit=1/last=false,candidate,91,8.0,30653442.0,Flat
engine/memory/window_rank/append/16384/domain=16384/bytes=8/nulls=false/limit=1/last=false,candidate,92,8.0,31077025.0,Flat
engine/memory/window_rank/append/16384/domain=16384/bytes=8/nulls=false/limit=1/last=false,candidate,93,8.0,30810193.0,Flat
engine/memory/window_rank/append/16384/domain=16384/bytes=8/nulls=false/limit=1/last=false,candidate,94,8.0,31018847.0,Flat
engine/memory/window_rank/append/16384/domain=16384/bytes=8/nulls=false/limit=1/last=false,candidate,95,8.0,30785387.0,Flat
engine/memory/window_rank/append/16384/domain=16384/bytes=8/nulls=false/limit=1/last=false,candidate,96,8.0,29930763.0,Flat
engine/memory/window_rank/append/16384/domain=16384/bytes=8/nulls=false/limit=1/last=false,candidate,97,8.0,30343486.0,Flat
engine/memory/window_rank/append/16384/domain=16384/bytes=8/nulls=false/limit=1/last=false,candidate,98,8.0,31691087.0,Flat
engine/memory/window_rank/append/16384/domain=16384/bytes=8/nulls=false/limit=1/last=false,candidate,99,8.0,30021841.0,Flat
engine/memory/window_rank/append/16384/domain=8/bytes=264/nulls=false/limit=1/last=false,original,0,22.0,51376190.0,Flat
engine/memory/window_rank/append/16384/domain=8/bytes=264/nulls=false/limit=1/last=false,original,1,22.0,50436977.0,Flat
engine/memory/window_rank/append/16384/domain=8/bytes=264/nulls=false/limit=1/last=false,original,2,22.0,51480901.0,Flat
engine/memory/window_rank/append/16384/domain=8/bytes=264/nulls=false/limit=1/last=false,original,3,22.0,49902652.0,Flat
engine/memory/window_rank/append/16384/domain=8/bytes=264/nulls=false/limit=1/last=false,original,4,22.0,50613807.0,Flat
engine/memory/window_rank/append/16384/domain=8/bytes=264/nulls=false/limit=1/last=false,original,5,22.0,50442459.0,Flat
engine/memory/window_rank/append/16384/domain=8/bytes=264/nulls=false/limit=1/last=false,original,6,22.0,50912834.0,Flat
engine/memory/window_rank/append/16384/domain=8/bytes=264/nulls=false/limit=1/last=false,original,7,22.0,50163093.0,Flat
engine/memory/window_rank/append/16384/domain=8/bytes=264/nulls=false/limit=1/last=false,original,8,22.0,50786882.0,Flat
engine/memory/window_rank/append/16384/domain=8/bytes=264/nulls=false/limit=1/last=false,original,9,22.0,50481658.0,Flat
engine/memory/window_rank/append/16384/domain=8/bytes=264/nulls=false/limit=1/last=false,original,10,22.0,50616903.0,Flat
engine/memory/window_rank/append/16384/domain=8/bytes=264/nulls=false/limit=1/last=false,original,11,22.0,49891705.0,Flat
engine/memory/window_rank/append/16384/domain=8/bytes=264/nulls=false/limit=1/last=false,original,12,22.0,52834685.0,Flat
engine/memory/window_rank/append/16384/domain=8/bytes=264/nulls=false/limit=1/last=false,original,13,22.0,50370643.0,Flat
engine/memory/window_rank/append/16384/domain=8/bytes=264/nulls=false/limit=1/last=false,original,14,22.0,50033650.0,Flat
engine/memory/window_rank/append/16384/domain=8/bytes=264/nulls=false/limit=1/last=false,original,15,22.0,51227389.0,Flat
engine/memory/window_rank/append/16384/domain=8/bytes=264/nulls=false/limit=1/last=false,original,16,22.0,50719188.0,Flat
engine/memory/window_rank/append/16384/domain=8/bytes=264/nulls=false/limit=1/last=false,original,17,22.0,50053722.0,Flat
engine/memory/window_rank/append/16384/domain=8/bytes=264/nulls=false/limit=1/last=false,original,18,22.0,50920066.0,Flat
engine/memory/window_rank/append/16384/domain=8/bytes=264/nulls=false/limit=1/last=false,original,19,22.0,50333076.0,Flat
engine/memory/window_rank/append/16384/domain=8/bytes=264/nulls=false/limit=1/last=false,original,20,22.0,50995359.0,Flat
engine/memory/window_rank/append/16384/domain=8/bytes=264/nulls=false/limit=1/last=false,original,21,22.0,50647268.0,Flat
engine/memory/window_rank/append/16384/domain=8/bytes=264/nulls=false/limit=1/last=false,original,22,22.0,51178441.0,Flat
engine/memory/window_rank/append/16384/domain=8/bytes=264/nulls=false/limit=1/last=false,original,23,22.0,49302931.0,Flat
engine/memory/window_rank/append/16384/domain=8/bytes=264/nulls=false/limit=1/last=false,original,24,22.0,50740584.0,Flat
engine/memory/window_rank/append/16384/domain=8/bytes=264/nulls=false/limit=1/last=false,original,25,22.0,50596801.0,Flat
engine/memory/window_rank/append/16384/domain=8/bytes=264/nulls=false/limit=1/last=false,original,26,22.0,51580269.0,Flat
engine/memory/window_rank/append/16384/domain=8/bytes=264/nulls=false/limit=1/last=false,original,27,22.0,51074809.0,Flat
engine/memory/window_rank/append/16384/domain=8/bytes=264/nulls=false/limit=1/last=false,original,28,22.0,51076730.0,Flat
engine/memory/window_rank/append/16384/domain=8/bytes=264/nulls=false/limit=1/last=false,original,29,22.0,50345352.0,Flat
engine/memory/window_rank/append/16384/domain=8/bytes=264/nulls=false/limit=1/last=false,original,30,22.0,50845349.0,Flat
engine/memory/window_rank/append/16384/domain=8/bytes=264/nulls=false/limit=1/last=false,original,31,22.0,50686855.0,Flat
engine/memory/window_rank/append/16384/domain=8/bytes=264/nulls=false/limit=1/last=false,original,32,22.0,51865834.0,Flat
engine/memory/window_rank/append/16384/domain=8/bytes=264/nulls=false/limit=1/last=false,original,33,22.0,50652373.0,Flat
engine/memory/window_rank/append/16384/domain=8/bytes=264/nulls=false/limit=1/last=false,original,34,22.0,51607131.0,Flat
engine/memory/window_rank/append/16384/domain=8/bytes=264/nulls=false/limit=1/last=false,original,35,22.0,50280453.0,Flat
engine/memory/window_rank/append/16384/domain=8/bytes=264/nulls=false/limit=1/last=false,original,36,22.0,49917844.0,Flat
engine/memory/window_rank/append/16384/domain=8/bytes=264/nulls=false/limit=1/last=false,original,37,22.0,49976134.0,Flat
engine/memory/window_rank/append/16384/domain=8/bytes=264/nulls=false/limit=1/last=false,original,38,22.0,50687639.0,Flat
engine/memory/window_rank/append/16384/domain=8/bytes=264/nulls=false/limit=1/last=false,original,39,22.0,51165592.0,Flat
engine/memory/window_rank/append/16384/domain=8/bytes=264/nulls=false/limit=1/last=false,original,40,22.0,52559322.0,Flat
engine/memory/window_rank/append/16384/domain=8/bytes=264/nulls=false/limit=1/last=false,original,41,22.0,50106037.0,Flat
engine/memory/window_rank/append/16384/domain=8/bytes=264/nulls=false/limit=1/last=false,original,42,22.0,50013635.0,Flat
engine/memory/window_rank/append/16384/domain=8/bytes=264/nulls=false/limit=1/last=false,original,43,22.0,52228557.0,Flat
engine/memory/window_rank/append/16384/domain=8/bytes=264/nulls=false/limit=1/last=false,original,44,22.0,51201801.0,Flat
engine/memory/window_rank/append/16384/domain=8/bytes=264/nulls=false/limit=1/last=false,original,45,22.0,50983820.0,Flat
engine/memory/window_rank/append/16384/domain=8/bytes=264/nulls=false/limit=1/last=false,original,46,22.0,50077597.0,Flat
engine/memory/window_rank/append/16384/domain=8/bytes=264/nulls=false/limit=1/last=false,original,47,22.0,50660970.0,Flat
engine/memory/window_rank/append/16384/domain=8/bytes=264/nulls=false/limit=1/last=false,original,48,22.0,50197367.0,Flat
engine/memory/window_rank/append/16384/domain=8/bytes=264/nulls=false/limit=1/last=false,original,49,22.0,50183858.0,Flat
engine/memory/window_rank/append/16384/domain=8/bytes=264/nulls=false/limit=1/last=false,original,50,22.0,50521215.0,Flat
engine/memory/window_rank/append/16384/domain=8/bytes=264/nulls=false/limit=1/last=false,original,51,22.0,51082809.0,Flat
engine/memory/window_rank/append/16384/domain=8/bytes=264/nulls=false/limit=1/last=false,original,52,22.0,50487264.0,Flat
engine/memory/window_rank/append/16384/domain=8/bytes=264/nulls=false/limit=1/last=false,original,53,22.0,55008608.0,Flat
engine/memory/window_rank/append/16384/domain=8/bytes=264/nulls=false/limit=1/last=false,original,54,22.0,52903988.0,Flat
engine/memory/window_rank/append/16384/domain=8/bytes=264/nulls=false/limit=1/last=false,original,55,22.0,51923806.0,Flat
engine/memory/window_rank/append/16384/domain=8/bytes=264/nulls=false/limit=1/last=false,original,56,22.0,51499084.0,Flat
engine/memory/window_rank/append/16384/domain=8/bytes=264/nulls=false/limit=1/last=false,original,57,22.0,50193161.0,Flat
engine/memory/window_rank/append/16384/domain=8/bytes=264/nulls=false/limit=1/last=false,original,58,22.0,50777338.0,Flat
engine/memory/window_rank/append/16384/domain=8/bytes=264/nulls=false/limit=1/last=false,original,59,22.0,51447804.0,Flat
engine/memory/window_rank/append/16384/domain=8/bytes=264/nulls=false/limit=1/last=false,original,60,22.0,50031360.0,Flat
engine/memory/window_rank/append/16384/domain=8/bytes=264/nulls=false/limit=1/last=false,original,61,22.0,51932987.0,Flat
engine/memory/window_rank/append/16384/domain=8/bytes=264/nulls=false/limit=1/last=false,original,62,22.0,51200980.0,Flat
engine/memory/window_rank/append/16384/domain=8/bytes=264/nulls=false/limit=1/last=false,original,63,22.0,52855780.0,Flat
engine/memory/window_rank/append/16384/domain=8/bytes=264/nulls=false/limit=1/last=false,original,64,22.0,50256482.0,Flat
engine/memory/window_rank/append/16384/domain=8/bytes=264/nulls=false/limit=1/last=false,original,65,22.0,51685192.0,Flat
engine/memory/window_rank/append/16384/domain=8/bytes=264/nulls=false/limit=1/last=false,original,66,22.0,51160381.0,Flat
engine/memory/window_rank/append/16384/domain=8/bytes=264/nulls=false/limit=1/last=false,original,67,22.0,50770295.0,Flat
engine/memory/window_rank/append/16384/domain=8/bytes=264/nulls=false/limit=1/last=false,original,68,22.0,50429576.0,Flat
engine/memory/window_rank/append/16384/domain=8/bytes=264/nulls=false/limit=1/last=false,original,69,22.0,50887294.0,Flat
engine/memory/window_rank/append/16384/domain=8/bytes=264/nulls=false/limit=1/last=false,original,70,22.0,51847641.0,Flat
engine/memory/window_rank/append/16384/domain=8/bytes=264/nulls=false/limit=1/last=false,original,71,22.0,50850612.0,Flat
engine/memory/window_rank/append/16384/domain=8/bytes=264/nulls=false/limit=1/last=false,original,72,22.0,51792487.0,Flat
engine/memory/window_rank/append/16384/domain=8/bytes=264/nulls=false/limit=1/last=false,original,73,22.0,51802639.0,Flat
engine/memory/window_rank/append/16384/domain=8/bytes=264/nulls=false/limit=1/last=false,original,74,22.0,50897660.0,Flat
engine/memory/window_rank/append/16384/domain=8/bytes=264/nulls=false/limit=1/last=false,original,75,22.0,51336055.0,Flat
engine/memory/window_rank/append/16384/domain=8/bytes=264/nulls=false/limit=1/last=false,original,76,22.0,50770071.0,Flat
engine/memory/window_rank/append/16384/domain=8/bytes=264/nulls=false/limit=1/last=false,original,77,22.0,51870026.0,Flat
engine/memory/window_rank/append/16384/domain=8/bytes=264/nulls=false/limit=1/last=false,original,78,22.0,52597274.0,Flat
engine/memory/window_rank/append/16384/domain=8/bytes=264/nulls=false/limit=1/last=false,original,79,22.0,53558307.0,Flat
engine/memory/window_rank/append/16384/domain=8/bytes=264/nulls=false/limit=1/last=false,original,80,22.0,50551292.0,Flat
engine/memory/window_rank/append/16384/domain=8/bytes=264/nulls=false/limit=1/last=false,original,81,22.0,52093403.0,Flat
engine/memory/window_rank/append/16384/domain=8/bytes=264/nulls=false/limit=1/last=false,original,82,22.0,51670277.0,Flat
engine/memory/window_rank/append/16384/domain=8/bytes=264/nulls=false/limit=1/last=false,original,83,22.0,51106784.0,Flat
engine/memory/window_rank/append/16384/domain=8/bytes=264/nulls=false/limit=1/last=false,original,84,22.0,51198772.0,Flat
engine/memory/window_rank/append/16384/domain=8/bytes=264/nulls=false/limit=1/last=false,original,85,22.0,50100652.0,Flat
engine/memory/window_rank/append/16384/domain=8/bytes=264/nulls=false/limit=1/last=false,original,86,22.0,50775358.0,Flat
engine/memory/window_rank/append/16384/domain=8/bytes=264/nulls=false/limit=1/last=false,original,87,22.0,51705857.0,Flat
engine/memory/window_rank/append/16384/domain=8/bytes=264/nulls=false/limit=1/last=false,original,88,22.0,51257145.0,Flat
engine/memory/window_rank/append/16384/domain=8/bytes=264/nulls=false/limit=1/last=false,original,89,22.0,50387810.0,Flat
engine/memory/window_rank/append/16384/domain=8/bytes=264/nulls=false/limit=1/last=false,original,90,22.0,51408512.0,Flat
engine/memory/window_rank/append/16384/domain=8/bytes=264/nulls=false/limit=1/last=false,original,91,22.0,50581634.0,Flat
engine/memory/window_rank/append/16384/domain=8/bytes=264/nulls=false/limit=1/last=false,original,92,22.0,52238870.0,Flat
engine/memory/window_rank/append/16384/domain=8/bytes=264/nulls=false/limit=1/last=false,original,93,22.0,51411893.0,Flat
engine/memory/window_rank/append/16384/domain=8/bytes=264/nulls=false/limit=1/last=false,original,94,22.0,50503451.0,Flat
engine/memory/window_rank/append/16384/domain=8/bytes=264/nulls=false/limit=1/last=false,original,95,22.0,51025354.0,Flat
engine/memory/window_rank/append/16384/domain=8/bytes=264/nulls=false/limit=1/last=false,original,96,22.0,50492920.0,Flat
engine/memory/window_rank/append/16384/domain=8/bytes=264/nulls=false/limit=1/last=false,original,97,22.0,51603745.0,Flat
engine/memory/window_rank/append/16384/domain=8/bytes=264/nulls=false/limit=1/last=false,original,98,22.0,51508566.0,Flat
engine/memory/window_rank/append/16384/domain=8/bytes=264/nulls=false/limit=1/last=false,original,99,22.0,52172434.0,Flat
engine/memory/window_rank/append/16384/domain=8/bytes=264/nulls=false/limit=1/last=false,candidate,0,1.0,1094407.0,Linear
engine/memory/window_rank/append/16384/domain=8/bytes=264/nulls=false/limit=1/last=false,candidate,1,2.0,2238718.0,Linear
engine/memory/window_rank/append/16384/domain=8/bytes=264/nulls=false/limit=1/last=false,candidate,2,3.0,3414874.0,Linear
engine/memory/window_rank/append/16384/domain=8/bytes=264/nulls=false/limit=1/last=false,candidate,3,4.0,4532625.0,Linear
engine/memory/window_rank/append/16384/domain=8/bytes=264/nulls=false/limit=1/last=false,candidate,4,5.0,5578781.0,Linear
engine/memory/window_rank/append/16384/domain=8/bytes=264/nulls=false/limit=1/last=false,candidate,5,6.0,7300292.0,Linear
engine/memory/window_rank/append/16384/domain=8/bytes=264/nulls=false/limit=1/last=false,candidate,6,7.0,7965573.0,Linear
engine/memory/window_rank/append/16384/domain=8/bytes=264/nulls=false/limit=1/last=false,candidate,7,8.0,9338103.0,Linear
engine/memory/window_rank/append/16384/domain=8/bytes=264/nulls=false/limit=1/last=false,candidate,8,9.0,10385586.0,Linear
engine/memory/window_rank/append/16384/domain=8/bytes=264/nulls=false/limit=1/last=false,candidate,9,10.0,11216422.0,Linear
engine/memory/window_rank/append/16384/domain=8/bytes=264/nulls=false/limit=1/last=false,candidate,10,11.0,12408021.0,Linear
engine/memory/window_rank/append/16384/domain=8/bytes=264/nulls=false/limit=1/last=false,candidate,11,12.0,13669915.0,Linear
engine/memory/window_rank/append/16384/domain=8/bytes=264/nulls=false/limit=1/last=false,candidate,12,13.0,14498220.0,Linear
engine/memory/window_rank/append/16384/domain=8/bytes=264/nulls=false/limit=1/last=false,candidate,13,14.0,15616211.0,Linear
engine/memory/window_rank/append/16384/domain=8/bytes=264/nulls=false/limit=1/last=false,candidate,14,15.0,20763443.0,Linear
engine/memory/window_rank/append/16384/domain=8/bytes=264/nulls=false/limit=1/last=false,candidate,15,16.0,18308358.0,Linear
engine/memory/window_rank/append/16384/domain=8/bytes=264/nulls=false/limit=1/last=false,candidate,16,17.0,19957426.0,Linear
engine/memory/window_rank/append/16384/domain=8/bytes=264/nulls=false/limit=1/last=false,candidate,17,18.0,21817280.0,Linear
engine/memory/window_rank/append/16384/domain=8/bytes=264/nulls=false/limit=1/last=false,candidate,18,19.0,22519051.0,Linear
engine/memory/window_rank/append/16384/domain=8/bytes=264/nulls=false/limit=1/last=false,candidate,19,20.0,22474785.0,Linear
engine/memory/window_rank/append/16384/domain=8/bytes=264/nulls=false/limit=1/last=false,candidate,20,21.0,23446103.0,Linear
engine/memory/window_rank/append/16384/domain=8/bytes=264/nulls=false/limit=1/last=false,candidate,21,22.0,24379123.0,Linear
engine/memory/window_rank/append/16384/domain=8/bytes=264/nulls=false/limit=1/last=false,candidate,22,23.0,25946877.0,Linear
engine/memory/window_rank/append/16384/domain=8/bytes=264/nulls=false/limit=1/last=false,candidate,23,24.0,28584099.0,Linear
engine/memory/window_rank/append/16384/domain=8/bytes=264/nulls=false/limit=1/last=false,candidate,24,25.0,30321557.0,Linear
engine/memory/window_rank/append/16384/domain=8/bytes=264/nulls=false/limit=1/last=false,candidate,25,26.0,29314097.0,Linear
engine/memory/window_rank/append/16384/domain=8/bytes=264/nulls=false/limit=1/last=false,candidate,26,27.0,32115283.0,Linear
engine/memory/window_rank/append/16384/domain=8/bytes=264/nulls=false/limit=1/last=false,candidate,27,28.0,32272573.0,Linear
engine/memory/window_rank/append/16384/domain=8/bytes=264/nulls=false/limit=1/last=false,candidate,28,29.0,32299974.0,Linear
engine/memory/window_rank/append/16384/domain=8/bytes=264/nulls=false/limit=1/last=false,candidate,29,30.0,34417571.0,Linear
engine/memory/window_rank/append/16384/domain=8/bytes=264/nulls=false/limit=1/last=false,candidate,30,31.0,34956635.0,Linear
engine/memory/window_rank/append/16384/domain=8/bytes=264/nulls=false/limit=1/last=false,candidate,31,32.0,35942024.0,Linear
engine/memory/window_rank/append/16384/domain=8/bytes=264/nulls=false/limit=1/last=false,candidate,32,33.0,37120451.0,Linear
engine/memory/window_rank/append/16384/domain=8/bytes=264/nulls=false/limit=1/last=false,candidate,33,34.0,38310029.0,Linear
engine/memory/window_rank/append/16384/domain=8/bytes=264/nulls=false/limit=1/last=false,candidate,34,35.0,40046683.0,Linear
engine/memory/window_rank/append/16384/domain=8/bytes=264/nulls=false/limit=1/last=false,candidate,35,36.0,40838304.0,Linear
engine/memory/window_rank/append/16384/domain=8/bytes=264/nulls=false/limit=1/last=false,candidate,36,37.0,41006259.0,Linear
engine/memory/window_rank/append/16384/domain=8/bytes=264/nulls=false/limit=1/last=false,candidate,37,38.0,41776875.0,Linear
engine/memory/window_rank/append/16384/domain=8/bytes=264/nulls=false/limit=1/last=false,candidate,38,39.0,43445122.0,Linear
engine/memory/window_rank/append/16384/domain=8/bytes=264/nulls=false/limit=1/last=false,candidate,39,40.0,46685858.0,Linear
engine/memory/window_rank/append/16384/domain=8/bytes=264/nulls=false/limit=1/last=false,candidate,40,41.0,45462005.0,Linear
engine/memory/window_rank/append/16384/domain=8/bytes=264/nulls=false/limit=1/last=false,candidate,41,42.0,46392509.0,Linear
engine/memory/window_rank/append/16384/domain=8/bytes=264/nulls=false/limit=1/last=false,candidate,42,43.0,48628288.0,Linear
engine/memory/window_rank/append/16384/domain=8/bytes=264/nulls=false/limit=1/last=false,candidate,43,44.0,48667439.0,Linear
engine/memory/window_rank/append/16384/domain=8/bytes=264/nulls=false/limit=1/last=false,candidate,44,45.0,51671422.0,Linear
engine/memory/window_rank/append/16384/domain=8/bytes=264/nulls=false/limit=1/last=false,candidate,45,46.0,51249294.0,Linear
engine/memory/window_rank/append/16384/domain=8/bytes=264/nulls=false/limit=1/last=false,candidate,46,47.0,52840536.0,Linear
engine/memory/window_rank/append/16384/domain=8/bytes=264/nulls=false/limit=1/last=false,candidate,47,48.0,54865416.0,Linear
engine/memory/window_rank/append/16384/domain=8/bytes=264/nulls=false/limit=1/last=false,candidate,48,49.0,54732945.0,Linear
engine/memory/window_rank/append/16384/domain=8/bytes=264/nulls=false/limit=1/last=false,candidate,49,50.0,57173929.0,Linear
engine/memory/window_rank/append/16384/domain=8/bytes=264/nulls=false/limit=1/last=false,candidate,50,51.0,57062114.0,Linear
engine/memory/window_rank/append/16384/domain=8/bytes=264/nulls=false/limit=1/last=false,candidate,51,52.0,57504136.0,Linear
engine/memory/window_rank/append/16384/domain=8/bytes=264/nulls=false/limit=1/last=false,candidate,52,53.0,59093052.0,Linear
engine/memory/window_rank/append/16384/domain=8/bytes=264/nulls=false/limit=1/last=false,candidate,53,54.0,60505085.0,Linear
engine/memory/window_rank/append/16384/domain=8/bytes=264/nulls=false/limit=1/last=false,candidate,54,55.0,61769329.0,Linear
engine/memory/window_rank/append/16384/domain=8/bytes=264/nulls=false/limit=1/last=false,candidate,55,56.0,63161517.0,Linear
engine/memory/window_rank/append/16384/domain=8/bytes=264/nulls=false/limit=1/last=false,candidate,56,57.0,63756486.0,Linear
engine/memory/window_rank/append/16384/domain=8/bytes=264/nulls=false/limit=1/last=false,candidate,57,58.0,66167663.0,Linear
engine/memory/window_rank/append/16384/domain=8/bytes=264/nulls=false/limit=1/last=false,candidate,58,59.0,67585073.0,Linear
engine/memory/window_rank/append/16384/domain=8/bytes=264/nulls=false/limit=1/last=false,candidate,59,60.0,66680982.0,Linear
engine/memory/window_rank/append/16384/domain=8/bytes=264/nulls=false/limit=1/last=false,candidate,60,61.0,68958967.0,Linear
engine/memory/window_rank/append/16384/domain=8/bytes=264/nulls=false/limit=1/last=false,candidate,61,62.0,69554161.0,Linear
engine/memory/window_rank/append/16384/domain=8/bytes=264/nulls=false/limit=1/last=false,candidate,62,63.0,70138782.0,Linear
engine/memory/window_rank/append/16384/domain=8/bytes=264/nulls=false/limit=1/last=false,candidate,63,64.0,72229598.0,Linear
engine/memory/window_rank/append/16384/domain=8/bytes=264/nulls=false/limit=1/last=false,candidate,64,65.0,73772995.0,Linear
engine/memory/window_rank/append/16384/domain=8/bytes=264/nulls=false/limit=1/last=false,candidate,65,66.0,73550033.0,Linear
engine/memory/window_rank/append/16384/domain=8/bytes=264/nulls=false/limit=1/last=false,candidate,66,67.0,75181923.0,Linear
engine/memory/window_rank/append/16384/domain=8/bytes=264/nulls=false/limit=1/last=false,candidate,67,68.0,76087381.0,Linear
engine/memory/window_rank/append/16384/domain=8/bytes=264/nulls=false/limit=1/last=false,candidate,68,69.0,77329156.0,Linear
engine/memory/window_rank/append/16384/domain=8/bytes=264/nulls=false/limit=1/last=false,candidate,69,70.0,80236633.0,Linear
engine/memory/window_rank/append/16384/domain=8/bytes=264/nulls=false/limit=1/last=false,candidate,70,71.0,80073155.0,Linear
engine/memory/window_rank/append/16384/domain=8/bytes=264/nulls=false/limit=1/last=false,candidate,71,72.0,80600985.0,Linear
engine/memory/window_rank/append/16384/domain=8/bytes=264/nulls=false/limit=1/last=false,candidate,72,73.0,83284172.0,Linear
engine/memory/window_rank/append/16384/domain=8/bytes=264/nulls=false/limit=1/last=false,candidate,73,74.0,82815234.0,Linear
engine/memory/window_rank/append/16384/domain=8/bytes=264/nulls=false/limit=1/last=false,candidate,74,75.0,84991382.0,Linear
engine/memory/window_rank/append/16384/domain=8/bytes=264/nulls=false/limit=1/last=false,candidate,75,76.0,85143874.0,Linear
engine/memory/window_rank/append/16384/domain=8/bytes=264/nulls=false/limit=1/last=false,candidate,76,77.0,86881468.0,Linear
engine/memory/window_rank/append/16384/domain=8/bytes=264/nulls=false/limit=1/last=false,candidate,77,78.0,88403167.0,Linear
engine/memory/window_rank/append/16384/domain=8/bytes=264/nulls=false/limit=1/last=false,candidate,78,79.0,90025408.0,Linear
engine/memory/window_rank/append/16384/domain=8/bytes=264/nulls=false/limit=1/last=false,candidate,79,80.0,90680808.0,Linear
engine/memory/window_rank/append/16384/domain=8/bytes=264/nulls=false/limit=1/last=false,candidate,80,81.0,90205439.0,Linear
engine/memory/window_rank/append/16384/domain=8/bytes=264/nulls=false/limit=1/last=false,candidate,81,82.0,91840904.0,Linear
engine/memory/window_rank/append/16384/domain=8/bytes=264/nulls=false/limit=1/last=false,candidate,82,83.0,93904812.0,Linear
engine/memory/window_rank/append/16384/domain=8/bytes=264/nulls=false/limit=1/last=false,candidate,83,84.0,96279822.0,Linear
engine/memory/window_rank/append/16384/domain=8/bytes=264/nulls=false/limit=1/last=false,candidate,84,85.0,95131874.0,Linear
engine/memory/window_rank/append/16384/domain=8/bytes=264/nulls=false/limit=1/last=false,candidate,85,86.0,95963671.0,Linear
engine/memory/window_rank/append/16384/domain=8/bytes=264/nulls=false/limit=1/last=false,candidate,86,87.0,98868930.0,Linear
engine/memory/window_rank/append/16384/domain=8/bytes=264/nulls=false/limit=1/last=false,candidate,87,88.0,97760175.0,Linear
engine/memory/window_rank/append/16384/domain=8/bytes=264/nulls=false/limit=1/last=false,candidate,88,89.0,101580792.0,Linear
engine/memory/window_rank/append/16384/domain=8/bytes=264/nulls=false/limit=1/last=false,candidate,89,90.0,101326557.0,Linear
engine/memory/window_rank/append/16384/domain=8/bytes=264/nulls=false/limit=1/last=false,candidate,90,91.0,103731149.0,Linear
engine/memory/window_rank/append/16384/domain=8/bytes=264/nulls=false/limit=1/last=false,candidate,91,92.0,102903582.0,Linear
engine/memory/window_rank/append/16384/domain=8/bytes=264/nulls=false/limit=1/last=false,candidate,92,93.0,103325228.0,Linear
engine/memory/window_rank/append/16384/domain=8/bytes=264/nulls=false/limit=1/last=false,candidate,93,94.0,108448558.0,Linear
engine/memory/window_rank/append/16384/domain=8/bytes=264/nulls=false/limit=1/last=false,candidate,94,95.0,106474581.0,Linear
engine/memory/window_rank/append/16384/domain=8/bytes=264/nulls=false/limit=1/last=false,candidate,95,96.0,110496259.0,Linear
engine/memory/window_rank/append/16384/domain=8/bytes=264/nulls=false/limit=1/last=false,candidate,96,97.0,109408781.0,Linear
engine/memory/window_rank/append/16384/domain=8/bytes=264/nulls=false/limit=1/last=false,candidate,97,98.0,111494733.0,Linear
engine/memory/window_rank/append/16384/domain=8/bytes=264/nulls=false/limit=1/last=false,candidate,98,99.0,110312467.0,Linear
engine/memory/window_rank/append/16384/domain=8/bytes=264/nulls=false/limit=1/last=false,candidate,99,100.0,112701867.0,Linear
engine/memory/window_rank/append/16384/domain=8/bytes=264/nulls=false/limit=1/last=true,original,0,21.0,50044249.0,Flat
engine/memory/window_rank/append/16384/domain=8/bytes=264/nulls=false/limit=1/last=true,original,1,21.0,50714463.0,Flat
engine/memory/window_rank/append/16384/domain=8/bytes=264/nulls=false/limit=1/last=true,original,2,21.0,50108431.0,Flat
engine/memory/window_rank/append/16384/domain=8/bytes=264/nulls=false/limit=1/last=true,original,3,21.0,50893763.0,Flat
engine/memory/window_rank/append/16384/domain=8/bytes=264/nulls=false/limit=1/last=true,original,4,21.0,50354485.0,Flat
engine/memory/window_rank/append/16384/domain=8/bytes=264/nulls=false/limit=1/last=true,original,5,21.0,51613802.0,Flat
engine/memory/window_rank/append/16384/domain=8/bytes=264/nulls=false/limit=1/last=true,original,6,21.0,50263232.0,Flat
engine/memory/window_rank/append/16384/domain=8/bytes=264/nulls=false/limit=1/last=true,original,7,21.0,50231601.0,Flat
engine/memory/window_rank/append/16384/domain=8/bytes=264/nulls=false/limit=1/last=true,original,8,21.0,50288180.0,Flat
engine/memory/window_rank/append/16384/domain=8/bytes=264/nulls=false/limit=1/last=true,original,9,21.0,52878158.0,Flat
engine/memory/window_rank/append/16384/domain=8/bytes=264/nulls=false/limit=1/last=true,original,10,21.0,50038307.0,Flat
engine/memory/window_rank/append/16384/domain=8/bytes=264/nulls=false/limit=1/last=true,original,11,21.0,50617889.0,Flat
engine/memory/window_rank/append/16384/domain=8/bytes=264/nulls=false/limit=1/last=true,original,12,21.0,50011240.0,Flat
engine/memory/window_rank/append/16384/domain=8/bytes=264/nulls=false/limit=1/last=true,original,13,21.0,51573660.0,Flat
engine/memory/window_rank/append/16384/domain=8/bytes=264/nulls=false/limit=1/last=true,original,14,21.0,50225724.0,Flat
engine/memory/window_rank/append/16384/domain=8/bytes=264/nulls=false/limit=1/last=true,original,15,21.0,50550994.0,Flat
engine/memory/window_rank/append/16384/domain=8/bytes=264/nulls=false/limit=1/last=true,original,16,21.0,50641899.0,Flat
engine/memory/window_rank/append/16384/domain=8/bytes=264/nulls=false/limit=1/last=true,original,17,21.0,50588039.0,Flat
engine/memory/window_rank/append/16384/domain=8/bytes=264/nulls=false/limit=1/last=true,original,18,21.0,50087846.0,Flat
engine/memory/window_rank/append/16384/domain=8/bytes=264/nulls=false/limit=1/last=true,original,19,21.0,51568703.0,Flat
engine/memory/window_rank/append/16384/domain=8/bytes=264/nulls=false/limit=1/last=true,original,20,21.0,50440867.0,Flat
engine/memory/window_rank/append/16384/domain=8/bytes=264/nulls=false/limit=1/last=true,original,21,21.0,50383892.0,Flat
engine/memory/window_rank/append/16384/domain=8/bytes=264/nulls=false/limit=1/last=true,original,22,21.0,49764648.0,Flat
engine/memory/window_rank/append/16384/domain=8/bytes=264/nulls=false/limit=1/last=true,original,23,21.0,50373458.0,Flat
engine/memory/window_rank/append/16384/domain=8/bytes=264/nulls=false/limit=1/last=true,original,24,21.0,51616994.0,Flat
engine/memory/window_rank/append/16384/domain=8/bytes=264/nulls=false/limit=1/last=true,original,25,21.0,52330832.0,Flat
engine/memory/window_rank/append/16384/domain=8/bytes=264/nulls=false/limit=1/last=true,original,26,21.0,49851704.0,Flat
engine/memory/window_rank/append/16384/domain=8/bytes=264/nulls=false/limit=1/last=true,original,27,21.0,50683471.0,Flat
engine/memory/window_rank/append/16384/domain=8/bytes=264/nulls=false/limit=1/last=true,original,28,21.0,50300955.0,Flat
engine/memory/window_rank/append/16384/domain=8/bytes=264/nulls=false/limit=1/last=true,original,29,21.0,51245908.0,Flat
engine/memory/window_rank/append/16384/domain=8/bytes=264/nulls=false/limit=1/last=true,original,30,21.0,49758166.0,Flat
engine/memory/window_rank/append/16384/domain=8/bytes=264/nulls=false/limit=1/last=true,original,31,21.0,50010593.0,Flat
engine/memory/window_rank/append/16384/domain=8/bytes=264/nulls=false/limit=1/last=true,original,32,21.0,50201421.0,Flat
engine/memory/window_rank/append/16384/domain=8/bytes=264/nulls=false/limit=1/last=true,original,33,21.0,49799697.0,Flat
engine/memory/window_rank/append/16384/domain=8/bytes=264/nulls=false/limit=1/last=true,original,34,21.0,52392370.0,Flat
engine/memory/window_rank/append/16384/domain=8/bytes=264/nulls=false/limit=1/last=true,original,35,21.0,50432981.0,Flat
engine/memory/window_rank/append/16384/domain=8/bytes=264/nulls=false/limit=1/last=true,original,36,21.0,50133892.0,Flat
engine/memory/window_rank/append/16384/domain=8/bytes=264/nulls=false/limit=1/last=true,original,37,21.0,50321278.0,Flat
engine/memory/window_rank/append/16384/domain=8/bytes=264/nulls=false/limit=1/last=true,original,38,21.0,50605291.0,Flat
engine/memory/window_rank/append/16384/domain=8/bytes=264/nulls=false/limit=1/last=true,original,39,21.0,50831688.0,Flat
engine/memory/window_rank/append/16384/domain=8/bytes=264/nulls=false/limit=1/last=true,original,40,21.0,49867187.0,Flat
engine/memory/window_rank/append/16384/domain=8/bytes=264/nulls=false/limit=1/last=true,original,41,21.0,51812506.0,Flat
engine/memory/window_rank/append/16384/domain=8/bytes=264/nulls=false/limit=1/last=true,original,42,21.0,49896099.0,Flat
engine/memory/window_rank/append/16384/domain=8/bytes=264/nulls=false/limit=1/last=true,original,43,21.0,50295694.0,Flat
engine/memory/window_rank/append/16384/domain=8/bytes=264/nulls=false/limit=1/last=true,original,44,21.0,50679658.0,Flat
engine/memory/window_rank/append/16384/domain=8/bytes=264/nulls=false/limit=1/last=true,original,45,21.0,51344803.0,Flat
engine/memory/window_rank/append/16384/domain=8/bytes=264/nulls=false/limit=1/last=true,original,46,21.0,50081737.0,Flat
engine/memory/window_rank/append/16384/domain=8/bytes=264/nulls=false/limit=1/last=true,original,47,21.0,50815875.0,Flat
engine/memory/window_rank/append/16384/domain=8/bytes=264/nulls=false/limit=1/last=true,original,48,21.0,50306251.0,Flat
engine/memory/window_rank/append/16384/domain=8/bytes=264/nulls=false/limit=1/last=true,original,49,21.0,52243267.0,Flat
engine/memory/window_rank/append/16384/domain=8/bytes=264/nulls=false/limit=1/last=true,original,50,21.0,49718657.0,Flat
engine/memory/window_rank/append/16384/domain=8/bytes=264/nulls=false/limit=1/last=true,original,51,21.0,50818932.0,Flat
engine/memory/window_rank/append/16384/domain=8/bytes=264/nulls=false/limit=1/last=true,original,52,21.0,50876005.0,Flat
engine/memory/window_rank/append/16384/domain=8/bytes=264/nulls=false/limit=1/last=true,original,53,21.0,51588913.0,Flat
engine/memory/window_rank/append/16384/domain=8/bytes=264/nulls=false/limit=1/last=true,original,54,21.0,50429609.0,Flat
engine/memory/window_rank/append/16384/domain=8/bytes=264/nulls=false/limit=1/last=true,original,55,21.0,50410748.0,Flat
engine/memory/window_rank/append/16384/domain=8/bytes=264/nulls=false/limit=1/last=true,original,56,21.0,50439775.0,Flat
engine/memory/window_rank/append/16384/domain=8/bytes=264/nulls=false/limit=1/last=true,original,57,21.0,51753729.0,Flat
engine/memory/window_rank/append/16384/domain=8/bytes=264/nulls=false/limit=1/last=true,original,58,21.0,50362977.0,Flat
engine/memory/window_rank/append/16384/domain=8/bytes=264/nulls=false/limit=1/last=true,original,59,21.0,50804675.0,Flat
engine/memory/window_rank/append/16384/domain=8/bytes=264/nulls=false/limit=1/last=true,original,60,21.0,50495888.0,Flat
engine/memory/window_rank/append/16384/domain=8/bytes=264/nulls=false/limit=1/last=true,original,61,21.0,51507932.0,Flat
engine/memory/window_rank/append/16384/domain=8/bytes=264/nulls=false/limit=1/last=true,original,62,21.0,50379157.0,Flat
engine/memory/window_rank/append/16384/domain=8/bytes=264/nulls=false/limit=1/last=true,original,63,21.0,51244745.0,Flat
engine/memory/window_rank/append/16384/domain=8/bytes=264/nulls=false/limit=1/last=true,original,64,21.0,50639054.0,Flat
engine/memory/window_rank/append/16384/domain=8/bytes=264/nulls=false/limit=1/last=true,original,65,21.0,51346178.0,Flat
engine/memory/window_rank/append/16384/domain=8/bytes=264/nulls=false/limit=1/last=true,original,66,21.0,51306707.0,Flat
engine/memory/window_rank/append/16384/domain=8/bytes=264/nulls=false/limit=1/last=true,original,67,21.0,50674653.0,Flat
engine/memory/window_rank/append/16384/domain=8/bytes=264/nulls=false/limit=1/last=true,original,68,21.0,49977020.0,Flat
engine/memory/window_rank/append/16384/domain=8/bytes=264/nulls=false/limit=1/last=true,original,69,21.0,50603400.0,Flat
engine/memory/window_rank/append/16384/domain=8/bytes=264/nulls=false/limit=1/last=true,original,70,21.0,49742313.0,Flat
engine/memory/window_rank/append/16384/domain=8/bytes=264/nulls=false/limit=1/last=true,original,71,21.0,50815836.0,Flat
engine/memory/window_rank/append/16384/domain=8/bytes=264/nulls=false/limit=1/last=true,original,72,21.0,49966390.0,Flat
engine/memory/window_rank/append/16384/domain=8/bytes=264/nulls=false/limit=1/last=true,original,73,21.0,50561320.0,Flat
engine/memory/window_rank/append/16384/domain=8/bytes=264/nulls=false/limit=1/last=true,original,74,21.0,50963290.0,Flat
engine/memory/window_rank/append/16384/domain=8/bytes=264/nulls=false/limit=1/last=true,original,75,21.0,49969108.0,Flat
engine/memory/window_rank/append/16384/domain=8/bytes=264/nulls=false/limit=1/last=true,original,76,21.0,50446421.0,Flat
engine/memory/window_rank/append/16384/domain=8/bytes=264/nulls=false/limit=1/last=true,original,77,21.0,51249953.0,Flat
engine/memory/window_rank/append/16384/domain=8/bytes=264/nulls=false/limit=1/last=true,original,78,21.0,50139168.0,Flat
engine/memory/window_rank/append/16384/domain=8/bytes=264/nulls=false/limit=1/last=true,original,79,21.0,51387456.0,Flat
engine/memory/window_rank/append/16384/domain=8/bytes=264/nulls=false/limit=1/last=true,original,80,21.0,50212385.0,Flat
engine/memory/window_rank/append/16384/domain=8/bytes=264/nulls=false/limit=1/last=true,original,81,21.0,51011515.0,Flat
engine/memory/window_rank/append/16384/domain=8/bytes=264/nulls=false/limit=1/last=true,original,82,21.0,50145688.0,Flat
engine/memory/window_rank/append/16384/domain=8/bytes=264/nulls=false/limit=1/last=true,original,83,21.0,50579488.0,Flat
engine/memory/window_rank/append/16384/domain=8/bytes=264/nulls=false/limit=1/last=true,original,84,21.0,50656960.0,Flat
engine/memory/window_rank/append/16384/domain=8/bytes=264/nulls=false/limit=1/last=true,original,85,21.0,50094210.0,Flat
engine/memory/window_rank/append/16384/domain=8/bytes=264/nulls=false/limit=1/last=true,original,86,21.0,53049523.0,Flat
engine/memory/window_rank/append/16384/domain=8/bytes=264/nulls=false/limit=1/last=true,original,87,21.0,50185448.0,Flat
engine/memory/window_rank/append/16384/domain=8/bytes=264/nulls=false/limit=1/last=true,original,88,21.0,50782043.0,Flat
engine/memory/window_rank/append/16384/domain=8/bytes=264/nulls=false/limit=1/last=true,original,89,21.0,50315002.0,Flat
engine/memory/window_rank/append/16384/domain=8/bytes=264/nulls=false/limit=1/last=true,original,90,21.0,50759304.0,Flat
engine/memory/window_rank/append/16384/domain=8/bytes=264/nulls=false/limit=1/last=true,original,91,21.0,50402548.0,Flat
engine/memory/window_rank/append/16384/domain=8/bytes=264/nulls=false/limit=1/last=true,original,92,21.0,50531777.0,Flat
engine/memory/window_rank/append/16384/domain=8/bytes=264/nulls=false/limit=1/last=true,original,93,21.0,50566346.0,Flat
engine/memory/window_rank/append/16384/domain=8/bytes=264/nulls=false/limit=1/last=true,original,94,21.0,50728596.0,Flat
engine/memory/window_rank/append/16384/domain=8/bytes=264/nulls=false/limit=1/last=true,original,95,21.0,52746817.0,Flat
engine/memory/window_rank/append/16384/domain=8/bytes=264/nulls=false/limit=1/last=true,original,96,21.0,51420174.0,Flat
engine/memory/window_rank/append/16384/domain=8/bytes=264/nulls=false/limit=1/last=true,original,97,21.0,50077207.0,Flat
engine/memory/window_rank/append/16384/domain=8/bytes=264/nulls=false/limit=1/last=true,original,98,21.0,49903377.0,Flat
engine/memory/window_rank/append/16384/domain=8/bytes=264/nulls=false/limit=1/last=true,original,99,21.0,51019407.0,Flat
engine/memory/window_rank/append/16384/domain=8/bytes=264/nulls=false/limit=1/last=true,candidate,0,1.0,1538063.0,Linear
engine/memory/window_rank/append/16384/domain=8/bytes=264/nulls=false/limit=1/last=true,candidate,1,2.0,3324780.0,Linear
engine/memory/window_rank/append/16384/domain=8/bytes=264/nulls=false/limit=1/last=true,candidate,2,3.0,4618061.0,Linear
engine/memory/window_rank/append/16384/domain=8/bytes=264/nulls=false/limit=1/last=true,candidate,3,4.0,6570582.0,Linear
engine/memory/window_rank/append/16384/domain=8/bytes=264/nulls=false/limit=1/last=true,candidate,4,5.0,8594406.0,Linear
engine/memory/window_rank/append/16384/domain=8/bytes=264/nulls=false/limit=1/last=true,candidate,5,6.0,9086929.0,Linear
engine/memory/window_rank/append/16384/domain=8/bytes=264/nulls=false/limit=1/last=true,candidate,6,7.0,10633515.0,Linear
engine/memory/window_rank/append/16384/domain=8/bytes=264/nulls=false/limit=1/last=true,candidate,7,8.0,12370657.0,Linear
engine/memory/window_rank/append/16384/domain=8/bytes=264/nulls=false/limit=1/last=true,candidate,8,9.0,13645723.0,Linear
engine/memory/window_rank/append/16384/domain=8/bytes=264/nulls=false/limit=1/last=true,candidate,9,10.0,16072408.0,Linear
engine/memory/window_rank/append/16384/domain=8/bytes=264/nulls=false/limit=1/last=true,candidate,10,11.0,17180246.0,Linear
engine/memory/window_rank/append/16384/domain=8/bytes=264/nulls=false/limit=1/last=true,candidate,11,12.0,18309472.0,Linear
engine/memory/window_rank/append/16384/domain=8/bytes=264/nulls=false/limit=1/last=true,candidate,12,13.0,20110094.0,Linear
engine/memory/window_rank/append/16384/domain=8/bytes=264/nulls=false/limit=1/last=true,candidate,13,14.0,21648756.0,Linear
engine/memory/window_rank/append/16384/domain=8/bytes=264/nulls=false/limit=1/last=true,candidate,14,15.0,23196488.0,Linear
engine/memory/window_rank/append/16384/domain=8/bytes=264/nulls=false/limit=1/last=true,candidate,15,16.0,24995923.0,Linear
engine/memory/window_rank/append/16384/domain=8/bytes=264/nulls=false/limit=1/last=true,candidate,16,17.0,26780111.0,Linear
engine/memory/window_rank/append/16384/domain=8/bytes=264/nulls=false/limit=1/last=true,candidate,17,18.0,27641414.0,Linear
engine/memory/window_rank/append/16384/domain=8/bytes=264/nulls=false/limit=1/last=true,candidate,18,19.0,29376982.0,Linear
engine/memory/window_rank/append/16384/domain=8/bytes=264/nulls=false/limit=1/last=true,candidate,19,20.0,31166043.0,Linear
engine/memory/window_rank/append/16384/domain=8/bytes=264/nulls=false/limit=1/last=true,candidate,20,21.0,31909171.0,Linear
engine/memory/window_rank/append/16384/domain=8/bytes=264/nulls=false/limit=1/last=true,candidate,21,22.0,33958583.0,Linear
engine/memory/window_rank/append/16384/domain=8/bytes=264/nulls=false/limit=1/last=true,candidate,22,23.0,36221464.0,Linear
engine/memory/window_rank/append/16384/domain=8/bytes=264/nulls=false/limit=1/last=true,candidate,23,24.0,36805168.0,Linear
engine/memory/window_rank/append/16384/domain=8/bytes=264/nulls=false/limit=1/last=true,candidate,24,25.0,38093057.0,Linear
engine/memory/window_rank/append/16384/domain=8/bytes=264/nulls=false/limit=1/last=true,candidate,25,26.0,40354308.0,Linear
engine/memory/window_rank/append/16384/domain=8/bytes=264/nulls=false/limit=1/last=true,candidate,26,27.0,41223421.0,Linear
engine/memory/window_rank/append/16384/domain=8/bytes=264/nulls=false/limit=1/last=true,candidate,27,28.0,44248117.0,Linear
engine/memory/window_rank/append/16384/domain=8/bytes=264/nulls=false/limit=1/last=true,candidate,28,29.0,46172794.0,Linear
engine/memory/window_rank/append/16384/domain=8/bytes=264/nulls=false/limit=1/last=true,candidate,29,30.0,45879192.0,Linear
engine/memory/window_rank/append/16384/domain=8/bytes=264/nulls=false/limit=1/last=true,candidate,30,31.0,48632985.0,Linear
engine/memory/window_rank/append/16384/domain=8/bytes=264/nulls=false/limit=1/last=true,candidate,31,32.0,50748617.0,Linear
engine/memory/window_rank/append/16384/domain=8/bytes=264/nulls=false/limit=1/last=true,candidate,32,33.0,50453610.0,Linear
engine/memory/window_rank/append/16384/domain=8/bytes=264/nulls=false/limit=1/last=true,candidate,33,34.0,52339944.0,Linear
engine/memory/window_rank/append/16384/domain=8/bytes=264/nulls=false/limit=1/last=true,candidate,34,35.0,53776002.0,Linear
engine/memory/window_rank/append/16384/domain=8/bytes=264/nulls=false/limit=1/last=true,candidate,35,36.0,56817774.0,Linear
engine/memory/window_rank/append/16384/domain=8/bytes=264/nulls=false/limit=1/last=true,candidate,36,37.0,56373571.0,Linear
engine/memory/window_rank/append/16384/domain=8/bytes=264/nulls=false/limit=1/last=true,candidate,37,38.0,57938206.0,Linear
engine/memory/window_rank/append/16384/domain=8/bytes=264/nulls=false/limit=1/last=true,candidate,38,39.0,59986876.0,Linear
engine/memory/window_rank/append/16384/domain=8/bytes=264/nulls=false/limit=1/last=true,candidate,39,40.0,63856616.0,Linear
engine/memory/window_rank/append/16384/domain=8/bytes=264/nulls=false/limit=1/last=true,candidate,40,41.0,64958640.0,Linear
engine/memory/window_rank/append/16384/domain=8/bytes=264/nulls=false/limit=1/last=true,candidate,41,42.0,65055374.0,Linear
engine/memory/window_rank/append/16384/domain=8/bytes=264/nulls=false/limit=1/last=true,candidate,42,43.0,66903783.0,Linear
engine/memory/window_rank/append/16384/domain=8/bytes=264/nulls=false/limit=1/last=true,candidate,43,44.0,67890377.0,Linear
engine/memory/window_rank/append/16384/domain=8/bytes=264/nulls=false/limit=1/last=true,candidate,44,45.0,68456840.0,Linear
engine/memory/window_rank/append/16384/domain=8/bytes=264/nulls=false/limit=1/last=true,candidate,45,46.0,70724374.0,Linear
engine/memory/window_rank/append/16384/domain=8/bytes=264/nulls=false/limit=1/last=true,candidate,46,47.0,73304970.0,Linear
engine/memory/window_rank/append/16384/domain=8/bytes=264/nulls=false/limit=1/last=true,candidate,47,48.0,74502177.0,Linear
engine/memory/window_rank/append/16384/domain=8/bytes=264/nulls=false/limit=1/last=true,candidate,48,49.0,74835079.0,Linear
engine/memory/window_rank/append/16384/domain=8/bytes=264/nulls=false/limit=1/last=true,candidate,49,50.0,77856949.0,Linear
engine/memory/window_rank/append/16384/domain=8/bytes=264/nulls=false/limit=1/last=true,candidate,50,51.0,78786757.0,Linear
engine/memory/window_rank/append/16384/domain=8/bytes=264/nulls=false/limit=1/last=true,candidate,51,52.0,81078793.0,Linear
engine/memory/window_rank/append/16384/domain=8/bytes=264/nulls=false/limit=1/last=true,candidate,52,53.0,81890282.0,Linear
engine/memory/window_rank/append/16384/domain=8/bytes=264/nulls=false/limit=1/last=true,candidate,53,54.0,83272218.0,Linear
engine/memory/window_rank/append/16384/domain=8/bytes=264/nulls=false/limit=1/last=true,candidate,54,55.0,87560954.0,Linear
engine/memory/window_rank/append/16384/domain=8/bytes=264/nulls=false/limit=1/last=true,candidate,55,56.0,87566180.0,Linear
engine/memory/window_rank/append/16384/domain=8/bytes=264/nulls=false/limit=1/last=true,candidate,56,57.0,88427640.0,Linear
engine/memory/window_rank/append/16384/domain=8/bytes=264/nulls=false/limit=1/last=true,candidate,57,58.0,90603676.0,Linear
engine/memory/window_rank/append/16384/domain=8/bytes=264/nulls=false/limit=1/last=true,candidate,58,59.0,92573225.0,Linear
engine/memory/window_rank/append/16384/domain=8/bytes=264/nulls=false/limit=1/last=true,candidate,59,60.0,95199110.0,Linear
engine/memory/window_rank/append/16384/domain=8/bytes=264/nulls=false/limit=1/last=true,candidate,60,61.0,94849424.0,Linear
engine/memory/window_rank/append/16384/domain=8/bytes=264/nulls=false/limit=1/last=true,candidate,61,62.0,95492128.0,Linear
engine/memory/window_rank/append/16384/domain=8/bytes=264/nulls=false/limit=1/last=true,candidate,62,63.0,97148256.0,Linear
engine/memory/window_rank/append/16384/domain=8/bytes=264/nulls=false/limit=1/last=true,candidate,63,64.0,100244576.0,Linear
engine/memory/window_rank/append/16384/domain=8/bytes=264/nulls=false/limit=1/last=true,candidate,64,65.0,99946793.0,Linear
engine/memory/window_rank/append/16384/domain=8/bytes=264/nulls=false/limit=1/last=true,candidate,65,66.0,101980542.0,Linear
engine/memory/window_rank/append/16384/domain=8/bytes=264/nulls=false/limit=1/last=true,candidate,66,67.0,101692833.0,Linear
engine/memory/window_rank/append/16384/domain=8/bytes=264/nulls=false/limit=1/last=true,candidate,67,68.0,104631759.0,Linear
engine/memory/window_rank/append/16384/domain=8/bytes=264/nulls=false/limit=1/last=true,candidate,68,69.0,105705389.0,Linear
engine/memory/window_rank/append/16384/domain=8/bytes=264/nulls=false/limit=1/last=true,candidate,69,70.0,111693274.0,Linear
engine/memory/window_rank/append/16384/domain=8/bytes=264/nulls=false/limit=1/last=true,candidate,70,71.0,107421451.0,Linear
engine/memory/window_rank/append/16384/domain=8/bytes=264/nulls=false/limit=1/last=true,candidate,71,72.0,108192628.0,Linear
engine/memory/window_rank/append/16384/domain=8/bytes=264/nulls=false/limit=1/last=true,candidate,72,73.0,109003775.0,Linear
engine/memory/window_rank/append/16384/domain=8/bytes=264/nulls=false/limit=1/last=true,candidate,73,74.0,112686689.0,Linear
engine/memory/window_rank/append/16384/domain=8/bytes=264/nulls=false/limit=1/last=true,candidate,74,75.0,115917341.0,Linear
engine/memory/window_rank/append/16384/domain=8/bytes=264/nulls=false/limit=1/last=true,candidate,75,76.0,114573646.0,Linear
engine/memory/window_rank/append/16384/domain=8/bytes=264/nulls=false/limit=1/last=true,candidate,76,77.0,115592855.0,Linear
engine/memory/window_rank/append/16384/domain=8/bytes=264/nulls=false/limit=1/last=true,candidate,77,78.0,119503300.0,Linear
engine/memory/window_rank/append/16384/domain=8/bytes=264/nulls=false/limit=1/last=true,candidate,78,79.0,121298977.0,Linear
engine/memory/window_rank/append/16384/domain=8/bytes=264/nulls=false/limit=1/last=true,candidate,79,80.0,119916968.0,Linear
engine/memory/window_rank/append/16384/domain=8/bytes=264/nulls=false/limit=1/last=true,candidate,80,81.0,124569612.0,Linear
engine/memory/window_rank/append/16384/domain=8/bytes=264/nulls=false/limit=1/last=true,candidate,81,82.0,125737181.0,Linear
engine/memory/window_rank/append/16384/domain=8/bytes=264/nulls=false/limit=1/last=true,candidate,82,83.0,127078264.0,Linear
engine/memory/window_rank/append/16384/domain=8/bytes=264/nulls=false/limit=1/last=true,candidate,83,84.0,127337435.0,Linear
engine/memory/window_rank/append/16384/domain=8/bytes=264/nulls=false/limit=1/last=true,candidate,84,85.0,129511351.0,Linear
engine/memory/window_rank/append/16384/domain=8/bytes=264/nulls=false/limit=1/last=true,candidate,85,86.0,132470633.0,Linear
engine/memory/window_rank/append/16384/domain=8/bytes=264/nulls=false/limit=1/last=true,candidate,86,87.0,133985539.0,Linear
engine/memory/window_rank/append/16384/domain=8/bytes=264/nulls=false/limit=1/last=true,candidate,87,88.0,136248402.0,Linear
engine/memory/window_rank/append/16384/domain=8/bytes=264/nulls=false/limit=1/last=true,candidate,88,89.0,138463275.0,Linear
engine/memory/window_rank/append/16384/domain=8/bytes=264/nulls=false/limit=1/last=true,candidate,89,90.0,140165170.0,Linear
engine/memory/window_rank/append/16384/domain=8/bytes=264/nulls=false/limit=1/last=true,candidate,90,91.0,141544260.0,Linear
engine/memory/window_rank/append/16384/domain=8/bytes=264/nulls=false/limit=1/last=true,candidate,91,92.0,140370527.0,Linear
engine/memory/window_rank/append/16384/domain=8/bytes=264/nulls=false/limit=1/last=true,candidate,92,93.0,142401411.0,Linear
engine/memory/window_rank/append/16384/domain=8/bytes=264/nulls=false/limit=1/last=true,candidate,93,94.0,146948613.0,Linear
engine/memory/window_rank/append/16384/domain=8/bytes=264/nulls=false/limit=1/last=true,candidate,94,95.0,144262064.0,Linear
engine/memory/window_rank/append/16384/domain=8/bytes=264/nulls=false/limit=1/last=true,candidate,95,96.0,147741650.0,Linear
engine/memory/window_rank/append/16384/domain=8/bytes=264/nulls=false/limit=1/last=true,candidate,96,97.0,151846055.0,Linear
engine/memory/window_rank/append/16384/domain=8/bytes=264/nulls=false/limit=1/last=true,candidate,97,98.0,157265045.0,Linear
engine/memory/window_rank/append/16384/domain=8/bytes=264/nulls=false/limit=1/last=true,candidate,98,99.0,152103786.0,Linear
engine/memory/window_rank/append/16384/domain=8/bytes=264/nulls=false/limit=1/last=true,candidate,99,100.0,160872055.0,Linear
engine/memory/window_rank/append/16384/domain=8/bytes=264/nulls=false/limit=4/last=false,original,0,20.0,52964968.0,Flat
engine/memory/window_rank/append/16384/domain=8/bytes=264/nulls=false/limit=4/last=false,original,1,20.0,51692792.0,Flat
engine/memory/window_rank/append/16384/domain=8/bytes=264/nulls=false/limit=4/last=false,original,2,20.0,52901253.0,Flat
engine/memory/window_rank/append/16384/domain=8/bytes=264/nulls=false/limit=4/last=false,original,3,20.0,51262816.0,Flat
engine/memory/window_rank/append/16384/domain=8/bytes=264/nulls=false/limit=4/last=false,original,4,20.0,52767318.0,Flat
engine/memory/window_rank/append/16384/domain=8/bytes=264/nulls=false/limit=4/last=false,original,5,20.0,52532239.0,Flat
engine/memory/window_rank/append/16384/domain=8/bytes=264/nulls=false/limit=4/last=false,original,6,20.0,51515214.0,Flat
engine/memory/window_rank/append/16384/domain=8/bytes=264/nulls=false/limit=4/last=false,original,7,20.0,52747332.0,Flat
engine/memory/window_rank/append/16384/domain=8/bytes=264/nulls=false/limit=4/last=false,original,8,20.0,51905481.0,Flat
engine/memory/window_rank/append/16384/domain=8/bytes=264/nulls=false/limit=4/last=false,original,9,20.0,52324421.0,Flat
engine/memory/window_rank/append/16384/domain=8/bytes=264/nulls=false/limit=4/last=false,original,10,20.0,52203412.0,Flat
engine/memory/window_rank/append/16384/domain=8/bytes=264/nulls=false/limit=4/last=false,original,11,20.0,51896490.0,Flat
engine/memory/window_rank/append/16384/domain=8/bytes=264/nulls=false/limit=4/last=false,original,12,20.0,51209693.0,Flat
engine/memory/window_rank/append/16384/domain=8/bytes=264/nulls=false/limit=4/last=false,original,13,20.0,52923984.0,Flat
engine/memory/window_rank/append/16384/domain=8/bytes=264/nulls=false/limit=4/last=false,original,14,20.0,52118288.0,Flat
engine/memory/window_rank/append/16384/domain=8/bytes=264/nulls=false/limit=4/last=false,original,15,20.0,53197194.0,Flat
engine/memory/window_rank/append/16384/domain=8/bytes=264/nulls=false/limit=4/last=false,original,16,20.0,52978725.0,Flat
engine/memory/window_rank/append/16384/domain=8/bytes=264/nulls=false/limit=4/last=false,original,17,20.0,51933733.0,Flat
engine/memory/window_rank/append/16384/domain=8/bytes=264/nulls=false/limit=4/last=false,original,18,20.0,51645314.0,Flat
engine/memory/window_rank/append/16384/domain=8/bytes=264/nulls=false/limit=4/last=false,original,19,20.0,52287117.0,Flat
engine/memory/window_rank/append/16384/domain=8/bytes=264/nulls=false/limit=4/last=false,original,20,20.0,51872332.0,Flat
engine/memory/window_rank/append/16384/domain=8/bytes=264/nulls=false/limit=4/last=false,original,21,20.0,51889028.0,Flat
engine/memory/window_rank/append/16384/domain=8/bytes=264/nulls=false/limit=4/last=false,original,22,20.0,51842270.0,Flat
engine/memory/window_rank/append/16384/domain=8/bytes=264/nulls=false/limit=4/last=false,original,23,20.0,53539806.0,Flat
engine/memory/window_rank/append/16384/domain=8/bytes=264/nulls=false/limit=4/last=false,original,24,20.0,51936124.0,Flat
engine/memory/window_rank/append/16384/domain=8/bytes=264/nulls=false/limit=4/last=false,original,25,20.0,52055066.0,Flat
engine/memory/window_rank/append/16384/domain=8/bytes=264/nulls=false/limit=4/last=false,original,26,20.0,51295699.0,Flat
engine/memory/window_rank/append/16384/domain=8/bytes=264/nulls=false/limit=4/last=false,original,27,20.0,53864764.0,Flat
engine/memory/window_rank/append/16384/domain=8/bytes=264/nulls=false/limit=4/last=false,original,28,20.0,52058438.0,Flat
engine/memory/window_rank/append/16384/domain=8/bytes=264/nulls=false/limit=4/last=false,original,29,20.0,52482858.0,Flat
engine/memory/window_rank/append/16384/domain=8/bytes=264/nulls=false/limit=4/last=false,original,30,20.0,51309797.0,Flat
engine/memory/window_rank/append/16384/domain=8/bytes=264/nulls=false/limit=4/last=false,original,31,20.0,53141742.0,Flat
engine/memory/window_rank/append/16384/domain=8/bytes=264/nulls=false/limit=4/last=false,original,32,20.0,51295742.0,Flat
engine/memory/window_rank/append/16384/domain=8/bytes=264/nulls=false/limit=4/last=false,original,33,20.0,52020036.0,Flat
engine/memory/window_rank/append/16384/domain=8/bytes=264/nulls=false/limit=4/last=false,original,34,20.0,52011488.0,Flat
engine/memory/window_rank/append/16384/domain=8/bytes=264/nulls=false/limit=4/last=false,original,35,20.0,51752540.0,Flat
engine/memory/window_rank/append/16384/domain=8/bytes=264/nulls=false/limit=4/last=false,original,36,20.0,52111722.0,Flat
engine/memory/window_rank/append/16384/domain=8/bytes=264/nulls=false/limit=4/last=false,original,37,20.0,52326817.0,Flat
engine/memory/window_rank/append/16384/domain=8/bytes=264/nulls=false/limit=4/last=false,original,38,20.0,52395412.0,Flat
engine/memory/window_rank/append/16384/domain=8/bytes=264/nulls=false/limit=4/last=false,original,39,20.0,50760790.0,Flat
engine/memory/window_rank/append/16384/domain=8/bytes=264/nulls=false/limit=4/last=false,original,40,20.0,52854890.0,Flat
engine/memory/window_rank/append/16384/domain=8/bytes=264/nulls=false/limit=4/last=false,original,41,20.0,52172782.0,Flat
engine/memory/window_rank/append/16384/domain=8/bytes=264/nulls=false/limit=4/last=false,original,42,20.0,51773369.0,Flat
engine/memory/window_rank/append/16384/domain=8/bytes=264/nulls=false/limit=4/last=false,original,43,20.0,51500456.0,Flat
engine/memory/window_rank/append/16384/domain=8/bytes=264/nulls=false/limit=4/last=false,original,44,20.0,51829488.0,Flat
engine/memory/window_rank/append/16384/domain=8/bytes=264/nulls=false/limit=4/last=false,original,45,20.0,51473042.0,Flat
engine/memory/window_rank/append/16384/domain=8/bytes=264/nulls=false/limit=4/last=false,original,46,20.0,53308317.0,Flat
engine/memory/window_rank/append/16384/domain=8/bytes=264/nulls=false/limit=4/last=false,original,47,20.0,52253175.0,Flat
engine/memory/window_rank/append/16384/domain=8/bytes=264/nulls=false/limit=4/last=false,original,48,20.0,52236765.0,Flat
engine/memory/window_rank/append/16384/domain=8/bytes=264/nulls=false/limit=4/last=false,original,49,20.0,51580099.0,Flat
engine/memory/window_rank/append/16384/domain=8/bytes=264/nulls=false/limit=4/last=false,original,50,20.0,51957020.0,Flat
engine/memory/window_rank/append/16384/domain=8/bytes=264/nulls=false/limit=4/last=false,original,51,20.0,52018377.0,Flat
engine/memory/window_rank/append/16384/domain=8/bytes=264/nulls=false/limit=4/last=false,original,52,20.0,52227769.0,Flat
engine/memory/window_rank/append/16384/domain=8/bytes=264/nulls=false/limit=4/last=false,original,53,20.0,52409936.0,Flat
engine/memory/window_rank/append/16384/domain=8/bytes=264/nulls=false/limit=4/last=false,original,54,20.0,52026943.0,Flat
engine/memory/window_rank/append/16384/domain=8/bytes=264/nulls=false/limit=4/last=false,original,55,20.0,51864910.0,Flat
engine/memory/window_rank/append/16384/domain=8/bytes=264/nulls=false/limit=4/last=false,original,56,20.0,51403869.0,Flat
engine/memory/window_rank/append/16384/domain=8/bytes=264/nulls=false/limit=4/last=false,original,57,20.0,51221358.0,Flat
engine/memory/window_rank/append/16384/domain=8/bytes=264/nulls=false/limit=4/last=false,original,58,20.0,52155874.0,Flat
engine/memory/window_rank/append/16384/domain=8/bytes=264/nulls=false/limit=4/last=false,original,59,20.0,51910304.0,Flat
engine/memory/window_rank/append/16384/domain=8/bytes=264/nulls=false/limit=4/last=false,original,60,20.0,52544755.0,Flat
engine/memory/window_rank/append/16384/domain=8/bytes=264/nulls=false/limit=4/last=false,original,61,20.0,52098547.0,Flat
engine/memory/window_rank/append/16384/domain=8/bytes=264/nulls=false/limit=4/last=false,original,62,20.0,51408619.0,Flat
engine/memory/window_rank/append/16384/domain=8/bytes=264/nulls=false/limit=4/last=false,original,63,20.0,51755107.0,Flat
engine/memory/window_rank/append/16384/domain=8/bytes=264/nulls=false/limit=4/last=false,original,64,20.0,52164848.0,Flat
engine/memory/window_rank/append/16384/domain=8/bytes=264/nulls=false/limit=4/last=false,original,65,20.0,52456721.0,Flat
engine/memory/window_rank/append/16384/domain=8/bytes=264/nulls=false/limit=4/last=false,original,66,20.0,52215479.0,Flat
engine/memory/window_rank/append/16384/domain=8/bytes=264/nulls=false/limit=4/last=false,original,67,20.0,51813487.0,Flat
engine/memory/window_rank/append/16384/domain=8/bytes=264/nulls=false/limit=4/last=false,original,68,20.0,51727368.0,Flat
engine/memory/window_rank/append/16384/domain=8/bytes=264/nulls=false/limit=4/last=false,original,69,20.0,52888936.0,Flat
engine/memory/window_rank/append/16384/domain=8/bytes=264/nulls=false/limit=4/last=false,original,70,20.0,52554380.0,Flat
engine/memory/window_rank/append/16384/domain=8/bytes=264/nulls=false/limit=4/last=false,original,71,20.0,52940046.0,Flat
engine/memory/window_rank/append/16384/domain=8/bytes=264/nulls=false/limit=4/last=false,original,72,20.0,51828077.0,Flat
engine/memory/window_rank/append/16384/domain=8/bytes=264/nulls=false/limit=4/last=false,original,73,20.0,52604861.0,Flat
engine/memory/window_rank/append/16384/domain=8/bytes=264/nulls=false/limit=4/last=false,original,74,20.0,51494422.0,Flat
engine/memory/window_rank/append/16384/domain=8/bytes=264/nulls=false/limit=4/last=false,original,75,20.0,52377751.0,Flat
engine/memory/window_rank/append/16384/domain=8/bytes=264/nulls=false/limit=4/last=false,original,76,20.0,51494527.0,Flat
engine/memory/window_rank/append/16384/domain=8/bytes=264/nulls=false/limit=4/last=false,original,77,20.0,53475443.0,Flat
engine/memory/window_rank/append/16384/domain=8/bytes=264/nulls=false/limit=4/last=false,original,78,20.0,51359461.0,Flat
engine/memory/window_rank/append/16384/domain=8/bytes=264/nulls=false/limit=4/last=false,original,79,20.0,51808071.0,Flat
engine/memory/window_rank/append/16384/domain=8/bytes=264/nulls=false/limit=4/last=false,original,80,20.0,55389906.0,Flat
engine/memory/window_rank/append/16384/domain=8/bytes=264/nulls=false/limit=4/last=false,original,81,20.0,51104384.0,Flat
engine/memory/window_rank/append/16384/domain=8/bytes=264/nulls=false/limit=4/last=false,original,82,20.0,51555899.0,Flat
engine/memory/window_rank/append/16384/domain=8/bytes=264/nulls=false/limit=4/last=false,original,83,20.0,52982202.0,Flat
engine/memory/window_rank/append/16384/domain=8/bytes=264/nulls=false/limit=4/last=false,original,84,20.0,53651784.0,Flat
engine/memory/window_rank/append/16384/domain=8/bytes=264/nulls=false/limit=4/last=false,original,85,20.0,52948323.0,Flat
engine/memory/window_rank/append/16384/domain=8/bytes=264/nulls=false/limit=4/last=false,original,86,20.0,51973203.0,Flat
engine/memory/window_rank/append/16384/domain=8/bytes=264/nulls=false/limit=4/last=false,original,87,20.0,53695869.0,Flat
engine/memory/window_rank/append/16384/domain=8/bytes=264/nulls=false/limit=4/last=false,original,88,20.0,51851463.0,Flat
engine/memory/window_rank/append/16384/domain=8/bytes=264/nulls=false/limit=4/last=false,original,89,20.0,51588796.0,Flat
engine/memory/window_rank/append/16384/domain=8/bytes=264/nulls=false/limit=4/last=false,original,90,20.0,52338246.0,Flat
engine/memory/window_rank/append/16384/domain=8/bytes=264/nulls=false/limit=4/last=false,original,91,20.0,52800212.0,Flat
engine/memory/window_rank/append/16384/domain=8/bytes=264/nulls=false/limit=4/last=false,original,92,20.0,51594348.0,Flat
engine/memory/window_rank/append/16384/domain=8/bytes=264/nulls=false/limit=4/last=false,original,93,20.0,53023409.0,Flat
engine/memory/window_rank/append/16384/domain=8/bytes=264/nulls=false/limit=4/last=false,original,94,20.0,51577385.0,Flat
engine/memory/window_rank/append/16384/domain=8/bytes=264/nulls=false/limit=4/last=false,original,95,20.0,51844269.0,Flat
engine/memory/window_rank/append/16384/domain=8/bytes=264/nulls=false/limit=4/last=false,original,96,20.0,51688407.0,Flat
engine/memory/window_rank/append/16384/domain=8/bytes=264/nulls=false/limit=4/last=false,original,97,20.0,51439162.0,Flat
engine/memory/window_rank/append/16384/domain=8/bytes=264/nulls=false/limit=4/last=false,original,98,20.0,51160515.0,Flat
engine/memory/window_rank/append/16384/domain=8/bytes=264/nulls=false/limit=4/last=false,original,99,20.0,51936838.0,Flat
engine/memory/window_rank/append/16384/domain=8/bytes=264/nulls=false/limit=4/last=false,candidate,0,1.0,1428802.0,Linear
engine/memory/window_rank/append/16384/domain=8/bytes=264/nulls=false/limit=4/last=false,candidate,1,2.0,2871782.0,Linear
engine/memory/window_rank/append/16384/domain=8/bytes=264/nulls=false/limit=4/last=false,candidate,2,3.0,4169508.0,Linear
engine/memory/window_rank/append/16384/domain=8/bytes=264/nulls=false/limit=4/last=false,candidate,3,4.0,5702089.0,Linear
engine/memory/window_rank/append/16384/domain=8/bytes=264/nulls=false/limit=4/last=false,candidate,4,5.0,6924793.0,Linear
engine/memory/window_rank/append/16384/domain=8/bytes=264/nulls=false/limit=4/last=false,candidate,5,6.0,8113044.0,Linear
engine/memory/window_rank/append/16384/domain=8/bytes=264/nulls=false/limit=4/last=false,candidate,6,7.0,9871932.0,Linear
engine/memory/window_rank/append/16384/domain=8/bytes=264/nulls=false/limit=4/last=false,candidate,7,8.0,10804360.0,Linear
engine/memory/window_rank/append/16384/domain=8/bytes=264/nulls=false/limit=4/last=false,candidate,8,9.0,12263230.0,Linear
engine/memory/window_rank/append/16384/domain=8/bytes=264/nulls=false/limit=4/last=false,candidate,9,10.0,13895177.0,Linear
engine/memory/window_rank/append/16384/domain=8/bytes=264/nulls=false/limit=4/last=false,candidate,10,11.0,15032664.0,Linear
engine/memory/window_rank/append/16384/domain=8/bytes=264/nulls=false/limit=4/last=false,candidate,11,12.0,16498272.0,Linear
engine/memory/window_rank/append/16384/domain=8/bytes=264/nulls=false/limit=4/last=false,candidate,12,13.0,17723209.0,Linear
engine/memory/window_rank/append/16384/domain=8/bytes=264/nulls=false/limit=4/last=false,candidate,13,14.0,19288215.0,Linear
engine/memory/window_rank/append/16384/domain=8/bytes=264/nulls=false/limit=4/last=false,candidate,14,15.0,20625198.0,Linear
engine/memory/window_rank/append/16384/domain=8/bytes=264/nulls=false/limit=4/last=false,candidate,15,16.0,22655176.0,Linear
engine/memory/window_rank/append/16384/domain=8/bytes=264/nulls=false/limit=4/last=false,candidate,16,17.0,23496853.0,Linear
engine/memory/window_rank/append/16384/domain=8/bytes=264/nulls=false/limit=4/last=false,candidate,17,18.0,24393215.0,Linear
engine/memory/window_rank/append/16384/domain=8/bytes=264/nulls=false/limit=4/last=false,candidate,18,19.0,27469826.0,Linear
engine/memory/window_rank/append/16384/domain=8/bytes=264/nulls=false/limit=4/last=false,candidate,19,20.0,27925475.0,Linear
engine/memory/window_rank/append/16384/domain=8/bytes=264/nulls=false/limit=4/last=false,candidate,20,21.0,28554339.0,Linear
engine/memory/window_rank/append/16384/domain=8/bytes=264/nulls=false/limit=4/last=false,candidate,21,22.0,30164598.0,Linear
engine/memory/window_rank/append/16384/domain=8/bytes=264/nulls=false/limit=4/last=false,candidate,22,23.0,31331508.0,Linear
engine/memory/window_rank/append/16384/domain=8/bytes=264/nulls=false/limit=4/last=false,candidate,23,24.0,32921074.0,Linear
engine/memory/window_rank/append/16384/domain=8/bytes=264/nulls=false/limit=4/last=false,candidate,24,25.0,34621688.0,Linear
engine/memory/window_rank/append/16384/domain=8/bytes=264/nulls=false/limit=4/last=false,candidate,25,26.0,35814232.0,Linear
engine/memory/window_rank/append/16384/domain=8/bytes=264/nulls=false/limit=4/last=false,candidate,26,27.0,37156364.0,Linear
engine/memory/window_rank/append/16384/domain=8/bytes=264/nulls=false/limit=4/last=false,candidate,27,28.0,39023288.0,Linear
engine/memory/window_rank/append/16384/domain=8/bytes=264/nulls=false/limit=4/last=false,candidate,28,29.0,39215158.0,Linear
engine/memory/window_rank/append/16384/domain=8/bytes=264/nulls=false/limit=4/last=false,candidate,29,30.0,40767647.0,Linear
engine/memory/window_rank/append/16384/domain=8/bytes=264/nulls=false/limit=4/last=false,candidate,30,31.0,43848434.0,Linear
engine/memory/window_rank/append/16384/domain=8/bytes=264/nulls=false/limit=4/last=false,candidate,31,32.0,43595188.0,Linear
engine/memory/window_rank/append/16384/domain=8/bytes=264/nulls=false/limit=4/last=false,candidate,32,33.0,45351192.0,Linear
engine/memory/window_rank/append/16384/domain=8/bytes=264/nulls=false/limit=4/last=false,candidate,33,34.0,45987536.0,Linear
engine/memory/window_rank/append/16384/domain=8/bytes=264/nulls=false/limit=4/last=false,candidate,34,35.0,48402512.0,Linear
engine/memory/window_rank/append/16384/domain=8/bytes=264/nulls=false/limit=4/last=false,candidate,35,36.0,49271476.0,Linear
engine/memory/window_rank/append/16384/domain=8/bytes=264/nulls=false/limit=4/last=false,candidate,36,37.0,50759362.0,Linear
engine/memory/window_rank/append/16384/domain=8/bytes=264/nulls=false/limit=4/last=false,candidate,37,38.0,51564996.0,Linear
engine/memory/window_rank/append/16384/domain=8/bytes=264/nulls=false/limit=4/last=false,candidate,38,39.0,54052640.0,Linear
engine/memory/window_rank/append/16384/domain=8/bytes=264/nulls=false/limit=4/last=false,candidate,39,40.0,54830856.0,Linear
engine/memory/window_rank/append/16384/domain=8/bytes=264/nulls=false/limit=4/last=false,candidate,40,41.0,56501829.0,Linear
engine/memory/window_rank/append/16384/domain=8/bytes=264/nulls=false/limit=4/last=false,candidate,41,42.0,57470280.0,Linear
engine/memory/window_rank/append/16384/domain=8/bytes=264/nulls=false/limit=4/last=false,candidate,42,43.0,59565818.0,Linear
engine/memory/window_rank/append/16384/domain=8/bytes=264/nulls=false/limit=4/last=false,candidate,43,44.0,61007154.0,Linear
engine/memory/window_rank/append/16384/domain=8/bytes=264/nulls=false/limit=4/last=false,candidate,44,45.0,61426946.0,Linear
engine/memory/window_rank/append/16384/domain=8/bytes=264/nulls=false/limit=4/last=false,candidate,45,46.0,63460388.0,Linear
engine/memory/window_rank/append/16384/domain=8/bytes=264/nulls=false/limit=4/last=false,candidate,46,47.0,65032554.0,Linear
engine/memory/window_rank/append/16384/domain=8/bytes=264/nulls=false/limit=4/last=false,candidate,47,48.0,65492359.0,Linear
engine/memory/window_rank/append/16384/domain=8/bytes=264/nulls=false/limit=4/last=false,candidate,48,49.0,69822578.0,Linear
engine/memory/window_rank/append/16384/domain=8/bytes=264/nulls=false/limit=4/last=false,candidate,49,50.0,70104774.0,Linear
engine/memory/window_rank/append/16384/domain=8/bytes=264/nulls=false/limit=4/last=false,candidate,50,51.0,70633552.0,Linear
engine/memory/window_rank/append/16384/domain=8/bytes=264/nulls=false/limit=4/last=false,candidate,51,52.0,72190297.0,Linear
engine/memory/window_rank/append/16384/domain=8/bytes=264/nulls=false/limit=4/last=false,candidate,52,53.0,72649630.0,Linear
engine/memory/window_rank/append/16384/domain=8/bytes=264/nulls=false/limit=4/last=false,candidate,53,54.0,73510174.0,Linear
engine/memory/window_rank/append/16384/domain=8/bytes=264/nulls=false/limit=4/last=false,candidate,54,55.0,75674015.0,Linear
engine/memory/window_rank/append/16384/domain=8/bytes=264/nulls=false/limit=4/last=false,candidate,55,56.0,77249733.0,Linear
engine/memory/window_rank/append/16384/domain=8/bytes=264/nulls=false/limit=4/last=false,candidate,56,57.0,79386130.0,Linear
engine/memory/window_rank/append/16384/domain=8/bytes=264/nulls=false/limit=4/last=false,candidate,57,58.0,79051636.0,Linear
engine/memory/window_rank/append/16384/domain=8/bytes=264/nulls=false/limit=4/last=false,candidate,58,59.0,80225888.0,Linear
engine/memory/window_rank/append/16384/domain=8/bytes=264/nulls=false/limit=4/last=false,candidate,59,60.0,84311038.0,Linear
engine/memory/window_rank/append/16384/domain=8/bytes=264/nulls=false/limit=4/last=false,candidate,60,61.0,84623875.0,Linear
engine/memory/window_rank/append/16384/domain=8/bytes=264/nulls=false/limit=4/last=false,candidate,61,62.0,85741474.0,Linear
engine/memory/window_rank/append/16384/domain=8/bytes=264/nulls=false/limit=4/last=false,candidate,62,63.0,92165438.0,Linear
engine/memory/window_rank/append/16384/domain=8/bytes=264/nulls=false/limit=4/last=false,candidate,63,64.0,89016078.0,Linear
engine/memory/window_rank/append/16384/domain=8/bytes=264/nulls=false/limit=4/last=false,candidate,64,65.0,90205024.0,Linear
engine/memory/window_rank/append/16384/domain=8/bytes=264/nulls=false/limit=4/last=false,candidate,65,66.0,92212628.0,Linear
engine/memory/window_rank/append/16384/domain=8/bytes=264/nulls=false/limit=4/last=false,candidate,66,67.0,92631279.0,Linear
engine/memory/window_rank/append/16384/domain=8/bytes=264/nulls=false/limit=4/last=false,candidate,67,68.0,94126734.0,Linear
engine/memory/window_rank/append/16384/domain=8/bytes=264/nulls=false/limit=4/last=false,candidate,68,69.0,95496109.0,Linear
engine/memory/window_rank/append/16384/domain=8/bytes=264/nulls=false/limit=4/last=false,candidate,69,70.0,95416037.0,Linear
engine/memory/window_rank/append/16384/domain=8/bytes=264/nulls=false/limit=4/last=false,candidate,70,71.0,98346182.0,Linear
engine/memory/window_rank/append/16384/domain=8/bytes=264/nulls=false/limit=4/last=false,candidate,71,72.0,98965945.0,Linear
engine/memory/window_rank/append/16384/domain=8/bytes=264/nulls=false/limit=4/last=false,candidate,72,73.0,99245431.0,Linear
engine/memory/window_rank/append/16384/domain=8/bytes=264/nulls=false/limit=4/last=false,candidate,73,74.0,105343693.0,Linear
engine/memory/window_rank/append/16384/domain=8/bytes=264/nulls=false/limit=4/last=false,candidate,74,75.0,104651126.0,Linear
engine/memory/window_rank/append/16384/domain=8/bytes=264/nulls=false/limit=4/last=false,candidate,75,76.0,107610686.0,Linear
engine/memory/window_rank/append/16384/domain=8/bytes=264/nulls=false/limit=4/last=false,candidate,76,77.0,105249804.0,Linear
engine/memory/window_rank/append/16384/domain=8/bytes=264/nulls=false/limit=4/last=false,candidate,77,78.0,109396003.0,Linear
engine/memory/window_rank/append/16384/domain=8/bytes=264/nulls=false/limit=4/last=false,candidate,78,79.0,107817103.0,Linear
engine/memory/window_rank/append/16384/domain=8/bytes=264/nulls=false/limit=4/last=false,candidate,79,80.0,111711221.0,Linear
engine/memory/window_rank/append/16384/domain=8/bytes=264/nulls=false/limit=4/last=false,candidate,80,81.0,111231612.0,Linear
engine/memory/window_rank/append/16384/domain=8/bytes=264/nulls=false/limit=4/last=false,candidate,81,82.0,117809459.0,Linear
engine/memory/window_rank/append/16384/domain=8/bytes=264/nulls=false/limit=4/last=false,candidate,82,83.0,114275271.0,Linear
engine/memory/window_rank/append/16384/domain=8/bytes=264/nulls=false/limit=4/last=false,candidate,83,84.0,115525260.0,Linear
engine/memory/window_rank/append/16384/domain=8/bytes=264/nulls=false/limit=4/last=false,candidate,84,85.0,119220793.0,Linear
engine/memory/window_rank/append/16384/domain=8/bytes=264/nulls=false/limit=4/last=false,candidate,85,86.0,118292787.0,Linear
engine/memory/window_rank/append/16384/domain=8/bytes=264/nulls=false/limit=4/last=false,candidate,86,87.0,122047031.0,Linear
engine/memory/window_rank/append/16384/domain=8/bytes=264/nulls=false/limit=4/last=false,candidate,87,88.0,120581564.0,Linear
engine/memory/window_rank/append/16384/domain=8/bytes=264/nulls=false/limit=4/last=false,candidate,88,89.0,123321681.0,Linear
engine/memory/window_rank/append/16384/domain=8/bytes=264/nulls=false/limit=4/last=false,candidate,89,90.0,125443419.0,Linear
engine/memory/window_rank/append/16384/domain=8/bytes=264/nulls=false/limit=4/last=false,candidate,90,91.0,126601237.0,Linear
engine/memory/window_rank/append/16384/domain=8/bytes=264/nulls=false/limit=4/last=false,candidate,91,92.0,126046649.0,Linear
engine/memory/window_rank/append/16384/domain=8/bytes=264/nulls=false/limit=4/last=false,candidate,92,93.0,127184281.0,Linear
engine/memory/window_rank/append/16384/domain=8/bytes=264/nulls=false/limit=4/last=false,candidate,93,94.0,129355842.0,Linear
engine/memory/window_rank/append/16384/domain=8/bytes=264/nulls=false/limit=4/last=false,candidate,94,95.0,129794929.0,Linear
engine/memory/window_rank/append/16384/domain=8/bytes=264/nulls=false/limit=4/last=false,candidate,95,96.0,131869758.0,Linear
engine/memory/window_rank/append/16384/domain=8/bytes=264/nulls=false/limit=4/last=false,candidate,96,97.0,133321452.0,Linear
engine/memory/window_rank/append/16384/domain=8/bytes=264/nulls=false/limit=4/last=false,candidate,97,98.0,135457215.0,Linear
engine/memory/window_rank/append/16384/domain=8/bytes=264/nulls=false/limit=4/last=false,candidate,98,99.0,135207038.0,Linear
engine/memory/window_rank/append/16384/domain=8/bytes=264/nulls=false/limit=4/last=false,candidate,99,100.0,136035179.0,Linear
engine/memory/window_rank/append/16384/domain=8/bytes=264/nulls=true/limit=1/last=false,original,0,22.0,49791162.0,Flat
engine/memory/window_rank/append/16384/domain=8/bytes=264/nulls=true/limit=1/last=false,original,1,22.0,50544332.0,Flat
engine/memory/window_rank/append/16384/domain=8/bytes=264/nulls=true/limit=1/last=false,original,2,22.0,49661169.0,Flat
engine/memory/window_rank/append/16384/domain=8/bytes=264/nulls=true/limit=1/last=false,original,3,22.0,50382864.0,Flat
engine/memory/window_rank/append/16384/domain=8/bytes=264/nulls=true/limit=1/last=false,original,4,22.0,50420379.0,Flat
engine/memory/window_rank/append/16384/domain=8/bytes=264/nulls=true/limit=1/last=false,original,5,22.0,50583754.0,Flat
engine/memory/window_rank/append/16384/domain=8/bytes=264/nulls=true/limit=1/last=false,original,6,22.0,50132606.0,Flat
engine/memory/window_rank/append/16384/domain=8/bytes=264/nulls=true/limit=1/last=false,original,7,22.0,50416527.0,Flat
engine/memory/window_rank/append/16384/domain=8/bytes=264/nulls=true/limit=1/last=false,original,8,22.0,49990101.0,Flat
engine/memory/window_rank/append/16384/domain=8/bytes=264/nulls=true/limit=1/last=false,original,9,22.0,50199042.0,Flat
engine/memory/window_rank/append/16384/domain=8/bytes=264/nulls=true/limit=1/last=false,original,10,22.0,50335607.0,Flat
engine/memory/window_rank/append/16384/domain=8/bytes=264/nulls=true/limit=1/last=false,original,11,22.0,50242782.0,Flat
engine/memory/window_rank/append/16384/domain=8/bytes=264/nulls=true/limit=1/last=false,original,12,22.0,49719310.0,Flat
engine/memory/window_rank/append/16384/domain=8/bytes=264/nulls=true/limit=1/last=false,original,13,22.0,49939920.0,Flat
engine/memory/window_rank/append/16384/domain=8/bytes=264/nulls=true/limit=1/last=false,original,14,22.0,50120692.0,Flat
engine/memory/window_rank/append/16384/domain=8/bytes=264/nulls=true/limit=1/last=false,original,15,22.0,49505717.0,Flat
engine/memory/window_rank/append/16384/domain=8/bytes=264/nulls=true/limit=1/last=false,original,16,22.0,49607292.0,Flat
engine/memory/window_rank/append/16384/domain=8/bytes=264/nulls=true/limit=1/last=false,original,17,22.0,50873633.0,Flat
engine/memory/window_rank/append/16384/domain=8/bytes=264/nulls=true/limit=1/last=false,original,18,22.0,49894026.0,Flat
engine/memory/window_rank/append/16384/domain=8/bytes=264/nulls=true/limit=1/last=false,original,19,22.0,50375668.0,Flat
engine/memory/window_rank/append/16384/domain=8/bytes=264/nulls=true/limit=1/last=false,original,20,22.0,50089188.0,Flat
engine/memory/window_rank/append/16384/domain=8/bytes=264/nulls=true/limit=1/last=false,original,21,22.0,50419820.0,Flat
engine/memory/window_rank/append/16384/domain=8/bytes=264/nulls=true/limit=1/last=false,original,22,22.0,50230584.0,Flat
engine/memory/window_rank/append/16384/domain=8/bytes=264/nulls=true/limit=1/last=false,original,23,22.0,53509121.0,Flat
engine/memory/window_rank/append/16384/domain=8/bytes=264/nulls=true/limit=1/last=false,original,24,22.0,53367711.0,Flat
engine/memory/window_rank/append/16384/domain=8/bytes=264/nulls=true/limit=1/last=false,original,25,22.0,51534177.0,Flat
engine/memory/window_rank/append/16384/domain=8/bytes=264/nulls=true/limit=1/last=false,original,26,22.0,50103830.0,Flat
engine/memory/window_rank/append/16384/domain=8/bytes=264/nulls=true/limit=1/last=false,original,27,22.0,50899963.0,Flat
engine/memory/window_rank/append/16384/domain=8/bytes=264/nulls=true/limit=1/last=false,original,28,22.0,50264234.0,Flat
engine/memory/window_rank/append/16384/domain=8/bytes=264/nulls=true/limit=1/last=false,original,29,22.0,52009461.0,Flat
engine/memory/window_rank/append/16384/domain=8/bytes=264/nulls=true/limit=1/last=false,original,30,22.0,52169438.0,Flat
engine/memory/window_rank/append/16384/domain=8/bytes=264/nulls=true/limit=1/last=false,original,31,22.0,52311988.0,Flat
engine/memory/window_rank/append/16384/domain=8/bytes=264/nulls=true/limit=1/last=false,original,32,22.0,50431544.0,Flat
engine/memory/window_rank/append/16384/domain=8/bytes=264/nulls=true/limit=1/last=false,original,33,22.0,51168923.0,Flat
engine/memory/window_rank/append/16384/domain=8/bytes=264/nulls=true/limit=1/last=false,original,34,22.0,50250261.0,Flat
engine/memory/window_rank/append/16384/domain=8/bytes=264/nulls=true/limit=1/last=false,original,35,22.0,50121151.0,Flat
engine/memory/window_rank/append/16384/domain=8/bytes=264/nulls=true/limit=1/last=false,original,36,22.0,50521497.0,Flat
engine/memory/window_rank/append/16384/domain=8/bytes=264/nulls=true/limit=1/last=false,original,37,22.0,50342002.0,Flat
engine/memory/window_rank/append/16384/domain=8/bytes=264/nulls=true/limit=1/last=false,original,38,22.0,49995410.0,Flat
engine/memory/window_rank/append/16384/domain=8/bytes=264/nulls=true/limit=1/last=false,original,39,22.0,50879411.0,Flat
engine/memory/window_rank/append/16384/domain=8/bytes=264/nulls=true/limit=1/last=false,original,40,22.0,50432205.0,Flat
engine/memory/window_rank/append/16384/domain=8/bytes=264/nulls=true/limit=1/last=false,original,41,22.0,52727292.0,Flat
engine/memory/window_rank/append/16384/domain=8/bytes=264/nulls=true/limit=1/last=false,original,42,22.0,52314323.0,Flat
engine/memory/window_rank/append/16384/domain=8/bytes=264/nulls=true/limit=1/last=false,original,43,22.0,51753402.0,Flat
engine/memory/window_rank/append/16384/domain=8/bytes=264/nulls=true/limit=1/last=false,original,44,22.0,50102423.0,Flat
engine/memory/window_rank/append/16384/domain=8/bytes=264/nulls=true/limit=1/last=false,original,45,22.0,50280471.0,Flat
engine/memory/window_rank/append/16384/domain=8/bytes=264/nulls=true/limit=1/last=false,original,46,22.0,50114699.0,Flat
engine/memory/window_rank/append/16384/domain=8/bytes=264/nulls=true/limit=1/last=false,original,47,22.0,49966040.0,Flat
engine/memory/window_rank/append/16384/domain=8/bytes=264/nulls=true/limit=1/last=false,original,48,22.0,50499017.0,Flat
engine/memory/window_rank/append/16384/domain=8/bytes=264/nulls=true/limit=1/last=false,original,49,22.0,49686630.0,Flat
engine/memory/window_rank/append/16384/domain=8/bytes=264/nulls=true/limit=1/last=false,original,50,22.0,50399766.0,Flat
engine/memory/window_rank/append/16384/domain=8/bytes=264/nulls=true/limit=1/last=false,original,51,22.0,49938227.0,Flat
engine/memory/window_rank/append/16384/domain=8/bytes=264/nulls=true/limit=1/last=false,original,52,22.0,51061546.0,Flat
engine/memory/window_rank/append/16384/domain=8/bytes=264/nulls=true/limit=1/last=false,original,53,22.0,50088557.0,Flat
engine/memory/window_rank/append/16384/domain=8/bytes=264/nulls=true/limit=1/last=false,original,54,22.0,53942700.0,Flat
engine/memory/window_rank/append/16384/domain=8/bytes=264/nulls=true/limit=1/last=false,original,55,22.0,49514544.0,Flat
engine/memory/window_rank/append/16384/domain=8/bytes=264/nulls=true/limit=1/last=false,original,56,22.0,49507556.0,Flat
engine/memory/window_rank/append/16384/domain=8/bytes=264/nulls=true/limit=1/last=false,original,57,22.0,49557403.0,Flat
engine/memory/window_rank/append/16384/domain=8/bytes=264/nulls=true/limit=1/last=false,original,58,22.0,49878445.0,Flat
engine/memory/window_rank/append/16384/domain=8/bytes=264/nulls=true/limit=1/last=false,original,59,22.0,49469876.0,Flat
engine/memory/window_rank/append/16384/domain=8/bytes=264/nulls=true/limit=1/last=false,original,60,22.0,50290028.0,Flat
engine/memory/window_rank/append/16384/domain=8/bytes=264/nulls=true/limit=1/last=false,original,61,22.0,50019969.0,Flat
engine/memory/window_rank/append/16384/domain=8/bytes=264/nulls=true/limit=1/last=false,original,62,22.0,50106472.0,Flat
engine/memory/window_rank/append/16384/domain=8/bytes=264/nulls=true/limit=1/last=false,original,63,22.0,50002465.0,Flat
engine/memory/window_rank/append/16384/domain=8/bytes=264/nulls=true/limit=1/last=false,original,64,22.0,49863911.0,Flat
engine/memory/window_rank/append/16384/domain=8/bytes=264/nulls=true/limit=1/last=false,original,65,22.0,50602667.0,Flat
engine/memory/window_rank/append/16384/domain=8/bytes=264/nulls=true/limit=1/last=false,original,66,22.0,50654037.0,Flat
engine/memory/window_rank/append/16384/domain=8/bytes=264/nulls=true/limit=1/last=false,original,67,22.0,50172141.0,Flat
engine/memory/window_rank/append/16384/domain=8/bytes=264/nulls=true/limit=1/last=false,original,68,22.0,51008215.0,Flat
engine/memory/window_rank/append/16384/domain=8/bytes=264/nulls=true/limit=1/last=false,original,69,22.0,49914819.0,Flat
engine/memory/window_rank/append/16384/domain=8/bytes=264/nulls=true/limit=1/last=false,original,70,22.0,49925340.0,Flat
engine/memory/window_rank/append/16384/domain=8/bytes=264/nulls=true/limit=1/last=false,original,71,22.0,50071365.0,Flat
engine/memory/window_rank/append/16384/domain=8/bytes=264/nulls=true/limit=1/last=false,original,72,22.0,50367864.0,Flat
engine/memory/window_rank/append/16384/domain=8/bytes=264/nulls=true/limit=1/last=false,original,73,22.0,50021959.0,Flat
engine/memory/window_rank/append/16384/domain=8/bytes=264/nulls=true/limit=1/last=false,original,74,22.0,50576679.0,Flat
engine/memory/window_rank/append/16384/domain=8/bytes=264/nulls=true/limit=1/last=false,original,75,22.0,50275811.0,Flat
engine/memory/window_rank/append/16384/domain=8/bytes=264/nulls=true/limit=1/last=false,original,76,22.0,49617782.0,Flat
engine/memory/window_rank/append/16384/domain=8/bytes=264/nulls=true/limit=1/last=false,original,77,22.0,50020924.0,Flat
engine/memory/window_rank/append/16384/domain=8/bytes=264/nulls=true/limit=1/last=false,original,78,22.0,50161609.0,Flat
engine/memory/window_rank/append/16384/domain=8/bytes=264/nulls=true/limit=1/last=false,original,79,22.0,50716480.0,Flat
engine/memory/window_rank/append/16384/domain=8/bytes=264/nulls=true/limit=1/last=false,original,80,22.0,50869775.0,Flat
engine/memory/window_rank/append/16384/domain=8/bytes=264/nulls=true/limit=1/last=false,original,81,22.0,51629630.0,Flat
engine/memory/window_rank/append/16384/domain=8/bytes=264/nulls=true/limit=1/last=false,original,82,22.0,50373289.0,Flat
engine/memory/window_rank/append/16384/domain=8/bytes=264/nulls=true/limit=1/last=false,original,83,22.0,50057050.0,Flat
engine/memory/window_rank/append/16384/domain=8/bytes=264/nulls=true/limit=1/last=false,original,84,22.0,50108927.0,Flat
engine/memory/window_rank/append/16384/domain=8/bytes=264/nulls=true/limit=1/last=false,original,85,22.0,50323070.0,Flat
engine/memory/window_rank/append/16384/domain=8/bytes=264/nulls=true/limit=1/last=false,original,86,22.0,50137093.0,Flat
engine/memory/window_rank/append/16384/domain=8/bytes=264/nulls=true/limit=1/last=false,original,87,22.0,49786102.0,Flat
engine/memory/window_rank/append/16384/domain=8/bytes=264/nulls=true/limit=1/last=false,original,88,22.0,50110124.0,Flat
engine/memory/window_rank/append/16384/domain=8/bytes=264/nulls=true/limit=1/last=false,original,89,22.0,49940095.0,Flat
engine/memory/window_rank/append/16384/domain=8/bytes=264/nulls=true/limit=1/last=false,original,90,22.0,49807928.0,Flat
engine/memory/window_rank/append/16384/domain=8/bytes=264/nulls=true/limit=1/last=false,original,91,22.0,49813354.0,Flat
engine/memory/window_rank/append/16384/domain=8/bytes=264/nulls=true/limit=1/last=false,original,92,22.0,53956874.0,Flat
engine/memory/window_rank/append/16384/domain=8/bytes=264/nulls=true/limit=1/last=false,original,93,22.0,50007077.0,Flat
engine/memory/window_rank/append/16384/domain=8/bytes=264/nulls=true/limit=1/last=false,original,94,22.0,49842895.0,Flat
engine/memory/window_rank/append/16384/domain=8/bytes=264/nulls=true/limit=1/last=false,original,95,22.0,49853135.0,Flat
engine/memory/window_rank/append/16384/domain=8/bytes=264/nulls=true/limit=1/last=false,original,96,22.0,49533645.0,Flat
engine/memory/window_rank/append/16384/domain=8/bytes=264/nulls=true/limit=1/last=false,original,97,22.0,49476802.0,Flat
engine/memory/window_rank/append/16384/domain=8/bytes=264/nulls=true/limit=1/last=false,original,98,22.0,49710575.0,Flat
engine/memory/window_rank/append/16384/domain=8/bytes=264/nulls=true/limit=1/last=false,original,99,22.0,50224776.0,Flat
engine/memory/window_rank/append/16384/domain=8/bytes=264/nulls=true/limit=1/last=false,candidate,0,1.0,1180897.0,Linear
engine/memory/window_rank/append/16384/domain=8/bytes=264/nulls=true/limit=1/last=false,candidate,1,2.0,2210208.0,Linear
engine/memory/window_rank/append/16384/domain=8/bytes=264/nulls=true/limit=1/last=false,candidate,2,3.0,3308137.0,Linear
engine/memory/window_rank/append/16384/domain=8/bytes=264/nulls=true/limit=1/last=false,candidate,3,4.0,4400297.0,Linear
engine/memory/window_rank/append/16384/domain=8/bytes=264/nulls=true/limit=1/last=false,candidate,4,5.0,5496828.0,Linear
engine/memory/window_rank/append/16384/domain=8/bytes=264/nulls=true/limit=1/last=false,candidate,5,6.0,6531109.0,Linear
engine/memory/window_rank/append/16384/domain=8/bytes=264/nulls=true/limit=1/last=false,candidate,6,7.0,7758427.0,Linear
engine/memory/window_rank/append/16384/domain=8/bytes=264/nulls=true/limit=1/last=false,candidate,7,8.0,8924898.0,Linear
engine/memory/window_rank/append/16384/domain=8/bytes=264/nulls=true/limit=1/last=false,candidate,8,9.0,9937865.0,Linear
engine/memory/window_rank/append/16384/domain=8/bytes=264/nulls=true/limit=1/last=false,candidate,9,10.0,11002655.0,Linear
engine/memory/window_rank/append/16384/domain=8/bytes=264/nulls=true/limit=1/last=false,candidate,10,11.0,12038697.0,Linear
engine/memory/window_rank/append/16384/domain=8/bytes=264/nulls=true/limit=1/last=false,candidate,11,12.0,13167232.0,Linear
engine/memory/window_rank/append/16384/domain=8/bytes=264/nulls=true/limit=1/last=false,candidate,12,13.0,15057871.0,Linear
engine/memory/window_rank/append/16384/domain=8/bytes=264/nulls=true/limit=1/last=false,candidate,13,14.0,15300887.0,Linear
engine/memory/window_rank/append/16384/domain=8/bytes=264/nulls=true/limit=1/last=false,candidate,14,15.0,16597861.0,Linear
engine/memory/window_rank/append/16384/domain=8/bytes=264/nulls=true/limit=1/last=false,candidate,15,16.0,17644196.0,Linear
engine/memory/window_rank/append/16384/domain=8/bytes=264/nulls=true/limit=1/last=false,candidate,16,17.0,18734803.0,Linear
engine/memory/window_rank/append/16384/domain=8/bytes=264/nulls=true/limit=1/last=false,candidate,17,18.0,20498978.0,Linear
engine/memory/window_rank/append/16384/domain=8/bytes=264/nulls=true/limit=1/last=false,candidate,18,19.0,21784960.0,Linear
engine/memory/window_rank/append/16384/domain=8/bytes=264/nulls=true/limit=1/last=false,candidate,19,20.0,22495283.0,Linear
engine/memory/window_rank/append/16384/domain=8/bytes=264/nulls=true/limit=1/last=false,candidate,20,21.0,23134238.0,Linear
engine/memory/window_rank/append/16384/domain=8/bytes=264/nulls=true/limit=1/last=false,candidate,21,22.0,24092719.0,Linear
engine/memory/window_rank/append/16384/domain=8/bytes=264/nulls=true/limit=1/last=false,candidate,22,23.0,25223219.0,Linear
engine/memory/window_rank/append/16384/domain=8/bytes=264/nulls=true/limit=1/last=false,candidate,23,24.0,27020904.0,Linear
engine/memory/window_rank/append/16384/domain=8/bytes=264/nulls=true/limit=1/last=false,candidate,24,25.0,27593843.0,Linear
engine/memory/window_rank/append/16384/domain=8/bytes=264/nulls=true/limit=1/last=false,candidate,25,26.0,28668612.0,Linear
engine/memory/window_rank/append/16384/domain=8/bytes=264/nulls=true/limit=1/last=false,candidate,26,27.0,30831636.0,Linear
engine/memory/window_rank/append/16384/domain=8/bytes=264/nulls=true/limit=1/last=false,candidate,27,28.0,31186082.0,Linear
engine/memory/window_rank/append/16384/domain=8/bytes=264/nulls=true/limit=1/last=false,candidate,28,29.0,32446586.0,Linear
engine/memory/window_rank/append/16384/domain=8/bytes=264/nulls=true/limit=1/last=false,candidate,29,30.0,33799771.0,Linear
engine/memory/window_rank/append/16384/domain=8/bytes=264/nulls=true/limit=1/last=false,candidate,30,31.0,34049681.0,Linear
engine/memory/window_rank/append/16384/domain=8/bytes=264/nulls=true/limit=1/last=false,candidate,31,32.0,35068144.0,Linear
engine/memory/window_rank/append/16384/domain=8/bytes=264/nulls=true/limit=1/last=false,candidate,32,33.0,36896999.0,Linear
engine/memory/window_rank/append/16384/domain=8/bytes=264/nulls=true/limit=1/last=false,candidate,33,34.0,37650134.0,Linear
engine/memory/window_rank/append/16384/domain=8/bytes=264/nulls=true/limit=1/last=false,candidate,34,35.0,39652215.0,Linear
engine/memory/window_rank/append/16384/domain=8/bytes=264/nulls=true/limit=1/last=false,candidate,35,36.0,40887610.0,Linear
engine/memory/window_rank/append/16384/domain=8/bytes=264/nulls=true/limit=1/last=false,candidate,36,37.0,41073290.0,Linear
engine/memory/window_rank/append/16384/domain=8/bytes=264/nulls=true/limit=1/last=false,candidate,37,38.0,42261599.0,Linear
engine/memory/window_rank/append/16384/domain=8/bytes=264/nulls=true/limit=1/last=false,candidate,38,39.0,43004544.0,Linear
engine/memory/window_rank/append/16384/domain=8/bytes=264/nulls=true/limit=1/last=false,candidate,39,40.0,44490138.0,Linear
engine/memory/window_rank/append/16384/domain=8/bytes=264/nulls=true/limit=1/last=false,candidate,40,41.0,45718368.0,Linear
engine/memory/window_rank/append/16384/domain=8/bytes=264/nulls=true/limit=1/last=false,candidate,41,42.0,46562633.0,Linear
engine/memory/window_rank/append/16384/domain=8/bytes=264/nulls=true/limit=1/last=false,candidate,42,43.0,47591324.0,Linear
engine/memory/window_rank/append/16384/domain=8/bytes=264/nulls=true/limit=1/last=false,candidate,43,44.0,48873996.0,Linear
engine/memory/window_rank/append/16384/domain=8/bytes=264/nulls=true/limit=1/last=false,candidate,44,45.0,50185651.0,Linear
engine/memory/window_rank/append/16384/domain=8/bytes=264/nulls=true/limit=1/last=false,candidate,45,46.0,52292015.0,Linear
engine/memory/window_rank/append/16384/domain=8/bytes=264/nulls=true/limit=1/last=false,candidate,46,47.0,52555279.0,Linear
engine/memory/window_rank/append/16384/domain=8/bytes=264/nulls=true/limit=1/last=false,candidate,47,48.0,52822658.0,Linear
engine/memory/window_rank/append/16384/domain=8/bytes=264/nulls=true/limit=1/last=false,candidate,48,49.0,54229185.0,Linear
engine/memory/window_rank/append/16384/domain=8/bytes=264/nulls=true/limit=1/last=false,candidate,49,50.0,55646855.0,Linear
engine/memory/window_rank/append/16384/domain=8/bytes=264/nulls=true/limit=1/last=false,candidate,50,51.0,56264989.0,Linear
engine/memory/window_rank/append/16384/domain=8/bytes=264/nulls=true/limit=1/last=false,candidate,51,52.0,58802968.0,Linear
engine/memory/window_rank/append/16384/domain=8/bytes=264/nulls=true/limit=1/last=false,candidate,52,53.0,59921247.0,Linear
engine/memory/window_rank/append/16384/domain=8/bytes=264/nulls=true/limit=1/last=false,candidate,53,54.0,60427466.0,Linear
engine/memory/window_rank/append/16384/domain=8/bytes=264/nulls=true/limit=1/last=false,candidate,54,55.0,61633415.0,Linear
engine/memory/window_rank/append/16384/domain=8/bytes=264/nulls=true/limit=1/last=false,candidate,55,56.0,62124987.0,Linear
engine/memory/window_rank/append/16384/domain=8/bytes=264/nulls=true/limit=1/last=false,candidate,56,57.0,62908424.0,Linear
engine/memory/window_rank/append/16384/domain=8/bytes=264/nulls=true/limit=1/last=false,candidate,57,58.0,64273530.0,Linear
engine/memory/window_rank/append/16384/domain=8/bytes=264/nulls=true/limit=1/last=false,candidate,58,59.0,65926010.0,Linear
engine/memory/window_rank/append/16384/domain=8/bytes=264/nulls=true/limit=1/last=false,candidate,59,60.0,67251559.0,Linear
engine/memory/window_rank/append/16384/domain=8/bytes=264/nulls=true/limit=1/last=false,candidate,60,61.0,68056256.0,Linear
engine/memory/window_rank/append/16384/domain=8/bytes=264/nulls=true/limit=1/last=false,candidate,61,62.0,68705118.0,Linear
engine/memory/window_rank/append/16384/domain=8/bytes=264/nulls=true/limit=1/last=false,candidate,62,63.0,70554179.0,Linear
engine/memory/window_rank/append/16384/domain=8/bytes=264/nulls=true/limit=1/last=false,candidate,63,64.0,71232537.0,Linear
engine/memory/window_rank/append/16384/domain=8/bytes=264/nulls=true/limit=1/last=false,candidate,64,65.0,72275323.0,Linear
engine/memory/window_rank/append/16384/domain=8/bytes=264/nulls=true/limit=1/last=false,candidate,65,66.0,73436393.0,Linear
engine/memory/window_rank/append/16384/domain=8/bytes=264/nulls=true/limit=1/last=false,candidate,66,67.0,73994978.0,Linear
engine/memory/window_rank/append/16384/domain=8/bytes=264/nulls=true/limit=1/last=false,candidate,67,68.0,75528302.0,Linear
engine/memory/window_rank/append/16384/domain=8/bytes=264/nulls=true/limit=1/last=false,candidate,68,69.0,76290991.0,Linear
engine/memory/window_rank/append/16384/domain=8/bytes=264/nulls=true/limit=1/last=false,candidate,69,70.0,77629291.0,Linear
engine/memory/window_rank/append/16384/domain=8/bytes=264/nulls=true/limit=1/last=false,candidate,70,71.0,78674138.0,Linear
engine/memory/window_rank/append/16384/domain=8/bytes=264/nulls=true/limit=1/last=false,candidate,71,72.0,80688573.0,Linear
engine/memory/window_rank/append/16384/domain=8/bytes=264/nulls=true/limit=1/last=false,candidate,72,73.0,80571950.0,Linear
engine/memory/window_rank/append/16384/domain=8/bytes=264/nulls=true/limit=1/last=false,candidate,73,74.0,81698510.0,Linear
engine/memory/window_rank/append/16384/domain=8/bytes=264/nulls=true/limit=1/last=false,candidate,74,75.0,83689162.0,Linear
engine/memory/window_rank/append/16384/domain=8/bytes=264/nulls=true/limit=1/last=false,candidate,75,76.0,84230835.0,Linear
engine/memory/window_rank/append/16384/domain=8/bytes=264/nulls=true/limit=1/last=false,candidate,76,77.0,86800267.0,Linear
engine/memory/window_rank/append/16384/domain=8/bytes=264/nulls=true/limit=1/last=false,candidate,77,78.0,86450540.0,Linear
engine/memory/window_rank/append/16384/domain=8/bytes=264/nulls=true/limit=1/last=false,candidate,78,79.0,88146779.0,Linear
engine/memory/window_rank/append/16384/domain=8/bytes=264/nulls=true/limit=1/last=false,candidate,79,80.0,88463233.0,Linear
engine/memory/window_rank/append/16384/domain=8/bytes=264/nulls=true/limit=1/last=false,candidate,80,81.0,91476662.0,Linear
engine/memory/window_rank/append/16384/domain=8/bytes=264/nulls=true/limit=1/last=false,candidate,81,82.0,91042184.0,Linear
engine/memory/window_rank/append/16384/domain=8/bytes=264/nulls=true/limit=1/last=false,candidate,82,83.0,92885518.0,Linear
engine/memory/window_rank/append/16384/domain=8/bytes=264/nulls=true/limit=1/last=false,candidate,83,84.0,93436619.0,Linear
engine/memory/window_rank/append/16384/domain=8/bytes=264/nulls=true/limit=1/last=false,candidate,84,85.0,99133047.0,Linear
engine/memory/window_rank/append/16384/domain=8/bytes=264/nulls=true/limit=1/last=false,candidate,85,86.0,95052169.0,Linear
engine/memory/window_rank/append/16384/domain=8/bytes=264/nulls=true/limit=1/last=false,candidate,86,87.0,97995049.0,Linear
engine/memory/window_rank/append/16384/domain=8/bytes=264/nulls=true/limit=1/last=false,candidate,87,88.0,97883440.0,Linear
engine/memory/window_rank/append/16384/domain=8/bytes=264/nulls=true/limit=1/last=false,candidate,88,89.0,101621164.0,Linear
engine/memory/window_rank/append/16384/domain=8/bytes=264/nulls=true/limit=1/last=false,candidate,89,90.0,101314473.0,Linear
engine/memory/window_rank/append/16384/domain=8/bytes=264/nulls=true/limit=1/last=false,candidate,90,91.0,101147230.0,Linear
engine/memory/window_rank/append/16384/domain=8/bytes=264/nulls=true/limit=1/last=false,candidate,91,92.0,102487917.0,Linear
engine/memory/window_rank/append/16384/domain=8/bytes=264/nulls=true/limit=1/last=false,candidate,92,93.0,103359716.0,Linear
engine/memory/window_rank/append/16384/domain=8/bytes=264/nulls=true/limit=1/last=false,candidate,93,94.0,104301353.0,Linear
engine/memory/window_rank/append/16384/domain=8/bytes=264/nulls=true/limit=1/last=false,candidate,94,95.0,105712198.0,Linear
engine/memory/window_rank/append/16384/domain=8/bytes=264/nulls=true/limit=1/last=false,candidate,95,96.0,106487633.0,Linear
engine/memory/window_rank/append/16384/domain=8/bytes=264/nulls=true/limit=1/last=false,candidate,96,97.0,107329868.0,Linear
engine/memory/window_rank/append/16384/domain=8/bytes=264/nulls=true/limit=1/last=false,candidate,97,98.0,109495914.0,Linear
engine/memory/window_rank/append/16384/domain=8/bytes=264/nulls=true/limit=1/last=false,candidate,98,99.0,109371526.0,Linear
engine/memory/window_rank/append/16384/domain=8/bytes=264/nulls=true/limit=1/last=false,candidate,99,100.0,111453315.0,Linear
engine/memory/window_rank/append/16384/domain=8/bytes=8/nulls=false/limit=1/last=false,original,0,22.0,49444279.0,Flat
engine/memory/window_rank/append/16384/domain=8/bytes=8/nulls=false/limit=1/last=false,original,1,22.0,49777862.0,Flat
engine/memory/window_rank/append/16384/domain=8/bytes=8/nulls=false/limit=1/last=false,original,2,22.0,49102785.0,Flat
engine/memory/window_rank/append/16384/domain=8/bytes=8/nulls=false/limit=1/last=false,original,3,22.0,48959350.0,Flat
engine/memory/window_rank/append/16384/domain=8/bytes=8/nulls=false/limit=1/last=false,original,4,22.0,50226272.0,Flat
engine/memory/window_rank/append/16384/domain=8/bytes=8/nulls=false/limit=1/last=false,original,5,22.0,50014577.0,Flat
engine/memory/window_rank/append/16384/domain=8/bytes=8/nulls=false/limit=1/last=false,original,6,22.0,49922224.0,Flat
engine/memory/window_rank/append/16384/domain=8/bytes=8/nulls=false/limit=1/last=false,original,7,22.0,50038214.0,Flat
engine/memory/window_rank/append/16384/domain=8/bytes=8/nulls=false/limit=1/last=false,original,8,22.0,49529877.0,Flat
engine/memory/window_rank/append/16384/domain=8/bytes=8/nulls=false/limit=1/last=false,original,9,22.0,49287619.0,Flat
engine/memory/window_rank/append/16384/domain=8/bytes=8/nulls=false/limit=1/last=false,original,10,22.0,49407097.0,Flat
engine/memory/window_rank/append/16384/domain=8/bytes=8/nulls=false/limit=1/last=false,original,11,22.0,50773921.0,Flat
engine/memory/window_rank/append/16384/domain=8/bytes=8/nulls=false/limit=1/last=false,original,12,22.0,49866010.0,Flat
engine/memory/window_rank/append/16384/domain=8/bytes=8/nulls=false/limit=1/last=false,original,13,22.0,49227171.0,Flat
engine/memory/window_rank/append/16384/domain=8/bytes=8/nulls=false/limit=1/last=false,original,14,22.0,50666746.0,Flat
engine/memory/window_rank/append/16384/domain=8/bytes=8/nulls=false/limit=1/last=false,original,15,22.0,50916492.0,Flat
engine/memory/window_rank/append/16384/domain=8/bytes=8/nulls=false/limit=1/last=false,original,16,22.0,50038111.0,Flat
engine/memory/window_rank/append/16384/domain=8/bytes=8/nulls=false/limit=1/last=false,original,17,22.0,49566315.0,Flat
engine/memory/window_rank/append/16384/domain=8/bytes=8/nulls=false/limit=1/last=false,original,18,22.0,49196051.0,Flat
engine/memory/window_rank/append/16384/domain=8/bytes=8/nulls=false/limit=1/last=false,original,19,22.0,50149469.0,Flat
engine/memory/window_rank/append/16384/domain=8/bytes=8/nulls=false/limit=1/last=false,original,20,22.0,49801516.0,Flat
engine/memory/window_rank/append/16384/domain=8/bytes=8/nulls=false/limit=1/last=false,original,21,22.0,49328877.0,Flat
engine/memory/window_rank/append/16384/domain=8/bytes=8/nulls=false/limit=1/last=false,original,22,22.0,49221148.0,Flat
engine/memory/window_rank/append/16384/domain=8/bytes=8/nulls=false/limit=1/last=false,original,23,22.0,50292641.0,Flat
engine/memory/window_rank/append/16384/domain=8/bytes=8/nulls=false/limit=1/last=false,original,24,22.0,49530131.0,Flat
engine/memory/window_rank/append/16384/domain=8/bytes=8/nulls=false/limit=1/last=false,original,25,22.0,50038975.0,Flat
engine/memory/window_rank/append/16384/domain=8/bytes=8/nulls=false/limit=1/last=false,original,26,22.0,49271037.0,Flat
engine/memory/window_rank/append/16384/domain=8/bytes=8/nulls=false/limit=1/last=false,original,27,22.0,49163839.0,Flat
engine/memory/window_rank/append/16384/domain=8/bytes=8/nulls=false/limit=1/last=false,original,28,22.0,49319570.0,Flat
engine/memory/window_rank/append/16384/domain=8/bytes=8/nulls=false/limit=1/last=false,original,29,22.0,49626506.0,Flat
engine/memory/window_rank/append/16384/domain=8/bytes=8/nulls=false/limit=1/last=false,original,30,22.0,49292774.0,Flat
engine/memory/window_rank/append/16384/domain=8/bytes=8/nulls=false/limit=1/last=false,original,31,22.0,50245831.0,Flat
engine/memory/window_rank/append/16384/domain=8/bytes=8/nulls=false/limit=1/last=false,original,32,22.0,48720086.0,Flat
engine/memory/window_rank/append/16384/domain=8/bytes=8/nulls=false/limit=1/last=false,original,33,22.0,49023042.0,Flat
engine/memory/window_rank/append/16384/domain=8/bytes=8/nulls=false/limit=1/last=false,original,34,22.0,50695414.0,Flat
engine/memory/window_rank/append/16384/domain=8/bytes=8/nulls=false/limit=1/last=false,original,35,22.0,49395415.0,Flat
engine/memory/window_rank/append/16384/domain=8/bytes=8/nulls=false/limit=1/last=false,original,36,22.0,49644723.0,Flat
engine/memory/window_rank/append/16384/domain=8/bytes=8/nulls=false/limit=1/last=false,original,37,22.0,50715920.0,Flat
engine/memory/window_rank/append/16384/domain=8/bytes=8/nulls=false/limit=1/last=false,original,38,22.0,49780034.0,Flat
engine/memory/window_rank/append/16384/domain=8/bytes=8/nulls=false/limit=1/last=false,original,39,22.0,49188910.0,Flat
engine/memory/window_rank/append/16384/domain=8/bytes=8/nulls=false/limit=1/last=false,original,40,22.0,49554449.0,Flat
engine/memory/window_rank/append/16384/domain=8/bytes=8/nulls=false/limit=1/last=false,original,41,22.0,48895603.0,Flat
engine/memory/window_rank/append/16384/domain=8/bytes=8/nulls=false/limit=1/last=false,original,42,22.0,50642879.0,Flat
engine/memory/window_rank/append/16384/domain=8/bytes=8/nulls=false/limit=1/last=false,original,43,22.0,49693948.0,Flat
engine/memory/window_rank/append/16384/domain=8/bytes=8/nulls=false/limit=1/last=false,original,44,22.0,49245189.0,Flat
engine/memory/window_rank/append/16384/domain=8/bytes=8/nulls=false/limit=1/last=false,original,45,22.0,50263193.0,Flat
engine/memory/window_rank/append/16384/domain=8/bytes=8/nulls=false/limit=1/last=false,original,46,22.0,49486716.0,Flat
engine/memory/window_rank/append/16384/domain=8/bytes=8/nulls=false/limit=1/last=false,original,47,22.0,49347676.0,Flat
engine/memory/window_rank/append/16384/domain=8/bytes=8/nulls=false/limit=1/last=false,original,48,22.0,48766329.0,Flat
engine/memory/window_rank/append/16384/domain=8/bytes=8/nulls=false/limit=1/last=false,original,49,22.0,49193025.0,Flat
engine/memory/window_rank/append/16384/domain=8/bytes=8/nulls=false/limit=1/last=false,original,50,22.0,49631838.0,Flat
engine/memory/window_rank/append/16384/domain=8/bytes=8/nulls=false/limit=1/last=false,original,51,22.0,49292291.0,Flat
engine/memory/window_rank/append/16384/domain=8/bytes=8/nulls=false/limit=1/last=false,original,52,22.0,49464157.0,Flat
engine/memory/window_rank/append/16384/domain=8/bytes=8/nulls=false/limit=1/last=false,original,53,22.0,49031307.0,Flat
engine/memory/window_rank/append/16384/domain=8/bytes=8/nulls=false/limit=1/last=false,original,54,22.0,48838475.0,Flat
engine/memory/window_rank/append/16384/domain=8/bytes=8/nulls=false/limit=1/last=false,original,55,22.0,50156602.0,Flat
engine/memory/window_rank/append/16384/domain=8/bytes=8/nulls=false/limit=1/last=false,original,56,22.0,49060103.0,Flat
engine/memory/window_rank/append/16384/domain=8/bytes=8/nulls=false/limit=1/last=false,original,57,22.0,49530378.0,Flat
engine/memory/window_rank/append/16384/domain=8/bytes=8/nulls=false/limit=1/last=false,original,58,22.0,49334467.0,Flat
engine/memory/window_rank/append/16384/domain=8/bytes=8/nulls=false/limit=1/last=false,original,59,22.0,49989203.0,Flat
engine/memory/window_rank/append/16384/domain=8/bytes=8/nulls=false/limit=1/last=false,original,60,22.0,49788707.0,Flat
engine/memory/window_rank/append/16384/domain=8/bytes=8/nulls=false/limit=1/last=false,original,61,22.0,48910432.0,Flat
engine/memory/window_rank/append/16384/domain=8/bytes=8/nulls=false/limit=1/last=false,original,62,22.0,49173601.0,Flat
engine/memory/window_rank/append/16384/domain=8/bytes=8/nulls=false/limit=1/last=false,original,63,22.0,50965124.0,Flat
engine/memory/window_rank/append/16384/domain=8/bytes=8/nulls=false/limit=1/last=false,original,64,22.0,49399226.0,Flat
engine/memory/window_rank/append/16384/domain=8/bytes=8/nulls=false/limit=1/last=false,original,65,22.0,49361875.0,Flat
engine/memory/window_rank/append/16384/domain=8/bytes=8/nulls=false/limit=1/last=false,original,66,22.0,49124986.0,Flat
engine/memory/window_rank/append/16384/domain=8/bytes=8/nulls=false/limit=1/last=false,original,67,22.0,50722146.0,Flat
engine/memory/window_rank/append/16384/domain=8/bytes=8/nulls=false/limit=1/last=false,original,68,22.0,49050608.0,Flat
engine/memory/window_rank/append/16384/domain=8/bytes=8/nulls=false/limit=1/last=false,original,69,22.0,48739857.0,Flat
engine/memory/window_rank/append/16384/domain=8/bytes=8/nulls=false/limit=1/last=false,original,70,22.0,49571845.0,Flat
engine/memory/window_rank/append/16384/domain=8/bytes=8/nulls=false/limit=1/last=false,original,71,22.0,50099153.0,Flat
engine/memory/window_rank/append/16384/domain=8/bytes=8/nulls=false/limit=1/last=false,original,72,22.0,49102994.0,Flat
engine/memory/window_rank/append/16384/domain=8/bytes=8/nulls=false/limit=1/last=false,original,73,22.0,49389614.0,Flat
engine/memory/window_rank/append/16384/domain=8/bytes=8/nulls=false/limit=1/last=false,original,74,22.0,49870620.0,Flat
engine/memory/window_rank/append/16384/domain=8/bytes=8/nulls=false/limit=1/last=false,original,75,22.0,52393070.0,Flat
engine/memory/window_rank/append/16384/domain=8/bytes=8/nulls=false/limit=1/last=false,original,76,22.0,49190877.0,Flat
engine/memory/window_rank/append/16384/domain=8/bytes=8/nulls=false/limit=1/last=false,original,77,22.0,49396783.0,Flat
engine/memory/window_rank/append/16384/domain=8/bytes=8/nulls=false/limit=1/last=false,original,78,22.0,49408092.0,Flat
engine/memory/window_rank/append/16384/domain=8/bytes=8/nulls=false/limit=1/last=false,original,79,22.0,49408211.0,Flat
engine/memory/window_rank/append/16384/domain=8/bytes=8/nulls=false/limit=1/last=false,original,80,22.0,49607883.0,Flat
engine/memory/window_rank/append/16384/domain=8/bytes=8/nulls=false/limit=1/last=false,original,81,22.0,49147429.0,Flat
engine/memory/window_rank/append/16384/domain=8/bytes=8/nulls=false/limit=1/last=false,original,82,22.0,50460671.0,Flat
engine/memory/window_rank/append/16384/domain=8/bytes=8/nulls=false/limit=1/last=false,original,83,22.0,48940652.0,Flat
engine/memory/window_rank/append/16384/domain=8/bytes=8/nulls=false/limit=1/last=false,original,84,22.0,50572715.0,Flat
engine/memory/window_rank/append/16384/domain=8/bytes=8/nulls=false/limit=1/last=false,original,85,22.0,49131927.0,Flat
engine/memory/window_rank/append/16384/domain=8/bytes=8/nulls=false/limit=1/last=false,original,86,22.0,50855226.0,Flat
engine/memory/window_rank/append/16384/domain=8/bytes=8/nulls=false/limit=1/last=false,original,87,22.0,49774013.0,Flat
engine/memory/window_rank/append/16384/domain=8/bytes=8/nulls=false/limit=1/last=false,original,88,22.0,50505140.0,Flat
engine/memory/window_rank/append/16384/domain=8/bytes=8/nulls=false/limit=1/last=false,original,89,22.0,49796965.0,Flat
engine/memory/window_rank/append/16384/domain=8/bytes=8/nulls=false/limit=1/last=false,original,90,22.0,50146507.0,Flat
engine/memory/window_rank/append/16384/domain=8/bytes=8/nulls=false/limit=1/last=false,original,91,22.0,49486149.0,Flat
engine/memory/window_rank/append/16384/domain=8/bytes=8/nulls=false/limit=1/last=false,original,92,22.0,49625366.0,Flat
engine/memory/window_rank/append/16384/domain=8/bytes=8/nulls=false/limit=1/last=false,original,93,22.0,49475552.0,Flat
engine/memory/window_rank/append/16384/domain=8/bytes=8/nulls=false/limit=1/last=false,original,94,22.0,49600537.0,Flat
engine/memory/window_rank/append/16384/domain=8/bytes=8/nulls=false/limit=1/last=false,original,95,22.0,49785097.0,Flat
engine/memory/window_rank/append/16384/domain=8/bytes=8/nulls=false/limit=1/last=false,original,96,22.0,50139631.0,Flat
engine/memory/window_rank/append/16384/domain=8/bytes=8/nulls=false/limit=1/last=false,original,97,22.0,49016071.0,Flat
engine/memory/window_rank/append/16384/domain=8/bytes=8/nulls=false/limit=1/last=false,original,98,22.0,50398141.0,Flat
engine/memory/window_rank/append/16384/domain=8/bytes=8/nulls=false/limit=1/last=false,original,99,22.0,49182244.0,Flat
engine/memory/window_rank/append/16384/domain=8/bytes=8/nulls=false/limit=1/last=false,candidate,0,1.0,1092035.0,Linear
engine/memory/window_rank/append/16384/domain=8/bytes=8/nulls=false/limit=1/last=false,candidate,1,2.0,2252100.0,Linear
engine/memory/window_rank/append/16384/domain=8/bytes=8/nulls=false/limit=1/last=false,candidate,2,3.0,3287061.0,Linear
engine/memory/window_rank/append/16384/domain=8/bytes=8/nulls=false/limit=1/last=false,candidate,3,4.0,4381106.0,Linear
engine/memory/window_rank/append/16384/domain=8/bytes=8/nulls=false/limit=1/last=false,candidate,4,5.0,5596938.0,Linear
engine/memory/window_rank/append/16384/domain=8/bytes=8/nulls=false/limit=1/last=false,candidate,5,6.0,6671808.0,Linear
engine/memory/window_rank/append/16384/domain=8/bytes=8/nulls=false/limit=1/last=false,candidate,6,7.0,7825944.0,Linear
engine/memory/window_rank/append/16384/domain=8/bytes=8/nulls=false/limit=1/last=false,candidate,7,8.0,8871934.0,Linear
engine/memory/window_rank/append/16384/domain=8/bytes=8/nulls=false/limit=1/last=false,candidate,8,9.0,10192633.0,Linear
engine/memory/window_rank/append/16384/domain=8/bytes=8/nulls=false/limit=1/last=false,candidate,9,10.0,11080513.0,Linear
engine/memory/window_rank/append/16384/domain=8/bytes=8/nulls=false/limit=1/last=false,candidate,10,11.0,12899729.0,Linear
engine/memory/window_rank/append/16384/domain=8/bytes=8/nulls=false/limit=1/last=false,candidate,11,12.0,13374444.0,Linear
engine/memory/window_rank/append/16384/domain=8/bytes=8/nulls=false/limit=1/last=false,candidate,12,13.0,14515253.0,Linear
engine/memory/window_rank/append/16384/domain=8/bytes=8/nulls=false/limit=1/last=false,candidate,13,14.0,15475981.0,Linear
engine/memory/window_rank/append/16384/domain=8/bytes=8/nulls=false/limit=1/last=false,candidate,14,15.0,17097633.0,Linear
engine/memory/window_rank/append/16384/domain=8/bytes=8/nulls=false/limit=1/last=false,candidate,15,16.0,17886128.0,Linear
engine/memory/window_rank/append/16384/domain=8/bytes=8/nulls=false/limit=1/last=false,candidate,16,17.0,18841170.0,Linear
engine/memory/window_rank/append/16384/domain=8/bytes=8/nulls=false/limit=1/last=false,candidate,17,18.0,20475091.0,Linear
engine/memory/window_rank/append/16384/domain=8/bytes=8/nulls=false/limit=1/last=false,candidate,18,19.0,21205012.0,Linear
engine/memory/window_rank/append/16384/domain=8/bytes=8/nulls=false/limit=1/last=false,candidate,19,20.0,22186912.0,Linear
engine/memory/window_rank/append/16384/domain=8/bytes=8/nulls=false/limit=1/last=false,candidate,20,21.0,23322467.0,Linear
engine/memory/window_rank/append/16384/domain=8/bytes=8/nulls=false/limit=1/last=false,candidate,21,22.0,24348732.0,Linear
engine/memory/window_rank/append/16384/domain=8/bytes=8/nulls=false/limit=1/last=false,candidate,22,23.0,25220026.0,Linear
engine/memory/window_rank/append/16384/domain=8/bytes=8/nulls=false/limit=1/last=false,candidate,23,24.0,26191313.0,Linear
engine/memory/window_rank/append/16384/domain=8/bytes=8/nulls=false/limit=1/last=false,candidate,24,25.0,27724009.0,Linear
engine/memory/window_rank/append/16384/domain=8/bytes=8/nulls=false/limit=1/last=false,candidate,25,26.0,29415701.0,Linear
engine/memory/window_rank/append/16384/domain=8/bytes=8/nulls=false/limit=1/last=false,candidate,26,27.0,30552409.0,Linear
engine/memory/window_rank/append/16384/domain=8/bytes=8/nulls=false/limit=1/last=false,candidate,27,28.0,31832609.0,Linear
engine/memory/window_rank/append/16384/domain=8/bytes=8/nulls=false/limit=1/last=false,candidate,28,29.0,33086127.0,Linear
engine/memory/window_rank/append/16384/domain=8/bytes=8/nulls=false/limit=1/last=false,candidate,29,30.0,33419278.0,Linear
engine/memory/window_rank/append/16384/domain=8/bytes=8/nulls=false/limit=1/last=false,candidate,30,31.0,34882579.0,Linear
engine/memory/window_rank/append/16384/domain=8/bytes=8/nulls=false/limit=1/last=false,candidate,31,32.0,36475368.0,Linear
engine/memory/window_rank/append/16384/domain=8/bytes=8/nulls=false/limit=1/last=false,candidate,32,33.0,36913392.0,Linear
engine/memory/window_rank/append/16384/domain=8/bytes=8/nulls=false/limit=1/last=false,candidate,33,34.0,37908638.0,Linear
engine/memory/window_rank/append/16384/domain=8/bytes=8/nulls=false/limit=1/last=false,candidate,34,35.0,39699754.0,Linear
engine/memory/window_rank/append/16384/domain=8/bytes=8/nulls=false/limit=1/last=false,candidate,35,36.0,40348019.0,Linear
engine/memory/window_rank/append/16384/domain=8/bytes=8/nulls=false/limit=1/last=false,candidate,36,37.0,41281978.0,Linear
engine/memory/window_rank/append/16384/domain=8/bytes=8/nulls=false/limit=1/last=false,candidate,37,38.0,42485634.0,Linear
engine/memory/window_rank/append/16384/domain=8/bytes=8/nulls=false/limit=1/last=false,candidate,38,39.0,43131877.0,Linear
engine/memory/window_rank/append/16384/domain=8/bytes=8/nulls=false/limit=1/last=false,candidate,39,40.0,44813610.0,Linear
engine/memory/window_rank/append/16384/domain=8/bytes=8/nulls=false/limit=1/last=false,candidate,40,41.0,45940717.0,Linear
engine/memory/window_rank/append/16384/domain=8/bytes=8/nulls=false/limit=1/last=false,candidate,41,42.0,47715038.0,Linear
engine/memory/window_rank/append/16384/domain=8/bytes=8/nulls=false/limit=1/last=false,candidate,42,43.0,47868486.0,Linear
engine/memory/window_rank/append/16384/domain=8/bytes=8/nulls=false/limit=1/last=false,candidate,43,44.0,50231406.0,Linear
engine/memory/window_rank/append/16384/domain=8/bytes=8/nulls=false/limit=1/last=false,candidate,44,45.0,49967141.0,Linear
engine/memory/window_rank/append/16384/domain=8/bytes=8/nulls=false/limit=1/last=false,candidate,45,46.0,52744812.0,Linear
engine/memory/window_rank/append/16384/domain=8/bytes=8/nulls=false/limit=1/last=false,candidate,46,47.0,52603559.0,Linear
engine/memory/window_rank/append/16384/domain=8/bytes=8/nulls=false/limit=1/last=false,candidate,47,48.0,53895947.0,Linear
engine/memory/window_rank/append/16384/domain=8/bytes=8/nulls=false/limit=1/last=false,candidate,48,49.0,54445984.0,Linear
engine/memory/window_rank/append/16384/domain=8/bytes=8/nulls=false/limit=1/last=false,candidate,49,50.0,55982520.0,Linear
engine/memory/window_rank/append/16384/domain=8/bytes=8/nulls=false/limit=1/last=false,candidate,50,51.0,57674970.0,Linear
engine/memory/window_rank/append/16384/domain=8/bytes=8/nulls=false/limit=1/last=false,candidate,51,52.0,60453004.0,Linear
engine/memory/window_rank/append/16384/domain=8/bytes=8/nulls=false/limit=1/last=false,candidate,52,53.0,61564928.0,Linear
engine/memory/window_rank/append/16384/domain=8/bytes=8/nulls=false/limit=1/last=false,candidate,53,54.0,62806865.0,Linear
engine/memory/window_rank/append/16384/domain=8/bytes=8/nulls=false/limit=1/last=false,candidate,54,55.0,63366626.0,Linear
engine/memory/window_rank/append/16384/domain=8/bytes=8/nulls=false/limit=1/last=false,candidate,55,56.0,65163631.0,Linear
engine/memory/window_rank/append/16384/domain=8/bytes=8/nulls=false/limit=1/last=false,candidate,56,57.0,65630861.0,Linear
engine/memory/window_rank/append/16384/domain=8/bytes=8/nulls=false/limit=1/last=false,candidate,57,58.0,66268565.0,Linear
engine/memory/window_rank/append/16384/domain=8/bytes=8/nulls=false/limit=1/last=false,candidate,58,59.0,69359832.0,Linear
engine/memory/window_rank/append/16384/domain=8/bytes=8/nulls=false/limit=1/last=false,candidate,59,60.0,69054618.0,Linear
engine/memory/window_rank/append/16384/domain=8/bytes=8/nulls=false/limit=1/last=false,candidate,60,61.0,70667949.0,Linear
engine/memory/window_rank/append/16384/domain=8/bytes=8/nulls=false/limit=1/last=false,candidate,61,62.0,71646595.0,Linear
engine/memory/window_rank/append/16384/domain=8/bytes=8/nulls=false/limit=1/last=false,candidate,62,63.0,72176963.0,Linear
engine/memory/window_rank/append/16384/domain=8/bytes=8/nulls=false/limit=1/last=false,candidate,63,64.0,73465732.0,Linear
engine/memory/window_rank/append/16384/domain=8/bytes=8/nulls=false/limit=1/last=false,candidate,64,65.0,74858933.0,Linear
engine/memory/window_rank/append/16384/domain=8/bytes=8/nulls=false/limit=1/last=false,candidate,65,66.0,75773453.0,Linear
engine/memory/window_rank/append/16384/domain=8/bytes=8/nulls=false/limit=1/last=false,candidate,66,67.0,76942537.0,Linear
engine/memory/window_rank/append/16384/domain=8/bytes=8/nulls=false/limit=1/last=false,candidate,67,68.0,77617731.0,Linear
engine/memory/window_rank/append/16384/domain=8/bytes=8/nulls=false/limit=1/last=false,candidate,68,69.0,78979414.0,Linear
engine/memory/window_rank/append/16384/domain=8/bytes=8/nulls=false/limit=1/last=false,candidate,69,70.0,81181982.0,Linear
engine/memory/window_rank/append/16384/domain=8/bytes=8/nulls=false/limit=1/last=false,candidate,70,71.0,79408445.0,Linear
engine/memory/window_rank/append/16384/domain=8/bytes=8/nulls=false/limit=1/last=false,candidate,71,72.0,84754535.0,Linear
engine/memory/window_rank/append/16384/domain=8/bytes=8/nulls=false/limit=1/last=false,candidate,72,73.0,83107555.0,Linear
engine/memory/window_rank/append/16384/domain=8/bytes=8/nulls=false/limit=1/last=false,candidate,73,74.0,83564363.0,Linear
engine/memory/window_rank/append/16384/domain=8/bytes=8/nulls=false/limit=1/last=false,candidate,74,75.0,86416775.0,Linear
engine/memory/window_rank/append/16384/domain=8/bytes=8/nulls=false/limit=1/last=false,candidate,75,76.0,84937455.0,Linear
engine/memory/window_rank/append/16384/domain=8/bytes=8/nulls=false/limit=1/last=false,candidate,76,77.0,86785482.0,Linear
engine/memory/window_rank/append/16384/domain=8/bytes=8/nulls=false/limit=1/last=false,candidate,77,78.0,88538293.0,Linear
engine/memory/window_rank/append/16384/domain=8/bytes=8/nulls=false/limit=1/last=false,candidate,78,79.0,87648939.0,Linear
engine/memory/window_rank/append/16384/domain=8/bytes=8/nulls=false/limit=1/last=false,candidate,79,80.0,88854332.0,Linear
engine/memory/window_rank/append/16384/domain=8/bytes=8/nulls=false/limit=1/last=false,candidate,80,81.0,91727418.0,Linear
engine/memory/window_rank/append/16384/domain=8/bytes=8/nulls=false/limit=1/last=false,candidate,81,82.0,92335124.0,Linear
engine/memory/window_rank/append/16384/domain=8/bytes=8/nulls=false/limit=1/last=false,candidate,82,83.0,92345746.0,Linear
engine/memory/window_rank/append/16384/domain=8/bytes=8/nulls=false/limit=1/last=false,candidate,83,84.0,94598035.0,Linear
engine/memory/window_rank/append/16384/domain=8/bytes=8/nulls=false/limit=1/last=false,candidate,84,85.0,94565364.0,Linear
engine/memory/window_rank/append/16384/domain=8/bytes=8/nulls=false/limit=1/last=false,candidate,85,86.0,96126071.0,Linear
engine/memory/window_rank/append/16384/domain=8/bytes=8/nulls=false/limit=1/last=false,candidate,86,87.0,97355547.0,Linear
engine/memory/window_rank/append/16384/domain=8/bytes=8/nulls=false/limit=1/last=false,candidate,87,88.0,98502121.0,Linear
engine/memory/window_rank/append/16384/domain=8/bytes=8/nulls=false/limit=1/last=false,candidate,88,89.0,100255945.0,Linear
engine/memory/window_rank/append/16384/domain=8/bytes=8/nulls=false/limit=1/last=false,candidate,89,90.0,100878011.0,Linear
engine/memory/window_rank/append/16384/domain=8/bytes=8/nulls=false/limit=1/last=false,candidate,90,91.0,102337903.0,Linear
engine/memory/window_rank/append/16384/domain=8/bytes=8/nulls=false/limit=1/last=false,candidate,91,92.0,101947575.0,Linear
engine/memory/window_rank/append/16384/domain=8/bytes=8/nulls=false/limit=1/last=false,candidate,92,93.0,104809648.0,Linear
engine/memory/window_rank/append/16384/domain=8/bytes=8/nulls=false/limit=1/last=false,candidate,93,94.0,105464953.0,Linear
engine/memory/window_rank/append/16384/domain=8/bytes=8/nulls=false/limit=1/last=false,candidate,94,95.0,105946493.0,Linear
engine/memory/window_rank/append/16384/domain=8/bytes=8/nulls=false/limit=1/last=false,candidate,95,96.0,111379647.0,Linear
engine/memory/window_rank/append/16384/domain=8/bytes=8/nulls=false/limit=1/last=false,candidate,96,97.0,108435426.0,Linear
engine/memory/window_rank/append/16384/domain=8/bytes=8/nulls=false/limit=1/last=false,candidate,97,98.0,109749412.0,Linear
engine/memory/window_rank/append/16384/domain=8/bytes=8/nulls=false/limit=1/last=false,candidate,98,99.0,113039403.0,Linear
engine/memory/window_rank/append/16384/domain=8/bytes=8/nulls=false/limit=1/last=false,candidate,99,100.0,111880076.0,Linear
engine/memory/window_rank/update/16384/domain=16384/bytes=264/nulls=false/limit=1/last=false,original,0,6.0,18267107.0,Flat
engine/memory/window_rank/update/16384/domain=16384/bytes=264/nulls=false/limit=1/last=false,original,1,6.0,17588892.0,Flat
engine/memory/window_rank/update/16384/domain=16384/bytes=264/nulls=false/limit=1/last=false,original,2,6.0,17525719.0,Flat
engine/memory/window_rank/update/16384/domain=16384/bytes=264/nulls=false/limit=1/last=false,original,3,6.0,16755655.0,Flat
engine/memory/window_rank/update/16384/domain=16384/bytes=264/nulls=false/limit=1/last=false,original,4,6.0,16627986.0,Flat
engine/memory/window_rank/update/16384/domain=16384/bytes=264/nulls=false/limit=1/last=false,original,5,6.0,15685516.0,Flat
engine/memory/window_rank/update/16384/domain=16384/bytes=264/nulls=false/limit=1/last=false,original,6,6.0,16471626.0,Flat
engine/memory/window_rank/update/16384/domain=16384/bytes=264/nulls=false/limit=1/last=false,original,7,6.0,18022241.0,Flat
engine/memory/window_rank/update/16384/domain=16384/bytes=264/nulls=false/limit=1/last=false,original,8,6.0,16177676.0,Flat
engine/memory/window_rank/update/16384/domain=16384/bytes=264/nulls=false/limit=1/last=false,original,9,6.0,17547730.0,Flat
engine/memory/window_rank/update/16384/domain=16384/bytes=264/nulls=false/limit=1/last=false,original,10,6.0,15643688.0,Flat
engine/memory/window_rank/update/16384/domain=16384/bytes=264/nulls=false/limit=1/last=false,original,11,6.0,16642140.0,Flat
engine/memory/window_rank/update/16384/domain=16384/bytes=264/nulls=false/limit=1/last=false,original,12,6.0,18334254.0,Flat
engine/memory/window_rank/update/16384/domain=16384/bytes=264/nulls=false/limit=1/last=false,original,13,6.0,16000870.0,Flat
engine/memory/window_rank/update/16384/domain=16384/bytes=264/nulls=false/limit=1/last=false,original,14,6.0,17289542.0,Flat
engine/memory/window_rank/update/16384/domain=16384/bytes=264/nulls=false/limit=1/last=false,original,15,6.0,16063433.0,Flat
engine/memory/window_rank/update/16384/domain=16384/bytes=264/nulls=false/limit=1/last=false,original,16,6.0,17320857.0,Flat
engine/memory/window_rank/update/16384/domain=16384/bytes=264/nulls=false/limit=1/last=false,original,17,6.0,16467385.0,Flat
engine/memory/window_rank/update/16384/domain=16384/bytes=264/nulls=false/limit=1/last=false,original,18,6.0,16819383.0,Flat
engine/memory/window_rank/update/16384/domain=16384/bytes=264/nulls=false/limit=1/last=false,original,19,6.0,17887684.0,Flat
engine/memory/window_rank/update/16384/domain=16384/bytes=264/nulls=false/limit=1/last=false,original,20,6.0,16466512.0,Flat
engine/memory/window_rank/update/16384/domain=16384/bytes=264/nulls=false/limit=1/last=false,original,21,6.0,15970162.0,Flat
engine/memory/window_rank/update/16384/domain=16384/bytes=264/nulls=false/limit=1/last=false,original,22,6.0,15977133.0,Flat
engine/memory/window_rank/update/16384/domain=16384/bytes=264/nulls=false/limit=1/last=false,original,23,6.0,15891296.0,Flat
engine/memory/window_rank/update/16384/domain=16384/bytes=264/nulls=false/limit=1/last=false,original,24,6.0,15945437.0,Flat
engine/memory/window_rank/update/16384/domain=16384/bytes=264/nulls=false/limit=1/last=false,original,25,6.0,16485601.0,Flat
engine/memory/window_rank/update/16384/domain=16384/bytes=264/nulls=false/limit=1/last=false,original,26,6.0,15624930.0,Flat
engine/memory/window_rank/update/16384/domain=16384/bytes=264/nulls=false/limit=1/last=false,original,27,6.0,15985987.0,Flat
engine/memory/window_rank/update/16384/domain=16384/bytes=264/nulls=false/limit=1/last=false,original,28,6.0,15574752.0,Flat
engine/memory/window_rank/update/16384/domain=16384/bytes=264/nulls=false/limit=1/last=false,original,29,6.0,16924108.0,Flat
engine/memory/window_rank/update/16384/domain=16384/bytes=264/nulls=false/limit=1/last=false,original,30,6.0,16295535.0,Flat
engine/memory/window_rank/update/16384/domain=16384/bytes=264/nulls=false/limit=1/last=false,original,31,6.0,15804740.0,Flat
engine/memory/window_rank/update/16384/domain=16384/bytes=264/nulls=false/limit=1/last=false,original,32,6.0,16378087.0,Flat
engine/memory/window_rank/update/16384/domain=16384/bytes=264/nulls=false/limit=1/last=false,original,33,6.0,16297606.0,Flat
engine/memory/window_rank/update/16384/domain=16384/bytes=264/nulls=false/limit=1/last=false,original,34,6.0,16555717.0,Flat
engine/memory/window_rank/update/16384/domain=16384/bytes=264/nulls=false/limit=1/last=false,original,35,6.0,17431039.0,Flat
engine/memory/window_rank/update/16384/domain=16384/bytes=264/nulls=false/limit=1/last=false,original,36,6.0,16298502.0,Flat
engine/memory/window_rank/update/16384/domain=16384/bytes=264/nulls=false/limit=1/last=false,original,37,6.0,18000729.0,Flat
engine/memory/window_rank/update/16384/domain=16384/bytes=264/nulls=false/limit=1/last=false,original,38,6.0,17122279.0,Flat
engine/memory/window_rank/update/16384/domain=16384/bytes=264/nulls=false/limit=1/last=false,original,39,6.0,16447953.0,Flat
engine/memory/window_rank/update/16384/domain=16384/bytes=264/nulls=false/limit=1/last=false,original,40,6.0,17150948.0,Flat
engine/memory/window_rank/update/16384/domain=16384/bytes=264/nulls=false/limit=1/last=false,original,41,6.0,16394141.0,Flat
engine/memory/window_rank/update/16384/domain=16384/bytes=264/nulls=false/limit=1/last=false,original,42,6.0,17274675.0,Flat
engine/memory/window_rank/update/16384/domain=16384/bytes=264/nulls=false/limit=1/last=false,original,43,6.0,16294060.0,Flat
engine/memory/window_rank/update/16384/domain=16384/bytes=264/nulls=false/limit=1/last=false,original,44,6.0,16441599.0,Flat
engine/memory/window_rank/update/16384/domain=16384/bytes=264/nulls=false/limit=1/last=false,original,45,6.0,17339229.0,Flat
engine/memory/window_rank/update/16384/domain=16384/bytes=264/nulls=false/limit=1/last=false,original,46,6.0,17281467.0,Flat
engine/memory/window_rank/update/16384/domain=16384/bytes=264/nulls=false/limit=1/last=false,original,47,6.0,16589254.0,Flat
engine/memory/window_rank/update/16384/domain=16384/bytes=264/nulls=false/limit=1/last=false,original,48,6.0,17516915.0,Flat
engine/memory/window_rank/update/16384/domain=16384/bytes=264/nulls=false/limit=1/last=false,original,49,6.0,17612647.0,Flat
engine/memory/window_rank/update/16384/domain=16384/bytes=264/nulls=false/limit=1/last=false,original,50,6.0,16961837.0,Flat
engine/memory/window_rank/update/16384/domain=16384/bytes=264/nulls=false/limit=1/last=false,original,51,6.0,17771759.0,Flat
engine/memory/window_rank/update/16384/domain=16384/bytes=264/nulls=false/limit=1/last=false,original,52,6.0,15760632.0,Flat
engine/memory/window_rank/update/16384/domain=16384/bytes=264/nulls=false/limit=1/last=false,original,53,6.0,17397136.0,Flat
engine/memory/window_rank/update/16384/domain=16384/bytes=264/nulls=false/limit=1/last=false,original,54,6.0,18130144.0,Flat
engine/memory/window_rank/update/16384/domain=16384/bytes=264/nulls=false/limit=1/last=false,original,55,6.0,16515781.0,Flat
engine/memory/window_rank/update/16384/domain=16384/bytes=264/nulls=false/limit=1/last=false,original,56,6.0,16249393.0,Flat
engine/memory/window_rank/update/16384/domain=16384/bytes=264/nulls=false/limit=1/last=false,original,57,6.0,16820454.0,Flat
engine/memory/window_rank/update/16384/domain=16384/bytes=264/nulls=false/limit=1/last=false,original,58,6.0,15799200.0,Flat
engine/memory/window_rank/update/16384/domain=16384/bytes=264/nulls=false/limit=1/last=false,original,59,6.0,15664652.0,Flat
engine/memory/window_rank/update/16384/domain=16384/bytes=264/nulls=false/limit=1/last=false,original,60,6.0,16850166.0,Flat
engine/memory/window_rank/update/16384/domain=16384/bytes=264/nulls=false/limit=1/last=false,original,61,6.0,17835232.0,Flat
engine/memory/window_rank/update/16384/domain=16384/bytes=264/nulls=false/limit=1/last=false,original,62,6.0,16146348.0,Flat
engine/memory/window_rank/update/16384/domain=16384/bytes=264/nulls=false/limit=1/last=false,original,63,6.0,17163150.0,Flat
engine/memory/window_rank/update/16384/domain=16384/bytes=264/nulls=false/limit=1/last=false,original,64,6.0,17218866.0,Flat
engine/memory/window_rank/update/16384/domain=16384/bytes=264/nulls=false/limit=1/last=false,original,65,6.0,15864477.0,Flat
engine/memory/window_rank/update/16384/domain=16384/bytes=264/nulls=false/limit=1/last=false,original,66,6.0,17365785.0,Flat
engine/memory/window_rank/update/16384/domain=16384/bytes=264/nulls=false/limit=1/last=false,original,67,6.0,15826672.0,Flat
engine/memory/window_rank/update/16384/domain=16384/bytes=264/nulls=false/limit=1/last=false,original,68,6.0,16720281.0,Flat
engine/memory/window_rank/update/16384/domain=16384/bytes=264/nulls=false/limit=1/last=false,original,69,6.0,15816875.0,Flat
engine/memory/window_rank/update/16384/domain=16384/bytes=264/nulls=false/limit=1/last=false,original,70,6.0,16706228.0,Flat
engine/memory/window_rank/update/16384/domain=16384/bytes=264/nulls=false/limit=1/last=false,original,71,6.0,15595269.0,Flat
engine/memory/window_rank/update/16384/domain=16384/bytes=264/nulls=false/limit=1/last=false,original,72,6.0,16247534.0,Flat
engine/memory/window_rank/update/16384/domain=16384/bytes=264/nulls=false/limit=1/last=false,original,73,6.0,18551070.0,Flat
engine/memory/window_rank/update/16384/domain=16384/bytes=264/nulls=false/limit=1/last=false,original,74,6.0,16739943.0,Flat
engine/memory/window_rank/update/16384/domain=16384/bytes=264/nulls=false/limit=1/last=false,original,75,6.0,16530736.0,Flat
engine/memory/window_rank/update/16384/domain=16384/bytes=264/nulls=false/limit=1/last=false,original,76,6.0,16106798.0,Flat
engine/memory/window_rank/update/16384/domain=16384/bytes=264/nulls=false/limit=1/last=false,original,77,6.0,19057864.0,Flat
engine/memory/window_rank/update/16384/domain=16384/bytes=264/nulls=false/limit=1/last=false,original,78,6.0,16651994.0,Flat
engine/memory/window_rank/update/16384/domain=16384/bytes=264/nulls=false/limit=1/last=false,original,79,6.0,18162040.0,Flat
engine/memory/window_rank/update/16384/domain=16384/bytes=264/nulls=false/limit=1/last=false,original,80,6.0,18995171.0,Flat
engine/memory/window_rank/update/16384/domain=16384/bytes=264/nulls=false/limit=1/last=false,original,81,6.0,16366221.0,Flat
engine/memory/window_rank/update/16384/domain=16384/bytes=264/nulls=false/limit=1/last=false,original,82,6.0,16178108.0,Flat
engine/memory/window_rank/update/16384/domain=16384/bytes=264/nulls=false/limit=1/last=false,original,83,6.0,17734277.0,Flat
engine/memory/window_rank/update/16384/domain=16384/bytes=264/nulls=false/limit=1/last=false,original,84,6.0,18534193.0,Flat
engine/memory/window_rank/update/16384/domain=16384/bytes=264/nulls=false/limit=1/last=false,original,85,6.0,18008328.0,Flat
engine/memory/window_rank/update/16384/domain=16384/bytes=264/nulls=false/limit=1/last=false,original,86,6.0,16954297.0,Flat
engine/memory/window_rank/update/16384/domain=16384/bytes=264/nulls=false/limit=1/last=false,original,87,6.0,16059701.0,Flat
engine/memory/window_rank/update/16384/domain=16384/bytes=264/nulls=false/limit=1/last=false,original,88,6.0,15686727.0,Flat
engine/memory/window_rank/update/16384/domain=16384/bytes=264/nulls=false/limit=1/last=false,original,89,6.0,17492847.0,Flat
engine/memory/window_rank/update/16384/domain=16384/bytes=264/nulls=false/limit=1/last=false,original,90,6.0,16332572.0,Flat
engine/memory/window_rank/update/16384/domain=16384/bytes=264/nulls=false/limit=1/last=false,original,91,6.0,17814666.0,Flat
engine/memory/window_rank/update/16384/domain=16384/bytes=264/nulls=false/limit=1/last=false,original,92,6.0,18365502.0,Flat
engine/memory/window_rank/update/16384/domain=16384/bytes=264/nulls=false/limit=1/last=false,original,93,6.0,15708653.0,Flat
engine/memory/window_rank/update/16384/domain=16384/bytes=264/nulls=false/limit=1/last=false,original,94,6.0,16058347.0,Flat
engine/memory/window_rank/update/16384/domain=16384/bytes=264/nulls=false/limit=1/last=false,original,95,6.0,16444003.0,Flat
engine/memory/window_rank/update/16384/domain=16384/bytes=264/nulls=false/limit=1/last=false,original,96,6.0,17133533.0,Flat
engine/memory/window_rank/update/16384/domain=16384/bytes=264/nulls=false/limit=1/last=false,original,97,6.0,15651589.0,Flat
engine/memory/window_rank/update/16384/domain=16384/bytes=264/nulls=false/limit=1/last=false,original,98,6.0,16462284.0,Flat
engine/memory/window_rank/update/16384/domain=16384/bytes=264/nulls=false/limit=1/last=false,original,99,6.0,17857483.0,Flat
engine/memory/window_rank/update/16384/domain=16384/bytes=264/nulls=false/limit=1/last=false,candidate,0,6.0,11460193.0,Flat
engine/memory/window_rank/update/16384/domain=16384/bytes=264/nulls=false/limit=1/last=false,candidate,1,6.0,9819251.0,Flat
engine/memory/window_rank/update/16384/domain=16384/bytes=264/nulls=false/limit=1/last=false,candidate,2,6.0,9471771.0,Flat
engine/memory/window_rank/update/16384/domain=16384/bytes=264/nulls=false/limit=1/last=false,candidate,3,6.0,9207282.0,Flat
engine/memory/window_rank/update/16384/domain=16384/bytes=264/nulls=false/limit=1/last=false,candidate,4,6.0,9294170.0,Flat
engine/memory/window_rank/update/16384/domain=16384/bytes=264/nulls=false/limit=1/last=false,candidate,5,6.0,10086012.0,Flat
engine/memory/window_rank/update/16384/domain=16384/bytes=264/nulls=false/limit=1/last=false,candidate,6,6.0,9673608.0,Flat
engine/memory/window_rank/update/16384/domain=16384/bytes=264/nulls=false/limit=1/last=false,candidate,7,6.0,9267642.0,Flat
engine/memory/window_rank/update/16384/domain=16384/bytes=264/nulls=false/limit=1/last=false,candidate,8,6.0,9346081.0,Flat
engine/memory/window_rank/update/16384/domain=16384/bytes=264/nulls=false/limit=1/last=false,candidate,9,6.0,9564837.0,Flat
engine/memory/window_rank/update/16384/domain=16384/bytes=264/nulls=false/limit=1/last=false,candidate,10,6.0,10384579.0,Flat
engine/memory/window_rank/update/16384/domain=16384/bytes=264/nulls=false/limit=1/last=false,candidate,11,6.0,10321386.0,Flat
engine/memory/window_rank/update/16384/domain=16384/bytes=264/nulls=false/limit=1/last=false,candidate,12,6.0,11022517.0,Flat
engine/memory/window_rank/update/16384/domain=16384/bytes=264/nulls=false/limit=1/last=false,candidate,13,6.0,10334436.0,Flat
engine/memory/window_rank/update/16384/domain=16384/bytes=264/nulls=false/limit=1/last=false,candidate,14,6.0,11583487.0,Flat
engine/memory/window_rank/update/16384/domain=16384/bytes=264/nulls=false/limit=1/last=false,candidate,15,6.0,10021625.0,Flat
engine/memory/window_rank/update/16384/domain=16384/bytes=264/nulls=false/limit=1/last=false,candidate,16,6.0,10412188.0,Flat
engine/memory/window_rank/update/16384/domain=16384/bytes=264/nulls=false/limit=1/last=false,candidate,17,6.0,9100545.0,Flat
engine/memory/window_rank/update/16384/domain=16384/bytes=264/nulls=false/limit=1/last=false,candidate,18,6.0,9837219.0,Flat
engine/memory/window_rank/update/16384/domain=16384/bytes=264/nulls=false/limit=1/last=false,candidate,19,6.0,10242562.0,Flat
engine/memory/window_rank/update/16384/domain=16384/bytes=264/nulls=false/limit=1/last=false,candidate,20,6.0,10079170.0,Flat
engine/memory/window_rank/update/16384/domain=16384/bytes=264/nulls=false/limit=1/last=false,candidate,21,6.0,9377816.0,Flat
engine/memory/window_rank/update/16384/domain=16384/bytes=264/nulls=false/limit=1/last=false,candidate,22,6.0,9268858.0,Flat
engine/memory/window_rank/update/16384/domain=16384/bytes=264/nulls=false/limit=1/last=false,candidate,23,6.0,9722770.0,Flat
engine/memory/window_rank/update/16384/domain=16384/bytes=264/nulls=false/limit=1/last=false,candidate,24,6.0,9231805.0,Flat
engine/memory/window_rank/update/16384/domain=16384/bytes=264/nulls=false/limit=1/last=false,candidate,25,6.0,9753058.0,Flat
engine/memory/window_rank/update/16384/domain=16384/bytes=264/nulls=false/limit=1/last=false,candidate,26,6.0,9237703.0,Flat
engine/memory/window_rank/update/16384/domain=16384/bytes=264/nulls=false/limit=1/last=false,candidate,27,6.0,10241662.0,Flat
engine/memory/window_rank/update/16384/domain=16384/bytes=264/nulls=false/limit=1/last=false,candidate,28,6.0,10928162.0,Flat
engine/memory/window_rank/update/16384/domain=16384/bytes=264/nulls=false/limit=1/last=false,candidate,29,6.0,10770274.0,Flat
engine/memory/window_rank/update/16384/domain=16384/bytes=264/nulls=false/limit=1/last=false,candidate,30,6.0,10386878.0,Flat
engine/memory/window_rank/update/16384/domain=16384/bytes=264/nulls=false/limit=1/last=false,candidate,31,6.0,10521766.0,Flat
engine/memory/window_rank/update/16384/domain=16384/bytes=264/nulls=false/limit=1/last=false,candidate,32,6.0,9923965.0,Flat
engine/memory/window_rank/update/16384/domain=16384/bytes=264/nulls=false/limit=1/last=false,candidate,33,6.0,10174574.0,Flat
engine/memory/window_rank/update/16384/domain=16384/bytes=264/nulls=false/limit=1/last=false,candidate,34,6.0,11230267.0,Flat
engine/memory/window_rank/update/16384/domain=16384/bytes=264/nulls=false/limit=1/last=false,candidate,35,6.0,9896576.0,Flat
engine/memory/window_rank/update/16384/domain=16384/bytes=264/nulls=false/limit=1/last=false,candidate,36,6.0,10959475.0,Flat
engine/memory/window_rank/update/16384/domain=16384/bytes=264/nulls=false/limit=1/last=false,candidate,37,6.0,10399608.0,Flat
engine/memory/window_rank/update/16384/domain=16384/bytes=264/nulls=false/limit=1/last=false,candidate,38,6.0,12015027.0,Flat
engine/memory/window_rank/update/16384/domain=16384/bytes=264/nulls=false/limit=1/last=false,candidate,39,6.0,10229413.0,Flat
engine/memory/window_rank/update/16384/domain=16384/bytes=264/nulls=false/limit=1/last=false,candidate,40,6.0,10228797.0,Flat
engine/memory/window_rank/update/16384/domain=16384/bytes=264/nulls=false/limit=1/last=false,candidate,41,6.0,8927550.0,Flat
engine/memory/window_rank/update/16384/domain=16384/bytes=264/nulls=false/limit=1/last=false,candidate,42,6.0,10438948.0,Flat
engine/memory/window_rank/update/16384/domain=16384/bytes=264/nulls=false/limit=1/last=false,candidate,43,6.0,9817062.0,Flat
engine/memory/window_rank/update/16384/domain=16384/bytes=264/nulls=false/limit=1/last=false,candidate,44,6.0,11088028.0,Flat
engine/memory/window_rank/update/16384/domain=16384/bytes=264/nulls=false/limit=1/last=false,candidate,45,6.0,10793838.0,Flat
engine/memory/window_rank/update/16384/domain=16384/bytes=264/nulls=false/limit=1/last=false,candidate,46,6.0,9476244.0,Flat
engine/memory/window_rank/update/16384/domain=16384/bytes=264/nulls=false/limit=1/last=false,candidate,47,6.0,11464588.0,Flat
engine/memory/window_rank/update/16384/domain=16384/bytes=264/nulls=false/limit=1/last=false,candidate,48,6.0,9771455.0,Flat
engine/memory/window_rank/update/16384/domain=16384/bytes=264/nulls=false/limit=1/last=false,candidate,49,6.0,10409289.0,Flat
engine/memory/window_rank/update/16384/domain=16384/bytes=264/nulls=false/limit=1/last=false,candidate,50,6.0,10489967.0,Flat
engine/memory/window_rank/update/16384/domain=16384/bytes=264/nulls=false/limit=1/last=false,candidate,51,6.0,9533863.0,Flat
engine/memory/window_rank/update/16384/domain=16384/bytes=264/nulls=false/limit=1/last=false,candidate,52,6.0,10420445.0,Flat
engine/memory/window_rank/update/16384/domain=16384/bytes=264/nulls=false/limit=1/last=false,candidate,53,6.0,10105396.0,Flat
engine/memory/window_rank/update/16384/domain=16384/bytes=264/nulls=false/limit=1/last=false,candidate,54,6.0,11613518.0,Flat
engine/memory/window_rank/update/16384/domain=16384/bytes=264/nulls=false/limit=1/last=false,candidate,55,6.0,10017914.0,Flat
engine/memory/window_rank/update/16384/domain=16384/bytes=264/nulls=false/limit=1/last=false,candidate,56,6.0,9112269.0,Flat
engine/memory/window_rank/update/16384/domain=16384/bytes=264/nulls=false/limit=1/last=false,candidate,57,6.0,9726696.0,Flat
engine/memory/window_rank/update/16384/domain=16384/bytes=264/nulls=false/limit=1/last=false,candidate,58,6.0,10401999.0,Flat
engine/memory/window_rank/update/16384/domain=16384/bytes=264/nulls=false/limit=1/last=false,candidate,59,6.0,9062290.0,Flat
engine/memory/window_rank/update/16384/domain=16384/bytes=264/nulls=false/limit=1/last=false,candidate,60,6.0,9632834.0,Flat
engine/memory/window_rank/update/16384/domain=16384/bytes=264/nulls=false/limit=1/last=false,candidate,61,6.0,10456139.0,Flat
engine/memory/window_rank/update/16384/domain=16384/bytes=264/nulls=false/limit=1/last=false,candidate,62,6.0,9113767.0,Flat
engine/memory/window_rank/update/16384/domain=16384/bytes=264/nulls=false/limit=1/last=false,candidate,63,6.0,9961171.0,Flat
engine/memory/window_rank/update/16384/domain=16384/bytes=264/nulls=false/limit=1/last=false,candidate,64,6.0,12281746.0,Flat
engine/memory/window_rank/update/16384/domain=16384/bytes=264/nulls=false/limit=1/last=false,candidate,65,6.0,8937176.0,Flat
engine/memory/window_rank/update/16384/domain=16384/bytes=264/nulls=false/limit=1/last=false,candidate,66,6.0,10311016.0,Flat
engine/memory/window_rank/update/16384/domain=16384/bytes=264/nulls=false/limit=1/last=false,candidate,67,6.0,11384912.0,Flat
engine/memory/window_rank/update/16384/domain=16384/bytes=264/nulls=false/limit=1/last=false,candidate,68,6.0,9583389.0,Flat
engine/memory/window_rank/update/16384/domain=16384/bytes=264/nulls=false/limit=1/last=false,candidate,69,6.0,11348517.0,Flat
engine/memory/window_rank/update/16384/domain=16384/bytes=264/nulls=false/limit=1/last=false,candidate,70,6.0,10176777.0,Flat
engine/memory/window_rank/update/16384/domain=16384/bytes=264/nulls=false/limit=1/last=false,candidate,71,6.0,10966384.0,Flat
engine/memory/window_rank/update/16384/domain=16384/bytes=264/nulls=false/limit=1/last=false,candidate,72,6.0,9783007.0,Flat
engine/memory/window_rank/update/16384/domain=16384/bytes=264/nulls=false/limit=1/last=false,candidate,73,6.0,9364754.0,Flat
engine/memory/window_rank/update/16384/domain=16384/bytes=264/nulls=false/limit=1/last=false,candidate,74,6.0,10499546.0,Flat
engine/memory/window_rank/update/16384/domain=16384/bytes=264/nulls=false/limit=1/last=false,candidate,75,6.0,9339488.0,Flat
engine/memory/window_rank/update/16384/domain=16384/bytes=264/nulls=false/limit=1/last=false,candidate,76,6.0,10489527.0,Flat
engine/memory/window_rank/update/16384/domain=16384/bytes=264/nulls=false/limit=1/last=false,candidate,77,6.0,9688345.0,Flat
engine/memory/window_rank/update/16384/domain=16384/bytes=264/nulls=false/limit=1/last=false,candidate,78,6.0,10333613.0,Flat
engine/memory/window_rank/update/16384/domain=16384/bytes=264/nulls=false/limit=1/last=false,candidate,79,6.0,9648723.0,Flat
engine/memory/window_rank/update/16384/domain=16384/bytes=264/nulls=false/limit=1/last=false,candidate,80,6.0,11425934.0,Flat
engine/memory/window_rank/update/16384/domain=16384/bytes=264/nulls=false/limit=1/last=false,candidate,81,6.0,9269893.0,Flat
engine/memory/window_rank/update/16384/domain=16384/bytes=264/nulls=false/limit=1/last=false,candidate,82,6.0,9789169.0,Flat
engine/memory/window_rank/update/16384/domain=16384/bytes=264/nulls=false/limit=1/last=false,candidate,83,6.0,10489090.0,Flat
engine/memory/window_rank/update/16384/domain=16384/bytes=264/nulls=false/limit=1/last=false,candidate,84,6.0,10334702.0,Flat
engine/memory/window_rank/update/16384/domain=16384/bytes=264/nulls=false/limit=1/last=false,candidate,85,6.0,10712479.0,Flat
engine/memory/window_rank/update/16384/domain=16384/bytes=264/nulls=false/limit=1/last=false,candidate,86,6.0,10428056.0,Flat
engine/memory/window_rank/update/16384/domain=16384/bytes=264/nulls=false/limit=1/last=false,candidate,87,6.0,10060190.0,Flat
engine/memory/window_rank/update/16384/domain=16384/bytes=264/nulls=false/limit=1/last=false,candidate,88,6.0,9230237.0,Flat
engine/memory/window_rank/update/16384/domain=16384/bytes=264/nulls=false/limit=1/last=false,candidate,89,6.0,10710775.0,Flat
engine/memory/window_rank/update/16384/domain=16384/bytes=264/nulls=false/limit=1/last=false,candidate,90,6.0,9713339.0,Flat
engine/memory/window_rank/update/16384/domain=16384/bytes=264/nulls=false/limit=1/last=false,candidate,91,6.0,9082539.0,Flat
engine/memory/window_rank/update/16384/domain=16384/bytes=264/nulls=false/limit=1/last=false,candidate,92,6.0,10653771.0,Flat
engine/memory/window_rank/update/16384/domain=16384/bytes=264/nulls=false/limit=1/last=false,candidate,93,6.0,9845051.0,Flat
engine/memory/window_rank/update/16384/domain=16384/bytes=264/nulls=false/limit=1/last=false,candidate,94,6.0,10038787.0,Flat
engine/memory/window_rank/update/16384/domain=16384/bytes=264/nulls=false/limit=1/last=false,candidate,95,6.0,9574147.0,Flat
engine/memory/window_rank/update/16384/domain=16384/bytes=264/nulls=false/limit=1/last=false,candidate,96,6.0,9721326.0,Flat
engine/memory/window_rank/update/16384/domain=16384/bytes=264/nulls=false/limit=1/last=false,candidate,97,6.0,10246319.0,Flat
engine/memory/window_rank/update/16384/domain=16384/bytes=264/nulls=false/limit=1/last=false,candidate,98,6.0,9559707.0,Flat
engine/memory/window_rank/update/16384/domain=16384/bytes=264/nulls=false/limit=1/last=false,candidate,99,6.0,9609412.0,Flat
engine/memory/window_rank/update/16384/domain=16384/bytes=264/nulls=false/limit=1/last=true,original,0,5.0,14981766.0,Flat
engine/memory/window_rank/update/16384/domain=16384/bytes=264/nulls=false/limit=1/last=true,original,1,5.0,13534951.0,Flat
engine/memory/window_rank/update/16384/domain=16384/bytes=264/nulls=false/limit=1/last=true,original,2,5.0,14874669.0,Flat
engine/memory/window_rank/update/16384/domain=16384/bytes=264/nulls=false/limit=1/last=true,original,3,5.0,13790362.0,Flat
engine/memory/window_rank/update/16384/domain=16384/bytes=264/nulls=false/limit=1/last=true,original,4,5.0,14865971.0,Flat
engine/memory/window_rank/update/16384/domain=16384/bytes=264/nulls=false/limit=1/last=true,original,5,5.0,14013079.0,Flat
engine/memory/window_rank/update/16384/domain=16384/bytes=264/nulls=false/limit=1/last=true,original,6,5.0,13688081.0,Flat
engine/memory/window_rank/update/16384/domain=16384/bytes=264/nulls=false/limit=1/last=true,original,7,5.0,16014306.0,Flat
engine/memory/window_rank/update/16384/domain=16384/bytes=264/nulls=false/limit=1/last=true,original,8,5.0,14418297.0,Flat
engine/memory/window_rank/update/16384/domain=16384/bytes=264/nulls=false/limit=1/last=true,original,9,5.0,14494519.0,Flat
engine/memory/window_rank/update/16384/domain=16384/bytes=264/nulls=false/limit=1/last=true,original,10,5.0,13809196.0,Flat
engine/memory/window_rank/update/16384/domain=16384/bytes=264/nulls=false/limit=1/last=true,original,11,5.0,15022087.0,Flat
engine/memory/window_rank/update/16384/domain=16384/bytes=264/nulls=false/limit=1/last=true,original,12,5.0,15466192.0,Flat
engine/memory/window_rank/update/16384/domain=16384/bytes=264/nulls=false/limit=1/last=true,original,13,5.0,14243619.0,Flat
engine/memory/window_rank/update/16384/domain=16384/bytes=264/nulls=false/limit=1/last=true,original,14,5.0,15100484.0,Flat
engine/memory/window_rank/update/16384/domain=16384/bytes=264/nulls=false/limit=1/last=true,original,15,5.0,14446980.0,Flat
engine/memory/window_rank/update/16384/domain=16384/bytes=264/nulls=false/limit=1/last=true,original,16,5.0,15014495.0,Flat
engine/memory/window_rank/update/16384/domain=16384/bytes=264/nulls=false/limit=1/last=true,original,17,5.0,14176959.0,Flat
engine/memory/window_rank/update/16384/domain=16384/bytes=264/nulls=false/limit=1/last=true,original,18,5.0,15439717.0,Flat
engine/memory/window_rank/update/16384/domain=16384/bytes=264/nulls=false/limit=1/last=true,original,19,5.0,14510226.0,Flat
engine/memory/window_rank/update/16384/domain=16384/bytes=264/nulls=false/limit=1/last=true,original,20,5.0,15712749.0,Flat
engine/memory/window_rank/update/16384/domain=16384/bytes=264/nulls=false/limit=1/last=true,original,21,5.0,14347529.0,Flat
engine/memory/window_rank/update/16384/domain=16384/bytes=264/nulls=false/limit=1/last=true,original,22,5.0,14911472.0,Flat
engine/memory/window_rank/update/16384/domain=16384/bytes=264/nulls=false/limit=1/last=true,original,23,5.0,13753677.0,Flat
engine/memory/window_rank/update/16384/domain=16384/bytes=264/nulls=false/limit=1/last=true,original,24,5.0,14273821.0,Flat
engine/memory/window_rank/update/16384/domain=16384/bytes=264/nulls=false/limit=1/last=true,original,25,5.0,13809297.0,Flat
engine/memory/window_rank/update/16384/domain=16384/bytes=264/nulls=false/limit=1/last=true,original,26,5.0,15134799.0,Flat
engine/memory/window_rank/update/16384/domain=16384/bytes=264/nulls=false/limit=1/last=true,original,27,5.0,13569618.0,Flat
engine/memory/window_rank/update/16384/domain=16384/bytes=264/nulls=false/limit=1/last=true,original,28,5.0,14441164.0,Flat
engine/memory/window_rank/update/16384/domain=16384/bytes=264/nulls=false/limit=1/last=true,original,29,5.0,14117382.0,Flat
engine/memory/window_rank/update/16384/domain=16384/bytes=264/nulls=false/limit=1/last=true,original,30,5.0,14410599.0,Flat
engine/memory/window_rank/update/16384/domain=16384/bytes=264/nulls=false/limit=1/last=true,original,31,5.0,14593787.0,Flat
engine/memory/window_rank/update/16384/domain=16384/bytes=264/nulls=false/limit=1/last=true,original,32,5.0,13910422.0,Flat
engine/memory/window_rank/update/16384/domain=16384/bytes=264/nulls=false/limit=1/last=true,original,33,5.0,14208322.0,Flat
engine/memory/window_rank/update/16384/domain=16384/bytes=264/nulls=false/limit=1/last=true,original,34,5.0,13987608.0,Flat
engine/memory/window_rank/update/16384/domain=16384/bytes=264/nulls=false/limit=1/last=true,original,35,5.0,15213451.0,Flat
engine/memory/window_rank/update/16384/domain=16384/bytes=264/nulls=false/limit=1/last=true,original,36,5.0,14374871.0,Flat
engine/memory/window_rank/update/16384/domain=16384/bytes=264/nulls=false/limit=1/last=true,original,37,5.0,13946329.0,Flat
engine/memory/window_rank/update/16384/domain=16384/bytes=264/nulls=false/limit=1/last=true,original,38,5.0,14015730.0,Flat
engine/memory/window_rank/update/16384/domain=16384/bytes=264/nulls=false/limit=1/last=true,original,39,5.0,14149408.0,Flat
engine/memory/window_rank/update/16384/domain=16384/bytes=264/nulls=false/limit=1/last=true,original,40,5.0,15224390.0,Flat
engine/memory/window_rank/update/16384/domain=16384/bytes=264/nulls=false/limit=1/last=true,original,41,5.0,15801079.0,Flat
engine/memory/window_rank/update/16384/domain=16384/bytes=264/nulls=false/limit=1/last=true,original,42,5.0,14134079.0,Flat
engine/memory/window_rank/update/16384/domain=16384/bytes=264/nulls=false/limit=1/last=true,original,43,5.0,14957719.0,Flat
engine/memory/window_rank/update/16384/domain=16384/bytes=264/nulls=false/limit=1/last=true,original,44,5.0,14003363.0,Flat
engine/memory/window_rank/update/16384/domain=16384/bytes=264/nulls=false/limit=1/last=true,original,45,5.0,15336519.0,Flat
engine/memory/window_rank/update/16384/domain=16384/bytes=264/nulls=false/limit=1/last=true,original,46,5.0,14963867.0,Flat
engine/memory/window_rank/update/16384/domain=16384/bytes=264/nulls=false/limit=1/last=true,original,47,5.0,16000834.0,Flat
engine/memory/window_rank/update/16384/domain=16384/bytes=264/nulls=false/limit=1/last=true,original,48,5.0,15046272.0,Flat
engine/memory/window_rank/update/16384/domain=16384/bytes=264/nulls=false/limit=1/last=true,original,49,5.0,13903582.0,Flat
engine/memory/window_rank/update/16384/domain=16384/bytes=264/nulls=false/limit=1/last=true,original,50,5.0,14398923.0,Flat
engine/memory/window_rank/update/16384/domain=16384/bytes=264/nulls=false/limit=1/last=true,original,51,5.0,13889837.0,Flat
engine/memory/window_rank/update/16384/domain=16384/bytes=264/nulls=false/limit=1/last=true,original,52,5.0,14772652.0,Flat
engine/memory/window_rank/update/16384/domain=16384/bytes=264/nulls=false/limit=1/last=true,original,53,5.0,14773633.0,Flat
engine/memory/window_rank/update/16384/domain=16384/bytes=264/nulls=false/limit=1/last=true,original,54,5.0,13939134.0,Flat
engine/memory/window_rank/update/16384/domain=16384/bytes=264/nulls=false/limit=1/last=true,original,55,5.0,15046560.0,Flat
engine/memory/window_rank/update/16384/domain=16384/bytes=264/nulls=false/limit=1/last=true,original,56,5.0,16298840.0,Flat
engine/memory/window_rank/update/16384/domain=16384/bytes=264/nulls=false/limit=1/last=true,original,57,5.0,14552245.0,Flat
engine/memory/window_rank/update/16384/domain=16384/bytes=264/nulls=false/limit=1/last=true,original,58,5.0,13565959.0,Flat
engine/memory/window_rank/update/16384/domain=16384/bytes=264/nulls=false/limit=1/last=true,original,59,5.0,14760206.0,Flat
engine/memory/window_rank/update/16384/domain=16384/bytes=264/nulls=false/limit=1/last=true,original,60,5.0,13876416.0,Flat
engine/memory/window_rank/update/16384/domain=16384/bytes=264/nulls=false/limit=1/last=true,original,61,5.0,15075987.0,Flat
engine/memory/window_rank/update/16384/domain=16384/bytes=264/nulls=false/limit=1/last=true,original,62,5.0,15001246.0,Flat
engine/memory/window_rank/update/16384/domain=16384/bytes=264/nulls=false/limit=1/last=true,original,63,5.0,16016902.0,Flat
engine/memory/window_rank/update/16384/domain=16384/bytes=264/nulls=false/limit=1/last=true,original,64,5.0,15579077.0,Flat
engine/memory/window_rank/update/16384/domain=16384/bytes=264/nulls=false/limit=1/last=true,original,65,5.0,14541672.0,Flat
engine/memory/window_rank/update/16384/domain=16384/bytes=264/nulls=false/limit=1/last=true,original,66,5.0,13615677.0,Flat
engine/memory/window_rank/update/16384/domain=16384/bytes=264/nulls=false/limit=1/last=true,original,67,5.0,14630245.0,Flat
engine/memory/window_rank/update/16384/domain=16384/bytes=264/nulls=false/limit=1/last=true,original,68,5.0,13657810.0,Flat
engine/memory/window_rank/update/16384/domain=16384/bytes=264/nulls=false/limit=1/last=true,original,69,5.0,13815874.0,Flat
engine/memory/window_rank/update/16384/domain=16384/bytes=264/nulls=false/limit=1/last=true,original,70,5.0,13695418.0,Flat
engine/memory/window_rank/update/16384/domain=16384/bytes=264/nulls=false/limit=1/last=true,original,71,5.0,14454563.0,Flat
engine/memory/window_rank/update/16384/domain=16384/bytes=264/nulls=false/limit=1/last=true,original,72,5.0,14737474.0,Flat
engine/memory/window_rank/update/16384/domain=16384/bytes=264/nulls=false/limit=1/last=true,original,73,5.0,15019435.0,Flat
engine/memory/window_rank/update/16384/domain=16384/bytes=264/nulls=false/limit=1/last=true,original,74,5.0,15112712.0,Flat
engine/memory/window_rank/update/16384/domain=16384/bytes=264/nulls=false/limit=1/last=true,original,75,5.0,15808674.0,Flat
engine/memory/window_rank/update/16384/domain=16384/bytes=264/nulls=false/limit=1/last=true,original,76,5.0,13661227.0,Flat
engine/memory/window_rank/update/16384/domain=16384/bytes=264/nulls=false/limit=1/last=true,original,77,5.0,14395486.0,Flat
engine/memory/window_rank/update/16384/domain=16384/bytes=264/nulls=false/limit=1/last=true,original,78,5.0,14146548.0,Flat
engine/memory/window_rank/update/16384/domain=16384/bytes=264/nulls=false/limit=1/last=true,original,79,5.0,15047655.0,Flat
engine/memory/window_rank/update/16384/domain=16384/bytes=264/nulls=false/limit=1/last=true,original,80,5.0,15360237.0,Flat
engine/memory/window_rank/update/16384/domain=16384/bytes=264/nulls=false/limit=1/last=true,original,81,5.0,14529176.0,Flat
engine/memory/window_rank/update/16384/domain=16384/bytes=264/nulls=false/limit=1/last=true,original,82,5.0,14173674.0,Flat
engine/memory/window_rank/update/16384/domain=16384/bytes=264/nulls=false/limit=1/last=true,original,83,5.0,14665632.0,Flat
engine/memory/window_rank/update/16384/domain=16384/bytes=264/nulls=false/limit=1/last=true,original,84,5.0,14113330.0,Flat
engine/memory/window_rank/update/16384/domain=16384/bytes=264/nulls=false/limit=1/last=true,original,85,5.0,14986804.0,Flat
engine/memory/window_rank/update/16384/domain=16384/bytes=264/nulls=false/limit=1/last=true,original,86,5.0,15129901.0,Flat
engine/memory/window_rank/update/16384/domain=16384/bytes=264/nulls=false/limit=1/last=true,original,87,5.0,14415826.0,Flat
engine/memory/window_rank/update/16384/domain=16384/bytes=264/nulls=false/limit=1/last=true,original,88,5.0,14555280.0,Flat
engine/memory/window_rank/update/16384/domain=16384/bytes=264/nulls=false/limit=1/last=true,original,89,5.0,14058063.0,Flat
engine/memory/window_rank/update/16384/domain=16384/bytes=264/nulls=false/limit=1/last=true,original,90,5.0,14348908.0,Flat
engine/memory/window_rank/update/16384/domain=16384/bytes=264/nulls=false/limit=1/last=true,original,91,5.0,13975811.0,Flat
engine/memory/window_rank/update/16384/domain=16384/bytes=264/nulls=false/limit=1/last=true,original,92,5.0,14190763.0,Flat
engine/memory/window_rank/update/16384/domain=16384/bytes=264/nulls=false/limit=1/last=true,original,93,5.0,14821708.0,Flat
engine/memory/window_rank/update/16384/domain=16384/bytes=264/nulls=false/limit=1/last=true,original,94,5.0,14030716.0,Flat
engine/memory/window_rank/update/16384/domain=16384/bytes=264/nulls=false/limit=1/last=true,original,95,5.0,15455209.0,Flat
engine/memory/window_rank/update/16384/domain=16384/bytes=264/nulls=false/limit=1/last=true,original,96,5.0,14798433.0,Flat
engine/memory/window_rank/update/16384/domain=16384/bytes=264/nulls=false/limit=1/last=true,original,97,5.0,16046309.0,Flat
engine/memory/window_rank/update/16384/domain=16384/bytes=264/nulls=false/limit=1/last=true,original,98,5.0,14902233.0,Flat
engine/memory/window_rank/update/16384/domain=16384/bytes=264/nulls=false/limit=1/last=true,original,99,5.0,13554569.0,Flat
engine/memory/window_rank/update/16384/domain=16384/bytes=264/nulls=false/limit=1/last=true,candidate,0,5.0,16467955.0,Flat
engine/memory/window_rank/update/16384/domain=16384/bytes=264/nulls=false/limit=1/last=true,candidate,1,5.0,18452248.0,Flat
engine/memory/window_rank/update/16384/domain=16384/bytes=264/nulls=false/limit=1/last=true,candidate,2,5.0,16311283.0,Flat
engine/memory/window_rank/update/16384/domain=16384/bytes=264/nulls=false/limit=1/last=true,candidate,3,5.0,17118328.0,Flat
engine/memory/window_rank/update/16384/domain=16384/bytes=264/nulls=false/limit=1/last=true,candidate,4,5.0,18036236.0,Flat
engine/memory/window_rank/update/16384/domain=16384/bytes=264/nulls=false/limit=1/last=true,candidate,5,5.0,17033398.0,Flat
engine/memory/window_rank/update/16384/domain=16384/bytes=264/nulls=false/limit=1/last=true,candidate,6,5.0,18196594.0,Flat
engine/memory/window_rank/update/16384/domain=16384/bytes=264/nulls=false/limit=1/last=true,candidate,7,5.0,17458774.0,Flat
engine/memory/window_rank/update/16384/domain=16384/bytes=264/nulls=false/limit=1/last=true,candidate,8,5.0,16653229.0,Flat
engine/memory/window_rank/update/16384/domain=16384/bytes=264/nulls=false/limit=1/last=true,candidate,9,5.0,16707984.0,Flat
engine/memory/window_rank/update/16384/domain=16384/bytes=264/nulls=false/limit=1/last=true,candidate,10,5.0,18076432.0,Flat
engine/memory/window_rank/update/16384/domain=16384/bytes=264/nulls=false/limit=1/last=true,candidate,11,5.0,17242897.0,Flat
engine/memory/window_rank/update/16384/domain=16384/bytes=264/nulls=false/limit=1/last=true,candidate,12,5.0,16787972.0,Flat
engine/memory/window_rank/update/16384/domain=16384/bytes=264/nulls=false/limit=1/last=true,candidate,13,5.0,16405773.0,Flat
engine/memory/window_rank/update/16384/domain=16384/bytes=264/nulls=false/limit=1/last=true,candidate,14,5.0,16485751.0,Flat
engine/memory/window_rank/update/16384/domain=16384/bytes=264/nulls=false/limit=1/last=true,candidate,15,5.0,17784726.0,Flat
engine/memory/window_rank/update/16384/domain=16384/bytes=264/nulls=false/limit=1/last=true,candidate,16,5.0,17645869.0,Flat
engine/memory/window_rank/update/16384/domain=16384/bytes=264/nulls=false/limit=1/last=true,candidate,17,5.0,18498099.0,Flat
engine/memory/window_rank/update/16384/domain=16384/bytes=264/nulls=false/limit=1/last=true,candidate,18,5.0,18077611.0,Flat
engine/memory/window_rank/update/16384/domain=16384/bytes=264/nulls=false/limit=1/last=true,candidate,19,5.0,17648707.0,Flat
engine/memory/window_rank/update/16384/domain=16384/bytes=264/nulls=false/limit=1/last=true,candidate,20,5.0,17872452.0,Flat
engine/memory/window_rank/update/16384/domain=16384/bytes=264/nulls=false/limit=1/last=true,candidate,21,5.0,19781459.0,Flat
engine/memory/window_rank/update/16384/domain=16384/bytes=264/nulls=false/limit=1/last=true,candidate,22,5.0,17227761.0,Flat
engine/memory/window_rank/update/16384/domain=16384/bytes=264/nulls=false/limit=1/last=true,candidate,23,5.0,16920023.0,Flat
engine/memory/window_rank/update/16384/domain=16384/bytes=264/nulls=false/limit=1/last=true,candidate,24,5.0,17115987.0,Flat
engine/memory/window_rank/update/16384/domain=16384/bytes=264/nulls=false/limit=1/last=true,candidate,25,5.0,17289206.0,Flat
engine/memory/window_rank/update/16384/domain=16384/bytes=264/nulls=false/limit=1/last=true,candidate,26,5.0,18112638.0,Flat
engine/memory/window_rank/update/16384/domain=16384/bytes=264/nulls=false/limit=1/last=true,candidate,27,5.0,17918732.0,Flat
engine/memory/window_rank/update/16384/domain=16384/bytes=264/nulls=false/limit=1/last=true,candidate,28,5.0,17527106.0,Flat
engine/memory/window_rank/update/16384/domain=16384/bytes=264/nulls=false/limit=1/last=true,candidate,29,5.0,17696192.0,Flat
engine/memory/window_rank/update/16384/domain=16384/bytes=264/nulls=false/limit=1/last=true,candidate,30,5.0,17157506.0,Flat
engine/memory/window_rank/update/16384/domain=16384/bytes=264/nulls=false/limit=1/last=true,candidate,31,5.0,16637017.0,Flat
engine/memory/window_rank/update/16384/domain=16384/bytes=264/nulls=false/limit=1/last=true,candidate,32,5.0,19929963.0,Flat
engine/memory/window_rank/update/16384/domain=16384/bytes=264/nulls=false/limit=1/last=true,candidate,33,5.0,17210531.0,Flat
engine/memory/window_rank/update/16384/domain=16384/bytes=264/nulls=false/limit=1/last=true,candidate,34,5.0,18158816.0,Flat
engine/memory/window_rank/update/16384/domain=16384/bytes=264/nulls=false/limit=1/last=true,candidate,35,5.0,18046972.0,Flat
engine/memory/window_rank/update/16384/domain=16384/bytes=264/nulls=false/limit=1/last=true,candidate,36,5.0,17811087.0,Flat
engine/memory/window_rank/update/16384/domain=16384/bytes=264/nulls=false/limit=1/last=true,candidate,37,5.0,18584844.0,Flat
engine/memory/window_rank/update/16384/domain=16384/bytes=264/nulls=false/limit=1/last=true,candidate,38,5.0,17120633.0,Flat
engine/memory/window_rank/update/16384/domain=16384/bytes=264/nulls=false/limit=1/last=true,candidate,39,5.0,16838270.0,Flat
engine/memory/window_rank/update/16384/domain=16384/bytes=264/nulls=false/limit=1/last=true,candidate,40,5.0,16717110.0,Flat
engine/memory/window_rank/update/16384/domain=16384/bytes=264/nulls=false/limit=1/last=true,candidate,41,5.0,18070045.0,Flat
engine/memory/window_rank/update/16384/domain=16384/bytes=264/nulls=false/limit=1/last=true,candidate,42,5.0,17244486.0,Flat
engine/memory/window_rank/update/16384/domain=16384/bytes=264/nulls=false/limit=1/last=true,candidate,43,5.0,18479357.0,Flat
engine/memory/window_rank/update/16384/domain=16384/bytes=264/nulls=false/limit=1/last=true,candidate,44,5.0,16668026.0,Flat
engine/memory/window_rank/update/16384/domain=16384/bytes=264/nulls=false/limit=1/last=true,candidate,45,5.0,16705609.0,Flat
engine/memory/window_rank/update/16384/domain=16384/bytes=264/nulls=false/limit=1/last=true,candidate,46,5.0,17311519.0,Flat
engine/memory/window_rank/update/16384/domain=16384/bytes=264/nulls=false/limit=1/last=true,candidate,47,5.0,16585327.0,Flat
engine/memory/window_rank/update/16384/domain=16384/bytes=264/nulls=false/limit=1/last=true,candidate,48,5.0,18554417.0,Flat
engine/memory/window_rank/update/16384/domain=16384/bytes=264/nulls=false/limit=1/last=true,candidate,49,5.0,17257318.0,Flat
engine/memory/window_rank/update/16384/domain=16384/bytes=264/nulls=false/limit=1/last=true,candidate,50,5.0,19577237.0,Flat
engine/memory/window_rank/update/16384/domain=16384/bytes=264/nulls=false/limit=1/last=true,candidate,51,5.0,17389121.0,Flat
engine/memory/window_rank/update/16384/domain=16384/bytes=264/nulls=false/limit=1/last=true,candidate,52,5.0,17992048.0,Flat
engine/memory/window_rank/update/16384/domain=16384/bytes=264/nulls=false/limit=1/last=true,candidate,53,5.0,16683677.0,Flat
engine/memory/window_rank/update/16384/domain=16384/bytes=264/nulls=false/limit=1/last=true,candidate,54,5.0,16347396.0,Flat
engine/memory/window_rank/update/16384/domain=16384/bytes=264/nulls=false/limit=1/last=true,candidate,55,5.0,18080660.0,Flat
engine/memory/window_rank/update/16384/domain=16384/bytes=264/nulls=false/limit=1/last=true,candidate,56,5.0,16675782.0,Flat
engine/memory/window_rank/update/16384/domain=16384/bytes=264/nulls=false/limit=1/last=true,candidate,57,5.0,18103936.0,Flat
engine/memory/window_rank/update/16384/domain=16384/bytes=264/nulls=false/limit=1/last=true,candidate,58,5.0,18561368.0,Flat
engine/memory/window_rank/update/16384/domain=16384/bytes=264/nulls=false/limit=1/last=true,candidate,59,5.0,16797015.0,Flat
engine/memory/window_rank/update/16384/domain=16384/bytes=264/nulls=false/limit=1/last=true,candidate,60,5.0,16440493.0,Flat
engine/memory/window_rank/update/16384/domain=16384/bytes=264/nulls=false/limit=1/last=true,candidate,61,5.0,16781790.0,Flat
engine/memory/window_rank/update/16384/domain=16384/bytes=264/nulls=false/limit=1/last=true,candidate,62,5.0,17137740.0,Flat
engine/memory/window_rank/update/16384/domain=16384/bytes=264/nulls=false/limit=1/last=true,candidate,63,5.0,17139005.0,Flat
engine/memory/window_rank/update/16384/domain=16384/bytes=264/nulls=false/limit=1/last=true,candidate,64,5.0,17592158.0,Flat
engine/memory/window_rank/update/16384/domain=16384/bytes=264/nulls=false/limit=1/last=true,candidate,65,5.0,16919438.0,Flat
engine/memory/window_rank/update/16384/domain=16384/bytes=264/nulls=false/limit=1/last=true,candidate,66,5.0,17373952.0,Flat
engine/memory/window_rank/update/16384/domain=16384/bytes=264/nulls=false/limit=1/last=true,candidate,67,5.0,17218518.0,Flat
engine/memory/window_rank/update/16384/domain=16384/bytes=264/nulls=false/limit=1/last=true,candidate,68,5.0,16750573.0,Flat
engine/memory/window_rank/update/16384/domain=16384/bytes=264/nulls=false/limit=1/last=true,candidate,69,5.0,16760668.0,Flat
engine/memory/window_rank/update/16384/domain=16384/bytes=264/nulls=false/limit=1/last=true,candidate,70,5.0,17073153.0,Flat
engine/memory/window_rank/update/16384/domain=16384/bytes=264/nulls=false/limit=1/last=true,candidate,71,5.0,17120227.0,Flat
engine/memory/window_rank/update/16384/domain=16384/bytes=264/nulls=false/limit=1/last=true,candidate,72,5.0,17432447.0,Flat
engine/memory/window_rank/update/16384/domain=16384/bytes=264/nulls=false/limit=1/last=true,candidate,73,5.0,16307607.0,Flat
engine/memory/window_rank/update/16384/domain=16384/bytes=264/nulls=false/limit=1/last=true,candidate,74,5.0,18520109.0,Flat
engine/memory/window_rank/update/16384/domain=16384/bytes=264/nulls=false/limit=1/last=true,candidate,75,5.0,17278590.0,Flat
engine/memory/window_rank/update/16384/domain=16384/bytes=264/nulls=false/limit=1/last=true,candidate,76,5.0,18533249.0,Flat
engine/memory/window_rank/update/16384/domain=16384/bytes=264/nulls=false/limit=1/last=true,candidate,77,5.0,16383357.0,Flat
engine/memory/window_rank/update/16384/domain=16384/bytes=264/nulls=false/limit=1/last=true,candidate,78,5.0,16944418.0,Flat
engine/memory/window_rank/update/16384/domain=16384/bytes=264/nulls=false/limit=1/last=true,candidate,79,5.0,17061287.0,Flat
engine/memory/window_rank/update/16384/domain=16384/bytes=264/nulls=false/limit=1/last=true,candidate,80,5.0,18280446.0,Flat
engine/memory/window_rank/update/16384/domain=16384/bytes=264/nulls=false/limit=1/last=true,candidate,81,5.0,17889138.0,Flat
engine/memory/window_rank/update/16384/domain=16384/bytes=264/nulls=false/limit=1/last=true,candidate,82,5.0,18133350.0,Flat
engine/memory/window_rank/update/16384/domain=16384/bytes=264/nulls=false/limit=1/last=true,candidate,83,5.0,18048446.0,Flat
engine/memory/window_rank/update/16384/domain=16384/bytes=264/nulls=false/limit=1/last=true,candidate,84,5.0,16732178.0,Flat
engine/memory/window_rank/update/16384/domain=16384/bytes=264/nulls=false/limit=1/last=true,candidate,85,5.0,17978024.0,Flat
engine/memory/window_rank/update/16384/domain=16384/bytes=264/nulls=false/limit=1/last=true,candidate,86,5.0,16888966.0,Flat
engine/memory/window_rank/update/16384/domain=16384/bytes=264/nulls=false/limit=1/last=true,candidate,87,5.0,17854190.0,Flat
engine/memory/window_rank/update/16384/domain=16384/bytes=264/nulls=false/limit=1/last=true,candidate,88,5.0,17191731.0,Flat
engine/memory/window_rank/update/16384/domain=16384/bytes=264/nulls=false/limit=1/last=true,candidate,89,5.0,17526020.0,Flat
engine/memory/window_rank/update/16384/domain=16384/bytes=264/nulls=false/limit=1/last=true,candidate,90,5.0,16880097.0,Flat
engine/memory/window_rank/update/16384/domain=16384/bytes=264/nulls=false/limit=1/last=true,candidate,91,5.0,16623987.0,Flat
engine/memory/window_rank/update/16384/domain=16384/bytes=264/nulls=false/limit=1/last=true,candidate,92,5.0,16399136.0,Flat
engine/memory/window_rank/update/16384/domain=16384/bytes=264/nulls=false/limit=1/last=true,candidate,93,5.0,17551182.0,Flat
engine/memory/window_rank/update/16384/domain=16384/bytes=264/nulls=false/limit=1/last=true,candidate,94,5.0,17468302.0,Flat
engine/memory/window_rank/update/16384/domain=16384/bytes=264/nulls=false/limit=1/last=true,candidate,95,5.0,16349901.0,Flat
engine/memory/window_rank/update/16384/domain=16384/bytes=264/nulls=false/limit=1/last=true,candidate,96,5.0,17558855.0,Flat
engine/memory/window_rank/update/16384/domain=16384/bytes=264/nulls=false/limit=1/last=true,candidate,97,5.0,17006747.0,Flat
engine/memory/window_rank/update/16384/domain=16384/bytes=264/nulls=false/limit=1/last=true,candidate,98,5.0,17913772.0,Flat
engine/memory/window_rank/update/16384/domain=16384/bytes=264/nulls=false/limit=1/last=true,candidate,99,5.0,16812446.0,Flat
engine/memory/window_rank/update/16384/domain=16384/bytes=264/nulls=false/limit=4/last=false,original,0,4.0,12619388.0,Flat
engine/memory/window_rank/update/16384/domain=16384/bytes=264/nulls=false/limit=4/last=false,original,1,4.0,13290818.0,Flat
engine/memory/window_rank/update/16384/domain=16384/bytes=264/nulls=false/limit=4/last=false,original,2,4.0,12264569.0,Flat
engine/memory/window_rank/update/16384/domain=16384/bytes=264/nulls=false/limit=4/last=false,original,3,4.0,12362817.0,Flat
engine/memory/window_rank/update/16384/domain=16384/bytes=264/nulls=false/limit=4/last=false,original,4,4.0,11868740.0,Flat
engine/memory/window_rank/update/16384/domain=16384/bytes=264/nulls=false/limit=4/last=false,original,5,4.0,12226318.0,Flat
engine/memory/window_rank/update/16384/domain=16384/bytes=264/nulls=false/limit=4/last=false,original,6,4.0,13138309.0,Flat
engine/memory/window_rank/update/16384/domain=16384/bytes=264/nulls=false/limit=4/last=false,original,7,4.0,13617792.0,Flat
engine/memory/window_rank/update/16384/domain=16384/bytes=264/nulls=false/limit=4/last=false,original,8,4.0,11775280.0,Flat
engine/memory/window_rank/update/16384/domain=16384/bytes=264/nulls=false/limit=4/last=false,original,9,4.0,12587463.0,Flat
engine/memory/window_rank/update/16384/domain=16384/bytes=264/nulls=false/limit=4/last=false,original,10,4.0,13039092.0,Flat
engine/memory/window_rank/update/16384/domain=16384/bytes=264/nulls=false/limit=4/last=false,original,11,4.0,12069728.0,Flat
engine/memory/window_rank/update/16384/domain=16384/bytes=264/nulls=false/limit=4/last=false,original,12,4.0,11851963.0,Flat
engine/memory/window_rank/update/16384/domain=16384/bytes=264/nulls=false/limit=4/last=false,original,13,4.0,12610982.0,Flat
engine/memory/window_rank/update/16384/domain=16384/bytes=264/nulls=false/limit=4/last=false,original,14,4.0,12863583.0,Flat
engine/memory/window_rank/update/16384/domain=16384/bytes=264/nulls=false/limit=4/last=false,original,15,4.0,12276701.0,Flat
engine/memory/window_rank/update/16384/domain=16384/bytes=264/nulls=false/limit=4/last=false,original,16,4.0,11724701.0,Flat
engine/memory/window_rank/update/16384/domain=16384/bytes=264/nulls=false/limit=4/last=false,original,17,4.0,12422773.0,Flat
engine/memory/window_rank/update/16384/domain=16384/bytes=264/nulls=false/limit=4/last=false,original,18,4.0,13348815.0,Flat
engine/memory/window_rank/update/16384/domain=16384/bytes=264/nulls=false/limit=4/last=false,original,19,4.0,12587152.0,Flat
engine/memory/window_rank/update/16384/domain=16384/bytes=264/nulls=false/limit=4/last=false,original,20,4.0,12774856.0,Flat
engine/memory/window_rank/update/16384/domain=16384/bytes=264/nulls=false/limit=4/last=false,original,21,4.0,13809932.0,Flat
engine/memory/window_rank/update/16384/domain=16384/bytes=264/nulls=false/limit=4/last=false,original,22,4.0,14586588.0,Flat
engine/memory/window_rank/update/16384/domain=16384/bytes=264/nulls=false/limit=4/last=false,original,23,4.0,16382443.0,Flat
engine/memory/window_rank/update/16384/domain=16384/bytes=264/nulls=false/limit=4/last=false,original,24,4.0,13618068.0,Flat
engine/memory/window_rank/update/16384/domain=16384/bytes=264/nulls=false/limit=4/last=false,original,25,4.0,12487966.0,Flat
engine/memory/window_rank/update/16384/domain=16384/bytes=264/nulls=false/limit=4/last=false,original,26,4.0,11659258.0,Flat
engine/memory/window_rank/update/16384/domain=16384/bytes=264/nulls=false/limit=4/last=false,original,27,4.0,13313796.0,Flat
engine/memory/window_rank/update/16384/domain=16384/bytes=264/nulls=false/limit=4/last=false,original,28,4.0,11912904.0,Flat
engine/memory/window_rank/update/16384/domain=16384/bytes=264/nulls=false/limit=4/last=false,original,29,4.0,11808198.0,Flat
engine/memory/window_rank/update/16384/domain=16384/bytes=264/nulls=false/limit=4/last=false,original,30,4.0,12941676.0,Flat
engine/memory/window_rank/update/16384/domain=16384/bytes=264/nulls=false/limit=4/last=false,original,31,4.0,11866377.0,Flat
engine/memory/window_rank/update/16384/domain=16384/bytes=264/nulls=false/limit=4/last=false,original,32,4.0,12012251.0,Flat
engine/memory/window_rank/update/16384/domain=16384/bytes=264/nulls=false/limit=4/last=false,original,33,4.0,11827702.0,Flat
engine/memory/window_rank/update/16384/domain=16384/bytes=264/nulls=false/limit=4/last=false,original,34,4.0,12403784.0,Flat
engine/memory/window_rank/update/16384/domain=16384/bytes=264/nulls=false/limit=4/last=false,original,35,4.0,12873197.0,Flat
engine/memory/window_rank/update/16384/domain=16384/bytes=264/nulls=false/limit=4/last=false,original,36,4.0,13118253.0,Flat
engine/memory/window_rank/update/16384/domain=16384/bytes=264/nulls=false/limit=4/last=false,original,37,4.0,12126955.0,Flat
engine/memory/window_rank/update/16384/domain=16384/bytes=264/nulls=false/limit=4/last=false,original,38,4.0,12034696.0,Flat
engine/memory/window_rank/update/16384/domain=16384/bytes=264/nulls=false/limit=4/last=false,original,39,4.0,12349995.0,Flat
engine/memory/window_rank/update/16384/domain=16384/bytes=264/nulls=false/limit=4/last=false,original,40,4.0,12594793.0,Flat
engine/memory/window_rank/update/16384/domain=16384/bytes=264/nulls=false/limit=4/last=false,original,41,4.0,12729946.0,Flat
engine/memory/window_rank/update/16384/domain=16384/bytes=264/nulls=false/limit=4/last=false,original,42,4.0,12666792.0,Flat
engine/memory/window_rank/update/16384/domain=16384/bytes=264/nulls=false/limit=4/last=false,original,43,4.0,11853683.0,Flat
engine/memory/window_rank/update/16384/domain=16384/bytes=264/nulls=false/limit=4/last=false,original,44,4.0,11832987.0,Flat
engine/memory/window_rank/update/16384/domain=16384/bytes=264/nulls=false/limit=4/last=false,original,45,4.0,11903751.0,Flat
engine/memory/window_rank/update/16384/domain=16384/bytes=264/nulls=false/limit=4/last=false,original,46,4.0,13325641.0,Flat
engine/memory/window_rank/update/16384/domain=16384/bytes=264/nulls=false/limit=4/last=false,original,47,4.0,12531604.0,Flat
engine/memory/window_rank/update/16384/domain=16384/bytes=264/nulls=false/limit=4/last=false,original,48,4.0,13558191.0,Flat
engine/memory/window_rank/update/16384/domain=16384/bytes=264/nulls=false/limit=4/last=false,original,49,4.0,12886893.0,Flat
engine/memory/window_rank/update/16384/domain=16384/bytes=264/nulls=false/limit=4/last=false,original,50,4.0,14907883.0,Flat
engine/memory/window_rank/update/16384/domain=16384/bytes=264/nulls=false/limit=4/last=false,original,51,4.0,12568823.0,Flat
engine/memory/window_rank/update/16384/domain=16384/bytes=264/nulls=false/limit=4/last=false,original,52,4.0,12927308.0,Flat
engine/memory/window_rank/update/16384/domain=16384/bytes=264/nulls=false/limit=4/last=false,original,53,4.0,12432095.0,Flat
engine/memory/window_rank/update/16384/domain=16384/bytes=264/nulls=false/limit=4/last=false,original,54,4.0,13128109.0,Flat
engine/memory/window_rank/update/16384/domain=16384/bytes=264/nulls=false/limit=4/last=false,original,55,4.0,11696797.0,Flat
engine/memory/window_rank/update/16384/domain=16384/bytes=264/nulls=false/limit=4/last=false,original,56,4.0,13606721.0,Flat
engine/memory/window_rank/update/16384/domain=16384/bytes=264/nulls=false/limit=4/last=false,original,57,4.0,12587849.0,Flat
engine/memory/window_rank/update/16384/domain=16384/bytes=264/nulls=false/limit=4/last=false,original,58,4.0,12171512.0,Flat
engine/memory/window_rank/update/16384/domain=16384/bytes=264/nulls=false/limit=4/last=false,original,59,4.0,11921689.0,Flat
engine/memory/window_rank/update/16384/domain=16384/bytes=264/nulls=false/limit=4/last=false,original,60,4.0,11676375.0,Flat
engine/memory/window_rank/update/16384/domain=16384/bytes=264/nulls=false/limit=4/last=false,original,61,4.0,13037994.0,Flat
engine/memory/window_rank/update/16384/domain=16384/bytes=264/nulls=false/limit=4/last=false,original,62,4.0,12505531.0,Flat
engine/memory/window_rank/update/16384/domain=16384/bytes=264/nulls=false/limit=4/last=false,original,63,4.0,11657853.0,Flat
engine/memory/window_rank/update/16384/domain=16384/bytes=264/nulls=false/limit=4/last=false,original,64,4.0,13048269.0,Flat
engine/memory/window_rank/update/16384/domain=16384/bytes=264/nulls=false/limit=4/last=false,original,65,4.0,12927623.0,Flat
engine/memory/window_rank/update/16384/domain=16384/bytes=264/nulls=false/limit=4/last=false,original,66,4.0,12664920.0,Flat
engine/memory/window_rank/update/16384/domain=16384/bytes=264/nulls=false/limit=4/last=false,original,67,4.0,15254396.0,Flat
engine/memory/window_rank/update/16384/domain=16384/bytes=264/nulls=false/limit=4/last=false,original,68,4.0,14292706.0,Flat
engine/memory/window_rank/update/16384/domain=16384/bytes=264/nulls=false/limit=4/last=false,original,69,4.0,12521764.0,Flat
engine/memory/window_rank/update/16384/domain=16384/bytes=264/nulls=false/limit=4/last=false,original,70,4.0,12611933.0,Flat
engine/memory/window_rank/update/16384/domain=16384/bytes=264/nulls=false/limit=4/last=false,original,71,4.0,14265520.0,Flat
engine/memory/window_rank/update/16384/domain=16384/bytes=264/nulls=false/limit=4/last=false,original,72,4.0,12130513.0,Flat
engine/memory/window_rank/update/16384/domain=16384/bytes=264/nulls=false/limit=4/last=false,original,73,4.0,11747697.0,Flat
engine/memory/window_rank/update/16384/domain=16384/bytes=264/nulls=false/limit=4/last=false,original,74,4.0,14979045.0,Flat
engine/memory/window_rank/update/16384/domain=16384/bytes=264/nulls=false/limit=4/last=false,original,75,4.0,12672017.0,Flat
engine/memory/window_rank/update/16384/domain=16384/bytes=264/nulls=false/limit=4/last=false,original,76,4.0,14671059.0,Flat
engine/memory/window_rank/update/16384/domain=16384/bytes=264/nulls=false/limit=4/last=false,original,77,4.0,12088512.0,Flat
engine/memory/window_rank/update/16384/domain=16384/bytes=264/nulls=false/limit=4/last=false,original,78,4.0,13855188.0,Flat
engine/memory/window_rank/update/16384/domain=16384/bytes=264/nulls=false/limit=4/last=false,original,79,4.0,13245163.0,Flat
engine/memory/window_rank/update/16384/domain=16384/bytes=264/nulls=false/limit=4/last=false,original,80,4.0,12019805.0,Flat
engine/memory/window_rank/update/16384/domain=16384/bytes=264/nulls=false/limit=4/last=false,original,81,4.0,11991229.0,Flat
engine/memory/window_rank/update/16384/domain=16384/bytes=264/nulls=false/limit=4/last=false,original,82,4.0,12156963.0,Flat
engine/memory/window_rank/update/16384/domain=16384/bytes=264/nulls=false/limit=4/last=false,original,83,4.0,12785178.0,Flat
engine/memory/window_rank/update/16384/domain=16384/bytes=264/nulls=false/limit=4/last=false,original,84,4.0,11612136.0,Flat
engine/memory/window_rank/update/16384/domain=16384/bytes=264/nulls=false/limit=4/last=false,original,85,4.0,12357034.0,Flat
engine/memory/window_rank/update/16384/domain=16384/bytes=264/nulls=false/limit=4/last=false,original,86,4.0,12486892.0,Flat
engine/memory/window_rank/update/16384/domain=16384/bytes=264/nulls=false/limit=4/last=false,original,87,4.0,11872331.0,Flat
engine/memory/window_rank/update/16384/domain=16384/bytes=264/nulls=false/limit=4/last=false,original,88,4.0,11483300.0,Flat
engine/memory/window_rank/update/16384/domain=16384/bytes=264/nulls=false/limit=4/last=false,original,89,4.0,13962347.0,Flat
engine/memory/window_rank/update/16384/domain=16384/bytes=264/nulls=false/limit=4/last=false,original,90,4.0,11834244.0,Flat
engine/memory/window_rank/update/16384/domain=16384/bytes=264/nulls=false/limit=4/last=false,original,91,4.0,11888243.0,Flat
engine/memory/window_rank/update/16384/domain=16384/bytes=264/nulls=false/limit=4/last=false,original,92,4.0,12150246.0,Flat
engine/memory/window_rank/update/16384/domain=16384/bytes=264/nulls=false/limit=4/last=false,original,93,4.0,14886535.0,Flat
engine/memory/window_rank/update/16384/domain=16384/bytes=264/nulls=false/limit=4/last=false,original,94,4.0,12217364.0,Flat
engine/memory/window_rank/update/16384/domain=16384/bytes=264/nulls=false/limit=4/last=false,original,95,4.0,14119975.0,Flat
engine/memory/window_rank/update/16384/domain=16384/bytes=264/nulls=false/limit=4/last=false,original,96,4.0,12097854.0,Flat
engine/memory/window_rank/update/16384/domain=16384/bytes=264/nulls=false/limit=4/last=false,original,97,4.0,13691201.0,Flat
engine/memory/window_rank/update/16384/domain=16384/bytes=264/nulls=false/limit=4/last=false,original,98,4.0,12685724.0,Flat
engine/memory/window_rank/update/16384/domain=16384/bytes=264/nulls=false/limit=4/last=false,original,99,4.0,13073696.0,Flat
engine/memory/window_rank/update/16384/domain=16384/bytes=264/nulls=false/limit=4/last=false,candidate,0,4.0,13928453.0,Flat
engine/memory/window_rank/update/16384/domain=16384/bytes=264/nulls=false/limit=4/last=false,candidate,1,4.0,14245931.0,Flat
engine/memory/window_rank/update/16384/domain=16384/bytes=264/nulls=false/limit=4/last=false,candidate,2,4.0,13610858.0,Flat
engine/memory/window_rank/update/16384/domain=16384/bytes=264/nulls=false/limit=4/last=false,candidate,3,4.0,14639496.0,Flat
engine/memory/window_rank/update/16384/domain=16384/bytes=264/nulls=false/limit=4/last=false,candidate,4,4.0,13701954.0,Flat
engine/memory/window_rank/update/16384/domain=16384/bytes=264/nulls=false/limit=4/last=false,candidate,5,4.0,13835032.0,Flat
engine/memory/window_rank/update/16384/domain=16384/bytes=264/nulls=false/limit=4/last=false,candidate,6,4.0,14108793.0,Flat
engine/memory/window_rank/update/16384/domain=16384/bytes=264/nulls=false/limit=4/last=false,candidate,7,4.0,13903712.0,Flat
engine/memory/window_rank/update/16384/domain=16384/bytes=264/nulls=false/limit=4/last=false,candidate,8,4.0,15504198.0,Flat
engine/memory/window_rank/update/16384/domain=16384/bytes=264/nulls=false/limit=4/last=false,candidate,9,4.0,14103814.0,Flat
engine/memory/window_rank/update/16384/domain=16384/bytes=264/nulls=false/limit=4/last=false,candidate,10,4.0,13688662.0,Flat
engine/memory/window_rank/update/16384/domain=16384/bytes=264/nulls=false/limit=4/last=false,candidate,11,4.0,14461376.0,Flat
engine/memory/window_rank/update/16384/domain=16384/bytes=264/nulls=false/limit=4/last=false,candidate,12,4.0,13976234.0,Flat
engine/memory/window_rank/update/16384/domain=16384/bytes=264/nulls=false/limit=4/last=false,candidate,13,4.0,14564100.0,Flat
engine/memory/window_rank/update/16384/domain=16384/bytes=264/nulls=false/limit=4/last=false,candidate,14,4.0,14053686.0,Flat
engine/memory/window_rank/update/16384/domain=16384/bytes=264/nulls=false/limit=4/last=false,candidate,15,4.0,13517591.0,Flat
engine/memory/window_rank/update/16384/domain=16384/bytes=264/nulls=false/limit=4/last=false,candidate,16,4.0,14016856.0,Flat
engine/memory/window_rank/update/16384/domain=16384/bytes=264/nulls=false/limit=4/last=false,candidate,17,4.0,13779208.0,Flat
engine/memory/window_rank/update/16384/domain=16384/bytes=264/nulls=false/limit=4/last=false,candidate,18,4.0,14081489.0,Flat
engine/memory/window_rank/update/16384/domain=16384/bytes=264/nulls=false/limit=4/last=false,candidate,19,4.0,14084565.0,Flat
engine/memory/window_rank/update/16384/domain=16384/bytes=264/nulls=false/limit=4/last=false,candidate,20,4.0,14261041.0,Flat
engine/memory/window_rank/update/16384/domain=16384/bytes=264/nulls=false/limit=4/last=false,candidate,21,4.0,13480879.0,Flat
engine/memory/window_rank/update/16384/domain=16384/bytes=264/nulls=false/limit=4/last=false,candidate,22,4.0,14279807.0,Flat
engine/memory/window_rank/update/16384/domain=16384/bytes=264/nulls=false/limit=4/last=false,candidate,23,4.0,13783039.0,Flat
engine/memory/window_rank/update/16384/domain=16384/bytes=264/nulls=false/limit=4/last=false,candidate,24,4.0,14148504.0,Flat
engine/memory/window_rank/update/16384/domain=16384/bytes=264/nulls=false/limit=4/last=false,candidate,25,4.0,14279173.0,Flat
engine/memory/window_rank/update/16384/domain=16384/bytes=264/nulls=false/limit=4/last=false,candidate,26,4.0,14687387.0,Flat
engine/memory/window_rank/update/16384/domain=16384/bytes=264/nulls=false/limit=4/last=false,candidate,27,4.0,14011365.0,Flat
engine/memory/window_rank/update/16384/domain=16384/bytes=264/nulls=false/limit=4/last=false,candidate,28,4.0,13486115.0,Flat
engine/memory/window_rank/update/16384/domain=16384/bytes=264/nulls=false/limit=4/last=false,candidate,29,4.0,13839576.0,Flat
engine/memory/window_rank/update/16384/domain=16384/bytes=264/nulls=false/limit=4/last=false,candidate,30,4.0,13675533.0,Flat
engine/memory/window_rank/update/16384/domain=16384/bytes=264/nulls=false/limit=4/last=false,candidate,31,4.0,13384444.0,Flat
engine/memory/window_rank/update/16384/domain=16384/bytes=264/nulls=false/limit=4/last=false,candidate,32,4.0,14530238.0,Flat
engine/memory/window_rank/update/16384/domain=16384/bytes=264/nulls=false/limit=4/last=false,candidate,33,4.0,14744636.0,Flat
engine/memory/window_rank/update/16384/domain=16384/bytes=264/nulls=false/limit=4/last=false,candidate,34,4.0,14519314.0,Flat
engine/memory/window_rank/update/16384/domain=16384/bytes=264/nulls=false/limit=4/last=false,candidate,35,4.0,16865354.0,Flat
engine/memory/window_rank/update/16384/domain=16384/bytes=264/nulls=false/limit=4/last=false,candidate,36,4.0,18634909.0,Flat
engine/memory/window_rank/update/16384/domain=16384/bytes=264/nulls=false/limit=4/last=false,candidate,37,4.0,16834462.0,Flat
engine/memory/window_rank/update/16384/domain=16384/bytes=264/nulls=false/limit=4/last=false,candidate,38,4.0,16594104.0,Flat
engine/memory/window_rank/update/16384/domain=16384/bytes=264/nulls=false/limit=4/last=false,candidate,39,4.0,15399106.0,Flat
engine/memory/window_rank/update/16384/domain=16384/bytes=264/nulls=false/limit=4/last=false,candidate,40,4.0,17022223.0,Flat
engine/memory/window_rank/update/16384/domain=16384/bytes=264/nulls=false/limit=4/last=false,candidate,41,4.0,17198175.0,Flat
engine/memory/window_rank/update/16384/domain=16384/bytes=264/nulls=false/limit=4/last=false,candidate,42,4.0,16622087.0,Flat
engine/memory/window_rank/update/16384/domain=16384/bytes=264/nulls=false/limit=4/last=false,candidate,43,4.0,16004547.0,Flat
engine/memory/window_rank/update/16384/domain=16384/bytes=264/nulls=false/limit=4/last=false,candidate,44,4.0,16712349.0,Flat
engine/memory/window_rank/update/16384/domain=16384/bytes=264/nulls=false/limit=4/last=false,candidate,45,4.0,15364051.0,Flat
engine/memory/window_rank/update/16384/domain=16384/bytes=264/nulls=false/limit=4/last=false,candidate,46,4.0,16146184.0,Flat
engine/memory/window_rank/update/16384/domain=16384/bytes=264/nulls=false/limit=4/last=false,candidate,47,4.0,17671690.0,Flat
engine/memory/window_rank/update/16384/domain=16384/bytes=264/nulls=false/limit=4/last=false,candidate,48,4.0,17581745.0,Flat
engine/memory/window_rank/update/16384/domain=16384/bytes=264/nulls=false/limit=4/last=false,candidate,49,4.0,16207529.0,Flat
engine/memory/window_rank/update/16384/domain=16384/bytes=264/nulls=false/limit=4/last=false,candidate,50,4.0,17083286.0,Flat
engine/memory/window_rank/update/16384/domain=16384/bytes=264/nulls=false/limit=4/last=false,candidate,51,4.0,16159819.0,Flat
engine/memory/window_rank/update/16384/domain=16384/bytes=264/nulls=false/limit=4/last=false,candidate,52,4.0,17134593.0,Flat
engine/memory/window_rank/update/16384/domain=16384/bytes=264/nulls=false/limit=4/last=false,candidate,53,4.0,17470554.0,Flat
engine/memory/window_rank/update/16384/domain=16384/bytes=264/nulls=false/limit=4/last=false,candidate,54,4.0,17213281.0,Flat
engine/memory/window_rank/update/16384/domain=16384/bytes=264/nulls=false/limit=4/last=false,candidate,55,4.0,16529576.0,Flat
engine/memory/window_rank/update/16384/domain=16384/bytes=264/nulls=false/limit=4/last=false,candidate,56,4.0,18235346.0,Flat
engine/memory/window_rank/update/16384/domain=16384/bytes=264/nulls=false/limit=4/last=false,candidate,57,4.0,16742701.0,Flat
engine/memory/window_rank/update/16384/domain=16384/bytes=264/nulls=false/limit=4/last=false,candidate,58,4.0,16446002.0,Flat
engine/memory/window_rank/update/16384/domain=16384/bytes=264/nulls=false/limit=4/last=false,candidate,59,4.0,15844722.0,Flat
engine/memory/window_rank/update/16384/domain=16384/bytes=264/nulls=false/limit=4/last=false,candidate,60,4.0,16926339.0,Flat
engine/memory/window_rank/update/16384/domain=16384/bytes=264/nulls=false/limit=4/last=false,candidate,61,4.0,16980800.0,Flat
engine/memory/window_rank/update/16384/domain=16384/bytes=264/nulls=false/limit=4/last=false,candidate,62,4.0,16368573.0,Flat
engine/memory/window_rank/update/16384/domain=16384/bytes=264/nulls=false/limit=4/last=false,candidate,63,4.0,16796543.0,Flat
engine/memory/window_rank/update/16384/domain=16384/bytes=264/nulls=false/limit=4/last=false,candidate,64,4.0,17147428.0,Flat
engine/memory/window_rank/update/16384/domain=16384/bytes=264/nulls=false/limit=4/last=false,candidate,65,4.0,16372634.0,Flat
engine/memory/window_rank/update/16384/domain=16384/bytes=264/nulls=false/limit=4/last=false,candidate,66,4.0,17755678.0,Flat
engine/memory/window_rank/update/16384/domain=16384/bytes=264/nulls=false/limit=4/last=false,candidate,67,4.0,16919109.0,Flat
engine/memory/window_rank/update/16384/domain=16384/bytes=264/nulls=false/limit=4/last=false,candidate,68,4.0,16726211.0,Flat
engine/memory/window_rank/update/16384/domain=16384/bytes=264/nulls=false/limit=4/last=false,candidate,69,4.0,16057320.0,Flat
engine/memory/window_rank/update/16384/domain=16384/bytes=264/nulls=false/limit=4/last=false,candidate,70,4.0,15463574.0,Flat
engine/memory/window_rank/update/16384/domain=16384/bytes=264/nulls=false/limit=4/last=false,candidate,71,4.0,17418612.0,Flat
engine/memory/window_rank/update/16384/domain=16384/bytes=264/nulls=false/limit=4/last=false,candidate,72,4.0,14958822.0,Flat
engine/memory/window_rank/update/16384/domain=16384/bytes=264/nulls=false/limit=4/last=false,candidate,73,4.0,17422763.0,Flat
engine/memory/window_rank/update/16384/domain=16384/bytes=264/nulls=false/limit=4/last=false,candidate,74,4.0,15787927.0,Flat
engine/memory/window_rank/update/16384/domain=16384/bytes=264/nulls=false/limit=4/last=false,candidate,75,4.0,16705518.0,Flat
engine/memory/window_rank/update/16384/domain=16384/bytes=264/nulls=false/limit=4/last=false,candidate,76,4.0,17987475.0,Flat
engine/memory/window_rank/update/16384/domain=16384/bytes=264/nulls=false/limit=4/last=false,candidate,77,4.0,17034885.0,Flat
engine/memory/window_rank/update/16384/domain=16384/bytes=264/nulls=false/limit=4/last=false,candidate,78,4.0,15247204.0,Flat
engine/memory/window_rank/update/16384/domain=16384/bytes=264/nulls=false/limit=4/last=false,candidate,79,4.0,15071655.0,Flat
engine/memory/window_rank/update/16384/domain=16384/bytes=264/nulls=false/limit=4/last=false,candidate,80,4.0,16375411.0,Flat
engine/memory/window_rank/update/16384/domain=16384/bytes=264/nulls=false/limit=4/last=false,candidate,81,4.0,15133391.0,Flat
engine/memory/window_rank/update/16384/domain=16384/bytes=264/nulls=false/limit=4/last=false,candidate,82,4.0,16406623.0,Flat
engine/memory/window_rank/update/16384/domain=16384/bytes=264/nulls=false/limit=4/last=false,candidate,83,4.0,16875945.0,Flat
engine/memory/window_rank/update/16384/domain=16384/bytes=264/nulls=false/limit=4/last=false,candidate,84,4.0,16220221.0,Flat
engine/memory/window_rank/update/16384/domain=16384/bytes=264/nulls=false/limit=4/last=false,candidate,85,4.0,14969763.0,Flat
engine/memory/window_rank/update/16384/domain=16384/bytes=264/nulls=false/limit=4/last=false,candidate,86,4.0,16694704.0,Flat
engine/memory/window_rank/update/16384/domain=16384/bytes=264/nulls=false/limit=4/last=false,candidate,87,4.0,17957194.0,Flat
engine/memory/window_rank/update/16384/domain=16384/bytes=264/nulls=false/limit=4/last=false,candidate,88,4.0,16774559.0,Flat
engine/memory/window_rank/update/16384/domain=16384/bytes=264/nulls=false/limit=4/last=false,candidate,89,4.0,17017925.0,Flat
engine/memory/window_rank/update/16384/domain=16384/bytes=264/nulls=false/limit=4/last=false,candidate,90,4.0,16824993.0,Flat
engine/memory/window_rank/update/16384/domain=16384/bytes=264/nulls=false/limit=4/last=false,candidate,91,4.0,18443812.0,Flat
engine/memory/window_rank/update/16384/domain=16384/bytes=264/nulls=false/limit=4/last=false,candidate,92,4.0,17730031.0,Flat
engine/memory/window_rank/update/16384/domain=16384/bytes=264/nulls=false/limit=4/last=false,candidate,93,4.0,15716928.0,Flat
engine/memory/window_rank/update/16384/domain=16384/bytes=264/nulls=false/limit=4/last=false,candidate,94,4.0,17731047.0,Flat
engine/memory/window_rank/update/16384/domain=16384/bytes=264/nulls=false/limit=4/last=false,candidate,95,4.0,16931720.0,Flat
engine/memory/window_rank/update/16384/domain=16384/bytes=264/nulls=false/limit=4/last=false,candidate,96,4.0,16716178.0,Flat
engine/memory/window_rank/update/16384/domain=16384/bytes=264/nulls=false/limit=4/last=false,candidate,97,4.0,18056655.0,Flat
engine/memory/window_rank/update/16384/domain=16384/bytes=264/nulls=false/limit=4/last=false,candidate,98,4.0,16675572.0,Flat
engine/memory/window_rank/update/16384/domain=16384/bytes=264/nulls=false/limit=4/last=false,candidate,99,4.0,16878240.0,Flat
engine/memory/window_rank/update/16384/domain=16384/bytes=264/nulls=true/limit=1/last=false,original,0,6.0,16177475.0,Flat
engine/memory/window_rank/update/16384/domain=16384/bytes=264/nulls=true/limit=1/last=false,original,1,6.0,16593266.0,Flat
engine/memory/window_rank/update/16384/domain=16384/bytes=264/nulls=true/limit=1/last=false,original,2,6.0,16658627.0,Flat
engine/memory/window_rank/update/16384/domain=16384/bytes=264/nulls=true/limit=1/last=false,original,3,6.0,16148135.0,Flat
engine/memory/window_rank/update/16384/domain=16384/bytes=264/nulls=true/limit=1/last=false,original,4,6.0,16146231.0,Flat
engine/memory/window_rank/update/16384/domain=16384/bytes=264/nulls=true/limit=1/last=false,original,5,6.0,16424401.0,Flat
engine/memory/window_rank/update/16384/domain=16384/bytes=264/nulls=true/limit=1/last=false,original,6,6.0,15820498.0,Flat
engine/memory/window_rank/update/16384/domain=16384/bytes=264/nulls=true/limit=1/last=false,original,7,6.0,16460855.0,Flat
engine/memory/window_rank/update/16384/domain=16384/bytes=264/nulls=true/limit=1/last=false,original,8,6.0,16459766.0,Flat
engine/memory/window_rank/update/16384/domain=16384/bytes=264/nulls=true/limit=1/last=false,original,9,6.0,16099563.0,Flat
engine/memory/window_rank/update/16384/domain=16384/bytes=264/nulls=true/limit=1/last=false,original,10,6.0,16228248.0,Flat
engine/memory/window_rank/update/16384/domain=16384/bytes=264/nulls=true/limit=1/last=false,original,11,6.0,16169876.0,Flat
engine/memory/window_rank/update/16384/domain=16384/bytes=264/nulls=true/limit=1/last=false,original,12,6.0,16573672.0,Flat
engine/memory/window_rank/update/16384/domain=16384/bytes=264/nulls=true/limit=1/last=false,original,13,6.0,16252705.0,Flat
engine/memory/window_rank/update/16384/domain=16384/bytes=264/nulls=true/limit=1/last=false,original,14,6.0,16245131.0,Flat
engine/memory/window_rank/update/16384/domain=16384/bytes=264/nulls=true/limit=1/last=false,original,15,6.0,17708606.0,Flat
engine/memory/window_rank/update/16384/domain=16384/bytes=264/nulls=true/limit=1/last=false,original,16,6.0,17536969.0,Flat
engine/memory/window_rank/update/16384/domain=16384/bytes=264/nulls=true/limit=1/last=false,original,17,6.0,15640204.0,Flat
engine/memory/window_rank/update/16384/domain=16384/bytes=264/nulls=true/limit=1/last=false,original,18,6.0,15865281.0,Flat
engine/memory/window_rank/update/16384/domain=16384/bytes=264/nulls=true/limit=1/last=false,original,19,6.0,18059237.0,Flat
engine/memory/window_rank/update/16384/domain=16384/bytes=264/nulls=true/limit=1/last=false,original,20,6.0,16184508.0,Flat
engine/memory/window_rank/update/16384/domain=16384/bytes=264/nulls=true/limit=1/last=false,original,21,6.0,16656828.0,Flat
engine/memory/window_rank/update/16384/domain=16384/bytes=264/nulls=true/limit=1/last=false,original,22,6.0,16550187.0,Flat
engine/memory/window_rank/update/16384/domain=16384/bytes=264/nulls=true/limit=1/last=false,original,23,6.0,16379313.0,Flat
engine/memory/window_rank/update/16384/domain=16384/bytes=264/nulls=true/limit=1/last=false,original,24,6.0,15940478.0,Flat
engine/memory/window_rank/update/16384/domain=16384/bytes=264/nulls=true/limit=1/last=false,original,25,6.0,18218268.0,Flat
engine/memory/window_rank/update/16384/domain=16384/bytes=264/nulls=true/limit=1/last=false,original,26,6.0,15928468.0,Flat
engine/memory/window_rank/update/16384/domain=16384/bytes=264/nulls=true/limit=1/last=false,original,27,6.0,16585788.0,Flat
engine/memory/window_rank/update/16384/domain=16384/bytes=264/nulls=true/limit=1/last=false,original,28,6.0,16965764.0,Flat
engine/memory/window_rank/update/16384/domain=16384/bytes=264/nulls=true/limit=1/last=false,original,29,6.0,16171121.0,Flat
engine/memory/window_rank/update/16384/domain=16384/bytes=264/nulls=true/limit=1/last=false,original,30,6.0,15998816.0,Flat
engine/memory/window_rank/update/16384/domain=16384/bytes=264/nulls=true/limit=1/last=false,original,31,6.0,16886988.0,Flat
engine/memory/window_rank/update/16384/domain=16384/bytes=264/nulls=true/limit=1/last=false,original,32,6.0,15914007.0,Flat
engine/memory/window_rank/update/16384/domain=16384/bytes=264/nulls=true/limit=1/last=false,original,33,6.0,15870786.0,Flat
engine/memory/window_rank/update/16384/domain=16384/bytes=264/nulls=true/limit=1/last=false,original,34,6.0,16569989.0,Flat
engine/memory/window_rank/update/16384/domain=16384/bytes=264/nulls=true/limit=1/last=false,original,35,6.0,16445144.0,Flat
engine/memory/window_rank/update/16384/domain=16384/bytes=264/nulls=true/limit=1/last=false,original,36,6.0,17322292.0,Flat
engine/memory/window_rank/update/16384/domain=16384/bytes=264/nulls=true/limit=1/last=false,original,37,6.0,16088520.0,Flat
engine/memory/window_rank/update/16384/domain=16384/bytes=264/nulls=true/limit=1/last=false,original,38,6.0,16549896.0,Flat
engine/memory/window_rank/update/16384/domain=16384/bytes=264/nulls=true/limit=1/last=false,original,39,6.0,16933055.0,Flat
engine/memory/window_rank/update/16384/domain=16384/bytes=264/nulls=true/limit=1/last=false,original,40,6.0,15877737.0,Flat
engine/memory/window_rank/update/16384/domain=16384/bytes=264/nulls=true/limit=1/last=false,original,41,6.0,16083825.0,Flat
engine/memory/window_rank/update/16384/domain=16384/bytes=264/nulls=true/limit=1/last=false,original,42,6.0,15959866.0,Flat
engine/memory/window_rank/update/16384/domain=16384/bytes=264/nulls=true/limit=1/last=false,original,43,6.0,16204747.0,Flat
engine/memory/window_rank/update/16384/domain=16384/bytes=264/nulls=true/limit=1/last=false,original,44,6.0,16836764.0,Flat
engine/memory/window_rank/update/16384/domain=16384/bytes=264/nulls=true/limit=1/last=false,original,45,6.0,15800939.0,Flat
engine/memory/window_rank/update/16384/domain=16384/bytes=264/nulls=true/limit=1/last=false,original,46,6.0,18110858.0,Flat
engine/memory/window_rank/update/16384/domain=16384/bytes=264/nulls=true/limit=1/last=false,original,47,6.0,16039382.0,Flat
engine/memory/window_rank/update/16384/domain=16384/bytes=264/nulls=true/limit=1/last=false,original,48,6.0,16228864.0,Flat
engine/memory/window_rank/update/16384/domain=16384/bytes=264/nulls=true/limit=1/last=false,original,49,6.0,17045431.0,Flat
engine/memory/window_rank/update/16384/domain=16384/bytes=264/nulls=true/limit=1/last=false,original,50,6.0,16350324.0,Flat
engine/memory/window_rank/update/16384/domain=16384/bytes=264/nulls=true/limit=1/last=false,original,51,6.0,16417261.0,Flat
engine/memory/window_rank/update/16384/domain=16384/bytes=264/nulls=true/limit=1/last=false,original,52,6.0,15922812.0,Flat
engine/memory/window_rank/update/16384/domain=16384/bytes=264/nulls=true/limit=1/last=false,original,53,6.0,17451464.0,Flat
engine/memory/window_rank/update/16384/domain=16384/bytes=264/nulls=true/limit=1/last=false,original,54,6.0,18149268.0,Flat
engine/memory/window_rank/update/16384/domain=16384/bytes=264/nulls=true/limit=1/last=false,original,55,6.0,15958560.0,Flat
engine/memory/window_rank/update/16384/domain=16384/bytes=264/nulls=true/limit=1/last=false,original,56,6.0,17366932.0,Flat
engine/memory/window_rank/update/16384/domain=16384/bytes=264/nulls=true/limit=1/last=false,original,57,6.0,17291275.0,Flat
engine/memory/window_rank/update/16384/domain=16384/bytes=264/nulls=true/limit=1/last=false,original,58,6.0,16317082.0,Flat
engine/memory/window_rank/update/16384/domain=16384/bytes=264/nulls=true/limit=1/last=false,original,59,6.0,17479171.0,Flat
engine/memory/window_rank/update/16384/domain=16384/bytes=264/nulls=true/limit=1/last=false,original,60,6.0,16834192.0,Flat
engine/memory/window_rank/update/16384/domain=16384/bytes=264/nulls=true/limit=1/last=false,original,61,6.0,16086966.0,Flat
engine/memory/window_rank/update/16384/domain=16384/bytes=264/nulls=true/limit=1/last=false,original,62,6.0,16923306.0,Flat
engine/memory/window_rank/update/16384/domain=16384/bytes=264/nulls=true/limit=1/last=false,original,63,6.0,16130178.0,Flat
engine/memory/window_rank/update/16384/domain=16384/bytes=264/nulls=true/limit=1/last=false,original,64,6.0,16291709.0,Flat
engine/memory/window_rank/update/16384/domain=16384/bytes=264/nulls=true/limit=1/last=false,original,65,6.0,16000475.0,Flat
engine/memory/window_rank/update/16384/domain=16384/bytes=264/nulls=true/limit=1/last=false,original,66,6.0,16175874.0,Flat
engine/memory/window_rank/update/16384/domain=16384/bytes=264/nulls=true/limit=1/last=false,original,67,6.0,16435875.0,Flat
engine/memory/window_rank/update/16384/domain=16384/bytes=264/nulls=true/limit=1/last=false,original,68,6.0,16331540.0,Flat
engine/memory/window_rank/update/16384/domain=16384/bytes=264/nulls=true/limit=1/last=false,original,69,6.0,16101865.0,Flat
engine/memory/window_rank/update/16384/domain=16384/bytes=264/nulls=true/limit=1/last=false,original,70,6.0,16171495.0,Flat
engine/memory/window_rank/update/16384/domain=16384/bytes=264/nulls=true/limit=1/last=false,original,71,6.0,16965533.0,Flat
engine/memory/window_rank/update/16384/domain=16384/bytes=264/nulls=true/limit=1/last=false,original,72,6.0,16987449.0,Flat
engine/memory/window_rank/update/16384/domain=16384/bytes=264/nulls=true/limit=1/last=false,original,73,6.0,16109676.0,Flat
engine/memory/window_rank/update/16384/domain=16384/bytes=264/nulls=true/limit=1/last=false,original,74,6.0,16501137.0,Flat
engine/memory/window_rank/update/16384/domain=16384/bytes=264/nulls=true/limit=1/last=false,original,75,6.0,16569553.0,Flat
engine/memory/window_rank/update/16384/domain=16384/bytes=264/nulls=true/limit=1/last=false,original,76,6.0,15836411.0,Flat
engine/memory/window_rank/update/16384/domain=16384/bytes=264/nulls=true/limit=1/last=false,original,77,6.0,16619650.0,Flat
engine/memory/window_rank/update/16384/domain=16384/bytes=264/nulls=true/limit=1/last=false,original,78,6.0,17679922.0,Flat
engine/memory/window_rank/update/16384/domain=16384/bytes=264/nulls=true/limit=1/last=false,original,79,6.0,15621917.0,Flat
engine/memory/window_rank/update/16384/domain=16384/bytes=264/nulls=true/limit=1/last=false,original,80,6.0,16102598.0,Flat
engine/memory/window_rank/update/16384/domain=16384/bytes=264/nulls=true/limit=1/last=false,original,81,6.0,16664849.0,Flat
engine/memory/window_rank/update/16384/domain=16384/bytes=264/nulls=true/limit=1/last=false,original,82,6.0,15959032.0,Flat
engine/memory/window_rank/update/16384/domain=16384/bytes=264/nulls=true/limit=1/last=false,original,83,6.0,16738557.0,Flat
engine/memory/window_rank/update/16384/domain=16384/bytes=264/nulls=true/limit=1/last=false,original,84,6.0,16231023.0,Flat
engine/memory/window_rank/update/16384/domain=16384/bytes=264/nulls=true/limit=1/last=false,original,85,6.0,15870390.0,Flat
engine/memory/window_rank/update/16384/domain=16384/bytes=264/nulls=true/limit=1/last=false,original,86,6.0,16427665.0,Flat
engine/memory/window_rank/update/16384/domain=16384/bytes=264/nulls=true/limit=1/last=false,original,87,6.0,16202417.0,Flat
engine/memory/window_rank/update/16384/domain=16384/bytes=264/nulls=true/limit=1/last=false,original,88,6.0,16343725.0,Flat
engine/memory/window_rank/update/16384/domain=16384/bytes=264/nulls=true/limit=1/last=false,original,89,6.0,15821579.0,Flat
engine/memory/window_rank/update/16384/domain=16384/bytes=264/nulls=true/limit=1/last=false,original,90,6.0,18079926.0,Flat
engine/memory/window_rank/update/16384/domain=16384/bytes=264/nulls=true/limit=1/last=false,original,91,6.0,16118775.0,Flat
engine/memory/window_rank/update/16384/domain=16384/bytes=264/nulls=true/limit=1/last=false,original,92,6.0,16287573.0,Flat
engine/memory/window_rank/update/16384/domain=16384/bytes=264/nulls=true/limit=1/last=false,original,93,6.0,16180594.0,Flat
engine/memory/window_rank/update/16384/domain=16384/bytes=264/nulls=true/limit=1/last=false,original,94,6.0,16086744.0,Flat
engine/memory/window_rank/update/16384/domain=16384/bytes=264/nulls=true/limit=1/last=false,original,95,6.0,16360309.0,Flat
engine/memory/window_rank/update/16384/domain=16384/bytes=264/nulls=true/limit=1/last=false,original,96,6.0,16852887.0,Flat
engine/memory/window_rank/update/16384/domain=16384/bytes=264/nulls=true/limit=1/last=false,original,97,6.0,17741080.0,Flat
engine/memory/window_rank/update/16384/domain=16384/bytes=264/nulls=true/limit=1/last=false,original,98,6.0,16072392.0,Flat
engine/memory/window_rank/update/16384/domain=16384/bytes=264/nulls=true/limit=1/last=false,original,99,6.0,17108138.0,Flat
engine/memory/window_rank/update/16384/domain=16384/bytes=264/nulls=true/limit=1/last=false,candidate,0,6.0,9556274.0,Flat
engine/memory/window_rank/update/16384/domain=16384/bytes=264/nulls=true/limit=1/last=false,candidate,1,6.0,10555270.0,Flat
engine/memory/window_rank/update/16384/domain=16384/bytes=264/nulls=true/limit=1/last=false,candidate,2,6.0,9197094.0,Flat
engine/memory/window_rank/update/16384/domain=16384/bytes=264/nulls=true/limit=1/last=false,candidate,3,6.0,11812830.0,Flat
engine/memory/window_rank/update/16384/domain=16384/bytes=264/nulls=true/limit=1/last=false,candidate,4,6.0,10158219.0,Flat
engine/memory/window_rank/update/16384/domain=16384/bytes=264/nulls=true/limit=1/last=false,candidate,5,6.0,10637109.0,Flat
engine/memory/window_rank/update/16384/domain=16384/bytes=264/nulls=true/limit=1/last=false,candidate,6,6.0,9170680.0,Flat
engine/memory/window_rank/update/16384/domain=16384/bytes=264/nulls=true/limit=1/last=false,candidate,7,6.0,10125407.0,Flat
engine/memory/window_rank/update/16384/domain=16384/bytes=264/nulls=true/limit=1/last=false,candidate,8,6.0,9327436.0,Flat
engine/memory/window_rank/update/16384/domain=16384/bytes=264/nulls=true/limit=1/last=false,candidate,9,6.0,9113752.0,Flat
engine/memory/window_rank/update/16384/domain=16384/bytes=264/nulls=true/limit=1/last=false,candidate,10,6.0,9697861.0,Flat
engine/memory/window_rank/update/16384/domain=16384/bytes=264/nulls=true/limit=1/last=false,candidate,11,6.0,9312896.0,Flat
engine/memory/window_rank/update/16384/domain=16384/bytes=264/nulls=true/limit=1/last=false,candidate,12,6.0,9670115.0,Flat
engine/memory/window_rank/update/16384/domain=16384/bytes=264/nulls=true/limit=1/last=false,candidate,13,6.0,9765152.0,Flat
engine/memory/window_rank/update/16384/domain=16384/bytes=264/nulls=true/limit=1/last=false,candidate,14,6.0,9359650.0,Flat
engine/memory/window_rank/update/16384/domain=16384/bytes=264/nulls=true/limit=1/last=false,candidate,15,6.0,10496411.0,Flat
engine/memory/window_rank/update/16384/domain=16384/bytes=264/nulls=true/limit=1/last=false,candidate,16,6.0,11385984.0,Flat
engine/memory/window_rank/update/16384/domain=16384/bytes=264/nulls=true/limit=1/last=false,candidate,17,6.0,10349375.0,Flat
engine/memory/window_rank/update/16384/domain=16384/bytes=264/nulls=true/limit=1/last=false,candidate,18,6.0,10921657.0,Flat
engine/memory/window_rank/update/16384/domain=16384/bytes=264/nulls=true/limit=1/last=false,candidate,19,6.0,9060273.0,Flat
engine/memory/window_rank/update/16384/domain=16384/bytes=264/nulls=true/limit=1/last=false,candidate,20,6.0,10402701.0,Flat
engine/memory/window_rank/update/16384/domain=16384/bytes=264/nulls=true/limit=1/last=false,candidate,21,6.0,10056801.0,Flat
engine/memory/window_rank/update/16384/domain=16384/bytes=264/nulls=true/limit=1/last=false,candidate,22,6.0,9771680.0,Flat
engine/memory/window_rank/update/16384/domain=16384/bytes=264/nulls=true/limit=1/last=false,candidate,23,6.0,9297306.0,Flat
engine/memory/window_rank/update/16384/domain=16384/bytes=264/nulls=true/limit=1/last=false,candidate,24,6.0,9279315.0,Flat
engine/memory/window_rank/update/16384/domain=16384/bytes=264/nulls=true/limit=1/last=false,candidate,25,6.0,9676101.0,Flat
engine/memory/window_rank/update/16384/domain=16384/bytes=264/nulls=true/limit=1/last=false,candidate,26,6.0,9587994.0,Flat
engine/memory/window_rank/update/16384/domain=16384/bytes=264/nulls=true/limit=1/last=false,candidate,27,6.0,9384667.0,Flat
engine/memory/window_rank/update/16384/domain=16384/bytes=264/nulls=true/limit=1/last=false,candidate,28,6.0,9607479.0,Flat
engine/memory/window_rank/update/16384/domain=16384/bytes=264/nulls=true/limit=1/last=false,candidate,29,6.0,10132907.0,Flat
engine/memory/window_rank/update/16384/domain=16384/bytes=264/nulls=true/limit=1/last=false,candidate,30,6.0,9929366.0,Flat
engine/memory/window_rank/update/16384/domain=16384/bytes=264/nulls=true/limit=1/last=false,candidate,31,6.0,9315913.0,Flat
engine/memory/window_rank/update/16384/domain=16384/bytes=264/nulls=true/limit=1/last=false,candidate,32,6.0,9555541.0,Flat
engine/memory/window_rank/update/16384/domain=16384/bytes=264/nulls=true/limit=1/last=false,candidate,33,6.0,9522882.0,Flat
engine/memory/window_rank/update/16384/domain=16384/bytes=264/nulls=true/limit=1/last=false,candidate,34,6.0,9743594.0,Flat
engine/memory/window_rank/update/16384/domain=16384/bytes=264/nulls=true/limit=1/last=false,candidate,35,6.0,9210050.0,Flat
engine/memory/window_rank/update/16384/domain=16384/bytes=264/nulls=true/limit=1/last=false,candidate,36,6.0,9709757.0,Flat
engine/memory/window_rank/update/16384/domain=16384/bytes=264/nulls=true/limit=1/last=false,candidate,37,6.0,9047378.0,Flat
engine/memory/window_rank/update/16384/domain=16384/bytes=264/nulls=true/limit=1/last=false,candidate,38,6.0,9769213.0,Flat
engine/memory/window_rank/update/16384/domain=16384/bytes=264/nulls=true/limit=1/last=false,candidate,39,6.0,11803657.0,Flat
engine/memory/window_rank/update/16384/domain=16384/bytes=264/nulls=true/limit=1/last=false,candidate,40,6.0,10637081.0,Flat
engine/memory/window_rank/update/16384/domain=16384/bytes=264/nulls=true/limit=1/last=false,candidate,41,6.0,11276620.0,Flat
engine/memory/window_rank/update/16384/domain=16384/bytes=264/nulls=true/limit=1/last=false,candidate,42,6.0,9799702.0,Flat
engine/memory/window_rank/update/16384/domain=16384/bytes=264/nulls=true/limit=1/last=false,candidate,43,6.0,10095922.0,Flat
engine/memory/window_rank/update/16384/domain=16384/bytes=264/nulls=true/limit=1/last=false,candidate,44,6.0,10482179.0,Flat
engine/memory/window_rank/update/16384/domain=16384/bytes=264/nulls=true/limit=1/last=false,candidate,45,6.0,10022108.0,Flat
engine/memory/window_rank/update/16384/domain=16384/bytes=264/nulls=true/limit=1/last=false,candidate,46,6.0,9578785.0,Flat
engine/memory/window_rank/update/16384/domain=16384/bytes=264/nulls=true/limit=1/last=false,candidate,47,6.0,9825342.0,Flat
engine/memory/window_rank/update/16384/domain=16384/bytes=264/nulls=true/limit=1/last=false,candidate,48,6.0,8922086.0,Flat
engine/memory/window_rank/update/16384/domain=16384/bytes=264/nulls=true/limit=1/last=false,candidate,49,6.0,9327578.0,Flat
engine/memory/window_rank/update/16384/domain=16384/bytes=264/nulls=true/limit=1/last=false,candidate,50,6.0,9029692.0,Flat
engine/memory/window_rank/update/16384/domain=16384/bytes=264/nulls=true/limit=1/last=false,candidate,51,6.0,9499465.0,Flat
engine/memory/window_rank/update/16384/domain=16384/bytes=264/nulls=true/limit=1/last=false,candidate,52,6.0,9050181.0,Flat
engine/memory/window_rank/update/16384/domain=16384/bytes=264/nulls=true/limit=1/last=false,candidate,53,6.0,9336115.0,Flat
engine/memory/window_rank/update/16384/domain=16384/bytes=264/nulls=true/limit=1/last=false,candidate,54,6.0,9770054.0,Flat
engine/memory/window_rank/update/16384/domain=16384/bytes=264/nulls=true/limit=1/last=false,candidate,55,6.0,9364012.0,Flat
engine/memory/window_rank/update/16384/domain=16384/bytes=264/nulls=true/limit=1/last=false,candidate,56,6.0,9474170.0,Flat
engine/memory/window_rank/update/16384/domain=16384/bytes=264/nulls=true/limit=1/last=false,candidate,57,6.0,9698268.0,Flat
engine/memory/window_rank/update/16384/domain=16384/bytes=264/nulls=true/limit=1/last=false,candidate,58,6.0,9591925.0,Flat
engine/memory/window_rank/update/16384/domain=16384/bytes=264/nulls=true/limit=1/last=false,candidate,59,6.0,10723971.0,Flat
engine/memory/window_rank/update/16384/domain=16384/bytes=264/nulls=true/limit=1/last=false,candidate,60,6.0,9295035.0,Flat
engine/memory/window_rank/update/16384/domain=16384/bytes=264/nulls=true/limit=1/last=false,candidate,61,6.0,10128710.0,Flat
engine/memory/window_rank/update/16384/domain=16384/bytes=264/nulls=true/limit=1/last=false,candidate,62,6.0,9538968.0,Flat
engine/memory/window_rank/update/16384/domain=16384/bytes=264/nulls=true/limit=1/last=false,candidate,63,6.0,9457999.0,Flat
engine/memory/window_rank/update/16384/domain=16384/bytes=264/nulls=true/limit=1/last=false,candidate,64,6.0,9501231.0,Flat
engine/memory/window_rank/update/16384/domain=16384/bytes=264/nulls=true/limit=1/last=false,candidate,65,6.0,10370679.0,Flat
engine/memory/window_rank/update/16384/domain=16384/bytes=264/nulls=true/limit=1/last=false,candidate,66,6.0,9350538.0,Flat
engine/memory/window_rank/update/16384/domain=16384/bytes=264/nulls=true/limit=1/last=false,candidate,67,6.0,9735774.0,Flat
engine/memory/window_rank/update/16384/domain=16384/bytes=264/nulls=true/limit=1/last=false,candidate,68,6.0,10838015.0,Flat
engine/memory/window_rank/update/16384/domain=16384/bytes=264/nulls=true/limit=1/last=false,candidate,69,6.0,10251154.0,Flat
engine/memory/window_rank/update/16384/domain=16384/bytes=264/nulls=true/limit=1/last=false,candidate,70,6.0,9431208.0,Flat
engine/memory/window_rank/update/16384/domain=16384/bytes=264/nulls=true/limit=1/last=false,candidate,71,6.0,10060586.0,Flat
engine/memory/window_rank/update/16384/domain=16384/bytes=264/nulls=true/limit=1/last=false,candidate,72,6.0,10103178.0,Flat
engine/memory/window_rank/update/16384/domain=16384/bytes=264/nulls=true/limit=1/last=false,candidate,73,6.0,10123412.0,Flat
engine/memory/window_rank/update/16384/domain=16384/bytes=264/nulls=true/limit=1/last=false,candidate,74,6.0,10531612.0,Flat
engine/memory/window_rank/update/16384/domain=16384/bytes=264/nulls=true/limit=1/last=false,candidate,75,6.0,9058436.0,Flat
engine/memory/window_rank/update/16384/domain=16384/bytes=264/nulls=true/limit=1/last=false,candidate,76,6.0,9709967.0,Flat
engine/memory/window_rank/update/16384/domain=16384/bytes=264/nulls=true/limit=1/last=false,candidate,77,6.0,9088892.0,Flat
engine/memory/window_rank/update/16384/domain=16384/bytes=264/nulls=true/limit=1/last=false,candidate,78,6.0,10678824.0,Flat
engine/memory/window_rank/update/16384/domain=16384/bytes=264/nulls=true/limit=1/last=false,candidate,79,6.0,10329319.0,Flat
engine/memory/window_rank/update/16384/domain=16384/bytes=264/nulls=true/limit=1/last=false,candidate,80,6.0,9959923.0,Flat
engine/memory/window_rank/update/16384/domain=16384/bytes=264/nulls=true/limit=1/last=false,candidate,81,6.0,8924084.0,Flat
engine/memory/window_rank/update/16384/domain=16384/bytes=264/nulls=true/limit=1/last=false,candidate,82,6.0,10274967.0,Flat
engine/memory/window_rank/update/16384/domain=16384/bytes=264/nulls=true/limit=1/last=false,candidate,83,6.0,9085496.0,Flat
engine/memory/window_rank/update/16384/domain=16384/bytes=264/nulls=true/limit=1/last=false,candidate,84,6.0,9420349.0,Flat
engine/memory/window_rank/update/16384/domain=16384/bytes=264/nulls=true/limit=1/last=false,candidate,85,6.0,9391707.0,Flat
engine/memory/window_rank/update/16384/domain=16384/bytes=264/nulls=true/limit=1/last=false,candidate,86,6.0,9315644.0,Flat
engine/memory/window_rank/update/16384/domain=16384/bytes=264/nulls=true/limit=1/last=false,candidate,87,6.0,9966519.0,Flat
engine/memory/window_rank/update/16384/domain=16384/bytes=264/nulls=true/limit=1/last=false,candidate,88,6.0,9775330.0,Flat
engine/memory/window_rank/update/16384/domain=16384/bytes=264/nulls=true/limit=1/last=false,candidate,89,6.0,9539769.0,Flat
engine/memory/window_rank/update/16384/domain=16384/bytes=264/nulls=true/limit=1/last=false,candidate,90,6.0,9557626.0,Flat
engine/memory/window_rank/update/16384/domain=16384/bytes=264/nulls=true/limit=1/last=false,candidate,91,6.0,9667273.0,Flat
engine/memory/window_rank/update/16384/domain=16384/bytes=264/nulls=true/limit=1/last=false,candidate,92,6.0,9653844.0,Flat
engine/memory/window_rank/update/16384/domain=16384/bytes=264/nulls=true/limit=1/last=false,candidate,93,6.0,9526581.0,Flat
engine/memory/window_rank/update/16384/domain=16384/bytes=264/nulls=true/limit=1/last=false,candidate,94,6.0,9362419.0,Flat
engine/memory/window_rank/update/16384/domain=16384/bytes=264/nulls=true/limit=1/last=false,candidate,95,6.0,10154715.0,Flat
engine/memory/window_rank/update/16384/domain=16384/bytes=264/nulls=true/limit=1/last=false,candidate,96,6.0,9825951.0,Flat
engine/memory/window_rank/update/16384/domain=16384/bytes=264/nulls=true/limit=1/last=false,candidate,97,6.0,10613037.0,Flat
engine/memory/window_rank/update/16384/domain=16384/bytes=264/nulls=true/limit=1/last=false,candidate,98,6.0,9686750.0,Flat
engine/memory/window_rank/update/16384/domain=16384/bytes=264/nulls=true/limit=1/last=false,candidate,99,6.0,9250557.0,Flat
engine/memory/window_rank/update/16384/domain=16384/bytes=8/nulls=false/limit=1/last=false,original,0,6.0,16582488.0,Flat
engine/memory/window_rank/update/16384/domain=16384/bytes=8/nulls=false/limit=1/last=false,original,1,6.0,15468145.0,Flat
engine/memory/window_rank/update/16384/domain=16384/bytes=8/nulls=false/limit=1/last=false,original,2,6.0,15123145.0,Flat
engine/memory/window_rank/update/16384/domain=16384/bytes=8/nulls=false/limit=1/last=false,original,3,6.0,15591263.0,Flat
engine/memory/window_rank/update/16384/domain=16384/bytes=8/nulls=false/limit=1/last=false,original,4,6.0,15955607.0,Flat
engine/memory/window_rank/update/16384/domain=16384/bytes=8/nulls=false/limit=1/last=false,original,5,6.0,16835507.0,Flat
engine/memory/window_rank/update/16384/domain=16384/bytes=8/nulls=false/limit=1/last=false,original,6,6.0,15145282.0,Flat
engine/memory/window_rank/update/16384/domain=16384/bytes=8/nulls=false/limit=1/last=false,original,7,6.0,14738328.0,Flat
engine/memory/window_rank/update/16384/domain=16384/bytes=8/nulls=false/limit=1/last=false,original,8,6.0,15385997.0,Flat
engine/memory/window_rank/update/16384/domain=16384/bytes=8/nulls=false/limit=1/last=false,original,9,6.0,15619897.0,Flat
engine/memory/window_rank/update/16384/domain=16384/bytes=8/nulls=false/limit=1/last=false,original,10,6.0,16099103.0,Flat
engine/memory/window_rank/update/16384/domain=16384/bytes=8/nulls=false/limit=1/last=false,original,11,6.0,14925297.0,Flat
engine/memory/window_rank/update/16384/domain=16384/bytes=8/nulls=false/limit=1/last=false,original,12,6.0,14649857.0,Flat
engine/memory/window_rank/update/16384/domain=16384/bytes=8/nulls=false/limit=1/last=false,original,13,6.0,15595550.0,Flat
engine/memory/window_rank/update/16384/domain=16384/bytes=8/nulls=false/limit=1/last=false,original,14,6.0,15870714.0,Flat
engine/memory/window_rank/update/16384/domain=16384/bytes=8/nulls=false/limit=1/last=false,original,15,6.0,15659550.0,Flat
engine/memory/window_rank/update/16384/domain=16384/bytes=8/nulls=false/limit=1/last=false,original,16,6.0,14780530.0,Flat
engine/memory/window_rank/update/16384/domain=16384/bytes=8/nulls=false/limit=1/last=false,original,17,6.0,15336567.0,Flat
engine/memory/window_rank/update/16384/domain=16384/bytes=8/nulls=false/limit=1/last=false,original,18,6.0,14761138.0,Flat
engine/memory/window_rank/update/16384/domain=16384/bytes=8/nulls=false/limit=1/last=false,original,19,6.0,14908293.0,Flat
engine/memory/window_rank/update/16384/domain=16384/bytes=8/nulls=false/limit=1/last=false,original,20,6.0,15684404.0,Flat
engine/memory/window_rank/update/16384/domain=16384/bytes=8/nulls=false/limit=1/last=false,original,21,6.0,14970928.0,Flat
engine/memory/window_rank/update/16384/domain=16384/bytes=8/nulls=false/limit=1/last=false,original,22,6.0,14670496.0,Flat
engine/memory/window_rank/update/16384/domain=16384/bytes=8/nulls=false/limit=1/last=false,original,23,6.0,15584093.0,Flat
engine/memory/window_rank/update/16384/domain=16384/bytes=8/nulls=false/limit=1/last=false,original,24,6.0,15349617.0,Flat
engine/memory/window_rank/update/16384/domain=16384/bytes=8/nulls=false/limit=1/last=false,original,25,6.0,15115436.0,Flat
engine/memory/window_rank/update/16384/domain=16384/bytes=8/nulls=false/limit=1/last=false,original,26,6.0,15075594.0,Flat
engine/memory/window_rank/update/16384/domain=16384/bytes=8/nulls=false/limit=1/last=false,original,27,6.0,14833966.0,Flat
engine/memory/window_rank/update/16384/domain=16384/bytes=8/nulls=false/limit=1/last=false,original,28,6.0,15453887.0,Flat
engine/memory/window_rank/update/16384/domain=16384/bytes=8/nulls=false/limit=1/last=false,original,29,6.0,14941701.0,Flat
engine/memory/window_rank/update/16384/domain=16384/bytes=8/nulls=false/limit=1/last=false,original,30,6.0,15628914.0,Flat
engine/memory/window_rank/update/16384/domain=16384/bytes=8/nulls=false/limit=1/last=false,original,31,6.0,15846474.0,Flat
engine/memory/window_rank/update/16384/domain=16384/bytes=8/nulls=false/limit=1/last=false,original,32,6.0,16173180.0,Flat
engine/memory/window_rank/update/16384/domain=16384/bytes=8/nulls=false/limit=1/last=false,original,33,6.0,14850226.0,Flat
engine/memory/window_rank/update/16384/domain=16384/bytes=8/nulls=false/limit=1/last=false,original,34,6.0,15144562.0,Flat
engine/memory/window_rank/update/16384/domain=16384/bytes=8/nulls=false/limit=1/last=false,original,35,6.0,15029720.0,Flat
engine/memory/window_rank/update/16384/domain=16384/bytes=8/nulls=false/limit=1/last=false,original,36,6.0,15562880.0,Flat
engine/memory/window_rank/update/16384/domain=16384/bytes=8/nulls=false/limit=1/last=false,original,37,6.0,15454278.0,Flat
engine/memory/window_rank/update/16384/domain=16384/bytes=8/nulls=false/limit=1/last=false,original,38,6.0,15530662.0,Flat
engine/memory/window_rank/update/16384/domain=16384/bytes=8/nulls=false/limit=1/last=false,original,39,6.0,15028335.0,Flat
engine/memory/window_rank/update/16384/domain=16384/bytes=8/nulls=false/limit=1/last=false,original,40,6.0,14932397.0,Flat
engine/memory/window_rank/update/16384/domain=16384/bytes=8/nulls=false/limit=1/last=false,original,41,6.0,16106988.0,Flat
engine/memory/window_rank/update/16384/domain=16384/bytes=8/nulls=false/limit=1/last=false,original,42,6.0,15325712.0,Flat
engine/memory/window_rank/update/16384/domain=16384/bytes=8/nulls=false/limit=1/last=false,original,43,6.0,15264813.0,Flat
engine/memory/window_rank/update/16384/domain=16384/bytes=8/nulls=false/limit=1/last=false,original,44,6.0,15514968.0,Flat
engine/memory/window_rank/update/16384/domain=16384/bytes=8/nulls=false/limit=1/last=false,original,45,6.0,15756471.0,Flat
engine/memory/window_rank/update/16384/domain=16384/bytes=8/nulls=false/limit=1/last=false,original,46,6.0,15834677.0,Flat
engine/memory/window_rank/update/16384/domain=16384/bytes=8/nulls=false/limit=1/last=false,original,47,6.0,15053158.0,Flat
engine/memory/window_rank/update/16384/domain=16384/bytes=8/nulls=false/limit=1/last=false,original,48,6.0,15278135.0,Flat
engine/memory/window_rank/update/16384/domain=16384/bytes=8/nulls=false/limit=1/last=false,original,49,6.0,15553706.0,Flat
engine/memory/window_rank/update/16384/domain=16384/bytes=8/nulls=false/limit=1/last=false,original,50,6.0,15438171.0,Flat
engine/memory/window_rank/update/16384/domain=16384/bytes=8/nulls=false/limit=1/last=false,original,51,6.0,15931854.0,Flat
engine/memory/window_rank/update/16384/domain=16384/bytes=8/nulls=false/limit=1/last=false,original,52,6.0,16083219.0,Flat
engine/memory/window_rank/update/16384/domain=16384/bytes=8/nulls=false/limit=1/last=false,original,53,6.0,16828922.0,Flat
engine/memory/window_rank/update/16384/domain=16384/bytes=8/nulls=false/limit=1/last=false,original,54,6.0,16351059.0,Flat
engine/memory/window_rank/update/16384/domain=16384/bytes=8/nulls=false/limit=1/last=false,original,55,6.0,15321031.0,Flat
engine/memory/window_rank/update/16384/domain=16384/bytes=8/nulls=false/limit=1/last=false,original,56,6.0,14860883.0,Flat
engine/memory/window_rank/update/16384/domain=16384/bytes=8/nulls=false/limit=1/last=false,original,57,6.0,15818618.0,Flat
engine/memory/window_rank/update/16384/domain=16384/bytes=8/nulls=false/limit=1/last=false,original,58,6.0,15743632.0,Flat
engine/memory/window_rank/update/16384/domain=16384/bytes=8/nulls=false/limit=1/last=false,original,59,6.0,16087745.0,Flat
engine/memory/window_rank/update/16384/domain=16384/bytes=8/nulls=false/limit=1/last=false,original,60,6.0,16323564.0,Flat
engine/memory/window_rank/update/16384/domain=16384/bytes=8/nulls=false/limit=1/last=false,original,61,6.0,17788686.0,Flat
engine/memory/window_rank/update/16384/domain=16384/bytes=8/nulls=false/limit=1/last=false,original,62,6.0,16722292.0,Flat
engine/memory/window_rank/update/16384/domain=16384/bytes=8/nulls=false/limit=1/last=false,original,63,6.0,15087464.0,Flat
engine/memory/window_rank/update/16384/domain=16384/bytes=8/nulls=false/limit=1/last=false,original,64,6.0,16611535.0,Flat
engine/memory/window_rank/update/16384/domain=16384/bytes=8/nulls=false/limit=1/last=false,original,65,6.0,15613633.0,Flat
engine/memory/window_rank/update/16384/domain=16384/bytes=8/nulls=false/limit=1/last=false,original,66,6.0,16050283.0,Flat
engine/memory/window_rank/update/16384/domain=16384/bytes=8/nulls=false/limit=1/last=false,original,67,6.0,15685921.0,Flat
engine/memory/window_rank/update/16384/domain=16384/bytes=8/nulls=false/limit=1/last=false,original,68,6.0,16578918.0,Flat
engine/memory/window_rank/update/16384/domain=16384/bytes=8/nulls=false/limit=1/last=false,original,69,6.0,17303844.0,Flat
engine/memory/window_rank/update/16384/domain=16384/bytes=8/nulls=false/limit=1/last=false,original,70,6.0,15630900.0,Flat
engine/memory/window_rank/update/16384/domain=16384/bytes=8/nulls=false/limit=1/last=false,original,71,6.0,16471816.0,Flat
engine/memory/window_rank/update/16384/domain=16384/bytes=8/nulls=false/limit=1/last=false,original,72,6.0,15841685.0,Flat
engine/memory/window_rank/update/16384/domain=16384/bytes=8/nulls=false/limit=1/last=false,original,73,6.0,15967588.0,Flat
engine/memory/window_rank/update/16384/domain=16384/bytes=8/nulls=false/limit=1/last=false,original,74,6.0,16173140.0,Flat
engine/memory/window_rank/update/16384/domain=16384/bytes=8/nulls=false/limit=1/last=false,original,75,6.0,16680842.0,Flat
engine/memory/window_rank/update/16384/domain=16384/bytes=8/nulls=false/limit=1/last=false,original,76,6.0,17025875.0,Flat
engine/memory/window_rank/update/16384/domain=16384/bytes=8/nulls=false/limit=1/last=false,original,77,6.0,17083678.0,Flat
engine/memory/window_rank/update/16384/domain=16384/bytes=8/nulls=false/limit=1/last=false,original,78,6.0,17207277.0,Flat
engine/memory/window_rank/update/16384/domain=16384/bytes=8/nulls=false/limit=1/last=false,original,79,6.0,15784289.0,Flat
engine/memory/window_rank/update/16384/domain=16384/bytes=8/nulls=false/limit=1/last=false,original,80,6.0,16616403.0,Flat
engine/memory/window_rank/update/16384/domain=16384/bytes=8/nulls=false/limit=1/last=false,original,81,6.0,16037317.0,Flat
engine/memory/window_rank/update/16384/domain=16384/bytes=8/nulls=false/limit=1/last=false,original,82,6.0,16297440.0,Flat
engine/memory/window_rank/update/16384/domain=16384/bytes=8/nulls=false/limit=1/last=false,original,83,6.0,15761673.0,Flat
engine/memory/window_rank/update/16384/domain=16384/bytes=8/nulls=false/limit=1/last=false,original,84,6.0,15847439.0,Flat
engine/memory/window_rank/update/16384/domain=16384/bytes=8/nulls=false/limit=1/last=false,original,85,6.0,16895157.0,Flat
engine/memory/window_rank/update/16384/domain=16384/bytes=8/nulls=false/limit=1/last=false,original,86,6.0,15799815.0,Flat
engine/memory/window_rank/update/16384/domain=16384/bytes=8/nulls=false/limit=1/last=false,original,87,6.0,15935186.0,Flat
engine/memory/window_rank/update/16384/domain=16384/bytes=8/nulls=false/limit=1/last=false,original,88,6.0,16801726.0,Flat
engine/memory/window_rank/update/16384/domain=16384/bytes=8/nulls=false/limit=1/last=false,original,89,6.0,16196067.0,Flat
engine/memory/window_rank/update/16384/domain=16384/bytes=8/nulls=false/limit=1/last=false,original,90,6.0,16257796.0,Flat
engine/memory/window_rank/update/16384/domain=16384/bytes=8/nulls=false/limit=1/last=false,original,91,6.0,15802287.0,Flat
engine/memory/window_rank/update/16384/domain=16384/bytes=8/nulls=false/limit=1/last=false,original,92,6.0,15870945.0,Flat
engine/memory/window_rank/update/16384/domain=16384/bytes=8/nulls=false/limit=1/last=false,original,93,6.0,16300643.0,Flat
engine/memory/window_rank/update/16384/domain=16384/bytes=8/nulls=false/limit=1/last=false,original,94,6.0,16686408.0,Flat
engine/memory/window_rank/update/16384/domain=16384/bytes=8/nulls=false/limit=1/last=false,original,95,6.0,16506409.0,Flat
engine/memory/window_rank/update/16384/domain=16384/bytes=8/nulls=false/limit=1/last=false,original,96,6.0,16608766.0,Flat
engine/memory/window_rank/update/16384/domain=16384/bytes=8/nulls=false/limit=1/last=false,original,97,6.0,15626271.0,Flat
engine/memory/window_rank/update/16384/domain=16384/bytes=8/nulls=false/limit=1/last=false,original,98,6.0,15877301.0,Flat
engine/memory/window_rank/update/16384/domain=16384/bytes=8/nulls=false/limit=1/last=false,original,99,6.0,17216545.0,Flat
engine/memory/window_rank/update/16384/domain=16384/bytes=8/nulls=false/limit=1/last=false,candidate,0,7.0,10568029.0,Flat
engine/memory/window_rank/update/16384/domain=16384/bytes=8/nulls=false/limit=1/last=false,candidate,1,7.0,10568612.0,Flat
engine/memory/window_rank/update/16384/domain=16384/bytes=8/nulls=false/limit=1/last=false,candidate,2,7.0,10949424.0,Flat
engine/memory/window_rank/update/16384/domain=16384/bytes=8/nulls=false/limit=1/last=false,candidate,3,7.0,10813328.0,Flat
engine/memory/window_rank/update/16384/domain=16384/bytes=8/nulls=false/limit=1/last=false,candidate,4,7.0,10371333.0,Flat
engine/memory/window_rank/update/16384/domain=16384/bytes=8/nulls=false/limit=1/last=false,candidate,5,7.0,10057068.0,Flat
engine/memory/window_rank/update/16384/domain=16384/bytes=8/nulls=false/limit=1/last=false,candidate,6,7.0,10092875.0,Flat
engine/memory/window_rank/update/16384/domain=16384/bytes=8/nulls=false/limit=1/last=false,candidate,7,7.0,10063879.0,Flat
engine/memory/window_rank/update/16384/domain=16384/bytes=8/nulls=false/limit=1/last=false,candidate,8,7.0,9987568.0,Flat
engine/memory/window_rank/update/16384/domain=16384/bytes=8/nulls=false/limit=1/last=false,candidate,9,7.0,10445021.0,Flat
engine/memory/window_rank/update/16384/domain=16384/bytes=8/nulls=false/limit=1/last=false,candidate,10,7.0,10302436.0,Flat
engine/memory/window_rank/update/16384/domain=16384/bytes=8/nulls=false/limit=1/last=false,candidate,11,7.0,11026889.0,Flat
engine/memory/window_rank/update/16384/domain=16384/bytes=8/nulls=false/limit=1/last=false,candidate,12,7.0,10402544.0,Flat
engine/memory/window_rank/update/16384/domain=16384/bytes=8/nulls=false/limit=1/last=false,candidate,13,7.0,10293362.0,Flat
engine/memory/window_rank/update/16384/domain=16384/bytes=8/nulls=false/limit=1/last=false,candidate,14,7.0,10842681.0,Flat
engine/memory/window_rank/update/16384/domain=16384/bytes=8/nulls=false/limit=1/last=false,candidate,15,7.0,10698875.0,Flat
engine/memory/window_rank/update/16384/domain=16384/bytes=8/nulls=false/limit=1/last=false,candidate,16,7.0,10269994.0,Flat
engine/memory/window_rank/update/16384/domain=16384/bytes=8/nulls=false/limit=1/last=false,candidate,17,7.0,10311202.0,Flat
engine/memory/window_rank/update/16384/domain=16384/bytes=8/nulls=false/limit=1/last=false,candidate,18,7.0,11059238.0,Flat
engine/memory/window_rank/update/16384/domain=16384/bytes=8/nulls=false/limit=1/last=false,candidate,19,7.0,10441171.0,Flat
engine/memory/window_rank/update/16384/domain=16384/bytes=8/nulls=false/limit=1/last=false,candidate,20,7.0,10266079.0,Flat
engine/memory/window_rank/update/16384/domain=16384/bytes=8/nulls=false/limit=1/last=false,candidate,21,7.0,10631404.0,Flat
engine/memory/window_rank/update/16384/domain=16384/bytes=8/nulls=false/limit=1/last=false,candidate,22,7.0,10298858.0,Flat
engine/memory/window_rank/update/16384/domain=16384/bytes=8/nulls=false/limit=1/last=false,candidate,23,7.0,10896320.0,Flat
engine/memory/window_rank/update/16384/domain=16384/bytes=8/nulls=false/limit=1/last=false,candidate,24,7.0,10007831.0,Flat
engine/memory/window_rank/update/16384/domain=16384/bytes=8/nulls=false/limit=1/last=false,candidate,25,7.0,10933413.0,Flat
engine/memory/window_rank/update/16384/domain=16384/bytes=8/nulls=false/limit=1/last=false,candidate,26,7.0,10342096.0,Flat
engine/memory/window_rank/update/16384/domain=16384/bytes=8/nulls=false/limit=1/last=false,candidate,27,7.0,10918696.0,Flat
engine/memory/window_rank/update/16384/domain=16384/bytes=8/nulls=false/limit=1/last=false,candidate,28,7.0,10102858.0,Flat
engine/memory/window_rank/update/16384/domain=16384/bytes=8/nulls=false/limit=1/last=false,candidate,29,7.0,10841269.0,Flat
engine/memory/window_rank/update/16384/domain=16384/bytes=8/nulls=false/limit=1/last=false,candidate,30,7.0,10250861.0,Flat
engine/memory/window_rank/update/16384/domain=16384/bytes=8/nulls=false/limit=1/last=false,candidate,31,7.0,10125334.0,Flat
engine/memory/window_rank/update/16384/domain=16384/bytes=8/nulls=false/limit=1/last=false,candidate,32,7.0,10679771.0,Flat
engine/memory/window_rank/update/16384/domain=16384/bytes=8/nulls=false/limit=1/last=false,candidate,33,7.0,10151035.0,Flat
engine/memory/window_rank/update/16384/domain=16384/bytes=8/nulls=false/limit=1/last=false,candidate,34,7.0,10205485.0,Flat
engine/memory/window_rank/update/16384/domain=16384/bytes=8/nulls=false/limit=1/last=false,candidate,35,7.0,10784266.0,Flat
engine/memory/window_rank/update/16384/domain=16384/bytes=8/nulls=false/limit=1/last=false,candidate,36,7.0,11369427.0,Flat
engine/memory/window_rank/update/16384/domain=16384/bytes=8/nulls=false/limit=1/last=false,candidate,37,7.0,10529200.0,Flat
engine/memory/window_rank/update/16384/domain=16384/bytes=8/nulls=false/limit=1/last=false,candidate,38,7.0,10967768.0,Flat
engine/memory/window_rank/update/16384/domain=16384/bytes=8/nulls=false/limit=1/last=false,candidate,39,7.0,10392843.0,Flat
engine/memory/window_rank/update/16384/domain=16384/bytes=8/nulls=false/limit=1/last=false,candidate,40,7.0,10933356.0,Flat
engine/memory/window_rank/update/16384/domain=16384/bytes=8/nulls=false/limit=1/last=false,candidate,41,7.0,11345344.0,Flat
engine/memory/window_rank/update/16384/domain=16384/bytes=8/nulls=false/limit=1/last=false,candidate,42,7.0,11184171.0,Flat
engine/memory/window_rank/update/16384/domain=16384/bytes=8/nulls=false/limit=1/last=false,candidate,43,7.0,11400824.0,Flat
engine/memory/window_rank/update/16384/domain=16384/bytes=8/nulls=false/limit=1/last=false,candidate,44,7.0,10446303.0,Flat
engine/memory/window_rank/update/16384/domain=16384/bytes=8/nulls=false/limit=1/last=false,candidate,45,7.0,10763429.0,Flat
engine/memory/window_rank/update/16384/domain=16384/bytes=8/nulls=false/limit=1/last=false,candidate,46,7.0,10725012.0,Flat
engine/memory/window_rank/update/16384/domain=16384/bytes=8/nulls=false/limit=1/last=false,candidate,47,7.0,10004691.0,Flat
engine/memory/window_rank/update/16384/domain=16384/bytes=8/nulls=false/limit=1/last=false,candidate,48,7.0,10670210.0,Flat
engine/memory/window_rank/update/16384/domain=16384/bytes=8/nulls=false/limit=1/last=false,candidate,49,7.0,10512088.0,Flat
engine/memory/window_rank/update/16384/domain=16384/bytes=8/nulls=false/limit=1/last=false,candidate,50,7.0,10148710.0,Flat
engine/memory/window_rank/update/16384/domain=16384/bytes=8/nulls=false/limit=1/last=false,candidate,51,7.0,10668483.0,Flat
engine/memory/window_rank/update/16384/domain=16384/bytes=8/nulls=false/limit=1/last=false,candidate,52,7.0,10689142.0,Flat
engine/memory/window_rank/update/16384/domain=16384/bytes=8/nulls=false/limit=1/last=false,candidate,53,7.0,10941885.0,Flat
engine/memory/window_rank/update/16384/domain=16384/bytes=8/nulls=false/limit=1/last=false,candidate,54,7.0,10009599.0,Flat
engine/memory/window_rank/update/16384/domain=16384/bytes=8/nulls=false/limit=1/last=false,candidate,55,7.0,11028101.0,Flat
engine/memory/window_rank/update/16384/domain=16384/bytes=8/nulls=false/limit=1/last=false,candidate,56,7.0,11566743.0,Flat
engine/memory/window_rank/update/16384/domain=16384/bytes=8/nulls=false/limit=1/last=false,candidate,57,7.0,11548740.0,Flat
engine/memory/window_rank/update/16384/domain=16384/bytes=8/nulls=false/limit=1/last=false,candidate,58,7.0,10117866.0,Flat
engine/memory/window_rank/update/16384/domain=16384/bytes=8/nulls=false/limit=1/last=false,candidate,59,7.0,10239223.0,Flat
engine/memory/window_rank/update/16384/domain=16384/bytes=8/nulls=false/limit=1/last=false,candidate,60,7.0,9919716.0,Flat
engine/memory/window_rank/update/16384/domain=16384/bytes=8/nulls=false/limit=1/last=false,candidate,61,7.0,10406286.0,Flat
engine/memory/window_rank/update/16384/domain=16384/bytes=8/nulls=false/limit=1/last=false,candidate,62,7.0,10091324.0,Flat
engine/memory/window_rank/update/16384/domain=16384/bytes=8/nulls=false/limit=1/last=false,candidate,63,7.0,11122710.0,Flat
engine/memory/window_rank/update/16384/domain=16384/bytes=8/nulls=false/limit=1/last=false,candidate,64,7.0,10263540.0,Flat
engine/memory/window_rank/update/16384/domain=16384/bytes=8/nulls=false/limit=1/last=false,candidate,65,7.0,10926323.0,Flat
engine/memory/window_rank/update/16384/domain=16384/bytes=8/nulls=false/limit=1/last=false,candidate,66,7.0,10365881.0,Flat
engine/memory/window_rank/update/16384/domain=16384/bytes=8/nulls=false/limit=1/last=false,candidate,67,7.0,10372997.0,Flat
engine/memory/window_rank/update/16384/domain=16384/bytes=8/nulls=false/limit=1/last=false,candidate,68,7.0,11161262.0,Flat
engine/memory/window_rank/update/16384/domain=16384/bytes=8/nulls=false/limit=1/last=false,candidate,69,7.0,12526563.0,Flat
engine/memory/window_rank/update/16384/domain=16384/bytes=8/nulls=false/limit=1/last=false,candidate,70,7.0,12466403.0,Flat
engine/memory/window_rank/update/16384/domain=16384/bytes=8/nulls=false/limit=1/last=false,candidate,71,7.0,11125283.0,Flat
engine/memory/window_rank/update/16384/domain=16384/bytes=8/nulls=false/limit=1/last=false,candidate,72,7.0,11139331.0,Flat
engine/memory/window_rank/update/16384/domain=16384/bytes=8/nulls=false/limit=1/last=false,candidate,73,7.0,11154571.0,Flat
engine/memory/window_rank/update/16384/domain=16384/bytes=8/nulls=false/limit=1/last=false,candidate,74,7.0,10892086.0,Flat
engine/memory/window_rank/update/16384/domain=16384/bytes=8/nulls=false/limit=1/last=false,candidate,75,7.0,11562131.0,Flat
engine/memory/window_rank/update/16384/domain=16384/bytes=8/nulls=false/limit=1/last=false,candidate,76,7.0,11495646.0,Flat
engine/memory/window_rank/update/16384/domain=16384/bytes=8/nulls=false/limit=1/last=false,candidate,77,7.0,10683115.0,Flat
engine/memory/window_rank/update/16384/domain=16384/bytes=8/nulls=false/limit=1/last=false,candidate,78,7.0,11138377.0,Flat
engine/memory/window_rank/update/16384/domain=16384/bytes=8/nulls=false/limit=1/last=false,candidate,79,7.0,11207503.0,Flat
engine/memory/window_rank/update/16384/domain=16384/bytes=8/nulls=false/limit=1/last=false,candidate,80,7.0,11863092.0,Flat
engine/memory/window_rank/update/16384/domain=16384/bytes=8/nulls=false/limit=1/last=false,candidate,81,7.0,13236384.0,Flat
engine/memory/window_rank/update/16384/domain=16384/bytes=8/nulls=false/limit=1/last=false,candidate,82,7.0,12087467.0,Flat
engine/memory/window_rank/update/16384/domain=16384/bytes=8/nulls=false/limit=1/last=false,candidate,83,7.0,11536508.0,Flat
engine/memory/window_rank/update/16384/domain=16384/bytes=8/nulls=false/limit=1/last=false,candidate,84,7.0,11746163.0,Flat
engine/memory/window_rank/update/16384/domain=16384/bytes=8/nulls=false/limit=1/last=false,candidate,85,7.0,12029341.0,Flat
engine/memory/window_rank/update/16384/domain=16384/bytes=8/nulls=false/limit=1/last=false,candidate,86,7.0,11414634.0,Flat
engine/memory/window_rank/update/16384/domain=16384/bytes=8/nulls=false/limit=1/last=false,candidate,87,7.0,11365024.0,Flat
engine/memory/window_rank/update/16384/domain=16384/bytes=8/nulls=false/limit=1/last=false,candidate,88,7.0,12337304.0,Flat
engine/memory/window_rank/update/16384/domain=16384/bytes=8/nulls=false/limit=1/last=false,candidate,89,7.0,12612763.0,Flat
engine/memory/window_rank/update/16384/domain=16384/bytes=8/nulls=false/limit=1/last=false,candidate,90,7.0,11505383.0,Flat
engine/memory/window_rank/update/16384/domain=16384/bytes=8/nulls=false/limit=1/last=false,candidate,91,7.0,10662126.0,Flat
engine/memory/window_rank/update/16384/domain=16384/bytes=8/nulls=false/limit=1/last=false,candidate,92,7.0,12139768.0,Flat
engine/memory/window_rank/update/16384/domain=16384/bytes=8/nulls=false/limit=1/last=false,candidate,93,7.0,10786305.0,Flat
engine/memory/window_rank/update/16384/domain=16384/bytes=8/nulls=false/limit=1/last=false,candidate,94,7.0,10880639.0,Flat
engine/memory/window_rank/update/16384/domain=16384/bytes=8/nulls=false/limit=1/last=false,candidate,95,7.0,11120381.0,Flat
engine/memory/window_rank/update/16384/domain=16384/bytes=8/nulls=false/limit=1/last=false,candidate,96,7.0,10960206.0,Flat
engine/memory/window_rank/update/16384/domain=16384/bytes=8/nulls=false/limit=1/last=false,candidate,97,7.0,12000291.0,Flat
engine/memory/window_rank/update/16384/domain=16384/bytes=8/nulls=false/limit=1/last=false,candidate,98,7.0,12141308.0,Flat
engine/memory/window_rank/update/16384/domain=16384/bytes=8/nulls=false/limit=1/last=false,candidate,99,7.0,11065268.0,Flat
engine/memory/window_rank/update/16384/domain=8/bytes=264/nulls=false/limit=1/last=false,original,0,11.0,25377261.0,Flat
engine/memory/window_rank/update/16384/domain=8/bytes=264/nulls=false/limit=1/last=false,original,1,11.0,25252825.0,Flat
engine/memory/window_rank/update/16384/domain=8/bytes=264/nulls=false/limit=1/last=false,original,2,11.0,25202046.0,Flat
engine/memory/window_rank/update/16384/domain=8/bytes=264/nulls=false/limit=1/last=false,original,3,11.0,25943898.0,Flat
engine/memory/window_rank/update/16384/domain=8/bytes=264/nulls=false/limit=1/last=false,original,4,11.0,24909978.0,Flat
engine/memory/window_rank/update/16384/domain=8/bytes=264/nulls=false/limit=1/last=false,original,5,11.0,25437596.0,Flat
engine/memory/window_rank/update/16384/domain=8/bytes=264/nulls=false/limit=1/last=false,original,6,11.0,25278405.0,Flat
engine/memory/window_rank/update/16384/domain=8/bytes=264/nulls=false/limit=1/last=false,original,7,11.0,25406131.0,Flat
engine/memory/window_rank/update/16384/domain=8/bytes=264/nulls=false/limit=1/last=false,original,8,11.0,24932312.0,Flat
engine/memory/window_rank/update/16384/domain=8/bytes=264/nulls=false/limit=1/last=false,original,9,11.0,25707099.0,Flat
engine/memory/window_rank/update/16384/domain=8/bytes=264/nulls=false/limit=1/last=false,original,10,11.0,26098227.0,Flat
engine/memory/window_rank/update/16384/domain=8/bytes=264/nulls=false/limit=1/last=false,original,11,11.0,25623864.0,Flat
engine/memory/window_rank/update/16384/domain=8/bytes=264/nulls=false/limit=1/last=false,original,12,11.0,26610118.0,Flat
engine/memory/window_rank/update/16384/domain=8/bytes=264/nulls=false/limit=1/last=false,original,13,11.0,25185750.0,Flat
engine/memory/window_rank/update/16384/domain=8/bytes=264/nulls=false/limit=1/last=false,original,14,11.0,27159248.0,Flat
engine/memory/window_rank/update/16384/domain=8/bytes=264/nulls=false/limit=1/last=false,original,15,11.0,25708974.0,Flat
engine/memory/window_rank/update/16384/domain=8/bytes=264/nulls=false/limit=1/last=false,original,16,11.0,25563095.0,Flat
engine/memory/window_rank/update/16384/domain=8/bytes=264/nulls=false/limit=1/last=false,original,17,11.0,25595059.0,Flat
engine/memory/window_rank/update/16384/domain=8/bytes=264/nulls=false/limit=1/last=false,original,18,11.0,25208934.0,Flat
engine/memory/window_rank/update/16384/domain=8/bytes=264/nulls=false/limit=1/last=false,original,19,11.0,25745349.0,Flat
engine/memory/window_rank/update/16384/domain=8/bytes=264/nulls=false/limit=1/last=false,original,20,11.0,25258539.0,Flat
engine/memory/window_rank/update/16384/domain=8/bytes=264/nulls=false/limit=1/last=false,original,21,11.0,24941836.0,Flat
engine/memory/window_rank/update/16384/domain=8/bytes=264/nulls=false/limit=1/last=false,original,22,11.0,25189814.0,Flat
engine/memory/window_rank/update/16384/domain=8/bytes=264/nulls=false/limit=1/last=false,original,23,11.0,25244900.0,Flat
engine/memory/window_rank/update/16384/domain=8/bytes=264/nulls=false/limit=1/last=false,original,24,11.0,25440506.0,Flat
engine/memory/window_rank/update/16384/domain=8/bytes=264/nulls=false/limit=1/last=false,original,25,11.0,25488170.0,Flat
engine/memory/window_rank/update/16384/domain=8/bytes=264/nulls=false/limit=1/last=false,original,26,11.0,25091450.0,Flat
engine/memory/window_rank/update/16384/domain=8/bytes=264/nulls=false/limit=1/last=false,original,27,11.0,25312333.0,Flat
engine/memory/window_rank/update/16384/domain=8/bytes=264/nulls=false/limit=1/last=false,original,28,11.0,25024349.0,Flat
engine/memory/window_rank/update/16384/domain=8/bytes=264/nulls=false/limit=1/last=false,original,29,11.0,25592329.0,Flat
engine/memory/window_rank/update/16384/domain=8/bytes=264/nulls=false/limit=1/last=false,original,30,11.0,24960845.0,Flat
engine/memory/window_rank/update/16384/domain=8/bytes=264/nulls=false/limit=1/last=false,original,31,11.0,25710640.0,Flat
engine/memory/window_rank/update/16384/domain=8/bytes=264/nulls=false/limit=1/last=false,original,32,11.0,25437516.0,Flat
engine/memory/window_rank/update/16384/domain=8/bytes=264/nulls=false/limit=1/last=false,original,33,11.0,24758691.0,Flat
engine/memory/window_rank/update/16384/domain=8/bytes=264/nulls=false/limit=1/last=false,original,34,11.0,25198074.0,Flat
engine/memory/window_rank/update/16384/domain=8/bytes=264/nulls=false/limit=1/last=false,original,35,11.0,24876773.0,Flat
engine/memory/window_rank/update/16384/domain=8/bytes=264/nulls=false/limit=1/last=false,original,36,11.0,25100306.0,Flat
engine/memory/window_rank/update/16384/domain=8/bytes=264/nulls=false/limit=1/last=false,original,37,11.0,25000752.0,Flat
engine/memory/window_rank/update/16384/domain=8/bytes=264/nulls=false/limit=1/last=false,original,38,11.0,25280450.0,Flat
engine/memory/window_rank/update/16384/domain=8/bytes=264/nulls=false/limit=1/last=false,original,39,11.0,25155093.0,Flat
engine/memory/window_rank/update/16384/domain=8/bytes=264/nulls=false/limit=1/last=false,original,40,11.0,25079252.0,Flat
engine/memory/window_rank/update/16384/domain=8/bytes=264/nulls=false/limit=1/last=false,original,41,11.0,24794336.0,Flat
engine/memory/window_rank/update/16384/domain=8/bytes=264/nulls=false/limit=1/last=false,original,42,11.0,25705593.0,Flat
engine/memory/window_rank/update/16384/domain=8/bytes=264/nulls=false/limit=1/last=false,original,43,11.0,25480767.0,Flat
engine/memory/window_rank/update/16384/domain=8/bytes=264/nulls=false/limit=1/last=false,original,44,11.0,25607418.0,Flat
engine/memory/window_rank/update/16384/domain=8/bytes=264/nulls=false/limit=1/last=false,original,45,11.0,25155912.0,Flat
engine/memory/window_rank/update/16384/domain=8/bytes=264/nulls=false/limit=1/last=false,original,46,11.0,25452981.0,Flat
engine/memory/window_rank/update/16384/domain=8/bytes=264/nulls=false/limit=1/last=false,original,47,11.0,24867372.0,Flat
engine/memory/window_rank/update/16384/domain=8/bytes=264/nulls=false/limit=1/last=false,original,48,11.0,25700810.0,Flat
engine/memory/window_rank/update/16384/domain=8/bytes=264/nulls=false/limit=1/last=false,original,49,11.0,25281351.0,Flat
engine/memory/window_rank/update/16384/domain=8/bytes=264/nulls=false/limit=1/last=false,original,50,11.0,25529825.0,Flat
engine/memory/window_rank/update/16384/domain=8/bytes=264/nulls=false/limit=1/last=false,original,51,11.0,24830560.0,Flat
engine/memory/window_rank/update/16384/domain=8/bytes=264/nulls=false/limit=1/last=false,original,52,11.0,25592716.0,Flat
engine/memory/window_rank/update/16384/domain=8/bytes=264/nulls=false/limit=1/last=false,original,53,11.0,24751409.0,Flat
engine/memory/window_rank/update/16384/domain=8/bytes=264/nulls=false/limit=1/last=false,original,54,11.0,26146047.0,Flat
engine/memory/window_rank/update/16384/domain=8/bytes=264/nulls=false/limit=1/last=false,original,55,11.0,25057691.0,Flat
engine/memory/window_rank/update/16384/domain=8/bytes=264/nulls=false/limit=1/last=false,original,56,11.0,25068518.0,Flat
engine/memory/window_rank/update/16384/domain=8/bytes=264/nulls=false/limit=1/last=false,original,57,11.0,25410167.0,Flat
engine/memory/window_rank/update/16384/domain=8/bytes=264/nulls=false/limit=1/last=false,original,58,11.0,25479785.0,Flat
engine/memory/window_rank/update/16384/domain=8/bytes=264/nulls=false/limit=1/last=false,original,59,11.0,25016662.0,Flat
engine/memory/window_rank/update/16384/domain=8/bytes=264/nulls=false/limit=1/last=false,original,60,11.0,25161023.0,Flat
engine/memory/window_rank/update/16384/domain=8/bytes=264/nulls=false/limit=1/last=false,original,61,11.0,25303450.0,Flat
engine/memory/window_rank/update/16384/domain=8/bytes=264/nulls=false/limit=1/last=false,original,62,11.0,25730927.0,Flat
engine/memory/window_rank/update/16384/domain=8/bytes=264/nulls=false/limit=1/last=false,original,63,11.0,25750696.0,Flat
engine/memory/window_rank/update/16384/domain=8/bytes=264/nulls=false/limit=1/last=false,original,64,11.0,25463322.0,Flat
engine/memory/window_rank/update/16384/domain=8/bytes=264/nulls=false/limit=1/last=false,original,65,11.0,25320271.0,Flat
engine/memory/window_rank/update/16384/domain=8/bytes=264/nulls=false/limit=1/last=false,original,66,11.0,25406741.0,Flat
engine/memory/window_rank/update/16384/domain=8/bytes=264/nulls=false/limit=1/last=false,original,67,11.0,24857596.0,Flat
engine/memory/window_rank/update/16384/domain=8/bytes=264/nulls=false/limit=1/last=false,original,68,11.0,25221969.0,Flat
engine/memory/window_rank/update/16384/domain=8/bytes=264/nulls=false/limit=1/last=false,original,69,11.0,25933057.0,Flat
engine/memory/window_rank/update/16384/domain=8/bytes=264/nulls=false/limit=1/last=false,original,70,11.0,25030046.0,Flat
engine/memory/window_rank/update/16384/domain=8/bytes=264/nulls=false/limit=1/last=false,original,71,11.0,24837136.0,Flat
engine/memory/window_rank/update/16384/domain=8/bytes=264/nulls=false/limit=1/last=false,original,72,11.0,25505749.0,Flat
engine/memory/window_rank/update/16384/domain=8/bytes=264/nulls=false/limit=1/last=false,original,73,11.0,25081027.0,Flat
engine/memory/window_rank/update/16384/domain=8/bytes=264/nulls=false/limit=1/last=false,original,74,11.0,25459075.0,Flat
engine/memory/window_rank/update/16384/domain=8/bytes=264/nulls=false/limit=1/last=false,original,75,11.0,25220077.0,Flat
engine/memory/window_rank/update/16384/domain=8/bytes=264/nulls=false/limit=1/last=false,original,76,11.0,25030926.0,Flat
engine/memory/window_rank/update/16384/domain=8/bytes=264/nulls=false/limit=1/last=false,original,77,11.0,25219940.0,Flat
engine/memory/window_rank/update/16384/domain=8/bytes=264/nulls=false/limit=1/last=false,original,78,11.0,25885586.0,Flat
engine/memory/window_rank/update/16384/domain=8/bytes=264/nulls=false/limit=1/last=false,original,79,11.0,25268036.0,Flat
engine/memory/window_rank/update/16384/domain=8/bytes=264/nulls=false/limit=1/last=false,original,80,11.0,25235554.0,Flat
engine/memory/window_rank/update/16384/domain=8/bytes=264/nulls=false/limit=1/last=false,original,81,11.0,25423739.0,Flat
engine/memory/window_rank/update/16384/domain=8/bytes=264/nulls=false/limit=1/last=false,original,82,11.0,25376021.0,Flat
engine/memory/window_rank/update/16384/domain=8/bytes=264/nulls=false/limit=1/last=false,original,83,11.0,25287054.0,Flat
engine/memory/window_rank/update/16384/domain=8/bytes=264/nulls=false/limit=1/last=false,original,84,11.0,25174355.0,Flat
engine/memory/window_rank/update/16384/domain=8/bytes=264/nulls=false/limit=1/last=false,original,85,11.0,25187608.0,Flat
engine/memory/window_rank/update/16384/domain=8/bytes=264/nulls=false/limit=1/last=false,original,86,11.0,25354492.0,Flat
engine/memory/window_rank/update/16384/domain=8/bytes=264/nulls=false/limit=1/last=false,original,87,11.0,25491547.0,Flat
engine/memory/window_rank/update/16384/domain=8/bytes=264/nulls=false/limit=1/last=false,original,88,11.0,25538805.0,Flat
engine/memory/window_rank/update/16384/domain=8/bytes=264/nulls=false/limit=1/last=false,original,89,11.0,25986760.0,Flat
engine/memory/window_rank/update/16384/domain=8/bytes=264/nulls=false/limit=1/last=false,original,90,11.0,25815025.0,Flat
engine/memory/window_rank/update/16384/domain=8/bytes=264/nulls=false/limit=1/last=false,original,91,11.0,25735334.0,Flat
engine/memory/window_rank/update/16384/domain=8/bytes=264/nulls=false/limit=1/last=false,original,92,11.0,25032652.0,Flat
engine/memory/window_rank/update/16384/domain=8/bytes=264/nulls=false/limit=1/last=false,original,93,11.0,25073138.0,Flat
engine/memory/window_rank/update/16384/domain=8/bytes=264/nulls=false/limit=1/last=false,original,94,11.0,25263404.0,Flat
engine/memory/window_rank/update/16384/domain=8/bytes=264/nulls=false/limit=1/last=false,original,95,11.0,25051300.0,Flat
engine/memory/window_rank/update/16384/domain=8/bytes=264/nulls=false/limit=1/last=false,original,96,11.0,26073517.0,Flat
engine/memory/window_rank/update/16384/domain=8/bytes=264/nulls=false/limit=1/last=false,original,97,11.0,25479371.0,Flat
engine/memory/window_rank/update/16384/domain=8/bytes=264/nulls=false/limit=1/last=false,original,98,11.0,25688403.0,Flat
engine/memory/window_rank/update/16384/domain=8/bytes=264/nulls=false/limit=1/last=false,original,99,11.0,25501457.0,Flat
engine/memory/window_rank/update/16384/domain=8/bytes=264/nulls=false/limit=1/last=false,candidate,0,23.0,25740465.0,Flat
engine/memory/window_rank/update/16384/domain=8/bytes=264/nulls=false/limit=1/last=false,candidate,1,23.0,25600029.0,Flat
engine/memory/window_rank/update/16384/domain=8/bytes=264/nulls=false/limit=1/last=false,candidate,2,23.0,26779095.0,Flat
engine/memory/window_rank/update/16384/domain=8/bytes=264/nulls=false/limit=1/last=false,candidate,3,23.0,25568572.0,Flat
engine/memory/window_rank/update/16384/domain=8/bytes=264/nulls=false/limit=1/last=false,candidate,4,23.0,26089299.0,Flat
engine/memory/window_rank/update/16384/domain=8/bytes=264/nulls=false/limit=1/last=false,candidate,5,23.0,25318862.0,Flat
engine/memory/window_rank/update/16384/domain=8/bytes=264/nulls=false/limit=1/last=false,candidate,6,23.0,25400147.0,Flat
engine/memory/window_rank/update/16384/domain=8/bytes=264/nulls=false/limit=1/last=false,candidate,7,23.0,25535862.0,Flat
engine/memory/window_rank/update/16384/domain=8/bytes=264/nulls=false/limit=1/last=false,candidate,8,23.0,26025372.0,Flat
engine/memory/window_rank/update/16384/domain=8/bytes=264/nulls=false/limit=1/last=false,candidate,9,23.0,25265135.0,Flat
engine/memory/window_rank/update/16384/domain=8/bytes=264/nulls=false/limit=1/last=false,candidate,10,23.0,25959557.0,Flat
engine/memory/window_rank/update/16384/domain=8/bytes=264/nulls=false/limit=1/last=false,candidate,11,23.0,25478306.0,Flat
engine/memory/window_rank/update/16384/domain=8/bytes=264/nulls=false/limit=1/last=false,candidate,12,23.0,26333540.0,Flat
engine/memory/window_rank/update/16384/domain=8/bytes=264/nulls=false/limit=1/last=false,candidate,13,23.0,25420687.0,Flat
engine/memory/window_rank/update/16384/domain=8/bytes=264/nulls=false/limit=1/last=false,candidate,14,23.0,25471875.0,Flat
engine/memory/window_rank/update/16384/domain=8/bytes=264/nulls=false/limit=1/last=false,candidate,15,23.0,25142179.0,Flat
engine/memory/window_rank/update/16384/domain=8/bytes=264/nulls=false/limit=1/last=false,candidate,16,23.0,25454498.0,Flat
engine/memory/window_rank/update/16384/domain=8/bytes=264/nulls=false/limit=1/last=false,candidate,17,23.0,25261849.0,Flat
engine/memory/window_rank/update/16384/domain=8/bytes=264/nulls=false/limit=1/last=false,candidate,18,23.0,25975286.0,Flat
engine/memory/window_rank/update/16384/domain=8/bytes=264/nulls=false/limit=1/last=false,candidate,19,23.0,25555440.0,Flat
engine/memory/window_rank/update/16384/domain=8/bytes=264/nulls=false/limit=1/last=false,candidate,20,23.0,25880814.0,Flat
engine/memory/window_rank/update/16384/domain=8/bytes=264/nulls=false/limit=1/last=false,candidate,21,23.0,25634873.0,Flat
engine/memory/window_rank/update/16384/domain=8/bytes=264/nulls=false/limit=1/last=false,candidate,22,23.0,26176390.0,Flat
engine/memory/window_rank/update/16384/domain=8/bytes=264/nulls=false/limit=1/last=false,candidate,23,23.0,26120320.0,Flat
engine/memory/window_rank/update/16384/domain=8/bytes=264/nulls=false/limit=1/last=false,candidate,24,23.0,25750404.0,Flat
engine/memory/window_rank/update/16384/domain=8/bytes=264/nulls=false/limit=1/last=false,candidate,25,23.0,25994814.0,Flat
engine/memory/window_rank/update/16384/domain=8/bytes=264/nulls=false/limit=1/last=false,candidate,26,23.0,25552116.0,Flat
engine/memory/window_rank/update/16384/domain=8/bytes=264/nulls=false/limit=1/last=false,candidate,27,23.0,26037055.0,Flat
engine/memory/window_rank/update/16384/domain=8/bytes=264/nulls=false/limit=1/last=false,candidate,28,23.0,25888298.0,Flat
engine/memory/window_rank/update/16384/domain=8/bytes=264/nulls=false/limit=1/last=false,candidate,29,23.0,25975097.0,Flat
engine/memory/window_rank/update/16384/domain=8/bytes=264/nulls=false/limit=1/last=false,candidate,30,23.0,25358888.0,Flat
engine/memory/window_rank/update/16384/domain=8/bytes=264/nulls=false/limit=1/last=false,candidate,31,23.0,26730394.0,Flat
engine/memory/window_rank/update/16384/domain=8/bytes=264/nulls=false/limit=1/last=false,candidate,32,23.0,25468644.0,Flat
engine/memory/window_rank/update/16384/domain=8/bytes=264/nulls=false/limit=1/last=false,candidate,33,23.0,26211346.0,Flat
engine/memory/window_rank/update/16384/domain=8/bytes=264/nulls=false/limit=1/last=false,candidate,34,23.0,25992369.0,Flat
engine/memory/window_rank/update/16384/domain=8/bytes=264/nulls=false/limit=1/last=false,candidate,35,23.0,27471892.0,Flat
engine/memory/window_rank/update/16384/domain=8/bytes=264/nulls=false/limit=1/last=false,candidate,36,23.0,25820274.0,Flat
engine/memory/window_rank/update/16384/domain=8/bytes=264/nulls=false/limit=1/last=false,candidate,37,23.0,27587135.0,Flat
engine/memory/window_rank/update/16384/domain=8/bytes=264/nulls=false/limit=1/last=false,candidate,38,23.0,25778915.0,Flat
engine/memory/window_rank/update/16384/domain=8/bytes=264/nulls=false/limit=1/last=false,candidate,39,23.0,25566890.0,Flat
engine/memory/window_rank/update/16384/domain=8/bytes=264/nulls=false/limit=1/last=false,candidate,40,23.0,25554067.0,Flat
engine/memory/window_rank/update/16384/domain=8/bytes=264/nulls=false/limit=1/last=false,candidate,41,23.0,26984887.0,Flat
engine/memory/window_rank/update/16384/domain=8/bytes=264/nulls=false/limit=1/last=false,candidate,42,23.0,25670004.0,Flat
engine/memory/window_rank/update/16384/domain=8/bytes=264/nulls=false/limit=1/last=false,candidate,43,23.0,26014036.0,Flat
engine/memory/window_rank/update/16384/domain=8/bytes=264/nulls=false/limit=1/last=false,candidate,44,23.0,25655776.0,Flat
engine/memory/window_rank/update/16384/domain=8/bytes=264/nulls=false/limit=1/last=false,candidate,45,23.0,25790067.0,Flat
engine/memory/window_rank/update/16384/domain=8/bytes=264/nulls=false/limit=1/last=false,candidate,46,23.0,25452499.0,Flat
engine/memory/window_rank/update/16384/domain=8/bytes=264/nulls=false/limit=1/last=false,candidate,47,23.0,25251053.0,Flat
engine/memory/window_rank/update/16384/domain=8/bytes=264/nulls=false/limit=1/last=false,candidate,48,23.0,26088036.0,Flat
engine/memory/window_rank/update/16384/domain=8/bytes=264/nulls=false/limit=1/last=false,candidate,49,23.0,25518769.0,Flat
engine/memory/window_rank/update/16384/domain=8/bytes=264/nulls=false/limit=1/last=false,candidate,50,23.0,25813106.0,Flat
engine/memory/window_rank/update/16384/domain=8/bytes=264/nulls=false/limit=1/last=false,candidate,51,23.0,25564587.0,Flat
engine/memory/window_rank/update/16384/domain=8/bytes=264/nulls=false/limit=1/last=false,candidate,52,23.0,26290498.0,Flat
engine/memory/window_rank/update/16384/domain=8/bytes=264/nulls=false/limit=1/last=false,candidate,53,23.0,25849503.0,Flat
engine/memory/window_rank/update/16384/domain=8/bytes=264/nulls=false/limit=1/last=false,candidate,54,23.0,27018457.0,Flat
engine/memory/window_rank/update/16384/domain=8/bytes=264/nulls=false/limit=1/last=false,candidate,55,23.0,25405113.0,Flat
engine/memory/window_rank/update/16384/domain=8/bytes=264/nulls=false/limit=1/last=false,candidate,56,23.0,25966101.0,Flat
engine/memory/window_rank/update/16384/domain=8/bytes=264/nulls=false/limit=1/last=false,candidate,57,23.0,25483084.0,Flat
engine/memory/window_rank/update/16384/domain=8/bytes=264/nulls=false/limit=1/last=false,candidate,58,23.0,26179522.0,Flat
engine/memory/window_rank/update/16384/domain=8/bytes=264/nulls=false/limit=1/last=false,candidate,59,23.0,25740970.0,Flat
engine/memory/window_rank/update/16384/domain=8/bytes=264/nulls=false/limit=1/last=false,candidate,60,23.0,25829774.0,Flat
engine/memory/window_rank/update/16384/domain=8/bytes=264/nulls=false/limit=1/last=false,candidate,61,23.0,25352791.0,Flat
engine/memory/window_rank/update/16384/domain=8/bytes=264/nulls=false/limit=1/last=false,candidate,62,23.0,25353719.0,Flat
engine/memory/window_rank/update/16384/domain=8/bytes=264/nulls=false/limit=1/last=false,candidate,63,23.0,25624363.0,Flat
engine/memory/window_rank/update/16384/domain=8/bytes=264/nulls=false/limit=1/last=false,candidate,64,23.0,25857590.0,Flat
engine/memory/window_rank/update/16384/domain=8/bytes=264/nulls=false/limit=1/last=false,candidate,65,23.0,27224501.0,Flat
engine/memory/window_rank/update/16384/domain=8/bytes=264/nulls=false/limit=1/last=false,candidate,66,23.0,25330535.0,Flat
engine/memory/window_rank/update/16384/domain=8/bytes=264/nulls=false/limit=1/last=false,candidate,67,23.0,25557872.0,Flat
engine/memory/window_rank/update/16384/domain=8/bytes=264/nulls=false/limit=1/last=false,candidate,68,23.0,25609044.0,Flat
engine/memory/window_rank/update/16384/domain=8/bytes=264/nulls=false/limit=1/last=false,candidate,69,23.0,25534291.0,Flat
engine/memory/window_rank/update/16384/domain=8/bytes=264/nulls=false/limit=1/last=false,candidate,70,23.0,25715212.0,Flat
engine/memory/window_rank/update/16384/domain=8/bytes=264/nulls=false/limit=1/last=false,candidate,71,23.0,26560427.0,Flat
engine/memory/window_rank/update/16384/domain=8/bytes=264/nulls=false/limit=1/last=false,candidate,72,23.0,25775810.0,Flat
engine/memory/window_rank/update/16384/domain=8/bytes=264/nulls=false/limit=1/last=false,candidate,73,23.0,25798006.0,Flat
engine/memory/window_rank/update/16384/domain=8/bytes=264/nulls=false/limit=1/last=false,candidate,74,23.0,25792697.0,Flat
engine/memory/window_rank/update/16384/domain=8/bytes=264/nulls=false/limit=1/last=false,candidate,75,23.0,25591656.0,Flat
engine/memory/window_rank/update/16384/domain=8/bytes=264/nulls=false/limit=1/last=false,candidate,76,23.0,26029412.0,Flat
engine/memory/window_rank/update/16384/domain=8/bytes=264/nulls=false/limit=1/last=false,candidate,77,23.0,25337638.0,Flat
engine/memory/window_rank/update/16384/domain=8/bytes=264/nulls=false/limit=1/last=false,candidate,78,23.0,25984595.0,Flat
engine/memory/window_rank/update/16384/domain=8/bytes=264/nulls=false/limit=1/last=false,candidate,79,23.0,25902447.0,Flat
engine/memory/window_rank/update/16384/domain=8/bytes=264/nulls=false/limit=1/last=false,candidate,80,23.0,25989006.0,Flat
engine/memory/window_rank/update/16384/domain=8/bytes=264/nulls=false/limit=1/last=false,candidate,81,23.0,25570931.0,Flat
engine/memory/window_rank/update/16384/domain=8/bytes=264/nulls=false/limit=1/last=false,candidate,82,23.0,25623505.0,Flat
engine/memory/window_rank/update/16384/domain=8/bytes=264/nulls=false/limit=1/last=false,candidate,83,23.0,25244024.0,Flat
engine/memory/window_rank/update/16384/domain=8/bytes=264/nulls=false/limit=1/last=false,candidate,84,23.0,25405206.0,Flat
engine/memory/window_rank/update/16384/domain=8/bytes=264/nulls=false/limit=1/last=false,candidate,85,23.0,25499815.0,Flat
engine/memory/window_rank/update/16384/domain=8/bytes=264/nulls=false/limit=1/last=false,candidate,86,23.0,25796389.0,Flat
engine/memory/window_rank/update/16384/domain=8/bytes=264/nulls=false/limit=1/last=false,candidate,87,23.0,25838902.0,Flat
engine/memory/window_rank/update/16384/domain=8/bytes=264/nulls=false/limit=1/last=false,candidate,88,23.0,25448778.0,Flat
engine/memory/window_rank/update/16384/domain=8/bytes=264/nulls=false/limit=1/last=false,candidate,89,23.0,26798463.0,Flat
engine/memory/window_rank/update/16384/domain=8/bytes=264/nulls=false/limit=1/last=false,candidate,90,23.0,26442165.0,Flat
engine/memory/window_rank/update/16384/domain=8/bytes=264/nulls=false/limit=1/last=false,candidate,91,23.0,26463694.0,Flat
engine/memory/window_rank/update/16384/domain=8/bytes=264/nulls=false/limit=1/last=false,candidate,92,23.0,25663399.0,Flat
engine/memory/window_rank/update/16384/domain=8/bytes=264/nulls=false/limit=1/last=false,candidate,93,23.0,25712774.0,Flat
engine/memory/window_rank/update/16384/domain=8/bytes=264/nulls=false/limit=1/last=false,candidate,94,23.0,25472702.0,Flat
engine/memory/window_rank/update/16384/domain=8/bytes=264/nulls=false/limit=1/last=false,candidate,95,23.0,25484891.0,Flat
engine/memory/window_rank/update/16384/domain=8/bytes=264/nulls=false/limit=1/last=false,candidate,96,23.0,25397539.0,Flat
engine/memory/window_rank/update/16384/domain=8/bytes=264/nulls=false/limit=1/last=false,candidate,97,23.0,25574340.0,Flat
engine/memory/window_rank/update/16384/domain=8/bytes=264/nulls=false/limit=1/last=false,candidate,98,23.0,26270127.0,Flat
engine/memory/window_rank/update/16384/domain=8/bytes=264/nulls=false/limit=1/last=false,candidate,99,23.0,25762232.0,Flat
engine/memory/window_rank/update/16384/domain=8/bytes=264/nulls=false/limit=1/last=true,original,0,11.0,27213430.0,Flat
engine/memory/window_rank/update/16384/domain=8/bytes=264/nulls=false/limit=1/last=true,original,1,11.0,27005837.0,Flat
engine/memory/window_rank/update/16384/domain=8/bytes=264/nulls=false/limit=1/last=true,original,2,11.0,26598672.0,Flat
engine/memory/window_rank/update/16384/domain=8/bytes=264/nulls=false/limit=1/last=true,original,3,11.0,26849471.0,Flat
engine/memory/window_rank/update/16384/domain=8/bytes=264/nulls=false/limit=1/last=true,original,4,11.0,26426623.0,Flat
engine/memory/window_rank/update/16384/domain=8/bytes=264/nulls=false/limit=1/last=true,original,5,11.0,26281010.0,Flat
engine/memory/window_rank/update/16384/domain=8/bytes=264/nulls=false/limit=1/last=true,original,6,11.0,26423128.0,Flat
engine/memory/window_rank/update/16384/domain=8/bytes=264/nulls=false/limit=1/last=true,original,7,11.0,26700416.0,Flat
engine/memory/window_rank/update/16384/domain=8/bytes=264/nulls=false/limit=1/last=true,original,8,11.0,27261904.0,Flat
engine/memory/window_rank/update/16384/domain=8/bytes=264/nulls=false/limit=1/last=true,original,9,11.0,27131985.0,Flat
engine/memory/window_rank/update/16384/domain=8/bytes=264/nulls=false/limit=1/last=true,original,10,11.0,26296369.0,Flat
engine/memory/window_rank/update/16384/domain=8/bytes=264/nulls=false/limit=1/last=true,original,11,11.0,26891285.0,Flat
engine/memory/window_rank/update/16384/domain=8/bytes=264/nulls=false/limit=1/last=true,original,12,11.0,26937587.0,Flat
engine/memory/window_rank/update/16384/domain=8/bytes=264/nulls=false/limit=1/last=true,original,13,11.0,26744377.0,Flat
engine/memory/window_rank/update/16384/domain=8/bytes=264/nulls=false/limit=1/last=true,original,14,11.0,26283625.0,Flat
engine/memory/window_rank/update/16384/domain=8/bytes=264/nulls=false/limit=1/last=true,original,15,11.0,26751828.0,Flat
engine/memory/window_rank/update/16384/domain=8/bytes=264/nulls=false/limit=1/last=true,original,16,11.0,27025582.0,Flat
engine/memory/window_rank/update/16384/domain=8/bytes=264/nulls=false/limit=1/last=true,original,17,11.0,27461865.0,Flat
engine/memory/window_rank/update/16384/domain=8/bytes=264/nulls=false/limit=1/last=true,original,18,11.0,27405962.0,Flat
engine/memory/window_rank/update/16384/domain=8/bytes=264/nulls=false/limit=1/last=true,original,19,11.0,27502311.0,Flat
engine/memory/window_rank/update/16384/domain=8/bytes=264/nulls=false/limit=1/last=true,original,20,11.0,26408523.0,Flat
engine/memory/window_rank/update/16384/domain=8/bytes=264/nulls=false/limit=1/last=true,original,21,11.0,26185164.0,Flat
engine/memory/window_rank/update/16384/domain=8/bytes=264/nulls=false/limit=1/last=true,original,22,11.0,26427344.0,Flat
engine/memory/window_rank/update/16384/domain=8/bytes=264/nulls=false/limit=1/last=true,original,23,11.0,26717079.0,Flat
engine/memory/window_rank/update/16384/domain=8/bytes=264/nulls=false/limit=1/last=true,original,24,11.0,26375428.0,Flat
engine/memory/window_rank/update/16384/domain=8/bytes=264/nulls=false/limit=1/last=true,original,25,11.0,26320997.0,Flat
engine/memory/window_rank/update/16384/domain=8/bytes=264/nulls=false/limit=1/last=true,original,26,11.0,26979395.0,Flat
engine/memory/window_rank/update/16384/domain=8/bytes=264/nulls=false/limit=1/last=true,original,27,11.0,26553556.0,Flat
engine/memory/window_rank/update/16384/domain=8/bytes=264/nulls=false/limit=1/last=true,original,28,11.0,26434103.0,Flat
engine/memory/window_rank/update/16384/domain=8/bytes=264/nulls=false/limit=1/last=true,original,29,11.0,26226118.0,Flat
engine/memory/window_rank/update/16384/domain=8/bytes=264/nulls=false/limit=1/last=true,original,30,11.0,26503369.0,Flat
engine/memory/window_rank/update/16384/domain=8/bytes=264/nulls=false/limit=1/last=true,original,31,11.0,26617938.0,Flat
engine/memory/window_rank/update/16384/domain=8/bytes=264/nulls=false/limit=1/last=true,original,32,11.0,26418911.0,Flat
engine/memory/window_rank/update/16384/domain=8/bytes=264/nulls=false/limit=1/last=true,original,33,11.0,26915069.0,Flat
engine/memory/window_rank/update/16384/domain=8/bytes=264/nulls=false/limit=1/last=true,original,34,11.0,26350218.0,Flat
engine/memory/window_rank/update/16384/domain=8/bytes=264/nulls=false/limit=1/last=true,original,35,11.0,27117192.0,Flat
engine/memory/window_rank/update/16384/domain=8/bytes=264/nulls=false/limit=1/last=true,original,36,11.0,26464989.0,Flat
engine/memory/window_rank/update/16384/domain=8/bytes=264/nulls=false/limit=1/last=true,original,37,11.0,27786284.0,Flat
engine/memory/window_rank/update/16384/domain=8/bytes=264/nulls=false/limit=1/last=true,original,38,11.0,26638121.0,Flat
engine/memory/window_rank/update/16384/domain=8/bytes=264/nulls=false/limit=1/last=true,original,39,11.0,26150737.0,Flat
engine/memory/window_rank/update/16384/domain=8/bytes=264/nulls=false/limit=1/last=true,original,40,11.0,28564767.0,Flat
engine/memory/window_rank/update/16384/domain=8/bytes=264/nulls=false/limit=1/last=true,original,41,11.0,26583908.0,Flat
engine/memory/window_rank/update/16384/domain=8/bytes=264/nulls=false/limit=1/last=true,original,42,11.0,27043325.0,Flat
engine/memory/window_rank/update/16384/domain=8/bytes=264/nulls=false/limit=1/last=true,original,43,11.0,26246501.0,Flat
engine/memory/window_rank/update/16384/domain=8/bytes=264/nulls=false/limit=1/last=true,original,44,11.0,26321165.0,Flat
engine/memory/window_rank/update/16384/domain=8/bytes=264/nulls=false/limit=1/last=true,original,45,11.0,26799304.0,Flat
engine/memory/window_rank/update/16384/domain=8/bytes=264/nulls=false/limit=1/last=true,original,46,11.0,26717935.0,Flat
engine/memory/window_rank/update/16384/domain=8/bytes=264/nulls=false/limit=1/last=true,original,47,11.0,26369256.0,Flat
engine/memory/window_rank/update/16384/domain=8/bytes=264/nulls=false/limit=1/last=true,original,48,11.0,26523965.0,Flat
engine/memory/window_rank/update/16384/domain=8/bytes=264/nulls=false/limit=1/last=true,original,49,11.0,26653331.0,Flat
engine/memory/window_rank/update/16384/domain=8/bytes=264/nulls=false/limit=1/last=true,original,50,11.0,27437218.0,Flat
engine/memory/window_rank/update/16384/domain=8/bytes=264/nulls=false/limit=1/last=true,original,51,11.0,26479696.0,Flat
engine/memory/window_rank/update/16384/domain=8/bytes=264/nulls=false/limit=1/last=true,original,52,11.0,27038489.0,Flat
engine/memory/window_rank/update/16384/domain=8/bytes=264/nulls=false/limit=1/last=true,original,53,11.0,26277697.0,Flat
engine/memory/window_rank/update/16384/domain=8/bytes=264/nulls=false/limit=1/last=true,original,54,11.0,28757654.0,Flat
engine/memory/window_rank/update/16384/domain=8/bytes=264/nulls=false/limit=1/last=true,original,55,11.0,26683782.0,Flat
engine/memory/window_rank/update/16384/domain=8/bytes=264/nulls=false/limit=1/last=true,original,56,11.0,28581793.0,Flat
engine/memory/window_rank/update/16384/domain=8/bytes=264/nulls=false/limit=1/last=true,original,57,11.0,26311620.0,Flat
engine/memory/window_rank/update/16384/domain=8/bytes=264/nulls=false/limit=1/last=true,original,58,11.0,26400556.0,Flat
engine/memory/window_rank/update/16384/domain=8/bytes=264/nulls=false/limit=1/last=true,original,59,11.0,26584125.0,Flat
engine/memory/window_rank/update/16384/domain=8/bytes=264/nulls=false/limit=1/last=true,original,60,11.0,26556805.0,Flat
engine/memory/window_rank/update/16384/domain=8/bytes=264/nulls=false/limit=1/last=true,original,61,11.0,28099398.0,Flat
engine/memory/window_rank/update/16384/domain=8/bytes=264/nulls=false/limit=1/last=true,original,62,11.0,26233385.0,Flat
engine/memory/window_rank/update/16384/domain=8/bytes=264/nulls=false/limit=1/last=true,original,63,11.0,27212550.0,Flat
engine/memory/window_rank/update/16384/domain=8/bytes=264/nulls=false/limit=1/last=true,original,64,11.0,26441949.0,Flat
engine/memory/window_rank/update/16384/domain=8/bytes=264/nulls=false/limit=1/last=true,original,65,11.0,26477439.0,Flat
engine/memory/window_rank/update/16384/domain=8/bytes=264/nulls=false/limit=1/last=true,original,66,11.0,26563479.0,Flat
engine/memory/window_rank/update/16384/domain=8/bytes=264/nulls=false/limit=1/last=true,original,67,11.0,26639098.0,Flat
engine/memory/window_rank/update/16384/domain=8/bytes=264/nulls=false/limit=1/last=true,original,68,11.0,26012601.0,Flat
engine/memory/window_rank/update/16384/domain=8/bytes=264/nulls=false/limit=1/last=true,original,69,11.0,26445947.0,Flat
engine/memory/window_rank/update/16384/domain=8/bytes=264/nulls=false/limit=1/last=true,original,70,11.0,27292135.0,Flat
engine/memory/window_rank/update/16384/domain=8/bytes=264/nulls=false/limit=1/last=true,original,71,11.0,25860635.0,Flat
engine/memory/window_rank/update/16384/domain=8/bytes=264/nulls=false/limit=1/last=true,original,72,11.0,26753639.0,Flat
engine/memory/window_rank/update/16384/domain=8/bytes=264/nulls=false/limit=1/last=true,original,73,11.0,26296485.0,Flat
engine/memory/window_rank/update/16384/domain=8/bytes=264/nulls=false/limit=1/last=true,original,74,11.0,26639108.0,Flat
engine/memory/window_rank/update/16384/domain=8/bytes=264/nulls=false/limit=1/last=true,original,75,11.0,27556128.0,Flat
engine/memory/window_rank/update/16384/domain=8/bytes=264/nulls=false/limit=1/last=true,original,76,11.0,26474729.0,Flat
engine/memory/window_rank/update/16384/domain=8/bytes=264/nulls=false/limit=1/last=true,original,77,11.0,27398017.0,Flat
engine/memory/window_rank/update/16384/domain=8/bytes=264/nulls=false/limit=1/last=true,original,78,11.0,27997107.0,Flat
engine/memory/window_rank/update/16384/domain=8/bytes=264/nulls=false/limit=1/last=true,original,79,11.0,26932383.0,Flat
engine/memory/window_rank/update/16384/domain=8/bytes=264/nulls=false/limit=1/last=true,original,80,11.0,27091895.0,Flat
engine/memory/window_rank/update/16384/domain=8/bytes=264/nulls=false/limit=1/last=true,original,81,11.0,26054928.0,Flat
engine/memory/window_rank/update/16384/domain=8/bytes=264/nulls=false/limit=1/last=true,original,82,11.0,26870314.0,Flat
engine/memory/window_rank/update/16384/domain=8/bytes=264/nulls=false/limit=1/last=true,original,83,11.0,26128569.0,Flat
engine/memory/window_rank/update/16384/domain=8/bytes=264/nulls=false/limit=1/last=true,original,84,11.0,26717849.0,Flat
engine/memory/window_rank/update/16384/domain=8/bytes=264/nulls=false/limit=1/last=true,original,85,11.0,26096914.0,Flat
engine/memory/window_rank/update/16384/domain=8/bytes=264/nulls=false/limit=1/last=true,original,86,11.0,29066116.0,Flat
engine/memory/window_rank/update/16384/domain=8/bytes=264/nulls=false/limit=1/last=true,original,87,11.0,26848030.0,Flat
engine/memory/window_rank/update/16384/domain=8/bytes=264/nulls=false/limit=1/last=true,original,88,11.0,26808850.0,Flat
engine/memory/window_rank/update/16384/domain=8/bytes=264/nulls=false/limit=1/last=true,original,89,11.0,26920765.0,Flat
engine/memory/window_rank/update/16384/domain=8/bytes=264/nulls=false/limit=1/last=true,original,90,11.0,26467448.0,Flat
engine/memory/window_rank/update/16384/domain=8/bytes=264/nulls=false/limit=1/last=true,original,91,11.0,26302762.0,Flat
engine/memory/window_rank/update/16384/domain=8/bytes=264/nulls=false/limit=1/last=true,original,92,11.0,26288728.0,Flat
engine/memory/window_rank/update/16384/domain=8/bytes=264/nulls=false/limit=1/last=true,original,93,11.0,27406394.0,Flat
engine/memory/window_rank/update/16384/domain=8/bytes=264/nulls=false/limit=1/last=true,original,94,11.0,26907670.0,Flat
engine/memory/window_rank/update/16384/domain=8/bytes=264/nulls=false/limit=1/last=true,original,95,11.0,26807845.0,Flat
engine/memory/window_rank/update/16384/domain=8/bytes=264/nulls=false/limit=1/last=true,original,96,11.0,28143520.0,Flat
engine/memory/window_rank/update/16384/domain=8/bytes=264/nulls=false/limit=1/last=true,original,97,11.0,26860274.0,Flat
engine/memory/window_rank/update/16384/domain=8/bytes=264/nulls=false/limit=1/last=true,original,98,11.0,28153540.0,Flat
engine/memory/window_rank/update/16384/domain=8/bytes=264/nulls=false/limit=1/last=true,original,99,11.0,26762355.0,Flat
engine/memory/window_rank/update/16384/domain=8/bytes=264/nulls=false/limit=1/last=true,candidate,0,17.0,25668779.0,Flat
engine/memory/window_rank/update/16384/domain=8/bytes=264/nulls=false/limit=1/last=true,candidate,1,17.0,27683122.0,Flat
engine/memory/window_rank/update/16384/domain=8/bytes=264/nulls=false/limit=1/last=true,candidate,2,17.0,25344112.0,Flat
engine/memory/window_rank/update/16384/domain=8/bytes=264/nulls=false/limit=1/last=true,candidate,3,17.0,26275230.0,Flat
engine/memory/window_rank/update/16384/domain=8/bytes=264/nulls=false/limit=1/last=true,candidate,4,17.0,25665689.0,Flat
engine/memory/window_rank/update/16384/domain=8/bytes=264/nulls=false/limit=1/last=true,candidate,5,17.0,25527083.0,Flat
engine/memory/window_rank/update/16384/domain=8/bytes=264/nulls=false/limit=1/last=true,candidate,6,17.0,25813306.0,Flat
engine/memory/window_rank/update/16384/domain=8/bytes=264/nulls=false/limit=1/last=true,candidate,7,17.0,25998859.0,Flat
engine/memory/window_rank/update/16384/domain=8/bytes=264/nulls=false/limit=1/last=true,candidate,8,17.0,26151483.0,Flat
engine/memory/window_rank/update/16384/domain=8/bytes=264/nulls=false/limit=1/last=true,candidate,9,17.0,26502255.0,Flat
engine/memory/window_rank/update/16384/domain=8/bytes=264/nulls=false/limit=1/last=true,candidate,10,17.0,26140780.0,Flat
engine/memory/window_rank/update/16384/domain=8/bytes=264/nulls=false/limit=1/last=true,candidate,11,17.0,27163075.0,Flat
engine/memory/window_rank/update/16384/domain=8/bytes=264/nulls=false/limit=1/last=true,candidate,12,17.0,27780899.0,Flat
engine/memory/window_rank/update/16384/domain=8/bytes=264/nulls=false/limit=1/last=true,candidate,13,17.0,25525259.0,Flat
engine/memory/window_rank/update/16384/domain=8/bytes=264/nulls=false/limit=1/last=true,candidate,14,17.0,26318826.0,Flat
engine/memory/window_rank/update/16384/domain=8/bytes=264/nulls=false/limit=1/last=true,candidate,15,17.0,25340941.0,Flat
engine/memory/window_rank/update/16384/domain=8/bytes=264/nulls=false/limit=1/last=true,candidate,16,17.0,26138872.0,Flat
engine/memory/window_rank/update/16384/domain=8/bytes=264/nulls=false/limit=1/last=true,candidate,17,17.0,26055204.0,Flat
engine/memory/window_rank/update/16384/domain=8/bytes=264/nulls=false/limit=1/last=true,candidate,18,17.0,26395191.0,Flat
engine/memory/window_rank/update/16384/domain=8/bytes=264/nulls=false/limit=1/last=true,candidate,19,17.0,28382092.0,Flat
engine/memory/window_rank/update/16384/domain=8/bytes=264/nulls=false/limit=1/last=true,candidate,20,17.0,26355724.0,Flat
engine/memory/window_rank/update/16384/domain=8/bytes=264/nulls=false/limit=1/last=true,candidate,21,17.0,25871142.0,Flat
engine/memory/window_rank/update/16384/domain=8/bytes=264/nulls=false/limit=1/last=true,candidate,22,17.0,26300198.0,Flat
engine/memory/window_rank/update/16384/domain=8/bytes=264/nulls=false/limit=1/last=true,candidate,23,17.0,26237430.0,Flat
engine/memory/window_rank/update/16384/domain=8/bytes=264/nulls=false/limit=1/last=true,candidate,24,17.0,26158539.0,Flat
engine/memory/window_rank/update/16384/domain=8/bytes=264/nulls=false/limit=1/last=true,candidate,25,17.0,26317503.0,Flat
engine/memory/window_rank/update/16384/domain=8/bytes=264/nulls=false/limit=1/last=true,candidate,26,17.0,26285532.0,Flat
engine/memory/window_rank/update/16384/domain=8/bytes=264/nulls=false/limit=1/last=true,candidate,27,17.0,25946261.0,Flat
engine/memory/window_rank/update/16384/domain=8/bytes=264/nulls=false/limit=1/last=true,candidate,28,17.0,28583010.0,Flat
engine/memory/window_rank/update/16384/domain=8/bytes=264/nulls=false/limit=1/last=true,candidate,29,17.0,25941775.0,Flat
engine/memory/window_rank/update/16384/domain=8/bytes=264/nulls=false/limit=1/last=true,candidate,30,17.0,26423348.0,Flat
engine/memory/window_rank/update/16384/domain=8/bytes=264/nulls=false/limit=1/last=true,candidate,31,17.0,25694700.0,Flat
engine/memory/window_rank/update/16384/domain=8/bytes=264/nulls=false/limit=1/last=true,candidate,32,17.0,26216531.0,Flat
engine/memory/window_rank/update/16384/domain=8/bytes=264/nulls=false/limit=1/last=true,candidate,33,17.0,25816428.0,Flat
engine/memory/window_rank/update/16384/domain=8/bytes=264/nulls=false/limit=1/last=true,candidate,34,17.0,25976446.0,Flat
engine/memory/window_rank/update/16384/domain=8/bytes=264/nulls=false/limit=1/last=true,candidate,35,17.0,25305778.0,Flat
engine/memory/window_rank/update/16384/domain=8/bytes=264/nulls=false/limit=1/last=true,candidate,36,17.0,27126650.0,Flat
engine/memory/window_rank/update/16384/domain=8/bytes=264/nulls=false/limit=1/last=true,candidate,37,17.0,25808970.0,Flat
engine/memory/window_rank/update/16384/domain=8/bytes=264/nulls=false/limit=1/last=true,candidate,38,17.0,26176306.0,Flat
engine/memory/window_rank/update/16384/domain=8/bytes=264/nulls=false/limit=1/last=true,candidate,39,17.0,26344110.0,Flat
engine/memory/window_rank/update/16384/domain=8/bytes=264/nulls=false/limit=1/last=true,candidate,40,17.0,25776284.0,Flat
engine/memory/window_rank/update/16384/domain=8/bytes=264/nulls=false/limit=1/last=true,candidate,41,17.0,25596416.0,Flat
engine/memory/window_rank/update/16384/domain=8/bytes=264/nulls=false/limit=1/last=true,candidate,42,17.0,25569757.0,Flat
engine/memory/window_rank/update/16384/domain=8/bytes=264/nulls=false/limit=1/last=true,candidate,43,17.0,25572543.0,Flat
engine/memory/window_rank/update/16384/domain=8/bytes=264/nulls=false/limit=1/last=true,candidate,44,17.0,25747116.0,Flat
engine/memory/window_rank/update/16384/domain=8/bytes=264/nulls=false/limit=1/last=true,candidate,45,17.0,25946683.0,Flat
engine/memory/window_rank/update/16384/domain=8/bytes=264/nulls=false/limit=1/last=true,candidate,46,17.0,26097009.0,Flat
engine/memory/window_rank/update/16384/domain=8/bytes=264/nulls=false/limit=1/last=true,candidate,47,17.0,26803118.0,Flat
engine/memory/window_rank/update/16384/domain=8/bytes=264/nulls=false/limit=1/last=true,candidate,48,17.0,26066329.0,Flat
engine/memory/window_rank/update/16384/domain=8/bytes=264/nulls=false/limit=1/last=true,candidate,49,17.0,25636398.0,Flat
engine/memory/window_rank/update/16384/domain=8/bytes=264/nulls=false/limit=1/last=true,candidate,50,17.0,26265136.0,Flat
engine/memory/window_rank/update/16384/domain=8/bytes=264/nulls=false/limit=1/last=true,candidate,51,17.0,25645902.0,Flat
engine/memory/window_rank/update/16384/domain=8/bytes=264/nulls=false/limit=1/last=true,candidate,52,17.0,25316399.0,Flat
engine/memory/window_rank/update/16384/domain=8/bytes=264/nulls=false/limit=1/last=true,candidate,53,17.0,25372874.0,Flat
engine/memory/window_rank/update/16384/domain=8/bytes=264/nulls=false/limit=1/last=true,candidate,54,17.0,26003775.0,Flat
engine/memory/window_rank/update/16384/domain=8/bytes=264/nulls=false/limit=1/last=true,candidate,55,17.0,25669358.0,Flat
engine/memory/window_rank/update/16384/domain=8/bytes=264/nulls=false/limit=1/last=true,candidate,56,17.0,26227613.0,Flat
engine/memory/window_rank/update/16384/domain=8/bytes=264/nulls=false/limit=1/last=true,candidate,57,17.0,25497170.0,Flat
engine/memory/window_rank/update/16384/domain=8/bytes=264/nulls=false/limit=1/last=true,candidate,58,17.0,25903429.0,Flat
engine/memory/window_rank/update/16384/domain=8/bytes=264/nulls=false/limit=1/last=true,candidate,59,17.0,25819254.0,Flat
engine/memory/window_rank/update/16384/domain=8/bytes=264/nulls=false/limit=1/last=true,candidate,60,17.0,26984163.0,Flat
engine/memory/window_rank/update/16384/domain=8/bytes=264/nulls=false/limit=1/last=true,candidate,61,17.0,26388006.0,Flat
engine/memory/window_rank/update/16384/domain=8/bytes=264/nulls=false/limit=1/last=true,candidate,62,17.0,25881087.0,Flat
engine/memory/window_rank/update/16384/domain=8/bytes=264/nulls=false/limit=1/last=true,candidate,63,17.0,25954588.0,Flat
engine/memory/window_rank/update/16384/domain=8/bytes=264/nulls=false/limit=1/last=true,candidate,64,17.0,25427471.0,Flat
engine/memory/window_rank/update/16384/domain=8/bytes=264/nulls=false/limit=1/last=true,candidate,65,17.0,25856688.0,Flat
engine/memory/window_rank/update/16384/domain=8/bytes=264/nulls=false/limit=1/last=true,candidate,66,17.0,26221032.0,Flat
engine/memory/window_rank/update/16384/domain=8/bytes=264/nulls=false/limit=1/last=true,candidate,67,17.0,25666381.0,Flat
engine/memory/window_rank/update/16384/domain=8/bytes=264/nulls=false/limit=1/last=true,candidate,68,17.0,25906355.0,Flat
engine/memory/window_rank/update/16384/domain=8/bytes=264/nulls=false/limit=1/last=true,candidate,69,17.0,26047470.0,Flat
engine/memory/window_rank/update/16384/domain=8/bytes=264/nulls=false/limit=1/last=true,candidate,70,17.0,26473366.0,Flat
engine/memory/window_rank/update/16384/domain=8/bytes=264/nulls=false/limit=1/last=true,candidate,71,17.0,26006086.0,Flat
engine/memory/window_rank/update/16384/domain=8/bytes=264/nulls=false/limit=1/last=true,candidate,72,17.0,25455289.0,Flat
engine/memory/window_rank/update/16384/domain=8/bytes=264/nulls=false/limit=1/last=true,candidate,73,17.0,25609701.0,Flat
engine/memory/window_rank/update/16384/domain=8/bytes=264/nulls=false/limit=1/last=true,candidate,74,17.0,26085719.0,Flat
engine/memory/window_rank/update/16384/domain=8/bytes=264/nulls=false/limit=1/last=true,candidate,75,17.0,25771985.0,Flat
engine/memory/window_rank/update/16384/domain=8/bytes=264/nulls=false/limit=1/last=true,candidate,76,17.0,26650111.0,Flat
engine/memory/window_rank/update/16384/domain=8/bytes=264/nulls=false/limit=1/last=true,candidate,77,17.0,25660361.0,Flat
engine/memory/window_rank/update/16384/domain=8/bytes=264/nulls=false/limit=1/last=true,candidate,78,17.0,25885159.0,Flat
engine/memory/window_rank/update/16384/domain=8/bytes=264/nulls=false/limit=1/last=true,candidate,79,17.0,25643301.0,Flat
engine/memory/window_rank/update/16384/domain=8/bytes=264/nulls=false/limit=1/last=true,candidate,80,17.0,26157042.0,Flat
engine/memory/window_rank/update/16384/domain=8/bytes=264/nulls=false/limit=1/last=true,candidate,81,17.0,25588000.0,Flat
engine/memory/window_rank/update/16384/domain=8/bytes=264/nulls=false/limit=1/last=true,candidate,82,17.0,25741269.0,Flat
engine/memory/window_rank/update/16384/domain=8/bytes=264/nulls=false/limit=1/last=true,candidate,83,17.0,25804551.0,Flat
engine/memory/window_rank/update/16384/domain=8/bytes=264/nulls=false/limit=1/last=true,candidate,84,17.0,26255341.0,Flat
engine/memory/window_rank/update/16384/domain=8/bytes=264/nulls=false/limit=1/last=true,candidate,85,17.0,26269679.0,Flat
engine/memory/window_rank/update/16384/domain=8/bytes=264/nulls=false/limit=1/last=true,candidate,86,17.0,26046713.0,Flat
engine/memory/window_rank/update/16384/domain=8/bytes=264/nulls=false/limit=1/last=true,candidate,87,17.0,25967889.0,Flat
engine/memory/window_rank/update/16384/domain=8/bytes=264/nulls=false/limit=1/last=true,candidate,88,17.0,25319496.0,Flat
engine/memory/window_rank/update/16384/domain=8/bytes=264/nulls=false/limit=1/last=true,candidate,89,17.0,25831587.0,Flat
engine/memory/window_rank/update/16384/domain=8/bytes=264/nulls=false/limit=1/last=true,candidate,90,17.0,25918953.0,Flat
engine/memory/window_rank/update/16384/domain=8/bytes=264/nulls=false/limit=1/last=true,candidate,91,17.0,26328934.0,Flat
engine/memory/window_rank/update/16384/domain=8/bytes=264/nulls=false/limit=1/last=true,candidate,92,17.0,26455750.0,Flat
engine/memory/window_rank/update/16384/domain=8/bytes=264/nulls=false/limit=1/last=true,candidate,93,17.0,25612952.0,Flat
engine/memory/window_rank/update/16384/domain=8/bytes=264/nulls=false/limit=1/last=true,candidate,94,17.0,25932747.0,Flat
engine/memory/window_rank/update/16384/domain=8/bytes=264/nulls=false/limit=1/last=true,candidate,95,17.0,26007626.0,Flat
engine/memory/window_rank/update/16384/domain=8/bytes=264/nulls=false/limit=1/last=true,candidate,96,17.0,25900920.0,Flat
engine/memory/window_rank/update/16384/domain=8/bytes=264/nulls=false/limit=1/last=true,candidate,97,17.0,26253442.0,Flat
engine/memory/window_rank/update/16384/domain=8/bytes=264/nulls=false/limit=1/last=true,candidate,98,17.0,26138645.0,Flat
engine/memory/window_rank/update/16384/domain=8/bytes=264/nulls=false/limit=1/last=true,candidate,99,17.0,27477756.0,Flat
engine/memory/window_rank/update/16384/domain=8/bytes=264/nulls=false/limit=4/last=false,original,0,10.0,25493273.0,Flat
engine/memory/window_rank/update/16384/domain=8/bytes=264/nulls=false/limit=4/last=false,original,1,10.0,25595719.0,Flat
engine/memory/window_rank/update/16384/domain=8/bytes=264/nulls=false/limit=4/last=false,original,2,10.0,26070301.0,Flat
engine/memory/window_rank/update/16384/domain=8/bytes=264/nulls=false/limit=4/last=false,original,3,10.0,26259808.0,Flat
engine/memory/window_rank/update/16384/domain=8/bytes=264/nulls=false/limit=4/last=false,original,4,10.0,25661858.0,Flat
engine/memory/window_rank/update/16384/domain=8/bytes=264/nulls=false/limit=4/last=false,original,5,10.0,25955673.0,Flat
engine/memory/window_rank/update/16384/domain=8/bytes=264/nulls=false/limit=4/last=false,original,6,10.0,25871856.0,Flat
engine/memory/window_rank/update/16384/domain=8/bytes=264/nulls=false/limit=4/last=false,original,7,10.0,25434319.0,Flat
engine/memory/window_rank/update/16384/domain=8/bytes=264/nulls=false/limit=4/last=false,original,8,10.0,25598010.0,Flat
engine/memory/window_rank/update/16384/domain=8/bytes=264/nulls=false/limit=4/last=false,original,9,10.0,25922379.0,Flat
engine/memory/window_rank/update/16384/domain=8/bytes=264/nulls=false/limit=4/last=false,original,10,10.0,26063886.0,Flat
engine/memory/window_rank/update/16384/domain=8/bytes=264/nulls=false/limit=4/last=false,original,11,10.0,26658591.0,Flat
engine/memory/window_rank/update/16384/domain=8/bytes=264/nulls=false/limit=4/last=false,original,12,10.0,25971692.0,Flat
engine/memory/window_rank/update/16384/domain=8/bytes=264/nulls=false/limit=4/last=false,original,13,10.0,25592299.0,Flat
engine/memory/window_rank/update/16384/domain=8/bytes=264/nulls=false/limit=4/last=false,original,14,10.0,25811490.0,Flat
engine/memory/window_rank/update/16384/domain=8/bytes=264/nulls=false/limit=4/last=false,original,15,10.0,26160085.0,Flat
engine/memory/window_rank/update/16384/domain=8/bytes=264/nulls=false/limit=4/last=false,original,16,10.0,25699241.0,Flat
engine/memory/window_rank/update/16384/domain=8/bytes=264/nulls=false/limit=4/last=false,original,17,10.0,25524390.0,Flat
engine/memory/window_rank/update/16384/domain=8/bytes=264/nulls=false/limit=4/last=false,original,18,10.0,25959188.0,Flat
engine/memory/window_rank/update/16384/domain=8/bytes=264/nulls=false/limit=4/last=false,original,19,10.0,25888221.0,Flat
engine/memory/window_rank/update/16384/domain=8/bytes=264/nulls=false/limit=4/last=false,original,20,10.0,25853821.0,Flat
engine/memory/window_rank/update/16384/domain=8/bytes=264/nulls=false/limit=4/last=false,original,21,10.0,25847533.0,Flat
engine/memory/window_rank/update/16384/domain=8/bytes=264/nulls=false/limit=4/last=false,original,22,10.0,25915357.0,Flat
engine/memory/window_rank/update/16384/domain=8/bytes=264/nulls=false/limit=4/last=false,original,23,10.0,25796582.0,Flat
engine/memory/window_rank/update/16384/domain=8/bytes=264/nulls=false/limit=4/last=false,original,24,10.0,25754642.0,Flat
engine/memory/window_rank/update/16384/domain=8/bytes=264/nulls=false/limit=4/last=false,original,25,10.0,26093174.0,Flat
engine/memory/window_rank/update/16384/domain=8/bytes=264/nulls=false/limit=4/last=false,original,26,10.0,25705392.0,Flat
engine/memory/window_rank/update/16384/domain=8/bytes=264/nulls=false/limit=4/last=false,original,27,10.0,25676129.0,Flat
engine/memory/window_rank/update/16384/domain=8/bytes=264/nulls=false/limit=4/last=false,original,28,10.0,25707714.0,Flat
engine/memory/window_rank/update/16384/domain=8/bytes=264/nulls=false/limit=4/last=false,original,29,10.0,25875825.0,Flat
engine/memory/window_rank/update/16384/domain=8/bytes=264/nulls=false/limit=4/last=false,original,30,10.0,26178527.0,Flat
engine/memory/window_rank/update/16384/domain=8/bytes=264/nulls=false/limit=4/last=false,original,31,10.0,25905806.0,Flat
engine/memory/window_rank/update/16384/domain=8/bytes=264/nulls=false/limit=4/last=false,original,32,10.0,25533245.0,Flat
engine/memory/window_rank/update/16384/domain=8/bytes=264/nulls=false/limit=4/last=false,original,33,10.0,25558613.0,Flat
engine/memory/window_rank/update/16384/domain=8/bytes=264/nulls=false/limit=4/last=false,original,34,10.0,26180588.0,Flat
engine/memory/window_rank/update/16384/domain=8/bytes=264/nulls=false/limit=4/last=false,original,35,10.0,25906533.0,Flat
engine/memory/window_rank/update/16384/domain=8/bytes=264/nulls=false/limit=4/last=false,original,36,10.0,25502950.0,Flat
engine/memory/window_rank/update/16384/domain=8/bytes=264/nulls=false/limit=4/last=false,original,37,10.0,25642952.0,Flat
engine/memory/window_rank/update/16384/domain=8/bytes=264/nulls=false/limit=4/last=false,original,38,10.0,25862643.0,Flat
engine/memory/window_rank/update/16384/domain=8/bytes=264/nulls=false/limit=4/last=false,original,39,10.0,25756675.0,Flat
engine/memory/window_rank/update/16384/domain=8/bytes=264/nulls=false/limit=4/last=false,original,40,10.0,25630873.0,Flat
engine/memory/window_rank/update/16384/domain=8/bytes=264/nulls=false/limit=4/last=false,original,41,10.0,25973283.0,Flat
engine/memory/window_rank/update/16384/domain=8/bytes=264/nulls=false/limit=4/last=false,original,42,10.0,25820431.0,Flat
engine/memory/window_rank/update/16384/domain=8/bytes=264/nulls=false/limit=4/last=false,original,43,10.0,26246451.0,Flat
engine/memory/window_rank/update/16384/domain=8/bytes=264/nulls=false/limit=4/last=false,original,44,10.0,25869255.0,Flat
engine/memory/window_rank/update/16384/domain=8/bytes=264/nulls=false/limit=4/last=false,original,45,10.0,25810834.0,Flat
engine/memory/window_rank/update/16384/domain=8/bytes=264/nulls=false/limit=4/last=false,original,46,10.0,25772269.0,Flat
engine/memory/window_rank/update/16384/domain=8/bytes=264/nulls=false/limit=4/last=false,original,47,10.0,25948400.0,Flat
engine/memory/window_rank/update/16384/domain=8/bytes=264/nulls=false/limit=4/last=false,original,48,10.0,25764924.0,Flat
engine/memory/window_rank/update/16384/domain=8/bytes=264/nulls=false/limit=4/last=false,original,49,10.0,25906186.0,Flat
engine/memory/window_rank/update/16384/domain=8/bytes=264/nulls=false/limit=4/last=false,original,50,10.0,25727606.0,Flat
engine/memory/window_rank/update/16384/domain=8/bytes=264/nulls=false/limit=4/last=false,original,51,10.0,25795317.0,Flat
engine/memory/window_rank/update/16384/domain=8/bytes=264/nulls=false/limit=4/last=false,original,52,10.0,25852911.0,Flat
engine/memory/window_rank/update/16384/domain=8/bytes=264/nulls=false/limit=4/last=false,original,53,10.0,25678738.0,Flat
engine/memory/window_rank/update/16384/domain=8/bytes=264/nulls=false/limit=4/last=false,original,54,10.0,25819686.0,Flat
engine/memory/window_rank/update/16384/domain=8/bytes=264/nulls=false/limit=4/last=false,original,55,10.0,25883065.0,Flat
engine/memory/window_rank/update/16384/domain=8/bytes=264/nulls=false/limit=4/last=false,original,56,10.0,25892063.0,Flat
engine/memory/window_rank/update/16384/domain=8/bytes=264/nulls=false/limit=4/last=false,original,57,10.0,25595474.0,Flat
engine/memory/window_rank/update/16384/domain=8/bytes=264/nulls=false/limit=4/last=false,original,58,10.0,25845497.0,Flat
engine/memory/window_rank/update/16384/domain=8/bytes=264/nulls=false/limit=4/last=false,original,59,10.0,25764249.0,Flat
engine/memory/window_rank/update/16384/domain=8/bytes=264/nulls=false/limit=4/last=false,original,60,10.0,25892602.0,Flat
engine/memory/window_rank/update/16384/domain=8/bytes=264/nulls=false/limit=4/last=false,original,61,10.0,26204162.0,Flat
engine/memory/window_rank/update/16384/domain=8/bytes=264/nulls=false/limit=4/last=false,original,62,10.0,25306218.0,Flat
engine/memory/window_rank/update/16384/domain=8/bytes=264/nulls=false/limit=4/last=false,original,63,10.0,25698778.0,Flat
engine/memory/window_rank/update/16384/domain=8/bytes=264/nulls=false/limit=4/last=false,original,64,10.0,25969435.0,Flat
engine/memory/window_rank/update/16384/domain=8/bytes=264/nulls=false/limit=4/last=false,original,65,10.0,25981603.0,Flat
engine/memory/window_rank/update/16384/domain=8/bytes=264/nulls=false/limit=4/last=false,original,66,10.0,26080679.0,Flat
engine/memory/window_rank/update/16384/domain=8/bytes=264/nulls=false/limit=4/last=false,original,67,10.0,25483553.0,Flat
engine/memory/window_rank/update/16384/domain=8/bytes=264/nulls=false/limit=4/last=false,original,68,10.0,25704268.0,Flat
engine/memory/window_rank/update/16384/domain=8/bytes=264/nulls=false/limit=4/last=false,original,69,10.0,25839868.0,Flat
engine/memory/window_rank/update/16384/domain=8/bytes=264/nulls=false/limit=4/last=false,original,70,10.0,25877582.0,Flat
engine/memory/window_rank/update/16384/domain=8/bytes=264/nulls=false/limit=4/last=false,original,71,10.0,25645226.0,Flat
engine/memory/window_rank/update/16384/domain=8/bytes=264/nulls=false/limit=4/last=false,original,72,10.0,25576649.0,Flat
engine/memory/window_rank/update/16384/domain=8/bytes=264/nulls=false/limit=4/last=false,original,73,10.0,25711929.0,Flat
engine/memory/window_rank/update/16384/domain=8/bytes=264/nulls=false/limit=4/last=false,original,74,10.0,26236889.0,Flat
engine/memory/window_rank/update/16384/domain=8/bytes=264/nulls=false/limit=4/last=false,original,75,10.0,25617064.0,Flat
engine/memory/window_rank/update/16384/domain=8/bytes=264/nulls=false/limit=4/last=false,original,76,10.0,25817896.0,Flat
engine/memory/window_rank/update/16384/domain=8/bytes=264/nulls=false/limit=4/last=false,original,77,10.0,25354182.0,Flat
engine/memory/window_rank/update/16384/domain=8/bytes=264/nulls=false/limit=4/last=false,original,78,10.0,25692442.0,Flat
engine/memory/window_rank/update/16384/domain=8/bytes=264/nulls=false/limit=4/last=false,original,79,10.0,25661795.0,Flat
engine/memory/window_rank/update/16384/domain=8/bytes=264/nulls=false/limit=4/last=false,original,80,10.0,25620638.0,Flat
engine/memory/window_rank/update/16384/domain=8/bytes=264/nulls=false/limit=4/last=false,original,81,10.0,25699403.0,Flat
engine/memory/window_rank/update/16384/domain=8/bytes=264/nulls=false/limit=4/last=false,original,82,10.0,25896197.0,Flat
engine/memory/window_rank/update/16384/domain=8/bytes=264/nulls=false/limit=4/last=false,original,83,10.0,25561766.0,Flat
engine/memory/window_rank/update/16384/domain=8/bytes=264/nulls=false/limit=4/last=false,original,84,10.0,27242074.0,Flat
engine/memory/window_rank/update/16384/domain=8/bytes=264/nulls=false/limit=4/last=false,original,85,10.0,26233970.0,Flat
engine/memory/window_rank/update/16384/domain=8/bytes=264/nulls=false/limit=4/last=false,original,86,10.0,25531029.0,Flat
engine/memory/window_rank/update/16384/domain=8/bytes=264/nulls=false/limit=4/last=false,original,87,10.0,25857200.0,Flat
engine/memory/window_rank/update/16384/domain=8/bytes=264/nulls=false/limit=4/last=false,original,88,10.0,25857052.0,Flat
engine/memory/window_rank/update/16384/domain=8/bytes=264/nulls=false/limit=4/last=false,original,89,10.0,25506782.0,Flat
engine/memory/window_rank/update/16384/domain=8/bytes=264/nulls=false/limit=4/last=false,original,90,10.0,26006554.0,Flat
engine/memory/window_rank/update/16384/domain=8/bytes=264/nulls=false/limit=4/last=false,original,91,10.0,25710349.0,Flat
engine/memory/window_rank/update/16384/domain=8/bytes=264/nulls=false/limit=4/last=false,original,92,10.0,25512581.0,Flat
engine/memory/window_rank/update/16384/domain=8/bytes=264/nulls=false/limit=4/last=false,original,93,10.0,25855010.0,Flat
engine/memory/window_rank/update/16384/domain=8/bytes=264/nulls=false/limit=4/last=false,original,94,10.0,25594836.0,Flat
engine/memory/window_rank/update/16384/domain=8/bytes=264/nulls=false/limit=4/last=false,original,95,10.0,25520844.0,Flat
engine/memory/window_rank/update/16384/domain=8/bytes=264/nulls=false/limit=4/last=false,original,96,10.0,25690626.0,Flat
engine/memory/window_rank/update/16384/domain=8/bytes=264/nulls=false/limit=4/last=false,original,97,10.0,25938752.0,Flat
engine/memory/window_rank/update/16384/domain=8/bytes=264/nulls=false/limit=4/last=false,original,98,10.0,25520292.0,Flat
engine/memory/window_rank/update/16384/domain=8/bytes=264/nulls=false/limit=4/last=false,original,99,10.0,25494045.0,Flat
engine/memory/window_rank/update/16384/domain=8/bytes=264/nulls=false/limit=4/last=false,candidate,0,19.0,25585118.0,Flat
engine/memory/window_rank/update/16384/domain=8/bytes=264/nulls=false/limit=4/last=false,candidate,1,19.0,25261967.0,Flat
engine/memory/window_rank/update/16384/domain=8/bytes=264/nulls=false/limit=4/last=false,candidate,2,19.0,25575323.0,Flat
engine/memory/window_rank/update/16384/domain=8/bytes=264/nulls=false/limit=4/last=false,candidate,3,19.0,25360569.0,Flat
engine/memory/window_rank/update/16384/domain=8/bytes=264/nulls=false/limit=4/last=false,candidate,4,19.0,25719786.0,Flat
engine/memory/window_rank/update/16384/domain=8/bytes=264/nulls=false/limit=4/last=false,candidate,5,19.0,25633047.0,Flat
engine/memory/window_rank/update/16384/domain=8/bytes=264/nulls=false/limit=4/last=false,candidate,6,19.0,26933379.0,Flat
engine/memory/window_rank/update/16384/domain=8/bytes=264/nulls=false/limit=4/last=false,candidate,7,19.0,25472836.0,Flat
engine/memory/window_rank/update/16384/domain=8/bytes=264/nulls=false/limit=4/last=false,candidate,8,19.0,25944148.0,Flat
engine/memory/window_rank/update/16384/domain=8/bytes=264/nulls=false/limit=4/last=false,candidate,9,19.0,26102900.0,Flat
engine/memory/window_rank/update/16384/domain=8/bytes=264/nulls=false/limit=4/last=false,candidate,10,19.0,25980018.0,Flat
engine/memory/window_rank/update/16384/domain=8/bytes=264/nulls=false/limit=4/last=false,candidate,11,19.0,25691414.0,Flat
engine/memory/window_rank/update/16384/domain=8/bytes=264/nulls=false/limit=4/last=false,candidate,12,19.0,25535518.0,Flat
engine/memory/window_rank/update/16384/domain=8/bytes=264/nulls=false/limit=4/last=false,candidate,13,19.0,26542228.0,Flat
engine/memory/window_rank/update/16384/domain=8/bytes=264/nulls=false/limit=4/last=false,candidate,14,19.0,26017986.0,Flat
engine/memory/window_rank/update/16384/domain=8/bytes=264/nulls=false/limit=4/last=false,candidate,15,19.0,25602874.0,Flat
engine/memory/window_rank/update/16384/domain=8/bytes=264/nulls=false/limit=4/last=false,candidate,16,19.0,25110897.0,Flat
engine/memory/window_rank/update/16384/domain=8/bytes=264/nulls=false/limit=4/last=false,candidate,17,19.0,25518332.0,Flat
engine/memory/window_rank/update/16384/domain=8/bytes=264/nulls=false/limit=4/last=false,candidate,18,19.0,26587689.0,Flat
engine/memory/window_rank/update/16384/domain=8/bytes=264/nulls=false/limit=4/last=false,candidate,19,19.0,25543000.0,Flat
engine/memory/window_rank/update/16384/domain=8/bytes=264/nulls=false/limit=4/last=false,candidate,20,19.0,26384619.0,Flat
engine/memory/window_rank/update/16384/domain=8/bytes=264/nulls=false/limit=4/last=false,candidate,21,19.0,25556546.0,Flat
engine/memory/window_rank/update/16384/domain=8/bytes=264/nulls=false/limit=4/last=false,candidate,22,19.0,25937721.0,Flat
engine/memory/window_rank/update/16384/domain=8/bytes=264/nulls=false/limit=4/last=false,candidate,23,19.0,26052631.0,Flat
engine/memory/window_rank/update/16384/domain=8/bytes=264/nulls=false/limit=4/last=false,candidate,24,19.0,25428805.0,Flat
engine/memory/window_rank/update/16384/domain=8/bytes=264/nulls=false/limit=4/last=false,candidate,25,19.0,25454389.0,Flat
engine/memory/window_rank/update/16384/domain=8/bytes=264/nulls=false/limit=4/last=false,candidate,26,19.0,25332274.0,Flat
engine/memory/window_rank/update/16384/domain=8/bytes=264/nulls=false/limit=4/last=false,candidate,27,19.0,25798623.0,Flat
engine/memory/window_rank/update/16384/domain=8/bytes=264/nulls=false/limit=4/last=false,candidate,28,19.0,25220566.0,Flat
engine/memory/window_rank/update/16384/domain=8/bytes=264/nulls=false/limit=4/last=false,candidate,29,19.0,26920452.0,Flat
engine/memory/window_rank/update/16384/domain=8/bytes=264/nulls=false/limit=4/last=false,candidate,30,19.0,25245484.0,Flat
engine/memory/window_rank/update/16384/domain=8/bytes=264/nulls=false/limit=4/last=false,candidate,31,19.0,25355636.0,Flat
engine/memory/window_rank/update/16384/domain=8/bytes=264/nulls=false/limit=4/last=false,candidate,32,19.0,25383301.0,Flat
engine/memory/window_rank/update/16384/domain=8/bytes=264/nulls=false/limit=4/last=false,candidate,33,19.0,25218090.0,Flat
engine/memory/window_rank/update/16384/domain=8/bytes=264/nulls=false/limit=4/last=false,candidate,34,19.0,25314662.0,Flat
engine/memory/window_rank/update/16384/domain=8/bytes=264/nulls=false/limit=4/last=false,candidate,35,19.0,25212981.0,Flat
engine/memory/window_rank/update/16384/domain=8/bytes=264/nulls=false/limit=4/last=false,candidate,36,19.0,25159743.0,Flat
engine/memory/window_rank/update/16384/domain=8/bytes=264/nulls=false/limit=4/last=false,candidate,37,19.0,25490380.0,Flat
engine/memory/window_rank/update/16384/domain=8/bytes=264/nulls=false/limit=4/last=false,candidate,38,19.0,25359254.0,Flat
engine/memory/window_rank/update/16384/domain=8/bytes=264/nulls=false/limit=4/last=false,candidate,39,19.0,26078667.0,Flat
engine/memory/window_rank/update/16384/domain=8/bytes=264/nulls=false/limit=4/last=false,candidate,40,19.0,25546623.0,Flat
engine/memory/window_rank/update/16384/domain=8/bytes=264/nulls=false/limit=4/last=false,candidate,41,19.0,25354676.0,Flat
engine/memory/window_rank/update/16384/domain=8/bytes=264/nulls=false/limit=4/last=false,candidate,42,19.0,25612063.0,Flat
engine/memory/window_rank/update/16384/domain=8/bytes=264/nulls=false/limit=4/last=false,candidate,43,19.0,25925058.0,Flat
engine/memory/window_rank/update/16384/domain=8/bytes=264/nulls=false/limit=4/last=false,candidate,44,19.0,25998623.0,Flat
engine/memory/window_rank/update/16384/domain=8/bytes=264/nulls=false/limit=4/last=false,candidate,45,19.0,25220719.0,Flat
engine/memory/window_rank/update/16384/domain=8/bytes=264/nulls=false/limit=4/last=false,candidate,46,19.0,25288965.0,Flat
engine/memory/window_rank/update/16384/domain=8/bytes=264/nulls=false/limit=4/last=false,candidate,47,19.0,25527726.0,Flat
engine/memory/window_rank/update/16384/domain=8/bytes=264/nulls=false/limit=4/last=false,candidate,48,19.0,25688747.0,Flat
engine/memory/window_rank/update/16384/domain=8/bytes=264/nulls=false/limit=4/last=false,candidate,49,19.0,25278902.0,Flat
engine/memory/window_rank/update/16384/domain=8/bytes=264/nulls=false/limit=4/last=false,candidate,50,19.0,25935837.0,Flat
engine/memory/window_rank/update/16384/domain=8/bytes=264/nulls=false/limit=4/last=false,candidate,51,19.0,25513425.0,Flat
engine/memory/window_rank/update/16384/domain=8/bytes=264/nulls=false/limit=4/last=false,candidate,52,19.0,25718908.0,Flat
engine/memory/window_rank/update/16384/domain=8/bytes=264/nulls=false/limit=4/last=false,candidate,53,19.0,25789459.0,Flat
engine/memory/window_rank/update/16384/domain=8/bytes=264/nulls=false/limit=4/last=false,candidate,54,19.0,26251174.0,Flat
engine/memory/window_rank/update/16384/domain=8/bytes=264/nulls=false/limit=4/last=false,candidate,55,19.0,25362580.0,Flat
engine/memory/window_rank/update/16384/domain=8/bytes=264/nulls=false/limit=4/last=false,candidate,56,19.0,25576560.0,Flat
engine/memory/window_rank/update/16384/domain=8/bytes=264/nulls=false/limit=4/last=false,candidate,57,19.0,25301245.0,Flat
engine/memory/window_rank/update/16384/domain=8/bytes=264/nulls=false/limit=4/last=false,candidate,58,19.0,26091906.0,Flat
engine/memory/window_rank/update/16384/domain=8/bytes=264/nulls=false/limit=4/last=false,candidate,59,19.0,25473158.0,Flat
engine/memory/window_rank/update/16384/domain=8/bytes=264/nulls=false/limit=4/last=false,candidate,60,19.0,25415298.0,Flat
engine/memory/window_rank/update/16384/domain=8/bytes=264/nulls=false/limit=4/last=false,candidate,61,19.0,25312578.0,Flat
engine/memory/window_rank/update/16384/domain=8/bytes=264/nulls=false/limit=4/last=false,candidate,62,19.0,25819731.0,Flat
engine/memory/window_rank/update/16384/domain=8/bytes=264/nulls=false/limit=4/last=false,candidate,63,19.0,25508459.0,Flat
engine/memory/window_rank/update/16384/domain=8/bytes=264/nulls=false/limit=4/last=false,candidate,64,19.0,25405628.0,Flat
engine/memory/window_rank/update/16384/domain=8/bytes=264/nulls=false/limit=4/last=false,candidate,65,19.0,25385136.0,Flat
engine/memory/window_rank/update/16384/domain=8/bytes=264/nulls=false/limit=4/last=false,candidate,66,19.0,25768978.0,Flat
engine/memory/window_rank/update/16384/domain=8/bytes=264/nulls=false/limit=4/last=false,candidate,67,19.0,25217864.0,Flat
engine/memory/window_rank/update/16384/domain=8/bytes=264/nulls=false/limit=4/last=false,candidate,68,19.0,25392297.0,Flat
engine/memory/window_rank/update/16384/domain=8/bytes=264/nulls=false/limit=4/last=false,candidate,69,19.0,25512137.0,Flat
engine/memory/window_rank/update/16384/domain=8/bytes=264/nulls=false/limit=4/last=false,candidate,70,19.0,26740820.0,Flat
engine/memory/window_rank/update/16384/domain=8/bytes=264/nulls=false/limit=4/last=false,candidate,71,19.0,25851529.0,Flat
engine/memory/window_rank/update/16384/domain=8/bytes=264/nulls=false/limit=4/last=false,candidate,72,19.0,25749455.0,Flat
engine/memory/window_rank/update/16384/domain=8/bytes=264/nulls=false/limit=4/last=false,candidate,73,19.0,25499524.0,Flat
engine/memory/window_rank/update/16384/domain=8/bytes=264/nulls=false/limit=4/last=false,candidate,74,19.0,25439474.0,Flat
engine/memory/window_rank/update/16384/domain=8/bytes=264/nulls=false/limit=4/last=false,candidate,75,19.0,25521212.0,Flat
engine/memory/window_rank/update/16384/domain=8/bytes=264/nulls=false/limit=4/last=false,candidate,76,19.0,25235801.0,Flat
engine/memory/window_rank/update/16384/domain=8/bytes=264/nulls=false/limit=4/last=false,candidate,77,19.0,25304471.0,Flat
engine/memory/window_rank/update/16384/domain=8/bytes=264/nulls=false/limit=4/last=false,candidate,78,19.0,25634874.0,Flat
engine/memory/window_rank/update/16384/domain=8/bytes=264/nulls=false/limit=4/last=false,candidate,79,19.0,25758277.0,Flat
engine/memory/window_rank/update/16384/domain=8/bytes=264/nulls=false/limit=4/last=false,candidate,80,19.0,26629065.0,Flat
engine/memory/window_rank/update/16384/domain=8/bytes=264/nulls=false/limit=4/last=false,candidate,81,19.0,25508464.0,Flat
engine/memory/window_rank/update/16384/domain=8/bytes=264/nulls=false/limit=4/last=false,candidate,82,19.0,25644117.0,Flat
engine/memory/window_rank/update/16384/domain=8/bytes=264/nulls=false/limit=4/last=false,candidate,83,19.0,25565111.0,Flat
engine/memory/window_rank/update/16384/domain=8/bytes=264/nulls=false/limit=4/last=false,candidate,84,19.0,25552277.0,Flat
engine/memory/window_rank/update/16384/domain=8/bytes=264/nulls=false/limit=4/last=false,candidate,85,19.0,25471923.0,Flat
engine/memory/window_rank/update/16384/domain=8/bytes=264/nulls=false/limit=4/last=false,candidate,86,19.0,25426641.0,Flat
engine/memory/window_rank/update/16384/domain=8/bytes=264/nulls=false/limit=4/last=false,candidate,87,19.0,25289518.0,Flat
engine/memory/window_rank/update/16384/domain=8/bytes=264/nulls=false/limit=4/last=false,candidate,88,19.0,25491341.0,Flat
engine/memory/window_rank/update/16384/domain=8/bytes=264/nulls=false/limit=4/last=false,candidate,89,19.0,25138905.0,Flat
engine/memory/window_rank/update/16384/domain=8/bytes=264/nulls=false/limit=4/last=false,candidate,90,19.0,25433211.0,Flat
engine/memory/window_rank/update/16384/domain=8/bytes=264/nulls=false/limit=4/last=false,candidate,91,19.0,25822925.0,Flat
engine/memory/window_rank/update/16384/domain=8/bytes=264/nulls=false/limit=4/last=false,candidate,92,19.0,25664320.0,Flat
engine/memory/window_rank/update/16384/domain=8/bytes=264/nulls=false/limit=4/last=false,candidate,93,19.0,25587979.0,Flat
engine/memory/window_rank/update/16384/domain=8/bytes=264/nulls=false/limit=4/last=false,candidate,94,19.0,25538113.0,Flat
engine/memory/window_rank/update/16384/domain=8/bytes=264/nulls=false/limit=4/last=false,candidate,95,19.0,25657355.0,Flat
engine/memory/window_rank/update/16384/domain=8/bytes=264/nulls=false/limit=4/last=false,candidate,96,19.0,25624006.0,Flat
engine/memory/window_rank/update/16384/domain=8/bytes=264/nulls=false/limit=4/last=false,candidate,97,19.0,25340413.0,Flat
engine/memory/window_rank/update/16384/domain=8/bytes=264/nulls=false/limit=4/last=false,candidate,98,19.0,25366217.0,Flat
engine/memory/window_rank/update/16384/domain=8/bytes=264/nulls=false/limit=4/last=false,candidate,99,19.0,25841900.0,Flat
engine/memory/window_rank/update/16384/domain=8/bytes=264/nulls=true/limit=1/last=false,original,0,11.0,24951538.0,Flat
engine/memory/window_rank/update/16384/domain=8/bytes=264/nulls=true/limit=1/last=false,original,1,11.0,24901047.0,Flat
engine/memory/window_rank/update/16384/domain=8/bytes=264/nulls=true/limit=1/last=false,original,2,11.0,24714154.0,Flat
engine/memory/window_rank/update/16384/domain=8/bytes=264/nulls=true/limit=1/last=false,original,3,11.0,24740829.0,Flat
engine/memory/window_rank/update/16384/domain=8/bytes=264/nulls=true/limit=1/last=false,original,4,11.0,25266525.0,Flat
engine/memory/window_rank/update/16384/domain=8/bytes=264/nulls=true/limit=1/last=false,original,5,11.0,25196383.0,Flat
engine/memory/window_rank/update/16384/domain=8/bytes=264/nulls=true/limit=1/last=false,original,6,11.0,24948395.0,Flat
engine/memory/window_rank/update/16384/domain=8/bytes=264/nulls=true/limit=1/last=false,original,7,11.0,25281182.0,Flat
engine/memory/window_rank/update/16384/domain=8/bytes=264/nulls=true/limit=1/last=false,original,8,11.0,25524129.0,Flat
engine/memory/window_rank/update/16384/domain=8/bytes=264/nulls=true/limit=1/last=false,original,9,11.0,24823634.0,Flat
engine/memory/window_rank/update/16384/domain=8/bytes=264/nulls=true/limit=1/last=false,original,10,11.0,24593790.0,Flat
engine/memory/window_rank/update/16384/domain=8/bytes=264/nulls=true/limit=1/last=false,original,11,11.0,24937329.0,Flat
engine/memory/window_rank/update/16384/domain=8/bytes=264/nulls=true/limit=1/last=false,original,12,11.0,24540382.0,Flat
engine/memory/window_rank/update/16384/domain=8/bytes=264/nulls=true/limit=1/last=false,original,13,11.0,24843632.0,Flat
engine/memory/window_rank/update/16384/domain=8/bytes=264/nulls=true/limit=1/last=false,original,14,11.0,25006348.0,Flat
engine/memory/window_rank/update/16384/domain=8/bytes=264/nulls=true/limit=1/last=false,original,15,11.0,24946976.0,Flat
engine/memory/window_rank/update/16384/domain=8/bytes=264/nulls=true/limit=1/last=false,original,16,11.0,24675348.0,Flat
engine/memory/window_rank/update/16384/domain=8/bytes=264/nulls=true/limit=1/last=false,original,17,11.0,24622112.0,Flat
engine/memory/window_rank/update/16384/domain=8/bytes=264/nulls=true/limit=1/last=false,original,18,11.0,24785038.0,Flat
engine/memory/window_rank/update/16384/domain=8/bytes=264/nulls=true/limit=1/last=false,original,19,11.0,25073251.0,Flat
engine/memory/window_rank/update/16384/domain=8/bytes=264/nulls=true/limit=1/last=false,original,20,11.0,24782652.0,Flat
engine/memory/window_rank/update/16384/domain=8/bytes=264/nulls=true/limit=1/last=false,original,21,11.0,24819746.0,Flat
engine/memory/window_rank/update/16384/domain=8/bytes=264/nulls=true/limit=1/last=false,original,22,11.0,24878107.0,Flat
engine/memory/window_rank/update/16384/domain=8/bytes=264/nulls=true/limit=1/last=false,original,23,11.0,25085365.0,Flat
engine/memory/window_rank/update/16384/domain=8/bytes=264/nulls=true/limit=1/last=false,original,24,11.0,24798567.0,Flat
engine/memory/window_rank/update/16384/domain=8/bytes=264/nulls=true/limit=1/last=false,original,25,11.0,25127442.0,Flat
engine/memory/window_rank/update/16384/domain=8/bytes=264/nulls=true/limit=1/last=false,original,26,11.0,24986073.0,Flat
engine/memory/window_rank/update/16384/domain=8/bytes=264/nulls=true/limit=1/last=false,original,27,11.0,25475766.0,Flat
engine/memory/window_rank/update/16384/domain=8/bytes=264/nulls=true/limit=1/last=false,original,28,11.0,24829711.0,Flat
engine/memory/window_rank/update/16384/domain=8/bytes=264/nulls=true/limit=1/last=false,original,29,11.0,24763137.0,Flat
engine/memory/window_rank/update/16384/domain=8/bytes=264/nulls=true/limit=1/last=false,original,30,11.0,25317150.0,Flat
engine/memory/window_rank/update/16384/domain=8/bytes=264/nulls=true/limit=1/last=false,original,31,11.0,24961827.0,Flat
engine/memory/window_rank/update/16384/domain=8/bytes=264/nulls=true/limit=1/last=false,original,32,11.0,24720963.0,Flat
engine/memory/window_rank/update/16384/domain=8/bytes=264/nulls=true/limit=1/last=false,original,33,11.0,25559339.0,Flat
engine/memory/window_rank/update/16384/domain=8/bytes=264/nulls=true/limit=1/last=false,original,34,11.0,25029755.0,Flat
engine/memory/window_rank/update/16384/domain=8/bytes=264/nulls=true/limit=1/last=false,original,35,11.0,25309776.0,Flat
engine/memory/window_rank/update/16384/domain=8/bytes=264/nulls=true/limit=1/last=false,original,36,11.0,24888930.0,Flat
engine/memory/window_rank/update/16384/domain=8/bytes=264/nulls=true/limit=1/last=false,original,37,11.0,24885496.0,Flat
engine/memory/window_rank/update/16384/domain=8/bytes=264/nulls=true/limit=1/last=false,original,38,11.0,24588677.0,Flat
engine/memory/window_rank/update/16384/domain=8/bytes=264/nulls=true/limit=1/last=false,original,39,11.0,24980252.0,Flat
engine/memory/window_rank/update/16384/domain=8/bytes=264/nulls=true/limit=1/last=false,original,40,11.0,24740069.0,Flat
engine/memory/window_rank/update/16384/domain=8/bytes=264/nulls=true/limit=1/last=false,original,41,11.0,25136954.0,Flat
engine/memory/window_rank/update/16384/domain=8/bytes=264/nulls=true/limit=1/last=false,original,42,11.0,24772121.0,Flat
engine/memory/window_rank/update/16384/domain=8/bytes=264/nulls=true/limit=1/last=false,original,43,11.0,24571301.0,Flat
engine/memory/window_rank/update/16384/domain=8/bytes=264/nulls=true/limit=1/last=false,original,44,11.0,25301674.0,Flat
engine/memory/window_rank/update/16384/domain=8/bytes=264/nulls=true/limit=1/last=false,original,45,11.0,24953428.0,Flat
engine/memory/window_rank/update/16384/domain=8/bytes=264/nulls=true/limit=1/last=false,original,46,11.0,25004626.0,Flat
engine/memory/window_rank/update/16384/domain=8/bytes=264/nulls=true/limit=1/last=false,original,47,11.0,24961261.0,Flat
engine/memory/window_rank/update/16384/domain=8/bytes=264/nulls=true/limit=1/last=false,original,48,11.0,24977914.0,Flat
engine/memory/window_rank/update/16384/domain=8/bytes=264/nulls=true/limit=1/last=false,original,49,11.0,25282751.0,Flat
engine/memory/window_rank/update/16384/domain=8/bytes=264/nulls=true/limit=1/last=false,original,50,11.0,25147999.0,Flat
engine/memory/window_rank/update/16384/domain=8/bytes=264/nulls=true/limit=1/last=false,original,51,11.0,25121375.0,Flat
engine/memory/window_rank/update/16384/domain=8/bytes=264/nulls=true/limit=1/last=false,original,52,11.0,24781857.0,Flat
engine/memory/window_rank/update/16384/domain=8/bytes=264/nulls=true/limit=1/last=false,original,53,11.0,25328476.0,Flat
engine/memory/window_rank/update/16384/domain=8/bytes=264/nulls=true/limit=1/last=false,original,54,11.0,24974924.0,Flat
engine/memory/window_rank/update/16384/domain=8/bytes=264/nulls=true/limit=1/last=false,original,55,11.0,25285001.0,Flat
engine/memory/window_rank/update/16384/domain=8/bytes=264/nulls=true/limit=1/last=false,original,56,11.0,25059343.0,Flat
engine/memory/window_rank/update/16384/domain=8/bytes=264/nulls=true/limit=1/last=false,original,57,11.0,25855558.0,Flat
engine/memory/window_rank/update/16384/domain=8/bytes=264/nulls=true/limit=1/last=false,original,58,11.0,26062160.0,Flat
engine/memory/window_rank/update/16384/domain=8/bytes=264/nulls=true/limit=1/last=false,original,59,11.0,25766360.0,Flat
engine/memory/window_rank/update/16384/domain=8/bytes=264/nulls=true/limit=1/last=false,original,60,11.0,25674822.0,Flat
engine/memory/window_rank/update/16384/domain=8/bytes=264/nulls=true/limit=1/last=false,original,61,11.0,26100069.0,Flat
engine/memory/window_rank/update/16384/domain=8/bytes=264/nulls=true/limit=1/last=false,original,62,11.0,25663721.0,Flat
engine/memory/window_rank/update/16384/domain=8/bytes=264/nulls=true/limit=1/last=false,original,63,11.0,25599971.0,Flat
engine/memory/window_rank/update/16384/domain=8/bytes=264/nulls=true/limit=1/last=false,original,64,11.0,25692488.0,Flat
engine/memory/window_rank/update/16384/domain=8/bytes=264/nulls=true/limit=1/last=false,original,65,11.0,26467206.0,Flat
engine/memory/window_rank/update/16384/domain=8/bytes=264/nulls=true/limit=1/last=false,original,66,11.0,25852522.0,Flat
engine/memory/window_rank/update/16384/domain=8/bytes=264/nulls=true/limit=1/last=false,original,67,11.0,25566409.0,Flat
engine/memory/window_rank/update/16384/domain=8/bytes=264/nulls=true/limit=1/last=false,original,68,11.0,24720333.0,Flat
engine/memory/window_rank/update/16384/domain=8/bytes=264/nulls=true/limit=1/last=false,original,69,11.0,25577278.0,Flat
engine/memory/window_rank/update/16384/domain=8/bytes=264/nulls=true/limit=1/last=false,original,70,11.0,25093452.0,Flat
engine/memory/window_rank/update/16384/domain=8/bytes=264/nulls=true/limit=1/last=false,original,71,11.0,25500636.0,Flat
engine/memory/window_rank/update/16384/domain=8/bytes=264/nulls=true/limit=1/last=false,original,72,11.0,24889250.0,Flat
engine/memory/window_rank/update/16384/domain=8/bytes=264/nulls=true/limit=1/last=false,original,73,11.0,25415559.0,Flat
engine/memory/window_rank/update/16384/domain=8/bytes=264/nulls=true/limit=1/last=false,original,74,11.0,25357402.0,Flat
engine/memory/window_rank/update/16384/domain=8/bytes=264/nulls=true/limit=1/last=false,original,75,11.0,25896752.0,Flat
engine/memory/window_rank/update/16384/domain=8/bytes=264/nulls=true/limit=1/last=false,original,76,11.0,24730978.0,Flat
engine/memory/window_rank/update/16384/domain=8/bytes=264/nulls=true/limit=1/last=false,original,77,11.0,25301715.0,Flat
engine/memory/window_rank/update/16384/domain=8/bytes=264/nulls=true/limit=1/last=false,original,78,11.0,25207695.0,Flat
engine/memory/window_rank/update/16384/domain=8/bytes=264/nulls=true/limit=1/last=false,original,79,11.0,24972418.0,Flat
engine/memory/window_rank/update/16384/domain=8/bytes=264/nulls=true/limit=1/last=false,original,80,11.0,25038019.0,Flat
engine/memory/window_rank/update/16384/domain=8/bytes=264/nulls=true/limit=1/last=false,original,81,11.0,27290901.0,Flat
engine/memory/window_rank/update/16384/domain=8/bytes=264/nulls=true/limit=1/last=false,original,82,11.0,25007598.0,Flat
engine/memory/window_rank/update/16384/domain=8/bytes=264/nulls=true/limit=1/last=false,original,83,11.0,25230026.0,Flat
engine/memory/window_rank/update/16384/domain=8/bytes=264/nulls=true/limit=1/last=false,original,84,11.0,25122056.0,Flat
engine/memory/window_rank/update/16384/domain=8/bytes=264/nulls=true/limit=1/last=false,original,85,11.0,25500262.0,Flat
engine/memory/window_rank/update/16384/domain=8/bytes=264/nulls=true/limit=1/last=false,original,86,11.0,25494260.0,Flat
engine/memory/window_rank/update/16384/domain=8/bytes=264/nulls=true/limit=1/last=false,original,87,11.0,25189687.0,Flat
engine/memory/window_rank/update/16384/domain=8/bytes=264/nulls=true/limit=1/last=false,original,88,11.0,25305482.0,Flat
engine/memory/window_rank/update/16384/domain=8/bytes=264/nulls=true/limit=1/last=false,original,89,11.0,24875701.0,Flat
engine/memory/window_rank/update/16384/domain=8/bytes=264/nulls=true/limit=1/last=false,original,90,11.0,25113729.0,Flat
engine/memory/window_rank/update/16384/domain=8/bytes=264/nulls=true/limit=1/last=false,original,91,11.0,24990594.0,Flat
engine/memory/window_rank/update/16384/domain=8/bytes=264/nulls=true/limit=1/last=false,original,92,11.0,25782471.0,Flat
engine/memory/window_rank/update/16384/domain=8/bytes=264/nulls=true/limit=1/last=false,original,93,11.0,26012236.0,Flat
engine/memory/window_rank/update/16384/domain=8/bytes=264/nulls=true/limit=1/last=false,original,94,11.0,25369135.0,Flat
engine/memory/window_rank/update/16384/domain=8/bytes=264/nulls=true/limit=1/last=false,original,95,11.0,25389010.0,Flat
engine/memory/window_rank/update/16384/domain=8/bytes=264/nulls=true/limit=1/last=false,original,96,11.0,25566469.0,Flat
engine/memory/window_rank/update/16384/domain=8/bytes=264/nulls=true/limit=1/last=false,original,97,11.0,25218357.0,Flat
engine/memory/window_rank/update/16384/domain=8/bytes=264/nulls=true/limit=1/last=false,original,98,11.0,26835768.0,Flat
engine/memory/window_rank/update/16384/domain=8/bytes=264/nulls=true/limit=1/last=false,original,99,11.0,25920416.0,Flat
engine/memory/window_rank/update/16384/domain=8/bytes=264/nulls=true/limit=1/last=false,candidate,0,23.0,26210390.0,Flat
engine/memory/window_rank/update/16384/domain=8/bytes=264/nulls=true/limit=1/last=false,candidate,1,23.0,25656930.0,Flat
engine/memory/window_rank/update/16384/domain=8/bytes=264/nulls=true/limit=1/last=false,candidate,2,23.0,25349891.0,Flat
engine/memory/window_rank/update/16384/domain=8/bytes=264/nulls=true/limit=1/last=false,candidate,3,23.0,25204668.0,Flat
engine/memory/window_rank/update/16384/domain=8/bytes=264/nulls=true/limit=1/last=false,candidate,4,23.0,25261972.0,Flat
engine/memory/window_rank/update/16384/domain=8/bytes=264/nulls=true/limit=1/last=false,candidate,5,23.0,25315369.0,Flat
engine/memory/window_rank/update/16384/domain=8/bytes=264/nulls=true/limit=1/last=false,candidate,6,23.0,25157877.0,Flat
engine/memory/window_rank/update/16384/domain=8/bytes=264/nulls=true/limit=1/last=false,candidate,7,23.0,25373986.0,Flat
engine/memory/window_rank/update/16384/domain=8/bytes=264/nulls=true/limit=1/last=false,candidate,8,23.0,25348841.0,Flat
engine/memory/window_rank/update/16384/domain=8/bytes=264/nulls=true/limit=1/last=false,candidate,9,23.0,25305879.0,Flat
engine/memory/window_rank/update/16384/domain=8/bytes=264/nulls=true/limit=1/last=false,candidate,10,23.0,25158770.0,Flat
engine/memory/window_rank/update/16384/domain=8/bytes=264/nulls=true/limit=1/last=false,candidate,11,23.0,25170743.0,Flat
engine/memory/window_rank/update/16384/domain=8/bytes=264/nulls=true/limit=1/last=false,candidate,12,23.0,25332850.0,Flat
engine/memory/window_rank/update/16384/domain=8/bytes=264/nulls=true/limit=1/last=false,candidate,13,23.0,25341155.0,Flat
engine/memory/window_rank/update/16384/domain=8/bytes=264/nulls=true/limit=1/last=false,candidate,14,23.0,25083724.0,Flat
engine/memory/window_rank/update/16384/domain=8/bytes=264/nulls=true/limit=1/last=false,candidate,15,23.0,25554031.0,Flat
engine/memory/window_rank/update/16384/domain=8/bytes=264/nulls=true/limit=1/last=false,candidate,16,23.0,25558780.0,Flat
engine/memory/window_rank/update/16384/domain=8/bytes=264/nulls=true/limit=1/last=false,candidate,17,23.0,25944121.0,Flat
engine/memory/window_rank/update/16384/domain=8/bytes=264/nulls=true/limit=1/last=false,candidate,18,23.0,25260367.0,Flat
engine/memory/window_rank/update/16384/domain=8/bytes=264/nulls=true/limit=1/last=false,candidate,19,23.0,24955911.0,Flat
engine/memory/window_rank/update/16384/domain=8/bytes=264/nulls=true/limit=1/last=false,candidate,20,23.0,25133237.0,Flat
engine/memory/window_rank/update/16384/domain=8/bytes=264/nulls=true/limit=1/last=false,candidate,21,23.0,26048147.0,Flat
engine/memory/window_rank/update/16384/domain=8/bytes=264/nulls=true/limit=1/last=false,candidate,22,23.0,25530697.0,Flat
engine/memory/window_rank/update/16384/domain=8/bytes=264/nulls=true/limit=1/last=false,candidate,23,23.0,25633917.0,Flat
engine/memory/window_rank/update/16384/domain=8/bytes=264/nulls=true/limit=1/last=false,candidate,24,23.0,25085793.0,Flat
engine/memory/window_rank/update/16384/domain=8/bytes=264/nulls=true/limit=1/last=false,candidate,25,23.0,25308728.0,Flat
engine/memory/window_rank/update/16384/domain=8/bytes=264/nulls=true/limit=1/last=false,candidate,26,23.0,25174840.0,Flat
engine/memory/window_rank/update/16384/domain=8/bytes=264/nulls=true/limit=1/last=false,candidate,27,23.0,25497637.0,Flat
engine/memory/window_rank/update/16384/domain=8/bytes=264/nulls=true/limit=1/last=false,candidate,28,23.0,25095124.0,Flat
engine/memory/window_rank/update/16384/domain=8/bytes=264/nulls=true/limit=1/last=false,candidate,29,23.0,25459595.0,Flat
engine/memory/window_rank/update/16384/domain=8/bytes=264/nulls=true/limit=1/last=false,candidate,30,23.0,25155468.0,Flat
engine/memory/window_rank/update/16384/domain=8/bytes=264/nulls=true/limit=1/last=false,candidate,31,23.0,26002472.0,Flat
engine/memory/window_rank/update/16384/domain=8/bytes=264/nulls=true/limit=1/last=false,candidate,32,23.0,25465254.0,Flat
engine/memory/window_rank/update/16384/domain=8/bytes=264/nulls=true/limit=1/last=false,candidate,33,23.0,25930319.0,Flat
engine/memory/window_rank/update/16384/domain=8/bytes=264/nulls=true/limit=1/last=false,candidate,34,23.0,25085103.0,Flat
engine/memory/window_rank/update/16384/domain=8/bytes=264/nulls=true/limit=1/last=false,candidate,35,23.0,25459637.0,Flat
engine/memory/window_rank/update/16384/domain=8/bytes=264/nulls=true/limit=1/last=false,candidate,36,23.0,28016514.0,Flat
engine/memory/window_rank/update/16384/domain=8/bytes=264/nulls=true/limit=1/last=false,candidate,37,23.0,25755384.0,Flat
engine/memory/window_rank/update/16384/domain=8/bytes=264/nulls=true/limit=1/last=false,candidate,38,23.0,26876886.0,Flat
engine/memory/window_rank/update/16384/domain=8/bytes=264/nulls=true/limit=1/last=false,candidate,39,23.0,25241005.0,Flat
engine/memory/window_rank/update/16384/domain=8/bytes=264/nulls=true/limit=1/last=false,candidate,40,23.0,25240600.0,Flat
engine/memory/window_rank/update/16384/domain=8/bytes=264/nulls=true/limit=1/last=false,candidate,41,23.0,25367341.0,Flat
engine/memory/window_rank/update/16384/domain=8/bytes=264/nulls=true/limit=1/last=false,candidate,42,23.0,25429480.0,Flat
engine/memory/window_rank/update/16384/domain=8/bytes=264/nulls=true/limit=1/last=false,candidate,43,23.0,25550781.0,Flat
engine/memory/window_rank/update/16384/domain=8/bytes=264/nulls=true/limit=1/last=false,candidate,44,23.0,25095845.0,Flat
engine/memory/window_rank/update/16384/domain=8/bytes=264/nulls=true/limit=1/last=false,candidate,45,23.0,25163325.0,Flat
engine/memory/window_rank/update/16384/domain=8/bytes=264/nulls=true/limit=1/last=false,candidate,46,23.0,27041399.0,Flat
engine/memory/window_rank/update/16384/domain=8/bytes=264/nulls=true/limit=1/last=false,candidate,47,23.0,25284891.0,Flat
engine/memory/window_rank/update/16384/domain=8/bytes=264/nulls=true/limit=1/last=false,candidate,48,23.0,25232902.0,Flat
engine/memory/window_rank/update/16384/domain=8/bytes=264/nulls=true/limit=1/last=false,candidate,49,23.0,25206804.0,Flat
engine/memory/window_rank/update/16384/domain=8/bytes=264/nulls=true/limit=1/last=false,candidate,50,23.0,25084815.0,Flat
engine/memory/window_rank/update/16384/domain=8/bytes=264/nulls=true/limit=1/last=false,candidate,51,23.0,26321463.0,Flat
engine/memory/window_rank/update/16384/domain=8/bytes=264/nulls=true/limit=1/last=false,candidate,52,23.0,25063740.0,Flat
engine/memory/window_rank/update/16384/domain=8/bytes=264/nulls=true/limit=1/last=false,candidate,53,23.0,25302310.0,Flat
engine/memory/window_rank/update/16384/domain=8/bytes=264/nulls=true/limit=1/last=false,candidate,54,23.0,25242848.0,Flat
engine/memory/window_rank/update/16384/domain=8/bytes=264/nulls=true/limit=1/last=false,candidate,55,23.0,25274649.0,Flat
engine/memory/window_rank/update/16384/domain=8/bytes=264/nulls=true/limit=1/last=false,candidate,56,23.0,25170676.0,Flat
engine/memory/window_rank/update/16384/domain=8/bytes=264/nulls=true/limit=1/last=false,candidate,57,23.0,25203293.0,Flat
engine/memory/window_rank/update/16384/domain=8/bytes=264/nulls=true/limit=1/last=false,candidate,58,23.0,25292467.0,Flat
engine/memory/window_rank/update/16384/domain=8/bytes=264/nulls=true/limit=1/last=false,candidate,59,23.0,25044097.0,Flat
engine/memory/window_rank/update/16384/domain=8/bytes=264/nulls=true/limit=1/last=false,candidate,60,23.0,24986774.0,Flat
engine/memory/window_rank/update/16384/domain=8/bytes=264/nulls=true/limit=1/last=false,candidate,61,23.0,25385906.0,Flat
engine/memory/window_rank/update/16384/domain=8/bytes=264/nulls=true/limit=1/last=false,candidate,62,23.0,25689207.0,Flat
engine/memory/window_rank/update/16384/domain=8/bytes=264/nulls=true/limit=1/last=false,candidate,63,23.0,25329054.0,Flat
engine/memory/window_rank/update/16384/domain=8/bytes=264/nulls=true/limit=1/last=false,candidate,64,23.0,25574821.0,Flat
engine/memory/window_rank/update/16384/domain=8/bytes=264/nulls=true/limit=1/last=false,candidate,65,23.0,25119901.0,Flat
engine/memory/window_rank/update/16384/domain=8/bytes=264/nulls=true/limit=1/last=false,candidate,66,23.0,25671693.0,Flat
engine/memory/window_rank/update/16384/domain=8/bytes=264/nulls=true/limit=1/last=false,candidate,67,23.0,25299061.0,Flat
engine/memory/window_rank/update/16384/domain=8/bytes=264/nulls=true/limit=1/last=false,candidate,68,23.0,25360672.0,Flat
engine/memory/window_rank/update/16384/domain=8/bytes=264/nulls=true/limit=1/last=false,candidate,69,23.0,25147490.0,Flat
engine/memory/window_rank/update/16384/domain=8/bytes=264/nulls=true/limit=1/last=false,candidate,70,23.0,25241773.0,Flat
engine/memory/window_rank/update/16384/domain=8/bytes=264/nulls=true/limit=1/last=false,candidate,71,23.0,25452029.0,Flat
engine/memory/window_rank/update/16384/domain=8/bytes=264/nulls=true/limit=1/last=false,candidate,72,23.0,25323691.0,Flat
engine/memory/window_rank/update/16384/domain=8/bytes=264/nulls=true/limit=1/last=false,candidate,73,23.0,25368994.0,Flat
engine/memory/window_rank/update/16384/domain=8/bytes=264/nulls=true/limit=1/last=false,candidate,74,23.0,26211150.0,Flat
engine/memory/window_rank/update/16384/domain=8/bytes=264/nulls=true/limit=1/last=false,candidate,75,23.0,25039171.0,Flat
engine/memory/window_rank/update/16384/domain=8/bytes=264/nulls=true/limit=1/last=false,candidate,76,23.0,25132177.0,Flat
engine/memory/window_rank/update/16384/domain=8/bytes=264/nulls=true/limit=1/last=false,candidate,77,23.0,25154805.0,Flat
engine/memory/window_rank/update/16384/domain=8/bytes=264/nulls=true/limit=1/last=false,candidate,78,23.0,26010979.0,Flat
engine/memory/window_rank/update/16384/domain=8/bytes=264/nulls=true/limit=1/last=false,candidate,79,23.0,24969817.0,Flat
engine/memory/window_rank/update/16384/domain=8/bytes=264/nulls=true/limit=1/last=false,candidate,80,23.0,25284710.0,Flat
engine/memory/window_rank/update/16384/domain=8/bytes=264/nulls=true/limit=1/last=false,candidate,81,23.0,25237434.0,Flat
engine/memory/window_rank/update/16384/domain=8/bytes=264/nulls=true/limit=1/last=false,candidate,82,23.0,25229454.0,Flat
engine/memory/window_rank/update/16384/domain=8/bytes=264/nulls=true/limit=1/last=false,candidate,83,23.0,25386332.0,Flat
engine/memory/window_rank/update/16384/domain=8/bytes=264/nulls=true/limit=1/last=false,candidate,84,23.0,25041893.0,Flat
engine/memory/window_rank/update/16384/domain=8/bytes=264/nulls=true/limit=1/last=false,candidate,85,23.0,25086568.0,Flat
engine/memory/window_rank/update/16384/domain=8/bytes=264/nulls=true/limit=1/last=false,candidate,86,23.0,25018424.0,Flat
engine/memory/window_rank/update/16384/domain=8/bytes=264/nulls=true/limit=1/last=false,candidate,87,23.0,25351235.0,Flat
engine/memory/window_rank/update/16384/domain=8/bytes=264/nulls=true/limit=1/last=false,candidate,88,23.0,25283283.0,Flat
engine/memory/window_rank/update/16384/domain=8/bytes=264/nulls=true/limit=1/last=false,candidate,89,23.0,25208083.0,Flat
engine/memory/window_rank/update/16384/domain=8/bytes=264/nulls=true/limit=1/last=false,candidate,90,23.0,25512285.0,Flat
engine/memory/window_rank/update/16384/domain=8/bytes=264/nulls=true/limit=1/last=false,candidate,91,23.0,25718605.0,Flat
engine/memory/window_rank/update/16384/domain=8/bytes=264/nulls=true/limit=1/last=false,candidate,92,23.0,25117502.0,Flat
engine/memory/window_rank/update/16384/domain=8/bytes=264/nulls=true/limit=1/last=false,candidate,93,23.0,25431293.0,Flat
engine/memory/window_rank/update/16384/domain=8/bytes=264/nulls=true/limit=1/last=false,candidate,94,23.0,25589383.0,Flat
engine/memory/window_rank/update/16384/domain=8/bytes=264/nulls=true/limit=1/last=false,candidate,95,23.0,26465061.0,Flat
engine/memory/window_rank/update/16384/domain=8/bytes=264/nulls=true/limit=1/last=false,candidate,96,23.0,25117827.0,Flat
engine/memory/window_rank/update/16384/domain=8/bytes=264/nulls=true/limit=1/last=false,candidate,97,23.0,26082772.0,Flat
engine/memory/window_rank/update/16384/domain=8/bytes=264/nulls=true/limit=1/last=false,candidate,98,23.0,25515103.0,Flat
engine/memory/window_rank/update/16384/domain=8/bytes=264/nulls=true/limit=1/last=false,candidate,99,23.0,25094976.0,Flat
engine/memory/window_rank/update/16384/domain=8/bytes=8/nulls=false/limit=1/last=false,original,0,12.0,26675355.0,Flat
engine/memory/window_rank/update/16384/domain=8/bytes=8/nulls=false/limit=1/last=false,original,1,12.0,26913831.0,Flat
engine/memory/window_rank/update/16384/domain=8/bytes=8/nulls=false/limit=1/last=false,original,2,12.0,26748174.0,Flat
engine/memory/window_rank/update/16384/domain=8/bytes=8/nulls=false/limit=1/last=false,original,3,12.0,26445496.0,Flat
engine/memory/window_rank/update/16384/domain=8/bytes=8/nulls=false/limit=1/last=false,original,4,12.0,26730608.0,Flat
engine/memory/window_rank/update/16384/domain=8/bytes=8/nulls=false/limit=1/last=false,original,5,12.0,26939346.0,Flat
engine/memory/window_rank/update/16384/domain=8/bytes=8/nulls=false/limit=1/last=false,original,6,12.0,26620674.0,Flat
engine/memory/window_rank/update/16384/domain=8/bytes=8/nulls=false/limit=1/last=false,original,7,12.0,26817499.0,Flat
engine/memory/window_rank/update/16384/domain=8/bytes=8/nulls=false/limit=1/last=false,original,8,12.0,26581914.0,Flat
engine/memory/window_rank/update/16384/domain=8/bytes=8/nulls=false/limit=1/last=false,original,9,12.0,27103446.0,Flat
engine/memory/window_rank/update/16384/domain=8/bytes=8/nulls=false/limit=1/last=false,original,10,12.0,27063022.0,Flat
engine/memory/window_rank/update/16384/domain=8/bytes=8/nulls=false/limit=1/last=false,original,11,12.0,26910606.0,Flat
engine/memory/window_rank/update/16384/domain=8/bytes=8/nulls=false/limit=1/last=false,original,12,12.0,26988403.0,Flat
engine/memory/window_rank/update/16384/domain=8/bytes=8/nulls=false/limit=1/last=false,original,13,12.0,26722945.0,Flat
engine/memory/window_rank/update/16384/domain=8/bytes=8/nulls=false/limit=1/last=false,original,14,12.0,26926829.0,Flat
engine/memory/window_rank/update/16384/domain=8/bytes=8/nulls=false/limit=1/last=false,original,15,12.0,26716065.0,Flat
engine/memory/window_rank/update/16384/domain=8/bytes=8/nulls=false/limit=1/last=false,original,16,12.0,27019480.0,Flat
engine/memory/window_rank/update/16384/domain=8/bytes=8/nulls=false/limit=1/last=false,original,17,12.0,26573336.0,Flat
engine/memory/window_rank/update/16384/domain=8/bytes=8/nulls=false/limit=1/last=false,original,18,12.0,26669110.0,Flat
engine/memory/window_rank/update/16384/domain=8/bytes=8/nulls=false/limit=1/last=false,original,19,12.0,27081373.0,Flat
engine/memory/window_rank/update/16384/domain=8/bytes=8/nulls=false/limit=1/last=false,original,20,12.0,26997348.0,Flat
engine/memory/window_rank/update/16384/domain=8/bytes=8/nulls=false/limit=1/last=false,original,21,12.0,27236365.0,Flat
engine/memory/window_rank/update/16384/domain=8/bytes=8/nulls=false/limit=1/last=false,original,22,12.0,26702291.0,Flat
engine/memory/window_rank/update/16384/domain=8/bytes=8/nulls=false/limit=1/last=false,original,23,12.0,26561451.0,Flat
engine/memory/window_rank/update/16384/domain=8/bytes=8/nulls=false/limit=1/last=false,original,24,12.0,26812136.0,Flat
engine/memory/window_rank/update/16384/domain=8/bytes=8/nulls=false/limit=1/last=false,original,25,12.0,26500191.0,Flat
engine/memory/window_rank/update/16384/domain=8/bytes=8/nulls=false/limit=1/last=false,original,26,12.0,26770467.0,Flat
engine/memory/window_rank/update/16384/domain=8/bytes=8/nulls=false/limit=1/last=false,original,27,12.0,26586917.0,Flat
engine/memory/window_rank/update/16384/domain=8/bytes=8/nulls=false/limit=1/last=false,original,28,12.0,28457387.0,Flat
engine/memory/window_rank/update/16384/domain=8/bytes=8/nulls=false/limit=1/last=false,original,29,12.0,26699496.0,Flat
engine/memory/window_rank/update/16384/domain=8/bytes=8/nulls=false/limit=1/last=false,original,30,12.0,27182454.0,Flat
engine/memory/window_rank/update/16384/domain=8/bytes=8/nulls=false/limit=1/last=false,original,31,12.0,27102166.0,Flat
engine/memory/window_rank/update/16384/domain=8/bytes=8/nulls=false/limit=1/last=false,original,32,12.0,26946168.0,Flat
engine/memory/window_rank/update/16384/domain=8/bytes=8/nulls=false/limit=1/last=false,original,33,12.0,26454713.0,Flat
engine/memory/window_rank/update/16384/domain=8/bytes=8/nulls=false/limit=1/last=false,original,34,12.0,26486615.0,Flat
engine/memory/window_rank/update/16384/domain=8/bytes=8/nulls=false/limit=1/last=false,original,35,12.0,27116977.0,Flat
engine/memory/window_rank/update/16384/domain=8/bytes=8/nulls=false/limit=1/last=false,original,36,12.0,26868376.0,Flat
engine/memory/window_rank/update/16384/domain=8/bytes=8/nulls=false/limit=1/last=false,original,37,12.0,27282690.0,Flat
engine/memory/window_rank/update/16384/domain=8/bytes=8/nulls=false/limit=1/last=false,original,38,12.0,26878409.0,Flat
engine/memory/window_rank/update/16384/domain=8/bytes=8/nulls=false/limit=1/last=false,original,39,12.0,26780010.0,Flat
engine/memory/window_rank/update/16384/domain=8/bytes=8/nulls=false/limit=1/last=false,original,40,12.0,26628413.0,Flat
engine/memory/window_rank/update/16384/domain=8/bytes=8/nulls=false/limit=1/last=false,original,41,12.0,26616735.0,Flat
engine/memory/window_rank/update/16384/domain=8/bytes=8/nulls=false/limit=1/last=false,original,42,12.0,26560037.0,Flat
engine/memory/window_rank/update/16384/domain=8/bytes=8/nulls=false/limit=1/last=false,original,43,12.0,26471103.0,Flat
engine/memory/window_rank/update/16384/domain=8/bytes=8/nulls=false/limit=1/last=false,original,44,12.0,27031427.0,Flat
engine/memory/window_rank/update/16384/domain=8/bytes=8/nulls=false/limit=1/last=false,original,45,12.0,26483398.0,Flat
engine/memory/window_rank/update/16384/domain=8/bytes=8/nulls=false/limit=1/last=false,original,46,12.0,27197407.0,Flat
engine/memory/window_rank/update/16384/domain=8/bytes=8/nulls=false/limit=1/last=false,original,47,12.0,26836536.0,Flat
engine/memory/window_rank/update/16384/domain=8/bytes=8/nulls=false/limit=1/last=false,original,48,12.0,26658922.0,Flat
engine/memory/window_rank/update/16384/domain=8/bytes=8/nulls=false/limit=1/last=false,original,49,12.0,27158614.0,Flat
engine/memory/window_rank/update/16384/domain=8/bytes=8/nulls=false/limit=1/last=false,original,50,12.0,26821369.0,Flat
engine/memory/window_rank/update/16384/domain=8/bytes=8/nulls=false/limit=1/last=false,original,51,12.0,26337795.0,Flat
engine/memory/window_rank/update/16384/domain=8/bytes=8/nulls=false/limit=1/last=false,original,52,12.0,26605520.0,Flat
engine/memory/window_rank/update/16384/domain=8/bytes=8/nulls=false/limit=1/last=false,original,53,12.0,26555804.0,Flat
engine/memory/window_rank/update/16384/domain=8/bytes=8/nulls=false/limit=1/last=false,original,54,12.0,28460253.0,Flat
engine/memory/window_rank/update/16384/domain=8/bytes=8/nulls=false/limit=1/last=false,original,55,12.0,26662789.0,Flat
engine/memory/window_rank/update/16384/domain=8/bytes=8/nulls=false/limit=1/last=false,original,56,12.0,26422949.0,Flat
engine/memory/window_rank/update/16384/domain=8/bytes=8/nulls=false/limit=1/last=false,original,57,12.0,27230079.0,Flat
engine/memory/window_rank/update/16384/domain=8/bytes=8/nulls=false/limit=1/last=false,original,58,12.0,26955367.0,Flat
engine/memory/window_rank/update/16384/domain=8/bytes=8/nulls=false/limit=1/last=false,original,59,12.0,26560687.0,Flat
engine/memory/window_rank/update/16384/domain=8/bytes=8/nulls=false/limit=1/last=false,original,60,12.0,26684666.0,Flat
engine/memory/window_rank/update/16384/domain=8/bytes=8/nulls=false/limit=1/last=false,original,61,12.0,26532363.0,Flat
engine/memory/window_rank/update/16384/domain=8/bytes=8/nulls=false/limit=1/last=false,original,62,12.0,26462518.0,Flat
engine/memory/window_rank/update/16384/domain=8/bytes=8/nulls=false/limit=1/last=false,original,63,12.0,26609318.0,Flat
engine/memory/window_rank/update/16384/domain=8/bytes=8/nulls=false/limit=1/last=false,original,64,12.0,26882025.0,Flat
engine/memory/window_rank/update/16384/domain=8/bytes=8/nulls=false/limit=1/last=false,original,65,12.0,26639996.0,Flat
engine/memory/window_rank/update/16384/domain=8/bytes=8/nulls=false/limit=1/last=false,original,66,12.0,26988178.0,Flat
engine/memory/window_rank/update/16384/domain=8/bytes=8/nulls=false/limit=1/last=false,original,67,12.0,26546951.0,Flat
engine/memory/window_rank/update/16384/domain=8/bytes=8/nulls=false/limit=1/last=false,original,68,12.0,26534891.0,Flat
engine/memory/window_rank/update/16384/domain=8/bytes=8/nulls=false/limit=1/last=false,original,69,12.0,26420444.0,Flat
engine/memory/window_rank/update/16384/domain=8/bytes=8/nulls=false/limit=1/last=false,original,70,12.0,27520158.0,Flat
engine/memory/window_rank/update/16384/domain=8/bytes=8/nulls=false/limit=1/last=false,original,71,12.0,26655991.0,Flat
engine/memory/window_rank/update/16384/domain=8/bytes=8/nulls=false/limit=1/last=false,original,72,12.0,26739311.0,Flat
engine/memory/window_rank/update/16384/domain=8/bytes=8/nulls=false/limit=1/last=false,original,73,12.0,26681906.0,Flat
engine/memory/window_rank/update/16384/domain=8/bytes=8/nulls=false/limit=1/last=false,original,74,12.0,26902430.0,Flat
engine/memory/window_rank/update/16384/domain=8/bytes=8/nulls=false/limit=1/last=false,original,75,12.0,26807679.0,Flat
engine/memory/window_rank/update/16384/domain=8/bytes=8/nulls=false/limit=1/last=false,original,76,12.0,27364463.0,Flat
engine/memory/window_rank/update/16384/domain=8/bytes=8/nulls=false/limit=1/last=false,original,77,12.0,26775649.0,Flat
engine/memory/window_rank/update/16384/domain=8/bytes=8/nulls=false/limit=1/last=false,original,78,12.0,26381823.0,Flat
engine/memory/window_rank/update/16384/domain=8/bytes=8/nulls=false/limit=1/last=false,original,79,12.0,26925988.0,Flat
engine/memory/window_rank/update/16384/domain=8/bytes=8/nulls=false/limit=1/last=false,original,80,12.0,26851322.0,Flat
engine/memory/window_rank/update/16384/domain=8/bytes=8/nulls=false/limit=1/last=false,original,81,12.0,27689507.0,Flat
engine/memory/window_rank/update/16384/domain=8/bytes=8/nulls=false/limit=1/last=false,original,82,12.0,26742244.0,Flat
engine/memory/window_rank/update/16384/domain=8/bytes=8/nulls=false/limit=1/last=false,original,83,12.0,27085405.0,Flat
engine/memory/window_rank/update/16384/domain=8/bytes=8/nulls=false/limit=1/last=false,original,84,12.0,26548860.0,Flat
engine/memory/window_rank/update/16384/domain=8/bytes=8/nulls=false/limit=1/last=false,original,85,12.0,26633277.0,Flat
engine/memory/window_rank/update/16384/domain=8/bytes=8/nulls=false/limit=1/last=false,original,86,12.0,27016378.0,Flat
engine/memory/window_rank/update/16384/domain=8/bytes=8/nulls=false/limit=1/last=false,original,87,12.0,27053390.0,Flat
engine/memory/window_rank/update/16384/domain=8/bytes=8/nulls=false/limit=1/last=false,original,88,12.0,27102826.0,Flat
engine/memory/window_rank/update/16384/domain=8/bytes=8/nulls=false/limit=1/last=false,original,89,12.0,26942877.0,Flat
engine/memory/window_rank/update/16384/domain=8/bytes=8/nulls=false/limit=1/last=false,original,90,12.0,27178834.0,Flat
engine/memory/window_rank/update/16384/domain=8/bytes=8/nulls=false/limit=1/last=false,original,91,12.0,26814027.0,Flat
engine/memory/window_rank/update/16384/domain=8/bytes=8/nulls=false/limit=1/last=false,original,92,12.0,27026045.0,Flat
engine/memory/window_rank/update/16384/domain=8/bytes=8/nulls=false/limit=1/last=false,original,93,12.0,26526795.0,Flat
engine/memory/window_rank/update/16384/domain=8/bytes=8/nulls=false/limit=1/last=false,original,94,12.0,26973024.0,Flat
engine/memory/window_rank/update/16384/domain=8/bytes=8/nulls=false/limit=1/last=false,original,95,12.0,26769083.0,Flat
engine/memory/window_rank/update/16384/domain=8/bytes=8/nulls=false/limit=1/last=false,original,96,12.0,27268864.0,Flat
engine/memory/window_rank/update/16384/domain=8/bytes=8/nulls=false/limit=1/last=false,original,97,12.0,26934989.0,Flat
engine/memory/window_rank/update/16384/domain=8/bytes=8/nulls=false/limit=1/last=false,original,98,12.0,27102929.0,Flat
engine/memory/window_rank/update/16384/domain=8/bytes=8/nulls=false/limit=1/last=false,original,99,12.0,26752692.0,Flat
engine/memory/window_rank/update/16384/domain=8/bytes=8/nulls=false/limit=1/last=false,candidate,0,23.0,25856151.0,Flat
engine/memory/window_rank/update/16384/domain=8/bytes=8/nulls=false/limit=1/last=false,candidate,1,23.0,26014792.0,Flat
engine/memory/window_rank/update/16384/domain=8/bytes=8/nulls=false/limit=1/last=false,candidate,2,23.0,25653960.0,Flat
engine/memory/window_rank/update/16384/domain=8/bytes=8/nulls=false/limit=1/last=false,candidate,3,23.0,25370637.0,Flat
engine/memory/window_rank/update/16384/domain=8/bytes=8/nulls=false/limit=1/last=false,candidate,4,23.0,25696480.0,Flat
engine/memory/window_rank/update/16384/domain=8/bytes=8/nulls=false/limit=1/last=false,candidate,5,23.0,25914663.0,Flat
engine/memory/window_rank/update/16384/domain=8/bytes=8/nulls=false/limit=1/last=false,candidate,6,23.0,25424299.0,Flat
engine/memory/window_rank/update/16384/domain=8/bytes=8/nulls=false/limit=1/last=false,candidate,7,23.0,26251622.0,Flat
engine/memory/window_rank/update/16384/domain=8/bytes=8/nulls=false/limit=1/last=false,candidate,8,23.0,26030386.0,Flat
engine/memory/window_rank/update/16384/domain=8/bytes=8/nulls=false/limit=1/last=false,candidate,9,23.0,26231348.0,Flat
engine/memory/window_rank/update/16384/domain=8/bytes=8/nulls=false/limit=1/last=false,candidate,10,23.0,25580420.0,Flat
engine/memory/window_rank/update/16384/domain=8/bytes=8/nulls=false/limit=1/last=false,candidate,11,23.0,25994599.0,Flat
engine/memory/window_rank/update/16384/domain=8/bytes=8/nulls=false/limit=1/last=false,candidate,12,23.0,25858196.0,Flat
engine/memory/window_rank/update/16384/domain=8/bytes=8/nulls=false/limit=1/last=false,candidate,13,23.0,25778130.0,Flat
engine/memory/window_rank/update/16384/domain=8/bytes=8/nulls=false/limit=1/last=false,candidate,14,23.0,25788930.0,Flat
engine/memory/window_rank/update/16384/domain=8/bytes=8/nulls=false/limit=1/last=false,candidate,15,23.0,25646962.0,Flat
engine/memory/window_rank/update/16384/domain=8/bytes=8/nulls=false/limit=1/last=false,candidate,16,23.0,26019015.0,Flat
engine/memory/window_rank/update/16384/domain=8/bytes=8/nulls=false/limit=1/last=false,candidate,17,23.0,25905524.0,Flat
engine/memory/window_rank/update/16384/domain=8/bytes=8/nulls=false/limit=1/last=false,candidate,18,23.0,25461503.0,Flat
engine/memory/window_rank/update/16384/domain=8/bytes=8/nulls=false/limit=1/last=false,candidate,19,23.0,25710451.0,Flat
engine/memory/window_rank/update/16384/domain=8/bytes=8/nulls=false/limit=1/last=false,candidate,20,23.0,25562391.0,Flat
engine/memory/window_rank/update/16384/domain=8/bytes=8/nulls=false/limit=1/last=false,candidate,21,23.0,25550457.0,Flat
engine/memory/window_rank/update/16384/domain=8/bytes=8/nulls=false/limit=1/last=false,candidate,22,23.0,25319133.0,Flat
engine/memory/window_rank/update/16384/domain=8/bytes=8/nulls=false/limit=1/last=false,candidate,23,23.0,25937936.0,Flat
engine/memory/window_rank/update/16384/domain=8/bytes=8/nulls=false/limit=1/last=false,candidate,24,23.0,25350034.0,Flat
engine/memory/window_rank/update/16384/domain=8/bytes=8/nulls=false/limit=1/last=false,candidate,25,23.0,27569580.0,Flat
engine/memory/window_rank/update/16384/domain=8/bytes=8/nulls=false/limit=1/last=false,candidate,26,23.0,25642175.0,Flat
engine/memory/window_rank/update/16384/domain=8/bytes=8/nulls=false/limit=1/last=false,candidate,27,23.0,25887039.0,Flat
engine/memory/window_rank/update/16384/domain=8/bytes=8/nulls=false/limit=1/last=false,candidate,28,23.0,25534806.0,Flat
engine/memory/window_rank/update/16384/domain=8/bytes=8/nulls=false/limit=1/last=false,candidate,29,23.0,25498001.0,Flat
engine/memory/window_rank/update/16384/domain=8/bytes=8/nulls=false/limit=1/last=false,candidate,30,23.0,25415887.0,Flat
engine/memory/window_rank/update/16384/domain=8/bytes=8/nulls=false/limit=1/last=false,candidate,31,23.0,25454423.0,Flat
engine/memory/window_rank/update/16384/domain=8/bytes=8/nulls=false/limit=1/last=false,candidate,32,23.0,25807513.0,Flat
engine/memory/window_rank/update/16384/domain=8/bytes=8/nulls=false/limit=1/last=false,candidate,33,23.0,25447163.0,Flat
engine/memory/window_rank/update/16384/domain=8/bytes=8/nulls=false/limit=1/last=false,candidate,34,23.0,25461351.0,Flat
engine/memory/window_rank/update/16384/domain=8/bytes=8/nulls=false/limit=1/last=false,candidate,35,23.0,26201780.0,Flat
engine/memory/window_rank/update/16384/domain=8/bytes=8/nulls=false/limit=1/last=false,candidate,36,23.0,25557158.0,Flat
engine/memory/window_rank/update/16384/domain=8/bytes=8/nulls=false/limit=1/last=false,candidate,37,23.0,25453643.0,Flat
engine/memory/window_rank/update/16384/domain=8/bytes=8/nulls=false/limit=1/last=false,candidate,38,23.0,25476656.0,Flat
engine/memory/window_rank/update/16384/domain=8/bytes=8/nulls=false/limit=1/last=false,candidate,39,23.0,25915494.0,Flat
engine/memory/window_rank/update/16384/domain=8/bytes=8/nulls=false/limit=1/last=false,candidate,40,23.0,25452448.0,Flat
engine/memory/window_rank/update/16384/domain=8/bytes=8/nulls=false/limit=1/last=false,candidate,41,23.0,25614353.0,Flat
engine/memory/window_rank/update/16384/domain=8/bytes=8/nulls=false/limit=1/last=false,candidate,42,23.0,25557961.0,Flat
engine/memory/window_rank/update/16384/domain=8/bytes=8/nulls=false/limit=1/last=false,candidate,43,23.0,25444176.0,Flat
engine/memory/window_rank/update/16384/domain=8/bytes=8/nulls=false/limit=1/last=false,candidate,44,23.0,25545247.0,Flat
engine/memory/window_rank/update/16384/domain=8/bytes=8/nulls=false/limit=1/last=false,candidate,45,23.0,25535767.0,Flat
engine/memory/window_rank/update/16384/domain=8/bytes=8/nulls=false/limit=1/last=false,candidate,46,23.0,25522296.0,Flat
engine/memory/window_rank/update/16384/domain=8/bytes=8/nulls=false/limit=1/last=false,candidate,47,23.0,26310603.0,Flat
engine/memory/window_rank/update/16384/domain=8/bytes=8/nulls=false/limit=1/last=false,candidate,48,23.0,25694574.0,Flat
engine/memory/window_rank/update/16384/domain=8/bytes=8/nulls=false/limit=1/last=false,candidate,49,23.0,25601940.0,Flat
engine/memory/window_rank/update/16384/domain=8/bytes=8/nulls=false/limit=1/last=false,candidate,50,23.0,26167997.0,Flat
engine/memory/window_rank/update/16384/domain=8/bytes=8/nulls=false/limit=1/last=false,candidate,51,23.0,25371077.0,Flat
engine/memory/window_rank/update/16384/domain=8/bytes=8/nulls=false/limit=1/last=false,candidate,52,23.0,26113278.0,Flat
engine/memory/window_rank/update/16384/domain=8/bytes=8/nulls=false/limit=1/last=false,candidate,53,23.0,25380523.0,Flat
engine/memory/window_rank/update/16384/domain=8/bytes=8/nulls=false/limit=1/last=false,candidate,54,23.0,25654978.0,Flat
engine/memory/window_rank/update/16384/domain=8/bytes=8/nulls=false/limit=1/last=false,candidate,55,23.0,25391383.0,Flat
engine/memory/window_rank/update/16384/domain=8/bytes=8/nulls=false/limit=1/last=false,candidate,56,23.0,25888657.0,Flat
engine/memory/window_rank/update/16384/domain=8/bytes=8/nulls=false/limit=1/last=false,candidate,57,23.0,25412826.0,Flat
engine/memory/window_rank/update/16384/domain=8/bytes=8/nulls=false/limit=1/last=false,candidate,58,23.0,26205911.0,Flat
engine/memory/window_rank/update/16384/domain=8/bytes=8/nulls=false/limit=1/last=false,candidate,59,23.0,25829188.0,Flat
engine/memory/window_rank/update/16384/domain=8/bytes=8/nulls=false/limit=1/last=false,candidate,60,23.0,25717335.0,Flat
engine/memory/window_rank/update/16384/domain=8/bytes=8/nulls=false/limit=1/last=false,candidate,61,23.0,25339979.0,Flat
engine/memory/window_rank/update/16384/domain=8/bytes=8/nulls=false/limit=1/last=false,candidate,62,23.0,25983302.0,Flat
engine/memory/window_rank/update/16384/domain=8/bytes=8/nulls=false/limit=1/last=false,candidate,63,23.0,25583208.0,Flat
engine/memory/window_rank/update/16384/domain=8/bytes=8/nulls=false/limit=1/last=false,candidate,64,23.0,25579251.0,Flat
engine/memory/window_rank/update/16384/domain=8/bytes=8/nulls=false/limit=1/last=false,candidate,65,23.0,26426255.0,Flat
engine/memory/window_rank/update/16384/domain=8/bytes=8/nulls=false/limit=1/last=false,candidate,66,23.0,25630730.0,Flat
engine/memory/window_rank/update/16384/domain=8/bytes=8/nulls=false/limit=1/last=false,candidate,67,23.0,25451691.0,Flat
engine/memory/window_rank/update/16384/domain=8/bytes=8/nulls=false/limit=1/last=false,candidate,68,23.0,25450484.0,Flat
engine/memory/window_rank/update/16384/domain=8/bytes=8/nulls=false/limit=1/last=false,candidate,69,23.0,25656164.0,Flat
engine/memory/window_rank/update/16384/domain=8/bytes=8/nulls=false/limit=1/last=false,candidate,70,23.0,25496450.0,Flat
engine/memory/window_rank/update/16384/domain=8/bytes=8/nulls=false/limit=1/last=false,candidate,71,23.0,25762611.0,Flat
engine/memory/window_rank/update/16384/domain=8/bytes=8/nulls=false/limit=1/last=false,candidate,72,23.0,25522184.0,Flat
engine/memory/window_rank/update/16384/domain=8/bytes=8/nulls=false/limit=1/last=false,candidate,73,23.0,25947317.0,Flat
engine/memory/window_rank/update/16384/domain=8/bytes=8/nulls=false/limit=1/last=false,candidate,74,23.0,26023742.0,Flat
engine/memory/window_rank/update/16384/domain=8/bytes=8/nulls=false/limit=1/last=false,candidate,75,23.0,25654091.0,Flat
engine/memory/window_rank/update/16384/domain=8/bytes=8/nulls=false/limit=1/last=false,candidate,76,23.0,27479625.0,Flat
engine/memory/window_rank/update/16384/domain=8/bytes=8/nulls=false/limit=1/last=false,candidate,77,23.0,26725139.0,Flat
engine/memory/window_rank/update/16384/domain=8/bytes=8/nulls=false/limit=1/last=false,candidate,78,23.0,25661561.0,Flat
engine/memory/window_rank/update/16384/domain=8/bytes=8/nulls=false/limit=1/last=false,candidate,79,23.0,26244985.0,Flat
engine/memory/window_rank/update/16384/domain=8/bytes=8/nulls=false/limit=1/last=false,candidate,80,23.0,25689121.0,Flat
engine/memory/window_rank/update/16384/domain=8/bytes=8/nulls=false/limit=1/last=false,candidate,81,23.0,25541083.0,Flat
engine/memory/window_rank/update/16384/domain=8/bytes=8/nulls=false/limit=1/last=false,candidate,82,23.0,25350341.0,Flat
engine/memory/window_rank/update/16384/domain=8/bytes=8/nulls=false/limit=1/last=false,candidate,83,23.0,25690441.0,Flat
engine/memory/window_rank/update/16384/domain=8/bytes=8/nulls=false/limit=1/last=false,candidate,84,23.0,25893972.0,Flat
engine/memory/window_rank/update/16384/domain=8/bytes=8/nulls=false/limit=1/last=false,candidate,85,23.0,27680577.0,Flat
engine/memory/window_rank/update/16384/domain=8/bytes=8/nulls=false/limit=1/last=false,candidate,86,23.0,25752750.0,Flat
engine/memory/window_rank/update/16384/domain=8/bytes=8/nulls=false/limit=1/last=false,candidate,87,23.0,25771525.0,Flat
engine/memory/window_rank/update/16384/domain=8/bytes=8/nulls=false/limit=1/last=false,candidate,88,23.0,25929429.0,Flat
engine/memory/window_rank/update/16384/domain=8/bytes=8/nulls=false/limit=1/last=false,candidate,89,23.0,25668720.0,Flat
engine/memory/window_rank/update/16384/domain=8/bytes=8/nulls=false/limit=1/last=false,candidate,90,23.0,25447634.0,Flat
engine/memory/window_rank/update/16384/domain=8/bytes=8/nulls=false/limit=1/last=false,candidate,91,23.0,26635879.0,Flat
engine/memory/window_rank/update/16384/domain=8/bytes=8/nulls=false/limit=1/last=false,candidate,92,23.0,25910949.0,Flat
engine/memory/window_rank/update/16384/domain=8/bytes=8/nulls=false/limit=1/last=false,candidate,93,23.0,25855293.0,Flat
engine/memory/window_rank/update/16384/domain=8/bytes=8/nulls=false/limit=1/last=false,candidate,94,23.0,25451176.0,Flat
engine/memory/window_rank/update/16384/domain=8/bytes=8/nulls=false/limit=1/last=false,candidate,95,23.0,25885982.0,Flat
engine/memory/window_rank/update/16384/domain=8/bytes=8/nulls=false/limit=1/last=false,candidate,96,23.0,25628243.0,Flat
engine/memory/window_rank/update/16384/domain=8/bytes=8/nulls=false/limit=1/last=false,candidate,97,23.0,26270467.0,Flat
engine/memory/window_rank/update/16384/domain=8/bytes=8/nulls=false/limit=1/last=false,candidate,98,23.0,25804806.0,Flat
engine/memory/window_rank/update/16384/domain=8/bytes=8/nulls=false/limit=1/last=false,candidate,99,23.0,26129965.0,Flat
